ISO-10303-21;
HEADER;
FILE_DESCRIPTION(('KiCad electronic assembly'),'2;1');
FILE_NAME('SnoreSense_Display_PCB_v1.step','2026-02-11T15:56:03',(
    'Pcbnew'),('Kicad'),'Open CASCADE STEP processor 7.8',
  'KiCad to STEP converter','Unknown');
FILE_SCHEMA(('AUTOMOTIVE_DESIGN { 1 0 10303 214 1 1 1 1 }'));
ENDSEC;
DATA;
#1 = APPLICATION_PROTOCOL_DEFINITION('international standard',
  'automotive_design',2000,#2);
#2 = APPLICATION_CONTEXT(
  'core data for automotive mechanical design processes');
#3 = SHAPE_DEFINITION_REPRESENTATION(#4,#10);
#4 = PRODUCT_DEFINITION_SHAPE('','',#5);
#5 = PRODUCT_DEFINITION('design','',#6,#9);
#6 = PRODUCT_DEFINITION_FORMATION('','',#7);
#7 = PRODUCT('SnoreSense_Display_PCB_v1 1','SnoreSense_Display_PCB_v1 1'
  ,'',(#8));
#8 = PRODUCT_CONTEXT('',#2,'mechanical');
#9 = PRODUCT_DEFINITION_CONTEXT('part definition',#2,'design');
#10 = SHAPE_REPRESENTATION('',(#11,#15,#19,#23,#27,#31,#35,#39,#43),#47
  );
#11 = AXIS2_PLACEMENT_3D('',#12,#13,#14);
#12 = CARTESIAN_POINT('',(0.,0.,0.));
#13 = DIRECTION('',(0.,0.,1.));
#14 = DIRECTION('',(1.,0.,-0.));
#15 = AXIS2_PLACEMENT_3D('',#16,#17,#18);
#16 = CARTESIAN_POINT('',(143.5,-84.95,1.595));
#17 = DIRECTION('',(0.,-0.,1.));
#18 = DIRECTION('',(1.110223024625E-16,1.,0.));
#19 = AXIS2_PLACEMENT_3D('',#20,#21,#22);
#20 = CARTESIAN_POINT('',(114.5,-93.,1.595));
#21 = DIRECTION('',(-0.,0.,1.));
#22 = DIRECTION('',(1.110223024625E-16,-1.,0.));
#23 = AXIS2_PLACEMENT_3D('',#24,#25,#26);
#24 = CARTESIAN_POINT('',(153.3,-86.5,1.595));
#25 = DIRECTION('',(0.,-0.,1.));
#26 = DIRECTION('',(1.110223024625E-16,1.,0.));
#27 = AXIS2_PLACEMENT_3D('',#28,#29,#30);
#28 = CARTESIAN_POINT('',(137.,-93.6275,1.595));
#29 = DIRECTION('',(0.,-0.,1.));
#30 = DIRECTION('',(1.110223024625E-16,1.,0.));
#31 = AXIS2_PLACEMENT_3D('',#32,#33,#34);
#32 = CARTESIAN_POINT('',(126.5,-94.5,1.595));
#33 = DIRECTION('',(0.,0.,1.));
#34 = DIRECTION('',(-1.,1.224646799147E-16,0.));
#35 = AXIS2_PLACEMENT_3D('',#36,#37,#38);
#36 = CARTESIAN_POINT('',(147.,-84.95,1.595));
#37 = DIRECTION('',(0.,-0.,1.));
#38 = DIRECTION('',(1.110223024625E-16,1.,0.));
#39 = AXIS2_PLACEMENT_3D('',#40,#41,#42);
#40 = CARTESIAN_POINT('',(143.5875,-92.5875,1.595));
#41 = DIRECTION('',(0.,0.,1.));
#42 = DIRECTION('',(1.,0.,0.));
#43 = AXIS2_PLACEMENT_3D('',#44,#45,#46);
#44 = CARTESIAN_POINT('',(0.,0.,0.));
#45 = DIRECTION('',(0.,0.,1.));
#46 = DIRECTION('',(1.,0.,-0.));
#47 = ( GEOMETRIC_REPRESENTATION_CONTEXT(3) 
GLOBAL_UNCERTAINTY_ASSIGNED_CONTEXT((#51)) GLOBAL_UNIT_ASSIGNED_CONTEXT(
(#48,#49,#50)) REPRESENTATION_CONTEXT('Context #1',
  '3D Context with UNIT and UNCERTAINTY') );
#48 = ( LENGTH_UNIT() NAMED_UNIT(*) SI_UNIT(.MILLI.,.METRE.) );
#49 = ( NAMED_UNIT(*) PLANE_ANGLE_UNIT() SI_UNIT($,.RADIAN.) );
#50 = ( NAMED_UNIT(*) SI_UNIT($,.STERADIAN.) SOLID_ANGLE_UNIT() );
#51 = UNCERTAINTY_MEASURE_WITH_UNIT(LENGTH_MEASURE(1.E-07),#48,
  'distance_accuracy_value','confusion accuracy');
#52 = PRODUCT_RELATED_PRODUCT_CATEGORY('part',$,(#7));
#53 = SHAPE_DEFINITION_REPRESENTATION(#54,#60);
#54 = PRODUCT_DEFINITION_SHAPE('','',#55);
#55 = PRODUCT_DEFINITION('design','',#56,#59);
#56 = PRODUCT_DEFINITION_FORMATION('','',#57);
#57 = PRODUCT('C_0805_2012Metric','C_0805_2012Metric','',(#58));
#58 = PRODUCT_CONTEXT('',#2,'mechanical');
#59 = PRODUCT_DEFINITION_CONTEXT('part definition',#2,'design');
#60 = ADVANCED_BREP_SHAPE_REPRESENTATION('',(#11,#61),#915);
#61 = MANIFOLD_SOLID_BREP('',#62);
#62 = CLOSED_SHELL('',(#63,#139,#170,#195,#220,#244,#268,#293,#318,#335,
    #421,#453,#477,#502,#526,#551,#575,#600,#617,#703,#734,#759,#784,
    #808,#832,#857,#882,#899));
#63 = ADVANCED_FACE('',(#64),#134,.F.);
#64 = FACE_BOUND('',#65,.F.);
#65 = EDGE_LOOP('',(#66,#76,#85,#93,#102,#110,#119,#127));
#66 = ORIENTED_EDGE('',*,*,#67,.F.);
#67 = EDGE_CURVE('',#68,#70,#72,.T.);
#68 = VERTEX_POINT('',#69);
#69 = CARTESIAN_POINT('',(-1.,-0.625,4.E-02));
#70 = VERTEX_POINT('',#71);
#71 = CARTESIAN_POINT('',(-1.,-0.625,1.21));
#72 = LINE('',#73,#74);
#73 = CARTESIAN_POINT('',(-1.,-0.625,0.));
#74 = VECTOR('',#75,1.);
#75 = DIRECTION('',(0.,0.,1.));
#76 = ORIENTED_EDGE('',*,*,#77,.T.);
#77 = EDGE_CURVE('',#68,#78,#80,.T.);
#78 = VERTEX_POINT('',#79);
#79 = CARTESIAN_POINT('',(-1.,-0.585,0.));
#80 = CIRCLE('',#81,4.E-02);
#81 = AXIS2_PLACEMENT_3D('',#82,#83,#84);
#82 = CARTESIAN_POINT('',(-1.,-0.585,4.E-02));
#83 = DIRECTION('',(1.,0.,-0.));
#84 = DIRECTION('',(0.,0.,1.));
#85 = ORIENTED_EDGE('',*,*,#86,.T.);
#86 = EDGE_CURVE('',#78,#87,#89,.T.);
#87 = VERTEX_POINT('',#88);
#88 = CARTESIAN_POINT('',(-1.,0.585,0.));
#89 = LINE('',#90,#91);
#90 = CARTESIAN_POINT('',(-1.,-0.625,0.));
#91 = VECTOR('',#92,1.);
#92 = DIRECTION('',(0.,1.,0.));
#93 = ORIENTED_EDGE('',*,*,#94,.F.);
#94 = EDGE_CURVE('',#95,#87,#97,.T.);
#95 = VERTEX_POINT('',#96);
#96 = CARTESIAN_POINT('',(-1.,0.625,4.E-02));
#97 = CIRCLE('',#98,4.E-02);
#98 = AXIS2_PLACEMENT_3D('',#99,#100,#101);
#99 = CARTESIAN_POINT('',(-1.,0.585,4.E-02));
#100 = DIRECTION('',(-1.,0.,0.));
#101 = DIRECTION('',(0.,0.,1.));
#102 = ORIENTED_EDGE('',*,*,#103,.T.);
#103 = EDGE_CURVE('',#95,#104,#106,.T.);
#104 = VERTEX_POINT('',#105);
#105 = CARTESIAN_POINT('',(-1.,0.625,1.21));
#106 = LINE('',#107,#108);
#107 = CARTESIAN_POINT('',(-1.,0.625,0.));
#108 = VECTOR('',#109,1.);
#109 = DIRECTION('',(0.,0.,1.));
#110 = ORIENTED_EDGE('',*,*,#111,.T.);
#111 = EDGE_CURVE('',#104,#112,#114,.T.);
#112 = VERTEX_POINT('',#113);
#113 = CARTESIAN_POINT('',(-1.,0.585,1.25));
#114 = CIRCLE('',#115,4.E-02);
#115 = AXIS2_PLACEMENT_3D('',#116,#117,#118);
#116 = CARTESIAN_POINT('',(-1.,0.585,1.21));
#117 = DIRECTION('',(1.,0.,-0.));
#118 = DIRECTION('',(0.,0.,1.));
#119 = ORIENTED_EDGE('',*,*,#120,.F.);
#120 = EDGE_CURVE('',#121,#112,#123,.T.);
#121 = VERTEX_POINT('',#122);
#122 = CARTESIAN_POINT('',(-1.,-0.585,1.25));
#123 = LINE('',#124,#125);
#124 = CARTESIAN_POINT('',(-1.,-0.625,1.25));
#125 = VECTOR('',#126,1.);
#126 = DIRECTION('',(0.,1.,0.));
#127 = ORIENTED_EDGE('',*,*,#128,.F.);
#128 = EDGE_CURVE('',#70,#121,#129,.T.);
#129 = CIRCLE('',#130,4.E-02);
#130 = AXIS2_PLACEMENT_3D('',#131,#132,#133);
#131 = CARTESIAN_POINT('',(-1.,-0.585,1.21));
#132 = DIRECTION('',(-1.,0.,0.));
#133 = DIRECTION('',(0.,0.,1.));
#134 = PLANE('',#135);
#135 = AXIS2_PLACEMENT_3D('',#136,#137,#138);
#136 = CARTESIAN_POINT('',(-1.,-0.625,0.));
#137 = DIRECTION('',(1.,0.,0.));
#138 = DIRECTION('',(0.,0.,1.));
#139 = ADVANCED_FACE('',(#140),#165,.F.);
#140 = FACE_BOUND('',#141,.F.);
#141 = EDGE_LOOP('',(#142,#152,#158,#159));
#142 = ORIENTED_EDGE('',*,*,#143,.F.);
#143 = EDGE_CURVE('',#144,#146,#148,.T.);
#144 = VERTEX_POINT('',#145);
#145 = CARTESIAN_POINT('',(-0.6,-0.625,4.E-02));
#146 = VERTEX_POINT('',#147);
#147 = CARTESIAN_POINT('',(-0.6,-0.625,1.21));
#148 = LINE('',#149,#150);
#149 = CARTESIAN_POINT('',(-0.6,-0.625,0.));
#150 = VECTOR('',#151,1.);
#151 = DIRECTION('',(0.,0.,1.));
#152 = ORIENTED_EDGE('',*,*,#153,.F.);
#153 = EDGE_CURVE('',#68,#144,#154,.T.);
#154 = LINE('',#155,#156);
#155 = CARTESIAN_POINT('',(-1.,-0.625,4.E-02));
#156 = VECTOR('',#157,1.);
#157 = DIRECTION('',(1.,0.,0.));
#158 = ORIENTED_EDGE('',*,*,#67,.T.);
#159 = ORIENTED_EDGE('',*,*,#160,.T.);
#160 = EDGE_CURVE('',#70,#146,#161,.T.);
#161 = LINE('',#162,#163);
#162 = CARTESIAN_POINT('',(-1.,-0.625,1.21));
#163 = VECTOR('',#164,1.);
#164 = DIRECTION('',(1.,0.,0.));
#165 = PLANE('',#166);
#166 = AXIS2_PLACEMENT_3D('',#167,#168,#169);
#167 = CARTESIAN_POINT('',(-1.,-0.625,0.));
#168 = DIRECTION('',(0.,1.,0.));
#169 = DIRECTION('',(0.,-0.,1.));
#170 = ADVANCED_FACE('',(#171),#190,.T.);
#171 = FACE_BOUND('',#172,.T.);
#172 = EDGE_LOOP('',(#173,#174,#182,#189));
#173 = ORIENTED_EDGE('',*,*,#77,.T.);
#174 = ORIENTED_EDGE('',*,*,#175,.T.);
#175 = EDGE_CURVE('',#78,#176,#178,.T.);
#176 = VERTEX_POINT('',#177);
#177 = CARTESIAN_POINT('',(-0.6,-0.585,0.));
#178 = LINE('',#179,#180);
#179 = CARTESIAN_POINT('',(-1.,-0.585,0.));
#180 = VECTOR('',#181,1.);
#181 = DIRECTION('',(1.,0.,0.));
#182 = ORIENTED_EDGE('',*,*,#183,.F.);
#183 = EDGE_CURVE('',#144,#176,#184,.T.);
#184 = CIRCLE('',#185,4.E-02);
#185 = AXIS2_PLACEMENT_3D('',#186,#187,#188);
#186 = CARTESIAN_POINT('',(-0.6,-0.585,4.E-02));
#187 = DIRECTION('',(1.,0.,-0.));
#188 = DIRECTION('',(0.,0.,1.));
#189 = ORIENTED_EDGE('',*,*,#153,.F.);
#190 = CYLINDRICAL_SURFACE('',#191,4.E-02);
#191 = AXIS2_PLACEMENT_3D('',#192,#193,#194);
#192 = CARTESIAN_POINT('',(-1.,-0.585,4.E-02));
#193 = DIRECTION('',(1.,0.,0.));
#194 = DIRECTION('',(0.,-1.,0.));
#195 = ADVANCED_FACE('',(#196),#215,.T.);
#196 = FACE_BOUND('',#197,.T.);
#197 = EDGE_LOOP('',(#198,#199,#208,#214));
#198 = ORIENTED_EDGE('',*,*,#160,.T.);
#199 = ORIENTED_EDGE('',*,*,#200,.T.);
#200 = EDGE_CURVE('',#146,#201,#203,.T.);
#201 = VERTEX_POINT('',#202);
#202 = CARTESIAN_POINT('',(-0.6,-0.585,1.25));
#203 = CIRCLE('',#204,4.E-02);
#204 = AXIS2_PLACEMENT_3D('',#205,#206,#207);
#205 = CARTESIAN_POINT('',(-0.6,-0.585,1.21));
#206 = DIRECTION('',(-1.,0.,0.));
#207 = DIRECTION('',(0.,0.,1.));
#208 = ORIENTED_EDGE('',*,*,#209,.F.);
#209 = EDGE_CURVE('',#121,#201,#210,.T.);
#210 = LINE('',#211,#212);
#211 = CARTESIAN_POINT('',(-1.,-0.585,1.25));
#212 = VECTOR('',#213,1.);
#213 = DIRECTION('',(1.,0.,0.));
#214 = ORIENTED_EDGE('',*,*,#128,.F.);
#215 = CYLINDRICAL_SURFACE('',#216,4.E-02);
#216 = AXIS2_PLACEMENT_3D('',#217,#218,#219);
#217 = CARTESIAN_POINT('',(-1.,-0.585,1.21));
#218 = DIRECTION('',(1.,0.,0.));
#219 = DIRECTION('',(0.,-1.,0.));
#220 = ADVANCED_FACE('',(#221),#239,.F.);
#221 = FACE_BOUND('',#222,.F.);
#222 = EDGE_LOOP('',(#223,#224,#225,#233));
#223 = ORIENTED_EDGE('',*,*,#86,.F.);
#224 = ORIENTED_EDGE('',*,*,#175,.T.);
#225 = ORIENTED_EDGE('',*,*,#226,.T.);
#226 = EDGE_CURVE('',#176,#227,#229,.T.);
#227 = VERTEX_POINT('',#228);
#228 = CARTESIAN_POINT('',(-0.6,0.585,0.));
#229 = LINE('',#230,#231);
#230 = CARTESIAN_POINT('',(-0.6,-0.625,0.));
#231 = VECTOR('',#232,1.);
#232 = DIRECTION('',(0.,1.,0.));
#233 = ORIENTED_EDGE('',*,*,#234,.F.);
#234 = EDGE_CURVE('',#87,#227,#235,.T.);
#235 = LINE('',#236,#237);
#236 = CARTESIAN_POINT('',(-1.,0.585,0.));
#237 = VECTOR('',#238,1.);
#238 = DIRECTION('',(1.,0.,0.));
#239 = PLANE('',#240);
#240 = AXIS2_PLACEMENT_3D('',#241,#242,#243);
#241 = CARTESIAN_POINT('',(-1.,-0.625,0.));
#242 = DIRECTION('',(0.,0.,1.));
#243 = DIRECTION('',(1.,0.,-0.));
#244 = ADVANCED_FACE('',(#245),#263,.T.);
#245 = FACE_BOUND('',#246,.T.);
#246 = EDGE_LOOP('',(#247,#248,#249,#257));
#247 = ORIENTED_EDGE('',*,*,#120,.F.);
#248 = ORIENTED_EDGE('',*,*,#209,.T.);
#249 = ORIENTED_EDGE('',*,*,#250,.T.);
#250 = EDGE_CURVE('',#201,#251,#253,.T.);
#251 = VERTEX_POINT('',#252);
#252 = CARTESIAN_POINT('',(-0.6,0.585,1.25));
#253 = LINE('',#254,#255);
#254 = CARTESIAN_POINT('',(-0.6,-0.625,1.25));
#255 = VECTOR('',#256,1.);
#256 = DIRECTION('',(0.,1.,0.));
#257 = ORIENTED_EDGE('',*,*,#258,.F.);
#258 = EDGE_CURVE('',#112,#251,#259,.T.);
#259 = LINE('',#260,#261);
#260 = CARTESIAN_POINT('',(-1.,0.585,1.25));
#261 = VECTOR('',#262,1.);
#262 = DIRECTION('',(1.,0.,0.));
#263 = PLANE('',#264);
#264 = AXIS2_PLACEMENT_3D('',#265,#266,#267);
#265 = CARTESIAN_POINT('',(-1.,-0.625,1.25));
#266 = DIRECTION('',(0.,0.,1.));
#267 = DIRECTION('',(1.,0.,-0.));
#268 = ADVANCED_FACE('',(#269),#288,.T.);
#269 = FACE_BOUND('',#270,.T.);
#270 = EDGE_LOOP('',(#271,#279,#286,#287));
#271 = ORIENTED_EDGE('',*,*,#272,.T.);
#272 = EDGE_CURVE('',#95,#273,#275,.T.);
#273 = VERTEX_POINT('',#274);
#274 = CARTESIAN_POINT('',(-0.6,0.625,4.E-02));
#275 = LINE('',#276,#277);
#276 = CARTESIAN_POINT('',(-1.,0.625,4.E-02));
#277 = VECTOR('',#278,1.);
#278 = DIRECTION('',(1.,0.,0.));
#279 = ORIENTED_EDGE('',*,*,#280,.T.);
#280 = EDGE_CURVE('',#273,#227,#281,.T.);
#281 = CIRCLE('',#282,4.E-02);
#282 = AXIS2_PLACEMENT_3D('',#283,#284,#285);
#283 = CARTESIAN_POINT('',(-0.6,0.585,4.E-02));
#284 = DIRECTION('',(-1.,0.,0.));
#285 = DIRECTION('',(0.,0.,1.));
#286 = ORIENTED_EDGE('',*,*,#234,.F.);
#287 = ORIENTED_EDGE('',*,*,#94,.F.);
#288 = CYLINDRICAL_SURFACE('',#289,4.E-02);
#289 = AXIS2_PLACEMENT_3D('',#290,#291,#292);
#290 = CARTESIAN_POINT('',(-1.,0.585,4.E-02));
#291 = DIRECTION('',(1.,0.,0.));
#292 = DIRECTION('',(-0.,1.,0.));
#293 = ADVANCED_FACE('',(#294),#313,.T.);
#294 = FACE_BOUND('',#295,.T.);
#295 = EDGE_LOOP('',(#296,#297,#298,#307));
#296 = ORIENTED_EDGE('',*,*,#111,.T.);
#297 = ORIENTED_EDGE('',*,*,#258,.T.);
#298 = ORIENTED_EDGE('',*,*,#299,.F.);
#299 = EDGE_CURVE('',#300,#251,#302,.T.);
#300 = VERTEX_POINT('',#301);
#301 = CARTESIAN_POINT('',(-0.6,0.625,1.21));
#302 = CIRCLE('',#303,4.E-02);
#303 = AXIS2_PLACEMENT_3D('',#304,#305,#306);
#304 = CARTESIAN_POINT('',(-0.6,0.585,1.21));
#305 = DIRECTION('',(1.,0.,-0.));
#306 = DIRECTION('',(0.,0.,1.));
#307 = ORIENTED_EDGE('',*,*,#308,.F.);
#308 = EDGE_CURVE('',#104,#300,#309,.T.);
#309 = LINE('',#310,#311);
#310 = CARTESIAN_POINT('',(-1.,0.625,1.21));
#311 = VECTOR('',#312,1.);
#312 = DIRECTION('',(1.,0.,0.));
#313 = CYLINDRICAL_SURFACE('',#314,4.E-02);
#314 = AXIS2_PLACEMENT_3D('',#315,#316,#317);
#315 = CARTESIAN_POINT('',(-1.,0.585,1.21));
#316 = DIRECTION('',(1.,0.,0.));
#317 = DIRECTION('',(-0.,1.,0.));
#318 = ADVANCED_FACE('',(#319),#330,.T.);
#319 = FACE_BOUND('',#320,.T.);
#320 = EDGE_LOOP('',(#321,#327,#328,#329));
#321 = ORIENTED_EDGE('',*,*,#322,.F.);
#322 = EDGE_CURVE('',#273,#300,#323,.T.);
#323 = LINE('',#324,#325);
#324 = CARTESIAN_POINT('',(-0.6,0.625,0.));
#325 = VECTOR('',#326,1.);
#326 = DIRECTION('',(0.,0.,1.));
#327 = ORIENTED_EDGE('',*,*,#272,.F.);
#328 = ORIENTED_EDGE('',*,*,#103,.T.);
#329 = ORIENTED_EDGE('',*,*,#308,.T.);
#330 = PLANE('',#331);
#331 = AXIS2_PLACEMENT_3D('',#332,#333,#334);
#332 = CARTESIAN_POINT('',(-1.,0.625,0.));
#333 = DIRECTION('',(0.,1.,0.));
#334 = DIRECTION('',(0.,-0.,1.));
#335 = ADVANCED_FACE('',(#336,#346),#416,.T.);
#336 = FACE_BOUND('',#337,.T.);
#337 = EDGE_LOOP('',(#338,#339,#340,#341,#342,#343,#344,#345));
#338 = ORIENTED_EDGE('',*,*,#143,.F.);
#339 = ORIENTED_EDGE('',*,*,#183,.T.);
#340 = ORIENTED_EDGE('',*,*,#226,.T.);
#341 = ORIENTED_EDGE('',*,*,#280,.F.);
#342 = ORIENTED_EDGE('',*,*,#322,.T.);
#343 = ORIENTED_EDGE('',*,*,#299,.T.);
#344 = ORIENTED_EDGE('',*,*,#250,.F.);
#345 = ORIENTED_EDGE('',*,*,#200,.F.);
#346 = FACE_BOUND('',#347,.T.);
#347 = EDGE_LOOP('',(#348,#359,#367,#376,#384,#393,#401,#410));
#348 = ORIENTED_EDGE('',*,*,#349,.F.);
#349 = EDGE_CURVE('',#350,#352,#354,.T.);
#350 = VERTEX_POINT('',#351);
#351 = CARTESIAN_POINT('',(-0.6,-0.585,8.E-02));
#352 = VERTEX_POINT('',#353);
#353 = CARTESIAN_POINT('',(-0.6,-0.545,4.E-02));
#354 = CIRCLE('',#355,4.E-02);
#355 = AXIS2_PLACEMENT_3D('',#356,#357,#358);
#356 = CARTESIAN_POINT('',(-0.6,-0.545,8.E-02));
#357 = DIRECTION('',(1.,0.,-0.));
#358 = DIRECTION('',(0.,0.,1.));
#359 = ORIENTED_EDGE('',*,*,#360,.T.);
#360 = EDGE_CURVE('',#350,#361,#363,.T.);
#361 = VERTEX_POINT('',#362);
#362 = CARTESIAN_POINT('',(-0.6,-0.585,1.17));
#363 = LINE('',#364,#365);
#364 = CARTESIAN_POINT('',(-0.6,-0.585,4.E-02));
#365 = VECTOR('',#366,1.);
#366 = DIRECTION('',(0.,0.,1.));
#367 = ORIENTED_EDGE('',*,*,#368,.T.);
#368 = EDGE_CURVE('',#361,#369,#371,.T.);
#369 = VERTEX_POINT('',#370);
#370 = CARTESIAN_POINT('',(-0.6,-0.545,1.21));
#371 = CIRCLE('',#372,4.E-02);
#372 = AXIS2_PLACEMENT_3D('',#373,#374,#375);
#373 = CARTESIAN_POINT('',(-0.6,-0.545,1.17));
#374 = DIRECTION('',(-1.,0.,0.));
#375 = DIRECTION('',(0.,0.,1.));
#376 = ORIENTED_EDGE('',*,*,#377,.T.);
#377 = EDGE_CURVE('',#369,#378,#380,.T.);
#378 = VERTEX_POINT('',#379);
#379 = CARTESIAN_POINT('',(-0.6,0.545,1.21));
#380 = LINE('',#381,#382);
#381 = CARTESIAN_POINT('',(-0.6,-0.585,1.21));
#382 = VECTOR('',#383,1.);
#383 = DIRECTION('',(0.,1.,0.));
#384 = ORIENTED_EDGE('',*,*,#385,.F.);
#385 = EDGE_CURVE('',#386,#378,#388,.T.);
#386 = VERTEX_POINT('',#387);
#387 = CARTESIAN_POINT('',(-0.6,0.585,1.17));
#388 = CIRCLE('',#389,4.E-02);
#389 = AXIS2_PLACEMENT_3D('',#390,#391,#392);
#390 = CARTESIAN_POINT('',(-0.6,0.545,1.17));
#391 = DIRECTION('',(1.,0.,-0.));
#392 = DIRECTION('',(0.,0.,1.));
#393 = ORIENTED_EDGE('',*,*,#394,.F.);
#394 = EDGE_CURVE('',#395,#386,#397,.T.);
#395 = VERTEX_POINT('',#396);
#396 = CARTESIAN_POINT('',(-0.6,0.585,8.E-02));
#397 = LINE('',#398,#399);
#398 = CARTESIAN_POINT('',(-0.6,0.585,4.E-02));
#399 = VECTOR('',#400,1.);
#400 = DIRECTION('',(0.,0.,1.));
#401 = ORIENTED_EDGE('',*,*,#402,.T.);
#402 = EDGE_CURVE('',#395,#403,#405,.T.);
#403 = VERTEX_POINT('',#404);
#404 = CARTESIAN_POINT('',(-0.6,0.545,4.E-02));
#405 = CIRCLE('',#406,4.E-02);
#406 = AXIS2_PLACEMENT_3D('',#407,#408,#409);
#407 = CARTESIAN_POINT('',(-0.6,0.545,8.E-02));
#408 = DIRECTION('',(-1.,0.,0.));
#409 = DIRECTION('',(0.,0.,1.));
#410 = ORIENTED_EDGE('',*,*,#411,.F.);
#411 = EDGE_CURVE('',#352,#403,#412,.T.);
#412 = LINE('',#413,#414);
#413 = CARTESIAN_POINT('',(-0.6,-0.585,4.E-02));
#414 = VECTOR('',#415,1.);
#415 = DIRECTION('',(0.,1.,0.));
#416 = PLANE('',#417);
#417 = AXIS2_PLACEMENT_3D('',#418,#419,#420);
#418 = CARTESIAN_POINT('',(-0.6,-0.625,0.));
#419 = DIRECTION('',(1.,0.,0.));
#420 = DIRECTION('',(0.,0.,1.));
#421 = ADVANCED_FACE('',(#422),#448,.T.);
#422 = FACE_BOUND('',#423,.T.);
#423 = EDGE_LOOP('',(#424,#425,#433,#442));
#424 = ORIENTED_EDGE('',*,*,#349,.T.);
#425 = ORIENTED_EDGE('',*,*,#426,.T.);
#426 = EDGE_CURVE('',#352,#427,#429,.T.);
#427 = VERTEX_POINT('',#428);
#428 = CARTESIAN_POINT('',(0.6,-0.545,4.E-02));
#429 = LINE('',#430,#431);
#430 = CARTESIAN_POINT('',(-0.6,-0.545,4.E-02));
#431 = VECTOR('',#432,1.);
#432 = DIRECTION('',(1.,0.,0.));
#433 = ORIENTED_EDGE('',*,*,#434,.F.);
#434 = EDGE_CURVE('',#435,#427,#437,.T.);
#435 = VERTEX_POINT('',#436);
#436 = CARTESIAN_POINT('',(0.6,-0.585,8.E-02));
#437 = CIRCLE('',#438,4.E-02);
#438 = AXIS2_PLACEMENT_3D('',#439,#440,#441);
#439 = CARTESIAN_POINT('',(0.6,-0.545,8.E-02));
#440 = DIRECTION('',(1.,0.,-0.));
#441 = DIRECTION('',(0.,0.,1.));
#442 = ORIENTED_EDGE('',*,*,#443,.F.);
#443 = EDGE_CURVE('',#350,#435,#444,.T.);
#444 = LINE('',#445,#446);
#445 = CARTESIAN_POINT('',(-0.6,-0.585,8.E-02));
#446 = VECTOR('',#447,1.);
#447 = DIRECTION('',(1.,0.,0.));
#448 = CYLINDRICAL_SURFACE('',#449,4.E-02);
#449 = AXIS2_PLACEMENT_3D('',#450,#451,#452);
#450 = CARTESIAN_POINT('',(-0.6,-0.545,8.E-02));
#451 = DIRECTION('',(1.,0.,0.));
#452 = DIRECTION('',(0.,-1.,0.));
#453 = ADVANCED_FACE('',(#454),#472,.F.);
#454 = FACE_BOUND('',#455,.F.);
#455 = EDGE_LOOP('',(#456,#457,#458,#466));
#456 = ORIENTED_EDGE('',*,*,#411,.F.);
#457 = ORIENTED_EDGE('',*,*,#426,.T.);
#458 = ORIENTED_EDGE('',*,*,#459,.T.);
#459 = EDGE_CURVE('',#427,#460,#462,.T.);
#460 = VERTEX_POINT('',#461);
#461 = CARTESIAN_POINT('',(0.6,0.545,4.E-02));
#462 = LINE('',#463,#464);
#463 = CARTESIAN_POINT('',(0.6,-0.585,4.E-02));
#464 = VECTOR('',#465,1.);
#465 = DIRECTION('',(0.,1.,0.));
#466 = ORIENTED_EDGE('',*,*,#467,.F.);
#467 = EDGE_CURVE('',#403,#460,#468,.T.);
#468 = LINE('',#469,#470);
#469 = CARTESIAN_POINT('',(-0.6,0.545,4.E-02));
#470 = VECTOR('',#471,1.);
#471 = DIRECTION('',(1.,0.,0.));
#472 = PLANE('',#473);
#473 = AXIS2_PLACEMENT_3D('',#474,#475,#476);
#474 = CARTESIAN_POINT('',(-0.6,-0.585,4.E-02));
#475 = DIRECTION('',(0.,0.,1.));
#476 = DIRECTION('',(1.,0.,-0.));
#477 = ADVANCED_FACE('',(#478),#497,.T.);
#478 = FACE_BOUND('',#479,.T.);
#479 = EDGE_LOOP('',(#480,#488,#495,#496));
#480 = ORIENTED_EDGE('',*,*,#481,.T.);
#481 = EDGE_CURVE('',#395,#482,#484,.T.);
#482 = VERTEX_POINT('',#483);
#483 = CARTESIAN_POINT('',(0.6,0.585,8.E-02));
#484 = LINE('',#485,#486);
#485 = CARTESIAN_POINT('',(-0.6,0.585,8.E-02));
#486 = VECTOR('',#487,1.);
#487 = DIRECTION('',(1.,0.,0.));
#488 = ORIENTED_EDGE('',*,*,#489,.T.);
#489 = EDGE_CURVE('',#482,#460,#490,.T.);
#490 = CIRCLE('',#491,4.E-02);
#491 = AXIS2_PLACEMENT_3D('',#492,#493,#494);
#492 = CARTESIAN_POINT('',(0.6,0.545,8.E-02));
#493 = DIRECTION('',(-1.,0.,0.));
#494 = DIRECTION('',(0.,0.,1.));
#495 = ORIENTED_EDGE('',*,*,#467,.F.);
#496 = ORIENTED_EDGE('',*,*,#402,.F.);
#497 = CYLINDRICAL_SURFACE('',#498,4.E-02);
#498 = AXIS2_PLACEMENT_3D('',#499,#500,#501);
#499 = CARTESIAN_POINT('',(-0.6,0.545,8.E-02));
#500 = DIRECTION('',(1.,0.,0.));
#501 = DIRECTION('',(-0.,1.,0.));
#502 = ADVANCED_FACE('',(#503),#521,.T.);
#503 = FACE_BOUND('',#504,.T.);
#504 = EDGE_LOOP('',(#505,#513,#514,#515));
#505 = ORIENTED_EDGE('',*,*,#506,.F.);
#506 = EDGE_CURVE('',#482,#507,#509,.T.);
#507 = VERTEX_POINT('',#508);
#508 = CARTESIAN_POINT('',(0.6,0.585,1.17));
#509 = LINE('',#510,#511);
#510 = CARTESIAN_POINT('',(0.6,0.585,4.E-02));
#511 = VECTOR('',#512,1.);
#512 = DIRECTION('',(0.,0.,1.));
#513 = ORIENTED_EDGE('',*,*,#481,.F.);
#514 = ORIENTED_EDGE('',*,*,#394,.T.);
#515 = ORIENTED_EDGE('',*,*,#516,.T.);
#516 = EDGE_CURVE('',#386,#507,#517,.T.);
#517 = LINE('',#518,#519);
#518 = CARTESIAN_POINT('',(-0.6,0.585,1.17));
#519 = VECTOR('',#520,1.);
#520 = DIRECTION('',(1.,0.,0.));
#521 = PLANE('',#522);
#522 = AXIS2_PLACEMENT_3D('',#523,#524,#525);
#523 = CARTESIAN_POINT('',(-0.6,0.585,4.E-02));
#524 = DIRECTION('',(0.,1.,0.));
#525 = DIRECTION('',(0.,-0.,1.));
#526 = ADVANCED_FACE('',(#527),#546,.T.);
#527 = FACE_BOUND('',#528,.T.);
#528 = EDGE_LOOP('',(#529,#530,#538,#545));
#529 = ORIENTED_EDGE('',*,*,#385,.T.);
#530 = ORIENTED_EDGE('',*,*,#531,.T.);
#531 = EDGE_CURVE('',#378,#532,#534,.T.);
#532 = VERTEX_POINT('',#533);
#533 = CARTESIAN_POINT('',(0.6,0.545,1.21));
#534 = LINE('',#535,#536);
#535 = CARTESIAN_POINT('',(-0.6,0.545,1.21));
#536 = VECTOR('',#537,1.);
#537 = DIRECTION('',(1.,0.,0.));
#538 = ORIENTED_EDGE('',*,*,#539,.F.);
#539 = EDGE_CURVE('',#507,#532,#540,.T.);
#540 = CIRCLE('',#541,4.E-02);
#541 = AXIS2_PLACEMENT_3D('',#542,#543,#544);
#542 = CARTESIAN_POINT('',(0.6,0.545,1.17));
#543 = DIRECTION('',(1.,0.,-0.));
#544 = DIRECTION('',(0.,0.,1.));
#545 = ORIENTED_EDGE('',*,*,#516,.F.);
#546 = CYLINDRICAL_SURFACE('',#547,4.E-02);
#547 = AXIS2_PLACEMENT_3D('',#548,#549,#550);
#548 = CARTESIAN_POINT('',(-0.6,0.545,1.17));
#549 = DIRECTION('',(1.,0.,0.));
#550 = DIRECTION('',(-0.,1.,0.));
#551 = ADVANCED_FACE('',(#552),#570,.T.);
#552 = FACE_BOUND('',#553,.T.);
#553 = EDGE_LOOP('',(#554,#555,#563,#569));
#554 = ORIENTED_EDGE('',*,*,#377,.F.);
#555 = ORIENTED_EDGE('',*,*,#556,.T.);
#556 = EDGE_CURVE('',#369,#557,#559,.T.);
#557 = VERTEX_POINT('',#558);
#558 = CARTESIAN_POINT('',(0.6,-0.545,1.21));
#559 = LINE('',#560,#561);
#560 = CARTESIAN_POINT('',(-0.6,-0.545,1.21));
#561 = VECTOR('',#562,1.);
#562 = DIRECTION('',(1.,0.,0.));
#563 = ORIENTED_EDGE('',*,*,#564,.T.);
#564 = EDGE_CURVE('',#557,#532,#565,.T.);
#565 = LINE('',#566,#567);
#566 = CARTESIAN_POINT('',(0.6,-0.585,1.21));
#567 = VECTOR('',#568,1.);
#568 = DIRECTION('',(0.,1.,0.));
#569 = ORIENTED_EDGE('',*,*,#531,.F.);
#570 = PLANE('',#571);
#571 = AXIS2_PLACEMENT_3D('',#572,#573,#574);
#572 = CARTESIAN_POINT('',(-0.6,-0.585,1.21));
#573 = DIRECTION('',(0.,0.,1.));
#574 = DIRECTION('',(1.,0.,-0.));
#575 = ADVANCED_FACE('',(#576),#595,.T.);
#576 = FACE_BOUND('',#577,.T.);
#577 = EDGE_LOOP('',(#578,#586,#593,#594));
#578 = ORIENTED_EDGE('',*,*,#579,.T.);
#579 = EDGE_CURVE('',#361,#580,#582,.T.);
#580 = VERTEX_POINT('',#581);
#581 = CARTESIAN_POINT('',(0.6,-0.585,1.17));
#582 = LINE('',#583,#584);
#583 = CARTESIAN_POINT('',(-0.6,-0.585,1.17));
#584 = VECTOR('',#585,1.);
#585 = DIRECTION('',(1.,0.,0.));
#586 = ORIENTED_EDGE('',*,*,#587,.T.);
#587 = EDGE_CURVE('',#580,#557,#588,.T.);
#588 = CIRCLE('',#589,4.E-02);
#589 = AXIS2_PLACEMENT_3D('',#590,#591,#592);
#590 = CARTESIAN_POINT('',(0.6,-0.545,1.17));
#591 = DIRECTION('',(-1.,0.,0.));
#592 = DIRECTION('',(0.,0.,1.));
#593 = ORIENTED_EDGE('',*,*,#556,.F.);
#594 = ORIENTED_EDGE('',*,*,#368,.F.);
#595 = CYLINDRICAL_SURFACE('',#596,4.E-02);
#596 = AXIS2_PLACEMENT_3D('',#597,#598,#599);
#597 = CARTESIAN_POINT('',(-0.6,-0.545,1.17));
#598 = DIRECTION('',(1.,0.,0.));
#599 = DIRECTION('',(0.,-1.,0.));
#600 = ADVANCED_FACE('',(#601),#612,.F.);
#601 = FACE_BOUND('',#602,.F.);
#602 = EDGE_LOOP('',(#603,#609,#610,#611));
#603 = ORIENTED_EDGE('',*,*,#604,.F.);
#604 = EDGE_CURVE('',#435,#580,#605,.T.);
#605 = LINE('',#606,#607);
#606 = CARTESIAN_POINT('',(0.6,-0.585,4.E-02));
#607 = VECTOR('',#608,1.);
#608 = DIRECTION('',(0.,0.,1.));
#609 = ORIENTED_EDGE('',*,*,#443,.F.);
#610 = ORIENTED_EDGE('',*,*,#360,.T.);
#611 = ORIENTED_EDGE('',*,*,#579,.T.);
#612 = PLANE('',#613);
#613 = AXIS2_PLACEMENT_3D('',#614,#615,#616);
#614 = CARTESIAN_POINT('',(-0.6,-0.585,4.E-02));
#615 = DIRECTION('',(0.,1.,0.));
#616 = DIRECTION('',(0.,-0.,1.));
#617 = ADVANCED_FACE('',(#618,#688),#698,.F.);
#618 = FACE_BOUND('',#619,.F.);
#619 = EDGE_LOOP('',(#620,#630,#639,#647,#656,#664,#673,#681));
#620 = ORIENTED_EDGE('',*,*,#621,.F.);
#621 = EDGE_CURVE('',#622,#624,#626,.T.);
#622 = VERTEX_POINT('',#623);
#623 = CARTESIAN_POINT('',(0.6,-0.625,4.E-02));
#624 = VERTEX_POINT('',#625);
#625 = CARTESIAN_POINT('',(0.6,-0.625,1.21));
#626 = LINE('',#627,#628);
#627 = CARTESIAN_POINT('',(0.6,-0.625,0.));
#628 = VECTOR('',#629,1.);
#629 = DIRECTION('',(0.,0.,1.));
#630 = ORIENTED_EDGE('',*,*,#631,.T.);
#631 = EDGE_CURVE('',#622,#632,#634,.T.);
#632 = VERTEX_POINT('',#633);
#633 = CARTESIAN_POINT('',(0.6,-0.585,0.));
#634 = CIRCLE('',#635,4.E-02);
#635 = AXIS2_PLACEMENT_3D('',#636,#637,#638);
#636 = CARTESIAN_POINT('',(0.6,-0.585,4.E-02));
#637 = DIRECTION('',(1.,0.,-0.));
#638 = DIRECTION('',(0.,0.,1.));
#639 = ORIENTED_EDGE('',*,*,#640,.T.);
#640 = EDGE_CURVE('',#632,#641,#643,.T.);
#641 = VERTEX_POINT('',#642);
#642 = CARTESIAN_POINT('',(0.6,0.585,0.));
#643 = LINE('',#644,#645);
#644 = CARTESIAN_POINT('',(0.6,-0.625,0.));
#645 = VECTOR('',#646,1.);
#646 = DIRECTION('',(0.,1.,0.));
#647 = ORIENTED_EDGE('',*,*,#648,.F.);
#648 = EDGE_CURVE('',#649,#641,#651,.T.);
#649 = VERTEX_POINT('',#650);
#650 = CARTESIAN_POINT('',(0.6,0.625,4.E-02));
#651 = CIRCLE('',#652,4.E-02);
#652 = AXIS2_PLACEMENT_3D('',#653,#654,#655);
#653 = CARTESIAN_POINT('',(0.6,0.585,4.E-02));
#654 = DIRECTION('',(-1.,0.,0.));
#655 = DIRECTION('',(0.,0.,1.));
#656 = ORIENTED_EDGE('',*,*,#657,.T.);
#657 = EDGE_CURVE('',#649,#658,#660,.T.);
#658 = VERTEX_POINT('',#659);
#659 = CARTESIAN_POINT('',(0.6,0.625,1.21));
#660 = LINE('',#661,#662);
#661 = CARTESIAN_POINT('',(0.6,0.625,0.));
#662 = VECTOR('',#663,1.);
#663 = DIRECTION('',(0.,0.,1.));
#664 = ORIENTED_EDGE('',*,*,#665,.T.);
#665 = EDGE_CURVE('',#658,#666,#668,.T.);
#666 = VERTEX_POINT('',#667);
#667 = CARTESIAN_POINT('',(0.6,0.585,1.25));
#668 = CIRCLE('',#669,4.E-02);
#669 = AXIS2_PLACEMENT_3D('',#670,#671,#672);
#670 = CARTESIAN_POINT('',(0.6,0.585,1.21));
#671 = DIRECTION('',(1.,0.,-0.));
#672 = DIRECTION('',(0.,0.,1.));
#673 = ORIENTED_EDGE('',*,*,#674,.F.);
#674 = EDGE_CURVE('',#675,#666,#677,.T.);
#675 = VERTEX_POINT('',#676);
#676 = CARTESIAN_POINT('',(0.6,-0.585,1.25));
#677 = LINE('',#678,#679);
#678 = CARTESIAN_POINT('',(0.6,-0.625,1.25));
#679 = VECTOR('',#680,1.);
#680 = DIRECTION('',(0.,1.,0.));
#681 = ORIENTED_EDGE('',*,*,#682,.F.);
#682 = EDGE_CURVE('',#624,#675,#683,.T.);
#683 = CIRCLE('',#684,4.E-02);
#684 = AXIS2_PLACEMENT_3D('',#685,#686,#687);
#685 = CARTESIAN_POINT('',(0.6,-0.585,1.21));
#686 = DIRECTION('',(-1.,0.,0.));
#687 = DIRECTION('',(0.,0.,1.));
#688 = FACE_BOUND('',#689,.F.);
#689 = EDGE_LOOP('',(#690,#691,#692,#693,#694,#695,#696,#697));
#690 = ORIENTED_EDGE('',*,*,#434,.F.);
#691 = ORIENTED_EDGE('',*,*,#604,.T.);
#692 = ORIENTED_EDGE('',*,*,#587,.T.);
#693 = ORIENTED_EDGE('',*,*,#564,.T.);
#694 = ORIENTED_EDGE('',*,*,#539,.F.);
#695 = ORIENTED_EDGE('',*,*,#506,.F.);
#696 = ORIENTED_EDGE('',*,*,#489,.T.);
#697 = ORIENTED_EDGE('',*,*,#459,.F.);
#698 = PLANE('',#699);
#699 = AXIS2_PLACEMENT_3D('',#700,#701,#702);
#700 = CARTESIAN_POINT('',(0.6,-0.625,0.));
#701 = DIRECTION('',(1.,0.,0.));
#702 = DIRECTION('',(0.,0.,1.));
#703 = ADVANCED_FACE('',(#704),#729,.F.);
#704 = FACE_BOUND('',#705,.F.);
#705 = EDGE_LOOP('',(#706,#716,#722,#723));
#706 = ORIENTED_EDGE('',*,*,#707,.F.);
#707 = EDGE_CURVE('',#708,#710,#712,.T.);
#708 = VERTEX_POINT('',#709);
#709 = CARTESIAN_POINT('',(1.,-0.625,4.E-02));
#710 = VERTEX_POINT('',#711);
#711 = CARTESIAN_POINT('',(1.,-0.625,1.21));
#712 = LINE('',#713,#714);
#713 = CARTESIAN_POINT('',(1.,-0.625,0.));
#714 = VECTOR('',#715,1.);
#715 = DIRECTION('',(0.,0.,1.));
#716 = ORIENTED_EDGE('',*,*,#717,.F.);
#717 = EDGE_CURVE('',#622,#708,#718,.T.);
#718 = LINE('',#719,#720);
#719 = CARTESIAN_POINT('',(0.6,-0.625,4.E-02));
#720 = VECTOR('',#721,1.);
#721 = DIRECTION('',(1.,0.,0.));
#722 = ORIENTED_EDGE('',*,*,#621,.T.);
#723 = ORIENTED_EDGE('',*,*,#724,.T.);
#724 = EDGE_CURVE('',#624,#710,#725,.T.);
#725 = LINE('',#726,#727);
#726 = CARTESIAN_POINT('',(0.6,-0.625,1.21));
#727 = VECTOR('',#728,1.);
#728 = DIRECTION('',(1.,0.,0.));
#729 = PLANE('',#730);
#730 = AXIS2_PLACEMENT_3D('',#731,#732,#733);
#731 = CARTESIAN_POINT('',(0.6,-0.625,0.));
#732 = DIRECTION('',(0.,1.,0.));
#733 = DIRECTION('',(0.,-0.,1.));
#734 = ADVANCED_FACE('',(#735),#754,.T.);
#735 = FACE_BOUND('',#736,.T.);
#736 = EDGE_LOOP('',(#737,#738,#746,#753));
#737 = ORIENTED_EDGE('',*,*,#631,.T.);
#738 = ORIENTED_EDGE('',*,*,#739,.T.);
#739 = EDGE_CURVE('',#632,#740,#742,.T.);
#740 = VERTEX_POINT('',#741);
#741 = CARTESIAN_POINT('',(1.,-0.585,0.));
#742 = LINE('',#743,#744);
#743 = CARTESIAN_POINT('',(0.6,-0.585,0.));
#744 = VECTOR('',#745,1.);
#745 = DIRECTION('',(1.,0.,0.));
#746 = ORIENTED_EDGE('',*,*,#747,.F.);
#747 = EDGE_CURVE('',#708,#740,#748,.T.);
#748 = CIRCLE('',#749,4.E-02);
#749 = AXIS2_PLACEMENT_3D('',#750,#751,#752);
#750 = CARTESIAN_POINT('',(1.,-0.585,4.E-02));
#751 = DIRECTION('',(1.,0.,-0.));
#752 = DIRECTION('',(0.,0.,1.));
#753 = ORIENTED_EDGE('',*,*,#717,.F.);
#754 = CYLINDRICAL_SURFACE('',#755,4.E-02);
#755 = AXIS2_PLACEMENT_3D('',#756,#757,#758);
#756 = CARTESIAN_POINT('',(0.6,-0.585,4.E-02));
#757 = DIRECTION('',(1.,0.,0.));
#758 = DIRECTION('',(0.,-1.,0.));
#759 = ADVANCED_FACE('',(#760),#779,.T.);
#760 = FACE_BOUND('',#761,.T.);
#761 = EDGE_LOOP('',(#762,#763,#772,#778));
#762 = ORIENTED_EDGE('',*,*,#724,.T.);
#763 = ORIENTED_EDGE('',*,*,#764,.T.);
#764 = EDGE_CURVE('',#710,#765,#767,.T.);
#765 = VERTEX_POINT('',#766);
#766 = CARTESIAN_POINT('',(1.,-0.585,1.25));
#767 = CIRCLE('',#768,4.E-02);
#768 = AXIS2_PLACEMENT_3D('',#769,#770,#771);
#769 = CARTESIAN_POINT('',(1.,-0.585,1.21));
#770 = DIRECTION('',(-1.,0.,0.));
#771 = DIRECTION('',(0.,0.,1.));
#772 = ORIENTED_EDGE('',*,*,#773,.F.);
#773 = EDGE_CURVE('',#675,#765,#774,.T.);
#774 = LINE('',#775,#776);
#775 = CARTESIAN_POINT('',(0.6,-0.585,1.25));
#776 = VECTOR('',#777,1.);
#777 = DIRECTION('',(1.,0.,0.));
#778 = ORIENTED_EDGE('',*,*,#682,.F.);
#779 = CYLINDRICAL_SURFACE('',#780,4.E-02);
#780 = AXIS2_PLACEMENT_3D('',#781,#782,#783);
#781 = CARTESIAN_POINT('',(0.6,-0.585,1.21));
#782 = DIRECTION('',(1.,0.,0.));
#783 = DIRECTION('',(0.,-1.,0.));
#784 = ADVANCED_FACE('',(#785),#803,.F.);
#785 = FACE_BOUND('',#786,.F.);
#786 = EDGE_LOOP('',(#787,#788,#789,#797));
#787 = ORIENTED_EDGE('',*,*,#640,.F.);
#788 = ORIENTED_EDGE('',*,*,#739,.T.);
#789 = ORIENTED_EDGE('',*,*,#790,.T.);
#790 = EDGE_CURVE('',#740,#791,#793,.T.);
#791 = VERTEX_POINT('',#792);
#792 = CARTESIAN_POINT('',(1.,0.585,0.));
#793 = LINE('',#794,#795);
#794 = CARTESIAN_POINT('',(1.,-0.625,0.));
#795 = VECTOR('',#796,1.);
#796 = DIRECTION('',(0.,1.,0.));
#797 = ORIENTED_EDGE('',*,*,#798,.F.);
#798 = EDGE_CURVE('',#641,#791,#799,.T.);
#799 = LINE('',#800,#801);
#800 = CARTESIAN_POINT('',(0.6,0.585,0.));
#801 = VECTOR('',#802,1.);
#802 = DIRECTION('',(1.,0.,0.));
#803 = PLANE('',#804);
#804 = AXIS2_PLACEMENT_3D('',#805,#806,#807);
#805 = CARTESIAN_POINT('',(0.6,-0.625,0.));
#806 = DIRECTION('',(0.,0.,1.));
#807 = DIRECTION('',(1.,0.,-0.));
#808 = ADVANCED_FACE('',(#809),#827,.T.);
#809 = FACE_BOUND('',#810,.T.);
#810 = EDGE_LOOP('',(#811,#812,#813,#821));
#811 = ORIENTED_EDGE('',*,*,#674,.F.);
#812 = ORIENTED_EDGE('',*,*,#773,.T.);
#813 = ORIENTED_EDGE('',*,*,#814,.T.);
#814 = EDGE_CURVE('',#765,#815,#817,.T.);
#815 = VERTEX_POINT('',#816);
#816 = CARTESIAN_POINT('',(1.,0.585,1.25));
#817 = LINE('',#818,#819);
#818 = CARTESIAN_POINT('',(1.,-0.625,1.25));
#819 = VECTOR('',#820,1.);
#820 = DIRECTION('',(0.,1.,0.));
#821 = ORIENTED_EDGE('',*,*,#822,.F.);
#822 = EDGE_CURVE('',#666,#815,#823,.T.);
#823 = LINE('',#824,#825);
#824 = CARTESIAN_POINT('',(0.6,0.585,1.25));
#825 = VECTOR('',#826,1.);
#826 = DIRECTION('',(1.,0.,0.));
#827 = PLANE('',#828);
#828 = AXIS2_PLACEMENT_3D('',#829,#830,#831);
#829 = CARTESIAN_POINT('',(0.6,-0.625,1.25));
#830 = DIRECTION('',(0.,0.,1.));
#831 = DIRECTION('',(1.,0.,-0.));
#832 = ADVANCED_FACE('',(#833),#852,.T.);
#833 = FACE_BOUND('',#834,.T.);
#834 = EDGE_LOOP('',(#835,#843,#850,#851));
#835 = ORIENTED_EDGE('',*,*,#836,.T.);
#836 = EDGE_CURVE('',#649,#837,#839,.T.);
#837 = VERTEX_POINT('',#838);
#838 = CARTESIAN_POINT('',(1.,0.625,4.E-02));
#839 = LINE('',#840,#841);
#840 = CARTESIAN_POINT('',(0.6,0.625,4.E-02));
#841 = VECTOR('',#842,1.);
#842 = DIRECTION('',(1.,0.,0.));
#843 = ORIENTED_EDGE('',*,*,#844,.T.);
#844 = EDGE_CURVE('',#837,#791,#845,.T.);
#845 = CIRCLE('',#846,4.E-02);
#846 = AXIS2_PLACEMENT_3D('',#847,#848,#849);
#847 = CARTESIAN_POINT('',(1.,0.585,4.E-02));
#848 = DIRECTION('',(-1.,0.,0.));
#849 = DIRECTION('',(0.,0.,1.));
#850 = ORIENTED_EDGE('',*,*,#798,.F.);
#851 = ORIENTED_EDGE('',*,*,#648,.F.);
#852 = CYLINDRICAL_SURFACE('',#853,4.E-02);
#853 = AXIS2_PLACEMENT_3D('',#854,#855,#856);
#854 = CARTESIAN_POINT('',(0.6,0.585,4.E-02));
#855 = DIRECTION('',(1.,0.,0.));
#856 = DIRECTION('',(-0.,1.,0.));
#857 = ADVANCED_FACE('',(#858),#877,.T.);
#858 = FACE_BOUND('',#859,.T.);
#859 = EDGE_LOOP('',(#860,#861,#862,#871));
#860 = ORIENTED_EDGE('',*,*,#665,.T.);
#861 = ORIENTED_EDGE('',*,*,#822,.T.);
#862 = ORIENTED_EDGE('',*,*,#863,.F.);
#863 = EDGE_CURVE('',#864,#815,#866,.T.);
#864 = VERTEX_POINT('',#865);
#865 = CARTESIAN_POINT('',(1.,0.625,1.21));
#866 = CIRCLE('',#867,4.E-02);
#867 = AXIS2_PLACEMENT_3D('',#868,#869,#870);
#868 = CARTESIAN_POINT('',(1.,0.585,1.21));
#869 = DIRECTION('',(1.,0.,-0.));
#870 = DIRECTION('',(0.,0.,1.));
#871 = ORIENTED_EDGE('',*,*,#872,.F.);
#872 = EDGE_CURVE('',#658,#864,#873,.T.);
#873 = LINE('',#874,#875);
#874 = CARTESIAN_POINT('',(0.6,0.625,1.21));
#875 = VECTOR('',#876,1.);
#876 = DIRECTION('',(1.,0.,0.));
#877 = CYLINDRICAL_SURFACE('',#878,4.E-02);
#878 = AXIS2_PLACEMENT_3D('',#879,#880,#881);
#879 = CARTESIAN_POINT('',(0.6,0.585,1.21));
#880 = DIRECTION('',(1.,0.,0.));
#881 = DIRECTION('',(-0.,1.,0.));
#882 = ADVANCED_FACE('',(#883),#894,.T.);
#883 = FACE_BOUND('',#884,.T.);
#884 = EDGE_LOOP('',(#885,#891,#892,#893));
#885 = ORIENTED_EDGE('',*,*,#886,.F.);
#886 = EDGE_CURVE('',#837,#864,#887,.T.);
#887 = LINE('',#888,#889);
#888 = CARTESIAN_POINT('',(1.,0.625,0.));
#889 = VECTOR('',#890,1.);
#890 = DIRECTION('',(0.,0.,1.));
#891 = ORIENTED_EDGE('',*,*,#836,.F.);
#892 = ORIENTED_EDGE('',*,*,#657,.T.);
#893 = ORIENTED_EDGE('',*,*,#872,.T.);
#894 = PLANE('',#895);
#895 = AXIS2_PLACEMENT_3D('',#896,#897,#898);
#896 = CARTESIAN_POINT('',(0.6,0.625,0.));
#897 = DIRECTION('',(0.,1.,0.));
#898 = DIRECTION('',(0.,-0.,1.));
#899 = ADVANCED_FACE('',(#900),#910,.T.);
#900 = FACE_BOUND('',#901,.T.);
#901 = EDGE_LOOP('',(#902,#903,#904,#905,#906,#907,#908,#909));
#902 = ORIENTED_EDGE('',*,*,#707,.F.);
#903 = ORIENTED_EDGE('',*,*,#747,.T.);
#904 = ORIENTED_EDGE('',*,*,#790,.T.);
#905 = ORIENTED_EDGE('',*,*,#844,.F.);
#906 = ORIENTED_EDGE('',*,*,#886,.T.);
#907 = ORIENTED_EDGE('',*,*,#863,.T.);
#908 = ORIENTED_EDGE('',*,*,#814,.F.);
#909 = ORIENTED_EDGE('',*,*,#764,.F.);
#910 = PLANE('',#911);
#911 = AXIS2_PLACEMENT_3D('',#912,#913,#914);
#912 = CARTESIAN_POINT('',(1.,-0.625,0.));
#913 = DIRECTION('',(1.,0.,0.));
#914 = DIRECTION('',(0.,0.,1.));
#915 = ( GEOMETRIC_REPRESENTATION_CONTEXT(3) 
GLOBAL_UNCERTAINTY_ASSIGNED_CONTEXT((#919)) GLOBAL_UNIT_ASSIGNED_CONTEXT
((#916,#917,#918)) REPRESENTATION_CONTEXT('Context #1',
  '3D Context with UNIT and UNCERTAINTY') );
#916 = ( LENGTH_UNIT() NAMED_UNIT(*) SI_UNIT(.MILLI.,.METRE.) );
#917 = ( NAMED_UNIT(*) PLANE_ANGLE_UNIT() SI_UNIT($,.RADIAN.) );
#918 = ( NAMED_UNIT(*) SI_UNIT($,.STERADIAN.) SOLID_ANGLE_UNIT() );
#919 = UNCERTAINTY_MEASURE_WITH_UNIT(LENGTH_MEASURE(1.E-07),#916,
  'distance_accuracy_value','confusion accuracy');
#920 = CONTEXT_DEPENDENT_SHAPE_REPRESENTATION(#921,#923);
#921 = ( REPRESENTATION_RELATIONSHIP('','',#60,#10) 
REPRESENTATION_RELATIONSHIP_WITH_TRANSFORMATION(#922) 
SHAPE_REPRESENTATION_RELATIONSHIP() );
#922 = ITEM_DEFINED_TRANSFORMATION('','',#11,#15);
#923 = PRODUCT_DEFINITION_SHAPE('Placement','Placement of an item',#924
  );
#924 = NEXT_ASSEMBLY_USAGE_OCCURRENCE('1','C2','',#5,#55,$);
#925 = PRODUCT_RELATED_PRODUCT_CATEGORY('part',$,(#57));
#926 = SHAPE_DEFINITION_REPRESENTATION(#927,#933);
#927 = PRODUCT_DEFINITION_SHAPE('','',#928);
#928 = PRODUCT_DEFINITION('design','',#929,#932);
#929 = PRODUCT_DEFINITION_FORMATION('','',#930);
#930 = PRODUCT('R_0805_2012Metric','R_0805_2012Metric','',(#931));
#931 = PRODUCT_CONTEXT('',#2,'mechanical');
#932 = PRODUCT_DEFINITION_CONTEXT('part definition',#2,'design');
#933 = ADVANCED_BREP_SHAPE_REPRESENTATION('',(#11,#934),#1724);
#934 = MANIFOLD_SOLID_BREP('',#935);
#935 = CLOSED_SHELL('',(#936,#976,#1059,#1084,#1109,#1176,#1193,#1210,
    #1259,#1276,#1293,#1342,#1359,#1428,#1459,#1483,#1552,#1576,#1593,
    #1610,#1627,#1644,#1661,#1678,#1695,#1712));
#936 = ADVANCED_FACE('',(#937),#971,.F.);
#937 = FACE_BOUND('',#938,.F.);
#938 = EDGE_LOOP('',(#939,#949,#957,#965));
#939 = ORIENTED_EDGE('',*,*,#940,.F.);
#940 = EDGE_CURVE('',#941,#943,#945,.T.);
#941 = VERTEX_POINT('',#942);
#942 = CARTESIAN_POINT('',(-1.,-0.6,4.5E-02));
#943 = VERTEX_POINT('',#944);
#944 = CARTESIAN_POINT('',(-1.,-0.6,0.405));
#945 = LINE('',#946,#947);
#946 = CARTESIAN_POINT('',(-1.,-0.6,0.));
#947 = VECTOR('',#948,1.);
#948 = DIRECTION('',(0.,0.,1.));
#949 = ORIENTED_EDGE('',*,*,#950,.T.);
#950 = EDGE_CURVE('',#941,#951,#953,.T.);
#951 = VERTEX_POINT('',#952);
#952 = CARTESIAN_POINT('',(-1.,0.6,4.5E-02));
#953 = LINE('',#954,#955);
#954 = CARTESIAN_POINT('',(-1.,-0.6,4.5E-02));
#955 = VECTOR('',#956,1.);
#956 = DIRECTION('',(0.,1.,0.));
#957 = ORIENTED_EDGE('',*,*,#958,.T.);
#958 = EDGE_CURVE('',#951,#959,#961,.T.);
#959 = VERTEX_POINT('',#960);
#960 = CARTESIAN_POINT('',(-1.,0.6,0.405));
#961 = LINE('',#962,#963);
#962 = CARTESIAN_POINT('',(-1.,0.6,0.));
#963 = VECTOR('',#964,1.);
#964 = DIRECTION('',(0.,0.,1.));
#965 = ORIENTED_EDGE('',*,*,#966,.F.);
#966 = EDGE_CURVE('',#943,#959,#967,.T.);
#967 = LINE('',#968,#969);
#968 = CARTESIAN_POINT('',(-1.,-0.6,0.405));
#969 = VECTOR('',#970,1.);
#970 = DIRECTION('',(0.,1.,0.));
#971 = PLANE('',#972);
#972 = AXIS2_PLACEMENT_3D('',#973,#974,#975);
#973 = CARTESIAN_POINT('',(-1.,-0.6,0.));
#974 = DIRECTION('',(1.,0.,0.));
#975 = DIRECTION('',(0.,0.,1.));
#976 = ADVANCED_FACE('',(#977),#1054,.F.);
#977 = FACE_BOUND('',#978,.F.);
#978 = EDGE_LOOP('',(#979,#989,#996,#997,#1006,#1014,#1023,#1031,#1039,
    #1047));
#979 = ORIENTED_EDGE('',*,*,#980,.F.);
#980 = EDGE_CURVE('',#981,#983,#985,.T.);
#981 = VERTEX_POINT('',#982);
#982 = CARTESIAN_POINT('',(-0.955,-0.6,-2.775557561563E-17));
#983 = VERTEX_POINT('',#984);
#984 = CARTESIAN_POINT('',(-0.745,-0.6,-2.775557561563E-17));
#985 = LINE('',#986,#987);
#986 = CARTESIAN_POINT('',(-1.,-0.6,0.));
#987 = VECTOR('',#988,1.);
#988 = DIRECTION('',(1.,0.,0.));
#989 = ORIENTED_EDGE('',*,*,#990,.F.);
#990 = EDGE_CURVE('',#941,#981,#991,.T.);
#991 = CIRCLE('',#992,4.5E-02);
#992 = AXIS2_PLACEMENT_3D('',#993,#994,#995);
#993 = CARTESIAN_POINT('',(-0.955,-0.6,4.5E-02));
#994 = DIRECTION('',(0.,-1.,0.));
#995 = DIRECTION('',(0.,0.,1.));
#996 = ORIENTED_EDGE('',*,*,#940,.T.);
#997 = ORIENTED_EDGE('',*,*,#998,.T.);
#998 = EDGE_CURVE('',#943,#999,#1001,.T.);
#999 = VERTEX_POINT('',#1000);
#1000 = CARTESIAN_POINT('',(-0.955,-0.6,0.45));
#1001 = CIRCLE('',#1002,4.5E-02);
#1002 = AXIS2_PLACEMENT_3D('',#1003,#1004,#1005);
#1003 = CARTESIAN_POINT('',(-0.955,-0.6,0.405));
#1004 = DIRECTION('',(0.,1.,0.));
#1005 = DIRECTION('',(0.,-0.,1.));
#1006 = ORIENTED_EDGE('',*,*,#1007,.T.);
#1007 = EDGE_CURVE('',#999,#1008,#1010,.T.);
#1008 = VERTEX_POINT('',#1009);
#1009 = CARTESIAN_POINT('',(-0.745,-0.6,0.45));
#1010 = LINE('',#1011,#1012);
#1011 = CARTESIAN_POINT('',(-1.,-0.6,0.45));
#1012 = VECTOR('',#1013,1.);
#1013 = DIRECTION('',(1.,0.,0.));
#1014 = ORIENTED_EDGE('',*,*,#1015,.F.);
#1015 = EDGE_CURVE('',#1016,#1008,#1018,.T.);
#1016 = VERTEX_POINT('',#1017);
#1017 = CARTESIAN_POINT('',(-0.7,-0.6,0.405));
#1018 = CIRCLE('',#1019,4.5E-02);
#1019 = AXIS2_PLACEMENT_3D('',#1020,#1021,#1022);
#1020 = CARTESIAN_POINT('',(-0.745,-0.6,0.405));
#1021 = DIRECTION('',(0.,-1.,0.));
#1022 = DIRECTION('',(0.,0.,1.));
#1023 = ORIENTED_EDGE('',*,*,#1024,.F.);
#1024 = EDGE_CURVE('',#1025,#1016,#1027,.T.);
#1025 = VERTEX_POINT('',#1026);
#1026 = CARTESIAN_POINT('',(-0.955,-0.6,0.405));
#1027 = LINE('',#1028,#1029);
#1028 = CARTESIAN_POINT('',(-0.955,-0.6,0.405));
#1029 = VECTOR('',#1030,1.);
#1030 = DIRECTION('',(1.,0.,0.));
#1031 = ORIENTED_EDGE('',*,*,#1032,.F.);
#1032 = EDGE_CURVE('',#1033,#1025,#1035,.T.);
#1033 = VERTEX_POINT('',#1034);
#1034 = CARTESIAN_POINT('',(-0.955,-0.6,4.5E-02));
#1035 = LINE('',#1036,#1037);
#1036 = CARTESIAN_POINT('',(-0.955,-0.6,4.5E-02));
#1037 = VECTOR('',#1038,1.);
#1038 = DIRECTION('',(0.,0.,1.));
#1039 = ORIENTED_EDGE('',*,*,#1040,.T.);
#1040 = EDGE_CURVE('',#1033,#1041,#1043,.T.);
#1041 = VERTEX_POINT('',#1042);
#1042 = CARTESIAN_POINT('',(-0.7,-0.6,4.5E-02));
#1043 = LINE('',#1044,#1045);
#1044 = CARTESIAN_POINT('',(-0.955,-0.6,4.5E-02));
#1045 = VECTOR('',#1046,1.);
#1046 = DIRECTION('',(1.,0.,0.));
#1047 = ORIENTED_EDGE('',*,*,#1048,.T.);
#1048 = EDGE_CURVE('',#1041,#983,#1049,.T.);
#1049 = CIRCLE('',#1050,4.5E-02);
#1050 = AXIS2_PLACEMENT_3D('',#1051,#1052,#1053);
#1051 = CARTESIAN_POINT('',(-0.745,-0.6,4.5E-02));
#1052 = DIRECTION('',(0.,1.,0.));
#1053 = DIRECTION('',(0.,-0.,1.));
#1054 = PLANE('',#1055);
#1055 = AXIS2_PLACEMENT_3D('',#1056,#1057,#1058);
#1056 = CARTESIAN_POINT('',(-1.,-0.6,0.));
#1057 = DIRECTION('',(0.,1.,0.));
#1058 = DIRECTION('',(0.,-0.,1.));
#1059 = ADVANCED_FACE('',(#1060),#1079,.T.);
#1060 = FACE_BOUND('',#1061,.T.);
#1061 = EDGE_LOOP('',(#1062,#1063,#1072,#1078));
#1062 = ORIENTED_EDGE('',*,*,#950,.T.);
#1063 = ORIENTED_EDGE('',*,*,#1064,.T.);
#1064 = EDGE_CURVE('',#951,#1065,#1067,.T.);
#1065 = VERTEX_POINT('',#1066);
#1066 = CARTESIAN_POINT('',(-0.955,0.6,-2.775557561563E-17));
#1067 = CIRCLE('',#1068,4.5E-02);
#1068 = AXIS2_PLACEMENT_3D('',#1069,#1070,#1071);
#1069 = CARTESIAN_POINT('',(-0.955,0.6,4.5E-02));
#1070 = DIRECTION('',(0.,-1.,0.));
#1071 = DIRECTION('',(0.,0.,1.));
#1072 = ORIENTED_EDGE('',*,*,#1073,.F.);
#1073 = EDGE_CURVE('',#981,#1065,#1074,.T.);
#1074 = LINE('',#1075,#1076);
#1075 = CARTESIAN_POINT('',(-0.955,-0.6,-2.775557561563E-17));
#1076 = VECTOR('',#1077,1.);
#1077 = DIRECTION('',(0.,1.,0.));
#1078 = ORIENTED_EDGE('',*,*,#990,.F.);
#1079 = CYLINDRICAL_SURFACE('',#1080,4.5E-02);
#1080 = AXIS2_PLACEMENT_3D('',#1081,#1082,#1083);
#1081 = CARTESIAN_POINT('',(-0.955,-0.6,4.5E-02));
#1082 = DIRECTION('',(0.,1.,0.));
#1083 = DIRECTION('',(-1.,0.,0.));
#1084 = ADVANCED_FACE('',(#1085),#1104,.T.);
#1085 = FACE_BOUND('',#1086,.T.);
#1086 = EDGE_LOOP('',(#1087,#1088,#1096,#1103));
#1087 = ORIENTED_EDGE('',*,*,#998,.T.);
#1088 = ORIENTED_EDGE('',*,*,#1089,.T.);
#1089 = EDGE_CURVE('',#999,#1090,#1092,.T.);
#1090 = VERTEX_POINT('',#1091);
#1091 = CARTESIAN_POINT('',(-0.955,0.6,0.45));
#1092 = LINE('',#1093,#1094);
#1093 = CARTESIAN_POINT('',(-0.955,-0.6,0.45));
#1094 = VECTOR('',#1095,1.);
#1095 = DIRECTION('',(0.,1.,0.));
#1096 = ORIENTED_EDGE('',*,*,#1097,.F.);
#1097 = EDGE_CURVE('',#959,#1090,#1098,.T.);
#1098 = CIRCLE('',#1099,4.5E-02);
#1099 = AXIS2_PLACEMENT_3D('',#1100,#1101,#1102);
#1100 = CARTESIAN_POINT('',(-0.955,0.6,0.405));
#1101 = DIRECTION('',(0.,1.,0.));
#1102 = DIRECTION('',(0.,-0.,1.));
#1103 = ORIENTED_EDGE('',*,*,#966,.F.);
#1104 = CYLINDRICAL_SURFACE('',#1105,4.5E-02);
#1105 = AXIS2_PLACEMENT_3D('',#1106,#1107,#1108);
#1106 = CARTESIAN_POINT('',(-0.955,-0.6,0.405));
#1107 = DIRECTION('',(0.,1.,0.));
#1108 = DIRECTION('',(-1.,0.,0.));
#1109 = ADVANCED_FACE('',(#1110),#1171,.T.);
#1110 = FACE_BOUND('',#1111,.T.);
#1111 = EDGE_LOOP('',(#1112,#1120,#1121,#1122,#1123,#1131,#1140,#1148,
    #1156,#1164));
#1112 = ORIENTED_EDGE('',*,*,#1113,.F.);
#1113 = EDGE_CURVE('',#1065,#1114,#1116,.T.);
#1114 = VERTEX_POINT('',#1115);
#1115 = CARTESIAN_POINT('',(-0.745,0.6,-2.775557561563E-17));
#1116 = LINE('',#1117,#1118);
#1117 = CARTESIAN_POINT('',(-1.,0.6,0.));
#1118 = VECTOR('',#1119,1.);
#1119 = DIRECTION('',(1.,0.,0.));
#1120 = ORIENTED_EDGE('',*,*,#1064,.F.);
#1121 = ORIENTED_EDGE('',*,*,#958,.T.);
#1122 = ORIENTED_EDGE('',*,*,#1097,.T.);
#1123 = ORIENTED_EDGE('',*,*,#1124,.T.);
#1124 = EDGE_CURVE('',#1090,#1125,#1127,.T.);
#1125 = VERTEX_POINT('',#1126);
#1126 = CARTESIAN_POINT('',(-0.745,0.6,0.45));
#1127 = LINE('',#1128,#1129);
#1128 = CARTESIAN_POINT('',(-1.,0.6,0.45));
#1129 = VECTOR('',#1130,1.);
#1130 = DIRECTION('',(1.,0.,0.));
#1131 = ORIENTED_EDGE('',*,*,#1132,.F.);
#1132 = EDGE_CURVE('',#1133,#1125,#1135,.T.);
#1133 = VERTEX_POINT('',#1134);
#1134 = CARTESIAN_POINT('',(-0.7,0.6,0.405));
#1135 = CIRCLE('',#1136,4.5E-02);
#1136 = AXIS2_PLACEMENT_3D('',#1137,#1138,#1139);
#1137 = CARTESIAN_POINT('',(-0.745,0.6,0.405));
#1138 = DIRECTION('',(0.,-1.,0.));
#1139 = DIRECTION('',(0.,0.,1.));
#1140 = ORIENTED_EDGE('',*,*,#1141,.F.);
#1141 = EDGE_CURVE('',#1142,#1133,#1144,.T.);
#1142 = VERTEX_POINT('',#1143);
#1143 = CARTESIAN_POINT('',(-0.955,0.6,0.405));
#1144 = LINE('',#1145,#1146);
#1145 = CARTESIAN_POINT('',(-0.955,0.6,0.405));
#1146 = VECTOR('',#1147,1.);
#1147 = DIRECTION('',(1.,0.,0.));
#1148 = ORIENTED_EDGE('',*,*,#1149,.F.);
#1149 = EDGE_CURVE('',#1150,#1142,#1152,.T.);
#1150 = VERTEX_POINT('',#1151);
#1151 = CARTESIAN_POINT('',(-0.955,0.6,4.5E-02));
#1152 = LINE('',#1153,#1154);
#1153 = CARTESIAN_POINT('',(-0.955,0.6,4.5E-02));
#1154 = VECTOR('',#1155,1.);
#1155 = DIRECTION('',(0.,0.,1.));
#1156 = ORIENTED_EDGE('',*,*,#1157,.T.);
#1157 = EDGE_CURVE('',#1150,#1158,#1160,.T.);
#1158 = VERTEX_POINT('',#1159);
#1159 = CARTESIAN_POINT('',(-0.7,0.6,4.5E-02));
#1160 = LINE('',#1161,#1162);
#1161 = CARTESIAN_POINT('',(-0.955,0.6,4.5E-02));
#1162 = VECTOR('',#1163,1.);
#1163 = DIRECTION('',(1.,0.,0.));
#1164 = ORIENTED_EDGE('',*,*,#1165,.T.);
#1165 = EDGE_CURVE('',#1158,#1114,#1166,.T.);
#1166 = CIRCLE('',#1167,4.5E-02);
#1167 = AXIS2_PLACEMENT_3D('',#1168,#1169,#1170);
#1168 = CARTESIAN_POINT('',(-0.745,0.6,4.5E-02));
#1169 = DIRECTION('',(0.,1.,0.));
#1170 = DIRECTION('',(0.,-0.,1.));
#1171 = PLANE('',#1172);
#1172 = AXIS2_PLACEMENT_3D('',#1173,#1174,#1175);
#1173 = CARTESIAN_POINT('',(-1.,0.6,0.));
#1174 = DIRECTION('',(0.,1.,0.));
#1175 = DIRECTION('',(0.,-0.,1.));
#1176 = ADVANCED_FACE('',(#1177),#1188,.F.);
#1177 = FACE_BOUND('',#1178,.F.);
#1178 = EDGE_LOOP('',(#1179,#1180,#1181,#1182));
#1179 = ORIENTED_EDGE('',*,*,#1113,.F.);
#1180 = ORIENTED_EDGE('',*,*,#1073,.F.);
#1181 = ORIENTED_EDGE('',*,*,#980,.T.);
#1182 = ORIENTED_EDGE('',*,*,#1183,.T.);
#1183 = EDGE_CURVE('',#983,#1114,#1184,.T.);
#1184 = LINE('',#1185,#1186);
#1185 = CARTESIAN_POINT('',(-0.745,-0.6,-2.775557561563E-17));
#1186 = VECTOR('',#1187,1.);
#1187 = DIRECTION('',(0.,1.,0.));
#1188 = PLANE('',#1189);
#1189 = AXIS2_PLACEMENT_3D('',#1190,#1191,#1192);
#1190 = CARTESIAN_POINT('',(-1.,-0.6,0.));
#1191 = DIRECTION('',(0.,0.,1.));
#1192 = DIRECTION('',(1.,0.,-0.));
#1193 = ADVANCED_FACE('',(#1194),#1205,.T.);
#1194 = FACE_BOUND('',#1195,.T.);
#1195 = EDGE_LOOP('',(#1196,#1197,#1198,#1199));
#1196 = ORIENTED_EDGE('',*,*,#1048,.T.);
#1197 = ORIENTED_EDGE('',*,*,#1183,.T.);
#1198 = ORIENTED_EDGE('',*,*,#1165,.F.);
#1199 = ORIENTED_EDGE('',*,*,#1200,.F.);
#1200 = EDGE_CURVE('',#1041,#1158,#1201,.T.);
#1201 = LINE('',#1202,#1203);
#1202 = CARTESIAN_POINT('',(-0.7,-0.6,4.5E-02));
#1203 = VECTOR('',#1204,1.);
#1204 = DIRECTION('',(0.,1.,0.));
#1205 = CYLINDRICAL_SURFACE('',#1206,4.5E-02);
#1206 = AXIS2_PLACEMENT_3D('',#1207,#1208,#1209);
#1207 = CARTESIAN_POINT('',(-0.745,-0.6,4.5E-02));
#1208 = DIRECTION('',(0.,1.,0.));
#1209 = DIRECTION('',(1.,0.,0.));
#1210 = ADVANCED_FACE('',(#1211),#1254,.F.);
#1211 = FACE_BOUND('',#1212,.F.);
#1212 = EDGE_LOOP('',(#1213,#1214,#1215,#1216,#1224,#1232,#1240,#1248));
#1213 = ORIENTED_EDGE('',*,*,#1040,.F.);
#1214 = ORIENTED_EDGE('',*,*,#1032,.T.);
#1215 = ORIENTED_EDGE('',*,*,#1024,.T.);
#1216 = ORIENTED_EDGE('',*,*,#1217,.T.);
#1217 = EDGE_CURVE('',#1016,#1218,#1220,.T.);
#1218 = VERTEX_POINT('',#1219);
#1219 = CARTESIAN_POINT('',(0.7,-0.6,0.405));
#1220 = LINE('',#1221,#1222);
#1221 = CARTESIAN_POINT('',(-0.7,-0.6,0.405));
#1222 = VECTOR('',#1223,1.);
#1223 = DIRECTION('',(1.,0.,0.));
#1224 = ORIENTED_EDGE('',*,*,#1225,.T.);
#1225 = EDGE_CURVE('',#1218,#1226,#1228,.T.);
#1226 = VERTEX_POINT('',#1227);
#1227 = CARTESIAN_POINT('',(0.955,-0.6,0.405));
#1228 = LINE('',#1229,#1230);
#1229 = CARTESIAN_POINT('',(-0.955,-0.6,0.405));
#1230 = VECTOR('',#1231,1.);
#1231 = DIRECTION('',(1.,0.,0.));
#1232 = ORIENTED_EDGE('',*,*,#1233,.F.);
#1233 = EDGE_CURVE('',#1234,#1226,#1236,.T.);
#1234 = VERTEX_POINT('',#1235);
#1235 = CARTESIAN_POINT('',(0.955,-0.6,4.5E-02));
#1236 = LINE('',#1237,#1238);
#1237 = CARTESIAN_POINT('',(0.955,-0.6,4.5E-02));
#1238 = VECTOR('',#1239,1.);
#1239 = DIRECTION('',(0.,0.,1.));
#1240 = ORIENTED_EDGE('',*,*,#1241,.F.);
#1241 = EDGE_CURVE('',#1242,#1234,#1244,.T.);
#1242 = VERTEX_POINT('',#1243);
#1243 = CARTESIAN_POINT('',(0.7,-0.6,4.5E-02));
#1244 = LINE('',#1245,#1246);
#1245 = CARTESIAN_POINT('',(-0.955,-0.6,4.5E-02));
#1246 = VECTOR('',#1247,1.);
#1247 = DIRECTION('',(1.,0.,0.));
#1248 = ORIENTED_EDGE('',*,*,#1249,.F.);
#1249 = EDGE_CURVE('',#1041,#1242,#1250,.T.);
#1250 = LINE('',#1251,#1252);
#1251 = CARTESIAN_POINT('',(-0.955,-0.6,4.5E-02));
#1252 = VECTOR('',#1253,1.);
#1253 = DIRECTION('',(1.,0.,0.));
#1254 = PLANE('',#1255);
#1255 = AXIS2_PLACEMENT_3D('',#1256,#1257,#1258);
#1256 = CARTESIAN_POINT('',(-0.955,-0.6,4.5E-02));
#1257 = DIRECTION('',(0.,1.,0.));
#1258 = DIRECTION('',(0.,-0.,1.));
#1259 = ADVANCED_FACE('',(#1260),#1271,.T.);
#1260 = FACE_BOUND('',#1261,.T.);
#1261 = EDGE_LOOP('',(#1262,#1263,#1264,#1265));
#1262 = ORIENTED_EDGE('',*,*,#1124,.F.);
#1263 = ORIENTED_EDGE('',*,*,#1089,.F.);
#1264 = ORIENTED_EDGE('',*,*,#1007,.T.);
#1265 = ORIENTED_EDGE('',*,*,#1266,.T.);
#1266 = EDGE_CURVE('',#1008,#1125,#1267,.T.);
#1267 = LINE('',#1268,#1269);
#1268 = CARTESIAN_POINT('',(-0.745,-0.6,0.45));
#1269 = VECTOR('',#1270,1.);
#1270 = DIRECTION('',(0.,1.,0.));
#1271 = PLANE('',#1272);
#1272 = AXIS2_PLACEMENT_3D('',#1273,#1274,#1275);
#1273 = CARTESIAN_POINT('',(-1.,-0.6,0.45));
#1274 = DIRECTION('',(0.,0.,1.));
#1275 = DIRECTION('',(1.,0.,-0.));
#1276 = ADVANCED_FACE('',(#1277),#1288,.T.);
#1277 = FACE_BOUND('',#1278,.T.);
#1278 = EDGE_LOOP('',(#1279,#1285,#1286,#1287));
#1279 = ORIENTED_EDGE('',*,*,#1280,.T.);
#1280 = EDGE_CURVE('',#1016,#1133,#1281,.T.);
#1281 = LINE('',#1282,#1283);
#1282 = CARTESIAN_POINT('',(-0.7,-0.6,0.405));
#1283 = VECTOR('',#1284,1.);
#1284 = DIRECTION('',(0.,1.,0.));
#1285 = ORIENTED_EDGE('',*,*,#1132,.T.);
#1286 = ORIENTED_EDGE('',*,*,#1266,.F.);
#1287 = ORIENTED_EDGE('',*,*,#1015,.F.);
#1288 = CYLINDRICAL_SURFACE('',#1289,4.5E-02);
#1289 = AXIS2_PLACEMENT_3D('',#1290,#1291,#1292);
#1290 = CARTESIAN_POINT('',(-0.745,-0.6,0.405));
#1291 = DIRECTION('',(0.,1.,0.));
#1292 = DIRECTION('',(1.,0.,0.));
#1293 = ADVANCED_FACE('',(#1294),#1337,.T.);
#1294 = FACE_BOUND('',#1295,.T.);
#1295 = EDGE_LOOP('',(#1296,#1297,#1298,#1299,#1307,#1315,#1323,#1331));
#1296 = ORIENTED_EDGE('',*,*,#1157,.F.);
#1297 = ORIENTED_EDGE('',*,*,#1149,.T.);
#1298 = ORIENTED_EDGE('',*,*,#1141,.T.);
#1299 = ORIENTED_EDGE('',*,*,#1300,.T.);
#1300 = EDGE_CURVE('',#1133,#1301,#1303,.T.);
#1301 = VERTEX_POINT('',#1302);
#1302 = CARTESIAN_POINT('',(0.7,0.6,0.405));
#1303 = LINE('',#1304,#1305);
#1304 = CARTESIAN_POINT('',(-0.7,0.6,0.405));
#1305 = VECTOR('',#1306,1.);
#1306 = DIRECTION('',(1.,0.,0.));
#1307 = ORIENTED_EDGE('',*,*,#1308,.T.);
#1308 = EDGE_CURVE('',#1301,#1309,#1311,.T.);
#1309 = VERTEX_POINT('',#1310);
#1310 = CARTESIAN_POINT('',(0.955,0.6,0.405));
#1311 = LINE('',#1312,#1313);
#1312 = CARTESIAN_POINT('',(-0.955,0.6,0.405));
#1313 = VECTOR('',#1314,1.);
#1314 = DIRECTION('',(1.,0.,0.));
#1315 = ORIENTED_EDGE('',*,*,#1316,.F.);
#1316 = EDGE_CURVE('',#1317,#1309,#1319,.T.);
#1317 = VERTEX_POINT('',#1318);
#1318 = CARTESIAN_POINT('',(0.955,0.6,4.5E-02));
#1319 = LINE('',#1320,#1321);
#1320 = CARTESIAN_POINT('',(0.955,0.6,4.5E-02));
#1321 = VECTOR('',#1322,1.);
#1322 = DIRECTION('',(0.,0.,1.));
#1323 = ORIENTED_EDGE('',*,*,#1324,.F.);
#1324 = EDGE_CURVE('',#1325,#1317,#1327,.T.);
#1325 = VERTEX_POINT('',#1326);
#1326 = CARTESIAN_POINT('',(0.7,0.6,4.5E-02));
#1327 = LINE('',#1328,#1329);
#1328 = CARTESIAN_POINT('',(-0.955,0.6,4.5E-02));
#1329 = VECTOR('',#1330,1.);
#1330 = DIRECTION('',(1.,0.,0.));
#1331 = ORIENTED_EDGE('',*,*,#1332,.F.);
#1332 = EDGE_CURVE('',#1158,#1325,#1333,.T.);
#1333 = LINE('',#1334,#1335);
#1334 = CARTESIAN_POINT('',(-0.955,0.6,4.5E-02));
#1335 = VECTOR('',#1336,1.);
#1336 = DIRECTION('',(1.,0.,0.));
#1337 = PLANE('',#1338);
#1338 = AXIS2_PLACEMENT_3D('',#1339,#1340,#1341);
#1339 = CARTESIAN_POINT('',(-0.955,0.6,4.5E-02));
#1340 = DIRECTION('',(0.,1.,0.));
#1341 = DIRECTION('',(0.,-0.,1.));
#1342 = ADVANCED_FACE('',(#1343),#1354,.F.);
#1343 = FACE_BOUND('',#1344,.F.);
#1344 = EDGE_LOOP('',(#1345,#1346,#1347,#1353));
#1345 = ORIENTED_EDGE('',*,*,#1200,.F.);
#1346 = ORIENTED_EDGE('',*,*,#1249,.T.);
#1347 = ORIENTED_EDGE('',*,*,#1348,.T.);
#1348 = EDGE_CURVE('',#1242,#1325,#1349,.T.);
#1349 = LINE('',#1350,#1351);
#1350 = CARTESIAN_POINT('',(0.7,-0.6,4.5E-02));
#1351 = VECTOR('',#1352,1.);
#1352 = DIRECTION('',(0.,1.,0.));
#1353 = ORIENTED_EDGE('',*,*,#1332,.F.);
#1354 = PLANE('',#1355);
#1355 = AXIS2_PLACEMENT_3D('',#1356,#1357,#1358);
#1356 = CARTESIAN_POINT('',(-0.955,-0.6,4.5E-02));
#1357 = DIRECTION('',(0.,0.,1.));
#1358 = DIRECTION('',(1.,0.,-0.));
#1359 = ADVANCED_FACE('',(#1360),#1423,.F.);
#1360 = FACE_BOUND('',#1361,.F.);
#1361 = EDGE_LOOP('',(#1362,#1372,#1379,#1380,#1381,#1382,#1391,#1399,
    #1408,#1416));
#1362 = ORIENTED_EDGE('',*,*,#1363,.F.);
#1363 = EDGE_CURVE('',#1364,#1366,#1368,.T.);
#1364 = VERTEX_POINT('',#1365);
#1365 = CARTESIAN_POINT('',(0.745,-0.6,-2.775557561563E-17));
#1366 = VERTEX_POINT('',#1367);
#1367 = CARTESIAN_POINT('',(0.955,-0.6,-2.775557561563E-17));
#1368 = LINE('',#1369,#1370);
#1369 = CARTESIAN_POINT('',(0.7,-0.6,0.));
#1370 = VECTOR('',#1371,1.);
#1371 = DIRECTION('',(1.,0.,0.));
#1372 = ORIENTED_EDGE('',*,*,#1373,.F.);
#1373 = EDGE_CURVE('',#1242,#1364,#1374,.T.);
#1374 = CIRCLE('',#1375,4.5E-02);
#1375 = AXIS2_PLACEMENT_3D('',#1376,#1377,#1378);
#1376 = CARTESIAN_POINT('',(0.745,-0.6,4.5E-02));
#1377 = DIRECTION('',(0.,-1.,0.));
#1378 = DIRECTION('',(0.,0.,1.));
#1379 = ORIENTED_EDGE('',*,*,#1241,.T.);
#1380 = ORIENTED_EDGE('',*,*,#1233,.T.);
#1381 = ORIENTED_EDGE('',*,*,#1225,.F.);
#1382 = ORIENTED_EDGE('',*,*,#1383,.T.);
#1383 = EDGE_CURVE('',#1218,#1384,#1386,.T.);
#1384 = VERTEX_POINT('',#1385);
#1385 = CARTESIAN_POINT('',(0.745,-0.6,0.45));
#1386 = CIRCLE('',#1387,4.5E-02);
#1387 = AXIS2_PLACEMENT_3D('',#1388,#1389,#1390);
#1388 = CARTESIAN_POINT('',(0.745,-0.6,0.405));
#1389 = DIRECTION('',(0.,1.,0.));
#1390 = DIRECTION('',(0.,-0.,1.));
#1391 = ORIENTED_EDGE('',*,*,#1392,.T.);
#1392 = EDGE_CURVE('',#1384,#1393,#1395,.T.);
#1393 = VERTEX_POINT('',#1394);
#1394 = CARTESIAN_POINT('',(0.955,-0.6,0.45));
#1395 = LINE('',#1396,#1397);
#1396 = CARTESIAN_POINT('',(0.7,-0.6,0.45));
#1397 = VECTOR('',#1398,1.);
#1398 = DIRECTION('',(1.,0.,0.));
#1399 = ORIENTED_EDGE('',*,*,#1400,.F.);
#1400 = EDGE_CURVE('',#1401,#1393,#1403,.T.);
#1401 = VERTEX_POINT('',#1402);
#1402 = CARTESIAN_POINT('',(1.,-0.6,0.405));
#1403 = CIRCLE('',#1404,4.5E-02);
#1404 = AXIS2_PLACEMENT_3D('',#1405,#1406,#1407);
#1405 = CARTESIAN_POINT('',(0.955,-0.6,0.405));
#1406 = DIRECTION('',(0.,-1.,0.));
#1407 = DIRECTION('',(0.,0.,1.));
#1408 = ORIENTED_EDGE('',*,*,#1409,.F.);
#1409 = EDGE_CURVE('',#1410,#1401,#1412,.T.);
#1410 = VERTEX_POINT('',#1411);
#1411 = CARTESIAN_POINT('',(1.,-0.6,4.5E-02));
#1412 = LINE('',#1413,#1414);
#1413 = CARTESIAN_POINT('',(1.,-0.6,0.));
#1414 = VECTOR('',#1415,1.);
#1415 = DIRECTION('',(0.,0.,1.));
#1416 = ORIENTED_EDGE('',*,*,#1417,.T.);
#1417 = EDGE_CURVE('',#1410,#1366,#1418,.T.);
#1418 = CIRCLE('',#1419,4.5E-02);
#1419 = AXIS2_PLACEMENT_3D('',#1420,#1421,#1422);
#1420 = CARTESIAN_POINT('',(0.955,-0.6,4.5E-02));
#1421 = DIRECTION('',(0.,1.,0.));
#1422 = DIRECTION('',(0.,-0.,1.));
#1423 = PLANE('',#1424);
#1424 = AXIS2_PLACEMENT_3D('',#1425,#1426,#1427);
#1425 = CARTESIAN_POINT('',(0.7,-0.6,0.));
#1426 = DIRECTION('',(0.,1.,0.));
#1427 = DIRECTION('',(0.,-0.,1.));
#1428 = ADVANCED_FACE('',(#1429),#1454,.F.);
#1429 = FACE_BOUND('',#1430,.F.);
#1430 = EDGE_LOOP('',(#1431,#1432,#1440,#1448));
#1431 = ORIENTED_EDGE('',*,*,#1217,.F.);
#1432 = ORIENTED_EDGE('',*,*,#1433,.T.);
#1433 = EDGE_CURVE('',#1016,#1434,#1436,.T.);
#1434 = VERTEX_POINT('',#1435);
#1435 = CARTESIAN_POINT('',(-0.7,-0.6,0.45));
#1436 = LINE('',#1437,#1438);
#1437 = CARTESIAN_POINT('',(-0.7,-0.6,0.405));
#1438 = VECTOR('',#1439,1.);
#1439 = DIRECTION('',(0.,0.,1.));
#1440 = ORIENTED_EDGE('',*,*,#1441,.T.);
#1441 = EDGE_CURVE('',#1434,#1442,#1444,.T.);
#1442 = VERTEX_POINT('',#1443);
#1443 = CARTESIAN_POINT('',(0.7,-0.6,0.45));
#1444 = LINE('',#1445,#1446);
#1445 = CARTESIAN_POINT('',(-0.7,-0.6,0.45));
#1446 = VECTOR('',#1447,1.);
#1447 = DIRECTION('',(1.,0.,0.));
#1448 = ORIENTED_EDGE('',*,*,#1449,.F.);
#1449 = EDGE_CURVE('',#1218,#1442,#1450,.T.);
#1450 = LINE('',#1451,#1452);
#1451 = CARTESIAN_POINT('',(0.7,-0.6,0.405));
#1452 = VECTOR('',#1453,1.);
#1453 = DIRECTION('',(0.,0.,1.));
#1454 = PLANE('',#1455);
#1455 = AXIS2_PLACEMENT_3D('',#1456,#1457,#1458);
#1456 = CARTESIAN_POINT('',(-0.7,-0.6,0.405));
#1457 = DIRECTION('',(0.,1.,0.));
#1458 = DIRECTION('',(0.,-0.,1.));
#1459 = ADVANCED_FACE('',(#1460),#1478,.F.);
#1460 = FACE_BOUND('',#1461,.F.);
#1461 = EDGE_LOOP('',(#1462,#1463,#1464,#1472));
#1462 = ORIENTED_EDGE('',*,*,#1433,.F.);
#1463 = ORIENTED_EDGE('',*,*,#1280,.T.);
#1464 = ORIENTED_EDGE('',*,*,#1465,.T.);
#1465 = EDGE_CURVE('',#1133,#1466,#1468,.T.);
#1466 = VERTEX_POINT('',#1467);
#1467 = CARTESIAN_POINT('',(-0.7,0.6,0.45));
#1468 = LINE('',#1469,#1470);
#1469 = CARTESIAN_POINT('',(-0.7,0.6,0.405));
#1470 = VECTOR('',#1471,1.);
#1471 = DIRECTION('',(0.,0.,1.));
#1472 = ORIENTED_EDGE('',*,*,#1473,.F.);
#1473 = EDGE_CURVE('',#1434,#1466,#1474,.T.);
#1474 = LINE('',#1475,#1476);
#1475 = CARTESIAN_POINT('',(-0.7,-0.6,0.45));
#1476 = VECTOR('',#1477,1.);
#1477 = DIRECTION('',(0.,1.,0.));
#1478 = PLANE('',#1479);
#1479 = AXIS2_PLACEMENT_3D('',#1480,#1481,#1482);
#1480 = CARTESIAN_POINT('',(-0.7,-0.6,0.405));
#1481 = DIRECTION('',(1.,0.,0.));
#1482 = DIRECTION('',(0.,0.,1.));
#1483 = ADVANCED_FACE('',(#1484),#1547,.T.);
#1484 = FACE_BOUND('',#1485,.T.);
#1485 = EDGE_LOOP('',(#1486,#1496,#1503,#1504,#1505,#1506,#1515,#1523,
    #1532,#1540));
#1486 = ORIENTED_EDGE('',*,*,#1487,.F.);
#1487 = EDGE_CURVE('',#1488,#1490,#1492,.T.);
#1488 = VERTEX_POINT('',#1489);
#1489 = CARTESIAN_POINT('',(0.745,0.6,-2.775557561563E-17));
#1490 = VERTEX_POINT('',#1491);
#1491 = CARTESIAN_POINT('',(0.955,0.6,-2.775557561563E-17));
#1492 = LINE('',#1493,#1494);
#1493 = CARTESIAN_POINT('',(0.7,0.6,0.));
#1494 = VECTOR('',#1495,1.);
#1495 = DIRECTION('',(1.,0.,0.));
#1496 = ORIENTED_EDGE('',*,*,#1497,.F.);
#1497 = EDGE_CURVE('',#1325,#1488,#1498,.T.);
#1498 = CIRCLE('',#1499,4.5E-02);
#1499 = AXIS2_PLACEMENT_3D('',#1500,#1501,#1502);
#1500 = CARTESIAN_POINT('',(0.745,0.6,4.5E-02));
#1501 = DIRECTION('',(0.,-1.,0.));
#1502 = DIRECTION('',(0.,0.,1.));
#1503 = ORIENTED_EDGE('',*,*,#1324,.T.);
#1504 = ORIENTED_EDGE('',*,*,#1316,.T.);
#1505 = ORIENTED_EDGE('',*,*,#1308,.F.);
#1506 = ORIENTED_EDGE('',*,*,#1507,.T.);
#1507 = EDGE_CURVE('',#1301,#1508,#1510,.T.);
#1508 = VERTEX_POINT('',#1509);
#1509 = CARTESIAN_POINT('',(0.745,0.6,0.45));
#1510 = CIRCLE('',#1511,4.5E-02);
#1511 = AXIS2_PLACEMENT_3D('',#1512,#1513,#1514);
#1512 = CARTESIAN_POINT('',(0.745,0.6,0.405));
#1513 = DIRECTION('',(0.,1.,0.));
#1514 = DIRECTION('',(0.,-0.,1.));
#1515 = ORIENTED_EDGE('',*,*,#1516,.T.);
#1516 = EDGE_CURVE('',#1508,#1517,#1519,.T.);
#1517 = VERTEX_POINT('',#1518);
#1518 = CARTESIAN_POINT('',(0.955,0.6,0.45));
#1519 = LINE('',#1520,#1521);
#1520 = CARTESIAN_POINT('',(0.7,0.6,0.45));
#1521 = VECTOR('',#1522,1.);
#1522 = DIRECTION('',(1.,0.,0.));
#1523 = ORIENTED_EDGE('',*,*,#1524,.F.);
#1524 = EDGE_CURVE('',#1525,#1517,#1527,.T.);
#1525 = VERTEX_POINT('',#1526);
#1526 = CARTESIAN_POINT('',(1.,0.6,0.405));
#1527 = CIRCLE('',#1528,4.5E-02);
#1528 = AXIS2_PLACEMENT_3D('',#1529,#1530,#1531);
#1529 = CARTESIAN_POINT('',(0.955,0.6,0.405));
#1530 = DIRECTION('',(0.,-1.,0.));
#1531 = DIRECTION('',(0.,0.,1.));
#1532 = ORIENTED_EDGE('',*,*,#1533,.F.);
#1533 = EDGE_CURVE('',#1534,#1525,#1536,.T.);
#1534 = VERTEX_POINT('',#1535);
#1535 = CARTESIAN_POINT('',(1.,0.6,4.5E-02));
#1536 = LINE('',#1537,#1538);
#1537 = CARTESIAN_POINT('',(1.,0.6,0.));
#1538 = VECTOR('',#1539,1.);
#1539 = DIRECTION('',(0.,0.,1.));
#1540 = ORIENTED_EDGE('',*,*,#1541,.T.);
#1541 = EDGE_CURVE('',#1534,#1490,#1542,.T.);
#1542 = CIRCLE('',#1543,4.5E-02);
#1543 = AXIS2_PLACEMENT_3D('',#1544,#1545,#1546);
#1544 = CARTESIAN_POINT('',(0.955,0.6,4.5E-02));
#1545 = DIRECTION('',(0.,1.,0.));
#1546 = DIRECTION('',(0.,-0.,1.));
#1547 = PLANE('',#1548);
#1548 = AXIS2_PLACEMENT_3D('',#1549,#1550,#1551);
#1549 = CARTESIAN_POINT('',(0.7,0.6,0.));
#1550 = DIRECTION('',(0.,1.,0.));
#1551 = DIRECTION('',(0.,-0.,1.));
#1552 = ADVANCED_FACE('',(#1553),#1571,.T.);
#1553 = FACE_BOUND('',#1554,.T.);
#1554 = EDGE_LOOP('',(#1555,#1556,#1557,#1565));
#1555 = ORIENTED_EDGE('',*,*,#1300,.F.);
#1556 = ORIENTED_EDGE('',*,*,#1465,.T.);
#1557 = ORIENTED_EDGE('',*,*,#1558,.T.);
#1558 = EDGE_CURVE('',#1466,#1559,#1561,.T.);
#1559 = VERTEX_POINT('',#1560);
#1560 = CARTESIAN_POINT('',(0.7,0.6,0.45));
#1561 = LINE('',#1562,#1563);
#1562 = CARTESIAN_POINT('',(-0.7,0.6,0.45));
#1563 = VECTOR('',#1564,1.);
#1564 = DIRECTION('',(1.,0.,0.));
#1565 = ORIENTED_EDGE('',*,*,#1566,.F.);
#1566 = EDGE_CURVE('',#1301,#1559,#1567,.T.);
#1567 = LINE('',#1568,#1569);
#1568 = CARTESIAN_POINT('',(0.7,0.6,0.405));
#1569 = VECTOR('',#1570,1.);
#1570 = DIRECTION('',(0.,0.,1.));
#1571 = PLANE('',#1572);
#1572 = AXIS2_PLACEMENT_3D('',#1573,#1574,#1575);
#1573 = CARTESIAN_POINT('',(-0.7,0.6,0.405));
#1574 = DIRECTION('',(0.,1.,0.));
#1575 = DIRECTION('',(0.,-0.,1.));
#1576 = ADVANCED_FACE('',(#1577),#1588,.T.);
#1577 = FACE_BOUND('',#1578,.T.);
#1578 = EDGE_LOOP('',(#1579,#1580,#1581,#1587));
#1579 = ORIENTED_EDGE('',*,*,#1348,.T.);
#1580 = ORIENTED_EDGE('',*,*,#1497,.T.);
#1581 = ORIENTED_EDGE('',*,*,#1582,.F.);
#1582 = EDGE_CURVE('',#1364,#1488,#1583,.T.);
#1583 = LINE('',#1584,#1585);
#1584 = CARTESIAN_POINT('',(0.745,-0.6,-2.775557561563E-17));
#1585 = VECTOR('',#1586,1.);
#1586 = DIRECTION('',(0.,1.,0.));
#1587 = ORIENTED_EDGE('',*,*,#1373,.F.);
#1588 = CYLINDRICAL_SURFACE('',#1589,4.5E-02);
#1589 = AXIS2_PLACEMENT_3D('',#1590,#1591,#1592);
#1590 = CARTESIAN_POINT('',(0.745,-0.6,4.5E-02));
#1591 = DIRECTION('',(0.,1.,0.));
#1592 = DIRECTION('',(-1.,0.,0.));
#1593 = ADVANCED_FACE('',(#1594),#1605,.F.);
#1594 = FACE_BOUND('',#1595,.F.);
#1595 = EDGE_LOOP('',(#1596,#1597,#1598,#1599));
#1596 = ORIENTED_EDGE('',*,*,#1487,.F.);
#1597 = ORIENTED_EDGE('',*,*,#1582,.F.);
#1598 = ORIENTED_EDGE('',*,*,#1363,.T.);
#1599 = ORIENTED_EDGE('',*,*,#1600,.T.);
#1600 = EDGE_CURVE('',#1366,#1490,#1601,.T.);
#1601 = LINE('',#1602,#1603);
#1602 = CARTESIAN_POINT('',(0.955,-0.6,-2.775557561563E-17));
#1603 = VECTOR('',#1604,1.);
#1604 = DIRECTION('',(0.,1.,0.));
#1605 = PLANE('',#1606);
#1606 = AXIS2_PLACEMENT_3D('',#1607,#1608,#1609);
#1607 = CARTESIAN_POINT('',(0.7,-0.6,0.));
#1608 = DIRECTION('',(0.,0.,1.));
#1609 = DIRECTION('',(1.,0.,-0.));
#1610 = ADVANCED_FACE('',(#1611),#1622,.T.);
#1611 = FACE_BOUND('',#1612,.T.);
#1612 = EDGE_LOOP('',(#1613,#1614,#1615,#1616));
#1613 = ORIENTED_EDGE('',*,*,#1417,.T.);
#1614 = ORIENTED_EDGE('',*,*,#1600,.T.);
#1615 = ORIENTED_EDGE('',*,*,#1541,.F.);
#1616 = ORIENTED_EDGE('',*,*,#1617,.F.);
#1617 = EDGE_CURVE('',#1410,#1534,#1618,.T.);
#1618 = LINE('',#1619,#1620);
#1619 = CARTESIAN_POINT('',(1.,-0.6,4.5E-02));
#1620 = VECTOR('',#1621,1.);
#1621 = DIRECTION('',(0.,1.,0.));
#1622 = CYLINDRICAL_SURFACE('',#1623,4.5E-02);
#1623 = AXIS2_PLACEMENT_3D('',#1624,#1625,#1626);
#1624 = CARTESIAN_POINT('',(0.955,-0.6,4.5E-02));
#1625 = DIRECTION('',(0.,1.,0.));
#1626 = DIRECTION('',(1.,0.,0.));
#1627 = ADVANCED_FACE('',(#1628),#1639,.T.);
#1628 = FACE_BOUND('',#1629,.T.);
#1629 = EDGE_LOOP('',(#1630,#1631,#1632,#1633));
#1630 = ORIENTED_EDGE('',*,*,#1409,.F.);
#1631 = ORIENTED_EDGE('',*,*,#1617,.T.);
#1632 = ORIENTED_EDGE('',*,*,#1533,.T.);
#1633 = ORIENTED_EDGE('',*,*,#1634,.F.);
#1634 = EDGE_CURVE('',#1401,#1525,#1635,.T.);
#1635 = LINE('',#1636,#1637);
#1636 = CARTESIAN_POINT('',(1.,-0.6,0.405));
#1637 = VECTOR('',#1638,1.);
#1638 = DIRECTION('',(0.,1.,0.));
#1639 = PLANE('',#1640);
#1640 = AXIS2_PLACEMENT_3D('',#1641,#1642,#1643);
#1641 = CARTESIAN_POINT('',(1.,-0.6,0.));
#1642 = DIRECTION('',(1.,0.,0.));
#1643 = DIRECTION('',(0.,0.,1.));
#1644 = ADVANCED_FACE('',(#1645),#1656,.T.);
#1645 = FACE_BOUND('',#1646,.T.);
#1646 = EDGE_LOOP('',(#1647,#1648,#1649,#1655));
#1647 = ORIENTED_EDGE('',*,*,#1634,.T.);
#1648 = ORIENTED_EDGE('',*,*,#1524,.T.);
#1649 = ORIENTED_EDGE('',*,*,#1650,.F.);
#1650 = EDGE_CURVE('',#1393,#1517,#1651,.T.);
#1651 = LINE('',#1652,#1653);
#1652 = CARTESIAN_POINT('',(0.955,-0.6,0.45));
#1653 = VECTOR('',#1654,1.);
#1654 = DIRECTION('',(0.,1.,0.));
#1655 = ORIENTED_EDGE('',*,*,#1400,.F.);
#1656 = CYLINDRICAL_SURFACE('',#1657,4.5E-02);
#1657 = AXIS2_PLACEMENT_3D('',#1658,#1659,#1660);
#1658 = CARTESIAN_POINT('',(0.955,-0.6,0.405));
#1659 = DIRECTION('',(0.,1.,0.));
#1660 = DIRECTION('',(1.,0.,0.));
#1661 = ADVANCED_FACE('',(#1662),#1673,.T.);
#1662 = FACE_BOUND('',#1663,.T.);
#1663 = EDGE_LOOP('',(#1664,#1665,#1671,#1672));
#1664 = ORIENTED_EDGE('',*,*,#1516,.F.);
#1665 = ORIENTED_EDGE('',*,*,#1666,.F.);
#1666 = EDGE_CURVE('',#1384,#1508,#1667,.T.);
#1667 = LINE('',#1668,#1669);
#1668 = CARTESIAN_POINT('',(0.745,-0.6,0.45));
#1669 = VECTOR('',#1670,1.);
#1670 = DIRECTION('',(0.,1.,0.));
#1671 = ORIENTED_EDGE('',*,*,#1392,.T.);
#1672 = ORIENTED_EDGE('',*,*,#1650,.T.);
#1673 = PLANE('',#1674);
#1674 = AXIS2_PLACEMENT_3D('',#1675,#1676,#1677);
#1675 = CARTESIAN_POINT('',(0.7,-0.6,0.45));
#1676 = DIRECTION('',(0.,0.,1.));
#1677 = DIRECTION('',(1.,0.,-0.));
#1678 = ADVANCED_FACE('',(#1679),#1690,.T.);
#1679 = FACE_BOUND('',#1680,.T.);
#1680 = EDGE_LOOP('',(#1681,#1682,#1683,#1684));
#1681 = ORIENTED_EDGE('',*,*,#1383,.T.);
#1682 = ORIENTED_EDGE('',*,*,#1666,.T.);
#1683 = ORIENTED_EDGE('',*,*,#1507,.F.);
#1684 = ORIENTED_EDGE('',*,*,#1685,.F.);
#1685 = EDGE_CURVE('',#1218,#1301,#1686,.T.);
#1686 = LINE('',#1687,#1688);
#1687 = CARTESIAN_POINT('',(0.7,-0.6,0.405));
#1688 = VECTOR('',#1689,1.);
#1689 = DIRECTION('',(0.,1.,0.));
#1690 = CYLINDRICAL_SURFACE('',#1691,4.5E-02);
#1691 = AXIS2_PLACEMENT_3D('',#1692,#1693,#1694);
#1692 = CARTESIAN_POINT('',(0.745,-0.6,0.405));
#1693 = DIRECTION('',(0.,1.,0.));
#1694 = DIRECTION('',(-1.,0.,0.));
#1695 = ADVANCED_FACE('',(#1696),#1707,.T.);
#1696 = FACE_BOUND('',#1697,.T.);
#1697 = EDGE_LOOP('',(#1698,#1699,#1700,#1701));
#1698 = ORIENTED_EDGE('',*,*,#1449,.F.);
#1699 = ORIENTED_EDGE('',*,*,#1685,.T.);
#1700 = ORIENTED_EDGE('',*,*,#1566,.T.);
#1701 = ORIENTED_EDGE('',*,*,#1702,.F.);
#1702 = EDGE_CURVE('',#1442,#1559,#1703,.T.);
#1703 = LINE('',#1704,#1705);
#1704 = CARTESIAN_POINT('',(0.7,-0.6,0.45));
#1705 = VECTOR('',#1706,1.);
#1706 = DIRECTION('',(0.,1.,0.));
#1707 = PLANE('',#1708);
#1708 = AXIS2_PLACEMENT_3D('',#1709,#1710,#1711);
#1709 = CARTESIAN_POINT('',(0.7,-0.6,0.405));
#1710 = DIRECTION('',(1.,0.,0.));
#1711 = DIRECTION('',(0.,0.,1.));
#1712 = ADVANCED_FACE('',(#1713),#1719,.T.);
#1713 = FACE_BOUND('',#1714,.T.);
#1714 = EDGE_LOOP('',(#1715,#1716,#1717,#1718));
#1715 = ORIENTED_EDGE('',*,*,#1473,.F.);
#1716 = ORIENTED_EDGE('',*,*,#1441,.T.);
#1717 = ORIENTED_EDGE('',*,*,#1702,.T.);
#1718 = ORIENTED_EDGE('',*,*,#1558,.F.);
#1719 = PLANE('',#1720);
#1720 = AXIS2_PLACEMENT_3D('',#1721,#1722,#1723);
#1721 = CARTESIAN_POINT('',(-0.7,-0.6,0.45));
#1722 = DIRECTION('',(0.,0.,1.));
#1723 = DIRECTION('',(1.,0.,-0.));
#1724 = ( GEOMETRIC_REPRESENTATION_CONTEXT(3) 
GLOBAL_UNCERTAINTY_ASSIGNED_CONTEXT((#1728)) 
GLOBAL_UNIT_ASSIGNED_CONTEXT((#1725,#1726,#1727)) REPRESENTATION_CONTEXT
('Context #1','3D Context with UNIT and UNCERTAINTY') );
#1725 = ( LENGTH_UNIT() NAMED_UNIT(*) SI_UNIT(.MILLI.,.METRE.) );
#1726 = ( NAMED_UNIT(*) PLANE_ANGLE_UNIT() SI_UNIT($,.RADIAN.) );
#1727 = ( NAMED_UNIT(*) SI_UNIT($,.STERADIAN.) SOLID_ANGLE_UNIT() );
#1728 = UNCERTAINTY_MEASURE_WITH_UNIT(LENGTH_MEASURE(1.E-07),#1725,
  'distance_accuracy_value','confusion accuracy');
#1729 = CONTEXT_DEPENDENT_SHAPE_REPRESENTATION(#1730,#1732);
#1730 = ( REPRESENTATION_RELATIONSHIP('','',#933,#10) 
REPRESENTATION_RELATIONSHIP_WITH_TRANSFORMATION(#1731) 
SHAPE_REPRESENTATION_RELATIONSHIP() );
#1731 = ITEM_DEFINED_TRANSFORMATION('','',#11,#19);
#1732 = PRODUCT_DEFINITION_SHAPE('Placement','Placement of an item',
  #1733);
#1733 = NEXT_ASSEMBLY_USAGE_OCCURRENCE('2','R2','',#5,#928,$);
#1734 = PRODUCT_RELATED_PRODUCT_CATEGORY('part',$,(#930));
#1735 = SHAPE_DEFINITION_REPRESENTATION(#1736,#1742);
#1736 = PRODUCT_DEFINITION_SHAPE('','',#1737);
#1737 = PRODUCT_DEFINITION('design','',#1738,#1741);
#1738 = PRODUCT_DEFINITION_FORMATION('','',#1739);
#1739 = PRODUCT('JST_PH_S2B-PH-K_1x02_P2.00mm_Horizontal',
  'JST_PH_S2B-PH-K_1x02_P2.00mm_Horizontal','',(#1740));
#1740 = PRODUCT_CONTEXT('',#2,'mechanical');
#1741 = PRODUCT_DEFINITION_CONTEXT('part definition',#2,'design');
#1742 = ADVANCED_BREP_SHAPE_REPRESENTATION('',(#11,#1743),#5237);
#1743 = MANIFOLD_SOLID_BREP('',#1744);
#1744 = CLOSED_SHELL('',(#1745,#1785,#1865,#1953,#2010,#2027,#2051,#2075
    ,#2099,#2155,#2291,#2322,#2334,#2420,#2434,#2490,#2547,#2571,#2644,
    #2668,#2701,#2812,#2929,#2969,#3000,#3018,#3035,#3053,#3079,#3110,
    #3127,#3160,#3200,#3223,#3272,#3296,#3343,#3360,#3377,#3389,#3436,
    #3467,#3484,#3501,#3525,#3549,#3566,#3583,#3595,#3612,#3624,#3648,
    #3666,#3678,#3692,#3723,#3747,#3771,#3788,#3819,#3843,#3867,#3884,
    #3930,#3976,#3993,#4005,#4036,#4060,#4084,#4101,#4132,#4156,#4180,
    #4197,#4294,#4318,#4408,#4425,#4522,#4546,#4636,#4653,#4665,#4677,
    #4694,#4711,#4728,#4761,#4801,#4832,#4849,#4866,#4878,#4911,#4928,
    #4945,#4962,#4995,#5035,#5066,#5083,#5100,#5112,#5145,#5162,#5179,
    #5191,#5208,#5225));
#1745 = ADVANCED_FACE('',(#1746),#1780,.T.);
#1746 = FACE_BOUND('',#1747,.T.);
#1747 = EDGE_LOOP('',(#1748,#1758,#1766,#1774));
#1748 = ORIENTED_EDGE('',*,*,#1749,.F.);
#1749 = EDGE_CURVE('',#1750,#1752,#1754,.T.);
#1750 = VERTEX_POINT('',#1751);
#1751 = CARTESIAN_POINT('',(3.95,-4.65,2.5));
#1752 = VERTEX_POINT('',#1753);
#1753 = CARTESIAN_POINT('',(3.95,-6.25,2.5));
#1754 = LINE('',#1755,#1756);
#1755 = CARTESIAN_POINT('',(3.95,-4.65,2.5));
#1756 = VECTOR('',#1757,1.);
#1757 = DIRECTION('',(-1.224646799147E-16,-1.,1.110223024625E-16));
#1758 = ORIENTED_EDGE('',*,*,#1759,.T.);
#1759 = EDGE_CURVE('',#1750,#1760,#1762,.T.);
#1760 = VERTEX_POINT('',#1761);
#1761 = CARTESIAN_POINT('',(3.45,-4.65,2.5));
#1762 = LINE('',#1763,#1764);
#1763 = CARTESIAN_POINT('',(3.95,-4.65,2.5));
#1764 = VECTOR('',#1765,1.);
#1765 = DIRECTION('',(-1.,1.224646799147E-16,0.));
#1766 = ORIENTED_EDGE('',*,*,#1767,.T.);
#1767 = EDGE_CURVE('',#1760,#1768,#1770,.T.);
#1768 = VERTEX_POINT('',#1769);
#1769 = CARTESIAN_POINT('',(3.45,-6.25,2.5));
#1770 = LINE('',#1771,#1772);
#1771 = CARTESIAN_POINT('',(3.45,-5.45,2.5));
#1772 = VECTOR('',#1773,1.);
#1773 = DIRECTION('',(-1.224646799147E-16,-1.,1.110223024625E-16));
#1774 = ORIENTED_EDGE('',*,*,#1775,.F.);
#1775 = EDGE_CURVE('',#1752,#1768,#1776,.T.);
#1776 = LINE('',#1777,#1778);
#1777 = CARTESIAN_POINT('',(3.95,-6.25,2.5));
#1778 = VECTOR('',#1779,1.);
#1779 = DIRECTION('',(-1.,1.224646799147E-16,0.));
#1780 = PLANE('',#1781);
#1781 = AXIS2_PLACEMENT_3D('',#1782,#1783,#1784);
#1782 = CARTESIAN_POINT('',(3.95,-4.65,2.5));
#1783 = DIRECTION('',(1.359631073447E-32,1.110223024625E-16,1.));
#1784 = DIRECTION('',(-1.224646799147E-16,-1.,1.110223024625E-16));
#1785 = ADVANCED_FACE('',(#1786),#1860,.T.);
#1786 = FACE_BOUND('',#1787,.T.);
#1787 = EDGE_LOOP('',(#1788,#1796,#1804,#1812,#1820,#1828,#1836,#1844,
    #1852,#1859));
#1788 = ORIENTED_EDGE('',*,*,#1789,.F.);
#1789 = EDGE_CURVE('',#1790,#1752,#1792,.T.);
#1790 = VERTEX_POINT('',#1791);
#1791 = CARTESIAN_POINT('',(3.95,-6.25,0.));
#1792 = LINE('',#1793,#1794);
#1793 = CARTESIAN_POINT('',(3.95,-6.25,0.3));
#1794 = VECTOR('',#1795,1.);
#1795 = DIRECTION('',(1.359631073447E-32,1.110223024625E-16,1.));
#1796 = ORIENTED_EDGE('',*,*,#1797,.F.);
#1797 = EDGE_CURVE('',#1798,#1790,#1800,.T.);
#1798 = VERTEX_POINT('',#1799);
#1799 = CARTESIAN_POINT('',(3.95,1.35,0.));
#1800 = LINE('',#1801,#1802);
#1801 = CARTESIAN_POINT('',(3.95,1.35,0.));
#1802 = VECTOR('',#1803,1.);
#1803 = DIRECTION('',(-1.224646799147E-16,-1.,0.));
#1804 = ORIENTED_EDGE('',*,*,#1805,.F.);
#1805 = EDGE_CURVE('',#1806,#1798,#1808,.T.);
#1806 = VERTEX_POINT('',#1807);
#1807 = CARTESIAN_POINT('',(3.95,1.35,3.2));
#1808 = LINE('',#1809,#1810);
#1809 = CARTESIAN_POINT('',(3.95,1.35,3.2));
#1810 = VECTOR('',#1811,1.);
#1811 = DIRECTION('',(-0.,0.,-1.));
#1812 = ORIENTED_EDGE('',*,*,#1813,.F.);
#1813 = EDGE_CURVE('',#1814,#1806,#1816,.T.);
#1814 = VERTEX_POINT('',#1815);
#1815 = CARTESIAN_POINT('',(3.95,-0.25,4.1));
#1816 = LINE('',#1817,#1818);
#1817 = CARTESIAN_POINT('',(3.95,-0.25,4.1));
#1818 = VECTOR('',#1819,1.);
#1819 = DIRECTION('',(1.067372191754E-16,0.871575537124,-0.490261239633)
  );
#1820 = ORIENTED_EDGE('',*,*,#1821,.T.);
#1821 = EDGE_CURVE('',#1814,#1822,#1824,.T.);
#1822 = VERTEX_POINT('',#1823);
#1823 = CARTESIAN_POINT('',(3.95,-0.25,4.8));
#1824 = LINE('',#1825,#1826);
#1825 = CARTESIAN_POINT('',(3.95,-0.25,0.3));
#1826 = VECTOR('',#1827,1.);
#1827 = DIRECTION('',(1.359631073447E-32,1.110223024625E-16,1.));
#1828 = ORIENTED_EDGE('',*,*,#1829,.T.);
#1829 = EDGE_CURVE('',#1822,#1830,#1832,.T.);
#1830 = VERTEX_POINT('',#1831);
#1831 = CARTESIAN_POINT('',(3.95,-6.25,4.8));
#1832 = LINE('',#1833,#1834);
#1833 = CARTESIAN_POINT('',(3.95,-0.25,4.8));
#1834 = VECTOR('',#1835,1.);
#1835 = DIRECTION('',(-1.224646799147E-16,-1.,1.110223024625E-16));
#1836 = ORIENTED_EDGE('',*,*,#1837,.F.);
#1837 = EDGE_CURVE('',#1838,#1830,#1840,.T.);
#1838 = VERTEX_POINT('',#1839);
#1839 = CARTESIAN_POINT('',(3.95,-6.25,3.3));
#1840 = LINE('',#1841,#1842);
#1841 = CARTESIAN_POINT('',(3.95,-6.25,0.3));
#1842 = VECTOR('',#1843,1.);
#1843 = DIRECTION('',(1.359631073447E-32,1.110223024625E-16,1.));
#1844 = ORIENTED_EDGE('',*,*,#1845,.T.);
#1845 = EDGE_CURVE('',#1838,#1846,#1848,.T.);
#1846 = VERTEX_POINT('',#1847);
#1847 = CARTESIAN_POINT('',(3.95,-4.65,3.3));
#1848 = LINE('',#1849,#1850);
#1849 = CARTESIAN_POINT('',(3.95,-6.25,3.3));
#1850 = VECTOR('',#1851,1.);
#1851 = DIRECTION('',(1.224646799147E-16,1.,-1.110223024625E-16));
#1852 = ORIENTED_EDGE('',*,*,#1853,.T.);
#1853 = EDGE_CURVE('',#1846,#1750,#1854,.T.);
#1854 = CIRCLE('',#1855,0.4);
#1855 = AXIS2_PLACEMENT_3D('',#1856,#1857,#1858);
#1856 = CARTESIAN_POINT('',(3.95,-4.65,2.9));
#1857 = DIRECTION('',(-1.,1.224646799147E-16,0.));
#1858 = DIRECTION('',(1.359631073446E-32,1.110223024625E-16,1.));
#1859 = ORIENTED_EDGE('',*,*,#1749,.T.);
#1860 = PLANE('',#1861);
#1861 = AXIS2_PLACEMENT_3D('',#1862,#1863,#1864);
#1862 = CARTESIAN_POINT('',(3.95,-2.909897467985,2.368621550033));
#1863 = DIRECTION('',(1.,-1.224646799147E-16,-3.096025220137E-32));
#1864 = DIRECTION('',(-3.096025220137E-32,3.79153737592E-48,-1.));
#1865 = ADVANCED_FACE('',(#1866),#1948,.T.);
#1866 = FACE_BOUND('',#1867,.T.);
#1867 = EDGE_LOOP('',(#1868,#1878,#1886,#1892,#1893,#1894,#1902,#1910,
    #1918,#1926,#1934,#1942));
#1868 = ORIENTED_EDGE('',*,*,#1869,.T.);
#1869 = EDGE_CURVE('',#1870,#1872,#1874,.T.);
#1870 = VERTEX_POINT('',#1871);
#1871 = CARTESIAN_POINT('',(-0.95,-6.25,0.3));
#1872 = VERTEX_POINT('',#1873);
#1873 = CARTESIAN_POINT('',(2.95,-6.25,0.3));
#1874 = LINE('',#1875,#1876);
#1875 = CARTESIAN_POINT('',(-1.95,-6.25,0.3));
#1876 = VECTOR('',#1877,1.);
#1877 = DIRECTION('',(1.,-1.224646799147E-16,0.));
#1878 = ORIENTED_EDGE('',*,*,#1879,.F.);
#1879 = EDGE_CURVE('',#1880,#1872,#1882,.T.);
#1880 = VERTEX_POINT('',#1881);
#1881 = CARTESIAN_POINT('',(2.95,-6.25,0.));
#1882 = LINE('',#1883,#1884);
#1883 = CARTESIAN_POINT('',(2.95,-6.25,0.));
#1884 = VECTOR('',#1885,1.);
#1885 = DIRECTION('',(0.,0.,1.));
#1886 = ORIENTED_EDGE('',*,*,#1887,.F.);
#1887 = EDGE_CURVE('',#1790,#1880,#1888,.T.);
#1888 = LINE('',#1889,#1890);
#1889 = CARTESIAN_POINT('',(3.95,-6.25,0.));
#1890 = VECTOR('',#1891,1.);
#1891 = DIRECTION('',(-1.,1.224646799147E-16,0.));
#1892 = ORIENTED_EDGE('',*,*,#1789,.T.);
#1893 = ORIENTED_EDGE('',*,*,#1775,.T.);
#1894 = ORIENTED_EDGE('',*,*,#1895,.F.);
#1895 = EDGE_CURVE('',#1896,#1768,#1898,.T.);
#1896 = VERTEX_POINT('',#1897);
#1897 = CARTESIAN_POINT('',(3.45,-6.25,0.8));
#1898 = LINE('',#1899,#1900);
#1899 = CARTESIAN_POINT('',(3.45,-6.25,0.8));
#1900 = VECTOR('',#1901,1.);
#1901 = DIRECTION('',(1.359631073447E-32,1.110223024625E-16,1.));
#1902 = ORIENTED_EDGE('',*,*,#1903,.F.);
#1903 = EDGE_CURVE('',#1904,#1896,#1906,.T.);
#1904 = VERTEX_POINT('',#1905);
#1905 = CARTESIAN_POINT('',(-1.45,-6.25,0.8));
#1906 = LINE('',#1907,#1908);
#1907 = CARTESIAN_POINT('',(-1.45,-6.25,0.8));
#1908 = VECTOR('',#1909,1.);
#1909 = DIRECTION('',(1.,-1.224646799147E-16,0.));
#1910 = ORIENTED_EDGE('',*,*,#1911,.F.);
#1911 = EDGE_CURVE('',#1912,#1904,#1914,.T.);
#1912 = VERTEX_POINT('',#1913);
#1913 = CARTESIAN_POINT('',(-1.45,-6.25,2.5));
#1914 = LINE('',#1915,#1916);
#1915 = CARTESIAN_POINT('',(-1.45,-6.25,4.2));
#1916 = VECTOR('',#1917,1.);
#1917 = DIRECTION('',(-1.359631073447E-32,-1.110223024625E-16,-1.));
#1918 = ORIENTED_EDGE('',*,*,#1919,.T.);
#1919 = EDGE_CURVE('',#1912,#1920,#1922,.T.);
#1920 = VERTEX_POINT('',#1921);
#1921 = CARTESIAN_POINT('',(-1.95,-6.25,2.5));
#1922 = LINE('',#1923,#1924);
#1923 = CARTESIAN_POINT('',(3.95,-6.25,2.5));
#1924 = VECTOR('',#1925,1.);
#1925 = DIRECTION('',(-1.,1.224646799147E-16,0.));
#1926 = ORIENTED_EDGE('',*,*,#1927,.T.);
#1927 = EDGE_CURVE('',#1920,#1928,#1930,.T.);
#1928 = VERTEX_POINT('',#1929);
#1929 = CARTESIAN_POINT('',(-1.95,-6.25,0.));
#1930 = LINE('',#1931,#1932);
#1931 = CARTESIAN_POINT('',(-1.95,-6.25,4.8));
#1932 = VECTOR('',#1933,1.);
#1933 = DIRECTION('',(-1.359631073447E-32,-1.110223024625E-16,-1.));
#1934 = ORIENTED_EDGE('',*,*,#1935,.F.);
#1935 = EDGE_CURVE('',#1936,#1928,#1938,.T.);
#1936 = VERTEX_POINT('',#1937);
#1937 = CARTESIAN_POINT('',(-0.95,-6.25,0.));
#1938 = LINE('',#1939,#1940);
#1939 = CARTESIAN_POINT('',(-0.95,-6.25,0.));
#1940 = VECTOR('',#1941,1.);
#1941 = DIRECTION('',(-1.,1.224646799147E-16,0.));
#1942 = ORIENTED_EDGE('',*,*,#1943,.T.);
#1943 = EDGE_CURVE('',#1936,#1870,#1944,.T.);
#1944 = LINE('',#1945,#1946);
#1945 = CARTESIAN_POINT('',(-0.95,-6.25,0.));
#1946 = VECTOR('',#1947,1.);
#1947 = DIRECTION('',(0.,0.,1.));
#1948 = PLANE('',#1949);
#1949 = AXIS2_PLACEMENT_3D('',#1950,#1951,#1952);
#1950 = CARTESIAN_POINT('',(1.,-6.25,0.939423076923));
#1951 = DIRECTION('',(-1.224646799147E-16,-1.,-4.111705995194E-31));
#1952 = DIRECTION('',(-5.03538758605E-47,-4.111705995194E-31,1.));
#1953 = ADVANCED_FACE('',(#1954),#2005,.F.);
#1954 = FACE_BOUND('',#1955,.F.);
#1955 = EDGE_LOOP('',(#1956,#1957,#1965,#1973,#1981,#1989,#1997,#2004));
#1956 = ORIENTED_EDGE('',*,*,#1895,.F.);
#1957 = ORIENTED_EDGE('',*,*,#1958,.T.);
#1958 = EDGE_CURVE('',#1896,#1959,#1961,.T.);
#1959 = VERTEX_POINT('',#1960);
#1960 = CARTESIAN_POINT('',(3.45,-2.05,0.8));
#1961 = LINE('',#1962,#1963);
#1962 = CARTESIAN_POINT('',(3.45,-6.25,0.8));
#1963 = VECTOR('',#1964,1.);
#1964 = DIRECTION('',(1.224646799147E-16,1.,-1.110223024625E-16));
#1965 = ORIENTED_EDGE('',*,*,#1966,.T.);
#1966 = EDGE_CURVE('',#1959,#1967,#1969,.T.);
#1967 = VERTEX_POINT('',#1968);
#1968 = CARTESIAN_POINT('',(3.45,-2.05,4.2));
#1969 = LINE('',#1970,#1971);
#1970 = CARTESIAN_POINT('',(3.45,-2.05,0.8));
#1971 = VECTOR('',#1972,1.);
#1972 = DIRECTION('',(1.359631073447E-32,1.110223024625E-16,1.));
#1973 = ORIENTED_EDGE('',*,*,#1974,.F.);
#1974 = EDGE_CURVE('',#1975,#1967,#1977,.T.);
#1975 = VERTEX_POINT('',#1976);
#1976 = CARTESIAN_POINT('',(3.45,-6.25,4.2));
#1977 = LINE('',#1978,#1979);
#1978 = CARTESIAN_POINT('',(3.45,-6.25,4.2));
#1979 = VECTOR('',#1980,1.);
#1980 = DIRECTION('',(1.224646799147E-16,1.,-1.110223024625E-16));
#1981 = ORIENTED_EDGE('',*,*,#1982,.F.);
#1982 = EDGE_CURVE('',#1983,#1975,#1985,.T.);
#1983 = VERTEX_POINT('',#1984);
#1984 = CARTESIAN_POINT('',(3.45,-6.25,3.3));
#1985 = LINE('',#1986,#1987);
#1986 = CARTESIAN_POINT('',(3.45,-6.25,0.8));
#1987 = VECTOR('',#1988,1.);
#1988 = DIRECTION('',(1.359631073447E-32,1.110223024625E-16,1.));
#1989 = ORIENTED_EDGE('',*,*,#1990,.T.);
#1990 = EDGE_CURVE('',#1983,#1991,#1993,.T.);
#1991 = VERTEX_POINT('',#1992);
#1992 = CARTESIAN_POINT('',(3.45,-4.65,3.3));
#1993 = LINE('',#1994,#1995);
#1994 = CARTESIAN_POINT('',(3.45,-6.25,3.3));
#1995 = VECTOR('',#1996,1.);
#1996 = DIRECTION('',(1.224646799147E-16,1.,-1.110223024625E-16));
#1997 = ORIENTED_EDGE('',*,*,#1998,.F.);
#1998 = EDGE_CURVE('',#1760,#1991,#1999,.T.);
#1999 = CIRCLE('',#2000,0.4);
#2000 = AXIS2_PLACEMENT_3D('',#2001,#2002,#2003);
#2001 = CARTESIAN_POINT('',(3.45,-4.65,2.9));
#2002 = DIRECTION('',(1.,-1.224646799147E-16,0.));
#2003 = DIRECTION('',(1.359631073446E-32,1.110223024625E-16,1.));
#2004 = ORIENTED_EDGE('',*,*,#1767,.T.);
#2005 = PLANE('',#2006);
#2006 = AXIS2_PLACEMENT_3D('',#2007,#2008,#2009);
#2007 = CARTESIAN_POINT('',(3.45,-6.25,0.8));
#2008 = DIRECTION('',(1.,-1.224646799147E-16,0.));
#2009 = DIRECTION('',(1.359631073446E-32,1.110223024625E-16,1.));
#2010 = ADVANCED_FACE('',(#2011),#2022,.F.);
#2011 = FACE_BOUND('',#2012,.F.);
#2012 = EDGE_LOOP('',(#2013,#2014,#2015,#2021));
#2013 = ORIENTED_EDGE('',*,*,#1759,.T.);
#2014 = ORIENTED_EDGE('',*,*,#1998,.T.);
#2015 = ORIENTED_EDGE('',*,*,#2016,.F.);
#2016 = EDGE_CURVE('',#1846,#1991,#2017,.T.);
#2017 = LINE('',#2018,#2019);
#2018 = CARTESIAN_POINT('',(3.95,-4.65,3.3));
#2019 = VECTOR('',#2020,1.);
#2020 = DIRECTION('',(-1.,1.224646799147E-16,0.));
#2021 = ORIENTED_EDGE('',*,*,#1853,.T.);
#2022 = CYLINDRICAL_SURFACE('',#2023,0.4);
#2023 = AXIS2_PLACEMENT_3D('',#2024,#2025,#2026);
#2024 = CARTESIAN_POINT('',(3.95,-4.65,2.9));
#2025 = DIRECTION('',(1.,-1.224646799147E-16,0.));
#2026 = DIRECTION('',(1.359631073446E-32,1.110223024625E-16,1.));
#2027 = ADVANCED_FACE('',(#2028),#2046,.F.);
#2028 = FACE_BOUND('',#2029,.F.);
#2029 = EDGE_LOOP('',(#2030,#2038,#2044,#2045));
#2030 = ORIENTED_EDGE('',*,*,#2031,.T.);
#2031 = EDGE_CURVE('',#1798,#2032,#2034,.T.);
#2032 = VERTEX_POINT('',#2033);
#2033 = CARTESIAN_POINT('',(2.95,1.35,0.));
#2034 = LINE('',#2035,#2036);
#2035 = CARTESIAN_POINT('',(3.95,1.35,0.));
#2036 = VECTOR('',#2037,1.);
#2037 = DIRECTION('',(-1.,1.224646799147E-16,0.));
#2038 = ORIENTED_EDGE('',*,*,#2039,.T.);
#2039 = EDGE_CURVE('',#2032,#1880,#2040,.T.);
#2040 = LINE('',#2041,#2042);
#2041 = CARTESIAN_POINT('',(2.95,1.35,0.));
#2042 = VECTOR('',#2043,1.);
#2043 = DIRECTION('',(-1.224646799147E-16,-1.,0.));
#2044 = ORIENTED_EDGE('',*,*,#1887,.F.);
#2045 = ORIENTED_EDGE('',*,*,#1797,.F.);
#2046 = PLANE('',#2047);
#2047 = AXIS2_PLACEMENT_3D('',#2048,#2049,#2050);
#2048 = CARTESIAN_POINT('',(3.95,1.35,0.));
#2049 = DIRECTION('',(0.,0.,1.));
#2050 = DIRECTION('',(-1.224646799147E-16,-1.,0.));
#2051 = ADVANCED_FACE('',(#2052),#2070,.F.);
#2052 = FACE_BOUND('',#2053,.F.);
#2053 = EDGE_LOOP('',(#2054,#2062,#2068,#2069));
#2054 = ORIENTED_EDGE('',*,*,#2055,.T.);
#2055 = EDGE_CURVE('',#1806,#2056,#2058,.T.);
#2056 = VERTEX_POINT('',#2057);
#2057 = CARTESIAN_POINT('',(2.95,1.35,3.2));
#2058 = LINE('',#2059,#2060);
#2059 = CARTESIAN_POINT('',(3.95,1.35,3.2));
#2060 = VECTOR('',#2061,1.);
#2061 = DIRECTION('',(-1.,1.224646799147E-16,0.));
#2062 = ORIENTED_EDGE('',*,*,#2063,.T.);
#2063 = EDGE_CURVE('',#2056,#2032,#2064,.T.);
#2064 = LINE('',#2065,#2066);
#2065 = CARTESIAN_POINT('',(2.95,1.35,3.2));
#2066 = VECTOR('',#2067,1.);
#2067 = DIRECTION('',(-0.,0.,-1.));
#2068 = ORIENTED_EDGE('',*,*,#2031,.F.);
#2069 = ORIENTED_EDGE('',*,*,#1805,.F.);
#2070 = PLANE('',#2071);
#2071 = AXIS2_PLACEMENT_3D('',#2072,#2073,#2074);
#2072 = CARTESIAN_POINT('',(3.95,1.35,3.2));
#2073 = DIRECTION('',(-1.224646799147E-16,-1.,0.));
#2074 = DIRECTION('',(-0.,0.,-1.));
#2075 = ADVANCED_FACE('',(#2076),#2094,.F.);
#2076 = FACE_BOUND('',#2077,.F.);
#2077 = EDGE_LOOP('',(#2078,#2086,#2092,#2093));
#2078 = ORIENTED_EDGE('',*,*,#2079,.T.);
#2079 = EDGE_CURVE('',#1814,#2080,#2082,.T.);
#2080 = VERTEX_POINT('',#2081);
#2081 = CARTESIAN_POINT('',(2.95,-0.25,4.1));
#2082 = LINE('',#2083,#2084);
#2083 = CARTESIAN_POINT('',(3.95,-0.25,4.1));
#2084 = VECTOR('',#2085,1.);
#2085 = DIRECTION('',(-1.,1.224646799147E-16,0.));
#2086 = ORIENTED_EDGE('',*,*,#2087,.T.);
#2087 = EDGE_CURVE('',#2080,#2056,#2088,.T.);
#2088 = LINE('',#2089,#2090);
#2089 = CARTESIAN_POINT('',(2.95,-0.25,4.1));
#2090 = VECTOR('',#2091,1.);
#2091 = DIRECTION('',(1.067372191754E-16,0.871575537124,-0.490261239633)
  );
#2092 = ORIENTED_EDGE('',*,*,#2055,.F.);
#2093 = ORIENTED_EDGE('',*,*,#1813,.F.);
#2094 = PLANE('',#2095);
#2095 = AXIS2_PLACEMENT_3D('',#2096,#2097,#2098);
#2096 = CARTESIAN_POINT('',(3.95,-0.25,4.1));
#2097 = DIRECTION('',(-6.003968578616E-17,-0.490261239633,
    -0.871575537124));
#2098 = DIRECTION('',(1.067372191754E-16,0.871575537124,-0.490261239633)
  );
#2099 = ADVANCED_FACE('',(#2100),#2150,.F.);
#2100 = FACE_BOUND('',#2101,.F.);
#2101 = EDGE_LOOP('',(#2102,#2112,#2120,#2126,#2127,#2128,#2136,#2144));
#2102 = ORIENTED_EDGE('',*,*,#2103,.F.);
#2103 = EDGE_CURVE('',#2104,#2106,#2108,.T.);
#2104 = VERTEX_POINT('',#2105);
#2105 = CARTESIAN_POINT('',(2.75,-0.25,0.3));
#2106 = VERTEX_POINT('',#2107);
#2107 = CARTESIAN_POINT('',(2.75,-0.25,4.2));
#2108 = LINE('',#2109,#2110);
#2109 = CARTESIAN_POINT('',(2.75,-0.25,0.3));
#2110 = VECTOR('',#2111,1.);
#2111 = DIRECTION('',(1.359631073447E-32,1.110223024625E-16,1.));
#2112 = ORIENTED_EDGE('',*,*,#2113,.T.);
#2113 = EDGE_CURVE('',#2104,#2114,#2116,.T.);
#2114 = VERTEX_POINT('',#2115);
#2115 = CARTESIAN_POINT('',(2.95,-0.25,0.3));
#2116 = LINE('',#2117,#2118);
#2117 = CARTESIAN_POINT('',(-1.95,-0.25,0.3));
#2118 = VECTOR('',#2119,1.);
#2119 = DIRECTION('',(1.,-1.224646799147E-16,0.));
#2120 = ORIENTED_EDGE('',*,*,#2121,.T.);
#2121 = EDGE_CURVE('',#2114,#2080,#2122,.T.);
#2122 = LINE('',#2123,#2124);
#2123 = CARTESIAN_POINT('',(2.95,-0.25,0.3));
#2124 = VECTOR('',#2125,1.);
#2125 = DIRECTION('',(0.,0.,1.));
#2126 = ORIENTED_EDGE('',*,*,#2079,.F.);
#2127 = ORIENTED_EDGE('',*,*,#1821,.T.);
#2128 = ORIENTED_EDGE('',*,*,#2129,.T.);
#2129 = EDGE_CURVE('',#1822,#2130,#2132,.T.);
#2130 = VERTEX_POINT('',#2131);
#2131 = CARTESIAN_POINT('',(3.4,-0.25,4.8));
#2132 = LINE('',#2133,#2134);
#2133 = CARTESIAN_POINT('',(3.95,-0.25,4.8));
#2134 = VECTOR('',#2135,1.);
#2135 = DIRECTION('',(-1.,1.224646799147E-16,0.));
#2136 = ORIENTED_EDGE('',*,*,#2137,.T.);
#2137 = EDGE_CURVE('',#2130,#2138,#2140,.T.);
#2138 = VERTEX_POINT('',#2139);
#2139 = CARTESIAN_POINT('',(3.4,-0.25,4.2));
#2140 = LINE('',#2141,#2142);
#2141 = CARTESIAN_POINT('',(3.4,-0.25,4.8));
#2142 = VECTOR('',#2143,1.);
#2143 = DIRECTION('',(-1.359631073447E-32,-1.110223024625E-16,-1.));
#2144 = ORIENTED_EDGE('',*,*,#2145,.T.);
#2145 = EDGE_CURVE('',#2138,#2106,#2146,.T.);
#2146 = LINE('',#2147,#2148);
#2147 = CARTESIAN_POINT('',(3.4,-0.25,4.2));
#2148 = VECTOR('',#2149,1.);
#2149 = DIRECTION('',(-1.,1.224646799147E-16,0.));
#2150 = PLANE('',#2151);
#2151 = AXIS2_PLACEMENT_3D('',#2152,#2153,#2154);
#2152 = CARTESIAN_POINT('',(1.,-0.25,2.55));
#2153 = DIRECTION('',(-1.224646799147E-16,-1.,1.110223024625E-16));
#2154 = DIRECTION('',(-1.,1.224646799147E-16,1.219283680787E-48));
#2155 = ADVANCED_FACE('',(#2156),#2286,.F.);
#2156 = FACE_BOUND('',#2157,.F.);
#2157 = EDGE_LOOP('',(#2158,#2159,#2160,#2168,#2176,#2184,#2192,#2200,
    #2208,#2216,#2224,#2232,#2240,#2248,#2256,#2264,#2272,#2280));
#2158 = ORIENTED_EDGE('',*,*,#2129,.F.);
#2159 = ORIENTED_EDGE('',*,*,#1829,.T.);
#2160 = ORIENTED_EDGE('',*,*,#2161,.T.);
#2161 = EDGE_CURVE('',#1830,#2162,#2164,.T.);
#2162 = VERTEX_POINT('',#2163);
#2163 = CARTESIAN_POINT('',(1.45,-6.25,4.8));
#2164 = LINE('',#2165,#2166);
#2165 = CARTESIAN_POINT('',(3.95,-6.25,4.8));
#2166 = VECTOR('',#2167,1.);
#2167 = DIRECTION('',(-1.,1.224646799147E-16,0.));
#2168 = ORIENTED_EDGE('',*,*,#2169,.T.);
#2169 = EDGE_CURVE('',#2162,#2170,#2172,.T.);
#2170 = VERTEX_POINT('',#2171);
#2171 = CARTESIAN_POINT('',(1.45,-2.35,4.8));
#2172 = LINE('',#2173,#2174);
#2173 = CARTESIAN_POINT('',(1.45,-6.25,4.8));
#2174 = VECTOR('',#2175,1.);
#2175 = DIRECTION('',(1.224646799147E-16,1.,-1.110223024625E-16));
#2176 = ORIENTED_EDGE('',*,*,#2177,.T.);
#2177 = EDGE_CURVE('',#2170,#2178,#2180,.T.);
#2178 = VERTEX_POINT('',#2179);
#2179 = CARTESIAN_POINT('',(0.55,-2.35,4.8));
#2180 = LINE('',#2181,#2182);
#2181 = CARTESIAN_POINT('',(1.45,-2.35,4.8));
#2182 = VECTOR('',#2183,1.);
#2183 = DIRECTION('',(-1.,1.224646799147E-16,0.));
#2184 = ORIENTED_EDGE('',*,*,#2185,.T.);
#2185 = EDGE_CURVE('',#2178,#2186,#2188,.T.);
#2186 = VERTEX_POINT('',#2187);
#2187 = CARTESIAN_POINT('',(0.55,-6.25,4.8));
#2188 = LINE('',#2189,#2190);
#2189 = CARTESIAN_POINT('',(0.55,-2.35,4.8));
#2190 = VECTOR('',#2191,1.);
#2191 = DIRECTION('',(-1.224646799147E-16,-1.,1.110223024625E-16));
#2192 = ORIENTED_EDGE('',*,*,#2193,.T.);
#2193 = EDGE_CURVE('',#2186,#2194,#2196,.T.);
#2194 = VERTEX_POINT('',#2195);
#2195 = CARTESIAN_POINT('',(-0.45,-6.25,4.8));
#2196 = LINE('',#2197,#2198);
#2197 = CARTESIAN_POINT('',(3.95,-6.25,4.8));
#2198 = VECTOR('',#2199,1.);
#2199 = DIRECTION('',(-1.,1.224646799147E-16,0.));
#2200 = ORIENTED_EDGE('',*,*,#2201,.F.);
#2201 = EDGE_CURVE('',#2202,#2194,#2204,.T.);
#2202 = VERTEX_POINT('',#2203);
#2203 = CARTESIAN_POINT('',(-0.45,-4.45,4.8));
#2204 = LINE('',#2205,#2206);
#2205 = CARTESIAN_POINT('',(-0.45,-4.45,4.8));
#2206 = VECTOR('',#2207,1.);
#2207 = DIRECTION('',(-1.224646799147E-16,-1.,1.110223024625E-16));
#2208 = ORIENTED_EDGE('',*,*,#2209,.F.);
#2209 = EDGE_CURVE('',#2210,#2202,#2212,.T.);
#2210 = VERTEX_POINT('',#2211);
#2211 = CARTESIAN_POINT('',(-0.4,-4.45,4.8));
#2212 = LINE('',#2213,#2214);
#2213 = CARTESIAN_POINT('',(-0.4,-4.45,4.8));
#2214 = VECTOR('',#2215,1.);
#2215 = DIRECTION('',(-1.,1.224646799147E-16,0.));
#2216 = ORIENTED_EDGE('',*,*,#2217,.F.);
#2217 = EDGE_CURVE('',#2218,#2210,#2220,.T.);
#2218 = VERTEX_POINT('',#2219);
#2219 = CARTESIAN_POINT('',(-0.4,-0.45,4.8));
#2220 = LINE('',#2221,#2222);
#2221 = CARTESIAN_POINT('',(-0.4,-0.25,4.8));
#2222 = VECTOR('',#2223,1.);
#2223 = DIRECTION('',(-1.224646799147E-16,-1.,1.110223024625E-16));
#2224 = ORIENTED_EDGE('',*,*,#2225,.F.);
#2225 = EDGE_CURVE('',#2226,#2218,#2228,.T.);
#2226 = VERTEX_POINT('',#2227);
#2227 = CARTESIAN_POINT('',(0.75,-0.45,4.8));
#2228 = LINE('',#2229,#2230);
#2229 = CARTESIAN_POINT('',(0.75,-0.45,4.8));
#2230 = VECTOR('',#2231,1.);
#2231 = DIRECTION('',(-1.,1.224646799147E-16,0.));
#2232 = ORIENTED_EDGE('',*,*,#2233,.F.);
#2233 = EDGE_CURVE('',#2234,#2226,#2236,.T.);
#2234 = VERTEX_POINT('',#2235);
#2235 = CARTESIAN_POINT('',(0.75,-0.25,4.8));
#2236 = LINE('',#2237,#2238);
#2237 = CARTESIAN_POINT('',(0.75,-0.25,4.8));
#2238 = VECTOR('',#2239,1.);
#2239 = DIRECTION('',(-1.224646799147E-16,-1.,1.110223024625E-16));
#2240 = ORIENTED_EDGE('',*,*,#2241,.F.);
#2241 = EDGE_CURVE('',#2242,#2234,#2244,.T.);
#2242 = VERTEX_POINT('',#2243);
#2243 = CARTESIAN_POINT('',(1.25,-0.25,4.8));
#2244 = LINE('',#2245,#2246);
#2245 = CARTESIAN_POINT('',(3.95,-0.25,4.8));
#2246 = VECTOR('',#2247,1.);
#2247 = DIRECTION('',(-1.,1.224646799147E-16,0.));
#2248 = ORIENTED_EDGE('',*,*,#2249,.T.);
#2249 = EDGE_CURVE('',#2242,#2250,#2252,.T.);
#2250 = VERTEX_POINT('',#2251);
#2251 = CARTESIAN_POINT('',(1.25,-0.45,4.8));
#2252 = LINE('',#2253,#2254);
#2253 = CARTESIAN_POINT('',(1.25,-0.25,4.8));
#2254 = VECTOR('',#2255,1.);
#2255 = DIRECTION('',(-1.224646799147E-16,-1.,1.110223024625E-16));
#2256 = ORIENTED_EDGE('',*,*,#2257,.F.);
#2257 = EDGE_CURVE('',#2258,#2250,#2260,.T.);
#2258 = VERTEX_POINT('',#2259);
#2259 = CARTESIAN_POINT('',(2.4,-0.45,4.8));
#2260 = LINE('',#2261,#2262);
#2261 = CARTESIAN_POINT('',(2.75,-0.45,4.8));
#2262 = VECTOR('',#2263,1.);
#2263 = DIRECTION('',(-1.,1.224646799147E-16,0.));
#2264 = ORIENTED_EDGE('',*,*,#2265,.T.);
#2265 = EDGE_CURVE('',#2258,#2266,#2268,.T.);
#2266 = VERTEX_POINT('',#2267);
#2267 = CARTESIAN_POINT('',(2.4,-4.45,4.8));
#2268 = LINE('',#2269,#2270);
#2269 = CARTESIAN_POINT('',(2.4,-0.25,4.8));
#2270 = VECTOR('',#2271,1.);
#2271 = DIRECTION('',(-1.224646799147E-16,-1.,1.110223024625E-16));
#2272 = ORIENTED_EDGE('',*,*,#2273,.T.);
#2273 = EDGE_CURVE('',#2266,#2274,#2276,.T.);
#2274 = VERTEX_POINT('',#2275);
#2275 = CARTESIAN_POINT('',(3.4,-4.45,4.8));
#2276 = LINE('',#2277,#2278);
#2277 = CARTESIAN_POINT('',(2.4,-4.45,4.8));
#2278 = VECTOR('',#2279,1.);
#2279 = DIRECTION('',(1.,-1.224646799147E-16,0.));
#2280 = ORIENTED_EDGE('',*,*,#2281,.T.);
#2281 = EDGE_CURVE('',#2274,#2130,#2282,.T.);
#2282 = LINE('',#2283,#2284);
#2283 = CARTESIAN_POINT('',(3.4,-4.45,4.8));
#2284 = VECTOR('',#2285,1.);
#2285 = DIRECTION('',(1.224646799147E-16,1.,-1.110223024625E-16));
#2286 = PLANE('',#2287);
#2287 = AXIS2_PLACEMENT_3D('',#2288,#2289,#2290);
#2288 = CARTESIAN_POINT('',(3.95,-0.25,4.8));
#2289 = DIRECTION('',(-1.359631073447E-32,-1.110223024625E-16,-1.));
#2290 = DIRECTION('',(-1.,1.224646799147E-16,6.927121900793E-45));
#2291 = ADVANCED_FACE('',(#2292),#2317,.T.);
#2292 = FACE_BOUND('',#2293,.T.);
#2293 = EDGE_LOOP('',(#2294,#2300,#2301,#2302,#2310,#2316));
#2294 = ORIENTED_EDGE('',*,*,#2295,.F.);
#2295 = EDGE_CURVE('',#1838,#1983,#2296,.T.);
#2296 = LINE('',#2297,#2298);
#2297 = CARTESIAN_POINT('',(3.95,-6.25,3.3));
#2298 = VECTOR('',#2299,1.);
#2299 = DIRECTION('',(-1.,1.224646799147E-16,0.));
#2300 = ORIENTED_EDGE('',*,*,#1837,.T.);
#2301 = ORIENTED_EDGE('',*,*,#2161,.T.);
#2302 = ORIENTED_EDGE('',*,*,#2303,.T.);
#2303 = EDGE_CURVE('',#2162,#2304,#2306,.T.);
#2304 = VERTEX_POINT('',#2305);
#2305 = CARTESIAN_POINT('',(1.45,-6.25,4.2));
#2306 = LINE('',#2307,#2308);
#2307 = CARTESIAN_POINT('',(1.45,-6.25,4.8));
#2308 = VECTOR('',#2309,1.);
#2309 = DIRECTION('',(-1.359631073447E-32,-1.110223024625E-16,-1.));
#2310 = ORIENTED_EDGE('',*,*,#2311,.F.);
#2311 = EDGE_CURVE('',#1975,#2304,#2312,.T.);
#2312 = LINE('',#2313,#2314);
#2313 = CARTESIAN_POINT('',(3.45,-6.25,4.2));
#2314 = VECTOR('',#2315,1.);
#2315 = DIRECTION('',(-1.,1.224646799147E-16,0.));
#2316 = ORIENTED_EDGE('',*,*,#1982,.F.);
#2317 = PLANE('',#2318);
#2318 = AXIS2_PLACEMENT_3D('',#2319,#2320,#2321);
#2319 = CARTESIAN_POINT('',(1.,-6.25,2.55));
#2320 = DIRECTION('',(-1.224646799147E-16,-1.,1.110223024625E-16));
#2321 = DIRECTION('',(-1.,1.224646799147E-16,1.219283680787E-48));
#2322 = ADVANCED_FACE('',(#2323),#2329,.T.);
#2323 = FACE_BOUND('',#2324,.T.);
#2324 = EDGE_LOOP('',(#2325,#2326,#2327,#2328));
#2325 = ORIENTED_EDGE('',*,*,#1845,.F.);
#2326 = ORIENTED_EDGE('',*,*,#2295,.T.);
#2327 = ORIENTED_EDGE('',*,*,#1990,.T.);
#2328 = ORIENTED_EDGE('',*,*,#2016,.F.);
#2329 = PLANE('',#2330);
#2330 = AXIS2_PLACEMENT_3D('',#2331,#2332,#2333);
#2331 = CARTESIAN_POINT('',(3.95,-6.25,3.3));
#2332 = DIRECTION('',(-1.359631073447E-32,-1.110223024625E-16,-1.));
#2333 = DIRECTION('',(1.224646799147E-16,1.,-1.110223024625E-16));
#2334 = ADVANCED_FACE('',(#2335),#2415,.F.);
#2335 = FACE_BOUND('',#2336,.F.);
#2336 = EDGE_LOOP('',(#2337,#2347,#2353,#2354,#2360,#2361,#2369,#2377,
    #2385,#2393,#2401,#2409));
#2337 = ORIENTED_EDGE('',*,*,#2338,.F.);
#2338 = EDGE_CURVE('',#2339,#2341,#2343,.T.);
#2339 = VERTEX_POINT('',#2340);
#2340 = CARTESIAN_POINT('',(-0.95,-0.25,0.3));
#2341 = VERTEX_POINT('',#2342);
#2342 = CARTESIAN_POINT('',(-0.75,-0.25,0.3));
#2343 = LINE('',#2344,#2345);
#2344 = CARTESIAN_POINT('',(-1.95,-0.25,0.3));
#2345 = VECTOR('',#2346,1.);
#2346 = DIRECTION('',(1.,-1.224646799147E-16,0.));
#2347 = ORIENTED_EDGE('',*,*,#2348,.F.);
#2348 = EDGE_CURVE('',#1870,#2339,#2349,.T.);
#2349 = LINE('',#2350,#2351);
#2350 = CARTESIAN_POINT('',(-0.95,-6.25,0.3));
#2351 = VECTOR('',#2352,1.);
#2352 = DIRECTION('',(1.224646799147E-16,1.,0.));
#2353 = ORIENTED_EDGE('',*,*,#1869,.T.);
#2354 = ORIENTED_EDGE('',*,*,#2355,.T.);
#2355 = EDGE_CURVE('',#1872,#2114,#2356,.T.);
#2356 = LINE('',#2357,#2358);
#2357 = CARTESIAN_POINT('',(2.95,-6.25,0.3));
#2358 = VECTOR('',#2359,1.);
#2359 = DIRECTION('',(1.224646799147E-16,1.,0.));
#2360 = ORIENTED_EDGE('',*,*,#2113,.F.);
#2361 = ORIENTED_EDGE('',*,*,#2362,.F.);
#2362 = EDGE_CURVE('',#2363,#2104,#2365,.T.);
#2363 = VERTEX_POINT('',#2364);
#2364 = CARTESIAN_POINT('',(2.75,-0.45,0.3));
#2365 = LINE('',#2366,#2367);
#2366 = CARTESIAN_POINT('',(2.75,-0.45,0.3));
#2367 = VECTOR('',#2368,1.);
#2368 = DIRECTION('',(1.224646799147E-16,1.,-1.110223024625E-16));
#2369 = ORIENTED_EDGE('',*,*,#2370,.T.);
#2370 = EDGE_CURVE('',#2363,#2371,#2373,.T.);
#2371 = VERTEX_POINT('',#2372);
#2372 = CARTESIAN_POINT('',(1.25,-0.45,0.3));
#2373 = LINE('',#2374,#2375);
#2374 = CARTESIAN_POINT('',(2.75,-0.45,0.3));
#2375 = VECTOR('',#2376,1.);
#2376 = DIRECTION('',(-1.,1.224646799147E-16,0.));
#2377 = ORIENTED_EDGE('',*,*,#2378,.T.);
#2378 = EDGE_CURVE('',#2371,#2379,#2381,.T.);
#2379 = VERTEX_POINT('',#2380);
#2380 = CARTESIAN_POINT('',(1.25,-0.25,0.3));
#2381 = LINE('',#2382,#2383);
#2382 = CARTESIAN_POINT('',(1.25,-0.45,0.3));
#2383 = VECTOR('',#2384,1.);
#2384 = DIRECTION('',(1.224646799147E-16,1.,-1.110223024625E-16));
#2385 = ORIENTED_EDGE('',*,*,#2386,.F.);
#2386 = EDGE_CURVE('',#2387,#2379,#2389,.T.);
#2387 = VERTEX_POINT('',#2388);
#2388 = CARTESIAN_POINT('',(0.75,-0.25,0.3));
#2389 = LINE('',#2390,#2391);
#2390 = CARTESIAN_POINT('',(-1.95,-0.25,0.3));
#2391 = VECTOR('',#2392,1.);
#2392 = DIRECTION('',(1.,-1.224646799147E-16,0.));
#2393 = ORIENTED_EDGE('',*,*,#2394,.F.);
#2394 = EDGE_CURVE('',#2395,#2387,#2397,.T.);
#2395 = VERTEX_POINT('',#2396);
#2396 = CARTESIAN_POINT('',(0.75,-0.45,0.3));
#2397 = LINE('',#2398,#2399);
#2398 = CARTESIAN_POINT('',(0.75,-0.45,0.3));
#2399 = VECTOR('',#2400,1.);
#2400 = DIRECTION('',(1.224646799147E-16,1.,-1.110223024625E-16));
#2401 = ORIENTED_EDGE('',*,*,#2402,.T.);
#2402 = EDGE_CURVE('',#2395,#2403,#2405,.T.);
#2403 = VERTEX_POINT('',#2404);
#2404 = CARTESIAN_POINT('',(-0.75,-0.45,0.3));
#2405 = LINE('',#2406,#2407);
#2406 = CARTESIAN_POINT('',(0.75,-0.45,0.3));
#2407 = VECTOR('',#2408,1.);
#2408 = DIRECTION('',(-1.,1.224646799147E-16,0.));
#2409 = ORIENTED_EDGE('',*,*,#2410,.T.);
#2410 = EDGE_CURVE('',#2403,#2341,#2411,.T.);
#2411 = LINE('',#2412,#2413);
#2412 = CARTESIAN_POINT('',(-0.75,-0.45,0.3));
#2413 = VECTOR('',#2414,1.);
#2414 = DIRECTION('',(1.224646799147E-16,1.,-1.110223024625E-16));
#2415 = PLANE('',#2416);
#2416 = AXIS2_PLACEMENT_3D('',#2417,#2418,#2419);
#2417 = CARTESIAN_POINT('',(-1.95,-0.25,0.3));
#2418 = DIRECTION('',(1.359631073447E-32,1.110223024625E-16,1.));
#2419 = DIRECTION('',(1.,-1.224646799147E-16,-6.927121900793E-45));
#2420 = ADVANCED_FACE('',(#2421),#2429,.T.);
#2421 = FACE_BOUND('',#2422,.T.);
#2422 = EDGE_LOOP('',(#2423,#2424,#2425,#2426,#2427,#2428));
#2423 = ORIENTED_EDGE('',*,*,#2121,.T.);
#2424 = ORIENTED_EDGE('',*,*,#2087,.T.);
#2425 = ORIENTED_EDGE('',*,*,#2063,.T.);
#2426 = ORIENTED_EDGE('',*,*,#2039,.T.);
#2427 = ORIENTED_EDGE('',*,*,#1879,.T.);
#2428 = ORIENTED_EDGE('',*,*,#2355,.T.);
#2429 = PLANE('',#2430);
#2430 = AXIS2_PLACEMENT_3D('',#2431,#2432,#2433);
#2431 = CARTESIAN_POINT('',(2.95,-1.566489992801,0.968760807125));
#2432 = DIRECTION('',(-1.,1.224646799147E-16,0.));
#2433 = DIRECTION('',(0.,0.,1.));
#2434 = ADVANCED_FACE('',(#2435),#2485,.F.);
#2435 = FACE_BOUND('',#2436,.F.);
#2436 = EDGE_LOOP('',(#2437,#2438,#2446,#2454,#2462,#2470,#2478,#2484));
#2437 = ORIENTED_EDGE('',*,*,#1903,.F.);
#2438 = ORIENTED_EDGE('',*,*,#2439,.T.);
#2439 = EDGE_CURVE('',#1904,#2440,#2442,.T.);
#2440 = VERTEX_POINT('',#2441);
#2441 = CARTESIAN_POINT('',(-1.45,-2.05,0.8));
#2442 = LINE('',#2443,#2444);
#2443 = CARTESIAN_POINT('',(-1.45,-6.25,0.8));
#2444 = VECTOR('',#2445,1.);
#2445 = DIRECTION('',(1.224646799147E-16,1.,-1.110223024625E-16));
#2446 = ORIENTED_EDGE('',*,*,#2447,.T.);
#2447 = EDGE_CURVE('',#2440,#2448,#2450,.T.);
#2448 = VERTEX_POINT('',#2449);
#2449 = CARTESIAN_POINT('',(0.8,-2.05,0.8));
#2450 = LINE('',#2451,#2452);
#2451 = CARTESIAN_POINT('',(-1.45,-2.05,0.8));
#2452 = VECTOR('',#2453,1.);
#2453 = DIRECTION('',(1.,-1.224646799147E-16,0.));
#2454 = ORIENTED_EDGE('',*,*,#2455,.T.);
#2455 = EDGE_CURVE('',#2448,#2456,#2458,.T.);
#2456 = VERTEX_POINT('',#2457);
#2457 = CARTESIAN_POINT('',(0.8,-3.95,0.8));
#2458 = LINE('',#2459,#2460);
#2459 = CARTESIAN_POINT('',(0.8,-2.05,0.8));
#2460 = VECTOR('',#2461,1.);
#2461 = DIRECTION('',(-1.224646799147E-16,-1.,1.110223024625E-16));
#2462 = ORIENTED_EDGE('',*,*,#2463,.T.);
#2463 = EDGE_CURVE('',#2456,#2464,#2466,.T.);
#2464 = VERTEX_POINT('',#2465);
#2465 = CARTESIAN_POINT('',(1.2,-3.95,0.8));
#2466 = LINE('',#2467,#2468);
#2467 = CARTESIAN_POINT('',(0.8,-3.95,0.8));
#2468 = VECTOR('',#2469,1.);
#2469 = DIRECTION('',(1.,-1.224646799147E-16,0.));
#2470 = ORIENTED_EDGE('',*,*,#2471,.F.);
#2471 = EDGE_CURVE('',#2472,#2464,#2474,.T.);
#2472 = VERTEX_POINT('',#2473);
#2473 = CARTESIAN_POINT('',(1.2,-2.05,0.8));
#2474 = LINE('',#2475,#2476);
#2475 = CARTESIAN_POINT('',(1.2,-2.05,0.8));
#2476 = VECTOR('',#2477,1.);
#2477 = DIRECTION('',(-1.224646799147E-16,-1.,1.110223024625E-16));
#2478 = ORIENTED_EDGE('',*,*,#2479,.T.);
#2479 = EDGE_CURVE('',#2472,#1959,#2480,.T.);
#2480 = LINE('',#2481,#2482);
#2481 = CARTESIAN_POINT('',(-1.45,-2.05,0.8));
#2482 = VECTOR('',#2483,1.);
#2483 = DIRECTION('',(1.,-1.224646799147E-16,0.));
#2484 = ORIENTED_EDGE('',*,*,#1958,.F.);
#2485 = PLANE('',#2486);
#2486 = AXIS2_PLACEMENT_3D('',#2487,#2488,#2489);
#2487 = CARTESIAN_POINT('',(-1.45,-6.25,0.8));
#2488 = DIRECTION('',(-1.359631073447E-32,-1.110223024625E-16,-1.));
#2489 = DIRECTION('',(1.,-1.224646799147E-16,-6.927121900793E-45));
#2490 = ADVANCED_FACE('',(#2491),#2542,.F.);
#2491 = FACE_BOUND('',#2492,.F.);
#2492 = EDGE_LOOP('',(#2493,#2503,#2511,#2517,#2518,#2519,#2527,#2536));
#2493 = ORIENTED_EDGE('',*,*,#2494,.F.);
#2494 = EDGE_CURVE('',#2495,#2497,#2499,.T.);
#2495 = VERTEX_POINT('',#2496);
#2496 = CARTESIAN_POINT('',(-1.45,-6.25,4.2));
#2497 = VERTEX_POINT('',#2498);
#2498 = CARTESIAN_POINT('',(-1.45,-6.25,3.3));
#2499 = LINE('',#2500,#2501);
#2500 = CARTESIAN_POINT('',(-1.45,-6.25,4.2));
#2501 = VECTOR('',#2502,1.);
#2502 = DIRECTION('',(-1.359631073447E-32,-1.110223024625E-16,-1.));
#2503 = ORIENTED_EDGE('',*,*,#2504,.T.);
#2504 = EDGE_CURVE('',#2495,#2505,#2507,.T.);
#2505 = VERTEX_POINT('',#2506);
#2506 = CARTESIAN_POINT('',(-1.45,-2.05,4.2));
#2507 = LINE('',#2508,#2509);
#2508 = CARTESIAN_POINT('',(-1.45,-6.25,4.2));
#2509 = VECTOR('',#2510,1.);
#2510 = DIRECTION('',(1.224646799147E-16,1.,-1.110223024625E-16));
#2511 = ORIENTED_EDGE('',*,*,#2512,.T.);
#2512 = EDGE_CURVE('',#2505,#2440,#2513,.T.);
#2513 = LINE('',#2514,#2515);
#2514 = CARTESIAN_POINT('',(-1.45,-2.05,4.2));
#2515 = VECTOR('',#2516,1.);
#2516 = DIRECTION('',(-1.359631073447E-32,-1.110223024625E-16,-1.));
#2517 = ORIENTED_EDGE('',*,*,#2439,.F.);
#2518 = ORIENTED_EDGE('',*,*,#1911,.F.);
#2519 = ORIENTED_EDGE('',*,*,#2520,.T.);
#2520 = EDGE_CURVE('',#1912,#2521,#2523,.T.);
#2521 = VERTEX_POINT('',#2522);
#2522 = CARTESIAN_POINT('',(-1.45,-4.65,2.5));
#2523 = LINE('',#2524,#2525);
#2524 = CARTESIAN_POINT('',(-1.45,-5.45,2.5));
#2525 = VECTOR('',#2526,1.);
#2526 = DIRECTION('',(1.224646799147E-16,1.,-1.110223024625E-16));
#2527 = ORIENTED_EDGE('',*,*,#2528,.T.);
#2528 = EDGE_CURVE('',#2521,#2529,#2531,.T.);
#2529 = VERTEX_POINT('',#2530);
#2530 = CARTESIAN_POINT('',(-1.45,-4.65,3.3));
#2531 = CIRCLE('',#2532,0.4);
#2532 = AXIS2_PLACEMENT_3D('',#2533,#2534,#2535);
#2533 = CARTESIAN_POINT('',(-1.45,-4.65,2.9));
#2534 = DIRECTION('',(1.,-1.224646799147E-16,0.));
#2535 = DIRECTION('',(1.359631073446E-32,1.110223024625E-16,1.));
#2536 = ORIENTED_EDGE('',*,*,#2537,.T.);
#2537 = EDGE_CURVE('',#2529,#2497,#2538,.T.);
#2538 = LINE('',#2539,#2540);
#2539 = CARTESIAN_POINT('',(-1.45,-6.25,3.3));
#2540 = VECTOR('',#2541,1.);
#2541 = DIRECTION('',(-1.224646799147E-16,-1.,1.110223024625E-16));
#2542 = PLANE('',#2543);
#2543 = AXIS2_PLACEMENT_3D('',#2544,#2545,#2546);
#2544 = CARTESIAN_POINT('',(-1.45,-6.25,4.2));
#2545 = DIRECTION('',(-1.,1.224646799147E-16,0.));
#2546 = DIRECTION('',(-1.359631073446E-32,-1.110223024625E-16,-1.));
#2547 = ADVANCED_FACE('',(#2548),#2566,.T.);
#2548 = FACE_BOUND('',#2549,.T.);
#2549 = EDGE_LOOP('',(#2550,#2551,#2559,#2565));
#2550 = ORIENTED_EDGE('',*,*,#2520,.T.);
#2551 = ORIENTED_EDGE('',*,*,#2552,.T.);
#2552 = EDGE_CURVE('',#2521,#2553,#2555,.T.);
#2553 = VERTEX_POINT('',#2554);
#2554 = CARTESIAN_POINT('',(-1.95,-4.65,2.5));
#2555 = LINE('',#2556,#2557);
#2556 = CARTESIAN_POINT('',(3.95,-4.65,2.5));
#2557 = VECTOR('',#2558,1.);
#2558 = DIRECTION('',(-1.,1.224646799147E-16,0.));
#2559 = ORIENTED_EDGE('',*,*,#2560,.T.);
#2560 = EDGE_CURVE('',#2553,#1920,#2561,.T.);
#2561 = LINE('',#2562,#2563);
#2562 = CARTESIAN_POINT('',(-1.95,-2.45,2.5));
#2563 = VECTOR('',#2564,1.);
#2564 = DIRECTION('',(-1.224646799147E-16,-1.,1.110223024625E-16));
#2565 = ORIENTED_EDGE('',*,*,#1919,.F.);
#2566 = PLANE('',#2567);
#2567 = AXIS2_PLACEMENT_3D('',#2568,#2569,#2570);
#2568 = CARTESIAN_POINT('',(3.95,-4.65,2.5));
#2569 = DIRECTION('',(1.359631073447E-32,1.110223024625E-16,1.));
#2570 = DIRECTION('',(-1.224646799147E-16,-1.,1.110223024625E-16));
#2571 = ADVANCED_FACE('',(#2572),#2639,.T.);
#2572 = FACE_BOUND('',#2573,.T.);
#2573 = EDGE_LOOP('',(#2574,#2584,#2592,#2600,#2606,#2607,#2608,#2617,
    #2625,#2633));
#2574 = ORIENTED_EDGE('',*,*,#2575,.T.);
#2575 = EDGE_CURVE('',#2576,#2578,#2580,.T.);
#2576 = VERTEX_POINT('',#2577);
#2577 = CARTESIAN_POINT('',(-1.95,-0.25,4.8));
#2578 = VERTEX_POINT('',#2579);
#2579 = CARTESIAN_POINT('',(-1.95,-0.25,4.1));
#2580 = LINE('',#2581,#2582);
#2581 = CARTESIAN_POINT('',(-1.95,-0.25,4.8));
#2582 = VECTOR('',#2583,1.);
#2583 = DIRECTION('',(-1.359631073447E-32,-1.110223024625E-16,-1.));
#2584 = ORIENTED_EDGE('',*,*,#2585,.T.);
#2585 = EDGE_CURVE('',#2578,#2586,#2588,.T.);
#2586 = VERTEX_POINT('',#2587);
#2587 = CARTESIAN_POINT('',(-1.95,1.35,3.2));
#2588 = LINE('',#2589,#2590);
#2589 = CARTESIAN_POINT('',(-1.95,-0.25,4.1));
#2590 = VECTOR('',#2591,1.);
#2591 = DIRECTION('',(1.067372191754E-16,0.871575537124,-0.490261239633)
  );
#2592 = ORIENTED_EDGE('',*,*,#2593,.T.);
#2593 = EDGE_CURVE('',#2586,#2594,#2596,.T.);
#2594 = VERTEX_POINT('',#2595);
#2595 = CARTESIAN_POINT('',(-1.95,1.35,0.));
#2596 = LINE('',#2597,#2598);
#2597 = CARTESIAN_POINT('',(-1.95,1.35,3.2));
#2598 = VECTOR('',#2599,1.);
#2599 = DIRECTION('',(-0.,0.,-1.));
#2600 = ORIENTED_EDGE('',*,*,#2601,.T.);
#2601 = EDGE_CURVE('',#2594,#1928,#2602,.T.);
#2602 = LINE('',#2603,#2604);
#2603 = CARTESIAN_POINT('',(-1.95,1.35,0.));
#2604 = VECTOR('',#2605,1.);
#2605 = DIRECTION('',(-1.224646799147E-16,-1.,0.));
#2606 = ORIENTED_EDGE('',*,*,#1927,.F.);
#2607 = ORIENTED_EDGE('',*,*,#2560,.F.);
#2608 = ORIENTED_EDGE('',*,*,#2609,.T.);
#2609 = EDGE_CURVE('',#2553,#2610,#2612,.T.);
#2610 = VERTEX_POINT('',#2611);
#2611 = CARTESIAN_POINT('',(-1.95,-4.65,3.3));
#2612 = CIRCLE('',#2613,0.4);
#2613 = AXIS2_PLACEMENT_3D('',#2614,#2615,#2616);
#2614 = CARTESIAN_POINT('',(-1.95,-4.65,2.9));
#2615 = DIRECTION('',(1.,-1.224646799147E-16,0.));
#2616 = DIRECTION('',(1.359631073446E-32,1.110223024625E-16,1.));
#2617 = ORIENTED_EDGE('',*,*,#2618,.F.);
#2618 = EDGE_CURVE('',#2619,#2610,#2621,.T.);
#2619 = VERTEX_POINT('',#2620);
#2620 = CARTESIAN_POINT('',(-1.95,-6.25,3.3));
#2621 = LINE('',#2622,#2623);
#2622 = CARTESIAN_POINT('',(-1.95,-3.25,3.3));
#2623 = VECTOR('',#2624,1.);
#2624 = DIRECTION('',(1.224646799147E-16,1.,-1.110223024625E-16));
#2625 = ORIENTED_EDGE('',*,*,#2626,.F.);
#2626 = EDGE_CURVE('',#2627,#2619,#2629,.T.);
#2627 = VERTEX_POINT('',#2628);
#2628 = CARTESIAN_POINT('',(-1.95,-6.25,4.8));
#2629 = LINE('',#2630,#2631);
#2630 = CARTESIAN_POINT('',(-1.95,-6.25,4.8));
#2631 = VECTOR('',#2632,1.);
#2632 = DIRECTION('',(-1.359631073447E-32,-1.110223024625E-16,-1.));
#2633 = ORIENTED_EDGE('',*,*,#2634,.F.);
#2634 = EDGE_CURVE('',#2576,#2627,#2635,.T.);
#2635 = LINE('',#2636,#2637);
#2636 = CARTESIAN_POINT('',(-1.95,-0.25,4.8));
#2637 = VECTOR('',#2638,1.);
#2638 = DIRECTION('',(-1.224646799147E-16,-1.,1.110223024625E-16));
#2639 = PLANE('',#2640);
#2640 = AXIS2_PLACEMENT_3D('',#2641,#2642,#2643);
#2641 = CARTESIAN_POINT('',(-1.95,-2.909897467985,2.368621550033));
#2642 = DIRECTION('',(-1.,1.224646799147E-16,-3.525915016947E-32));
#2643 = DIRECTION('',(-3.525915016947E-32,4.31800053957E-48,1.));
#2644 = ADVANCED_FACE('',(#2645),#2663,.F.);
#2645 = FACE_BOUND('',#2646,.F.);
#2646 = EDGE_LOOP('',(#2647,#2655,#2656,#2657));
#2647 = ORIENTED_EDGE('',*,*,#2648,.T.);
#2648 = EDGE_CURVE('',#2649,#2594,#2651,.T.);
#2649 = VERTEX_POINT('',#2650);
#2650 = CARTESIAN_POINT('',(-0.95,1.35,0.));
#2651 = LINE('',#2652,#2653);
#2652 = CARTESIAN_POINT('',(-0.95,1.35,0.));
#2653 = VECTOR('',#2654,1.);
#2654 = DIRECTION('',(-1.,1.224646799147E-16,0.));
#2655 = ORIENTED_EDGE('',*,*,#2601,.T.);
#2656 = ORIENTED_EDGE('',*,*,#1935,.F.);
#2657 = ORIENTED_EDGE('',*,*,#2658,.F.);
#2658 = EDGE_CURVE('',#2649,#1936,#2659,.T.);
#2659 = LINE('',#2660,#2661);
#2660 = CARTESIAN_POINT('',(-0.95,1.35,0.));
#2661 = VECTOR('',#2662,1.);
#2662 = DIRECTION('',(-1.224646799147E-16,-1.,0.));
#2663 = PLANE('',#2664);
#2664 = AXIS2_PLACEMENT_3D('',#2665,#2666,#2667);
#2665 = CARTESIAN_POINT('',(-0.95,1.35,0.));
#2666 = DIRECTION('',(0.,0.,1.));
#2667 = DIRECTION('',(-1.224646799147E-16,-1.,0.));
#2668 = ADVANCED_FACE('',(#2669),#2696,.F.);
#2669 = FACE_BOUND('',#2670,.F.);
#2670 = EDGE_LOOP('',(#2671,#2679,#2687,#2693,#2694,#2695));
#2671 = ORIENTED_EDGE('',*,*,#2672,.T.);
#2672 = EDGE_CURVE('',#2339,#2673,#2675,.T.);
#2673 = VERTEX_POINT('',#2674);
#2674 = CARTESIAN_POINT('',(-0.95,-0.25,4.1));
#2675 = LINE('',#2676,#2677);
#2676 = CARTESIAN_POINT('',(-0.95,-0.25,0.3));
#2677 = VECTOR('',#2678,1.);
#2678 = DIRECTION('',(0.,0.,1.));
#2679 = ORIENTED_EDGE('',*,*,#2680,.T.);
#2680 = EDGE_CURVE('',#2673,#2681,#2683,.T.);
#2681 = VERTEX_POINT('',#2682);
#2682 = CARTESIAN_POINT('',(-0.95,1.35,3.2));
#2683 = LINE('',#2684,#2685);
#2684 = CARTESIAN_POINT('',(-0.95,-0.25,4.1));
#2685 = VECTOR('',#2686,1.);
#2686 = DIRECTION('',(1.067372191754E-16,0.871575537124,-0.490261239633)
  );
#2687 = ORIENTED_EDGE('',*,*,#2688,.T.);
#2688 = EDGE_CURVE('',#2681,#2649,#2689,.T.);
#2689 = LINE('',#2690,#2691);
#2690 = CARTESIAN_POINT('',(-0.95,1.35,3.2));
#2691 = VECTOR('',#2692,1.);
#2692 = DIRECTION('',(-0.,0.,-1.));
#2693 = ORIENTED_EDGE('',*,*,#2658,.T.);
#2694 = ORIENTED_EDGE('',*,*,#1943,.T.);
#2695 = ORIENTED_EDGE('',*,*,#2348,.T.);
#2696 = PLANE('',#2697);
#2697 = AXIS2_PLACEMENT_3D('',#2698,#2699,#2700);
#2698 = CARTESIAN_POINT('',(-0.95,-1.566489992801,0.968760807125));
#2699 = DIRECTION('',(-1.,1.224646799147E-16,0.));
#2700 = DIRECTION('',(0.,0.,1.));
#2701 = ADVANCED_FACE('',(#2702),#2807,.F.);
#2702 = FACE_BOUND('',#2703,.F.);
#2703 = EDGE_LOOP('',(#2704,#2705,#2706,#2714,#2722,#2730,#2738,#2746,
    #2754,#2762,#2770,#2776,#2777,#2785,#2793,#2801));
#2704 = ORIENTED_EDGE('',*,*,#2311,.F.);
#2705 = ORIENTED_EDGE('',*,*,#1974,.T.);
#2706 = ORIENTED_EDGE('',*,*,#2707,.T.);
#2707 = EDGE_CURVE('',#1967,#2708,#2710,.T.);
#2708 = VERTEX_POINT('',#2709);
#2709 = CARTESIAN_POINT('',(3.4,-2.05,4.2));
#2710 = LINE('',#2711,#2712);
#2711 = CARTESIAN_POINT('',(3.45,-2.05,4.2));
#2712 = VECTOR('',#2713,1.);
#2713 = DIRECTION('',(-1.,1.224646799147E-16,0.));
#2714 = ORIENTED_EDGE('',*,*,#2715,.F.);
#2715 = EDGE_CURVE('',#2716,#2708,#2718,.T.);
#2716 = VERTEX_POINT('',#2717);
#2717 = CARTESIAN_POINT('',(3.4,-4.45,4.2));
#2718 = LINE('',#2719,#2720);
#2719 = CARTESIAN_POINT('',(3.4,-4.45,4.2));
#2720 = VECTOR('',#2721,1.);
#2721 = DIRECTION('',(1.224646799147E-16,1.,-1.110223024625E-16));
#2722 = ORIENTED_EDGE('',*,*,#2723,.F.);
#2723 = EDGE_CURVE('',#2724,#2716,#2726,.T.);
#2724 = VERTEX_POINT('',#2725);
#2725 = CARTESIAN_POINT('',(2.4,-4.45,4.2));
#2726 = LINE('',#2727,#2728);
#2727 = CARTESIAN_POINT('',(2.4,-4.45,4.2));
#2728 = VECTOR('',#2729,1.);
#2729 = DIRECTION('',(1.,-1.224646799147E-16,0.));
#2730 = ORIENTED_EDGE('',*,*,#2731,.F.);
#2731 = EDGE_CURVE('',#2732,#2724,#2734,.T.);
#2732 = VERTEX_POINT('',#2733);
#2733 = CARTESIAN_POINT('',(2.4,-2.05,4.2));
#2734 = LINE('',#2735,#2736);
#2735 = CARTESIAN_POINT('',(2.4,-0.25,4.2));
#2736 = VECTOR('',#2737,1.);
#2737 = DIRECTION('',(-1.224646799147E-16,-1.,1.110223024625E-16));
#2738 = ORIENTED_EDGE('',*,*,#2739,.T.);
#2739 = EDGE_CURVE('',#2732,#2740,#2742,.T.);
#2740 = VERTEX_POINT('',#2741);
#2741 = CARTESIAN_POINT('',(-0.4,-2.05,4.2));
#2742 = LINE('',#2743,#2744);
#2743 = CARTESIAN_POINT('',(3.45,-2.05,4.2));
#2744 = VECTOR('',#2745,1.);
#2745 = DIRECTION('',(-1.,1.224646799147E-16,0.));
#2746 = ORIENTED_EDGE('',*,*,#2747,.T.);
#2747 = EDGE_CURVE('',#2740,#2748,#2750,.T.);
#2748 = VERTEX_POINT('',#2749);
#2749 = CARTESIAN_POINT('',(-0.4,-4.45,4.2));
#2750 = LINE('',#2751,#2752);
#2751 = CARTESIAN_POINT('',(-0.4,-0.25,4.2));
#2752 = VECTOR('',#2753,1.);
#2753 = DIRECTION('',(-1.224646799147E-16,-1.,1.110223024625E-16));
#2754 = ORIENTED_EDGE('',*,*,#2755,.T.);
#2755 = EDGE_CURVE('',#2748,#2756,#2758,.T.);
#2756 = VERTEX_POINT('',#2757);
#2757 = CARTESIAN_POINT('',(-1.4,-4.45,4.2));
#2758 = LINE('',#2759,#2760);
#2759 = CARTESIAN_POINT('',(-0.4,-4.45,4.2));
#2760 = VECTOR('',#2761,1.);
#2761 = DIRECTION('',(-1.,1.224646799147E-16,0.));
#2762 = ORIENTED_EDGE('',*,*,#2763,.T.);
#2763 = EDGE_CURVE('',#2756,#2764,#2766,.T.);
#2764 = VERTEX_POINT('',#2765);
#2765 = CARTESIAN_POINT('',(-1.4,-2.05,4.2));
#2766 = LINE('',#2767,#2768);
#2767 = CARTESIAN_POINT('',(-1.4,-4.45,4.2));
#2768 = VECTOR('',#2769,1.);
#2769 = DIRECTION('',(1.224646799147E-16,1.,-1.110223024625E-16));
#2770 = ORIENTED_EDGE('',*,*,#2771,.T.);
#2771 = EDGE_CURVE('',#2764,#2505,#2772,.T.);
#2772 = LINE('',#2773,#2774);
#2773 = CARTESIAN_POINT('',(3.45,-2.05,4.2));
#2774 = VECTOR('',#2775,1.);
#2775 = DIRECTION('',(-1.,1.224646799147E-16,0.));
#2776 = ORIENTED_EDGE('',*,*,#2504,.F.);
#2777 = ORIENTED_EDGE('',*,*,#2778,.F.);
#2778 = EDGE_CURVE('',#2779,#2495,#2781,.T.);
#2779 = VERTEX_POINT('',#2780);
#2780 = CARTESIAN_POINT('',(0.55,-6.25,4.2));
#2781 = LINE('',#2782,#2783);
#2782 = CARTESIAN_POINT('',(3.45,-6.25,4.2));
#2783 = VECTOR('',#2784,1.);
#2784 = DIRECTION('',(-1.,1.224646799147E-16,0.));
#2785 = ORIENTED_EDGE('',*,*,#2786,.F.);
#2786 = EDGE_CURVE('',#2787,#2779,#2789,.T.);
#2787 = VERTEX_POINT('',#2788);
#2788 = CARTESIAN_POINT('',(0.55,-2.35,4.2));
#2789 = LINE('',#2790,#2791);
#2790 = CARTESIAN_POINT('',(0.55,-4.3,4.2));
#2791 = VECTOR('',#2792,1.);
#2792 = DIRECTION('',(-1.224646799147E-16,-1.,1.110223024625E-16));
#2793 = ORIENTED_EDGE('',*,*,#2794,.F.);
#2794 = EDGE_CURVE('',#2795,#2787,#2797,.T.);
#2795 = VERTEX_POINT('',#2796);
#2796 = CARTESIAN_POINT('',(1.45,-2.35,4.2));
#2797 = LINE('',#2798,#2799);
#2798 = CARTESIAN_POINT('',(2.45,-2.35,4.2));
#2799 = VECTOR('',#2800,1.);
#2800 = DIRECTION('',(-1.,1.224646799147E-16,0.));
#2801 = ORIENTED_EDGE('',*,*,#2802,.F.);
#2802 = EDGE_CURVE('',#2304,#2795,#2803,.T.);
#2803 = LINE('',#2804,#2805);
#2804 = CARTESIAN_POINT('',(1.45,-6.25,4.2));
#2805 = VECTOR('',#2806,1.);
#2806 = DIRECTION('',(1.224646799147E-16,1.,-1.110223024625E-16));
#2807 = PLANE('',#2808);
#2808 = AXIS2_PLACEMENT_3D('',#2809,#2810,#2811);
#2809 = CARTESIAN_POINT('',(3.45,-6.25,4.2));
#2810 = DIRECTION('',(1.359631073447E-32,1.110223024625E-16,1.));
#2811 = DIRECTION('',(-1.,1.224646799147E-16,6.927121900793E-45));
#2812 = ADVANCED_FACE('',(#2813,#2856,#2890),#2924,.T.);
#2813 = FACE_BOUND('',#2814,.T.);
#2814 = EDGE_LOOP('',(#2815,#2816,#2817,#2823,#2824,#2830,#2831,#2832,
    #2833,#2841,#2849,#2855));
#2815 = ORIENTED_EDGE('',*,*,#1966,.T.);
#2816 = ORIENTED_EDGE('',*,*,#2707,.T.);
#2817 = ORIENTED_EDGE('',*,*,#2818,.T.);
#2818 = EDGE_CURVE('',#2708,#2732,#2819,.T.);
#2819 = LINE('',#2820,#2821);
#2820 = CARTESIAN_POINT('',(3.45,-2.05,4.2));
#2821 = VECTOR('',#2822,1.);
#2822 = DIRECTION('',(-1.,1.224646799147E-16,0.));
#2823 = ORIENTED_EDGE('',*,*,#2739,.T.);
#2824 = ORIENTED_EDGE('',*,*,#2825,.T.);
#2825 = EDGE_CURVE('',#2740,#2764,#2826,.T.);
#2826 = LINE('',#2827,#2828);
#2827 = CARTESIAN_POINT('',(3.45,-2.05,4.2));
#2828 = VECTOR('',#2829,1.);
#2829 = DIRECTION('',(-1.,1.224646799147E-16,0.));
#2830 = ORIENTED_EDGE('',*,*,#2771,.T.);
#2831 = ORIENTED_EDGE('',*,*,#2512,.T.);
#2832 = ORIENTED_EDGE('',*,*,#2447,.T.);
#2833 = ORIENTED_EDGE('',*,*,#2834,.F.);
#2834 = EDGE_CURVE('',#2835,#2448,#2837,.T.);
#2835 = VERTEX_POINT('',#2836);
#2836 = CARTESIAN_POINT('',(0.8,-2.05,1.1));
#2837 = LINE('',#2838,#2839);
#2838 = CARTESIAN_POINT('',(0.8,-2.05,1.1));
#2839 = VECTOR('',#2840,1.);
#2840 = DIRECTION('',(-1.359631073447E-32,-1.110223024625E-16,-1.));
#2841 = ORIENTED_EDGE('',*,*,#2842,.F.);
#2842 = EDGE_CURVE('',#2843,#2835,#2845,.T.);
#2843 = VERTEX_POINT('',#2844);
#2844 = CARTESIAN_POINT('',(1.2,-2.05,1.1));
#2845 = LINE('',#2846,#2847);
#2846 = CARTESIAN_POINT('',(1.2,-2.05,1.1));
#2847 = VECTOR('',#2848,1.);
#2848 = DIRECTION('',(-1.,1.224646799147E-16,0.));
#2849 = ORIENTED_EDGE('',*,*,#2850,.F.);
#2850 = EDGE_CURVE('',#2472,#2843,#2851,.T.);
#2851 = LINE('',#2852,#2853);
#2852 = CARTESIAN_POINT('',(1.2,-2.05,0.8));
#2853 = VECTOR('',#2854,1.);
#2854 = DIRECTION('',(1.359631073447E-32,1.110223024625E-16,1.));
#2855 = ORIENTED_EDGE('',*,*,#2479,.T.);
#2856 = FACE_BOUND('',#2857,.T.);
#2857 = EDGE_LOOP('',(#2858,#2868,#2876,#2884));
#2858 = ORIENTED_EDGE('',*,*,#2859,.T.);
#2859 = EDGE_CURVE('',#2860,#2862,#2864,.T.);
#2860 = VERTEX_POINT('',#2861);
#2861 = CARTESIAN_POINT('',(0.25,-2.05,3.35));
#2862 = VERTEX_POINT('',#2863);
#2863 = CARTESIAN_POINT('',(0.25,-2.05,2.85));
#2864 = LINE('',#2865,#2866);
#2865 = CARTESIAN_POINT('',(0.25,-2.05,1.901106711288));
#2866 = VECTOR('',#2867,1.);
#2867 = DIRECTION('',(-1.359631073447E-32,-1.110223024625E-16,-1.));
#2868 = ORIENTED_EDGE('',*,*,#2869,.T.);
#2869 = EDGE_CURVE('',#2862,#2870,#2872,.T.);
#2870 = VERTEX_POINT('',#2871);
#2871 = CARTESIAN_POINT('',(-0.25,-2.05,2.85));
#2872 = LINE('',#2873,#2874);
#2873 = CARTESIAN_POINT('',(0.625,-2.05,2.85));
#2874 = VECTOR('',#2875,1.);
#2875 = DIRECTION('',(-1.,1.224646799147E-16,0.));
#2876 = ORIENTED_EDGE('',*,*,#2877,.F.);
#2877 = EDGE_CURVE('',#2878,#2870,#2880,.T.);
#2878 = VERTEX_POINT('',#2879);
#2879 = CARTESIAN_POINT('',(-0.25,-2.05,3.35));
#2880 = LINE('',#2881,#2882);
#2881 = CARTESIAN_POINT('',(-0.25,-2.05,1.901106711288));
#2882 = VECTOR('',#2883,1.);
#2883 = DIRECTION('',(-1.359631073447E-32,-1.110223024625E-16,-1.));
#2884 = ORIENTED_EDGE('',*,*,#2885,.T.);
#2885 = EDGE_CURVE('',#2878,#2860,#2886,.T.);
#2886 = LINE('',#2887,#2888);
#2887 = CARTESIAN_POINT('',(0.625,-2.05,3.35));
#2888 = VECTOR('',#2889,1.);
#2889 = DIRECTION('',(1.,-1.224646799147E-16,0.));
#2890 = FACE_BOUND('',#2891,.T.);
#2891 = EDGE_LOOP('',(#2892,#2902,#2910,#2918));
#2892 = ORIENTED_EDGE('',*,*,#2893,.T.);
#2893 = EDGE_CURVE('',#2894,#2896,#2898,.T.);
#2894 = VERTEX_POINT('',#2895);
#2895 = CARTESIAN_POINT('',(2.25,-2.05,3.35));
#2896 = VERTEX_POINT('',#2897);
#2897 = CARTESIAN_POINT('',(2.25,-2.05,2.85));
#2898 = LINE('',#2899,#2900);
#2899 = CARTESIAN_POINT('',(2.25,-2.05,1.901106711288));
#2900 = VECTOR('',#2901,1.);
#2901 = DIRECTION('',(-1.359631073447E-32,-1.110223024625E-16,-1.));
#2902 = ORIENTED_EDGE('',*,*,#2903,.T.);
#2903 = EDGE_CURVE('',#2896,#2904,#2906,.T.);
#2904 = VERTEX_POINT('',#2905);
#2905 = CARTESIAN_POINT('',(1.75,-2.05,2.85));
#2906 = LINE('',#2907,#2908);
#2907 = CARTESIAN_POINT('',(1.625,-2.05,2.85));
#2908 = VECTOR('',#2909,1.);
#2909 = DIRECTION('',(-1.,1.224646799147E-16,0.));
#2910 = ORIENTED_EDGE('',*,*,#2911,.F.);
#2911 = EDGE_CURVE('',#2912,#2904,#2914,.T.);
#2912 = VERTEX_POINT('',#2913);
#2913 = CARTESIAN_POINT('',(1.75,-2.05,3.35));
#2914 = LINE('',#2915,#2916);
#2915 = CARTESIAN_POINT('',(1.75,-2.05,1.901106711288));
#2916 = VECTOR('',#2917,1.);
#2917 = DIRECTION('',(-1.359631073447E-32,-1.110223024625E-16,-1.));
#2918 = ORIENTED_EDGE('',*,*,#2919,.T.);
#2919 = EDGE_CURVE('',#2912,#2894,#2920,.T.);
#2920 = LINE('',#2921,#2922);
#2921 = CARTESIAN_POINT('',(1.625,-2.05,3.35));
#2922 = VECTOR('',#2923,1.);
#2923 = DIRECTION('',(1.,-1.224646799147E-16,0.));
#2924 = PLANE('',#2925);
#2925 = AXIS2_PLACEMENT_3D('',#2926,#2927,#2928);
#2926 = CARTESIAN_POINT('',(1.,-2.05,2.5));
#2927 = DIRECTION('',(-1.224646799147E-16,-1.,1.110223024625E-16));
#2928 = DIRECTION('',(-1.,1.224646799147E-16,1.219283680787E-48));
#2929 = ADVANCED_FACE('',(#2930),#2964,.F.);
#2930 = FACE_BOUND('',#2931,.F.);
#2931 = EDGE_LOOP('',(#2932,#2933,#2941,#2949,#2957,#2963));
#2932 = ORIENTED_EDGE('',*,*,#2103,.T.);
#2933 = ORIENTED_EDGE('',*,*,#2934,.T.);
#2934 = EDGE_CURVE('',#2106,#2935,#2937,.T.);
#2935 = VERTEX_POINT('',#2936);
#2936 = CARTESIAN_POINT('',(2.75,-0.4,4.2));
#2937 = LINE('',#2938,#2939);
#2938 = CARTESIAN_POINT('',(2.75,-1.335399017773,4.2));
#2939 = VECTOR('',#2940,1.);
#2940 = DIRECTION('',(-1.224646799147E-16,-1.,1.110223024625E-16));
#2941 = ORIENTED_EDGE('',*,*,#2942,.T.);
#2942 = EDGE_CURVE('',#2935,#2943,#2945,.T.);
#2943 = VERTEX_POINT('',#2944);
#2944 = CARTESIAN_POINT('',(2.75,-0.35,3.6));
#2945 = LINE('',#2946,#2947);
#2946 = CARTESIAN_POINT('',(2.75,-0.45,4.8));
#2947 = VECTOR('',#2948,1.);
#2948 = DIRECTION('',(1.017013810865E-17,8.304547985373E-02,
    -0.996545758245));
#2949 = ORIENTED_EDGE('',*,*,#2950,.T.);
#2950 = EDGE_CURVE('',#2943,#2951,#2953,.T.);
#2951 = VERTEX_POINT('',#2952);
#2952 = CARTESIAN_POINT('',(2.75,-0.35,2.6));
#2953 = LINE('',#2954,#2955);
#2954 = CARTESIAN_POINT('',(2.75,-0.35,3.6));
#2955 = VECTOR('',#2956,1.);
#2956 = DIRECTION('',(-1.359631073447E-32,-1.110223024625E-16,-1.));
#2957 = ORIENTED_EDGE('',*,*,#2958,.T.);
#2958 = EDGE_CURVE('',#2951,#2363,#2959,.T.);
#2959 = LINE('',#2960,#2961);
#2960 = CARTESIAN_POINT('',(2.75,-0.35,2.6));
#2961 = VECTOR('',#2962,1.);
#2962 = DIRECTION('',(-5.319525767383E-18,-4.343722427631E-02,
    -0.999056158355));
#2963 = ORIENTED_EDGE('',*,*,#2362,.T.);
#2964 = PLANE('',#2965);
#2965 = AXIS2_PLACEMENT_3D('',#2966,#2967,#2968);
#2966 = CARTESIAN_POINT('',(2.75,-0.320798035545,2.550475523299));
#2967 = DIRECTION('',(1.,-1.224646799147E-16,0.));
#2968 = DIRECTION('',(1.224646799147E-16,1.,-1.110223024625E-16));
#2969 = ADVANCED_FACE('',(#2970),#2995,.T.);
#2970 = FACE_BOUND('',#2971,.T.);
#2971 = EDGE_LOOP('',(#2972,#2973,#2979,#2980,#2981,#2989));
#2972 = ORIENTED_EDGE('',*,*,#2818,.F.);
#2973 = ORIENTED_EDGE('',*,*,#2974,.T.);
#2974 = EDGE_CURVE('',#2708,#2138,#2975,.T.);
#2975 = LINE('',#2976,#2977);
#2976 = CARTESIAN_POINT('',(3.4,-4.45,4.2));
#2977 = VECTOR('',#2978,1.);
#2978 = DIRECTION('',(1.224646799147E-16,1.,-1.110223024625E-16));
#2979 = ORIENTED_EDGE('',*,*,#2145,.T.);
#2980 = ORIENTED_EDGE('',*,*,#2934,.T.);
#2981 = ORIENTED_EDGE('',*,*,#2982,.T.);
#2982 = EDGE_CURVE('',#2935,#2983,#2985,.T.);
#2983 = VERTEX_POINT('',#2984);
#2984 = CARTESIAN_POINT('',(2.4,-0.4,4.2));
#2985 = LINE('',#2986,#2987);
#2986 = CARTESIAN_POINT('',(2.825,-0.4,4.2));
#2987 = VECTOR('',#2988,1.);
#2988 = DIRECTION('',(-1.,1.224646799147E-16,0.));
#2989 = ORIENTED_EDGE('',*,*,#2990,.T.);
#2990 = EDGE_CURVE('',#2983,#2732,#2991,.T.);
#2991 = LINE('',#2992,#2993);
#2992 = CARTESIAN_POINT('',(2.4,-0.25,4.2));
#2993 = VECTOR('',#2994,1.);
#2994 = DIRECTION('',(-1.224646799147E-16,-1.,1.110223024625E-16));
#2995 = PLANE('',#2996);
#2996 = AXIS2_PLACEMENT_3D('',#2997,#2998,#2999);
#2997 = CARTESIAN_POINT('',(2.9,-2.35,4.2));
#2998 = DIRECTION('',(1.359631073447E-32,1.110223024625E-16,1.));
#2999 = DIRECTION('',(1.224646799147E-16,1.,-1.110223024625E-16));
#3000 = ADVANCED_FACE('',(#3001),#3013,.F.);
#3001 = FACE_BOUND('',#3002,.T.);
#3002 = EDGE_LOOP('',(#3003,#3004,#3005,#3006,#3007));
#3003 = ORIENTED_EDGE('',*,*,#2281,.T.);
#3004 = ORIENTED_EDGE('',*,*,#2137,.T.);
#3005 = ORIENTED_EDGE('',*,*,#2974,.F.);
#3006 = ORIENTED_EDGE('',*,*,#2715,.F.);
#3007 = ORIENTED_EDGE('',*,*,#3008,.F.);
#3008 = EDGE_CURVE('',#2274,#2716,#3009,.T.);
#3009 = LINE('',#3010,#3011);
#3010 = CARTESIAN_POINT('',(3.4,-4.45,4.8));
#3011 = VECTOR('',#3012,1.);
#3012 = DIRECTION('',(-1.359631073447E-32,-1.110223024625E-16,-1.));
#3013 = PLANE('',#3014);
#3014 = AXIS2_PLACEMENT_3D('',#3015,#3016,#3017);
#3015 = CARTESIAN_POINT('',(3.4,-4.45,4.8));
#3016 = DIRECTION('',(1.,-1.224646799147E-16,0.));
#3017 = DIRECTION('',(1.224646799147E-16,1.,-1.110223024625E-16));
#3018 = ADVANCED_FACE('',(#3019),#3030,.F.);
#3019 = FACE_BOUND('',#3020,.F.);
#3020 = EDGE_LOOP('',(#3021,#3022,#3028,#3029));
#3021 = ORIENTED_EDGE('',*,*,#2273,.F.);
#3022 = ORIENTED_EDGE('',*,*,#3023,.T.);
#3023 = EDGE_CURVE('',#2266,#2724,#3024,.T.);
#3024 = LINE('',#3025,#3026);
#3025 = CARTESIAN_POINT('',(2.4,-4.45,4.8));
#3026 = VECTOR('',#3027,1.);
#3027 = DIRECTION('',(-1.359631073447E-32,-1.110223024625E-16,-1.));
#3028 = ORIENTED_EDGE('',*,*,#2723,.T.);
#3029 = ORIENTED_EDGE('',*,*,#3008,.F.);
#3030 = PLANE('',#3031);
#3031 = AXIS2_PLACEMENT_3D('',#3032,#3033,#3034);
#3032 = CARTESIAN_POINT('',(2.4,-4.45,4.8));
#3033 = DIRECTION('',(-1.224646799147E-16,-1.,1.110223024625E-16));
#3034 = DIRECTION('',(1.,-1.224646799147E-16,-1.219283680787E-48));
#3035 = ADVANCED_FACE('',(#3036),#3048,.F.);
#3036 = FACE_BOUND('',#3037,.T.);
#3037 = EDGE_LOOP('',(#3038,#3039,#3040,#3041,#3042));
#3038 = ORIENTED_EDGE('',*,*,#2265,.T.);
#3039 = ORIENTED_EDGE('',*,*,#3023,.T.);
#3040 = ORIENTED_EDGE('',*,*,#2731,.F.);
#3041 = ORIENTED_EDGE('',*,*,#2990,.F.);
#3042 = ORIENTED_EDGE('',*,*,#3043,.F.);
#3043 = EDGE_CURVE('',#2258,#2983,#3044,.T.);
#3044 = LINE('',#3045,#3046);
#3045 = CARTESIAN_POINT('',(2.4,-0.449310344828,4.791724137931));
#3046 = VECTOR('',#3047,1.);
#3047 = DIRECTION('',(1.017013810865E-17,8.304547985373E-02,
    -0.996545758245));
#3048 = PLANE('',#3049);
#3049 = AXIS2_PLACEMENT_3D('',#3050,#3051,#3052);
#3050 = CARTESIAN_POINT('',(2.4,-0.25,4.8));
#3051 = DIRECTION('',(-1.,1.224646799147E-16,0.));
#3052 = DIRECTION('',(-1.224646799147E-16,-1.,1.110223024625E-16));
#3053 = ADVANCED_FACE('',(#3054),#3074,.F.);
#3054 = FACE_BOUND('',#3055,.F.);
#3055 = EDGE_LOOP('',(#3056,#3057,#3058,#3066,#3072,#3073));
#3056 = ORIENTED_EDGE('',*,*,#3043,.F.);
#3057 = ORIENTED_EDGE('',*,*,#2257,.T.);
#3058 = ORIENTED_EDGE('',*,*,#3059,.T.);
#3059 = EDGE_CURVE('',#2250,#3060,#3062,.T.);
#3060 = VERTEX_POINT('',#3061);
#3061 = CARTESIAN_POINT('',(1.25,-0.35,3.6));
#3062 = LINE('',#3063,#3064);
#3063 = CARTESIAN_POINT('',(1.25,-0.45,4.8));
#3064 = VECTOR('',#3065,1.);
#3065 = DIRECTION('',(1.017013810865E-17,8.304547985373E-02,
    -0.996545758245));
#3066 = ORIENTED_EDGE('',*,*,#3067,.F.);
#3067 = EDGE_CURVE('',#2943,#3060,#3068,.T.);
#3068 = LINE('',#3069,#3070);
#3069 = CARTESIAN_POINT('',(2.75,-0.35,3.6));
#3070 = VECTOR('',#3071,1.);
#3071 = DIRECTION('',(-1.,1.224646799147E-16,0.));
#3072 = ORIENTED_EDGE('',*,*,#2942,.F.);
#3073 = ORIENTED_EDGE('',*,*,#2982,.T.);
#3074 = PLANE('',#3075);
#3075 = AXIS2_PLACEMENT_3D('',#3076,#3077,#3078);
#3076 = CARTESIAN_POINT('',(2.75,-0.45,4.8));
#3077 = DIRECTION('',(-1.220416573038E-16,-0.996545758245,
    -8.304547985373E-02));
#3078 = DIRECTION('',(1.017013810865E-17,8.304547985373E-02,
    -0.996545758245));
#3079 = ADVANCED_FACE('',(#3080),#3105,.T.);
#3080 = FACE_BOUND('',#3081,.T.);
#3081 = EDGE_LOOP('',(#3082,#3083,#3084,#3092,#3098,#3099));
#3082 = ORIENTED_EDGE('',*,*,#2249,.T.);
#3083 = ORIENTED_EDGE('',*,*,#3059,.T.);
#3084 = ORIENTED_EDGE('',*,*,#3085,.T.);
#3085 = EDGE_CURVE('',#3060,#3086,#3088,.T.);
#3086 = VERTEX_POINT('',#3087);
#3087 = CARTESIAN_POINT('',(1.25,-0.35,2.6));
#3088 = LINE('',#3089,#3090);
#3089 = CARTESIAN_POINT('',(1.25,-0.35,3.6));
#3090 = VECTOR('',#3091,1.);
#3091 = DIRECTION('',(-1.359631073447E-32,-1.110223024625E-16,-1.));
#3092 = ORIENTED_EDGE('',*,*,#3093,.T.);
#3093 = EDGE_CURVE('',#3086,#2371,#3094,.T.);
#3094 = LINE('',#3095,#3096);
#3095 = CARTESIAN_POINT('',(1.25,-0.35,2.6));
#3096 = VECTOR('',#3097,1.);
#3097 = DIRECTION('',(-5.319525767383E-18,-4.343722427631E-02,
    -0.999056158355));
#3098 = ORIENTED_EDGE('',*,*,#2378,.T.);
#3099 = ORIENTED_EDGE('',*,*,#3100,.T.);
#3100 = EDGE_CURVE('',#2379,#2242,#3101,.T.);
#3101 = LINE('',#3102,#3103);
#3102 = CARTESIAN_POINT('',(1.25,-0.25,0.3));
#3103 = VECTOR('',#3104,1.);
#3104 = DIRECTION('',(1.359631073447E-32,1.110223024625E-16,1.));
#3105 = PLANE('',#3106);
#3106 = AXIS2_PLACEMENT_3D('',#3107,#3108,#3109);
#3107 = CARTESIAN_POINT('',(1.25,-0.320798035545,2.550475523299));
#3108 = DIRECTION('',(1.,-1.224646799147E-16,0.));
#3109 = DIRECTION('',(1.224646799147E-16,1.,-1.110223024625E-16));
#3110 = ADVANCED_FACE('',(#3111),#3122,.F.);
#3111 = FACE_BOUND('',#3112,.F.);
#3112 = EDGE_LOOP('',(#3113,#3114,#3115,#3116));
#3113 = ORIENTED_EDGE('',*,*,#2386,.T.);
#3114 = ORIENTED_EDGE('',*,*,#3100,.T.);
#3115 = ORIENTED_EDGE('',*,*,#2241,.T.);
#3116 = ORIENTED_EDGE('',*,*,#3117,.F.);
#3117 = EDGE_CURVE('',#2387,#2234,#3118,.T.);
#3118 = LINE('',#3119,#3120);
#3119 = CARTESIAN_POINT('',(0.75,-0.25,0.3));
#3120 = VECTOR('',#3121,1.);
#3121 = DIRECTION('',(1.359631073447E-32,1.110223024625E-16,1.));
#3122 = PLANE('',#3123);
#3123 = AXIS2_PLACEMENT_3D('',#3124,#3125,#3126);
#3124 = CARTESIAN_POINT('',(1.,-0.25,2.55));
#3125 = DIRECTION('',(-1.224646799147E-16,-1.,1.110223024625E-16));
#3126 = DIRECTION('',(-1.,1.224646799147E-16,1.219283680787E-48));
#3127 = ADVANCED_FACE('',(#3128),#3155,.F.);
#3128 = FACE_BOUND('',#3129,.F.);
#3129 = EDGE_LOOP('',(#3130,#3131,#3139,#3147,#3153,#3154));
#3130 = ORIENTED_EDGE('',*,*,#2233,.T.);
#3131 = ORIENTED_EDGE('',*,*,#3132,.T.);
#3132 = EDGE_CURVE('',#2226,#3133,#3135,.T.);
#3133 = VERTEX_POINT('',#3134);
#3134 = CARTESIAN_POINT('',(0.75,-0.35,3.6));
#3135 = LINE('',#3136,#3137);
#3136 = CARTESIAN_POINT('',(0.75,-0.45,4.8));
#3137 = VECTOR('',#3138,1.);
#3138 = DIRECTION('',(1.017013810865E-17,8.304547985373E-02,
    -0.996545758245));
#3139 = ORIENTED_EDGE('',*,*,#3140,.T.);
#3140 = EDGE_CURVE('',#3133,#3141,#3143,.T.);
#3141 = VERTEX_POINT('',#3142);
#3142 = CARTESIAN_POINT('',(0.75,-0.35,2.6));
#3143 = LINE('',#3144,#3145);
#3144 = CARTESIAN_POINT('',(0.75,-0.35,3.6));
#3145 = VECTOR('',#3146,1.);
#3146 = DIRECTION('',(-1.359631073447E-32,-1.110223024625E-16,-1.));
#3147 = ORIENTED_EDGE('',*,*,#3148,.T.);
#3148 = EDGE_CURVE('',#3141,#2395,#3149,.T.);
#3149 = LINE('',#3150,#3151);
#3150 = CARTESIAN_POINT('',(0.75,-0.35,2.6));
#3151 = VECTOR('',#3152,1.);
#3152 = DIRECTION('',(-5.319525767383E-18,-4.343722427631E-02,
    -0.999056158355));
#3153 = ORIENTED_EDGE('',*,*,#2394,.T.);
#3154 = ORIENTED_EDGE('',*,*,#3117,.T.);
#3155 = PLANE('',#3156);
#3156 = AXIS2_PLACEMENT_3D('',#3157,#3158,#3159);
#3157 = CARTESIAN_POINT('',(0.75,-0.320798035545,2.550475523299));
#3158 = DIRECTION('',(1.,-1.224646799147E-16,0.));
#3159 = DIRECTION('',(1.224646799147E-16,1.,-1.110223024625E-16));
#3160 = ADVANCED_FACE('',(#3161),#3195,.F.);
#3161 = FACE_BOUND('',#3162,.F.);
#3162 = EDGE_LOOP('',(#3163,#3164,#3165,#3173,#3181,#3189));
#3163 = ORIENTED_EDGE('',*,*,#3132,.F.);
#3164 = ORIENTED_EDGE('',*,*,#2225,.T.);
#3165 = ORIENTED_EDGE('',*,*,#3166,.T.);
#3166 = EDGE_CURVE('',#2218,#3167,#3169,.T.);
#3167 = VERTEX_POINT('',#3168);
#3168 = CARTESIAN_POINT('',(-0.4,-0.4,4.2));
#3169 = LINE('',#3170,#3171);
#3170 = CARTESIAN_POINT('',(-0.4,-0.449310344828,4.791724137931));
#3171 = VECTOR('',#3172,1.);
#3172 = DIRECTION('',(1.017013810865E-17,8.304547985373E-02,
    -0.996545758245));
#3173 = ORIENTED_EDGE('',*,*,#3174,.F.);
#3174 = EDGE_CURVE('',#3175,#3167,#3177,.T.);
#3175 = VERTEX_POINT('',#3176);
#3176 = CARTESIAN_POINT('',(-0.75,-0.4,4.2));
#3177 = LINE('',#3178,#3179);
#3178 = CARTESIAN_POINT('',(-7.5E-02,-0.4,4.2));
#3179 = VECTOR('',#3180,1.);
#3180 = DIRECTION('',(1.,-1.224646799147E-16,-0.));
#3181 = ORIENTED_EDGE('',*,*,#3182,.T.);
#3182 = EDGE_CURVE('',#3175,#3183,#3185,.T.);
#3183 = VERTEX_POINT('',#3184);
#3184 = CARTESIAN_POINT('',(-0.75,-0.35,3.6));
#3185 = LINE('',#3186,#3187);
#3186 = CARTESIAN_POINT('',(-0.75,-0.45,4.8));
#3187 = VECTOR('',#3188,1.);
#3188 = DIRECTION('',(1.017013810865E-17,8.304547985373E-02,
    -0.996545758245));
#3189 = ORIENTED_EDGE('',*,*,#3190,.F.);
#3190 = EDGE_CURVE('',#3133,#3183,#3191,.T.);
#3191 = LINE('',#3192,#3193);
#3192 = CARTESIAN_POINT('',(0.75,-0.35,3.6));
#3193 = VECTOR('',#3194,1.);
#3194 = DIRECTION('',(-1.,1.224646799147E-16,0.));
#3195 = PLANE('',#3196);
#3196 = AXIS2_PLACEMENT_3D('',#3197,#3198,#3199);
#3197 = CARTESIAN_POINT('',(0.75,-0.45,4.8));
#3198 = DIRECTION('',(-1.220416573038E-16,-0.996545758245,
    -8.304547985373E-02));
#3199 = DIRECTION('',(1.017013810865E-17,8.304547985373E-02,
    -0.996545758245));
#3200 = ADVANCED_FACE('',(#3201),#3218,.T.);
#3201 = FACE_BOUND('',#3202,.T.);
#3202 = EDGE_LOOP('',(#3203,#3204,#3205,#3211,#3212));
#3203 = ORIENTED_EDGE('',*,*,#2217,.F.);
#3204 = ORIENTED_EDGE('',*,*,#3166,.T.);
#3205 = ORIENTED_EDGE('',*,*,#3206,.T.);
#3206 = EDGE_CURVE('',#3167,#2740,#3207,.T.);
#3207 = LINE('',#3208,#3209);
#3208 = CARTESIAN_POINT('',(-0.4,-0.25,4.2));
#3209 = VECTOR('',#3210,1.);
#3210 = DIRECTION('',(-1.224646799147E-16,-1.,1.110223024625E-16));
#3211 = ORIENTED_EDGE('',*,*,#2747,.T.);
#3212 = ORIENTED_EDGE('',*,*,#3213,.F.);
#3213 = EDGE_CURVE('',#2210,#2748,#3214,.T.);
#3214 = LINE('',#3215,#3216);
#3215 = CARTESIAN_POINT('',(-0.4,-4.45,4.8));
#3216 = VECTOR('',#3217,1.);
#3217 = DIRECTION('',(-1.359631073447E-32,-1.110223024625E-16,-1.));
#3218 = PLANE('',#3219);
#3219 = AXIS2_PLACEMENT_3D('',#3220,#3221,#3222);
#3220 = CARTESIAN_POINT('',(-0.4,-0.25,4.8));
#3221 = DIRECTION('',(-1.,1.224646799147E-16,0.));
#3222 = DIRECTION('',(-1.224646799147E-16,-1.,1.110223024625E-16));
#3223 = ADVANCED_FACE('',(#3224),#3267,.T.);
#3224 = FACE_BOUND('',#3225,.T.);
#3225 = EDGE_LOOP('',(#3226,#3227,#3228,#3229,#3237,#3245,#3253,#3261));
#3226 = ORIENTED_EDGE('',*,*,#2209,.F.);
#3227 = ORIENTED_EDGE('',*,*,#3213,.T.);
#3228 = ORIENTED_EDGE('',*,*,#2755,.T.);
#3229 = ORIENTED_EDGE('',*,*,#3230,.F.);
#3230 = EDGE_CURVE('',#3231,#2756,#3233,.T.);
#3231 = VERTEX_POINT('',#3232);
#3232 = CARTESIAN_POINT('',(-1.4,-4.45,4.8));
#3233 = LINE('',#3234,#3235);
#3234 = CARTESIAN_POINT('',(-1.4,-4.45,4.8));
#3235 = VECTOR('',#3236,1.);
#3236 = DIRECTION('',(-1.359631073447E-32,-1.110223024625E-16,-1.));
#3237 = ORIENTED_EDGE('',*,*,#3238,.F.);
#3238 = EDGE_CURVE('',#3239,#3231,#3241,.T.);
#3239 = VERTEX_POINT('',#3240);
#3240 = CARTESIAN_POINT('',(-0.95,-4.45,4.8));
#3241 = LINE('',#3242,#3243);
#3242 = CARTESIAN_POINT('',(-0.4,-4.45,4.8));
#3243 = VECTOR('',#3244,1.);
#3244 = DIRECTION('',(-1.,1.224646799147E-16,0.));
#3245 = ORIENTED_EDGE('',*,*,#3246,.F.);
#3246 = EDGE_CURVE('',#3247,#3239,#3249,.T.);
#3247 = VERTEX_POINT('',#3248);
#3248 = CARTESIAN_POINT('',(-0.95,-4.45,4.85));
#3249 = LINE('',#3250,#3251);
#3250 = CARTESIAN_POINT('',(-0.95,-4.45,4.85));
#3251 = VECTOR('',#3252,1.);
#3252 = DIRECTION('',(-1.359631073447E-32,-1.110223024625E-16,-1.));
#3253 = ORIENTED_EDGE('',*,*,#3254,.F.);
#3254 = EDGE_CURVE('',#3255,#3247,#3257,.T.);
#3255 = VERTEX_POINT('',#3256);
#3256 = CARTESIAN_POINT('',(-0.45,-4.45,4.85));
#3257 = LINE('',#3258,#3259);
#3258 = CARTESIAN_POINT('',(-0.45,-4.45,4.85));
#3259 = VECTOR('',#3260,1.);
#3260 = DIRECTION('',(-1.,1.224646799147E-16,0.));
#3261 = ORIENTED_EDGE('',*,*,#3262,.F.);
#3262 = EDGE_CURVE('',#2202,#3255,#3263,.T.);
#3263 = LINE('',#3264,#3265);
#3264 = CARTESIAN_POINT('',(-0.45,-4.45,4.8));
#3265 = VECTOR('',#3266,1.);
#3266 = DIRECTION('',(1.359631073447E-32,1.110223024625E-16,1.));
#3267 = PLANE('',#3268);
#3268 = AXIS2_PLACEMENT_3D('',#3269,#3270,#3271);
#3269 = CARTESIAN_POINT('',(-0.893939393939,-4.45,4.517424242424));
#3270 = DIRECTION('',(1.224646799147E-16,1.,-1.110223024625E-16));
#3271 = DIRECTION('',(1.,-1.224646799147E-16,-2.885949453099E-46));
#3272 = ADVANCED_FACE('',(#3273),#3291,.F.);
#3273 = FACE_BOUND('',#3274,.F.);
#3274 = EDGE_LOOP('',(#3275,#3276,#3284,#3290));
#3275 = ORIENTED_EDGE('',*,*,#2201,.T.);
#3276 = ORIENTED_EDGE('',*,*,#3277,.T.);
#3277 = EDGE_CURVE('',#2194,#3278,#3280,.T.);
#3278 = VERTEX_POINT('',#3279);
#3279 = CARTESIAN_POINT('',(-0.45,-6.25,4.85));
#3280 = LINE('',#3281,#3282);
#3281 = CARTESIAN_POINT('',(-0.45,-6.25,4.8));
#3282 = VECTOR('',#3283,1.);
#3283 = DIRECTION('',(1.359631073447E-32,1.110223024625E-16,1.));
#3284 = ORIENTED_EDGE('',*,*,#3285,.F.);
#3285 = EDGE_CURVE('',#3255,#3278,#3286,.T.);
#3286 = LINE('',#3287,#3288);
#3287 = CARTESIAN_POINT('',(-0.45,-4.45,4.85));
#3288 = VECTOR('',#3289,1.);
#3289 = DIRECTION('',(-1.224646799147E-16,-1.,1.110223024625E-16));
#3290 = ORIENTED_EDGE('',*,*,#3262,.F.);
#3291 = PLANE('',#3292);
#3292 = AXIS2_PLACEMENT_3D('',#3293,#3294,#3295);
#3293 = CARTESIAN_POINT('',(-0.45,-4.45,4.8));
#3294 = DIRECTION('',(-1.,1.224646799147E-16,0.));
#3295 = DIRECTION('',(1.359631073446E-32,1.110223024625E-16,1.));
#3296 = ADVANCED_FACE('',(#3297),#3338,.T.);
#3297 = FACE_BOUND('',#3298,.T.);
#3298 = EDGE_LOOP('',(#3299,#3305,#3306,#3307,#3315,#3323,#3329,#3330,
    #3336,#3337));
#3299 = ORIENTED_EDGE('',*,*,#3300,.F.);
#3300 = EDGE_CURVE('',#2186,#2779,#3301,.T.);
#3301 = LINE('',#3302,#3303);
#3302 = CARTESIAN_POINT('',(0.55,-6.25,4.8));
#3303 = VECTOR('',#3304,1.);
#3304 = DIRECTION('',(-1.359631073447E-32,-1.110223024625E-16,-1.));
#3305 = ORIENTED_EDGE('',*,*,#2193,.T.);
#3306 = ORIENTED_EDGE('',*,*,#3277,.T.);
#3307 = ORIENTED_EDGE('',*,*,#3308,.T.);
#3308 = EDGE_CURVE('',#3278,#3309,#3311,.T.);
#3309 = VERTEX_POINT('',#3310);
#3310 = CARTESIAN_POINT('',(-0.95,-6.25,4.85));
#3311 = LINE('',#3312,#3313);
#3312 = CARTESIAN_POINT('',(-0.45,-6.25,4.85));
#3313 = VECTOR('',#3314,1.);
#3314 = DIRECTION('',(-1.,1.224646799147E-16,0.));
#3315 = ORIENTED_EDGE('',*,*,#3316,.T.);
#3316 = EDGE_CURVE('',#3309,#3317,#3319,.T.);
#3317 = VERTEX_POINT('',#3318);
#3318 = CARTESIAN_POINT('',(-0.95,-6.25,4.8));
#3319 = LINE('',#3320,#3321);
#3320 = CARTESIAN_POINT('',(-0.95,-6.25,4.85));
#3321 = VECTOR('',#3322,1.);
#3322 = DIRECTION('',(-1.359631073447E-32,-1.110223024625E-16,-1.));
#3323 = ORIENTED_EDGE('',*,*,#3324,.T.);
#3324 = EDGE_CURVE('',#3317,#2627,#3325,.T.);
#3325 = LINE('',#3326,#3327);
#3326 = CARTESIAN_POINT('',(3.95,-6.25,4.8));
#3327 = VECTOR('',#3328,1.);
#3328 = DIRECTION('',(-1.,1.224646799147E-16,0.));
#3329 = ORIENTED_EDGE('',*,*,#2626,.T.);
#3330 = ORIENTED_EDGE('',*,*,#3331,.F.);
#3331 = EDGE_CURVE('',#2497,#2619,#3332,.T.);
#3332 = LINE('',#3333,#3334);
#3333 = CARTESIAN_POINT('',(3.95,-6.25,3.3));
#3334 = VECTOR('',#3335,1.);
#3335 = DIRECTION('',(-1.,1.224646799147E-16,0.));
#3336 = ORIENTED_EDGE('',*,*,#2494,.F.);
#3337 = ORIENTED_EDGE('',*,*,#2778,.F.);
#3338 = PLANE('',#3339);
#3339 = AXIS2_PLACEMENT_3D('',#3340,#3341,#3342);
#3340 = CARTESIAN_POINT('',(-0.922222222222,-6.25,4.28487654321));
#3341 = DIRECTION('',(-1.224646799147E-16,-1.,1.110223024625E-16));
#3342 = DIRECTION('',(-1.,1.224646799147E-16,1.219283680787E-48));
#3343 = ADVANCED_FACE('',(#3344),#3355,.F.);
#3344 = FACE_BOUND('',#3345,.F.);
#3345 = EDGE_LOOP('',(#3346,#3347,#3353,#3354));
#3346 = ORIENTED_EDGE('',*,*,#2185,.F.);
#3347 = ORIENTED_EDGE('',*,*,#3348,.T.);
#3348 = EDGE_CURVE('',#2178,#2787,#3349,.T.);
#3349 = LINE('',#3350,#3351);
#3350 = CARTESIAN_POINT('',(0.55,-2.35,4.8));
#3351 = VECTOR('',#3352,1.);
#3352 = DIRECTION('',(-1.359631073447E-32,-1.110223024625E-16,-1.));
#3353 = ORIENTED_EDGE('',*,*,#2786,.T.);
#3354 = ORIENTED_EDGE('',*,*,#3300,.F.);
#3355 = PLANE('',#3356);
#3356 = AXIS2_PLACEMENT_3D('',#3357,#3358,#3359);
#3357 = CARTESIAN_POINT('',(0.55,-2.35,4.8));
#3358 = DIRECTION('',(-1.,1.224646799147E-16,0.));
#3359 = DIRECTION('',(-1.224646799147E-16,-1.,1.110223024625E-16));
#3360 = ADVANCED_FACE('',(#3361),#3372,.F.);
#3361 = FACE_BOUND('',#3362,.F.);
#3362 = EDGE_LOOP('',(#3363,#3364,#3370,#3371));
#3363 = ORIENTED_EDGE('',*,*,#2177,.F.);
#3364 = ORIENTED_EDGE('',*,*,#3365,.T.);
#3365 = EDGE_CURVE('',#2170,#2795,#3366,.T.);
#3366 = LINE('',#3367,#3368);
#3367 = CARTESIAN_POINT('',(1.45,-2.35,4.8));
#3368 = VECTOR('',#3369,1.);
#3369 = DIRECTION('',(-1.359631073447E-32,-1.110223024625E-16,-1.));
#3370 = ORIENTED_EDGE('',*,*,#2794,.T.);
#3371 = ORIENTED_EDGE('',*,*,#3348,.F.);
#3372 = PLANE('',#3373);
#3373 = AXIS2_PLACEMENT_3D('',#3374,#3375,#3376);
#3374 = CARTESIAN_POINT('',(1.45,-2.35,4.8));
#3375 = DIRECTION('',(1.224646799147E-16,1.,-1.110223024625E-16));
#3376 = DIRECTION('',(-1.,1.224646799147E-16,1.219283680787E-48));
#3377 = ADVANCED_FACE('',(#3378),#3384,.F.);
#3378 = FACE_BOUND('',#3379,.F.);
#3379 = EDGE_LOOP('',(#3380,#3381,#3382,#3383));
#3380 = ORIENTED_EDGE('',*,*,#2169,.F.);
#3381 = ORIENTED_EDGE('',*,*,#2303,.T.);
#3382 = ORIENTED_EDGE('',*,*,#2802,.T.);
#3383 = ORIENTED_EDGE('',*,*,#3365,.F.);
#3384 = PLANE('',#3385);
#3385 = AXIS2_PLACEMENT_3D('',#3386,#3387,#3388);
#3386 = CARTESIAN_POINT('',(1.45,-6.25,4.8));
#3387 = DIRECTION('',(1.,-1.224646799147E-16,-0.));
#3388 = DIRECTION('',(1.224646799147E-16,1.,-1.110223024625E-16));
#3389 = ADVANCED_FACE('',(#3390),#3431,.F.);
#3390 = FACE_BOUND('',#3391,.F.);
#3391 = EDGE_LOOP('',(#3392,#3400,#3401,#3407,#3408,#3409,#3417,#3425));
#3392 = ORIENTED_EDGE('',*,*,#3393,.T.);
#3393 = EDGE_CURVE('',#3394,#2576,#3396,.T.);
#3394 = VERTEX_POINT('',#3395);
#3395 = CARTESIAN_POINT('',(-1.4,-0.25,4.8));
#3396 = LINE('',#3397,#3398);
#3397 = CARTESIAN_POINT('',(3.95,-0.25,4.8));
#3398 = VECTOR('',#3399,1.);
#3399 = DIRECTION('',(-1.,1.224646799147E-16,0.));
#3400 = ORIENTED_EDGE('',*,*,#2575,.T.);
#3401 = ORIENTED_EDGE('',*,*,#3402,.F.);
#3402 = EDGE_CURVE('',#2673,#2578,#3403,.T.);
#3403 = LINE('',#3404,#3405);
#3404 = CARTESIAN_POINT('',(-0.95,-0.25,4.1));
#3405 = VECTOR('',#3406,1.);
#3406 = DIRECTION('',(-1.,1.224646799147E-16,0.));
#3407 = ORIENTED_EDGE('',*,*,#2672,.F.);
#3408 = ORIENTED_EDGE('',*,*,#2338,.T.);
#3409 = ORIENTED_EDGE('',*,*,#3410,.T.);
#3410 = EDGE_CURVE('',#2341,#3411,#3413,.T.);
#3411 = VERTEX_POINT('',#3412);
#3412 = CARTESIAN_POINT('',(-0.75,-0.25,4.2));
#3413 = LINE('',#3414,#3415);
#3414 = CARTESIAN_POINT('',(-0.75,-0.25,0.3));
#3415 = VECTOR('',#3416,1.);
#3416 = DIRECTION('',(1.359631073447E-32,1.110223024625E-16,1.));
#3417 = ORIENTED_EDGE('',*,*,#3418,.F.);
#3418 = EDGE_CURVE('',#3419,#3411,#3421,.T.);
#3419 = VERTEX_POINT('',#3420);
#3420 = CARTESIAN_POINT('',(-1.4,-0.25,4.2));
#3421 = LINE('',#3422,#3423);
#3422 = CARTESIAN_POINT('',(-1.4,-0.25,4.2));
#3423 = VECTOR('',#3424,1.);
#3424 = DIRECTION('',(1.,-1.224646799147E-16,0.));
#3425 = ORIENTED_EDGE('',*,*,#3426,.F.);
#3426 = EDGE_CURVE('',#3394,#3419,#3427,.T.);
#3427 = LINE('',#3428,#3429);
#3428 = CARTESIAN_POINT('',(-1.4,-0.25,4.8));
#3429 = VECTOR('',#3430,1.);
#3430 = DIRECTION('',(-1.359631073447E-32,-1.110223024625E-16,-1.));
#3431 = PLANE('',#3432);
#3432 = AXIS2_PLACEMENT_3D('',#3433,#3434,#3435);
#3433 = CARTESIAN_POINT('',(1.,-0.25,2.55));
#3434 = DIRECTION('',(-1.224646799147E-16,-1.,1.110223024625E-16));
#3435 = DIRECTION('',(-1.,1.224646799147E-16,1.219283680787E-48));
#3436 = ADVANCED_FACE('',(#3437),#3462,.T.);
#3437 = FACE_BOUND('',#3438,.T.);
#3438 = EDGE_LOOP('',(#3439,#3440,#3446,#3447,#3455,#3461));
#3439 = ORIENTED_EDGE('',*,*,#3410,.T.);
#3440 = ORIENTED_EDGE('',*,*,#3441,.F.);
#3441 = EDGE_CURVE('',#3175,#3411,#3442,.T.);
#3442 = LINE('',#3443,#3444);
#3443 = CARTESIAN_POINT('',(-0.75,-1.335399017773,4.2));
#3444 = VECTOR('',#3445,1.);
#3445 = DIRECTION('',(1.224646799147E-16,1.,-1.110223024625E-16));
#3446 = ORIENTED_EDGE('',*,*,#3182,.T.);
#3447 = ORIENTED_EDGE('',*,*,#3448,.T.);
#3448 = EDGE_CURVE('',#3183,#3449,#3451,.T.);
#3449 = VERTEX_POINT('',#3450);
#3450 = CARTESIAN_POINT('',(-0.75,-0.35,2.6));
#3451 = LINE('',#3452,#3453);
#3452 = CARTESIAN_POINT('',(-0.75,-0.35,3.6));
#3453 = VECTOR('',#3454,1.);
#3454 = DIRECTION('',(-1.359631073447E-32,-1.110223024625E-16,-1.));
#3455 = ORIENTED_EDGE('',*,*,#3456,.T.);
#3456 = EDGE_CURVE('',#3449,#2403,#3457,.T.);
#3457 = LINE('',#3458,#3459);
#3458 = CARTESIAN_POINT('',(-0.75,-0.35,2.6));
#3459 = VECTOR('',#3460,1.);
#3460 = DIRECTION('',(-5.319525767383E-18,-4.343722427631E-02,
    -0.999056158355));
#3461 = ORIENTED_EDGE('',*,*,#2410,.T.);
#3462 = PLANE('',#3463);
#3463 = AXIS2_PLACEMENT_3D('',#3464,#3465,#3466);
#3464 = CARTESIAN_POINT('',(-0.75,-0.320798035545,2.550475523299));
#3465 = DIRECTION('',(1.,-1.224646799147E-16,0.));
#3466 = DIRECTION('',(1.224646799147E-16,1.,-1.110223024625E-16));
#3467 = ADVANCED_FACE('',(#3468),#3479,.F.);
#3468 = FACE_BOUND('',#3469,.F.);
#3469 = EDGE_LOOP('',(#3470,#3476,#3477,#3478));
#3470 = ORIENTED_EDGE('',*,*,#3471,.T.);
#3471 = EDGE_CURVE('',#3141,#3449,#3472,.T.);
#3472 = LINE('',#3473,#3474);
#3473 = CARTESIAN_POINT('',(0.75,-0.35,2.6));
#3474 = VECTOR('',#3475,1.);
#3475 = DIRECTION('',(-1.,1.224646799147E-16,0.));
#3476 = ORIENTED_EDGE('',*,*,#3456,.T.);
#3477 = ORIENTED_EDGE('',*,*,#2402,.F.);
#3478 = ORIENTED_EDGE('',*,*,#3148,.F.);
#3479 = PLANE('',#3480);
#3480 = AXIS2_PLACEMENT_3D('',#3481,#3482,#3483);
#3481 = CARTESIAN_POINT('',(0.75,-0.35,2.6));
#3482 = DIRECTION('',(-1.223490926498E-16,-0.999056158355,
    4.343722427631E-02));
#3483 = DIRECTION('',(-5.319525767383E-18,-4.343722427631E-02,
    -0.999056158355));
#3484 = ADVANCED_FACE('',(#3485),#3496,.F.);
#3485 = FACE_BOUND('',#3486,.F.);
#3486 = EDGE_LOOP('',(#3487,#3493,#3494,#3495));
#3487 = ORIENTED_EDGE('',*,*,#3488,.T.);
#3488 = EDGE_CURVE('',#2951,#3086,#3489,.T.);
#3489 = LINE('',#3490,#3491);
#3490 = CARTESIAN_POINT('',(2.75,-0.35,2.6));
#3491 = VECTOR('',#3492,1.);
#3492 = DIRECTION('',(-1.,1.224646799147E-16,0.));
#3493 = ORIENTED_EDGE('',*,*,#3093,.T.);
#3494 = ORIENTED_EDGE('',*,*,#2370,.F.);
#3495 = ORIENTED_EDGE('',*,*,#2958,.F.);
#3496 = PLANE('',#3497);
#3497 = AXIS2_PLACEMENT_3D('',#3498,#3499,#3500);
#3498 = CARTESIAN_POINT('',(2.75,-0.35,2.6));
#3499 = DIRECTION('',(-1.223490926498E-16,-0.999056158355,
    4.343722427631E-02));
#3500 = DIRECTION('',(-5.319525767383E-18,-4.343722427631E-02,
    -0.999056158355));
#3501 = ADVANCED_FACE('',(#3502),#3520,.F.);
#3502 = FACE_BOUND('',#3503,.F.);
#3503 = EDGE_LOOP('',(#3504,#3505,#3513,#3519));
#3504 = ORIENTED_EDGE('',*,*,#2471,.T.);
#3505 = ORIENTED_EDGE('',*,*,#3506,.T.);
#3506 = EDGE_CURVE('',#2464,#3507,#3509,.T.);
#3507 = VERTEX_POINT('',#3508);
#3508 = CARTESIAN_POINT('',(1.2,-3.95,1.1));
#3509 = LINE('',#3510,#3511);
#3510 = CARTESIAN_POINT('',(1.2,-3.95,0.8));
#3511 = VECTOR('',#3512,1.);
#3512 = DIRECTION('',(1.359631073447E-32,1.110223024625E-16,1.));
#3513 = ORIENTED_EDGE('',*,*,#3514,.F.);
#3514 = EDGE_CURVE('',#2843,#3507,#3515,.T.);
#3515 = LINE('',#3516,#3517);
#3516 = CARTESIAN_POINT('',(1.2,-2.05,1.1));
#3517 = VECTOR('',#3518,1.);
#3518 = DIRECTION('',(-1.224646799147E-16,-1.,1.110223024625E-16));
#3519 = ORIENTED_EDGE('',*,*,#2850,.F.);
#3520 = PLANE('',#3521);
#3521 = AXIS2_PLACEMENT_3D('',#3522,#3523,#3524);
#3522 = CARTESIAN_POINT('',(1.2,-2.05,0.8));
#3523 = DIRECTION('',(-1.,1.224646799147E-16,0.));
#3524 = DIRECTION('',(1.359631073446E-32,1.110223024625E-16,1.));
#3525 = ADVANCED_FACE('',(#3526),#3544,.T.);
#3526 = FACE_BOUND('',#3527,.T.);
#3527 = EDGE_LOOP('',(#3528,#3536,#3542,#3543));
#3528 = ORIENTED_EDGE('',*,*,#3529,.T.);
#3529 = EDGE_CURVE('',#3507,#3530,#3532,.T.);
#3530 = VERTEX_POINT('',#3531);
#3531 = CARTESIAN_POINT('',(0.8,-3.95,1.1));
#3532 = LINE('',#3533,#3534);
#3533 = CARTESIAN_POINT('',(1.2,-3.95,1.1));
#3534 = VECTOR('',#3535,1.);
#3535 = DIRECTION('',(-1.,1.224646799147E-16,0.));
#3536 = ORIENTED_EDGE('',*,*,#3537,.T.);
#3537 = EDGE_CURVE('',#3530,#2456,#3538,.T.);
#3538 = LINE('',#3539,#3540);
#3539 = CARTESIAN_POINT('',(0.8,-3.95,1.1));
#3540 = VECTOR('',#3541,1.);
#3541 = DIRECTION('',(-1.359631073447E-32,-1.110223024625E-16,-1.));
#3542 = ORIENTED_EDGE('',*,*,#2463,.T.);
#3543 = ORIENTED_EDGE('',*,*,#3506,.T.);
#3544 = PLANE('',#3545);
#3545 = AXIS2_PLACEMENT_3D('',#3546,#3547,#3548);
#3546 = CARTESIAN_POINT('',(1.,-3.95,0.95));
#3547 = DIRECTION('',(-1.224646799147E-16,-1.,1.110223024625E-16));
#3548 = DIRECTION('',(-1.,1.224646799147E-16,1.219283680787E-48));
#3549 = ADVANCED_FACE('',(#3550),#3561,.F.);
#3550 = FACE_BOUND('',#3551,.F.);
#3551 = EDGE_LOOP('',(#3552,#3558,#3559,#3560));
#3552 = ORIENTED_EDGE('',*,*,#3553,.T.);
#3553 = EDGE_CURVE('',#2835,#3530,#3554,.T.);
#3554 = LINE('',#3555,#3556);
#3555 = CARTESIAN_POINT('',(0.8,-2.05,1.1));
#3556 = VECTOR('',#3557,1.);
#3557 = DIRECTION('',(-1.224646799147E-16,-1.,1.110223024625E-16));
#3558 = ORIENTED_EDGE('',*,*,#3537,.T.);
#3559 = ORIENTED_EDGE('',*,*,#2455,.F.);
#3560 = ORIENTED_EDGE('',*,*,#2834,.F.);
#3561 = PLANE('',#3562);
#3562 = AXIS2_PLACEMENT_3D('',#3563,#3564,#3565);
#3563 = CARTESIAN_POINT('',(0.8,-2.05,1.1));
#3564 = DIRECTION('',(1.,-1.224646799147E-16,0.));
#3565 = DIRECTION('',(-1.359631073446E-32,-1.110223024625E-16,-1.));
#3566 = ADVANCED_FACE('',(#3567),#3578,.T.);
#3567 = FACE_BOUND('',#3568,.T.);
#3568 = EDGE_LOOP('',(#3569,#3570,#3571,#3572));
#3569 = ORIENTED_EDGE('',*,*,#2537,.T.);
#3570 = ORIENTED_EDGE('',*,*,#3331,.T.);
#3571 = ORIENTED_EDGE('',*,*,#2618,.T.);
#3572 = ORIENTED_EDGE('',*,*,#3573,.F.);
#3573 = EDGE_CURVE('',#2529,#2610,#3574,.T.);
#3574 = LINE('',#3575,#3576);
#3575 = CARTESIAN_POINT('',(3.95,-4.65,3.3));
#3576 = VECTOR('',#3577,1.);
#3577 = DIRECTION('',(-1.,1.224646799147E-16,0.));
#3578 = PLANE('',#3579);
#3579 = AXIS2_PLACEMENT_3D('',#3580,#3581,#3582);
#3580 = CARTESIAN_POINT('',(3.95,-6.25,3.3));
#3581 = DIRECTION('',(-1.359631073447E-32,-1.110223024625E-16,-1.));
#3582 = DIRECTION('',(1.224646799147E-16,1.,-1.110223024625E-16));
#3583 = ADVANCED_FACE('',(#3584),#3590,.F.);
#3584 = FACE_BOUND('',#3585,.F.);
#3585 = EDGE_LOOP('',(#3586,#3587,#3588,#3589));
#3586 = ORIENTED_EDGE('',*,*,#2552,.T.);
#3587 = ORIENTED_EDGE('',*,*,#2609,.T.);
#3588 = ORIENTED_EDGE('',*,*,#3573,.F.);
#3589 = ORIENTED_EDGE('',*,*,#2528,.F.);
#3590 = CYLINDRICAL_SURFACE('',#3591,0.4);
#3591 = AXIS2_PLACEMENT_3D('',#3592,#3593,#3594);
#3592 = CARTESIAN_POINT('',(3.95,-4.65,2.9));
#3593 = DIRECTION('',(1.,-1.224646799147E-16,0.));
#3594 = DIRECTION('',(1.359631073446E-32,1.110223024625E-16,1.));
#3595 = ADVANCED_FACE('',(#3596),#3607,.F.);
#3596 = FACE_BOUND('',#3597,.F.);
#3597 = EDGE_LOOP('',(#3598,#3599,#3600,#3606));
#3598 = ORIENTED_EDGE('',*,*,#3402,.T.);
#3599 = ORIENTED_EDGE('',*,*,#2585,.T.);
#3600 = ORIENTED_EDGE('',*,*,#3601,.F.);
#3601 = EDGE_CURVE('',#2681,#2586,#3602,.T.);
#3602 = LINE('',#3603,#3604);
#3603 = CARTESIAN_POINT('',(-0.95,1.35,3.2));
#3604 = VECTOR('',#3605,1.);
#3605 = DIRECTION('',(-1.,1.224646799147E-16,0.));
#3606 = ORIENTED_EDGE('',*,*,#2680,.F.);
#3607 = PLANE('',#3608);
#3608 = AXIS2_PLACEMENT_3D('',#3609,#3610,#3611);
#3609 = CARTESIAN_POINT('',(-0.95,-0.25,4.1));
#3610 = DIRECTION('',(-6.003968578616E-17,-0.490261239633,
    -0.871575537124));
#3611 = DIRECTION('',(1.067372191754E-16,0.871575537124,-0.490261239633)
  );
#3612 = ADVANCED_FACE('',(#3613),#3619,.F.);
#3613 = FACE_BOUND('',#3614,.F.);
#3614 = EDGE_LOOP('',(#3615,#3616,#3617,#3618));
#3615 = ORIENTED_EDGE('',*,*,#3601,.T.);
#3616 = ORIENTED_EDGE('',*,*,#2593,.T.);
#3617 = ORIENTED_EDGE('',*,*,#2648,.F.);
#3618 = ORIENTED_EDGE('',*,*,#2688,.F.);
#3619 = PLANE('',#3620);
#3620 = AXIS2_PLACEMENT_3D('',#3621,#3622,#3623);
#3621 = CARTESIAN_POINT('',(-0.95,1.35,3.2));
#3622 = DIRECTION('',(-1.224646799147E-16,-1.,0.));
#3623 = DIRECTION('',(-0.,0.,-1.));
#3624 = ADVANCED_FACE('',(#3625),#3643,.F.);
#3625 = FACE_BOUND('',#3626,.F.);
#3626 = EDGE_LOOP('',(#3627,#3628,#3634,#3635,#3641,#3642));
#3627 = ORIENTED_EDGE('',*,*,#3393,.F.);
#3628 = ORIENTED_EDGE('',*,*,#3629,.F.);
#3629 = EDGE_CURVE('',#3231,#3394,#3630,.T.);
#3630 = LINE('',#3631,#3632);
#3631 = CARTESIAN_POINT('',(-1.4,-4.45,4.8));
#3632 = VECTOR('',#3633,1.);
#3633 = DIRECTION('',(1.224646799147E-16,1.,-1.110223024625E-16));
#3634 = ORIENTED_EDGE('',*,*,#3238,.F.);
#3635 = ORIENTED_EDGE('',*,*,#3636,.T.);
#3636 = EDGE_CURVE('',#3239,#3317,#3637,.T.);
#3637 = LINE('',#3638,#3639);
#3638 = CARTESIAN_POINT('',(-0.95,-4.45,4.8));
#3639 = VECTOR('',#3640,1.);
#3640 = DIRECTION('',(-1.224646799147E-16,-1.,1.110223024625E-16));
#3641 = ORIENTED_EDGE('',*,*,#3324,.T.);
#3642 = ORIENTED_EDGE('',*,*,#2634,.F.);
#3643 = PLANE('',#3644);
#3644 = AXIS2_PLACEMENT_3D('',#3645,#3646,#3647);
#3645 = CARTESIAN_POINT('',(3.95,-0.25,4.8));
#3646 = DIRECTION('',(-1.359631073447E-32,-1.110223024625E-16,-1.));
#3647 = DIRECTION('',(-1.,1.224646799147E-16,6.927121900793E-45));
#3648 = ADVANCED_FACE('',(#3649),#3661,.T.);
#3649 = FACE_BOUND('',#3650,.T.);
#3650 = EDGE_LOOP('',(#3651,#3652,#3653,#3654,#3660));
#3651 = ORIENTED_EDGE('',*,*,#3629,.F.);
#3652 = ORIENTED_EDGE('',*,*,#3230,.T.);
#3653 = ORIENTED_EDGE('',*,*,#2763,.T.);
#3654 = ORIENTED_EDGE('',*,*,#3655,.T.);
#3655 = EDGE_CURVE('',#2764,#3419,#3656,.T.);
#3656 = LINE('',#3657,#3658);
#3657 = CARTESIAN_POINT('',(-1.4,-4.45,4.2));
#3658 = VECTOR('',#3659,1.);
#3659 = DIRECTION('',(1.224646799147E-16,1.,-1.110223024625E-16));
#3660 = ORIENTED_EDGE('',*,*,#3426,.F.);
#3661 = PLANE('',#3662);
#3662 = AXIS2_PLACEMENT_3D('',#3663,#3664,#3665);
#3663 = CARTESIAN_POINT('',(-1.4,-4.45,4.8));
#3664 = DIRECTION('',(1.,-1.224646799147E-16,0.));
#3665 = DIRECTION('',(1.224646799147E-16,1.,-1.110223024625E-16));
#3666 = ADVANCED_FACE('',(#3667),#3673,.F.);
#3667 = FACE_BOUND('',#3668,.F.);
#3668 = EDGE_LOOP('',(#3669,#3670,#3671,#3672));
#3669 = ORIENTED_EDGE('',*,*,#3514,.T.);
#3670 = ORIENTED_EDGE('',*,*,#3529,.T.);
#3671 = ORIENTED_EDGE('',*,*,#3553,.F.);
#3672 = ORIENTED_EDGE('',*,*,#2842,.F.);
#3673 = PLANE('',#3674);
#3674 = AXIS2_PLACEMENT_3D('',#3675,#3676,#3677);
#3675 = CARTESIAN_POINT('',(1.2,-2.05,1.1));
#3676 = DIRECTION('',(-1.359631073447E-32,-1.110223024625E-16,-1.));
#3677 = DIRECTION('',(-1.,1.224646799147E-16,6.927121900793E-45));
#3678 = ADVANCED_FACE('',(#3679),#3687,.F.);
#3679 = FACE_BOUND('',#3680,.F.);
#3680 = EDGE_LOOP('',(#3681,#3682,#3683,#3684,#3685,#3686));
#3681 = ORIENTED_EDGE('',*,*,#2825,.T.);
#3682 = ORIENTED_EDGE('',*,*,#3655,.T.);
#3683 = ORIENTED_EDGE('',*,*,#3418,.T.);
#3684 = ORIENTED_EDGE('',*,*,#3441,.F.);
#3685 = ORIENTED_EDGE('',*,*,#3174,.T.);
#3686 = ORIENTED_EDGE('',*,*,#3206,.T.);
#3687 = PLANE('',#3688);
#3688 = AXIS2_PLACEMENT_3D('',#3689,#3690,#3691);
#3689 = CARTESIAN_POINT('',(-0.9,-2.35,4.2));
#3690 = DIRECTION('',(-1.359631073447E-32,-1.110223024625E-16,-1.));
#3691 = DIRECTION('',(-1.224646799147E-16,-1.,1.110223024625E-16));
#3692 = ADVANCED_FACE('',(#3693),#3718,.F.);
#3693 = FACE_BOUND('',#3694,.F.);
#3694 = EDGE_LOOP('',(#3695,#3705,#3711,#3712));
#3695 = ORIENTED_EDGE('',*,*,#3696,.T.);
#3696 = EDGE_CURVE('',#3697,#3699,#3701,.T.);
#3697 = VERTEX_POINT('',#3698);
#3698 = CARTESIAN_POINT('',(0.25,-5.55,2.85));
#3699 = VERTEX_POINT('',#3700);
#3700 = CARTESIAN_POINT('',(0.25,-5.55,3.35));
#3701 = LINE('',#3702,#3703);
#3702 = CARTESIAN_POINT('',(0.25,-5.55,2.85));
#3703 = VECTOR('',#3704,1.);
#3704 = DIRECTION('',(0.,0.,1.));
#3705 = ORIENTED_EDGE('',*,*,#3706,.T.);
#3706 = EDGE_CURVE('',#3699,#2860,#3707,.T.);
#3707 = LINE('',#3708,#3709);
#3708 = CARTESIAN_POINT('',(0.25,-5.75,3.35));
#3709 = VECTOR('',#3710,1.);
#3710 = DIRECTION('',(1.224646799147E-16,1.,0.));
#3711 = ORIENTED_EDGE('',*,*,#2859,.T.);
#3712 = ORIENTED_EDGE('',*,*,#3713,.T.);
#3713 = EDGE_CURVE('',#2862,#3697,#3714,.T.);
#3714 = LINE('',#3715,#3716);
#3715 = CARTESIAN_POINT('',(0.25,-0.25,2.85));
#3716 = VECTOR('',#3717,1.);
#3717 = DIRECTION('',(-1.224646799147E-16,-1.,0.));
#3718 = PLANE('',#3719);
#3719 = AXIS2_PLACEMENT_3D('',#3720,#3721,#3722);
#3720 = CARTESIAN_POINT('',(0.25,-1.421959173294,1.302213422577));
#3721 = DIRECTION('',(-1.,1.224646799147E-16,0.));
#3722 = DIRECTION('',(0.,0.,1.));
#3723 = ADVANCED_FACE('',(#3724),#3742,.F.);
#3724 = FACE_BOUND('',#3725,.F.);
#3725 = EDGE_LOOP('',(#3726,#3727,#3735,#3741));
#3726 = ORIENTED_EDGE('',*,*,#3706,.F.);
#3727 = ORIENTED_EDGE('',*,*,#3728,.T.);
#3728 = EDGE_CURVE('',#3699,#3729,#3731,.T.);
#3729 = VERTEX_POINT('',#3730);
#3730 = CARTESIAN_POINT('',(-0.25,-5.55,3.35));
#3731 = LINE('',#3732,#3733);
#3732 = CARTESIAN_POINT('',(0.25,-5.55,3.35));
#3733 = VECTOR('',#3734,1.);
#3734 = DIRECTION('',(-1.,1.224646799147E-16,0.));
#3735 = ORIENTED_EDGE('',*,*,#3736,.T.);
#3736 = EDGE_CURVE('',#3729,#2878,#3737,.T.);
#3737 = LINE('',#3738,#3739);
#3738 = CARTESIAN_POINT('',(-0.25,-5.75,3.35));
#3739 = VECTOR('',#3740,1.);
#3740 = DIRECTION('',(1.224646799147E-16,1.,0.));
#3741 = ORIENTED_EDGE('',*,*,#2885,.T.);
#3742 = PLANE('',#3743);
#3743 = AXIS2_PLACEMENT_3D('',#3744,#3745,#3746);
#3744 = CARTESIAN_POINT('',(0.25,-5.75,3.35));
#3745 = DIRECTION('',(-0.,0.,-1.));
#3746 = DIRECTION('',(1.224646799147E-16,1.,0.));
#3747 = ADVANCED_FACE('',(#3748),#3766,.T.);
#3748 = FACE_BOUND('',#3749,.T.);
#3749 = EDGE_LOOP('',(#3750,#3758,#3759,#3760));
#3750 = ORIENTED_EDGE('',*,*,#3751,.T.);
#3751 = EDGE_CURVE('',#3752,#3729,#3754,.T.);
#3752 = VERTEX_POINT('',#3753);
#3753 = CARTESIAN_POINT('',(-0.25,-5.55,2.85));
#3754 = LINE('',#3755,#3756);
#3755 = CARTESIAN_POINT('',(-0.25,-5.55,2.85));
#3756 = VECTOR('',#3757,1.);
#3757 = DIRECTION('',(0.,0.,1.));
#3758 = ORIENTED_EDGE('',*,*,#3736,.T.);
#3759 = ORIENTED_EDGE('',*,*,#2877,.T.);
#3760 = ORIENTED_EDGE('',*,*,#3761,.T.);
#3761 = EDGE_CURVE('',#2870,#3752,#3762,.T.);
#3762 = LINE('',#3763,#3764);
#3763 = CARTESIAN_POINT('',(-0.25,-0.25,2.85));
#3764 = VECTOR('',#3765,1.);
#3765 = DIRECTION('',(-1.224646799147E-16,-1.,0.));
#3766 = PLANE('',#3767);
#3767 = AXIS2_PLACEMENT_3D('',#3768,#3769,#3770);
#3768 = CARTESIAN_POINT('',(-0.25,-1.421959173294,1.302213422577));
#3769 = DIRECTION('',(-1.,1.224646799147E-16,0.));
#3770 = DIRECTION('',(0.,0.,1.));
#3771 = ADVANCED_FACE('',(#3772),#3783,.F.);
#3772 = FACE_BOUND('',#3773,.F.);
#3773 = EDGE_LOOP('',(#3774,#3775,#3776,#3777));
#3774 = ORIENTED_EDGE('',*,*,#3713,.F.);
#3775 = ORIENTED_EDGE('',*,*,#2869,.T.);
#3776 = ORIENTED_EDGE('',*,*,#3761,.T.);
#3777 = ORIENTED_EDGE('',*,*,#3778,.F.);
#3778 = EDGE_CURVE('',#3697,#3752,#3779,.T.);
#3779 = LINE('',#3780,#3781);
#3780 = CARTESIAN_POINT('',(0.25,-5.55,2.85));
#3781 = VECTOR('',#3782,1.);
#3782 = DIRECTION('',(-1.,1.224646799147E-16,0.));
#3783 = PLANE('',#3784);
#3784 = AXIS2_PLACEMENT_3D('',#3785,#3786,#3787);
#3785 = CARTESIAN_POINT('',(0.25,-0.25,2.85));
#3786 = DIRECTION('',(0.,0.,1.));
#3787 = DIRECTION('',(-1.224646799147E-16,-1.,0.));
#3788 = ADVANCED_FACE('',(#3789),#3814,.F.);
#3789 = FACE_BOUND('',#3790,.F.);
#3790 = EDGE_LOOP('',(#3791,#3801,#3807,#3808));
#3791 = ORIENTED_EDGE('',*,*,#3792,.T.);
#3792 = EDGE_CURVE('',#3793,#3795,#3797,.T.);
#3793 = VERTEX_POINT('',#3794);
#3794 = CARTESIAN_POINT('',(2.25,-5.55,2.85));
#3795 = VERTEX_POINT('',#3796);
#3796 = CARTESIAN_POINT('',(2.25,-5.55,3.35));
#3797 = LINE('',#3798,#3799);
#3798 = CARTESIAN_POINT('',(2.25,-5.55,2.85));
#3799 = VECTOR('',#3800,1.);
#3800 = DIRECTION('',(0.,0.,1.));
#3801 = ORIENTED_EDGE('',*,*,#3802,.T.);
#3802 = EDGE_CURVE('',#3795,#2894,#3803,.T.);
#3803 = LINE('',#3804,#3805);
#3804 = CARTESIAN_POINT('',(2.25,-5.75,3.35));
#3805 = VECTOR('',#3806,1.);
#3806 = DIRECTION('',(1.224646799147E-16,1.,0.));
#3807 = ORIENTED_EDGE('',*,*,#2893,.T.);
#3808 = ORIENTED_EDGE('',*,*,#3809,.T.);
#3809 = EDGE_CURVE('',#2896,#3793,#3810,.T.);
#3810 = LINE('',#3811,#3812);
#3811 = CARTESIAN_POINT('',(2.25,-0.25,2.85));
#3812 = VECTOR('',#3813,1.);
#3813 = DIRECTION('',(-1.224646799147E-16,-1.,0.));
#3814 = PLANE('',#3815);
#3815 = AXIS2_PLACEMENT_3D('',#3816,#3817,#3818);
#3816 = CARTESIAN_POINT('',(2.25,-1.421959173294,1.302213422577));
#3817 = DIRECTION('',(-1.,1.224646799147E-16,0.));
#3818 = DIRECTION('',(0.,0.,1.));
#3819 = ADVANCED_FACE('',(#3820),#3838,.F.);
#3820 = FACE_BOUND('',#3821,.F.);
#3821 = EDGE_LOOP('',(#3822,#3823,#3831,#3837));
#3822 = ORIENTED_EDGE('',*,*,#3802,.F.);
#3823 = ORIENTED_EDGE('',*,*,#3824,.T.);
#3824 = EDGE_CURVE('',#3795,#3825,#3827,.T.);
#3825 = VERTEX_POINT('',#3826);
#3826 = CARTESIAN_POINT('',(1.75,-5.55,3.35));
#3827 = LINE('',#3828,#3829);
#3828 = CARTESIAN_POINT('',(2.25,-5.55,3.35));
#3829 = VECTOR('',#3830,1.);
#3830 = DIRECTION('',(-1.,1.224646799147E-16,0.));
#3831 = ORIENTED_EDGE('',*,*,#3832,.T.);
#3832 = EDGE_CURVE('',#3825,#2912,#3833,.T.);
#3833 = LINE('',#3834,#3835);
#3834 = CARTESIAN_POINT('',(1.75,-5.75,3.35));
#3835 = VECTOR('',#3836,1.);
#3836 = DIRECTION('',(1.224646799147E-16,1.,0.));
#3837 = ORIENTED_EDGE('',*,*,#2919,.T.);
#3838 = PLANE('',#3839);
#3839 = AXIS2_PLACEMENT_3D('',#3840,#3841,#3842);
#3840 = CARTESIAN_POINT('',(2.25,-5.75,3.35));
#3841 = DIRECTION('',(-0.,0.,-1.));
#3842 = DIRECTION('',(1.224646799147E-16,1.,0.));
#3843 = ADVANCED_FACE('',(#3844),#3862,.T.);
#3844 = FACE_BOUND('',#3845,.T.);
#3845 = EDGE_LOOP('',(#3846,#3854,#3855,#3856));
#3846 = ORIENTED_EDGE('',*,*,#3847,.T.);
#3847 = EDGE_CURVE('',#3848,#3825,#3850,.T.);
#3848 = VERTEX_POINT('',#3849);
#3849 = CARTESIAN_POINT('',(1.75,-5.55,2.85));
#3850 = LINE('',#3851,#3852);
#3851 = CARTESIAN_POINT('',(1.75,-5.55,2.85));
#3852 = VECTOR('',#3853,1.);
#3853 = DIRECTION('',(0.,0.,1.));
#3854 = ORIENTED_EDGE('',*,*,#3832,.T.);
#3855 = ORIENTED_EDGE('',*,*,#2911,.T.);
#3856 = ORIENTED_EDGE('',*,*,#3857,.T.);
#3857 = EDGE_CURVE('',#2904,#3848,#3858,.T.);
#3858 = LINE('',#3859,#3860);
#3859 = CARTESIAN_POINT('',(1.75,-0.25,2.85));
#3860 = VECTOR('',#3861,1.);
#3861 = DIRECTION('',(-1.224646799147E-16,-1.,0.));
#3862 = PLANE('',#3863);
#3863 = AXIS2_PLACEMENT_3D('',#3864,#3865,#3866);
#3864 = CARTESIAN_POINT('',(1.75,-1.421959173294,1.302213422577));
#3865 = DIRECTION('',(-1.,1.224646799147E-16,0.));
#3866 = DIRECTION('',(0.,0.,1.));
#3867 = ADVANCED_FACE('',(#3868),#3879,.F.);
#3868 = FACE_BOUND('',#3869,.F.);
#3869 = EDGE_LOOP('',(#3870,#3871,#3872,#3873));
#3870 = ORIENTED_EDGE('',*,*,#3809,.F.);
#3871 = ORIENTED_EDGE('',*,*,#2903,.T.);
#3872 = ORIENTED_EDGE('',*,*,#3857,.T.);
#3873 = ORIENTED_EDGE('',*,*,#3874,.F.);
#3874 = EDGE_CURVE('',#3793,#3848,#3875,.T.);
#3875 = LINE('',#3876,#3877);
#3876 = CARTESIAN_POINT('',(2.25,-5.55,2.85));
#3877 = VECTOR('',#3878,1.);
#3878 = DIRECTION('',(-1.,1.224646799147E-16,0.));
#3879 = PLANE('',#3880);
#3880 = AXIS2_PLACEMENT_3D('',#3881,#3882,#3883);
#3881 = CARTESIAN_POINT('',(2.25,-0.25,2.85));
#3882 = DIRECTION('',(0.,0.,1.));
#3883 = DIRECTION('',(-1.224646799147E-16,-1.,0.));
#3884 = ADVANCED_FACE('',(#3885,#3891),#3925,.F.);
#3885 = FACE_BOUND('',#3886,.F.);
#3886 = EDGE_LOOP('',(#3887,#3888,#3889,#3890));
#3887 = ORIENTED_EDGE('',*,*,#3067,.T.);
#3888 = ORIENTED_EDGE('',*,*,#3085,.T.);
#3889 = ORIENTED_EDGE('',*,*,#3488,.F.);
#3890 = ORIENTED_EDGE('',*,*,#2950,.F.);
#3891 = FACE_BOUND('',#3892,.F.);
#3892 = EDGE_LOOP('',(#3893,#3903,#3911,#3919));
#3893 = ORIENTED_EDGE('',*,*,#3894,.T.);
#3894 = EDGE_CURVE('',#3895,#3897,#3899,.T.);
#3895 = VERTEX_POINT('',#3896);
#3896 = CARTESIAN_POINT('',(2.25,-0.35,3.35));
#3897 = VERTEX_POINT('',#3898);
#3898 = CARTESIAN_POINT('',(2.25,-0.35,2.85));
#3899 = LINE('',#3900,#3901);
#3900 = CARTESIAN_POINT('',(2.25,-0.35,2.451106711288));
#3901 = VECTOR('',#3902,1.);
#3902 = DIRECTION('',(-1.359631073447E-32,-1.110223024625E-16,-1.));
#3903 = ORIENTED_EDGE('',*,*,#3904,.T.);
#3904 = EDGE_CURVE('',#3897,#3905,#3907,.T.);
#3905 = VERTEX_POINT('',#3906);
#3906 = CARTESIAN_POINT('',(1.75,-0.35,2.85));
#3907 = LINE('',#3908,#3909);
#3908 = CARTESIAN_POINT('',(2.5,-0.35,2.85));
#3909 = VECTOR('',#3910,1.);
#3910 = DIRECTION('',(-1.,1.224646799147E-16,0.));
#3911 = ORIENTED_EDGE('',*,*,#3912,.F.);
#3912 = EDGE_CURVE('',#3913,#3905,#3915,.T.);
#3913 = VERTEX_POINT('',#3914);
#3914 = CARTESIAN_POINT('',(1.75,-0.35,3.35));
#3915 = LINE('',#3916,#3917);
#3916 = CARTESIAN_POINT('',(1.75,-0.35,2.451106711288));
#3917 = VECTOR('',#3918,1.);
#3918 = DIRECTION('',(-1.359631073447E-32,-1.110223024625E-16,-1.));
#3919 = ORIENTED_EDGE('',*,*,#3920,.T.);
#3920 = EDGE_CURVE('',#3913,#3895,#3921,.T.);
#3921 = LINE('',#3922,#3923);
#3922 = CARTESIAN_POINT('',(2.5,-0.35,3.35));
#3923 = VECTOR('',#3924,1.);
#3924 = DIRECTION('',(1.,-1.224646799147E-16,0.));
#3925 = PLANE('',#3926);
#3926 = AXIS2_PLACEMENT_3D('',#3927,#3928,#3929);
#3927 = CARTESIAN_POINT('',(2.75,-0.35,3.6));
#3928 = DIRECTION('',(-1.224646799147E-16,-1.,1.110223024625E-16));
#3929 = DIRECTION('',(-1.359631073447E-32,-1.110223024625E-16,-1.));
#3930 = ADVANCED_FACE('',(#3931,#3937),#3971,.F.);
#3931 = FACE_BOUND('',#3932,.F.);
#3932 = EDGE_LOOP('',(#3933,#3934,#3935,#3936));
#3933 = ORIENTED_EDGE('',*,*,#3190,.T.);
#3934 = ORIENTED_EDGE('',*,*,#3448,.T.);
#3935 = ORIENTED_EDGE('',*,*,#3471,.F.);
#3936 = ORIENTED_EDGE('',*,*,#3140,.F.);
#3937 = FACE_BOUND('',#3938,.F.);
#3938 = EDGE_LOOP('',(#3939,#3949,#3957,#3965));
#3939 = ORIENTED_EDGE('',*,*,#3940,.T.);
#3940 = EDGE_CURVE('',#3941,#3943,#3945,.T.);
#3941 = VERTEX_POINT('',#3942);
#3942 = CARTESIAN_POINT('',(0.25,-0.35,3.35));
#3943 = VERTEX_POINT('',#3944);
#3944 = CARTESIAN_POINT('',(0.25,-0.35,2.85));
#3945 = LINE('',#3946,#3947);
#3946 = CARTESIAN_POINT('',(0.25,-0.35,2.451106711288));
#3947 = VECTOR('',#3948,1.);
#3948 = DIRECTION('',(-1.359631073447E-32,-1.110223024625E-16,-1.));
#3949 = ORIENTED_EDGE('',*,*,#3950,.T.);
#3950 = EDGE_CURVE('',#3943,#3951,#3953,.T.);
#3951 = VERTEX_POINT('',#3952);
#3952 = CARTESIAN_POINT('',(-0.25,-0.35,2.85));
#3953 = LINE('',#3954,#3955);
#3954 = CARTESIAN_POINT('',(0.5,-0.35,2.85));
#3955 = VECTOR('',#3956,1.);
#3956 = DIRECTION('',(-1.,1.224646799147E-16,0.));
#3957 = ORIENTED_EDGE('',*,*,#3958,.F.);
#3958 = EDGE_CURVE('',#3959,#3951,#3961,.T.);
#3959 = VERTEX_POINT('',#3960);
#3960 = CARTESIAN_POINT('',(-0.25,-0.35,3.35));
#3961 = LINE('',#3962,#3963);
#3962 = CARTESIAN_POINT('',(-0.25,-0.35,2.451106711288));
#3963 = VECTOR('',#3964,1.);
#3964 = DIRECTION('',(-1.359631073447E-32,-1.110223024625E-16,-1.));
#3965 = ORIENTED_EDGE('',*,*,#3966,.T.);
#3966 = EDGE_CURVE('',#3959,#3941,#3967,.T.);
#3967 = LINE('',#3968,#3969);
#3968 = CARTESIAN_POINT('',(0.5,-0.35,3.35));
#3969 = VECTOR('',#3970,1.);
#3970 = DIRECTION('',(1.,-1.224646799147E-16,0.));
#3971 = PLANE('',#3972);
#3972 = AXIS2_PLACEMENT_3D('',#3973,#3974,#3975);
#3973 = CARTESIAN_POINT('',(0.75,-0.35,3.6));
#3974 = DIRECTION('',(-1.224646799147E-16,-1.,1.110223024625E-16));
#3975 = DIRECTION('',(-1.359631073447E-32,-1.110223024625E-16,-1.));
#3976 = ADVANCED_FACE('',(#3977),#3988,.F.);
#3977 = FACE_BOUND('',#3978,.F.);
#3978 = EDGE_LOOP('',(#3979,#3985,#3986,#3987));
#3979 = ORIENTED_EDGE('',*,*,#3980,.T.);
#3980 = EDGE_CURVE('',#3247,#3309,#3981,.T.);
#3981 = LINE('',#3982,#3983);
#3982 = CARTESIAN_POINT('',(-0.95,-4.45,4.85));
#3983 = VECTOR('',#3984,1.);
#3984 = DIRECTION('',(-1.224646799147E-16,-1.,1.110223024625E-16));
#3985 = ORIENTED_EDGE('',*,*,#3316,.T.);
#3986 = ORIENTED_EDGE('',*,*,#3636,.F.);
#3987 = ORIENTED_EDGE('',*,*,#3246,.F.);
#3988 = PLANE('',#3989);
#3989 = AXIS2_PLACEMENT_3D('',#3990,#3991,#3992);
#3990 = CARTESIAN_POINT('',(-0.95,-4.45,4.85));
#3991 = DIRECTION('',(1.,-1.224646799147E-16,0.));
#3992 = DIRECTION('',(-1.359631073446E-32,-1.110223024625E-16,-1.));
#3993 = ADVANCED_FACE('',(#3994),#4000,.F.);
#3994 = FACE_BOUND('',#3995,.F.);
#3995 = EDGE_LOOP('',(#3996,#3997,#3998,#3999));
#3996 = ORIENTED_EDGE('',*,*,#3285,.T.);
#3997 = ORIENTED_EDGE('',*,*,#3308,.T.);
#3998 = ORIENTED_EDGE('',*,*,#3980,.F.);
#3999 = ORIENTED_EDGE('',*,*,#3254,.F.);
#4000 = PLANE('',#4001);
#4001 = AXIS2_PLACEMENT_3D('',#4002,#4003,#4004);
#4002 = CARTESIAN_POINT('',(-0.45,-4.45,4.85));
#4003 = DIRECTION('',(-1.359631073447E-32,-1.110223024625E-16,-1.));
#4004 = DIRECTION('',(-1.,1.224646799147E-16,6.927121900793E-45));
#4005 = ADVANCED_FACE('',(#4006),#4031,.T.);
#4006 = FACE_BOUND('',#4007,.T.);
#4007 = EDGE_LOOP('',(#4008,#4016,#4017,#4025));
#4008 = ORIENTED_EDGE('',*,*,#4009,.F.);
#4009 = EDGE_CURVE('',#3697,#4010,#4012,.T.);
#4010 = VERTEX_POINT('',#4011);
#4011 = CARTESIAN_POINT('',(5.E-02,-5.75,3.05));
#4012 = LINE('',#4013,#4014);
#4013 = CARTESIAN_POINT('',(0.183333333333,-5.616666666667,
    2.916666666667));
#4014 = VECTOR('',#4015,1.);
#4015 = DIRECTION('',(-0.57735026919,-0.57735026919,0.57735026919));
#4016 = ORIENTED_EDGE('',*,*,#3696,.T.);
#4017 = ORIENTED_EDGE('',*,*,#4018,.F.);
#4018 = EDGE_CURVE('',#4019,#3699,#4021,.T.);
#4019 = VERTEX_POINT('',#4020);
#4020 = CARTESIAN_POINT('',(5.E-02,-5.75,3.15));
#4021 = LINE('',#4022,#4023);
#4022 = CARTESIAN_POINT('',(0.1,-5.7,3.2));
#4023 = VECTOR('',#4024,1.);
#4024 = DIRECTION('',(0.57735026919,0.57735026919,0.57735026919));
#4025 = ORIENTED_EDGE('',*,*,#4026,.F.);
#4026 = EDGE_CURVE('',#4010,#4019,#4027,.T.);
#4027 = LINE('',#4028,#4029);
#4028 = CARTESIAN_POINT('',(5.E-02,-5.75,2.85));
#4029 = VECTOR('',#4030,1.);
#4030 = DIRECTION('',(0.,0.,1.));
#4031 = PLANE('',#4032);
#4032 = AXIS2_PLACEMENT_3D('',#4033,#4034,#4035);
#4033 = CARTESIAN_POINT('',(0.15,-5.65,2.85));
#4034 = DIRECTION('',(0.707106781187,-0.707106781187,-1.735417226644E-18
    ));
#4035 = DIRECTION('',(1.227125289148E-18,-1.227125289148E-18,1.));
#4036 = ADVANCED_FACE('',(#4037),#4055,.T.);
#4037 = FACE_BOUND('',#4038,.F.);
#4038 = EDGE_LOOP('',(#4039,#4040,#4048,#4054));
#4039 = ORIENTED_EDGE('',*,*,#4018,.F.);
#4040 = ORIENTED_EDGE('',*,*,#4041,.T.);
#4041 = EDGE_CURVE('',#4019,#4042,#4044,.T.);
#4042 = VERTEX_POINT('',#4043);
#4043 = CARTESIAN_POINT('',(-5.E-02,-5.75,3.15));
#4044 = LINE('',#4045,#4046);
#4045 = CARTESIAN_POINT('',(0.25,-5.75,3.15));
#4046 = VECTOR('',#4047,1.);
#4047 = DIRECTION('',(-1.,1.224646799147E-16,0.));
#4048 = ORIENTED_EDGE('',*,*,#4049,.F.);
#4049 = EDGE_CURVE('',#3729,#4042,#4050,.T.);
#4050 = LINE('',#4051,#4052);
#4051 = CARTESIAN_POINT('',(-1.666666666667E-02,-5.783333333333,
    3.116666666667));
#4052 = VECTOR('',#4053,1.);
#4053 = DIRECTION('',(0.57735026919,-0.57735026919,-0.57735026919));
#4054 = ORIENTED_EDGE('',*,*,#3728,.F.);
#4055 = PLANE('',#4056);
#4056 = AXIS2_PLACEMENT_3D('',#4057,#4058,#4059);
#4057 = CARTESIAN_POINT('',(0.25,-5.65,3.25));
#4058 = DIRECTION('',(-8.659560562349E-17,-0.707106781187,0.707106781187
    ));
#4059 = DIRECTION('',(1.,-1.224646799147E-16,-2.105273685727E-29));
#4060 = ADVANCED_FACE('',(#4061),#4079,.F.);
#4061 = FACE_BOUND('',#4062,.F.);
#4062 = EDGE_LOOP('',(#4063,#4071,#4072,#4073));
#4063 = ORIENTED_EDGE('',*,*,#4064,.F.);
#4064 = EDGE_CURVE('',#3752,#4065,#4067,.T.);
#4065 = VERTEX_POINT('',#4066);
#4066 = CARTESIAN_POINT('',(-5.E-02,-5.75,3.05));
#4067 = LINE('',#4068,#4069);
#4068 = CARTESIAN_POINT('',(-0.1,-5.7,3.));
#4069 = VECTOR('',#4070,1.);
#4070 = DIRECTION('',(0.57735026919,-0.57735026919,0.57735026919));
#4071 = ORIENTED_EDGE('',*,*,#3751,.T.);
#4072 = ORIENTED_EDGE('',*,*,#4049,.T.);
#4073 = ORIENTED_EDGE('',*,*,#4074,.F.);
#4074 = EDGE_CURVE('',#4065,#4042,#4075,.T.);
#4075 = LINE('',#4076,#4077);
#4076 = CARTESIAN_POINT('',(-5.E-02,-5.75,2.85));
#4077 = VECTOR('',#4078,1.);
#4078 = DIRECTION('',(0.,0.,1.));
#4079 = PLANE('',#4080);
#4080 = AXIS2_PLACEMENT_3D('',#4081,#4082,#4083);
#4081 = CARTESIAN_POINT('',(-0.15,-5.65,2.85));
#4082 = DIRECTION('',(0.707106781187,0.707106781187,1.735417226644E-18)
  );
#4083 = DIRECTION('',(-1.227125289148E-18,-1.227125289148E-18,1.));
#4084 = ADVANCED_FACE('',(#4085),#4096,.T.);
#4085 = FACE_BOUND('',#4086,.F.);
#4086 = EDGE_LOOP('',(#4087,#4088,#4089,#4090));
#4087 = ORIENTED_EDGE('',*,*,#4009,.F.);
#4088 = ORIENTED_EDGE('',*,*,#3778,.T.);
#4089 = ORIENTED_EDGE('',*,*,#4064,.T.);
#4090 = ORIENTED_EDGE('',*,*,#4091,.F.);
#4091 = EDGE_CURVE('',#4010,#4065,#4092,.T.);
#4092 = LINE('',#4093,#4094);
#4093 = CARTESIAN_POINT('',(0.25,-5.75,3.05));
#4094 = VECTOR('',#4095,1.);
#4095 = DIRECTION('',(-1.,1.224646799147E-16,0.));
#4096 = PLANE('',#4097);
#4097 = AXIS2_PLACEMENT_3D('',#4098,#4099,#4100);
#4098 = CARTESIAN_POINT('',(0.25,-5.65,2.95));
#4099 = DIRECTION('',(-8.659560562349E-17,-0.707106781187,
    -0.707106781187));
#4100 = DIRECTION('',(1.,-1.224646799147E-16,2.105273685727E-29));
#4101 = ADVANCED_FACE('',(#4102),#4127,.T.);
#4102 = FACE_BOUND('',#4103,.T.);
#4103 = EDGE_LOOP('',(#4104,#4112,#4113,#4121));
#4104 = ORIENTED_EDGE('',*,*,#4105,.F.);
#4105 = EDGE_CURVE('',#3793,#4106,#4108,.T.);
#4106 = VERTEX_POINT('',#4107);
#4107 = CARTESIAN_POINT('',(2.05,-5.75,3.05));
#4108 = LINE('',#4109,#4110);
#4109 = CARTESIAN_POINT('',(2.183333333333,-5.616666666667,
    2.916666666667));
#4110 = VECTOR('',#4111,1.);
#4111 = DIRECTION('',(-0.57735026919,-0.57735026919,0.57735026919));
#4112 = ORIENTED_EDGE('',*,*,#3792,.T.);
#4113 = ORIENTED_EDGE('',*,*,#4114,.F.);
#4114 = EDGE_CURVE('',#4115,#3795,#4117,.T.);
#4115 = VERTEX_POINT('',#4116);
#4116 = CARTESIAN_POINT('',(2.05,-5.75,3.15));
#4117 = LINE('',#4118,#4119);
#4118 = CARTESIAN_POINT('',(2.1,-5.7,3.2));
#4119 = VECTOR('',#4120,1.);
#4120 = DIRECTION('',(0.57735026919,0.57735026919,0.57735026919));
#4121 = ORIENTED_EDGE('',*,*,#4122,.F.);
#4122 = EDGE_CURVE('',#4106,#4115,#4123,.T.);
#4123 = LINE('',#4124,#4125);
#4124 = CARTESIAN_POINT('',(2.05,-5.75,2.85));
#4125 = VECTOR('',#4126,1.);
#4126 = DIRECTION('',(0.,0.,1.));
#4127 = PLANE('',#4128);
#4128 = AXIS2_PLACEMENT_3D('',#4129,#4130,#4131);
#4129 = CARTESIAN_POINT('',(2.15,-5.65,2.85));
#4130 = DIRECTION('',(0.707106781187,-0.707106781187,-1.735417226644E-18
    ));
#4131 = DIRECTION('',(1.227125289148E-18,-1.227125289148E-18,1.));
#4132 = ADVANCED_FACE('',(#4133),#4151,.T.);
#4133 = FACE_BOUND('',#4134,.F.);
#4134 = EDGE_LOOP('',(#4135,#4136,#4144,#4150));
#4135 = ORIENTED_EDGE('',*,*,#4114,.F.);
#4136 = ORIENTED_EDGE('',*,*,#4137,.T.);
#4137 = EDGE_CURVE('',#4115,#4138,#4140,.T.);
#4138 = VERTEX_POINT('',#4139);
#4139 = CARTESIAN_POINT('',(1.95,-5.75,3.15));
#4140 = LINE('',#4141,#4142);
#4141 = CARTESIAN_POINT('',(2.25,-5.75,3.15));
#4142 = VECTOR('',#4143,1.);
#4143 = DIRECTION('',(-1.,1.224646799147E-16,0.));
#4144 = ORIENTED_EDGE('',*,*,#4145,.F.);
#4145 = EDGE_CURVE('',#3825,#4138,#4146,.T.);
#4146 = LINE('',#4147,#4148);
#4147 = CARTESIAN_POINT('',(1.983333333333,-5.783333333333,
    3.116666666667));
#4148 = VECTOR('',#4149,1.);
#4149 = DIRECTION('',(0.57735026919,-0.57735026919,-0.57735026919));
#4150 = ORIENTED_EDGE('',*,*,#3824,.F.);
#4151 = PLANE('',#4152);
#4152 = AXIS2_PLACEMENT_3D('',#4153,#4154,#4155);
#4153 = CARTESIAN_POINT('',(2.25,-5.65,3.25));
#4154 = DIRECTION('',(-8.659560562349E-17,-0.707106781187,0.707106781187
    ));
#4155 = DIRECTION('',(1.,-1.224646799147E-16,-2.105273685727E-29));
#4156 = ADVANCED_FACE('',(#4157),#4175,.F.);
#4157 = FACE_BOUND('',#4158,.F.);
#4158 = EDGE_LOOP('',(#4159,#4167,#4168,#4169));
#4159 = ORIENTED_EDGE('',*,*,#4160,.F.);
#4160 = EDGE_CURVE('',#3848,#4161,#4163,.T.);
#4161 = VERTEX_POINT('',#4162);
#4162 = CARTESIAN_POINT('',(1.95,-5.75,3.05));
#4163 = LINE('',#4164,#4165);
#4164 = CARTESIAN_POINT('',(1.9,-5.7,3.));
#4165 = VECTOR('',#4166,1.);
#4166 = DIRECTION('',(0.57735026919,-0.57735026919,0.57735026919));
#4167 = ORIENTED_EDGE('',*,*,#3847,.T.);
#4168 = ORIENTED_EDGE('',*,*,#4145,.T.);
#4169 = ORIENTED_EDGE('',*,*,#4170,.F.);
#4170 = EDGE_CURVE('',#4161,#4138,#4171,.T.);
#4171 = LINE('',#4172,#4173);
#4172 = CARTESIAN_POINT('',(1.95,-5.75,2.85));
#4173 = VECTOR('',#4174,1.);
#4174 = DIRECTION('',(0.,0.,1.));
#4175 = PLANE('',#4176);
#4176 = AXIS2_PLACEMENT_3D('',#4177,#4178,#4179);
#4177 = CARTESIAN_POINT('',(1.85,-5.65,2.85));
#4178 = DIRECTION('',(0.707106781187,0.707106781187,1.735417226644E-18)
  );
#4179 = DIRECTION('',(-1.227125289148E-18,-1.227125289148E-18,1.));
#4180 = ADVANCED_FACE('',(#4181),#4192,.T.);
#4181 = FACE_BOUND('',#4182,.F.);
#4182 = EDGE_LOOP('',(#4183,#4184,#4185,#4186));
#4183 = ORIENTED_EDGE('',*,*,#4105,.F.);
#4184 = ORIENTED_EDGE('',*,*,#3874,.T.);
#4185 = ORIENTED_EDGE('',*,*,#4160,.T.);
#4186 = ORIENTED_EDGE('',*,*,#4187,.F.);
#4187 = EDGE_CURVE('',#4106,#4161,#4188,.T.);
#4188 = LINE('',#4189,#4190);
#4189 = CARTESIAN_POINT('',(2.25,-5.75,3.05));
#4190 = VECTOR('',#4191,1.);
#4191 = DIRECTION('',(-1.,1.224646799147E-16,0.));
#4192 = PLANE('',#4193);
#4193 = AXIS2_PLACEMENT_3D('',#4194,#4195,#4196);
#4194 = CARTESIAN_POINT('',(2.25,-5.65,2.95));
#4195 = DIRECTION('',(-8.659560562349E-17,-0.707106781187,
    -0.707106781187));
#4196 = DIRECTION('',(1.,-1.224646799147E-16,2.105273685727E-29));
#4197 = ADVANCED_FACE('',(#4198),#4289,.F.);
#4198 = FACE_BOUND('',#4199,.F.);
#4199 = EDGE_LOOP('',(#4200,#4201,#4209,#4218,#4226,#4234,#4242,#4250,
    #4258,#4266,#4274,#4283));
#4200 = ORIENTED_EDGE('',*,*,#3894,.F.);
#4201 = ORIENTED_EDGE('',*,*,#4202,.T.);
#4202 = EDGE_CURVE('',#3895,#4203,#4205,.T.);
#4203 = VERTEX_POINT('',#4204);
#4204 = CARTESIAN_POINT('',(2.25,-0.3,3.35));
#4205 = LINE('',#4206,#4207);
#4206 = CARTESIAN_POINT('',(2.25,-5.75,3.35));
#4207 = VECTOR('',#4208,1.);
#4208 = DIRECTION('',(1.224646799147E-16,1.,0.));
#4209 = ORIENTED_EDGE('',*,*,#4210,.T.);
#4210 = EDGE_CURVE('',#4203,#4211,#4213,.T.);
#4211 = VERTEX_POINT('',#4212);
#4212 = CARTESIAN_POINT('',(2.25,0.25,2.8));
#4213 = CIRCLE('',#4214,0.55);
#4214 = AXIS2_PLACEMENT_3D('',#4215,#4216,#4217);
#4215 = CARTESIAN_POINT('',(2.25,-0.3,2.8));
#4216 = DIRECTION('',(-1.,1.224646799147E-16,0.));
#4217 = DIRECTION('',(0.,0.,1.));
#4218 = ORIENTED_EDGE('',*,*,#4219,.T.);
#4219 = EDGE_CURVE('',#4211,#4220,#4222,.T.);
#4220 = VERTEX_POINT('',#4221);
#4221 = CARTESIAN_POINT('',(2.25,0.25,-0.9));
#4222 = LINE('',#4223,#4224);
#4223 = CARTESIAN_POINT('',(2.25,0.25,3.35));
#4224 = VECTOR('',#4225,1.);
#4225 = DIRECTION('',(-0.,0.,-1.));
#4226 = ORIENTED_EDGE('',*,*,#4227,.T.);
#4227 = EDGE_CURVE('',#4220,#4228,#4230,.T.);
#4228 = VERTEX_POINT('',#4229);
#4229 = CARTESIAN_POINT('',(2.25,-5.E-02,-1.5));
#4230 = LINE('',#4231,#4232);
#4231 = CARTESIAN_POINT('',(2.25,0.25,-0.9));
#4232 = VECTOR('',#4233,1.);
#4233 = DIRECTION('',(-5.476786982641E-17,-0.4472135955,-0.894427191));
#4234 = ORIENTED_EDGE('',*,*,#4235,.T.);
#4235 = EDGE_CURVE('',#4228,#4236,#4238,.T.);
#4236 = VERTEX_POINT('',#4237);
#4237 = CARTESIAN_POINT('',(2.25,0.218421052632,-3.2));
#4238 = LINE('',#4239,#4240);
#4239 = CARTESIAN_POINT('',(2.25,-5.E-02,-1.5));
#4240 = VECTOR('',#4241,1.);
#4241 = DIRECTION('',(1.909990663905E-17,0.155962573473,-0.987762965329)
  );
#4242 = ORIENTED_EDGE('',*,*,#4243,.T.);
#4243 = EDGE_CURVE('',#4236,#4244,#4246,.T.);
#4244 = VERTEX_POINT('',#4245);
#4245 = CARTESIAN_POINT('',(2.25,-0.281578947368,-3.2));
#4246 = LINE('',#4247,#4248);
#4247 = CARTESIAN_POINT('',(2.25,0.25,-3.2));
#4248 = VECTOR('',#4249,1.);
#4249 = DIRECTION('',(-1.224646799147E-16,-1.,0.));
#4250 = ORIENTED_EDGE('',*,*,#4251,.T.);
#4251 = EDGE_CURVE('',#4244,#4252,#4254,.T.);
#4252 = VERTEX_POINT('',#4253);
#4253 = CARTESIAN_POINT('',(2.25,-0.55,-1.5));
#4254 = LINE('',#4255,#4256);
#4255 = CARTESIAN_POINT('',(2.25,-0.25,-3.4));
#4256 = VECTOR('',#4257,1.);
#4257 = DIRECTION('',(-1.909990663905E-17,-0.155962573473,0.987762965329
    ));
#4258 = ORIENTED_EDGE('',*,*,#4259,.T.);
#4259 = EDGE_CURVE('',#4252,#4260,#4262,.T.);
#4260 = VERTEX_POINT('',#4261);
#4261 = CARTESIAN_POINT('',(2.25,-0.25,-0.9));
#4262 = LINE('',#4263,#4264);
#4263 = CARTESIAN_POINT('',(2.25,-0.55,-1.5));
#4264 = VECTOR('',#4265,1.);
#4265 = DIRECTION('',(5.476786982641E-17,0.4472135955,0.894427191));
#4266 = ORIENTED_EDGE('',*,*,#4267,.T.);
#4267 = EDGE_CURVE('',#4260,#4268,#4270,.T.);
#4268 = VERTEX_POINT('',#4269);
#4269 = CARTESIAN_POINT('',(2.25,-0.25,2.8));
#4270 = LINE('',#4271,#4272);
#4271 = CARTESIAN_POINT('',(2.25,-0.25,-0.9));
#4272 = VECTOR('',#4273,1.);
#4273 = DIRECTION('',(0.,0.,1.));
#4274 = ORIENTED_EDGE('',*,*,#4275,.F.);
#4275 = EDGE_CURVE('',#4276,#4268,#4278,.T.);
#4276 = VERTEX_POINT('',#4277);
#4277 = CARTESIAN_POINT('',(2.25,-0.3,2.85));
#4278 = CIRCLE('',#4279,5.E-02);
#4279 = AXIS2_PLACEMENT_3D('',#4280,#4281,#4282);
#4280 = CARTESIAN_POINT('',(2.25,-0.3,2.8));
#4281 = DIRECTION('',(-1.,1.224646799147E-16,0.));
#4282 = DIRECTION('',(0.,0.,1.));
#4283 = ORIENTED_EDGE('',*,*,#4284,.T.);
#4284 = EDGE_CURVE('',#4276,#3897,#4285,.T.);
#4285 = LINE('',#4286,#4287);
#4286 = CARTESIAN_POINT('',(2.25,-0.25,2.85));
#4287 = VECTOR('',#4288,1.);
#4288 = DIRECTION('',(-1.224646799147E-16,-1.,0.));
#4289 = PLANE('',#4290);
#4290 = AXIS2_PLACEMENT_3D('',#4291,#4292,#4293);
#4291 = CARTESIAN_POINT('',(2.25,-1.421959173294,1.302213422577));
#4292 = DIRECTION('',(-1.,1.224646799147E-16,0.));
#4293 = DIRECTION('',(0.,0.,1.));
#4294 = ADVANCED_FACE('',(#4295),#4313,.F.);
#4295 = FACE_BOUND('',#4296,.F.);
#4296 = EDGE_LOOP('',(#4297,#4298,#4299,#4307));
#4297 = ORIENTED_EDGE('',*,*,#4202,.F.);
#4298 = ORIENTED_EDGE('',*,*,#3920,.F.);
#4299 = ORIENTED_EDGE('',*,*,#4300,.T.);
#4300 = EDGE_CURVE('',#3913,#4301,#4303,.T.);
#4301 = VERTEX_POINT('',#4302);
#4302 = CARTESIAN_POINT('',(1.75,-0.3,3.35));
#4303 = LINE('',#4304,#4305);
#4304 = CARTESIAN_POINT('',(1.75,-5.75,3.35));
#4305 = VECTOR('',#4306,1.);
#4306 = DIRECTION('',(1.224646799147E-16,1.,0.));
#4307 = ORIENTED_EDGE('',*,*,#4308,.F.);
#4308 = EDGE_CURVE('',#4203,#4301,#4309,.T.);
#4309 = LINE('',#4310,#4311);
#4310 = CARTESIAN_POINT('',(2.25,-0.3,3.35));
#4311 = VECTOR('',#4312,1.);
#4312 = DIRECTION('',(-1.,1.224646799147E-16,0.));
#4313 = PLANE('',#4314);
#4314 = AXIS2_PLACEMENT_3D('',#4315,#4316,#4317);
#4315 = CARTESIAN_POINT('',(2.25,-5.75,3.35));
#4316 = DIRECTION('',(-0.,0.,-1.));
#4317 = DIRECTION('',(1.224646799147E-16,1.,0.));
#4318 = ADVANCED_FACE('',(#4319),#4403,.T.);
#4319 = FACE_BOUND('',#4320,.T.);
#4320 = EDGE_LOOP('',(#4321,#4322,#4323,#4332,#4340,#4348,#4356,#4364,
    #4372,#4380,#4388,#4397));
#4321 = ORIENTED_EDGE('',*,*,#3912,.F.);
#4322 = ORIENTED_EDGE('',*,*,#4300,.T.);
#4323 = ORIENTED_EDGE('',*,*,#4324,.T.);
#4324 = EDGE_CURVE('',#4301,#4325,#4327,.T.);
#4325 = VERTEX_POINT('',#4326);
#4326 = CARTESIAN_POINT('',(1.75,0.25,2.8));
#4327 = CIRCLE('',#4328,0.55);
#4328 = AXIS2_PLACEMENT_3D('',#4329,#4330,#4331);
#4329 = CARTESIAN_POINT('',(1.75,-0.3,2.8));
#4330 = DIRECTION('',(-1.,1.224646799147E-16,0.));
#4331 = DIRECTION('',(0.,0.,1.));
#4332 = ORIENTED_EDGE('',*,*,#4333,.T.);
#4333 = EDGE_CURVE('',#4325,#4334,#4336,.T.);
#4334 = VERTEX_POINT('',#4335);
#4335 = CARTESIAN_POINT('',(1.75,0.25,-0.9));
#4336 = LINE('',#4337,#4338);
#4337 = CARTESIAN_POINT('',(1.75,0.25,3.35));
#4338 = VECTOR('',#4339,1.);
#4339 = DIRECTION('',(-0.,0.,-1.));
#4340 = ORIENTED_EDGE('',*,*,#4341,.T.);
#4341 = EDGE_CURVE('',#4334,#4342,#4344,.T.);
#4342 = VERTEX_POINT('',#4343);
#4343 = CARTESIAN_POINT('',(1.75,-5.E-02,-1.5));
#4344 = LINE('',#4345,#4346);
#4345 = CARTESIAN_POINT('',(1.75,0.25,-0.9));
#4346 = VECTOR('',#4347,1.);
#4347 = DIRECTION('',(-5.476786982641E-17,-0.4472135955,-0.894427191));
#4348 = ORIENTED_EDGE('',*,*,#4349,.T.);
#4349 = EDGE_CURVE('',#4342,#4350,#4352,.T.);
#4350 = VERTEX_POINT('',#4351);
#4351 = CARTESIAN_POINT('',(1.75,0.218421052632,-3.2));
#4352 = LINE('',#4353,#4354);
#4353 = CARTESIAN_POINT('',(1.75,-5.E-02,-1.5));
#4354 = VECTOR('',#4355,1.);
#4355 = DIRECTION('',(1.909990663905E-17,0.155962573473,-0.987762965329)
  );
#4356 = ORIENTED_EDGE('',*,*,#4357,.T.);
#4357 = EDGE_CURVE('',#4350,#4358,#4360,.T.);
#4358 = VERTEX_POINT('',#4359);
#4359 = CARTESIAN_POINT('',(1.75,-0.281578947368,-3.2));
#4360 = LINE('',#4361,#4362);
#4361 = CARTESIAN_POINT('',(1.75,0.25,-3.2));
#4362 = VECTOR('',#4363,1.);
#4363 = DIRECTION('',(-1.224646799147E-16,-1.,0.));
#4364 = ORIENTED_EDGE('',*,*,#4365,.T.);
#4365 = EDGE_CURVE('',#4358,#4366,#4368,.T.);
#4366 = VERTEX_POINT('',#4367);
#4367 = CARTESIAN_POINT('',(1.75,-0.55,-1.5));
#4368 = LINE('',#4369,#4370);
#4369 = CARTESIAN_POINT('',(1.75,-0.25,-3.4));
#4370 = VECTOR('',#4371,1.);
#4371 = DIRECTION('',(-1.909990663905E-17,-0.155962573473,0.987762965329
    ));
#4372 = ORIENTED_EDGE('',*,*,#4373,.T.);
#4373 = EDGE_CURVE('',#4366,#4374,#4376,.T.);
#4374 = VERTEX_POINT('',#4375);
#4375 = CARTESIAN_POINT('',(1.75,-0.25,-0.9));
#4376 = LINE('',#4377,#4378);
#4377 = CARTESIAN_POINT('',(1.75,-0.55,-1.5));
#4378 = VECTOR('',#4379,1.);
#4379 = DIRECTION('',(5.476786982641E-17,0.4472135955,0.894427191));
#4380 = ORIENTED_EDGE('',*,*,#4381,.T.);
#4381 = EDGE_CURVE('',#4374,#4382,#4384,.T.);
#4382 = VERTEX_POINT('',#4383);
#4383 = CARTESIAN_POINT('',(1.75,-0.25,2.8));
#4384 = LINE('',#4385,#4386);
#4385 = CARTESIAN_POINT('',(1.75,-0.25,-0.9));
#4386 = VECTOR('',#4387,1.);
#4387 = DIRECTION('',(0.,0.,1.));
#4388 = ORIENTED_EDGE('',*,*,#4389,.F.);
#4389 = EDGE_CURVE('',#4390,#4382,#4392,.T.);
#4390 = VERTEX_POINT('',#4391);
#4391 = CARTESIAN_POINT('',(1.75,-0.3,2.85));
#4392 = CIRCLE('',#4393,5.E-02);
#4393 = AXIS2_PLACEMENT_3D('',#4394,#4395,#4396);
#4394 = CARTESIAN_POINT('',(1.75,-0.3,2.8));
#4395 = DIRECTION('',(-1.,1.224646799147E-16,0.));
#4396 = DIRECTION('',(0.,0.,1.));
#4397 = ORIENTED_EDGE('',*,*,#4398,.T.);
#4398 = EDGE_CURVE('',#4390,#3905,#4399,.T.);
#4399 = LINE('',#4400,#4401);
#4400 = CARTESIAN_POINT('',(1.75,-0.25,2.85));
#4401 = VECTOR('',#4402,1.);
#4402 = DIRECTION('',(-1.224646799147E-16,-1.,0.));
#4403 = PLANE('',#4404);
#4404 = AXIS2_PLACEMENT_3D('',#4405,#4406,#4407);
#4405 = CARTESIAN_POINT('',(1.75,-1.421959173294,1.302213422577));
#4406 = DIRECTION('',(-1.,1.224646799147E-16,0.));
#4407 = DIRECTION('',(0.,0.,1.));
#4408 = ADVANCED_FACE('',(#4409),#4420,.F.);
#4409 = FACE_BOUND('',#4410,.F.);
#4410 = EDGE_LOOP('',(#4411,#4412,#4418,#4419));
#4411 = ORIENTED_EDGE('',*,*,#4284,.F.);
#4412 = ORIENTED_EDGE('',*,*,#4413,.T.);
#4413 = EDGE_CURVE('',#4276,#4390,#4414,.T.);
#4414 = LINE('',#4415,#4416);
#4415 = CARTESIAN_POINT('',(2.25,-0.3,2.85));
#4416 = VECTOR('',#4417,1.);
#4417 = DIRECTION('',(-1.,1.224646799147E-16,0.));
#4418 = ORIENTED_EDGE('',*,*,#4398,.T.);
#4419 = ORIENTED_EDGE('',*,*,#3904,.F.);
#4420 = PLANE('',#4421);
#4421 = AXIS2_PLACEMENT_3D('',#4422,#4423,#4424);
#4422 = CARTESIAN_POINT('',(2.25,-0.25,2.85));
#4423 = DIRECTION('',(0.,0.,1.));
#4424 = DIRECTION('',(-1.224646799147E-16,-1.,0.));
#4425 = ADVANCED_FACE('',(#4426),#4517,.F.);
#4426 = FACE_BOUND('',#4427,.F.);
#4427 = EDGE_LOOP('',(#4428,#4429,#4437,#4446,#4454,#4462,#4470,#4478,
    #4486,#4494,#4502,#4511));
#4428 = ORIENTED_EDGE('',*,*,#3940,.F.);
#4429 = ORIENTED_EDGE('',*,*,#4430,.T.);
#4430 = EDGE_CURVE('',#3941,#4431,#4433,.T.);
#4431 = VERTEX_POINT('',#4432);
#4432 = CARTESIAN_POINT('',(0.25,-0.3,3.35));
#4433 = LINE('',#4434,#4435);
#4434 = CARTESIAN_POINT('',(0.25,-5.75,3.35));
#4435 = VECTOR('',#4436,1.);
#4436 = DIRECTION('',(1.224646799147E-16,1.,0.));
#4437 = ORIENTED_EDGE('',*,*,#4438,.T.);
#4438 = EDGE_CURVE('',#4431,#4439,#4441,.T.);
#4439 = VERTEX_POINT('',#4440);
#4440 = CARTESIAN_POINT('',(0.25,0.25,2.8));
#4441 = CIRCLE('',#4442,0.55);
#4442 = AXIS2_PLACEMENT_3D('',#4443,#4444,#4445);
#4443 = CARTESIAN_POINT('',(0.25,-0.3,2.8));
#4444 = DIRECTION('',(-1.,1.224646799147E-16,0.));
#4445 = DIRECTION('',(0.,0.,1.));
#4446 = ORIENTED_EDGE('',*,*,#4447,.T.);
#4447 = EDGE_CURVE('',#4439,#4448,#4450,.T.);
#4448 = VERTEX_POINT('',#4449);
#4449 = CARTESIAN_POINT('',(0.25,0.25,-0.9));
#4450 = LINE('',#4451,#4452);
#4451 = CARTESIAN_POINT('',(0.25,0.25,3.35));
#4452 = VECTOR('',#4453,1.);
#4453 = DIRECTION('',(-0.,0.,-1.));
#4454 = ORIENTED_EDGE('',*,*,#4455,.T.);
#4455 = EDGE_CURVE('',#4448,#4456,#4458,.T.);
#4456 = VERTEX_POINT('',#4457);
#4457 = CARTESIAN_POINT('',(0.25,-5.E-02,-1.5));
#4458 = LINE('',#4459,#4460);
#4459 = CARTESIAN_POINT('',(0.25,0.25,-0.9));
#4460 = VECTOR('',#4461,1.);
#4461 = DIRECTION('',(-5.476786982641E-17,-0.4472135955,-0.894427191));
#4462 = ORIENTED_EDGE('',*,*,#4463,.T.);
#4463 = EDGE_CURVE('',#4456,#4464,#4466,.T.);
#4464 = VERTEX_POINT('',#4465);
#4465 = CARTESIAN_POINT('',(0.25,0.218421052632,-3.2));
#4466 = LINE('',#4467,#4468);
#4467 = CARTESIAN_POINT('',(0.25,-5.E-02,-1.5));
#4468 = VECTOR('',#4469,1.);
#4469 = DIRECTION('',(1.909990663905E-17,0.155962573473,-0.987762965329)
  );
#4470 = ORIENTED_EDGE('',*,*,#4471,.T.);
#4471 = EDGE_CURVE('',#4464,#4472,#4474,.T.);
#4472 = VERTEX_POINT('',#4473);
#4473 = CARTESIAN_POINT('',(0.25,-0.281578947368,-3.2));
#4474 = LINE('',#4475,#4476);
#4475 = CARTESIAN_POINT('',(0.25,0.25,-3.2));
#4476 = VECTOR('',#4477,1.);
#4477 = DIRECTION('',(-1.224646799147E-16,-1.,0.));
#4478 = ORIENTED_EDGE('',*,*,#4479,.T.);
#4479 = EDGE_CURVE('',#4472,#4480,#4482,.T.);
#4480 = VERTEX_POINT('',#4481);
#4481 = CARTESIAN_POINT('',(0.25,-0.55,-1.5));
#4482 = LINE('',#4483,#4484);
#4483 = CARTESIAN_POINT('',(0.25,-0.25,-3.4));
#4484 = VECTOR('',#4485,1.);
#4485 = DIRECTION('',(-1.909990663905E-17,-0.155962573473,0.987762965329
    ));
#4486 = ORIENTED_EDGE('',*,*,#4487,.T.);
#4487 = EDGE_CURVE('',#4480,#4488,#4490,.T.);
#4488 = VERTEX_POINT('',#4489);
#4489 = CARTESIAN_POINT('',(0.25,-0.25,-0.9));
#4490 = LINE('',#4491,#4492);
#4491 = CARTESIAN_POINT('',(0.25,-0.55,-1.5));
#4492 = VECTOR('',#4493,1.);
#4493 = DIRECTION('',(5.476786982641E-17,0.4472135955,0.894427191));
#4494 = ORIENTED_EDGE('',*,*,#4495,.T.);
#4495 = EDGE_CURVE('',#4488,#4496,#4498,.T.);
#4496 = VERTEX_POINT('',#4497);
#4497 = CARTESIAN_POINT('',(0.25,-0.25,2.8));
#4498 = LINE('',#4499,#4500);
#4499 = CARTESIAN_POINT('',(0.25,-0.25,-0.9));
#4500 = VECTOR('',#4501,1.);
#4501 = DIRECTION('',(0.,0.,1.));
#4502 = ORIENTED_EDGE('',*,*,#4503,.F.);
#4503 = EDGE_CURVE('',#4504,#4496,#4506,.T.);
#4504 = VERTEX_POINT('',#4505);
#4505 = CARTESIAN_POINT('',(0.25,-0.3,2.85));
#4506 = CIRCLE('',#4507,5.E-02);
#4507 = AXIS2_PLACEMENT_3D('',#4508,#4509,#4510);
#4508 = CARTESIAN_POINT('',(0.25,-0.3,2.8));
#4509 = DIRECTION('',(-1.,1.224646799147E-16,0.));
#4510 = DIRECTION('',(0.,0.,1.));
#4511 = ORIENTED_EDGE('',*,*,#4512,.T.);
#4512 = EDGE_CURVE('',#4504,#3943,#4513,.T.);
#4513 = LINE('',#4514,#4515);
#4514 = CARTESIAN_POINT('',(0.25,-0.25,2.85));
#4515 = VECTOR('',#4516,1.);
#4516 = DIRECTION('',(-1.224646799147E-16,-1.,0.));
#4517 = PLANE('',#4518);
#4518 = AXIS2_PLACEMENT_3D('',#4519,#4520,#4521);
#4519 = CARTESIAN_POINT('',(0.25,-1.421959173294,1.302213422577));
#4520 = DIRECTION('',(-1.,1.224646799147E-16,0.));
#4521 = DIRECTION('',(0.,0.,1.));
#4522 = ADVANCED_FACE('',(#4523),#4541,.F.);
#4523 = FACE_BOUND('',#4524,.F.);
#4524 = EDGE_LOOP('',(#4525,#4526,#4527,#4535));
#4525 = ORIENTED_EDGE('',*,*,#4430,.F.);
#4526 = ORIENTED_EDGE('',*,*,#3966,.F.);
#4527 = ORIENTED_EDGE('',*,*,#4528,.T.);
#4528 = EDGE_CURVE('',#3959,#4529,#4531,.T.);
#4529 = VERTEX_POINT('',#4530);
#4530 = CARTESIAN_POINT('',(-0.25,-0.3,3.35));
#4531 = LINE('',#4532,#4533);
#4532 = CARTESIAN_POINT('',(-0.25,-5.75,3.35));
#4533 = VECTOR('',#4534,1.);
#4534 = DIRECTION('',(1.224646799147E-16,1.,0.));
#4535 = ORIENTED_EDGE('',*,*,#4536,.F.);
#4536 = EDGE_CURVE('',#4431,#4529,#4537,.T.);
#4537 = LINE('',#4538,#4539);
#4538 = CARTESIAN_POINT('',(0.25,-0.3,3.35));
#4539 = VECTOR('',#4540,1.);
#4540 = DIRECTION('',(-1.,1.224646799147E-16,0.));
#4541 = PLANE('',#4542);
#4542 = AXIS2_PLACEMENT_3D('',#4543,#4544,#4545);
#4543 = CARTESIAN_POINT('',(0.25,-5.75,3.35));
#4544 = DIRECTION('',(-0.,0.,-1.));
#4545 = DIRECTION('',(1.224646799147E-16,1.,0.));
#4546 = ADVANCED_FACE('',(#4547),#4631,.T.);
#4547 = FACE_BOUND('',#4548,.T.);
#4548 = EDGE_LOOP('',(#4549,#4550,#4551,#4560,#4568,#4576,#4584,#4592,
    #4600,#4608,#4616,#4625));
#4549 = ORIENTED_EDGE('',*,*,#3958,.F.);
#4550 = ORIENTED_EDGE('',*,*,#4528,.T.);
#4551 = ORIENTED_EDGE('',*,*,#4552,.T.);
#4552 = EDGE_CURVE('',#4529,#4553,#4555,.T.);
#4553 = VERTEX_POINT('',#4554);
#4554 = CARTESIAN_POINT('',(-0.25,0.25,2.8));
#4555 = CIRCLE('',#4556,0.55);
#4556 = AXIS2_PLACEMENT_3D('',#4557,#4558,#4559);
#4557 = CARTESIAN_POINT('',(-0.25,-0.3,2.8));
#4558 = DIRECTION('',(-1.,1.224646799147E-16,0.));
#4559 = DIRECTION('',(0.,0.,1.));
#4560 = ORIENTED_EDGE('',*,*,#4561,.T.);
#4561 = EDGE_CURVE('',#4553,#4562,#4564,.T.);
#4562 = VERTEX_POINT('',#4563);
#4563 = CARTESIAN_POINT('',(-0.25,0.25,-0.9));
#4564 = LINE('',#4565,#4566);
#4565 = CARTESIAN_POINT('',(-0.25,0.25,3.35));
#4566 = VECTOR('',#4567,1.);
#4567 = DIRECTION('',(-0.,0.,-1.));
#4568 = ORIENTED_EDGE('',*,*,#4569,.T.);
#4569 = EDGE_CURVE('',#4562,#4570,#4572,.T.);
#4570 = VERTEX_POINT('',#4571);
#4571 = CARTESIAN_POINT('',(-0.25,-5.E-02,-1.5));
#4572 = LINE('',#4573,#4574);
#4573 = CARTESIAN_POINT('',(-0.25,0.25,-0.9));
#4574 = VECTOR('',#4575,1.);
#4575 = DIRECTION('',(-5.476786982641E-17,-0.4472135955,-0.894427191));
#4576 = ORIENTED_EDGE('',*,*,#4577,.T.);
#4577 = EDGE_CURVE('',#4570,#4578,#4580,.T.);
#4578 = VERTEX_POINT('',#4579);
#4579 = CARTESIAN_POINT('',(-0.25,0.218421052632,-3.2));
#4580 = LINE('',#4581,#4582);
#4581 = CARTESIAN_POINT('',(-0.25,-5.E-02,-1.5));
#4582 = VECTOR('',#4583,1.);
#4583 = DIRECTION('',(1.909990663905E-17,0.155962573473,-0.987762965329)
  );
#4584 = ORIENTED_EDGE('',*,*,#4585,.T.);
#4585 = EDGE_CURVE('',#4578,#4586,#4588,.T.);
#4586 = VERTEX_POINT('',#4587);
#4587 = CARTESIAN_POINT('',(-0.25,-0.281578947368,-3.2));
#4588 = LINE('',#4589,#4590);
#4589 = CARTESIAN_POINT('',(-0.25,0.25,-3.2));
#4590 = VECTOR('',#4591,1.);
#4591 = DIRECTION('',(-1.224646799147E-16,-1.,0.));
#4592 = ORIENTED_EDGE('',*,*,#4593,.T.);
#4593 = EDGE_CURVE('',#4586,#4594,#4596,.T.);
#4594 = VERTEX_POINT('',#4595);
#4595 = CARTESIAN_POINT('',(-0.25,-0.55,-1.5));
#4596 = LINE('',#4597,#4598);
#4597 = CARTESIAN_POINT('',(-0.25,-0.25,-3.4));
#4598 = VECTOR('',#4599,1.);
#4599 = DIRECTION('',(-1.909990663905E-17,-0.155962573473,0.987762965329
    ));
#4600 = ORIENTED_EDGE('',*,*,#4601,.T.);
#4601 = EDGE_CURVE('',#4594,#4602,#4604,.T.);
#4602 = VERTEX_POINT('',#4603);
#4603 = CARTESIAN_POINT('',(-0.25,-0.25,-0.9));
#4604 = LINE('',#4605,#4606);
#4605 = CARTESIAN_POINT('',(-0.25,-0.55,-1.5));
#4606 = VECTOR('',#4607,1.);
#4607 = DIRECTION('',(5.476786982641E-17,0.4472135955,0.894427191));
#4608 = ORIENTED_EDGE('',*,*,#4609,.T.);
#4609 = EDGE_CURVE('',#4602,#4610,#4612,.T.);
#4610 = VERTEX_POINT('',#4611);
#4611 = CARTESIAN_POINT('',(-0.25,-0.25,2.8));
#4612 = LINE('',#4613,#4614);
#4613 = CARTESIAN_POINT('',(-0.25,-0.25,-0.9));
#4614 = VECTOR('',#4615,1.);
#4615 = DIRECTION('',(0.,0.,1.));
#4616 = ORIENTED_EDGE('',*,*,#4617,.F.);
#4617 = EDGE_CURVE('',#4618,#4610,#4620,.T.);
#4618 = VERTEX_POINT('',#4619);
#4619 = CARTESIAN_POINT('',(-0.25,-0.3,2.85));
#4620 = CIRCLE('',#4621,5.E-02);
#4621 = AXIS2_PLACEMENT_3D('',#4622,#4623,#4624);
#4622 = CARTESIAN_POINT('',(-0.25,-0.3,2.8));
#4623 = DIRECTION('',(-1.,1.224646799147E-16,0.));
#4624 = DIRECTION('',(0.,0.,1.));
#4625 = ORIENTED_EDGE('',*,*,#4626,.T.);
#4626 = EDGE_CURVE('',#4618,#3951,#4627,.T.);
#4627 = LINE('',#4628,#4629);
#4628 = CARTESIAN_POINT('',(-0.25,-0.25,2.85));
#4629 = VECTOR('',#4630,1.);
#4630 = DIRECTION('',(-1.224646799147E-16,-1.,0.));
#4631 = PLANE('',#4632);
#4632 = AXIS2_PLACEMENT_3D('',#4633,#4634,#4635);
#4633 = CARTESIAN_POINT('',(-0.25,-1.421959173294,1.302213422577));
#4634 = DIRECTION('',(-1.,1.224646799147E-16,0.));
#4635 = DIRECTION('',(0.,0.,1.));
#4636 = ADVANCED_FACE('',(#4637),#4648,.F.);
#4637 = FACE_BOUND('',#4638,.F.);
#4638 = EDGE_LOOP('',(#4639,#4640,#4646,#4647));
#4639 = ORIENTED_EDGE('',*,*,#4512,.F.);
#4640 = ORIENTED_EDGE('',*,*,#4641,.T.);
#4641 = EDGE_CURVE('',#4504,#4618,#4642,.T.);
#4642 = LINE('',#4643,#4644);
#4643 = CARTESIAN_POINT('',(0.25,-0.3,2.85));
#4644 = VECTOR('',#4645,1.);
#4645 = DIRECTION('',(-1.,1.224646799147E-16,0.));
#4646 = ORIENTED_EDGE('',*,*,#4626,.T.);
#4647 = ORIENTED_EDGE('',*,*,#3950,.F.);
#4648 = PLANE('',#4649);
#4649 = AXIS2_PLACEMENT_3D('',#4650,#4651,#4652);
#4650 = CARTESIAN_POINT('',(0.25,-0.25,2.85));
#4651 = DIRECTION('',(0.,0.,1.));
#4652 = DIRECTION('',(-1.224646799147E-16,-1.,0.));
#4653 = ADVANCED_FACE('',(#4654),#4660,.F.);
#4654 = FACE_BOUND('',#4655,.F.);
#4655 = EDGE_LOOP('',(#4656,#4657,#4658,#4659));
#4656 = ORIENTED_EDGE('',*,*,#4091,.T.);
#4657 = ORIENTED_EDGE('',*,*,#4074,.T.);
#4658 = ORIENTED_EDGE('',*,*,#4041,.F.);
#4659 = ORIENTED_EDGE('',*,*,#4026,.F.);
#4660 = PLANE('',#4661);
#4661 = AXIS2_PLACEMENT_3D('',#4662,#4663,#4664);
#4662 = CARTESIAN_POINT('',(0.25,-5.75,2.85));
#4663 = DIRECTION('',(1.224646799147E-16,1.,0.));
#4664 = DIRECTION('',(0.,-0.,1.));
#4665 = ADVANCED_FACE('',(#4666),#4672,.F.);
#4666 = FACE_BOUND('',#4667,.F.);
#4667 = EDGE_LOOP('',(#4668,#4669,#4670,#4671));
#4668 = ORIENTED_EDGE('',*,*,#4187,.T.);
#4669 = ORIENTED_EDGE('',*,*,#4170,.T.);
#4670 = ORIENTED_EDGE('',*,*,#4137,.F.);
#4671 = ORIENTED_EDGE('',*,*,#4122,.F.);
#4672 = PLANE('',#4673);
#4673 = AXIS2_PLACEMENT_3D('',#4674,#4675,#4676);
#4674 = CARTESIAN_POINT('',(2.25,-5.75,2.85));
#4675 = DIRECTION('',(1.224646799147E-16,1.,0.));
#4676 = DIRECTION('',(0.,-0.,1.));
#4677 = ADVANCED_FACE('',(#4678),#4689,.F.);
#4678 = FACE_BOUND('',#4679,.F.);
#4679 = EDGE_LOOP('',(#4680,#4681,#4687,#4688));
#4680 = ORIENTED_EDGE('',*,*,#4275,.T.);
#4681 = ORIENTED_EDGE('',*,*,#4682,.T.);
#4682 = EDGE_CURVE('',#4268,#4382,#4683,.T.);
#4683 = LINE('',#4684,#4685);
#4684 = CARTESIAN_POINT('',(2.25,-0.25,2.8));
#4685 = VECTOR('',#4686,1.);
#4686 = DIRECTION('',(-1.,1.224646799147E-16,0.));
#4687 = ORIENTED_EDGE('',*,*,#4389,.F.);
#4688 = ORIENTED_EDGE('',*,*,#4413,.F.);
#4689 = CYLINDRICAL_SURFACE('',#4690,5.E-02);
#4690 = AXIS2_PLACEMENT_3D('',#4691,#4692,#4693);
#4691 = CARTESIAN_POINT('',(2.25,-0.3,2.8));
#4692 = DIRECTION('',(-1.,1.224646799147E-16,0.));
#4693 = DIRECTION('',(0.,0.,1.));
#4694 = ADVANCED_FACE('',(#4695),#4706,.F.);
#4695 = FACE_BOUND('',#4696,.F.);
#4696 = EDGE_LOOP('',(#4697,#4698,#4704,#4705));
#4697 = ORIENTED_EDGE('',*,*,#4267,.F.);
#4698 = ORIENTED_EDGE('',*,*,#4699,.T.);
#4699 = EDGE_CURVE('',#4260,#4374,#4700,.T.);
#4700 = LINE('',#4701,#4702);
#4701 = CARTESIAN_POINT('',(2.25,-0.25,-0.9));
#4702 = VECTOR('',#4703,1.);
#4703 = DIRECTION('',(-1.,1.224646799147E-16,0.));
#4704 = ORIENTED_EDGE('',*,*,#4381,.T.);
#4705 = ORIENTED_EDGE('',*,*,#4682,.F.);
#4706 = PLANE('',#4707);
#4707 = AXIS2_PLACEMENT_3D('',#4708,#4709,#4710);
#4708 = CARTESIAN_POINT('',(2.25,-0.25,-0.9));
#4709 = DIRECTION('',(1.224646799147E-16,1.,0.));
#4710 = DIRECTION('',(0.,-0.,1.));
#4711 = ADVANCED_FACE('',(#4712),#4723,.F.);
#4712 = FACE_BOUND('',#4713,.F.);
#4713 = EDGE_LOOP('',(#4714,#4720,#4721,#4722));
#4714 = ORIENTED_EDGE('',*,*,#4715,.T.);
#4715 = EDGE_CURVE('',#4252,#4366,#4716,.T.);
#4716 = LINE('',#4717,#4718);
#4717 = CARTESIAN_POINT('',(2.25,-0.55,-1.5));
#4718 = VECTOR('',#4719,1.);
#4719 = DIRECTION('',(-1.,1.224646799147E-16,0.));
#4720 = ORIENTED_EDGE('',*,*,#4373,.T.);
#4721 = ORIENTED_EDGE('',*,*,#4699,.F.);
#4722 = ORIENTED_EDGE('',*,*,#4259,.F.);
#4723 = PLANE('',#4724);
#4724 = AXIS2_PLACEMENT_3D('',#4725,#4726,#4727);
#4725 = CARTESIAN_POINT('',(2.25,-0.55,-1.5));
#4726 = DIRECTION('',(1.095357396528E-16,0.894427191,-0.4472135955));
#4727 = DIRECTION('',(5.476786982641E-17,0.4472135955,0.894427191));
#4728 = ADVANCED_FACE('',(#4729),#4756,.F.);
#4729 = FACE_BOUND('',#4730,.F.);
#4730 = EDGE_LOOP('',(#4731,#4732,#4740,#4748,#4754,#4755));
#4731 = ORIENTED_EDGE('',*,*,#4251,.F.);
#4732 = ORIENTED_EDGE('',*,*,#4733,.F.);
#4733 = EDGE_CURVE('',#4734,#4244,#4736,.T.);
#4734 = VERTEX_POINT('',#4735);
#4735 = CARTESIAN_POINT('',(2.247552593066,-0.281192514695,
    -3.202447406934));
#4736 = LINE('',#4737,#4738);
#4737 = CARTESIAN_POINT('',(2.1292749658,-0.262517099863,-3.3207250342)
  );
#4738 = VECTOR('',#4739,1.);
#4739 = DIRECTION('',(0.702740385383,-0.110959008218,0.702740385383));
#4740 = ORIENTED_EDGE('',*,*,#4741,.T.);
#4741 = EDGE_CURVE('',#4734,#4742,#4744,.T.);
#4742 = VERTEX_POINT('',#4743);
#4743 = CARTESIAN_POINT('',(1.752447406934,-0.281192514695,
    -3.202447406934));
#4744 = LINE('',#4745,#4746);
#4745 = CARTESIAN_POINT('',(2.25,-0.281192514695,-3.202447406934));
#4746 = VECTOR('',#4747,1.);
#4747 = DIRECTION('',(-1.,1.224646799147E-16,0.));
#4748 = ORIENTED_EDGE('',*,*,#4749,.T.);
#4749 = EDGE_CURVE('',#4742,#4358,#4750,.T.);
#4750 = LINE('',#4751,#4752);
#4751 = CARTESIAN_POINT('',(1.994186046512,-0.243023255814,
    -3.444186046512));
#4752 = VECTOR('',#4753,1.);
#4753 = DIRECTION('',(-0.702740385383,-0.110959008218,0.702740385383));
#4754 = ORIENTED_EDGE('',*,*,#4365,.T.);
#4755 = ORIENTED_EDGE('',*,*,#4715,.F.);
#4756 = PLANE('',#4757);
#4757 = AXIS2_PLACEMENT_3D('',#4758,#4759,#4760);
#4758 = CARTESIAN_POINT('',(2.25,-0.25,-3.4));
#4759 = DIRECTION('',(1.209660753807E-16,0.987762965329,0.155962573473)
  );
#4760 = DIRECTION('',(-1.909990663905E-17,-0.155962573473,0.987762965329
    ));
#4761 = ADVANCED_FACE('',(#4762),#4796,.T.);
#4762 = FACE_BOUND('',#4763,.F.);
#4763 = EDGE_LOOP('',(#4764,#4772,#4773,#4774,#4782,#4790));
#4764 = ORIENTED_EDGE('',*,*,#4765,.T.);
#4765 = EDGE_CURVE('',#4766,#4734,#4768,.T.);
#4766 = VERTEX_POINT('',#4767);
#4767 = CARTESIAN_POINT('',(2.05,-5.E-02,-3.4));
#4768 = LINE('',#4769,#4770);
#4769 = CARTESIAN_POINT('',(2.09198936903,-9.913946036316E-02,
    -3.35801063097));
#4770 = VECTOR('',#4771,1.);
#4771 = DIRECTION('',(0.544770019249,-0.63753529491,0.544770019249));
#4772 = ORIENTED_EDGE('',*,*,#4733,.T.);
#4773 = ORIENTED_EDGE('',*,*,#4243,.F.);
#4774 = ORIENTED_EDGE('',*,*,#4775,.F.);
#4775 = EDGE_CURVE('',#4776,#4236,#4778,.T.);
#4776 = VERTEX_POINT('',#4777);
#4777 = CARTESIAN_POINT('',(2.247552593066,0.218807485305,
    -3.202447406934));
#4778 = LINE('',#4779,#4780);
#4779 = CARTESIAN_POINT('',(2.629616963064,0.158481532148,
    -2.820383036936));
#4780 = VECTOR('',#4781,1.);
#4781 = DIRECTION('',(0.702740385383,-0.110959008218,0.702740385383));
#4782 = ORIENTED_EDGE('',*,*,#4783,.F.);
#4783 = EDGE_CURVE('',#4784,#4776,#4786,.T.);
#4784 = VERTEX_POINT('',#4785);
#4785 = CARTESIAN_POINT('',(2.05,5.E-02,-3.4));
#4786 = LINE('',#4787,#4788);
#4787 = CARTESIAN_POINT('',(2.185852405654,0.166085051658,
    -3.264147594346));
#4788 = VECTOR('',#4789,1.);
#4789 = DIRECTION('',(0.605209817607,0.517148096144,0.605209817607));
#4790 = ORIENTED_EDGE('',*,*,#4791,.T.);
#4791 = EDGE_CURVE('',#4784,#4766,#4792,.T.);
#4792 = LINE('',#4793,#4794);
#4793 = CARTESIAN_POINT('',(2.05,0.25,-3.4));
#4794 = VECTOR('',#4795,1.);
#4795 = DIRECTION('',(-1.224646799147E-16,-1.,0.));
#4796 = PLANE('',#4797);
#4797 = AXIS2_PLACEMENT_3D('',#4798,#4799,#4800);
#4798 = CARTESIAN_POINT('',(2.15,0.25,-3.3));
#4799 = DIRECTION('',(0.707106781187,-8.486018839685E-17,-0.707106781187
    ));
#4800 = DIRECTION('',(1.212375546256E-16,1.,1.227125289196E-18));
#4801 = ADVANCED_FACE('',(#4802),#4827,.F.);
#4802 = FACE_BOUND('',#4803,.F.);
#4803 = EDGE_LOOP('',(#4804,#4805,#4811,#4812,#4820,#4826));
#4804 = ORIENTED_EDGE('',*,*,#4235,.F.);
#4805 = ORIENTED_EDGE('',*,*,#4806,.T.);
#4806 = EDGE_CURVE('',#4228,#4342,#4807,.T.);
#4807 = LINE('',#4808,#4809);
#4808 = CARTESIAN_POINT('',(2.25,-5.E-02,-1.5));
#4809 = VECTOR('',#4810,1.);
#4810 = DIRECTION('',(-1.,1.224646799147E-16,0.));
#4811 = ORIENTED_EDGE('',*,*,#4349,.T.);
#4812 = ORIENTED_EDGE('',*,*,#4813,.F.);
#4813 = EDGE_CURVE('',#4814,#4350,#4816,.T.);
#4814 = VERTEX_POINT('',#4815);
#4815 = CARTESIAN_POINT('',(1.752447406934,0.218807485305,
    -3.202447406934));
#4816 = LINE('',#4817,#4818);
#4817 = CARTESIAN_POINT('',(1.493844049248,0.177975376197,
    -2.943844049248));
#4818 = VECTOR('',#4819,1.);
#4819 = DIRECTION('',(-0.702740385383,-0.110959008218,0.702740385383));
#4820 = ORIENTED_EDGE('',*,*,#4821,.F.);
#4821 = EDGE_CURVE('',#4776,#4814,#4822,.T.);
#4822 = LINE('',#4823,#4824);
#4823 = CARTESIAN_POINT('',(2.25,0.218807485305,-3.202447406934));
#4824 = VECTOR('',#4825,1.);
#4825 = DIRECTION('',(-1.,1.224646799147E-16,0.));
#4826 = ORIENTED_EDGE('',*,*,#4775,.T.);
#4827 = PLANE('',#4828);
#4828 = AXIS2_PLACEMENT_3D('',#4829,#4830,#4831);
#4829 = CARTESIAN_POINT('',(2.25,-5.E-02,-1.5));
#4830 = DIRECTION('',(-1.209660753807E-16,-0.987762965329,
    -0.155962573473));
#4831 = DIRECTION('',(1.909990663905E-17,0.155962573473,-0.987762965329)
  );
#4832 = ADVANCED_FACE('',(#4833),#4844,.F.);
#4833 = FACE_BOUND('',#4834,.F.);
#4834 = EDGE_LOOP('',(#4835,#4841,#4842,#4843));
#4835 = ORIENTED_EDGE('',*,*,#4836,.T.);
#4836 = EDGE_CURVE('',#4220,#4334,#4837,.T.);
#4837 = LINE('',#4838,#4839);
#4838 = CARTESIAN_POINT('',(2.25,0.25,-0.9));
#4839 = VECTOR('',#4840,1.);
#4840 = DIRECTION('',(-1.,1.224646799147E-16,0.));
#4841 = ORIENTED_EDGE('',*,*,#4341,.T.);
#4842 = ORIENTED_EDGE('',*,*,#4806,.F.);
#4843 = ORIENTED_EDGE('',*,*,#4227,.F.);
#4844 = PLANE('',#4845);
#4845 = AXIS2_PLACEMENT_3D('',#4846,#4847,#4848);
#4846 = CARTESIAN_POINT('',(2.25,0.25,-0.9));
#4847 = DIRECTION('',(-1.095357396528E-16,-0.894427191,0.4472135955));
#4848 = DIRECTION('',(-5.476786982641E-17,-0.4472135955,-0.894427191));
#4849 = ADVANCED_FACE('',(#4850),#4861,.F.);
#4850 = FACE_BOUND('',#4851,.F.);
#4851 = EDGE_LOOP('',(#4852,#4853,#4859,#4860));
#4852 = ORIENTED_EDGE('',*,*,#4219,.F.);
#4853 = ORIENTED_EDGE('',*,*,#4854,.T.);
#4854 = EDGE_CURVE('',#4211,#4325,#4855,.T.);
#4855 = LINE('',#4856,#4857);
#4856 = CARTESIAN_POINT('',(2.25,0.25,2.8));
#4857 = VECTOR('',#4858,1.);
#4858 = DIRECTION('',(-1.,1.224646799147E-16,0.));
#4859 = ORIENTED_EDGE('',*,*,#4333,.T.);
#4860 = ORIENTED_EDGE('',*,*,#4836,.F.);
#4861 = PLANE('',#4862);
#4862 = AXIS2_PLACEMENT_3D('',#4863,#4864,#4865);
#4863 = CARTESIAN_POINT('',(2.25,0.25,3.35));
#4864 = DIRECTION('',(-1.224646799147E-16,-1.,0.));
#4865 = DIRECTION('',(-0.,0.,-1.));
#4866 = ADVANCED_FACE('',(#4867),#4873,.T.);
#4867 = FACE_BOUND('',#4868,.T.);
#4868 = EDGE_LOOP('',(#4869,#4870,#4871,#4872));
#4869 = ORIENTED_EDGE('',*,*,#4210,.T.);
#4870 = ORIENTED_EDGE('',*,*,#4854,.T.);
#4871 = ORIENTED_EDGE('',*,*,#4324,.F.);
#4872 = ORIENTED_EDGE('',*,*,#4308,.F.);
#4873 = CYLINDRICAL_SURFACE('',#4874,0.55);
#4874 = AXIS2_PLACEMENT_3D('',#4875,#4876,#4877);
#4875 = CARTESIAN_POINT('',(2.25,-0.3,2.8));
#4876 = DIRECTION('',(-1.,1.224646799147E-16,0.));
#4877 = DIRECTION('',(0.,0.,1.));
#4878 = ADVANCED_FACE('',(#4879),#4906,.F.);
#4879 = FACE_BOUND('',#4880,.T.);
#4880 = EDGE_LOOP('',(#4881,#4889,#4890,#4891,#4892,#4900));
#4881 = ORIENTED_EDGE('',*,*,#4882,.T.);
#4882 = EDGE_CURVE('',#4883,#4742,#4885,.T.);
#4883 = VERTEX_POINT('',#4884);
#4884 = CARTESIAN_POINT('',(1.95,-5.E-02,-3.4));
#4885 = LINE('',#4886,#4887);
#4886 = CARTESIAN_POINT('',(1.982204224438,-1.231193164325E-02,
    -3.432204224438));
#4887 = VECTOR('',#4888,1.);
#4888 = DIRECTION('',(-0.544770019249,-0.63753529491,0.544770019249));
#4889 = ORIENTED_EDGE('',*,*,#4749,.T.);
#4890 = ORIENTED_EDGE('',*,*,#4357,.F.);
#4891 = ORIENTED_EDGE('',*,*,#4813,.F.);
#4892 = ORIENTED_EDGE('',*,*,#4893,.F.);
#4893 = EDGE_CURVE('',#4894,#4814,#4896,.T.);
#4894 = VERTEX_POINT('',#4895);
#4895 = CARTESIAN_POINT('',(1.95,5.E-02,-3.4));
#4896 = LINE('',#4897,#4898);
#4897 = CARTESIAN_POINT('',(1.905717325178,8.783927542193E-02,
    -3.355717325178));
#4898 = VECTOR('',#4899,1.);
#4899 = DIRECTION('',(-0.605209817607,0.517148096144,0.605209817607));
#4900 = ORIENTED_EDGE('',*,*,#4901,.T.);
#4901 = EDGE_CURVE('',#4894,#4883,#4902,.T.);
#4902 = LINE('',#4903,#4904);
#4903 = CARTESIAN_POINT('',(1.95,0.25,-3.4));
#4904 = VECTOR('',#4905,1.);
#4905 = DIRECTION('',(-1.224646799147E-16,-1.,0.));
#4906 = PLANE('',#4907);
#4907 = AXIS2_PLACEMENT_3D('',#4908,#4909,#4910);
#4908 = CARTESIAN_POINT('',(1.85,0.25,-3.3));
#4909 = DIRECTION('',(0.707106781187,-8.833102285013E-17,0.707106781187)
  );
#4910 = DIRECTION('',(1.236918052038E-16,1.,1.227125289097E-18));
#4911 = ADVANCED_FACE('',(#4912),#4923,.F.);
#4912 = FACE_BOUND('',#4913,.F.);
#4913 = EDGE_LOOP('',(#4914,#4915,#4921,#4922));
#4914 = ORIENTED_EDGE('',*,*,#4503,.T.);
#4915 = ORIENTED_EDGE('',*,*,#4916,.T.);
#4916 = EDGE_CURVE('',#4496,#4610,#4917,.T.);
#4917 = LINE('',#4918,#4919);
#4918 = CARTESIAN_POINT('',(0.25,-0.25,2.8));
#4919 = VECTOR('',#4920,1.);
#4920 = DIRECTION('',(-1.,1.224646799147E-16,0.));
#4921 = ORIENTED_EDGE('',*,*,#4617,.F.);
#4922 = ORIENTED_EDGE('',*,*,#4641,.F.);
#4923 = CYLINDRICAL_SURFACE('',#4924,5.E-02);
#4924 = AXIS2_PLACEMENT_3D('',#4925,#4926,#4927);
#4925 = CARTESIAN_POINT('',(0.25,-0.3,2.8));
#4926 = DIRECTION('',(-1.,1.224646799147E-16,0.));
#4927 = DIRECTION('',(0.,0.,1.));
#4928 = ADVANCED_FACE('',(#4929),#4940,.F.);
#4929 = FACE_BOUND('',#4930,.F.);
#4930 = EDGE_LOOP('',(#4931,#4932,#4938,#4939));
#4931 = ORIENTED_EDGE('',*,*,#4495,.F.);
#4932 = ORIENTED_EDGE('',*,*,#4933,.T.);
#4933 = EDGE_CURVE('',#4488,#4602,#4934,.T.);
#4934 = LINE('',#4935,#4936);
#4935 = CARTESIAN_POINT('',(0.25,-0.25,-0.9));
#4936 = VECTOR('',#4937,1.);
#4937 = DIRECTION('',(-1.,1.224646799147E-16,0.));
#4938 = ORIENTED_EDGE('',*,*,#4609,.T.);
#4939 = ORIENTED_EDGE('',*,*,#4916,.F.);
#4940 = PLANE('',#4941);
#4941 = AXIS2_PLACEMENT_3D('',#4942,#4943,#4944);
#4942 = CARTESIAN_POINT('',(0.25,-0.25,-0.9));
#4943 = DIRECTION('',(1.224646799147E-16,1.,0.));
#4944 = DIRECTION('',(0.,-0.,1.));
#4945 = ADVANCED_FACE('',(#4946),#4957,.F.);
#4946 = FACE_BOUND('',#4947,.F.);
#4947 = EDGE_LOOP('',(#4948,#4954,#4955,#4956));
#4948 = ORIENTED_EDGE('',*,*,#4949,.T.);
#4949 = EDGE_CURVE('',#4480,#4594,#4950,.T.);
#4950 = LINE('',#4951,#4952);
#4951 = CARTESIAN_POINT('',(0.25,-0.55,-1.5));
#4952 = VECTOR('',#4953,1.);
#4953 = DIRECTION('',(-1.,1.224646799147E-16,0.));
#4954 = ORIENTED_EDGE('',*,*,#4601,.T.);
#4955 = ORIENTED_EDGE('',*,*,#4933,.F.);
#4956 = ORIENTED_EDGE('',*,*,#4487,.F.);
#4957 = PLANE('',#4958);
#4958 = AXIS2_PLACEMENT_3D('',#4959,#4960,#4961);
#4959 = CARTESIAN_POINT('',(0.25,-0.55,-1.5));
#4960 = DIRECTION('',(1.095357396528E-16,0.894427191,-0.4472135955));
#4961 = DIRECTION('',(5.476786982641E-17,0.4472135955,0.894427191));
#4962 = ADVANCED_FACE('',(#4963),#4990,.F.);
#4963 = FACE_BOUND('',#4964,.F.);
#4964 = EDGE_LOOP('',(#4965,#4966,#4974,#4982,#4988,#4989));
#4965 = ORIENTED_EDGE('',*,*,#4479,.F.);
#4966 = ORIENTED_EDGE('',*,*,#4967,.F.);
#4967 = EDGE_CURVE('',#4968,#4472,#4970,.T.);
#4968 = VERTEX_POINT('',#4969);
#4969 = CARTESIAN_POINT('',(0.247552593066,-0.281192514695,
    -3.202447406934));
#4970 = LINE('',#4971,#4972);
#4971 = CARTESIAN_POINT('',(0.1292749658,-0.262517099863,-3.3207250342)
  );
#4972 = VECTOR('',#4973,1.);
#4973 = DIRECTION('',(0.702740385383,-0.110959008218,0.702740385383));
#4974 = ORIENTED_EDGE('',*,*,#4975,.T.);
#4975 = EDGE_CURVE('',#4968,#4976,#4978,.T.);
#4976 = VERTEX_POINT('',#4977);
#4977 = CARTESIAN_POINT('',(-0.247552593066,-0.281192514695,
    -3.202447406934));
#4978 = LINE('',#4979,#4980);
#4979 = CARTESIAN_POINT('',(0.25,-0.281192514695,-3.202447406934));
#4980 = VECTOR('',#4981,1.);
#4981 = DIRECTION('',(-1.,1.224646799147E-16,0.));
#4982 = ORIENTED_EDGE('',*,*,#4983,.T.);
#4983 = EDGE_CURVE('',#4976,#4586,#4984,.T.);
#4984 = LINE('',#4985,#4986);
#4985 = CARTESIAN_POINT('',(-5.813953488372E-03,-0.243023255814,
    -3.444186046512));
#4986 = VECTOR('',#4987,1.);
#4987 = DIRECTION('',(-0.702740385383,-0.110959008218,0.702740385383));
#4988 = ORIENTED_EDGE('',*,*,#4593,.T.);
#4989 = ORIENTED_EDGE('',*,*,#4949,.F.);
#4990 = PLANE('',#4991);
#4991 = AXIS2_PLACEMENT_3D('',#4992,#4993,#4994);
#4992 = CARTESIAN_POINT('',(0.25,-0.25,-3.4));
#4993 = DIRECTION('',(1.209660753807E-16,0.987762965329,0.155962573473)
  );
#4994 = DIRECTION('',(-1.909990663905E-17,-0.155962573473,0.987762965329
    ));
#4995 = ADVANCED_FACE('',(#4996),#5030,.T.);
#4996 = FACE_BOUND('',#4997,.F.);
#4997 = EDGE_LOOP('',(#4998,#5006,#5007,#5008,#5016,#5024));
#4998 = ORIENTED_EDGE('',*,*,#4999,.T.);
#4999 = EDGE_CURVE('',#5000,#4968,#5002,.T.);
#5000 = VERTEX_POINT('',#5001);
#5001 = CARTESIAN_POINT('',(5.E-02,-5.E-02,-3.4));
#5002 = LINE('',#5003,#5004);
#5003 = CARTESIAN_POINT('',(9.198936903048E-02,-9.913946036316E-02,
    -3.35801063097));
#5004 = VECTOR('',#5005,1.);
#5005 = DIRECTION('',(0.544770019249,-0.63753529491,0.544770019249));
#5006 = ORIENTED_EDGE('',*,*,#4967,.T.);
#5007 = ORIENTED_EDGE('',*,*,#4471,.F.);
#5008 = ORIENTED_EDGE('',*,*,#5009,.F.);
#5009 = EDGE_CURVE('',#5010,#4464,#5012,.T.);
#5010 = VERTEX_POINT('',#5011);
#5011 = CARTESIAN_POINT('',(0.247552593066,0.218807485305,
    -3.202447406934));
#5012 = LINE('',#5013,#5014);
#5013 = CARTESIAN_POINT('',(0.629616963064,0.158481532148,
    -2.820383036936));
#5014 = VECTOR('',#5015,1.);
#5015 = DIRECTION('',(0.702740385383,-0.110959008218,0.702740385383));
#5016 = ORIENTED_EDGE('',*,*,#5017,.F.);
#5017 = EDGE_CURVE('',#5018,#5010,#5020,.T.);
#5018 = VERTEX_POINT('',#5019);
#5019 = CARTESIAN_POINT('',(5.E-02,5.E-02,-3.4));
#5020 = LINE('',#5021,#5022);
#5021 = CARTESIAN_POINT('',(0.185852405654,0.166085051658,
    -3.264147594346));
#5022 = VECTOR('',#5023,1.);
#5023 = DIRECTION('',(0.605209817607,0.517148096144,0.605209817607));
#5024 = ORIENTED_EDGE('',*,*,#5025,.T.);
#5025 = EDGE_CURVE('',#5018,#5000,#5026,.T.);
#5026 = LINE('',#5027,#5028);
#5027 = CARTESIAN_POINT('',(5.E-02,0.25,-3.4));
#5028 = VECTOR('',#5029,1.);
#5029 = DIRECTION('',(-1.224646799147E-16,-1.,0.));
#5030 = PLANE('',#5031);
#5031 = AXIS2_PLACEMENT_3D('',#5032,#5033,#5034);
#5032 = CARTESIAN_POINT('',(0.15,0.25,-3.3));
#5033 = DIRECTION('',(0.707106781187,-8.486018839685E-17,-0.707106781187
    ));
#5034 = DIRECTION('',(1.212375546256E-16,1.,1.227125289196E-18));
#5035 = ADVANCED_FACE('',(#5036),#5061,.F.);
#5036 = FACE_BOUND('',#5037,.F.);
#5037 = EDGE_LOOP('',(#5038,#5039,#5045,#5046,#5054,#5060));
#5038 = ORIENTED_EDGE('',*,*,#4463,.F.);
#5039 = ORIENTED_EDGE('',*,*,#5040,.T.);
#5040 = EDGE_CURVE('',#4456,#4570,#5041,.T.);
#5041 = LINE('',#5042,#5043);
#5042 = CARTESIAN_POINT('',(0.25,-5.E-02,-1.5));
#5043 = VECTOR('',#5044,1.);
#5044 = DIRECTION('',(-1.,1.224646799147E-16,0.));
#5045 = ORIENTED_EDGE('',*,*,#4577,.T.);
#5046 = ORIENTED_EDGE('',*,*,#5047,.F.);
#5047 = EDGE_CURVE('',#5048,#4578,#5050,.T.);
#5048 = VERTEX_POINT('',#5049);
#5049 = CARTESIAN_POINT('',(-0.247552593066,0.218807485305,
    -3.202447406934));
#5050 = LINE('',#5051,#5052);
#5051 = CARTESIAN_POINT('',(-0.506155950752,0.177975376197,
    -2.943844049248));
#5052 = VECTOR('',#5053,1.);
#5053 = DIRECTION('',(-0.702740385383,-0.110959008218,0.702740385383));
#5054 = ORIENTED_EDGE('',*,*,#5055,.F.);
#5055 = EDGE_CURVE('',#5010,#5048,#5056,.T.);
#5056 = LINE('',#5057,#5058);
#5057 = CARTESIAN_POINT('',(0.25,0.218807485305,-3.202447406934));
#5058 = VECTOR('',#5059,1.);
#5059 = DIRECTION('',(-1.,1.224646799147E-16,0.));
#5060 = ORIENTED_EDGE('',*,*,#5009,.T.);
#5061 = PLANE('',#5062);
#5062 = AXIS2_PLACEMENT_3D('',#5063,#5064,#5065);
#5063 = CARTESIAN_POINT('',(0.25,-5.E-02,-1.5));
#5064 = DIRECTION('',(-1.209660753807E-16,-0.987762965329,
    -0.155962573473));
#5065 = DIRECTION('',(1.909990663905E-17,0.155962573473,-0.987762965329)
  );
#5066 = ADVANCED_FACE('',(#5067),#5078,.F.);
#5067 = FACE_BOUND('',#5068,.F.);
#5068 = EDGE_LOOP('',(#5069,#5075,#5076,#5077));
#5069 = ORIENTED_EDGE('',*,*,#5070,.T.);
#5070 = EDGE_CURVE('',#4448,#4562,#5071,.T.);
#5071 = LINE('',#5072,#5073);
#5072 = CARTESIAN_POINT('',(0.25,0.25,-0.9));
#5073 = VECTOR('',#5074,1.);
#5074 = DIRECTION('',(-1.,1.224646799147E-16,0.));
#5075 = ORIENTED_EDGE('',*,*,#4569,.T.);
#5076 = ORIENTED_EDGE('',*,*,#5040,.F.);
#5077 = ORIENTED_EDGE('',*,*,#4455,.F.);
#5078 = PLANE('',#5079);
#5079 = AXIS2_PLACEMENT_3D('',#5080,#5081,#5082);
#5080 = CARTESIAN_POINT('',(0.25,0.25,-0.9));
#5081 = DIRECTION('',(-1.095357396528E-16,-0.894427191,0.4472135955));
#5082 = DIRECTION('',(-5.476786982641E-17,-0.4472135955,-0.894427191));
#5083 = ADVANCED_FACE('',(#5084),#5095,.F.);
#5084 = FACE_BOUND('',#5085,.F.);
#5085 = EDGE_LOOP('',(#5086,#5087,#5093,#5094));
#5086 = ORIENTED_EDGE('',*,*,#4447,.F.);
#5087 = ORIENTED_EDGE('',*,*,#5088,.T.);
#5088 = EDGE_CURVE('',#4439,#4553,#5089,.T.);
#5089 = LINE('',#5090,#5091);
#5090 = CARTESIAN_POINT('',(0.25,0.25,2.8));
#5091 = VECTOR('',#5092,1.);
#5092 = DIRECTION('',(-1.,1.224646799147E-16,0.));
#5093 = ORIENTED_EDGE('',*,*,#4561,.T.);
#5094 = ORIENTED_EDGE('',*,*,#5070,.F.);
#5095 = PLANE('',#5096);
#5096 = AXIS2_PLACEMENT_3D('',#5097,#5098,#5099);
#5097 = CARTESIAN_POINT('',(0.25,0.25,3.35));
#5098 = DIRECTION('',(-1.224646799147E-16,-1.,0.));
#5099 = DIRECTION('',(-0.,0.,-1.));
#5100 = ADVANCED_FACE('',(#5101),#5107,.T.);
#5101 = FACE_BOUND('',#5102,.T.);
#5102 = EDGE_LOOP('',(#5103,#5104,#5105,#5106));
#5103 = ORIENTED_EDGE('',*,*,#4438,.T.);
#5104 = ORIENTED_EDGE('',*,*,#5088,.T.);
#5105 = ORIENTED_EDGE('',*,*,#4552,.F.);
#5106 = ORIENTED_EDGE('',*,*,#4536,.F.);
#5107 = CYLINDRICAL_SURFACE('',#5108,0.55);
#5108 = AXIS2_PLACEMENT_3D('',#5109,#5110,#5111);
#5109 = CARTESIAN_POINT('',(0.25,-0.3,2.8));
#5110 = DIRECTION('',(-1.,1.224646799147E-16,0.));
#5111 = DIRECTION('',(0.,0.,1.));
#5112 = ADVANCED_FACE('',(#5113),#5140,.F.);
#5113 = FACE_BOUND('',#5114,.T.);
#5114 = EDGE_LOOP('',(#5115,#5123,#5124,#5125,#5126,#5134));
#5115 = ORIENTED_EDGE('',*,*,#5116,.T.);
#5116 = EDGE_CURVE('',#5117,#4976,#5119,.T.);
#5117 = VERTEX_POINT('',#5118);
#5118 = CARTESIAN_POINT('',(-5.E-02,-5.E-02,-3.4));
#5119 = LINE('',#5120,#5121);
#5120 = CARTESIAN_POINT('',(-1.77957755624E-02,-1.231193164325E-02,
    -3.432204224438));
#5121 = VECTOR('',#5122,1.);
#5122 = DIRECTION('',(-0.544770019249,-0.63753529491,0.544770019249));
#5123 = ORIENTED_EDGE('',*,*,#4983,.T.);
#5124 = ORIENTED_EDGE('',*,*,#4585,.F.);
#5125 = ORIENTED_EDGE('',*,*,#5047,.F.);
#5126 = ORIENTED_EDGE('',*,*,#5127,.F.);
#5127 = EDGE_CURVE('',#5128,#5048,#5130,.T.);
#5128 = VERTEX_POINT('',#5129);
#5129 = CARTESIAN_POINT('',(-5.E-02,5.E-02,-3.4));
#5130 = LINE('',#5131,#5132);
#5131 = CARTESIAN_POINT('',(-9.428267482221E-02,8.783927542193E-02,
    -3.355717325178));
#5132 = VECTOR('',#5133,1.);
#5133 = DIRECTION('',(-0.605209817607,0.517148096144,0.605209817607));
#5134 = ORIENTED_EDGE('',*,*,#5135,.T.);
#5135 = EDGE_CURVE('',#5128,#5117,#5136,.T.);
#5136 = LINE('',#5137,#5138);
#5137 = CARTESIAN_POINT('',(-5.E-02,0.25,-3.4));
#5138 = VECTOR('',#5139,1.);
#5139 = DIRECTION('',(-1.224646799147E-16,-1.,0.));
#5140 = PLANE('',#5141);
#5141 = AXIS2_PLACEMENT_3D('',#5142,#5143,#5144);
#5142 = CARTESIAN_POINT('',(-0.15,0.25,-3.3));
#5143 = DIRECTION('',(0.707106781187,-8.833102285013E-17,0.707106781187)
  );
#5144 = DIRECTION('',(1.236918052038E-16,1.,1.227125289097E-18));
#5145 = ADVANCED_FACE('',(#5146),#5157,.T.);
#5146 = FACE_BOUND('',#5147,.F.);
#5147 = EDGE_LOOP('',(#5148,#5149,#5155,#5156));
#5148 = ORIENTED_EDGE('',*,*,#4765,.F.);
#5149 = ORIENTED_EDGE('',*,*,#5150,.T.);
#5150 = EDGE_CURVE('',#4766,#4883,#5151,.T.);
#5151 = LINE('',#5152,#5153);
#5152 = CARTESIAN_POINT('',(2.25,-5.E-02,-3.4));
#5153 = VECTOR('',#5154,1.);
#5154 = DIRECTION('',(-1.,1.224646799147E-16,0.));
#5155 = ORIENTED_EDGE('',*,*,#4882,.T.);
#5156 = ORIENTED_EDGE('',*,*,#4741,.F.);
#5157 = PLANE('',#5158);
#5158 = AXIS2_PLACEMENT_3D('',#5159,#5160,#5161);
#5159 = CARTESIAN_POINT('',(2.25,-0.165596257347,-3.301223703467));
#5160 = DIRECTION('',(-8.302774088379E-17,-0.64962967394,-0.760250805153
    ));
#5161 = DIRECTION('',(1.,-1.247195775152E-16,-2.638869166629E-18));
#5162 = ADVANCED_FACE('',(#5163),#5174,.F.);
#5163 = FACE_BOUND('',#5164,.F.);
#5164 = EDGE_LOOP('',(#5165,#5166,#5167,#5173));
#5165 = ORIENTED_EDGE('',*,*,#5150,.F.);
#5166 = ORIENTED_EDGE('',*,*,#4791,.F.);
#5167 = ORIENTED_EDGE('',*,*,#5168,.T.);
#5168 = EDGE_CURVE('',#4784,#4894,#5169,.T.);
#5169 = LINE('',#5170,#5171);
#5170 = CARTESIAN_POINT('',(2.25,5.E-02,-3.4));
#5171 = VECTOR('',#5172,1.);
#5172 = DIRECTION('',(-1.,1.224646799147E-16,0.));
#5173 = ORIENTED_EDGE('',*,*,#4901,.T.);
#5174 = PLANE('',#5175);
#5175 = AXIS2_PLACEMENT_3D('',#5176,#5177,#5178);
#5176 = CARTESIAN_POINT('',(2.25,0.25,-3.4));
#5177 = DIRECTION('',(0.,0.,1.));
#5178 = DIRECTION('',(-1.224646799147E-16,-1.,0.));
#5179 = ADVANCED_FACE('',(#5180),#5186,.T.);
#5180 = FACE_BOUND('',#5181,.T.);
#5181 = EDGE_LOOP('',(#5182,#5183,#5184,#5185));
#5182 = ORIENTED_EDGE('',*,*,#4783,.F.);
#5183 = ORIENTED_EDGE('',*,*,#5168,.T.);
#5184 = ORIENTED_EDGE('',*,*,#4893,.T.);
#5185 = ORIENTED_EDGE('',*,*,#4821,.F.);
#5186 = PLANE('',#5187);
#5187 = AXIS2_PLACEMENT_3D('',#5188,#5189,#5190);
#5188 = CARTESIAN_POINT('',(2.25,0.134403742653,-3.301223703467));
#5189 = DIRECTION('',(9.136856246232E-17,0.760250805153,-0.64962967394)
  );
#5190 = DIRECTION('',(-1.,1.211454098155E-16,1.127308249542E-18));
#5191 = ADVANCED_FACE('',(#5192),#5203,.T.);
#5192 = FACE_BOUND('',#5193,.F.);
#5193 = EDGE_LOOP('',(#5194,#5195,#5201,#5202));
#5194 = ORIENTED_EDGE('',*,*,#4999,.F.);
#5195 = ORIENTED_EDGE('',*,*,#5196,.T.);
#5196 = EDGE_CURVE('',#5000,#5117,#5197,.T.);
#5197 = LINE('',#5198,#5199);
#5198 = CARTESIAN_POINT('',(0.25,-5.E-02,-3.4));
#5199 = VECTOR('',#5200,1.);
#5200 = DIRECTION('',(-1.,1.224646799147E-16,0.));
#5201 = ORIENTED_EDGE('',*,*,#5116,.T.);
#5202 = ORIENTED_EDGE('',*,*,#4975,.F.);
#5203 = PLANE('',#5204);
#5204 = AXIS2_PLACEMENT_3D('',#5205,#5206,#5207);
#5205 = CARTESIAN_POINT('',(0.25,-0.165596257347,-3.301223703467));
#5206 = DIRECTION('',(-8.302774088379E-17,-0.64962967394,-0.760250805153
    ));
#5207 = DIRECTION('',(1.,-1.247195775152E-16,-2.638869166629E-18));
#5208 = ADVANCED_FACE('',(#5209),#5220,.F.);
#5209 = FACE_BOUND('',#5210,.F.);
#5210 = EDGE_LOOP('',(#5211,#5212,#5213,#5219));
#5211 = ORIENTED_EDGE('',*,*,#5196,.F.);
#5212 = ORIENTED_EDGE('',*,*,#5025,.F.);
#5213 = ORIENTED_EDGE('',*,*,#5214,.T.);
#5214 = EDGE_CURVE('',#5018,#5128,#5215,.T.);
#5215 = LINE('',#5216,#5217);
#5216 = CARTESIAN_POINT('',(0.25,5.E-02,-3.4));
#5217 = VECTOR('',#5218,1.);
#5218 = DIRECTION('',(-1.,1.224646799147E-16,0.));
#5219 = ORIENTED_EDGE('',*,*,#5135,.T.);
#5220 = PLANE('',#5221);
#5221 = AXIS2_PLACEMENT_3D('',#5222,#5223,#5224);
#5222 = CARTESIAN_POINT('',(0.25,0.25,-3.4));
#5223 = DIRECTION('',(0.,0.,1.));
#5224 = DIRECTION('',(-1.224646799147E-16,-1.,0.));
#5225 = ADVANCED_FACE('',(#5226),#5232,.T.);
#5226 = FACE_BOUND('',#5227,.T.);
#5227 = EDGE_LOOP('',(#5228,#5229,#5230,#5231));
#5228 = ORIENTED_EDGE('',*,*,#5017,.F.);
#5229 = ORIENTED_EDGE('',*,*,#5214,.T.);
#5230 = ORIENTED_EDGE('',*,*,#5127,.T.);
#5231 = ORIENTED_EDGE('',*,*,#5055,.F.);
#5232 = PLANE('',#5233);
#5233 = AXIS2_PLACEMENT_3D('',#5234,#5235,#5236);
#5234 = CARTESIAN_POINT('',(0.25,0.134403742653,-3.301223703467));
#5235 = DIRECTION('',(9.136856246232E-17,0.760250805153,-0.64962967394)
  );
#5236 = DIRECTION('',(-1.,1.211454098155E-16,1.127308249542E-18));
#5237 = ( GEOMETRIC_REPRESENTATION_CONTEXT(3) 
GLOBAL_UNCERTAINTY_ASSIGNED_CONTEXT((#5241)) 
GLOBAL_UNIT_ASSIGNED_CONTEXT((#5238,#5239,#5240)) REPRESENTATION_CONTEXT
('Context #1','3D Context with UNIT and UNCERTAINTY') );
#5238 = ( LENGTH_UNIT() NAMED_UNIT(*) SI_UNIT(.MILLI.,.METRE.) );
#5239 = ( NAMED_UNIT(*) PLANE_ANGLE_UNIT() SI_UNIT($,.RADIAN.) );
#5240 = ( NAMED_UNIT(*) SI_UNIT($,.STERADIAN.) SOLID_ANGLE_UNIT() );
#5241 = UNCERTAINTY_MEASURE_WITH_UNIT(LENGTH_MEASURE(1.E-07),#5238,
  'distance_accuracy_value','confusion accuracy');
#5242 = CONTEXT_DEPENDENT_SHAPE_REPRESENTATION(#5243,#5245);
#5243 = ( REPRESENTATION_RELATIONSHIP('','',#1742,#10) 
REPRESENTATION_RELATIONSHIP_WITH_TRANSFORMATION(#5244) 
SHAPE_REPRESENTATION_RELATIONSHIP() );
#5244 = ITEM_DEFINED_TRANSFORMATION('','',#11,#23);
#5245 = PRODUCT_DEFINITION_SHAPE('Placement','Placement of an item',
  #5246);
#5246 = NEXT_ASSEMBLY_USAGE_OCCURRENCE('3','J2','',#5,#1737,$);
#5247 = PRODUCT_RELATED_PRODUCT_CATEGORY('part',$,(#1739));
#5248 = SHAPE_DEFINITION_REPRESENTATION(#5249,#5255);
#5249 = PRODUCT_DEFINITION_SHAPE('','',#5250);
#5250 = PRODUCT_DEFINITION('design','',#5251,#5254);
#5251 = PRODUCT_DEFINITION_FORMATION('','',#5252);
#5252 = PRODUCT('LED_D5.0mm','LED_D5.0mm','',(#5253));
#5253 = PRODUCT_CONTEXT('',#2,'mechanical');
#5254 = PRODUCT_DEFINITION_CONTEXT('part definition',#2,'design');
#5255 = ADVANCED_BREP_SHAPE_REPRESENTATION('',(#11,#5256),#5681);
#5256 = MANIFOLD_SOLID_BREP('',#5257);
#5257 = CLOSED_SHELL('',(#5258,#5285,#5310,#5338,#5370,#5387,#5465,#5496
    ,#5520,#5544,#5561,#5592,#5616,#5640,#5657,#5669));
#5258 = ADVANCED_FACE('',(#5259),#5280,.T.);
#5259 = FACE_BOUND('',#5260,.T.);
#5260 = EDGE_LOOP('',(#5261,#5272,#5273));
#5261 = ORIENTED_EDGE('',*,*,#5262,.T.);
#5262 = EDGE_CURVE('',#5263,#5265,#5267,.T.);
#5263 = VERTEX_POINT('',#5264);
#5264 = CARTESIAN_POINT('',(3.72,6.095124405192E-15,9.15));
#5265 = VERTEX_POINT('',#5266);
#5266 = CARTESIAN_POINT('',(1.27,7.727152251391E-15,11.6));
#5267 = CIRCLE('',#5268,2.45);
#5268 = AXIS2_PLACEMENT_3D('',#5269,#5270,#5271);
#5269 = CARTESIAN_POINT('',(1.27,6.095124405192E-15,9.15));
#5270 = DIRECTION('',(0.,-1.,6.661338147751E-16));
#5271 = DIRECTION('',(1.,0.,0.));
#5272 = ORIENTED_EDGE('',*,*,#5262,.F.);
#5273 = ORIENTED_EDGE('',*,*,#5274,.F.);
#5274 = EDGE_CURVE('',#5263,#5263,#5275,.T.);
#5275 = CIRCLE('',#5276,2.45);
#5276 = AXIS2_PLACEMENT_3D('',#5277,#5278,#5279);
#5277 = CARTESIAN_POINT('',(1.27,4.063416270128E-15,9.15));
#5278 = DIRECTION('',(-5.585532782092E-47,-4.440892098501E-16,-1.));
#5279 = DIRECTION('',(1.,8.292686265567E-16,-3.68269249121E-31));
#5280 = SPHERICAL_SURFACE('',#5281,2.45);
#5281 = AXIS2_PLACEMENT_3D('',#5282,#5283,#5284);
#5282 = CARTESIAN_POINT('',(1.27,6.095124405192E-15,9.15));
#5283 = DIRECTION('',(0.,4.440892098501E-16,1.));
#5284 = DIRECTION('',(1.,1.394807543452E-15,-6.194189798646E-31));
#5285 = ADVANCED_FACE('',(#5286),#5305,.T.);
#5286 = FACE_BOUND('',#5287,.T.);
#5287 = EDGE_LOOP('',(#5288,#5296,#5297,#5298));
#5288 = ORIENTED_EDGE('',*,*,#5289,.F.);
#5289 = EDGE_CURVE('',#5263,#5290,#5292,.T.);
#5290 = VERTEX_POINT('',#5291);
#5291 = CARTESIAN_POINT('',(3.72,2.6645352591E-15,4.));
#5292 = LINE('',#5293,#5294);
#5293 = CARTESIAN_POINT('',(3.72,6.095124405192E-15,9.15));
#5294 = VECTOR('',#5295,1.);
#5295 = DIRECTION('',(0.,-6.661338147751E-16,-1.));
#5296 = ORIENTED_EDGE('',*,*,#5274,.T.);
#5297 = ORIENTED_EDGE('',*,*,#5289,.T.);
#5298 = ORIENTED_EDGE('',*,*,#5299,.F.);
#5299 = EDGE_CURVE('',#5290,#5290,#5300,.T.);
#5300 = CIRCLE('',#5301,2.45);
#5301 = AXIS2_PLACEMENT_3D('',#5302,#5303,#5304);
#5302 = CARTESIAN_POINT('',(1.27,1.7763568394E-15,4.));
#5303 = DIRECTION('',(-2.681055735445E-47,-4.440892098501E-16,-1.));
#5304 = DIRECTION('',(1.,3.625218039592E-16,-1.609920214737E-31));
#5305 = CYLINDRICAL_SURFACE('',#5306,2.45);
#5306 = AXIS2_PLACEMENT_3D('',#5307,#5308,#5309);
#5307 = CARTESIAN_POINT('',(1.27,4.063416270128E-15,9.15));
#5308 = DIRECTION('',(0.,-4.440892098501E-16,-1.));
#5309 = DIRECTION('',(1.,8.292686265567E-16,-3.68269249121E-31));
#5310 = ADVANCED_FACE('',(#5311,#5330),#5333,.F.);
#5311 = FACE_BOUND('',#5312,.F.);
#5312 = EDGE_LOOP('',(#5313,#5324));
#5313 = ORIENTED_EDGE('',*,*,#5314,.F.);
#5314 = EDGE_CURVE('',#5315,#5317,#5319,.T.);
#5315 = VERTEX_POINT('',#5316);
#5316 = CARTESIAN_POINT('',(-1.229999999999,-1.46969384567,4.));
#5317 = VERTEX_POINT('',#5318);
#5318 = CARTESIAN_POINT('',(-1.23,1.469693845669,4.));
#5319 = CIRCLE('',#5320,2.9);
#5320 = AXIS2_PLACEMENT_3D('',#5321,#5322,#5323);
#5321 = CARTESIAN_POINT('',(1.27,0.,4.));
#5322 = DIRECTION('',(0.,0.,1.));
#5323 = DIRECTION('',(1.,0.,-0.));
#5324 = ORIENTED_EDGE('',*,*,#5325,.T.);
#5325 = EDGE_CURVE('',#5315,#5317,#5326,.T.);
#5326 = LINE('',#5327,#5328);
#5327 = CARTESIAN_POINT('',(-1.229999999999,-1.46969384567,4.));
#5328 = VECTOR('',#5329,1.);
#5329 = DIRECTION('',(0.,1.,0.));
#5330 = FACE_BOUND('',#5331,.F.);
#5331 = EDGE_LOOP('',(#5332));
#5332 = ORIENTED_EDGE('',*,*,#5299,.F.);
#5333 = PLANE('',#5334);
#5334 = AXIS2_PLACEMENT_3D('',#5335,#5336,#5337);
#5335 = CARTESIAN_POINT('',(-1.229999999999,-1.469693845671,4.));
#5336 = DIRECTION('',(0.,0.,-1.));
#5337 = DIRECTION('',(-1.,0.,0.));
#5338 = ADVANCED_FACE('',(#5339),#5365,.T.);
#5339 = FACE_BOUND('',#5340,.T.);
#5340 = EDGE_LOOP('',(#5341,#5352,#5358,#5359));
#5341 = ORIENTED_EDGE('',*,*,#5342,.T.);
#5342 = EDGE_CURVE('',#5343,#5345,#5347,.T.);
#5343 = VERTEX_POINT('',#5344);
#5344 = CARTESIAN_POINT('',(-1.229999999999,-1.46969384567,3.));
#5345 = VERTEX_POINT('',#5346);
#5346 = CARTESIAN_POINT('',(-1.23,1.469693845669,3.));
#5347 = CIRCLE('',#5348,2.9);
#5348 = AXIS2_PLACEMENT_3D('',#5349,#5350,#5351);
#5349 = CARTESIAN_POINT('',(1.27,0.,3.));
#5350 = DIRECTION('',(0.,0.,1.));
#5351 = DIRECTION('',(1.,0.,-0.));
#5352 = ORIENTED_EDGE('',*,*,#5353,.T.);
#5353 = EDGE_CURVE('',#5345,#5317,#5354,.T.);
#5354 = LINE('',#5355,#5356);
#5355 = CARTESIAN_POINT('',(-1.23,1.469693845669,3.));
#5356 = VECTOR('',#5357,1.);
#5357 = DIRECTION('',(0.,0.,1.));
#5358 = ORIENTED_EDGE('',*,*,#5314,.F.);
#5359 = ORIENTED_EDGE('',*,*,#5360,.F.);
#5360 = EDGE_CURVE('',#5343,#5315,#5361,.T.);
#5361 = LINE('',#5362,#5363);
#5362 = CARTESIAN_POINT('',(-1.229999999999,-1.46969384567,3.));
#5363 = VECTOR('',#5364,1.);
#5364 = DIRECTION('',(0.,0.,1.));
#5365 = CYLINDRICAL_SURFACE('',#5366,2.9);
#5366 = AXIS2_PLACEMENT_3D('',#5367,#5368,#5369);
#5367 = CARTESIAN_POINT('',(1.27,0.,3.));
#5368 = DIRECTION('',(-0.,-0.,-1.));
#5369 = DIRECTION('',(1.,0.,0.));
#5370 = ADVANCED_FACE('',(#5371),#5382,.T.);
#5371 = FACE_BOUND('',#5372,.T.);
#5372 = EDGE_LOOP('',(#5373,#5374,#5375,#5376));
#5373 = ORIENTED_EDGE('',*,*,#5360,.T.);
#5374 = ORIENTED_EDGE('',*,*,#5325,.T.);
#5375 = ORIENTED_EDGE('',*,*,#5353,.F.);
#5376 = ORIENTED_EDGE('',*,*,#5377,.F.);
#5377 = EDGE_CURVE('',#5343,#5345,#5378,.T.);
#5378 = LINE('',#5379,#5380);
#5379 = CARTESIAN_POINT('',(-1.229999999999,-1.46969384567,3.));
#5380 = VECTOR('',#5381,1.);
#5381 = DIRECTION('',(0.,1.,0.));
#5382 = PLANE('',#5383);
#5383 = AXIS2_PLACEMENT_3D('',#5384,#5385,#5386);
#5384 = CARTESIAN_POINT('',(-1.229999999999,-1.46969384567,3.));
#5385 = DIRECTION('',(-1.,0.,0.));
#5386 = DIRECTION('',(0.,1.,0.));
#5387 = ADVANCED_FACE('',(#5388,#5392,#5426),#5460,.T.);
#5388 = FACE_BOUND('',#5389,.T.);
#5389 = EDGE_LOOP('',(#5390,#5391));
#5390 = ORIENTED_EDGE('',*,*,#5342,.F.);
#5391 = ORIENTED_EDGE('',*,*,#5377,.T.);
#5392 = FACE_BOUND('',#5393,.T.);
#5393 = EDGE_LOOP('',(#5394,#5404,#5412,#5420));
#5394 = ORIENTED_EDGE('',*,*,#5395,.T.);
#5395 = EDGE_CURVE('',#5396,#5398,#5400,.T.);
#5396 = VERTEX_POINT('',#5397);
#5397 = CARTESIAN_POINT('',(-0.2,-0.2,3.));
#5398 = VERTEX_POINT('',#5399);
#5399 = CARTESIAN_POINT('',(0.2,-0.2,3.));
#5400 = LINE('',#5401,#5402);
#5401 = CARTESIAN_POINT('',(-0.515,-0.2,3.));
#5402 = VECTOR('',#5403,1.);
#5403 = DIRECTION('',(1.,0.,0.));
#5404 = ORIENTED_EDGE('',*,*,#5405,.T.);
#5405 = EDGE_CURVE('',#5398,#5406,#5408,.T.);
#5406 = VERTEX_POINT('',#5407);
#5407 = CARTESIAN_POINT('',(0.2,0.2,3.));
#5408 = LINE('',#5409,#5410);
#5409 = CARTESIAN_POINT('',(0.2,-0.634846922835,3.));
#5410 = VECTOR('',#5411,1.);
#5411 = DIRECTION('',(0.,1.,0.));
#5412 = ORIENTED_EDGE('',*,*,#5413,.T.);
#5413 = EDGE_CURVE('',#5406,#5414,#5416,.T.);
#5414 = VERTEX_POINT('',#5415);
#5415 = CARTESIAN_POINT('',(-0.2,0.2,3.));
#5416 = LINE('',#5417,#5418);
#5417 = CARTESIAN_POINT('',(-0.715,0.2,3.));
#5418 = VECTOR('',#5419,1.);
#5419 = DIRECTION('',(-1.,-0.,-0.));
#5420 = ORIENTED_EDGE('',*,*,#5421,.T.);
#5421 = EDGE_CURVE('',#5414,#5396,#5422,.T.);
#5422 = LINE('',#5423,#5424);
#5423 = CARTESIAN_POINT('',(-0.2,-0.834846922835,3.));
#5424 = VECTOR('',#5425,1.);
#5425 = DIRECTION('',(0.,-1.,0.));
#5426 = FACE_BOUND('',#5427,.T.);
#5427 = EDGE_LOOP('',(#5428,#5438,#5446,#5454));
#5428 = ORIENTED_EDGE('',*,*,#5429,.T.);
#5429 = EDGE_CURVE('',#5430,#5432,#5434,.T.);
#5430 = VERTEX_POINT('',#5431);
#5431 = CARTESIAN_POINT('',(2.34,0.2,3.));
#5432 = VERTEX_POINT('',#5433);
#5433 = CARTESIAN_POINT('',(2.34,-0.2,3.));
#5434 = LINE('',#5435,#5436);
#5435 = CARTESIAN_POINT('',(2.34,-0.834846922835,3.));
#5436 = VECTOR('',#5437,1.);
#5437 = DIRECTION('',(0.,-1.,0.));
#5438 = ORIENTED_EDGE('',*,*,#5439,.T.);
#5439 = EDGE_CURVE('',#5432,#5440,#5442,.T.);
#5440 = VERTEX_POINT('',#5441);
#5441 = CARTESIAN_POINT('',(2.74,-0.2,3.));
#5442 = LINE('',#5443,#5444);
#5443 = CARTESIAN_POINT('',(0.755,-0.2,3.));
#5444 = VECTOR('',#5445,1.);
#5445 = DIRECTION('',(1.,0.,0.));
#5446 = ORIENTED_EDGE('',*,*,#5447,.T.);
#5447 = EDGE_CURVE('',#5440,#5448,#5450,.T.);
#5448 = VERTEX_POINT('',#5449);
#5449 = CARTESIAN_POINT('',(2.74,0.2,3.));
#5450 = LINE('',#5451,#5452);
#5451 = CARTESIAN_POINT('',(2.74,-0.634846922835,3.));
#5452 = VECTOR('',#5453,1.);
#5453 = DIRECTION('',(0.,1.,0.));
#5454 = ORIENTED_EDGE('',*,*,#5455,.T.);
#5455 = EDGE_CURVE('',#5448,#5430,#5456,.T.);
#5456 = LINE('',#5457,#5458);
#5457 = CARTESIAN_POINT('',(0.555,0.2,3.));
#5458 = VECTOR('',#5459,1.);
#5459 = DIRECTION('',(-1.,-0.,-0.));
#5460 = PLANE('',#5461);
#5461 = AXIS2_PLACEMENT_3D('',#5462,#5463,#5464);
#5462 = CARTESIAN_POINT('',(-1.229999999999,-1.469693845671,3.));
#5463 = DIRECTION('',(0.,0.,-1.));
#5464 = DIRECTION('',(-1.,0.,0.));
#5465 = ADVANCED_FACE('',(#5466),#5491,.F.);
#5466 = FACE_BOUND('',#5467,.F.);
#5467 = EDGE_LOOP('',(#5468,#5469,#5477,#5485));
#5468 = ORIENTED_EDGE('',*,*,#5395,.T.);
#5469 = ORIENTED_EDGE('',*,*,#5470,.T.);
#5470 = EDGE_CURVE('',#5398,#5471,#5473,.T.);
#5471 = VERTEX_POINT('',#5472);
#5472 = CARTESIAN_POINT('',(0.2,-0.2,-2.5));
#5473 = LINE('',#5474,#5475);
#5474 = CARTESIAN_POINT('',(0.2,-0.2,3.5));
#5475 = VECTOR('',#5476,1.);
#5476 = DIRECTION('',(-0.,-0.,-1.));
#5477 = ORIENTED_EDGE('',*,*,#5478,.T.);
#5478 = EDGE_CURVE('',#5471,#5479,#5481,.T.);
#5479 = VERTEX_POINT('',#5480);
#5480 = CARTESIAN_POINT('',(-0.2,-0.2,-2.5));
#5481 = LINE('',#5482,#5483);
#5482 = CARTESIAN_POINT('',(0.2,-0.2,-2.5));
#5483 = VECTOR('',#5484,1.);
#5484 = DIRECTION('',(-1.,0.,0.));
#5485 = ORIENTED_EDGE('',*,*,#5486,.F.);
#5486 = EDGE_CURVE('',#5396,#5479,#5487,.T.);
#5487 = LINE('',#5488,#5489);
#5488 = CARTESIAN_POINT('',(-0.2,-0.2,3.5));
#5489 = VECTOR('',#5490,1.);
#5490 = DIRECTION('',(-0.,-0.,-1.));
#5491 = PLANE('',#5492);
#5492 = AXIS2_PLACEMENT_3D('',#5493,#5494,#5495);
#5493 = CARTESIAN_POINT('',(0.2,-0.2,3.5));
#5494 = DIRECTION('',(0.,1.,0.));
#5495 = DIRECTION('',(-1.,0.,0.));
#5496 = ADVANCED_FACE('',(#5497),#5515,.F.);
#5497 = FACE_BOUND('',#5498,.F.);
#5498 = EDGE_LOOP('',(#5499,#5500,#5501,#5509));
#5499 = ORIENTED_EDGE('',*,*,#5421,.T.);
#5500 = ORIENTED_EDGE('',*,*,#5486,.T.);
#5501 = ORIENTED_EDGE('',*,*,#5502,.T.);
#5502 = EDGE_CURVE('',#5479,#5503,#5505,.T.);
#5503 = VERTEX_POINT('',#5504);
#5504 = CARTESIAN_POINT('',(-0.2,0.2,-2.5));
#5505 = LINE('',#5506,#5507);
#5506 = CARTESIAN_POINT('',(-0.2,-0.2,-2.5));
#5507 = VECTOR('',#5508,1.);
#5508 = DIRECTION('',(0.,1.,0.));
#5509 = ORIENTED_EDGE('',*,*,#5510,.F.);
#5510 = EDGE_CURVE('',#5414,#5503,#5511,.T.);
#5511 = LINE('',#5512,#5513);
#5512 = CARTESIAN_POINT('',(-0.2,0.2,3.5));
#5513 = VECTOR('',#5514,1.);
#5514 = DIRECTION('',(-0.,-0.,-1.));
#5515 = PLANE('',#5516);
#5516 = AXIS2_PLACEMENT_3D('',#5517,#5518,#5519);
#5517 = CARTESIAN_POINT('',(-0.2,-0.2,3.5));
#5518 = DIRECTION('',(1.,0.,0.));
#5519 = DIRECTION('',(-0.,1.,0.));
#5520 = ADVANCED_FACE('',(#5521),#5539,.F.);
#5521 = FACE_BOUND('',#5522,.F.);
#5522 = EDGE_LOOP('',(#5523,#5524,#5525,#5533));
#5523 = ORIENTED_EDGE('',*,*,#5413,.T.);
#5524 = ORIENTED_EDGE('',*,*,#5510,.T.);
#5525 = ORIENTED_EDGE('',*,*,#5526,.T.);
#5526 = EDGE_CURVE('',#5503,#5527,#5529,.T.);
#5527 = VERTEX_POINT('',#5528);
#5528 = CARTESIAN_POINT('',(0.2,0.2,-2.5));
#5529 = LINE('',#5530,#5531);
#5530 = CARTESIAN_POINT('',(-0.2,0.2,-2.5));
#5531 = VECTOR('',#5532,1.);
#5532 = DIRECTION('',(1.,0.,0.));
#5533 = ORIENTED_EDGE('',*,*,#5534,.F.);
#5534 = EDGE_CURVE('',#5406,#5527,#5535,.T.);
#5535 = LINE('',#5536,#5537);
#5536 = CARTESIAN_POINT('',(0.2,0.2,3.5));
#5537 = VECTOR('',#5538,1.);
#5538 = DIRECTION('',(-0.,-0.,-1.));
#5539 = PLANE('',#5540);
#5540 = AXIS2_PLACEMENT_3D('',#5541,#5542,#5543);
#5541 = CARTESIAN_POINT('',(-0.2,0.2,3.5));
#5542 = DIRECTION('',(0.,-1.,0.));
#5543 = DIRECTION('',(1.,0.,0.));
#5544 = ADVANCED_FACE('',(#5545),#5556,.F.);
#5545 = FACE_BOUND('',#5546,.F.);
#5546 = EDGE_LOOP('',(#5547,#5548,#5549,#5555));
#5547 = ORIENTED_EDGE('',*,*,#5405,.T.);
#5548 = ORIENTED_EDGE('',*,*,#5534,.T.);
#5549 = ORIENTED_EDGE('',*,*,#5550,.T.);
#5550 = EDGE_CURVE('',#5527,#5471,#5551,.T.);
#5551 = LINE('',#5552,#5553);
#5552 = CARTESIAN_POINT('',(0.2,0.2,-2.5));
#5553 = VECTOR('',#5554,1.);
#5554 = DIRECTION('',(0.,-1.,0.));
#5555 = ORIENTED_EDGE('',*,*,#5470,.F.);
#5556 = PLANE('',#5557);
#5557 = AXIS2_PLACEMENT_3D('',#5558,#5559,#5560);
#5558 = CARTESIAN_POINT('',(0.2,0.2,3.5));
#5559 = DIRECTION('',(-1.,0.,0.));
#5560 = DIRECTION('',(0.,-1.,0.));
#5561 = ADVANCED_FACE('',(#5562),#5587,.F.);
#5562 = FACE_BOUND('',#5563,.F.);
#5563 = EDGE_LOOP('',(#5564,#5565,#5573,#5581));
#5564 = ORIENTED_EDGE('',*,*,#5429,.T.);
#5565 = ORIENTED_EDGE('',*,*,#5566,.T.);
#5566 = EDGE_CURVE('',#5432,#5567,#5569,.T.);
#5567 = VERTEX_POINT('',#5568);
#5568 = CARTESIAN_POINT('',(2.34,-0.2,-2.5));
#5569 = LINE('',#5570,#5571);
#5570 = CARTESIAN_POINT('',(2.34,-0.2,3.5));
#5571 = VECTOR('',#5572,1.);
#5572 = DIRECTION('',(-0.,-0.,-1.));
#5573 = ORIENTED_EDGE('',*,*,#5574,.T.);
#5574 = EDGE_CURVE('',#5567,#5575,#5577,.T.);
#5575 = VERTEX_POINT('',#5576);
#5576 = CARTESIAN_POINT('',(2.34,0.2,-2.5));
#5577 = LINE('',#5578,#5579);
#5578 = CARTESIAN_POINT('',(2.34,-0.2,-2.5));
#5579 = VECTOR('',#5580,1.);
#5580 = DIRECTION('',(0.,1.,0.));
#5581 = ORIENTED_EDGE('',*,*,#5582,.F.);
#5582 = EDGE_CURVE('',#5430,#5575,#5583,.T.);
#5583 = LINE('',#5584,#5585);
#5584 = CARTESIAN_POINT('',(2.34,0.2,3.5));
#5585 = VECTOR('',#5586,1.);
#5586 = DIRECTION('',(-0.,-0.,-1.));
#5587 = PLANE('',#5588);
#5588 = AXIS2_PLACEMENT_3D('',#5589,#5590,#5591);
#5589 = CARTESIAN_POINT('',(2.34,-0.2,3.5));
#5590 = DIRECTION('',(1.,0.,0.));
#5591 = DIRECTION('',(-0.,1.,0.));
#5592 = ADVANCED_FACE('',(#5593),#5611,.F.);
#5593 = FACE_BOUND('',#5594,.F.);
#5594 = EDGE_LOOP('',(#5595,#5596,#5597,#5605));
#5595 = ORIENTED_EDGE('',*,*,#5455,.T.);
#5596 = ORIENTED_EDGE('',*,*,#5582,.T.);
#5597 = ORIENTED_EDGE('',*,*,#5598,.T.);
#5598 = EDGE_CURVE('',#5575,#5599,#5601,.T.);
#5599 = VERTEX_POINT('',#5600);
#5600 = CARTESIAN_POINT('',(2.74,0.2,-2.5));
#5601 = LINE('',#5602,#5603);
#5602 = CARTESIAN_POINT('',(2.34,0.2,-2.5));
#5603 = VECTOR('',#5604,1.);
#5604 = DIRECTION('',(1.,0.,0.));
#5605 = ORIENTED_EDGE('',*,*,#5606,.F.);
#5606 = EDGE_CURVE('',#5448,#5599,#5607,.T.);
#5607 = LINE('',#5608,#5609);
#5608 = CARTESIAN_POINT('',(2.74,0.2,3.5));
#5609 = VECTOR('',#5610,1.);
#5610 = DIRECTION('',(-0.,-0.,-1.));
#5611 = PLANE('',#5612);
#5612 = AXIS2_PLACEMENT_3D('',#5613,#5614,#5615);
#5613 = CARTESIAN_POINT('',(2.34,0.2,3.5));
#5614 = DIRECTION('',(0.,-1.,0.));
#5615 = DIRECTION('',(1.,0.,0.));
#5616 = ADVANCED_FACE('',(#5617),#5635,.F.);
#5617 = FACE_BOUND('',#5618,.F.);
#5618 = EDGE_LOOP('',(#5619,#5620,#5621,#5629));
#5619 = ORIENTED_EDGE('',*,*,#5447,.T.);
#5620 = ORIENTED_EDGE('',*,*,#5606,.T.);
#5621 = ORIENTED_EDGE('',*,*,#5622,.T.);
#5622 = EDGE_CURVE('',#5599,#5623,#5625,.T.);
#5623 = VERTEX_POINT('',#5624);
#5624 = CARTESIAN_POINT('',(2.74,-0.2,-2.5));
#5625 = LINE('',#5626,#5627);
#5626 = CARTESIAN_POINT('',(2.74,0.2,-2.5));
#5627 = VECTOR('',#5628,1.);
#5628 = DIRECTION('',(0.,-1.,0.));
#5629 = ORIENTED_EDGE('',*,*,#5630,.F.);
#5630 = EDGE_CURVE('',#5440,#5623,#5631,.T.);
#5631 = LINE('',#5632,#5633);
#5632 = CARTESIAN_POINT('',(2.74,-0.2,3.5));
#5633 = VECTOR('',#5634,1.);
#5634 = DIRECTION('',(-0.,-0.,-1.));
#5635 = PLANE('',#5636);
#5636 = AXIS2_PLACEMENT_3D('',#5637,#5638,#5639);
#5637 = CARTESIAN_POINT('',(2.74,0.2,3.5));
#5638 = DIRECTION('',(-1.,0.,0.));
#5639 = DIRECTION('',(0.,-1.,0.));
#5640 = ADVANCED_FACE('',(#5641),#5652,.F.);
#5641 = FACE_BOUND('',#5642,.F.);
#5642 = EDGE_LOOP('',(#5643,#5644,#5645,#5651));
#5643 = ORIENTED_EDGE('',*,*,#5439,.T.);
#5644 = ORIENTED_EDGE('',*,*,#5630,.T.);
#5645 = ORIENTED_EDGE('',*,*,#5646,.T.);
#5646 = EDGE_CURVE('',#5623,#5567,#5647,.T.);
#5647 = LINE('',#5648,#5649);
#5648 = CARTESIAN_POINT('',(2.74,-0.2,-2.5));
#5649 = VECTOR('',#5650,1.);
#5650 = DIRECTION('',(-1.,0.,0.));
#5651 = ORIENTED_EDGE('',*,*,#5566,.F.);
#5652 = PLANE('',#5653);
#5653 = AXIS2_PLACEMENT_3D('',#5654,#5655,#5656);
#5654 = CARTESIAN_POINT('',(2.74,-0.2,3.5));
#5655 = DIRECTION('',(0.,1.,0.));
#5656 = DIRECTION('',(-1.,0.,0.));
#5657 = ADVANCED_FACE('',(#5658),#5664,.F.);
#5658 = FACE_BOUND('',#5659,.T.);
#5659 = EDGE_LOOP('',(#5660,#5661,#5662,#5663));
#5660 = ORIENTED_EDGE('',*,*,#5526,.T.);
#5661 = ORIENTED_EDGE('',*,*,#5550,.T.);
#5662 = ORIENTED_EDGE('',*,*,#5478,.T.);
#5663 = ORIENTED_EDGE('',*,*,#5502,.T.);
#5664 = PLANE('',#5665);
#5665 = AXIS2_PLACEMENT_3D('',#5666,#5667,#5668);
#5666 = CARTESIAN_POINT('',(-0.2,0.2,-2.5));
#5667 = DIRECTION('',(0.,0.,1.));
#5668 = DIRECTION('',(1.,0.,-0.));
#5669 = ADVANCED_FACE('',(#5670),#5676,.F.);
#5670 = FACE_BOUND('',#5671,.T.);
#5671 = EDGE_LOOP('',(#5672,#5673,#5674,#5675));
#5672 = ORIENTED_EDGE('',*,*,#5598,.T.);
#5673 = ORIENTED_EDGE('',*,*,#5622,.T.);
#5674 = ORIENTED_EDGE('',*,*,#5646,.T.);
#5675 = ORIENTED_EDGE('',*,*,#5574,.T.);
#5676 = PLANE('',#5677);
#5677 = AXIS2_PLACEMENT_3D('',#5678,#5679,#5680);
#5678 = CARTESIAN_POINT('',(2.34,0.2,-2.5));
#5679 = DIRECTION('',(0.,0.,1.));
#5680 = DIRECTION('',(1.,0.,-0.));
#5681 = ( GEOMETRIC_REPRESENTATION_CONTEXT(3) 
GLOBAL_UNCERTAINTY_ASSIGNED_CONTEXT((#5685)) 
GLOBAL_UNIT_ASSIGNED_CONTEXT((#5682,#5683,#5684)) REPRESENTATION_CONTEXT
('Context #1','3D Context with UNIT and UNCERTAINTY') );
#5682 = ( LENGTH_UNIT() NAMED_UNIT(*) SI_UNIT(.MILLI.,.METRE.) );
#5683 = ( NAMED_UNIT(*) PLANE_ANGLE_UNIT() SI_UNIT($,.RADIAN.) );
#5684 = ( NAMED_UNIT(*) SI_UNIT($,.STERADIAN.) SOLID_ANGLE_UNIT() );
#5685 = UNCERTAINTY_MEASURE_WITH_UNIT(LENGTH_MEASURE(1.E-07),#5682,
  'distance_accuracy_value','confusion accuracy');
#5686 = CONTEXT_DEPENDENT_SHAPE_REPRESENTATION(#5687,#5689);
#5687 = ( REPRESENTATION_RELATIONSHIP('','',#5255,#10) 
REPRESENTATION_RELATIONSHIP_WITH_TRANSFORMATION(#5688) 
SHAPE_REPRESENTATION_RELATIONSHIP() );
#5688 = ITEM_DEFINED_TRANSFORMATION('','',#11,#27);
#5689 = PRODUCT_DEFINITION_SHAPE('Placement','Placement of an item',
  #5690);
#5690 = NEXT_ASSEMBLY_USAGE_OCCURRENCE('4','D1','',#5,#5250,$);
#5691 = PRODUCT_RELATED_PRODUCT_CATEGORY('part',$,(#5252));
#5692 = SHAPE_DEFINITION_REPRESENTATION(#5693,#5699);
#5693 = PRODUCT_DEFINITION_SHAPE('','',#5694);
#5694 = PRODUCT_DEFINITION('design','',#5695,#5698);
#5695 = PRODUCT_DEFINITION_FORMATION('','',#5696);
#5696 = PRODUCT('SW_PUSH_6mm','SW_PUSH_6mm','',(#5697));
#5697 = PRODUCT_CONTEXT('',#2,'mechanical');
#5698 = PRODUCT_DEFINITION_CONTEXT('part definition',#2,'design');
#5699 = ADVANCED_BREP_SHAPE_REPRESENTATION('',(#11,#5700),#8929);
#5700 = MANIFOLD_SOLID_BREP('',#5701);
#5701 = CLOSED_SHELL('',(#5702,#5719,#5744,#5867,#5898,#5923,#5948,#5972
    ,#5996,#6021,#6046,#6063,#6088,#6113,#6138,#6163,#6194,#6219,#6244,
    #6332,#6420,#6445,#6470,#6487,#6496,#6522,#6531,#6540,#6584,#6734,
    #6758,#6901,#7051,#7201,#7218,#7368,#7392,#7535,#7685,#7835,#7852,
    #7861,#7878,#7895,#7912,#7929,#7951,#7968,#7985,#8002,#8019,#8031,
    #8048,#8065,#8082,#8099,#8116,#8133,#8150,#8167,#8179,#8201,#8218,
    #8235,#8252,#8269,#8281,#8298,#8315,#8332,#8349,#8366,#8383,#8400,
    #8417,#8429,#8451,#8468,#8485,#8502,#8519,#8531,#8548,#8565,#8582,
    #8599,#8616,#8633,#8650,#8667,#8679,#8701,#8718,#8735,#8752,#8769,
    #8781,#8798,#8815,#8832,#8849,#8866,#8883,#8900,#8917));
#5702 = ADVANCED_FACE('',(#5703),#5714,.F.);
#5703 = FACE_BOUND('',#5704,.T.);
#5704 = EDGE_LOOP('',(#5705));
#5705 = ORIENTED_EDGE('',*,*,#5706,.T.);
#5706 = EDGE_CURVE('',#5707,#5707,#5709,.T.);
#5707 = VERTEX_POINT('',#5708);
#5708 = CARTESIAN_POINT('',(1.65,-4.25,4.1));
#5709 = CIRCLE('',#5710,0.5);
#5710 = AXIS2_PLACEMENT_3D('',#5711,#5712,#5713);
#5711 = CARTESIAN_POINT('',(1.15,-4.25,4.1));
#5712 = DIRECTION('',(0.,0.,1.));
#5713 = DIRECTION('',(1.,0.,-0.));
#5714 = PLANE('',#5715);
#5715 = AXIS2_PLACEMENT_3D('',#5716,#5717,#5718);
#5716 = CARTESIAN_POINT('',(1.65,-4.25,4.1));
#5717 = DIRECTION('',(0.,0.,-1.));
#5718 = DIRECTION('',(-1.,0.,0.));
#5719 = ADVANCED_FACE('',(#5720),#5739,.T.);
#5720 = FACE_BOUND('',#5721,.T.);
#5721 = EDGE_LOOP('',(#5722,#5730,#5731,#5732));
#5722 = ORIENTED_EDGE('',*,*,#5723,.T.);
#5723 = EDGE_CURVE('',#5724,#5707,#5726,.T.);
#5724 = VERTEX_POINT('',#5725);
#5725 = CARTESIAN_POINT('',(1.65,-4.25,3.6));
#5726 = LINE('',#5727,#5728);
#5727 = CARTESIAN_POINT('',(1.65,-4.25,3.5));
#5728 = VECTOR('',#5729,1.);
#5729 = DIRECTION('',(0.,0.,1.));
#5730 = ORIENTED_EDGE('',*,*,#5706,.F.);
#5731 = ORIENTED_EDGE('',*,*,#5723,.F.);
#5732 = ORIENTED_EDGE('',*,*,#5733,.F.);
#5733 = EDGE_CURVE('',#5724,#5724,#5734,.T.);
#5734 = CIRCLE('',#5735,0.5);
#5735 = AXIS2_PLACEMENT_3D('',#5736,#5737,#5738);
#5736 = CARTESIAN_POINT('',(1.15,-4.25,3.6));
#5737 = DIRECTION('',(0.,0.,-1.));
#5738 = DIRECTION('',(1.,0.,0.));
#5739 = CYLINDRICAL_SURFACE('',#5740,0.5);
#5740 = AXIS2_PLACEMENT_3D('',#5741,#5742,#5743);
#5741 = CARTESIAN_POINT('',(1.15,-4.25,3.5));
#5742 = DIRECTION('',(-0.,-0.,-1.));
#5743 = DIRECTION('',(1.,0.,0.));
#5744 = ADVANCED_FACE('',(#5745,#5815,#5826,#5837,#5848,#5859),#5862,.F.
  );
#5745 = FACE_BOUND('',#5746,.F.);
#5746 = EDGE_LOOP('',(#5747,#5757,#5766,#5774,#5783,#5791,#5800,#5808));
#5747 = ORIENTED_EDGE('',*,*,#5748,.F.);
#5748 = EDGE_CURVE('',#5749,#5751,#5753,.T.);
#5749 = VERTEX_POINT('',#5750);
#5750 = CARTESIAN_POINT('',(0.45,-5.25,3.6));
#5751 = VERTEX_POINT('',#5752);
#5752 = CARTESIAN_POINT('',(5.85,-5.25,3.6));
#5753 = LINE('',#5754,#5755);
#5754 = CARTESIAN_POINT('',(0.15,-5.25,3.6));
#5755 = VECTOR('',#5756,1.);
#5756 = DIRECTION('',(1.,0.,0.));
#5757 = ORIENTED_EDGE('',*,*,#5758,.T.);
#5758 = EDGE_CURVE('',#5749,#5759,#5761,.T.);
#5759 = VERTEX_POINT('',#5760);
#5760 = CARTESIAN_POINT('',(0.15,-4.95,3.6));
#5761 = CIRCLE('',#5762,0.3);
#5762 = AXIS2_PLACEMENT_3D('',#5763,#5764,#5765);
#5763 = CARTESIAN_POINT('',(0.45,-4.95,3.6));
#5764 = DIRECTION('',(-0.,-0.,-1.));
#5765 = DIRECTION('',(0.,-1.,0.));
#5766 = ORIENTED_EDGE('',*,*,#5767,.F.);
#5767 = EDGE_CURVE('',#5768,#5759,#5770,.T.);
#5768 = VERTEX_POINT('',#5769);
#5769 = CARTESIAN_POINT('',(0.15,0.45,3.6));
#5770 = LINE('',#5771,#5772);
#5771 = CARTESIAN_POINT('',(0.15,0.75,3.6));
#5772 = VECTOR('',#5773,1.);
#5773 = DIRECTION('',(0.,-1.,0.));
#5774 = ORIENTED_EDGE('',*,*,#5775,.F.);
#5775 = EDGE_CURVE('',#5776,#5768,#5778,.T.);
#5776 = VERTEX_POINT('',#5777);
#5777 = CARTESIAN_POINT('',(0.45,0.75,3.6));
#5778 = CIRCLE('',#5779,0.3);
#5779 = AXIS2_PLACEMENT_3D('',#5780,#5781,#5782);
#5780 = CARTESIAN_POINT('',(0.45,0.45,3.6));
#5781 = DIRECTION('',(-0.,0.,1.));
#5782 = DIRECTION('',(0.,-1.,0.));
#5783 = ORIENTED_EDGE('',*,*,#5784,.F.);
#5784 = EDGE_CURVE('',#5785,#5776,#5787,.T.);
#5785 = VERTEX_POINT('',#5786);
#5786 = CARTESIAN_POINT('',(5.85,0.75,3.6));
#5787 = LINE('',#5788,#5789);
#5788 = CARTESIAN_POINT('',(6.15,0.75,3.6));
#5789 = VECTOR('',#5790,1.);
#5790 = DIRECTION('',(-1.,0.,0.));
#5791 = ORIENTED_EDGE('',*,*,#5792,.F.);
#5792 = EDGE_CURVE('',#5793,#5785,#5795,.T.);
#5793 = VERTEX_POINT('',#5794);
#5794 = CARTESIAN_POINT('',(6.15,0.45,3.6));
#5795 = CIRCLE('',#5796,0.3);
#5796 = AXIS2_PLACEMENT_3D('',#5797,#5798,#5799);
#5797 = CARTESIAN_POINT('',(5.85,0.45,3.6));
#5798 = DIRECTION('',(-0.,0.,1.));
#5799 = DIRECTION('',(0.,-1.,0.));
#5800 = ORIENTED_EDGE('',*,*,#5801,.F.);
#5801 = EDGE_CURVE('',#5802,#5793,#5804,.T.);
#5802 = VERTEX_POINT('',#5803);
#5803 = CARTESIAN_POINT('',(6.15,-4.95,3.6));
#5804 = LINE('',#5805,#5806);
#5805 = CARTESIAN_POINT('',(6.15,-5.25,3.6));
#5806 = VECTOR('',#5807,1.);
#5807 = DIRECTION('',(0.,1.,0.));
#5808 = ORIENTED_EDGE('',*,*,#5809,.F.);
#5809 = EDGE_CURVE('',#5751,#5802,#5810,.T.);
#5810 = CIRCLE('',#5811,0.3);
#5811 = AXIS2_PLACEMENT_3D('',#5812,#5813,#5814);
#5812 = CARTESIAN_POINT('',(5.85,-4.95,3.6));
#5813 = DIRECTION('',(-0.,0.,1.));
#5814 = DIRECTION('',(0.,-1.,0.));
#5815 = FACE_BOUND('',#5816,.F.);
#5816 = EDGE_LOOP('',(#5817));
#5817 = ORIENTED_EDGE('',*,*,#5818,.F.);
#5818 = EDGE_CURVE('',#5819,#5819,#5821,.T.);
#5819 = VERTEX_POINT('',#5820);
#5820 = CARTESIAN_POINT('',(5.65,-4.25,3.6));
#5821 = CIRCLE('',#5822,0.5);
#5822 = AXIS2_PLACEMENT_3D('',#5823,#5824,#5825);
#5823 = CARTESIAN_POINT('',(5.15,-4.25,3.6));
#5824 = DIRECTION('',(0.,0.,-1.));
#5825 = DIRECTION('',(1.,0.,0.));
#5826 = FACE_BOUND('',#5827,.F.);
#5827 = EDGE_LOOP('',(#5828));
#5828 = ORIENTED_EDGE('',*,*,#5829,.F.);
#5829 = EDGE_CURVE('',#5830,#5830,#5832,.T.);
#5830 = VERTEX_POINT('',#5831);
#5831 = CARTESIAN_POINT('',(4.9,-2.25,3.6));
#5832 = CIRCLE('',#5833,1.75);
#5833 = AXIS2_PLACEMENT_3D('',#5834,#5835,#5836);
#5834 = CARTESIAN_POINT('',(3.15,-2.25,3.6));
#5835 = DIRECTION('',(0.,0.,-1.));
#5836 = DIRECTION('',(1.,0.,0.));
#5837 = FACE_BOUND('',#5838,.F.);
#5838 = EDGE_LOOP('',(#5839));
#5839 = ORIENTED_EDGE('',*,*,#5840,.F.);
#5840 = EDGE_CURVE('',#5841,#5841,#5843,.T.);
#5841 = VERTEX_POINT('',#5842);
#5842 = CARTESIAN_POINT('',(1.65,-0.25,3.6));
#5843 = CIRCLE('',#5844,0.5);
#5844 = AXIS2_PLACEMENT_3D('',#5845,#5846,#5847);
#5845 = CARTESIAN_POINT('',(1.15,-0.25,3.6));
#5846 = DIRECTION('',(0.,0.,-1.));
#5847 = DIRECTION('',(1.,0.,0.));
#5848 = FACE_BOUND('',#5849,.F.);
#5849 = EDGE_LOOP('',(#5850));
#5850 = ORIENTED_EDGE('',*,*,#5851,.F.);
#5851 = EDGE_CURVE('',#5852,#5852,#5854,.T.);
#5852 = VERTEX_POINT('',#5853);
#5853 = CARTESIAN_POINT('',(5.65,-0.25,3.6));
#5854 = CIRCLE('',#5855,0.5);
#5855 = AXIS2_PLACEMENT_3D('',#5856,#5857,#5858);
#5856 = CARTESIAN_POINT('',(5.15,-0.25,3.6));
#5857 = DIRECTION('',(0.,0.,-1.));
#5858 = DIRECTION('',(1.,0.,0.));
#5859 = FACE_BOUND('',#5860,.F.);
#5860 = EDGE_LOOP('',(#5861));
#5861 = ORIENTED_EDGE('',*,*,#5733,.F.);
#5862 = PLANE('',#5863);
#5863 = AXIS2_PLACEMENT_3D('',#5864,#5865,#5866);
#5864 = CARTESIAN_POINT('',(0.15,-5.25,3.6));
#5865 = DIRECTION('',(0.,0.,-1.));
#5866 = DIRECTION('',(-1.,0.,0.));
#5867 = ADVANCED_FACE('',(#5868),#5893,.F.);
#5868 = FACE_BOUND('',#5869,.F.);
#5869 = EDGE_LOOP('',(#5870,#5880,#5886,#5887));
#5870 = ORIENTED_EDGE('',*,*,#5871,.F.);
#5871 = EDGE_CURVE('',#5872,#5874,#5876,.T.);
#5872 = VERTEX_POINT('',#5873);
#5873 = CARTESIAN_POINT('',(0.45,-5.25,3.5));
#5874 = VERTEX_POINT('',#5875);
#5875 = CARTESIAN_POINT('',(5.85,-5.25,3.5));
#5876 = LINE('',#5877,#5878);
#5877 = CARTESIAN_POINT('',(0.15,-5.25,3.5));
#5878 = VECTOR('',#5879,1.);
#5879 = DIRECTION('',(1.,0.,0.));
#5880 = ORIENTED_EDGE('',*,*,#5881,.T.);
#5881 = EDGE_CURVE('',#5872,#5749,#5882,.T.);
#5882 = LINE('',#5883,#5884);
#5883 = CARTESIAN_POINT('',(0.45,-5.25,3.5));
#5884 = VECTOR('',#5885,1.);
#5885 = DIRECTION('',(0.,0.,1.));
#5886 = ORIENTED_EDGE('',*,*,#5748,.T.);
#5887 = ORIENTED_EDGE('',*,*,#5888,.F.);
#5888 = EDGE_CURVE('',#5874,#5751,#5889,.T.);
#5889 = LINE('',#5890,#5891);
#5890 = CARTESIAN_POINT('',(5.85,-5.25,3.5));
#5891 = VECTOR('',#5892,1.);
#5892 = DIRECTION('',(0.,0.,1.));
#5893 = PLANE('',#5894);
#5894 = AXIS2_PLACEMENT_3D('',#5895,#5896,#5897);
#5895 = CARTESIAN_POINT('',(0.15,-5.25,3.5));
#5896 = DIRECTION('',(0.,1.,0.));
#5897 = DIRECTION('',(1.,0.,0.));
#5898 = ADVANCED_FACE('',(#5899),#5918,.T.);
#5899 = FACE_BOUND('',#5900,.T.);
#5900 = EDGE_LOOP('',(#5901,#5902,#5903,#5911));
#5901 = ORIENTED_EDGE('',*,*,#5881,.T.);
#5902 = ORIENTED_EDGE('',*,*,#5758,.T.);
#5903 = ORIENTED_EDGE('',*,*,#5904,.F.);
#5904 = EDGE_CURVE('',#5905,#5759,#5907,.T.);
#5905 = VERTEX_POINT('',#5906);
#5906 = CARTESIAN_POINT('',(0.15,-4.95,3.5));
#5907 = LINE('',#5908,#5909);
#5908 = CARTESIAN_POINT('',(0.15,-4.95,3.5));
#5909 = VECTOR('',#5910,1.);
#5910 = DIRECTION('',(0.,0.,1.));
#5911 = ORIENTED_EDGE('',*,*,#5912,.F.);
#5912 = EDGE_CURVE('',#5872,#5905,#5913,.T.);
#5913 = CIRCLE('',#5914,0.3);
#5914 = AXIS2_PLACEMENT_3D('',#5915,#5916,#5917);
#5915 = CARTESIAN_POINT('',(0.45,-4.95,3.5));
#5916 = DIRECTION('',(-0.,-0.,-1.));
#5917 = DIRECTION('',(0.,-1.,0.));
#5918 = CYLINDRICAL_SURFACE('',#5919,0.3);
#5919 = AXIS2_PLACEMENT_3D('',#5920,#5921,#5922);
#5920 = CARTESIAN_POINT('',(0.45,-4.95,3.5));
#5921 = DIRECTION('',(0.,0.,1.));
#5922 = DIRECTION('',(0.,-1.,0.));
#5923 = ADVANCED_FACE('',(#5924),#5943,.T.);
#5924 = FACE_BOUND('',#5925,.T.);
#5925 = EDGE_LOOP('',(#5926,#5935,#5941,#5942));
#5926 = ORIENTED_EDGE('',*,*,#5927,.T.);
#5927 = EDGE_CURVE('',#5874,#5928,#5930,.T.);
#5928 = VERTEX_POINT('',#5929);
#5929 = CARTESIAN_POINT('',(6.15,-4.95,3.5));
#5930 = CIRCLE('',#5931,0.3);
#5931 = AXIS2_PLACEMENT_3D('',#5932,#5933,#5934);
#5932 = CARTESIAN_POINT('',(5.85,-4.95,3.5));
#5933 = DIRECTION('',(-0.,0.,1.));
#5934 = DIRECTION('',(0.,-1.,0.));
#5935 = ORIENTED_EDGE('',*,*,#5936,.T.);
#5936 = EDGE_CURVE('',#5928,#5802,#5937,.T.);
#5937 = LINE('',#5938,#5939);
#5938 = CARTESIAN_POINT('',(6.15,-4.95,3.5));
#5939 = VECTOR('',#5940,1.);
#5940 = DIRECTION('',(0.,0.,1.));
#5941 = ORIENTED_EDGE('',*,*,#5809,.F.);
#5942 = ORIENTED_EDGE('',*,*,#5888,.F.);
#5943 = CYLINDRICAL_SURFACE('',#5944,0.3);
#5944 = AXIS2_PLACEMENT_3D('',#5945,#5946,#5947);
#5945 = CARTESIAN_POINT('',(5.85,-4.95,3.5));
#5946 = DIRECTION('',(0.,0.,1.));
#5947 = DIRECTION('',(0.,-1.,0.));
#5948 = ADVANCED_FACE('',(#5949),#5967,.F.);
#5949 = FACE_BOUND('',#5950,.F.);
#5950 = EDGE_LOOP('',(#5951,#5959,#5965,#5966));
#5951 = ORIENTED_EDGE('',*,*,#5952,.F.);
#5952 = EDGE_CURVE('',#5953,#5905,#5955,.T.);
#5953 = VERTEX_POINT('',#5954);
#5954 = CARTESIAN_POINT('',(0.15,0.45,3.5));
#5955 = LINE('',#5956,#5957);
#5956 = CARTESIAN_POINT('',(0.15,0.75,3.5));
#5957 = VECTOR('',#5958,1.);
#5958 = DIRECTION('',(0.,-1.,0.));
#5959 = ORIENTED_EDGE('',*,*,#5960,.T.);
#5960 = EDGE_CURVE('',#5953,#5768,#5961,.T.);
#5961 = LINE('',#5962,#5963);
#5962 = CARTESIAN_POINT('',(0.15,0.45,3.5));
#5963 = VECTOR('',#5964,1.);
#5964 = DIRECTION('',(0.,0.,1.));
#5965 = ORIENTED_EDGE('',*,*,#5767,.T.);
#5966 = ORIENTED_EDGE('',*,*,#5904,.F.);
#5967 = PLANE('',#5968);
#5968 = AXIS2_PLACEMENT_3D('',#5969,#5970,#5971);
#5969 = CARTESIAN_POINT('',(0.15,0.75,3.5));
#5970 = DIRECTION('',(1.,0.,0.));
#5971 = DIRECTION('',(0.,-1.,0.));
#5972 = ADVANCED_FACE('',(#5973),#5991,.F.);
#5973 = FACE_BOUND('',#5974,.F.);
#5974 = EDGE_LOOP('',(#5975,#5983,#5984,#5985));
#5975 = ORIENTED_EDGE('',*,*,#5976,.F.);
#5976 = EDGE_CURVE('',#5928,#5977,#5979,.T.);
#5977 = VERTEX_POINT('',#5978);
#5978 = CARTESIAN_POINT('',(6.15,0.45,3.5));
#5979 = LINE('',#5980,#5981);
#5980 = CARTESIAN_POINT('',(6.15,-5.25,3.5));
#5981 = VECTOR('',#5982,1.);
#5982 = DIRECTION('',(0.,1.,0.));
#5983 = ORIENTED_EDGE('',*,*,#5936,.T.);
#5984 = ORIENTED_EDGE('',*,*,#5801,.T.);
#5985 = ORIENTED_EDGE('',*,*,#5986,.F.);
#5986 = EDGE_CURVE('',#5977,#5793,#5987,.T.);
#5987 = LINE('',#5988,#5989);
#5988 = CARTESIAN_POINT('',(6.15,0.45,3.5));
#5989 = VECTOR('',#5990,1.);
#5990 = DIRECTION('',(0.,0.,1.));
#5991 = PLANE('',#5992);
#5992 = AXIS2_PLACEMENT_3D('',#5993,#5994,#5995);
#5993 = CARTESIAN_POINT('',(6.15,-5.25,3.5));
#5994 = DIRECTION('',(-1.,0.,0.));
#5995 = DIRECTION('',(0.,1.,0.));
#5996 = ADVANCED_FACE('',(#5997),#6016,.T.);
#5997 = FACE_BOUND('',#5998,.T.);
#5998 = EDGE_LOOP('',(#5999,#6008,#6009,#6010));
#5999 = ORIENTED_EDGE('',*,*,#6000,.T.);
#6000 = EDGE_CURVE('',#6001,#5953,#6003,.T.);
#6001 = VERTEX_POINT('',#6002);
#6002 = CARTESIAN_POINT('',(0.45,0.75,3.5));
#6003 = CIRCLE('',#6004,0.3);
#6004 = AXIS2_PLACEMENT_3D('',#6005,#6006,#6007);
#6005 = CARTESIAN_POINT('',(0.45,0.45,3.5));
#6006 = DIRECTION('',(-0.,0.,1.));
#6007 = DIRECTION('',(0.,-1.,0.));
#6008 = ORIENTED_EDGE('',*,*,#5960,.T.);
#6009 = ORIENTED_EDGE('',*,*,#5775,.F.);
#6010 = ORIENTED_EDGE('',*,*,#6011,.F.);
#6011 = EDGE_CURVE('',#6001,#5776,#6012,.T.);
#6012 = LINE('',#6013,#6014);
#6013 = CARTESIAN_POINT('',(0.45,0.75,3.5));
#6014 = VECTOR('',#6015,1.);
#6015 = DIRECTION('',(0.,0.,1.));
#6016 = CYLINDRICAL_SURFACE('',#6017,0.3);
#6017 = AXIS2_PLACEMENT_3D('',#6018,#6019,#6020);
#6018 = CARTESIAN_POINT('',(0.45,0.45,3.5));
#6019 = DIRECTION('',(0.,0.,1.));
#6020 = DIRECTION('',(0.,1.,0.));
#6021 = ADVANCED_FACE('',(#6022),#6041,.T.);
#6022 = FACE_BOUND('',#6023,.T.);
#6023 = EDGE_LOOP('',(#6024,#6033,#6039,#6040));
#6024 = ORIENTED_EDGE('',*,*,#6025,.T.);
#6025 = EDGE_CURVE('',#5977,#6026,#6028,.T.);
#6026 = VERTEX_POINT('',#6027);
#6027 = CARTESIAN_POINT('',(5.85,0.75,3.5));
#6028 = CIRCLE('',#6029,0.3);
#6029 = AXIS2_PLACEMENT_3D('',#6030,#6031,#6032);
#6030 = CARTESIAN_POINT('',(5.85,0.45,3.5));
#6031 = DIRECTION('',(-0.,0.,1.));
#6032 = DIRECTION('',(0.,-1.,0.));
#6033 = ORIENTED_EDGE('',*,*,#6034,.T.);
#6034 = EDGE_CURVE('',#6026,#5785,#6035,.T.);
#6035 = LINE('',#6036,#6037);
#6036 = CARTESIAN_POINT('',(5.85,0.75,3.5));
#6037 = VECTOR('',#6038,1.);
#6038 = DIRECTION('',(0.,0.,1.));
#6039 = ORIENTED_EDGE('',*,*,#5792,.F.);
#6040 = ORIENTED_EDGE('',*,*,#5986,.F.);
#6041 = CYLINDRICAL_SURFACE('',#6042,0.3);
#6042 = AXIS2_PLACEMENT_3D('',#6043,#6044,#6045);
#6043 = CARTESIAN_POINT('',(5.85,0.45,3.5));
#6044 = DIRECTION('',(0.,0.,1.));
#6045 = DIRECTION('',(1.,0.,-0.));
#6046 = ADVANCED_FACE('',(#6047),#6058,.F.);
#6047 = FACE_BOUND('',#6048,.F.);
#6048 = EDGE_LOOP('',(#6049,#6055,#6056,#6057));
#6049 = ORIENTED_EDGE('',*,*,#6050,.F.);
#6050 = EDGE_CURVE('',#6026,#6001,#6051,.T.);
#6051 = LINE('',#6052,#6053);
#6052 = CARTESIAN_POINT('',(6.15,0.75,3.5));
#6053 = VECTOR('',#6054,1.);
#6054 = DIRECTION('',(-1.,0.,0.));
#6055 = ORIENTED_EDGE('',*,*,#6034,.T.);
#6056 = ORIENTED_EDGE('',*,*,#5784,.T.);
#6057 = ORIENTED_EDGE('',*,*,#6011,.F.);
#6058 = PLANE('',#6059);
#6059 = AXIS2_PLACEMENT_3D('',#6060,#6061,#6062);
#6060 = CARTESIAN_POINT('',(6.15,0.75,3.5));
#6061 = DIRECTION('',(0.,-1.,0.));
#6062 = DIRECTION('',(-1.,0.,0.));
#6063 = ADVANCED_FACE('',(#6064),#6083,.T.);
#6064 = FACE_BOUND('',#6065,.T.);
#6065 = EDGE_LOOP('',(#6066,#6074,#6081,#6082));
#6066 = ORIENTED_EDGE('',*,*,#6067,.T.);
#6067 = EDGE_CURVE('',#5819,#6068,#6070,.T.);
#6068 = VERTEX_POINT('',#6069);
#6069 = CARTESIAN_POINT('',(5.65,-4.25,4.1));
#6070 = LINE('',#6071,#6072);
#6071 = CARTESIAN_POINT('',(5.65,-4.25,3.5));
#6072 = VECTOR('',#6073,1.);
#6073 = DIRECTION('',(0.,0.,1.));
#6074 = ORIENTED_EDGE('',*,*,#6075,.F.);
#6075 = EDGE_CURVE('',#6068,#6068,#6076,.T.);
#6076 = CIRCLE('',#6077,0.5);
#6077 = AXIS2_PLACEMENT_3D('',#6078,#6079,#6080);
#6078 = CARTESIAN_POINT('',(5.15,-4.25,4.1));
#6079 = DIRECTION('',(0.,0.,1.));
#6080 = DIRECTION('',(1.,0.,-0.));
#6081 = ORIENTED_EDGE('',*,*,#6067,.F.);
#6082 = ORIENTED_EDGE('',*,*,#5818,.F.);
#6083 = CYLINDRICAL_SURFACE('',#6084,0.5);
#6084 = AXIS2_PLACEMENT_3D('',#6085,#6086,#6087);
#6085 = CARTESIAN_POINT('',(5.15,-4.25,3.5));
#6086 = DIRECTION('',(-0.,-0.,-1.));
#6087 = DIRECTION('',(1.,0.,0.));
#6088 = ADVANCED_FACE('',(#6089),#6108,.T.);
#6089 = FACE_BOUND('',#6090,.T.);
#6090 = EDGE_LOOP('',(#6091,#6099,#6106,#6107));
#6091 = ORIENTED_EDGE('',*,*,#6092,.T.);
#6092 = EDGE_CURVE('',#5830,#6093,#6095,.T.);
#6093 = VERTEX_POINT('',#6094);
#6094 = CARTESIAN_POINT('',(4.9,-2.25,4.2));
#6095 = LINE('',#6096,#6097);
#6096 = CARTESIAN_POINT('',(4.9,-2.25,3.5));
#6097 = VECTOR('',#6098,1.);
#6098 = DIRECTION('',(0.,0.,1.));
#6099 = ORIENTED_EDGE('',*,*,#6100,.F.);
#6100 = EDGE_CURVE('',#6093,#6093,#6101,.T.);
#6101 = CIRCLE('',#6102,1.75);
#6102 = AXIS2_PLACEMENT_3D('',#6103,#6104,#6105);
#6103 = CARTESIAN_POINT('',(3.15,-2.25,4.2));
#6104 = DIRECTION('',(0.,0.,1.));
#6105 = DIRECTION('',(1.,0.,-0.));
#6106 = ORIENTED_EDGE('',*,*,#6092,.F.);
#6107 = ORIENTED_EDGE('',*,*,#5829,.F.);
#6108 = CYLINDRICAL_SURFACE('',#6109,1.75);
#6109 = AXIS2_PLACEMENT_3D('',#6110,#6111,#6112);
#6110 = CARTESIAN_POINT('',(3.15,-2.25,3.5));
#6111 = DIRECTION('',(-0.,-0.,-1.));
#6112 = DIRECTION('',(1.,0.,0.));
#6113 = ADVANCED_FACE('',(#6114),#6133,.T.);
#6114 = FACE_BOUND('',#6115,.T.);
#6115 = EDGE_LOOP('',(#6116,#6124,#6131,#6132));
#6116 = ORIENTED_EDGE('',*,*,#6117,.T.);
#6117 = EDGE_CURVE('',#5841,#6118,#6120,.T.);
#6118 = VERTEX_POINT('',#6119);
#6119 = CARTESIAN_POINT('',(1.65,-0.25,4.1));
#6120 = LINE('',#6121,#6122);
#6121 = CARTESIAN_POINT('',(1.65,-0.25,3.5));
#6122 = VECTOR('',#6123,1.);
#6123 = DIRECTION('',(0.,0.,1.));
#6124 = ORIENTED_EDGE('',*,*,#6125,.F.);
#6125 = EDGE_CURVE('',#6118,#6118,#6126,.T.);
#6126 = CIRCLE('',#6127,0.5);
#6127 = AXIS2_PLACEMENT_3D('',#6128,#6129,#6130);
#6128 = CARTESIAN_POINT('',(1.15,-0.25,4.1));
#6129 = DIRECTION('',(0.,0.,1.));
#6130 = DIRECTION('',(1.,0.,-0.));
#6131 = ORIENTED_EDGE('',*,*,#6117,.F.);
#6132 = ORIENTED_EDGE('',*,*,#5840,.F.);
#6133 = CYLINDRICAL_SURFACE('',#6134,0.5);
#6134 = AXIS2_PLACEMENT_3D('',#6135,#6136,#6137);
#6135 = CARTESIAN_POINT('',(1.15,-0.25,3.5));
#6136 = DIRECTION('',(-0.,-0.,-1.));
#6137 = DIRECTION('',(1.,0.,0.));
#6138 = ADVANCED_FACE('',(#6139),#6158,.T.);
#6139 = FACE_BOUND('',#6140,.T.);
#6140 = EDGE_LOOP('',(#6141,#6149,#6156,#6157));
#6141 = ORIENTED_EDGE('',*,*,#6142,.T.);
#6142 = EDGE_CURVE('',#5852,#6143,#6145,.T.);
#6143 = VERTEX_POINT('',#6144);
#6144 = CARTESIAN_POINT('',(5.65,-0.25,4.1));
#6145 = LINE('',#6146,#6147);
#6146 = CARTESIAN_POINT('',(5.65,-0.25,3.5));
#6147 = VECTOR('',#6148,1.);
#6148 = DIRECTION('',(0.,0.,1.));
#6149 = ORIENTED_EDGE('',*,*,#6150,.F.);
#6150 = EDGE_CURVE('',#6143,#6143,#6151,.T.);
#6151 = CIRCLE('',#6152,0.5);
#6152 = AXIS2_PLACEMENT_3D('',#6153,#6154,#6155);
#6153 = CARTESIAN_POINT('',(5.15,-0.25,4.1));
#6154 = DIRECTION('',(0.,0.,1.));
#6155 = DIRECTION('',(1.,0.,-0.));
#6156 = ORIENTED_EDGE('',*,*,#6142,.F.);
#6157 = ORIENTED_EDGE('',*,*,#5851,.F.);
#6158 = CYLINDRICAL_SURFACE('',#6159,0.5);
#6159 = AXIS2_PLACEMENT_3D('',#6160,#6161,#6162);
#6160 = CARTESIAN_POINT('',(5.15,-0.25,3.5));
#6161 = DIRECTION('',(-0.,-0.,-1.));
#6162 = DIRECTION('',(1.,0.,0.));
#6163 = ADVANCED_FACE('',(#6164),#6189,.F.);
#6164 = FACE_BOUND('',#6165,.F.);
#6165 = EDGE_LOOP('',(#6166,#6176,#6182,#6183));
#6166 = ORIENTED_EDGE('',*,*,#6167,.F.);
#6167 = EDGE_CURVE('',#6168,#6170,#6172,.T.);
#6168 = VERTEX_POINT('',#6169);
#6169 = CARTESIAN_POINT('',(0.45,-5.25,0.));
#6170 = VERTEX_POINT('',#6171);
#6171 = CARTESIAN_POINT('',(5.85,-5.25,0.));
#6172 = LINE('',#6173,#6174);
#6173 = CARTESIAN_POINT('',(0.15,-5.25,0.));
#6174 = VECTOR('',#6175,1.);
#6175 = DIRECTION('',(1.,0.,0.));
#6176 = ORIENTED_EDGE('',*,*,#6177,.T.);
#6177 = EDGE_CURVE('',#6168,#5872,#6178,.T.);
#6178 = LINE('',#6179,#6180);
#6179 = CARTESIAN_POINT('',(0.45,-5.25,0.));
#6180 = VECTOR('',#6181,1.);
#6181 = DIRECTION('',(0.,0.,1.));
#6182 = ORIENTED_EDGE('',*,*,#5871,.T.);
#6183 = ORIENTED_EDGE('',*,*,#6184,.F.);
#6184 = EDGE_CURVE('',#6170,#5874,#6185,.T.);
#6185 = LINE('',#6186,#6187);
#6186 = CARTESIAN_POINT('',(5.85,-5.25,0.));
#6187 = VECTOR('',#6188,1.);
#6188 = DIRECTION('',(0.,0.,1.));
#6189 = PLANE('',#6190);
#6190 = AXIS2_PLACEMENT_3D('',#6191,#6192,#6193);
#6191 = CARTESIAN_POINT('',(0.15,-5.25,0.));
#6192 = DIRECTION('',(0.,1.,0.));
#6193 = DIRECTION('',(1.,0.,0.));
#6194 = ADVANCED_FACE('',(#6195),#6214,.T.);
#6195 = FACE_BOUND('',#6196,.T.);
#6196 = EDGE_LOOP('',(#6197,#6198,#6199,#6207));
#6197 = ORIENTED_EDGE('',*,*,#6177,.T.);
#6198 = ORIENTED_EDGE('',*,*,#5912,.T.);
#6199 = ORIENTED_EDGE('',*,*,#6200,.F.);
#6200 = EDGE_CURVE('',#6201,#5905,#6203,.T.);
#6201 = VERTEX_POINT('',#6202);
#6202 = CARTESIAN_POINT('',(0.15,-4.95,0.));
#6203 = LINE('',#6204,#6205);
#6204 = CARTESIAN_POINT('',(0.15,-4.95,0.));
#6205 = VECTOR('',#6206,1.);
#6206 = DIRECTION('',(0.,0.,1.));
#6207 = ORIENTED_EDGE('',*,*,#6208,.F.);
#6208 = EDGE_CURVE('',#6168,#6201,#6209,.T.);
#6209 = CIRCLE('',#6210,0.3);
#6210 = AXIS2_PLACEMENT_3D('',#6211,#6212,#6213);
#6211 = CARTESIAN_POINT('',(0.45,-4.95,0.));
#6212 = DIRECTION('',(-0.,-0.,-1.));
#6213 = DIRECTION('',(0.,-1.,0.));
#6214 = CYLINDRICAL_SURFACE('',#6215,0.3);
#6215 = AXIS2_PLACEMENT_3D('',#6216,#6217,#6218);
#6216 = CARTESIAN_POINT('',(0.45,-4.95,0.));
#6217 = DIRECTION('',(0.,0.,1.));
#6218 = DIRECTION('',(0.,-1.,0.));
#6219 = ADVANCED_FACE('',(#6220),#6239,.T.);
#6220 = FACE_BOUND('',#6221,.T.);
#6221 = EDGE_LOOP('',(#6222,#6231,#6237,#6238));
#6222 = ORIENTED_EDGE('',*,*,#6223,.T.);
#6223 = EDGE_CURVE('',#6170,#6224,#6226,.T.);
#6224 = VERTEX_POINT('',#6225);
#6225 = CARTESIAN_POINT('',(6.15,-4.95,0.));
#6226 = CIRCLE('',#6227,0.3);
#6227 = AXIS2_PLACEMENT_3D('',#6228,#6229,#6230);
#6228 = CARTESIAN_POINT('',(5.85,-4.95,0.));
#6229 = DIRECTION('',(-0.,0.,1.));
#6230 = DIRECTION('',(0.,-1.,0.));
#6231 = ORIENTED_EDGE('',*,*,#6232,.T.);
#6232 = EDGE_CURVE('',#6224,#5928,#6233,.T.);
#6233 = LINE('',#6234,#6235);
#6234 = CARTESIAN_POINT('',(6.15,-4.95,0.));
#6235 = VECTOR('',#6236,1.);
#6236 = DIRECTION('',(0.,0.,1.));
#6237 = ORIENTED_EDGE('',*,*,#5927,.F.);
#6238 = ORIENTED_EDGE('',*,*,#6184,.F.);
#6239 = CYLINDRICAL_SURFACE('',#6240,0.3);
#6240 = AXIS2_PLACEMENT_3D('',#6241,#6242,#6243);
#6241 = CARTESIAN_POINT('',(5.85,-4.95,0.));
#6242 = DIRECTION('',(0.,0.,1.));
#6243 = DIRECTION('',(0.,-1.,0.));
#6244 = ADVANCED_FACE('',(#6245),#6327,.F.);
#6245 = FACE_BOUND('',#6246,.F.);
#6246 = EDGE_LOOP('',(#6247,#6257,#6263,#6264,#6265,#6273,#6281,#6289,
    #6297,#6305,#6313,#6321));
#6247 = ORIENTED_EDGE('',*,*,#6248,.F.);
#6248 = EDGE_CURVE('',#6249,#6251,#6253,.T.);
#6249 = VERTEX_POINT('',#6250);
#6250 = CARTESIAN_POINT('',(0.15,0.45,0.));
#6251 = VERTEX_POINT('',#6252);
#6252 = CARTESIAN_POINT('',(0.15,0.35,0.));
#6253 = LINE('',#6254,#6255);
#6254 = CARTESIAN_POINT('',(0.15,0.75,0.));
#6255 = VECTOR('',#6256,1.);
#6256 = DIRECTION('',(0.,-1.,0.));
#6257 = ORIENTED_EDGE('',*,*,#6258,.T.);
#6258 = EDGE_CURVE('',#6249,#5953,#6259,.T.);
#6259 = LINE('',#6260,#6261);
#6260 = CARTESIAN_POINT('',(0.15,0.45,0.));
#6261 = VECTOR('',#6262,1.);
#6262 = DIRECTION('',(0.,0.,1.));
#6263 = ORIENTED_EDGE('',*,*,#5952,.T.);
#6264 = ORIENTED_EDGE('',*,*,#6200,.F.);
#6265 = ORIENTED_EDGE('',*,*,#6266,.F.);
#6266 = EDGE_CURVE('',#6267,#6201,#6269,.T.);
#6267 = VERTEX_POINT('',#6268);
#6268 = CARTESIAN_POINT('',(0.15,-4.85,0.));
#6269 = LINE('',#6270,#6271);
#6270 = CARTESIAN_POINT('',(0.15,0.75,0.));
#6271 = VECTOR('',#6272,1.);
#6272 = DIRECTION('',(0.,-1.,0.));
#6273 = ORIENTED_EDGE('',*,*,#6274,.F.);
#6274 = EDGE_CURVE('',#6275,#6267,#6277,.T.);
#6275 = VERTEX_POINT('',#6276);
#6276 = CARTESIAN_POINT('',(0.15,-4.85,1.5));
#6277 = LINE('',#6278,#6279);
#6278 = CARTESIAN_POINT('',(0.15,-4.85,1.5));
#6279 = VECTOR('',#6280,1.);
#6280 = DIRECTION('',(0.,5.551115123126E-16,-1.));
#6281 = ORIENTED_EDGE('',*,*,#6282,.T.);
#6282 = EDGE_CURVE('',#6275,#6283,#6285,.T.);
#6283 = VERTEX_POINT('',#6284);
#6284 = CARTESIAN_POINT('',(0.15,-4.15,1.5));
#6285 = LINE('',#6286,#6287);
#6286 = CARTESIAN_POINT('',(0.15,-4.85,1.5));
#6287 = VECTOR('',#6288,1.);
#6288 = DIRECTION('',(0.,1.,3.330669073875E-16));
#6289 = ORIENTED_EDGE('',*,*,#6290,.T.);
#6290 = EDGE_CURVE('',#6283,#6291,#6293,.T.);
#6291 = VERTEX_POINT('',#6292);
#6292 = CARTESIAN_POINT('',(0.15,-4.15,0.));
#6293 = LINE('',#6294,#6295);
#6294 = CARTESIAN_POINT('',(0.15,-4.15,1.5));
#6295 = VECTOR('',#6296,1.);
#6296 = DIRECTION('',(0.,5.551115123126E-16,-1.));
#6297 = ORIENTED_EDGE('',*,*,#6298,.F.);
#6298 = EDGE_CURVE('',#6299,#6291,#6301,.T.);
#6299 = VERTEX_POINT('',#6300);
#6300 = CARTESIAN_POINT('',(0.15,-0.35,0.));
#6301 = LINE('',#6302,#6303);
#6302 = CARTESIAN_POINT('',(0.15,0.75,0.));
#6303 = VECTOR('',#6304,1.);
#6304 = DIRECTION('',(0.,-1.,0.));
#6305 = ORIENTED_EDGE('',*,*,#6306,.F.);
#6306 = EDGE_CURVE('',#6307,#6299,#6309,.T.);
#6307 = VERTEX_POINT('',#6308);
#6308 = CARTESIAN_POINT('',(0.15,-0.35,1.5));
#6309 = LINE('',#6310,#6311);
#6310 = CARTESIAN_POINT('',(0.15,-0.35,1.5));
#6311 = VECTOR('',#6312,1.);
#6312 = DIRECTION('',(0.,5.551115123126E-16,-1.));
#6313 = ORIENTED_EDGE('',*,*,#6314,.T.);
#6314 = EDGE_CURVE('',#6307,#6315,#6317,.T.);
#6315 = VERTEX_POINT('',#6316);
#6316 = CARTESIAN_POINT('',(0.15,0.35,1.5));
#6317 = LINE('',#6318,#6319);
#6318 = CARTESIAN_POINT('',(0.15,-0.35,1.5));
#6319 = VECTOR('',#6320,1.);
#6320 = DIRECTION('',(0.,1.,3.330669073875E-16));
#6321 = ORIENTED_EDGE('',*,*,#6322,.T.);
#6322 = EDGE_CURVE('',#6315,#6251,#6323,.T.);
#6323 = LINE('',#6324,#6325);
#6324 = CARTESIAN_POINT('',(0.15,0.35,1.5));
#6325 = VECTOR('',#6326,1.);
#6326 = DIRECTION('',(0.,5.551115123126E-16,-1.));
#6327 = PLANE('',#6328);
#6328 = AXIS2_PLACEMENT_3D('',#6329,#6330,#6331);
#6329 = CARTESIAN_POINT('',(0.15,0.75,0.));
#6330 = DIRECTION('',(1.,0.,0.));
#6331 = DIRECTION('',(0.,-1.,0.));
#6332 = ADVANCED_FACE('',(#6333),#6415,.F.);
#6333 = FACE_BOUND('',#6334,.F.);
#6334 = EDGE_LOOP('',(#6335,#6343,#6344,#6345,#6353,#6361,#6369,#6377,
    #6385,#6393,#6401,#6409));
#6335 = ORIENTED_EDGE('',*,*,#6336,.F.);
#6336 = EDGE_CURVE('',#6224,#6337,#6339,.T.);
#6337 = VERTEX_POINT('',#6338);
#6338 = CARTESIAN_POINT('',(6.15,-4.85,0.));
#6339 = LINE('',#6340,#6341);
#6340 = CARTESIAN_POINT('',(6.15,-5.25,0.));
#6341 = VECTOR('',#6342,1.);
#6342 = DIRECTION('',(0.,1.,0.));
#6343 = ORIENTED_EDGE('',*,*,#6232,.T.);
#6344 = ORIENTED_EDGE('',*,*,#5976,.T.);
#6345 = ORIENTED_EDGE('',*,*,#6346,.F.);
#6346 = EDGE_CURVE('',#6347,#5977,#6349,.T.);
#6347 = VERTEX_POINT('',#6348);
#6348 = CARTESIAN_POINT('',(6.15,0.45,0.));
#6349 = LINE('',#6350,#6351);
#6350 = CARTESIAN_POINT('',(6.15,0.45,0.));
#6351 = VECTOR('',#6352,1.);
#6352 = DIRECTION('',(0.,0.,1.));
#6353 = ORIENTED_EDGE('',*,*,#6354,.F.);
#6354 = EDGE_CURVE('',#6355,#6347,#6357,.T.);
#6355 = VERTEX_POINT('',#6356);
#6356 = CARTESIAN_POINT('',(6.15,0.35,0.));
#6357 = LINE('',#6358,#6359);
#6358 = CARTESIAN_POINT('',(6.15,-5.25,0.));
#6359 = VECTOR('',#6360,1.);
#6360 = DIRECTION('',(0.,1.,0.));
#6361 = ORIENTED_EDGE('',*,*,#6362,.F.);
#6362 = EDGE_CURVE('',#6363,#6355,#6365,.T.);
#6363 = VERTEX_POINT('',#6364);
#6364 = CARTESIAN_POINT('',(6.15,0.35,1.5));
#6365 = LINE('',#6366,#6367);
#6366 = CARTESIAN_POINT('',(6.15,0.35,1.5));
#6367 = VECTOR('',#6368,1.);
#6368 = DIRECTION('',(0.,5.551115123126E-16,-1.));
#6369 = ORIENTED_EDGE('',*,*,#6370,.F.);
#6370 = EDGE_CURVE('',#6371,#6363,#6373,.T.);
#6371 = VERTEX_POINT('',#6372);
#6372 = CARTESIAN_POINT('',(6.15,-0.35,1.5));
#6373 = LINE('',#6374,#6375);
#6374 = CARTESIAN_POINT('',(6.15,-0.35,1.5));
#6375 = VECTOR('',#6376,1.);
#6376 = DIRECTION('',(0.,1.,3.330669073875E-16));
#6377 = ORIENTED_EDGE('',*,*,#6378,.T.);
#6378 = EDGE_CURVE('',#6371,#6379,#6381,.T.);
#6379 = VERTEX_POINT('',#6380);
#6380 = CARTESIAN_POINT('',(6.15,-0.35,0.));
#6381 = LINE('',#6382,#6383);
#6382 = CARTESIAN_POINT('',(6.15,-0.35,1.5));
#6383 = VECTOR('',#6384,1.);
#6384 = DIRECTION('',(0.,5.551115123126E-16,-1.));
#6385 = ORIENTED_EDGE('',*,*,#6386,.F.);
#6386 = EDGE_CURVE('',#6387,#6379,#6389,.T.);
#6387 = VERTEX_POINT('',#6388);
#6388 = CARTESIAN_POINT('',(6.15,-4.15,0.));
#6389 = LINE('',#6390,#6391);
#6390 = CARTESIAN_POINT('',(6.15,-5.25,0.));
#6391 = VECTOR('',#6392,1.);
#6392 = DIRECTION('',(0.,1.,0.));
#6393 = ORIENTED_EDGE('',*,*,#6394,.F.);
#6394 = EDGE_CURVE('',#6395,#6387,#6397,.T.);
#6395 = VERTEX_POINT('',#6396);
#6396 = CARTESIAN_POINT('',(6.15,-4.15,1.5));
#6397 = LINE('',#6398,#6399);
#6398 = CARTESIAN_POINT('',(6.15,-4.15,1.5));
#6399 = VECTOR('',#6400,1.);
#6400 = DIRECTION('',(0.,5.551115123126E-16,-1.));
#6401 = ORIENTED_EDGE('',*,*,#6402,.F.);
#6402 = EDGE_CURVE('',#6403,#6395,#6405,.T.);
#6403 = VERTEX_POINT('',#6404);
#6404 = CARTESIAN_POINT('',(6.15,-4.85,1.5));
#6405 = LINE('',#6406,#6407);
#6406 = CARTESIAN_POINT('',(6.15,-4.85,1.5));
#6407 = VECTOR('',#6408,1.);
#6408 = DIRECTION('',(0.,1.,3.330669073875E-16));
#6409 = ORIENTED_EDGE('',*,*,#6410,.T.);
#6410 = EDGE_CURVE('',#6403,#6337,#6411,.T.);
#6411 = LINE('',#6412,#6413);
#6412 = CARTESIAN_POINT('',(6.15,-4.85,1.5));
#6413 = VECTOR('',#6414,1.);
#6414 = DIRECTION('',(0.,5.551115123126E-16,-1.));
#6415 = PLANE('',#6416);
#6416 = AXIS2_PLACEMENT_3D('',#6417,#6418,#6419);
#6417 = CARTESIAN_POINT('',(6.15,-5.25,0.));
#6418 = DIRECTION('',(-1.,0.,0.));
#6419 = DIRECTION('',(0.,1.,0.));
#6420 = ADVANCED_FACE('',(#6421),#6440,.T.);
#6421 = FACE_BOUND('',#6422,.T.);
#6422 = EDGE_LOOP('',(#6423,#6432,#6433,#6434));
#6423 = ORIENTED_EDGE('',*,*,#6424,.T.);
#6424 = EDGE_CURVE('',#6425,#6249,#6427,.T.);
#6425 = VERTEX_POINT('',#6426);
#6426 = CARTESIAN_POINT('',(0.45,0.75,0.));
#6427 = CIRCLE('',#6428,0.3);
#6428 = AXIS2_PLACEMENT_3D('',#6429,#6430,#6431);
#6429 = CARTESIAN_POINT('',(0.45,0.45,0.));
#6430 = DIRECTION('',(-0.,0.,1.));
#6431 = DIRECTION('',(0.,-1.,0.));
#6432 = ORIENTED_EDGE('',*,*,#6258,.T.);
#6433 = ORIENTED_EDGE('',*,*,#6000,.F.);
#6434 = ORIENTED_EDGE('',*,*,#6435,.F.);
#6435 = EDGE_CURVE('',#6425,#6001,#6436,.T.);
#6436 = LINE('',#6437,#6438);
#6437 = CARTESIAN_POINT('',(0.45,0.75,0.));
#6438 = VECTOR('',#6439,1.);
#6439 = DIRECTION('',(0.,0.,1.));
#6440 = CYLINDRICAL_SURFACE('',#6441,0.3);
#6441 = AXIS2_PLACEMENT_3D('',#6442,#6443,#6444);
#6442 = CARTESIAN_POINT('',(0.45,0.45,0.));
#6443 = DIRECTION('',(0.,0.,1.));
#6444 = DIRECTION('',(0.,1.,0.));
#6445 = ADVANCED_FACE('',(#6446),#6465,.T.);
#6446 = FACE_BOUND('',#6447,.T.);
#6447 = EDGE_LOOP('',(#6448,#6457,#6463,#6464));
#6448 = ORIENTED_EDGE('',*,*,#6449,.T.);
#6449 = EDGE_CURVE('',#6347,#6450,#6452,.T.);
#6450 = VERTEX_POINT('',#6451);
#6451 = CARTESIAN_POINT('',(5.85,0.75,0.));
#6452 = CIRCLE('',#6453,0.3);
#6453 = AXIS2_PLACEMENT_3D('',#6454,#6455,#6456);
#6454 = CARTESIAN_POINT('',(5.85,0.45,0.));
#6455 = DIRECTION('',(-0.,0.,1.));
#6456 = DIRECTION('',(0.,-1.,0.));
#6457 = ORIENTED_EDGE('',*,*,#6458,.T.);
#6458 = EDGE_CURVE('',#6450,#6026,#6459,.T.);
#6459 = LINE('',#6460,#6461);
#6460 = CARTESIAN_POINT('',(5.85,0.75,0.));
#6461 = VECTOR('',#6462,1.);
#6462 = DIRECTION('',(0.,0.,1.));
#6463 = ORIENTED_EDGE('',*,*,#6025,.F.);
#6464 = ORIENTED_EDGE('',*,*,#6346,.F.);
#6465 = CYLINDRICAL_SURFACE('',#6466,0.3);
#6466 = AXIS2_PLACEMENT_3D('',#6467,#6468,#6469);
#6467 = CARTESIAN_POINT('',(5.85,0.45,0.));
#6468 = DIRECTION('',(0.,0.,1.));
#6469 = DIRECTION('',(1.,0.,-0.));
#6470 = ADVANCED_FACE('',(#6471),#6482,.F.);
#6471 = FACE_BOUND('',#6472,.F.);
#6472 = EDGE_LOOP('',(#6473,#6479,#6480,#6481));
#6473 = ORIENTED_EDGE('',*,*,#6474,.F.);
#6474 = EDGE_CURVE('',#6450,#6425,#6475,.T.);
#6475 = LINE('',#6476,#6477);
#6476 = CARTESIAN_POINT('',(6.15,0.75,0.));
#6477 = VECTOR('',#6478,1.);
#6478 = DIRECTION('',(-1.,0.,0.));
#6479 = ORIENTED_EDGE('',*,*,#6458,.T.);
#6480 = ORIENTED_EDGE('',*,*,#6050,.T.);
#6481 = ORIENTED_EDGE('',*,*,#6435,.F.);
#6482 = PLANE('',#6483);
#6483 = AXIS2_PLACEMENT_3D('',#6484,#6485,#6486);
#6484 = CARTESIAN_POINT('',(6.15,0.75,0.));
#6485 = DIRECTION('',(0.,-1.,0.));
#6486 = DIRECTION('',(-1.,0.,0.));
#6487 = ADVANCED_FACE('',(#6488),#6491,.F.);
#6488 = FACE_BOUND('',#6489,.T.);
#6489 = EDGE_LOOP('',(#6490));
#6490 = ORIENTED_EDGE('',*,*,#6075,.T.);
#6491 = PLANE('',#6492);
#6492 = AXIS2_PLACEMENT_3D('',#6493,#6494,#6495);
#6493 = CARTESIAN_POINT('',(5.65,-4.25,4.1));
#6494 = DIRECTION('',(0.,0.,-1.));
#6495 = DIRECTION('',(-1.,0.,0.));
#6496 = ADVANCED_FACE('',(#6497),#6517,.T.);
#6497 = FACE_BOUND('',#6498,.T.);
#6498 = EDGE_LOOP('',(#6499,#6500,#6509,#6516));
#6499 = ORIENTED_EDGE('',*,*,#6100,.T.);
#6500 = ORIENTED_EDGE('',*,*,#6501,.F.);
#6501 = EDGE_CURVE('',#6502,#6093,#6504,.T.);
#6502 = VERTEX_POINT('',#6503);
#6503 = CARTESIAN_POINT('',(4.8,-2.25,4.3));
#6504 = CIRCLE('',#6505,0.1);
#6505 = AXIS2_PLACEMENT_3D('',#6506,#6507,#6508);
#6506 = CARTESIAN_POINT('',(4.8,-2.25,4.2));
#6507 = DIRECTION('',(-0.,1.,0.));
#6508 = DIRECTION('',(1.,0.,0.));
#6509 = ORIENTED_EDGE('',*,*,#6510,.F.);
#6510 = EDGE_CURVE('',#6502,#6502,#6511,.T.);
#6511 = CIRCLE('',#6512,1.65);
#6512 = AXIS2_PLACEMENT_3D('',#6513,#6514,#6515);
#6513 = CARTESIAN_POINT('',(3.15,-2.25,4.3));
#6514 = DIRECTION('',(0.,0.,1.));
#6515 = DIRECTION('',(1.,0.,-0.));
#6516 = ORIENTED_EDGE('',*,*,#6501,.T.);
#6517 = TOROIDAL_SURFACE('',#6518,1.65,0.1);
#6518 = AXIS2_PLACEMENT_3D('',#6519,#6520,#6521);
#6519 = CARTESIAN_POINT('',(3.15,-2.25,4.2));
#6520 = DIRECTION('',(0.,0.,-1.));
#6521 = DIRECTION('',(1.,0.,0.));
#6522 = ADVANCED_FACE('',(#6523),#6526,.F.);
#6523 = FACE_BOUND('',#6524,.T.);
#6524 = EDGE_LOOP('',(#6525));
#6525 = ORIENTED_EDGE('',*,*,#6125,.T.);
#6526 = PLANE('',#6527);
#6527 = AXIS2_PLACEMENT_3D('',#6528,#6529,#6530);
#6528 = CARTESIAN_POINT('',(1.65,-0.25,4.1));
#6529 = DIRECTION('',(0.,0.,-1.));
#6530 = DIRECTION('',(-1.,0.,0.));
#6531 = ADVANCED_FACE('',(#6532),#6535,.F.);
#6532 = FACE_BOUND('',#6533,.T.);
#6533 = EDGE_LOOP('',(#6534));
#6534 = ORIENTED_EDGE('',*,*,#6150,.T.);
#6535 = PLANE('',#6536);
#6536 = AXIS2_PLACEMENT_3D('',#6537,#6538,#6539);
#6537 = CARTESIAN_POINT('',(5.65,-0.25,4.1));
#6538 = DIRECTION('',(0.,0.,-1.));
#6539 = DIRECTION('',(-1.,0.,0.));
#6540 = ADVANCED_FACE('',(#6541),#6579,.T.);
#6541 = FACE_BOUND('',#6542,.T.);
#6542 = EDGE_LOOP('',(#6543,#6544,#6545,#6546,#6552,#6553,#6559,#6560,
    #6561,#6562,#6563,#6564,#6570,#6571,#6577,#6578));
#6543 = ORIENTED_EDGE('',*,*,#6167,.F.);
#6544 = ORIENTED_EDGE('',*,*,#6208,.T.);
#6545 = ORIENTED_EDGE('',*,*,#6266,.F.);
#6546 = ORIENTED_EDGE('',*,*,#6547,.F.);
#6547 = EDGE_CURVE('',#6291,#6267,#6548,.T.);
#6548 = LINE('',#6549,#6550);
#6549 = CARTESIAN_POINT('',(0.15,0.75,0.));
#6550 = VECTOR('',#6551,1.);
#6551 = DIRECTION('',(0.,-1.,0.));
#6552 = ORIENTED_EDGE('',*,*,#6298,.F.);
#6553 = ORIENTED_EDGE('',*,*,#6554,.F.);
#6554 = EDGE_CURVE('',#6251,#6299,#6555,.T.);
#6555 = LINE('',#6556,#6557);
#6556 = CARTESIAN_POINT('',(0.15,0.75,0.));
#6557 = VECTOR('',#6558,1.);
#6558 = DIRECTION('',(0.,-1.,0.));
#6559 = ORIENTED_EDGE('',*,*,#6248,.F.);
#6560 = ORIENTED_EDGE('',*,*,#6424,.F.);
#6561 = ORIENTED_EDGE('',*,*,#6474,.F.);
#6562 = ORIENTED_EDGE('',*,*,#6449,.F.);
#6563 = ORIENTED_EDGE('',*,*,#6354,.F.);
#6564 = ORIENTED_EDGE('',*,*,#6565,.F.);
#6565 = EDGE_CURVE('',#6379,#6355,#6566,.T.);
#6566 = LINE('',#6567,#6568);
#6567 = CARTESIAN_POINT('',(6.15,-5.25,0.));
#6568 = VECTOR('',#6569,1.);
#6569 = DIRECTION('',(0.,1.,0.));
#6570 = ORIENTED_EDGE('',*,*,#6386,.F.);
#6571 = ORIENTED_EDGE('',*,*,#6572,.F.);
#6572 = EDGE_CURVE('',#6337,#6387,#6573,.T.);
#6573 = LINE('',#6574,#6575);
#6574 = CARTESIAN_POINT('',(6.15,-5.25,0.));
#6575 = VECTOR('',#6576,1.);
#6576 = DIRECTION('',(0.,1.,0.));
#6577 = ORIENTED_EDGE('',*,*,#6336,.F.);
#6578 = ORIENTED_EDGE('',*,*,#6223,.F.);
#6579 = PLANE('',#6580);
#6580 = AXIS2_PLACEMENT_3D('',#6581,#6582,#6583);
#6581 = CARTESIAN_POINT('',(0.15,-5.25,0.));
#6582 = DIRECTION('',(0.,0.,-1.));
#6583 = DIRECTION('',(-1.,0.,0.));
#6584 = ADVANCED_FACE('',(#6585),#6729,.F.);
#6585 = FACE_BOUND('',#6586,.F.);
#6586 = EDGE_LOOP('',(#6587,#6597,#6606,#6614,#6623,#6631,#6639,#6647,
    #6656,#6664,#6673,#6681,#6690,#6696,#6697,#6705,#6714,#6722));
#6587 = ORIENTED_EDGE('',*,*,#6588,.T.);
#6588 = EDGE_CURVE('',#6589,#6591,#6593,.T.);
#6589 = VERTEX_POINT('',#6590);
#6590 = CARTESIAN_POINT('',(-0.162230377286,0.35,-0.540767924286));
#6591 = VERTEX_POINT('',#6592);
#6592 = CARTESIAN_POINT('',(-0.425000733956,0.35,-1.416669113186));
#6593 = LINE('',#6594,#6595);
#6594 = CARTESIAN_POINT('',(-0.15,0.35,-0.5));
#6595 = VECTOR('',#6596,1.);
#6596 = DIRECTION('',(-0.287347885566,5.31700397722E-16,-0.957826285221)
  );
#6597 = ORIENTED_EDGE('',*,*,#6598,.T.);
#6598 = EDGE_CURVE('',#6591,#6599,#6601,.T.);
#6599 = VERTEX_POINT('',#6600);
#6600 = CARTESIAN_POINT('',(-0.425000733956,0.35,-1.583330886814));
#6601 = CIRCLE('',#6602,0.29);
#6602 = AXIS2_PLACEMENT_3D('',#6603,#6604,#6605);
#6603 = CARTESIAN_POINT('',(-0.147231111242,0.35,-1.5));
#6604 = DIRECTION('',(0.,-1.,-3.330669073875E-16));
#6605 = DIRECTION('',(0.,-3.330669073875E-16,1.));
#6606 = ORIENTED_EDGE('',*,*,#6607,.T.);
#6607 = EDGE_CURVE('',#6599,#6608,#6610,.T.);
#6608 = VERTEX_POINT('',#6609);
#6609 = CARTESIAN_POINT('',(-0.162230377286,0.35,-2.459232075714));
#6610 = LINE('',#6611,#6612);
#6611 = CARTESIAN_POINT('',(-0.45,0.35,-1.5));
#6612 = VECTOR('',#6613,1.);
#6613 = DIRECTION('',(0.287347885566,5.31700397722E-16,-0.957826285221)
  );
#6614 = ORIENTED_EDGE('',*,*,#6615,.F.);
#6615 = EDGE_CURVE('',#6616,#6608,#6618,.T.);
#6616 = VERTEX_POINT('',#6617);
#6617 = CARTESIAN_POINT('',(-0.15,0.35,-2.542562962528));
#6618 = CIRCLE('',#6619,0.29);
#6619 = AXIS2_PLACEMENT_3D('',#6620,#6621,#6622);
#6620 = CARTESIAN_POINT('',(-0.44,0.35,-2.542562962528));
#6621 = DIRECTION('',(0.,-1.,-3.330669073875E-16));
#6622 = DIRECTION('',(0.,-3.330669073875E-16,1.));
#6623 = ORIENTED_EDGE('',*,*,#6624,.F.);
#6624 = EDGE_CURVE('',#6625,#6616,#6627,.T.);
#6625 = VERTEX_POINT('',#6626);
#6626 = CARTESIAN_POINT('',(-0.15,0.35,-3.5));
#6627 = LINE('',#6628,#6629);
#6628 = CARTESIAN_POINT('',(-0.15,0.35,-3.5));
#6629 = VECTOR('',#6630,1.);
#6630 = DIRECTION('',(0.,-5.551115123126E-16,1.));
#6631 = ORIENTED_EDGE('',*,*,#6632,.F.);
#6632 = EDGE_CURVE('',#6633,#6625,#6635,.T.);
#6633 = VERTEX_POINT('',#6634);
#6634 = CARTESIAN_POINT('',(0.15,0.35,-3.5));
#6635 = LINE('',#6636,#6637);
#6636 = CARTESIAN_POINT('',(0.15,0.35,-3.5));
#6637 = VECTOR('',#6638,1.);
#6638 = DIRECTION('',(-1.,-0.,0.));
#6639 = ORIENTED_EDGE('',*,*,#6640,.F.);
#6640 = EDGE_CURVE('',#6641,#6633,#6643,.T.);
#6641 = VERTEX_POINT('',#6642);
#6642 = CARTESIAN_POINT('',(0.15,0.35,-2.542562962528));
#6643 = LINE('',#6644,#6645);
#6644 = CARTESIAN_POINT('',(0.15,0.35,-2.5));
#6645 = VECTOR('',#6646,1.);
#6646 = DIRECTION('',(0.,5.551115123126E-16,-1.));
#6647 = ORIENTED_EDGE('',*,*,#6648,.F.);
#6648 = EDGE_CURVE('',#6649,#6641,#6651,.T.);
#6649 = VERTEX_POINT('',#6650);
#6650 = CARTESIAN_POINT('',(0.137769622714,0.35,-2.459232075714));
#6651 = CIRCLE('',#6652,0.29);
#6652 = AXIS2_PLACEMENT_3D('',#6653,#6654,#6655);
#6653 = CARTESIAN_POINT('',(-0.14,0.35,-2.542562962528));
#6654 = DIRECTION('',(-0.,1.,3.330669073875E-16));
#6655 = DIRECTION('',(0.,-3.330669073875E-16,1.));
#6656 = ORIENTED_EDGE('',*,*,#6657,.T.);
#6657 = EDGE_CURVE('',#6649,#6658,#6660,.T.);
#6658 = VERTEX_POINT('',#6659);
#6659 = CARTESIAN_POINT('',(-0.125000733956,0.35,-1.583330886814));
#6660 = LINE('',#6661,#6662);
#6661 = CARTESIAN_POINT('',(0.15,0.35,-2.5));
#6662 = VECTOR('',#6663,1.);
#6663 = DIRECTION('',(-0.287347885566,-5.31700397722E-16,0.957826285221)
  );
#6664 = ORIENTED_EDGE('',*,*,#6665,.F.);
#6665 = EDGE_CURVE('',#6666,#6658,#6668,.T.);
#6666 = VERTEX_POINT('',#6667);
#6667 = CARTESIAN_POINT('',(-0.125000733956,0.35,-1.416669113186));
#6668 = CIRCLE('',#6669,0.29);
#6669 = AXIS2_PLACEMENT_3D('',#6670,#6671,#6672);
#6670 = CARTESIAN_POINT('',(0.152768888758,0.35,-1.5));
#6671 = DIRECTION('',(0.,-1.,-3.330669073875E-16));
#6672 = DIRECTION('',(0.,-3.330669073875E-16,1.));
#6673 = ORIENTED_EDGE('',*,*,#6674,.T.);
#6674 = EDGE_CURVE('',#6666,#6675,#6677,.T.);
#6675 = VERTEX_POINT('',#6676);
#6676 = CARTESIAN_POINT('',(0.137769622714,0.35,-0.540767924286));
#6677 = LINE('',#6678,#6679);
#6678 = CARTESIAN_POINT('',(-0.15,0.35,-1.5));
#6679 = VECTOR('',#6680,1.);
#6680 = DIRECTION('',(0.287347885566,-5.31700397722E-16,0.957826285221)
  );
#6681 = ORIENTED_EDGE('',*,*,#6682,.F.);
#6682 = EDGE_CURVE('',#6683,#6675,#6685,.T.);
#6683 = VERTEX_POINT('',#6684);
#6684 = CARTESIAN_POINT('',(0.15,0.35,-0.457437037472));
#6685 = CIRCLE('',#6686,0.29);
#6686 = AXIS2_PLACEMENT_3D('',#6687,#6688,#6689);
#6687 = CARTESIAN_POINT('',(-0.14,0.35,-0.457437037472));
#6688 = DIRECTION('',(-0.,1.,3.330669073875E-16));
#6689 = DIRECTION('',(0.,-3.330669073875E-16,1.));
#6690 = ORIENTED_EDGE('',*,*,#6691,.F.);
#6691 = EDGE_CURVE('',#6251,#6683,#6692,.T.);
#6692 = LINE('',#6693,#6694);
#6693 = CARTESIAN_POINT('',(0.15,0.35,1.5));
#6694 = VECTOR('',#6695,1.);
#6695 = DIRECTION('',(0.,5.551115123126E-16,-1.));
#6696 = ORIENTED_EDGE('',*,*,#6322,.F.);
#6697 = ORIENTED_EDGE('',*,*,#6698,.F.);
#6698 = EDGE_CURVE('',#6699,#6315,#6701,.T.);
#6699 = VERTEX_POINT('',#6700);
#6700 = CARTESIAN_POINT('',(0.14,0.35,1.5));
#6701 = LINE('',#6702,#6703);
#6702 = CARTESIAN_POINT('',(-0.15,0.35,1.5));
#6703 = VECTOR('',#6704,1.);
#6704 = DIRECTION('',(1.,0.,0.));
#6705 = ORIENTED_EDGE('',*,*,#6706,.F.);
#6706 = EDGE_CURVE('',#6707,#6699,#6709,.T.);
#6707 = VERTEX_POINT('',#6708);
#6708 = CARTESIAN_POINT('',(-0.15,0.35,1.21));
#6709 = CIRCLE('',#6710,0.29);
#6710 = AXIS2_PLACEMENT_3D('',#6711,#6712,#6713);
#6711 = CARTESIAN_POINT('',(0.14,0.35,1.21));
#6712 = DIRECTION('',(-0.,1.,3.330669073875E-16));
#6713 = DIRECTION('',(0.,-3.330669073875E-16,1.));
#6714 = ORIENTED_EDGE('',*,*,#6715,.F.);
#6715 = EDGE_CURVE('',#6716,#6707,#6718,.T.);
#6716 = VERTEX_POINT('',#6717);
#6717 = CARTESIAN_POINT('',(-0.15,0.35,-0.457437037472));
#6718 = LINE('',#6719,#6720);
#6719 = CARTESIAN_POINT('',(-0.15,0.35,-0.5));
#6720 = VECTOR('',#6721,1.);
#6721 = DIRECTION('',(0.,-5.551115123126E-16,1.));
#6722 = ORIENTED_EDGE('',*,*,#6723,.F.);
#6723 = EDGE_CURVE('',#6589,#6716,#6724,.T.);
#6724 = CIRCLE('',#6725,0.29);
#6725 = AXIS2_PLACEMENT_3D('',#6726,#6727,#6728);
#6726 = CARTESIAN_POINT('',(-0.44,0.35,-0.457437037472));
#6727 = DIRECTION('',(0.,-1.,-3.330669073875E-16));
#6728 = DIRECTION('',(0.,-3.330669073875E-16,1.));
#6729 = PLANE('',#6730);
#6730 = AXIS2_PLACEMENT_3D('',#6731,#6732,#6733);
#6731 = CARTESIAN_POINT('',(-0.15,0.35,-0.5));
#6732 = DIRECTION('',(1.64346021921E-31,-1.,-5.551115123126E-16));
#6733 = DIRECTION('',(0.,5.551115123126E-16,-1.));
#6734 = ADVANCED_FACE('',(#6735),#6753,.F.);
#6735 = FACE_BOUND('',#6736,.F.);
#6736 = EDGE_LOOP('',(#6737,#6745,#6751,#6752));
#6737 = ORIENTED_EDGE('',*,*,#6738,.F.);
#6738 = EDGE_CURVE('',#6739,#6307,#6741,.T.);
#6739 = VERTEX_POINT('',#6740);
#6740 = CARTESIAN_POINT('',(0.14,-0.35,1.5));
#6741 = LINE('',#6742,#6743);
#6742 = CARTESIAN_POINT('',(-0.15,-0.35,1.5));
#6743 = VECTOR('',#6744,1.);
#6744 = DIRECTION('',(1.,0.,0.));
#6745 = ORIENTED_EDGE('',*,*,#6746,.T.);
#6746 = EDGE_CURVE('',#6739,#6699,#6747,.T.);
#6747 = LINE('',#6748,#6749);
#6748 = CARTESIAN_POINT('',(0.14,-0.35,1.5));
#6749 = VECTOR('',#6750,1.);
#6750 = DIRECTION('',(0.,1.,3.330669073875E-16));
#6751 = ORIENTED_EDGE('',*,*,#6698,.T.);
#6752 = ORIENTED_EDGE('',*,*,#6314,.F.);
#6753 = PLANE('',#6754);
#6754 = AXIS2_PLACEMENT_3D('',#6755,#6756,#6757);
#6755 = CARTESIAN_POINT('',(-0.15,-0.35,1.5));
#6756 = DIRECTION('',(0.,3.330669073875E-16,-1.));
#6757 = DIRECTION('',(1.,0.,0.));
#6758 = ADVANCED_FACE('',(#6759),#6896,.T.);
#6759 = FACE_BOUND('',#6760,.T.);
#6760 = EDGE_LOOP('',(#6761,#6771,#6780,#6788,#6797,#6805,#6813,#6821,
    #6830,#6838,#6847,#6855,#6864,#6870,#6871,#6872,#6881,#6889));
#6761 = ORIENTED_EDGE('',*,*,#6762,.T.);
#6762 = EDGE_CURVE('',#6763,#6765,#6767,.T.);
#6763 = VERTEX_POINT('',#6764);
#6764 = CARTESIAN_POINT('',(-0.162230377286,-0.35,-0.540767924286));
#6765 = VERTEX_POINT('',#6766);
#6766 = CARTESIAN_POINT('',(-0.425000733956,-0.35,-1.416669113186));
#6767 = LINE('',#6768,#6769);
#6768 = CARTESIAN_POINT('',(-0.15,-0.35,-0.5));
#6769 = VECTOR('',#6770,1.);
#6770 = DIRECTION('',(-0.287347885566,5.31700397722E-16,-0.957826285221)
  );
#6771 = ORIENTED_EDGE('',*,*,#6772,.T.);
#6772 = EDGE_CURVE('',#6765,#6773,#6775,.T.);
#6773 = VERTEX_POINT('',#6774);
#6774 = CARTESIAN_POINT('',(-0.425000733956,-0.35,-1.583330886814));
#6775 = CIRCLE('',#6776,0.29);
#6776 = AXIS2_PLACEMENT_3D('',#6777,#6778,#6779);
#6777 = CARTESIAN_POINT('',(-0.147231111242,-0.35,-1.5));
#6778 = DIRECTION('',(0.,-1.,-3.330669073875E-16));
#6779 = DIRECTION('',(0.,-3.330669073875E-16,1.));
#6780 = ORIENTED_EDGE('',*,*,#6781,.T.);
#6781 = EDGE_CURVE('',#6773,#6782,#6784,.T.);
#6782 = VERTEX_POINT('',#6783);
#6783 = CARTESIAN_POINT('',(-0.162230377286,-0.35,-2.459232075714));
#6784 = LINE('',#6785,#6786);
#6785 = CARTESIAN_POINT('',(-0.45,-0.35,-1.5));
#6786 = VECTOR('',#6787,1.);
#6787 = DIRECTION('',(0.287347885566,5.31700397722E-16,-0.957826285221)
  );
#6788 = ORIENTED_EDGE('',*,*,#6789,.F.);
#6789 = EDGE_CURVE('',#6790,#6782,#6792,.T.);
#6790 = VERTEX_POINT('',#6791);
#6791 = CARTESIAN_POINT('',(-0.15,-0.35,-2.542562962528));
#6792 = CIRCLE('',#6793,0.29);
#6793 = AXIS2_PLACEMENT_3D('',#6794,#6795,#6796);
#6794 = CARTESIAN_POINT('',(-0.44,-0.35,-2.542562962528));
#6795 = DIRECTION('',(0.,-1.,-3.330669073875E-16));
#6796 = DIRECTION('',(0.,-3.330669073875E-16,1.));
#6797 = ORIENTED_EDGE('',*,*,#6798,.F.);
#6798 = EDGE_CURVE('',#6799,#6790,#6801,.T.);
#6799 = VERTEX_POINT('',#6800);
#6800 = CARTESIAN_POINT('',(-0.15,-0.35,-3.5));
#6801 = LINE('',#6802,#6803);
#6802 = CARTESIAN_POINT('',(-0.15,-0.35,-3.5));
#6803 = VECTOR('',#6804,1.);
#6804 = DIRECTION('',(0.,-5.551115123126E-16,1.));
#6805 = ORIENTED_EDGE('',*,*,#6806,.F.);
#6806 = EDGE_CURVE('',#6807,#6799,#6809,.T.);
#6807 = VERTEX_POINT('',#6808);
#6808 = CARTESIAN_POINT('',(0.15,-0.35,-3.5));
#6809 = LINE('',#6810,#6811);
#6810 = CARTESIAN_POINT('',(0.15,-0.35,-3.5));
#6811 = VECTOR('',#6812,1.);
#6812 = DIRECTION('',(-1.,-0.,0.));
#6813 = ORIENTED_EDGE('',*,*,#6814,.F.);
#6814 = EDGE_CURVE('',#6815,#6807,#6817,.T.);
#6815 = VERTEX_POINT('',#6816);
#6816 = CARTESIAN_POINT('',(0.15,-0.35,-2.542562962528));
#6817 = LINE('',#6818,#6819);
#6818 = CARTESIAN_POINT('',(0.15,-0.35,-2.5));
#6819 = VECTOR('',#6820,1.);
#6820 = DIRECTION('',(0.,5.551115123126E-16,-1.));
#6821 = ORIENTED_EDGE('',*,*,#6822,.F.);
#6822 = EDGE_CURVE('',#6823,#6815,#6825,.T.);
#6823 = VERTEX_POINT('',#6824);
#6824 = CARTESIAN_POINT('',(0.137769622714,-0.35,-2.459232075714));
#6825 = CIRCLE('',#6826,0.29);
#6826 = AXIS2_PLACEMENT_3D('',#6827,#6828,#6829);
#6827 = CARTESIAN_POINT('',(-0.14,-0.35,-2.542562962528));
#6828 = DIRECTION('',(-0.,1.,3.330669073875E-16));
#6829 = DIRECTION('',(0.,-3.330669073875E-16,1.));
#6830 = ORIENTED_EDGE('',*,*,#6831,.T.);
#6831 = EDGE_CURVE('',#6823,#6832,#6834,.T.);
#6832 = VERTEX_POINT('',#6833);
#6833 = CARTESIAN_POINT('',(-0.125000733956,-0.35,-1.583330886814));
#6834 = LINE('',#6835,#6836);
#6835 = CARTESIAN_POINT('',(0.15,-0.35,-2.5));
#6836 = VECTOR('',#6837,1.);
#6837 = DIRECTION('',(-0.287347885566,-5.31700397722E-16,0.957826285221)
  );
#6838 = ORIENTED_EDGE('',*,*,#6839,.F.);
#6839 = EDGE_CURVE('',#6840,#6832,#6842,.T.);
#6840 = VERTEX_POINT('',#6841);
#6841 = CARTESIAN_POINT('',(-0.125000733956,-0.35,-1.416669113186));
#6842 = CIRCLE('',#6843,0.29);
#6843 = AXIS2_PLACEMENT_3D('',#6844,#6845,#6846);
#6844 = CARTESIAN_POINT('',(0.152768888758,-0.35,-1.5));
#6845 = DIRECTION('',(0.,-1.,-3.330669073875E-16));
#6846 = DIRECTION('',(0.,-3.330669073875E-16,1.));
#6847 = ORIENTED_EDGE('',*,*,#6848,.T.);
#6848 = EDGE_CURVE('',#6840,#6849,#6851,.T.);
#6849 = VERTEX_POINT('',#6850);
#6850 = CARTESIAN_POINT('',(0.137769622714,-0.35,-0.540767924286));
#6851 = LINE('',#6852,#6853);
#6852 = CARTESIAN_POINT('',(-0.15,-0.35,-1.5));
#6853 = VECTOR('',#6854,1.);
#6854 = DIRECTION('',(0.287347885566,-5.31700397722E-16,0.957826285221)
  );
#6855 = ORIENTED_EDGE('',*,*,#6856,.F.);
#6856 = EDGE_CURVE('',#6857,#6849,#6859,.T.);
#6857 = VERTEX_POINT('',#6858);
#6858 = CARTESIAN_POINT('',(0.15,-0.35,-0.457437037472));
#6859 = CIRCLE('',#6860,0.29);
#6860 = AXIS2_PLACEMENT_3D('',#6861,#6862,#6863);
#6861 = CARTESIAN_POINT('',(-0.14,-0.35,-0.457437037472));
#6862 = DIRECTION('',(-0.,1.,3.330669073875E-16));
#6863 = DIRECTION('',(0.,-3.330669073875E-16,1.));
#6864 = ORIENTED_EDGE('',*,*,#6865,.F.);
#6865 = EDGE_CURVE('',#6299,#6857,#6866,.T.);
#6866 = LINE('',#6867,#6868);
#6867 = CARTESIAN_POINT('',(0.15,-0.35,1.5));
#6868 = VECTOR('',#6869,1.);
#6869 = DIRECTION('',(0.,5.551115123126E-16,-1.));
#6870 = ORIENTED_EDGE('',*,*,#6306,.F.);
#6871 = ORIENTED_EDGE('',*,*,#6738,.F.);
#6872 = ORIENTED_EDGE('',*,*,#6873,.F.);
#6873 = EDGE_CURVE('',#6874,#6739,#6876,.T.);
#6874 = VERTEX_POINT('',#6875);
#6875 = CARTESIAN_POINT('',(-0.15,-0.35,1.21));
#6876 = CIRCLE('',#6877,0.29);
#6877 = AXIS2_PLACEMENT_3D('',#6878,#6879,#6880);
#6878 = CARTESIAN_POINT('',(0.14,-0.35,1.21));
#6879 = DIRECTION('',(-0.,1.,3.330669073875E-16));
#6880 = DIRECTION('',(0.,-3.330669073875E-16,1.));
#6881 = ORIENTED_EDGE('',*,*,#6882,.F.);
#6882 = EDGE_CURVE('',#6883,#6874,#6885,.T.);
#6883 = VERTEX_POINT('',#6884);
#6884 = CARTESIAN_POINT('',(-0.15,-0.35,-0.457437037472));
#6885 = LINE('',#6886,#6887);
#6886 = CARTESIAN_POINT('',(-0.15,-0.35,-0.5));
#6887 = VECTOR('',#6888,1.);
#6888 = DIRECTION('',(0.,-5.551115123126E-16,1.));
#6889 = ORIENTED_EDGE('',*,*,#6890,.F.);
#6890 = EDGE_CURVE('',#6763,#6883,#6891,.T.);
#6891 = CIRCLE('',#6892,0.29);
#6892 = AXIS2_PLACEMENT_3D('',#6893,#6894,#6895);
#6893 = CARTESIAN_POINT('',(-0.44,-0.35,-0.457437037472));
#6894 = DIRECTION('',(0.,-1.,-3.330669073875E-16));
#6895 = DIRECTION('',(0.,-3.330669073875E-16,1.));
#6896 = PLANE('',#6897);
#6897 = AXIS2_PLACEMENT_3D('',#6898,#6899,#6900);
#6898 = CARTESIAN_POINT('',(-0.15,-0.35,-0.5));
#6899 = DIRECTION('',(1.64346021921E-31,-1.,-5.551115123126E-16));
#6900 = DIRECTION('',(0.,5.551115123126E-16,-1.));
#6901 = ADVANCED_FACE('',(#6902),#7046,.T.);
#6902 = FACE_BOUND('',#6903,.T.);
#6903 = EDGE_LOOP('',(#6904,#6914,#6923,#6931,#6940,#6948,#6956,#6964,
    #6973,#6981,#6990,#6998,#7007,#7013,#7014,#7022,#7031,#7039));
#6904 = ORIENTED_EDGE('',*,*,#6905,.T.);
#6905 = EDGE_CURVE('',#6906,#6908,#6910,.T.);
#6906 = VERTEX_POINT('',#6907);
#6907 = CARTESIAN_POINT('',(-0.162230377286,-4.85,-0.540767924286));
#6908 = VERTEX_POINT('',#6909);
#6909 = CARTESIAN_POINT('',(-0.425000733956,-4.85,-1.416669113186));
#6910 = LINE('',#6911,#6912);
#6911 = CARTESIAN_POINT('',(-0.15,-4.85,-0.5));
#6912 = VECTOR('',#6913,1.);
#6913 = DIRECTION('',(-0.287347885566,5.31700397722E-16,-0.957826285221)
  );
#6914 = ORIENTED_EDGE('',*,*,#6915,.T.);
#6915 = EDGE_CURVE('',#6908,#6916,#6918,.T.);
#6916 = VERTEX_POINT('',#6917);
#6917 = CARTESIAN_POINT('',(-0.425000733956,-4.85,-1.583330886814));
#6918 = CIRCLE('',#6919,0.29);
#6919 = AXIS2_PLACEMENT_3D('',#6920,#6921,#6922);
#6920 = CARTESIAN_POINT('',(-0.147231111242,-4.85,-1.5));
#6921 = DIRECTION('',(0.,-1.,-3.330669073875E-16));
#6922 = DIRECTION('',(0.,-3.330669073875E-16,1.));
#6923 = ORIENTED_EDGE('',*,*,#6924,.T.);
#6924 = EDGE_CURVE('',#6916,#6925,#6927,.T.);
#6925 = VERTEX_POINT('',#6926);
#6926 = CARTESIAN_POINT('',(-0.162230377286,-4.85,-2.459232075714));
#6927 = LINE('',#6928,#6929);
#6928 = CARTESIAN_POINT('',(-0.45,-4.85,-1.5));
#6929 = VECTOR('',#6930,1.);
#6930 = DIRECTION('',(0.287347885566,5.31700397722E-16,-0.957826285221)
  );
#6931 = ORIENTED_EDGE('',*,*,#6932,.F.);
#6932 = EDGE_CURVE('',#6933,#6925,#6935,.T.);
#6933 = VERTEX_POINT('',#6934);
#6934 = CARTESIAN_POINT('',(-0.15,-4.85,-2.542562962528));
#6935 = CIRCLE('',#6936,0.29);
#6936 = AXIS2_PLACEMENT_3D('',#6937,#6938,#6939);
#6937 = CARTESIAN_POINT('',(-0.44,-4.85,-2.542562962528));
#6938 = DIRECTION('',(0.,-1.,-3.330669073875E-16));
#6939 = DIRECTION('',(0.,-3.330669073875E-16,1.));
#6940 = ORIENTED_EDGE('',*,*,#6941,.F.);
#6941 = EDGE_CURVE('',#6942,#6933,#6944,.T.);
#6942 = VERTEX_POINT('',#6943);
#6943 = CARTESIAN_POINT('',(-0.15,-4.85,-3.5));
#6944 = LINE('',#6945,#6946);
#6945 = CARTESIAN_POINT('',(-0.15,-4.85,-3.5));
#6946 = VECTOR('',#6947,1.);
#6947 = DIRECTION('',(0.,-5.551115123126E-16,1.));
#6948 = ORIENTED_EDGE('',*,*,#6949,.F.);
#6949 = EDGE_CURVE('',#6950,#6942,#6952,.T.);
#6950 = VERTEX_POINT('',#6951);
#6951 = CARTESIAN_POINT('',(0.15,-4.85,-3.5));
#6952 = LINE('',#6953,#6954);
#6953 = CARTESIAN_POINT('',(0.15,-4.85,-3.5));
#6954 = VECTOR('',#6955,1.);
#6955 = DIRECTION('',(-1.,-0.,0.));
#6956 = ORIENTED_EDGE('',*,*,#6957,.F.);
#6957 = EDGE_CURVE('',#6958,#6950,#6960,.T.);
#6958 = VERTEX_POINT('',#6959);
#6959 = CARTESIAN_POINT('',(0.15,-4.85,-2.542562962528));
#6960 = LINE('',#6961,#6962);
#6961 = CARTESIAN_POINT('',(0.15,-4.85,-2.5));
#6962 = VECTOR('',#6963,1.);
#6963 = DIRECTION('',(0.,5.551115123126E-16,-1.));
#6964 = ORIENTED_EDGE('',*,*,#6965,.F.);
#6965 = EDGE_CURVE('',#6966,#6958,#6968,.T.);
#6966 = VERTEX_POINT('',#6967);
#6967 = CARTESIAN_POINT('',(0.137769622714,-4.85,-2.459232075714));
#6968 = CIRCLE('',#6969,0.29);
#6969 = AXIS2_PLACEMENT_3D('',#6970,#6971,#6972);
#6970 = CARTESIAN_POINT('',(-0.14,-4.85,-2.542562962528));
#6971 = DIRECTION('',(-0.,1.,3.330669073875E-16));
#6972 = DIRECTION('',(0.,-3.330669073875E-16,1.));
#6973 = ORIENTED_EDGE('',*,*,#6974,.T.);
#6974 = EDGE_CURVE('',#6966,#6975,#6977,.T.);
#6975 = VERTEX_POINT('',#6976);
#6976 = CARTESIAN_POINT('',(-0.125000733956,-4.85,-1.583330886814));
#6977 = LINE('',#6978,#6979);
#6978 = CARTESIAN_POINT('',(0.15,-4.85,-2.5));
#6979 = VECTOR('',#6980,1.);
#6980 = DIRECTION('',(-0.287347885566,-5.31700397722E-16,0.957826285221)
  );
#6981 = ORIENTED_EDGE('',*,*,#6982,.F.);
#6982 = EDGE_CURVE('',#6983,#6975,#6985,.T.);
#6983 = VERTEX_POINT('',#6984);
#6984 = CARTESIAN_POINT('',(-0.125000733956,-4.85,-1.416669113186));
#6985 = CIRCLE('',#6986,0.29);
#6986 = AXIS2_PLACEMENT_3D('',#6987,#6988,#6989);
#6987 = CARTESIAN_POINT('',(0.152768888758,-4.85,-1.5));
#6988 = DIRECTION('',(0.,-1.,-3.330669073875E-16));
#6989 = DIRECTION('',(0.,-3.330669073875E-16,1.));
#6990 = ORIENTED_EDGE('',*,*,#6991,.T.);
#6991 = EDGE_CURVE('',#6983,#6992,#6994,.T.);
#6992 = VERTEX_POINT('',#6993);
#6993 = CARTESIAN_POINT('',(0.137769622714,-4.85,-0.540767924286));
#6994 = LINE('',#6995,#6996);
#6995 = CARTESIAN_POINT('',(-0.15,-4.85,-1.5));
#6996 = VECTOR('',#6997,1.);
#6997 = DIRECTION('',(0.287347885566,-5.31700397722E-16,0.957826285221)
  );
#6998 = ORIENTED_EDGE('',*,*,#6999,.F.);
#6999 = EDGE_CURVE('',#7000,#6992,#7002,.T.);
#7000 = VERTEX_POINT('',#7001);
#7001 = CARTESIAN_POINT('',(0.15,-4.85,-0.457437037472));
#7002 = CIRCLE('',#7003,0.29);
#7003 = AXIS2_PLACEMENT_3D('',#7004,#7005,#7006);
#7004 = CARTESIAN_POINT('',(-0.14,-4.85,-0.457437037472));
#7005 = DIRECTION('',(-0.,1.,3.330669073875E-16));
#7006 = DIRECTION('',(0.,-3.330669073875E-16,1.));
#7007 = ORIENTED_EDGE('',*,*,#7008,.F.);
#7008 = EDGE_CURVE('',#6267,#7000,#7009,.T.);
#7009 = LINE('',#7010,#7011);
#7010 = CARTESIAN_POINT('',(0.15,-4.85,1.5));
#7011 = VECTOR('',#7012,1.);
#7012 = DIRECTION('',(0.,5.551115123126E-16,-1.));
#7013 = ORIENTED_EDGE('',*,*,#6274,.F.);
#7014 = ORIENTED_EDGE('',*,*,#7015,.F.);
#7015 = EDGE_CURVE('',#7016,#6275,#7018,.T.);
#7016 = VERTEX_POINT('',#7017);
#7017 = CARTESIAN_POINT('',(0.14,-4.85,1.5));
#7018 = LINE('',#7019,#7020);
#7019 = CARTESIAN_POINT('',(-0.15,-4.85,1.5));
#7020 = VECTOR('',#7021,1.);
#7021 = DIRECTION('',(1.,0.,0.));
#7022 = ORIENTED_EDGE('',*,*,#7023,.F.);
#7023 = EDGE_CURVE('',#7024,#7016,#7026,.T.);
#7024 = VERTEX_POINT('',#7025);
#7025 = CARTESIAN_POINT('',(-0.15,-4.85,1.21));
#7026 = CIRCLE('',#7027,0.29);
#7027 = AXIS2_PLACEMENT_3D('',#7028,#7029,#7030);
#7028 = CARTESIAN_POINT('',(0.14,-4.85,1.21));
#7029 = DIRECTION('',(-0.,1.,3.330669073875E-16));
#7030 = DIRECTION('',(0.,-3.330669073875E-16,1.));
#7031 = ORIENTED_EDGE('',*,*,#7032,.F.);
#7032 = EDGE_CURVE('',#7033,#7024,#7035,.T.);
#7033 = VERTEX_POINT('',#7034);
#7034 = CARTESIAN_POINT('',(-0.15,-4.85,-0.457437037472));
#7035 = LINE('',#7036,#7037);
#7036 = CARTESIAN_POINT('',(-0.15,-4.85,-0.5));
#7037 = VECTOR('',#7038,1.);
#7038 = DIRECTION('',(0.,-5.551115123126E-16,1.));
#7039 = ORIENTED_EDGE('',*,*,#7040,.F.);
#7040 = EDGE_CURVE('',#6906,#7033,#7041,.T.);
#7041 = CIRCLE('',#7042,0.29);
#7042 = AXIS2_PLACEMENT_3D('',#7043,#7044,#7045);
#7043 = CARTESIAN_POINT('',(-0.44,-4.85,-0.457437037472));
#7044 = DIRECTION('',(0.,-1.,-3.330669073875E-16));
#7045 = DIRECTION('',(0.,-3.330669073875E-16,1.));
#7046 = PLANE('',#7047);
#7047 = AXIS2_PLACEMENT_3D('',#7048,#7049,#7050);
#7048 = CARTESIAN_POINT('',(-0.15,-4.85,-0.5));
#7049 = DIRECTION('',(0.,-1.,-3.330669073875E-16));
#7050 = DIRECTION('',(0.,3.330669073875E-16,-1.));
#7051 = ADVANCED_FACE('',(#7052),#7196,.F.);
#7052 = FACE_BOUND('',#7053,.F.);
#7053 = EDGE_LOOP('',(#7054,#7064,#7073,#7081,#7090,#7098,#7106,#7114,
    #7123,#7131,#7140,#7148,#7157,#7163,#7164,#7172,#7181,#7189));
#7054 = ORIENTED_EDGE('',*,*,#7055,.T.);
#7055 = EDGE_CURVE('',#7056,#7058,#7060,.T.);
#7056 = VERTEX_POINT('',#7057);
#7057 = CARTESIAN_POINT('',(-0.162230377286,-4.15,-0.540767924286));
#7058 = VERTEX_POINT('',#7059);
#7059 = CARTESIAN_POINT('',(-0.425000733956,-4.15,-1.416669113186));
#7060 = LINE('',#7061,#7062);
#7061 = CARTESIAN_POINT('',(-0.15,-4.15,-0.5));
#7062 = VECTOR('',#7063,1.);
#7063 = DIRECTION('',(-0.287347885566,5.31700397722E-16,-0.957826285221)
  );
#7064 = ORIENTED_EDGE('',*,*,#7065,.T.);
#7065 = EDGE_CURVE('',#7058,#7066,#7068,.T.);
#7066 = VERTEX_POINT('',#7067);
#7067 = CARTESIAN_POINT('',(-0.425000733956,-4.15,-1.583330886814));
#7068 = CIRCLE('',#7069,0.29);
#7069 = AXIS2_PLACEMENT_3D('',#7070,#7071,#7072);
#7070 = CARTESIAN_POINT('',(-0.147231111242,-4.15,-1.5));
#7071 = DIRECTION('',(0.,-1.,-3.330669073875E-16));
#7072 = DIRECTION('',(0.,-3.330669073875E-16,1.));
#7073 = ORIENTED_EDGE('',*,*,#7074,.T.);
#7074 = EDGE_CURVE('',#7066,#7075,#7077,.T.);
#7075 = VERTEX_POINT('',#7076);
#7076 = CARTESIAN_POINT('',(-0.162230377286,-4.15,-2.459232075714));
#7077 = LINE('',#7078,#7079);
#7078 = CARTESIAN_POINT('',(-0.45,-4.15,-1.5));
#7079 = VECTOR('',#7080,1.);
#7080 = DIRECTION('',(0.287347885566,5.31700397722E-16,-0.957826285221)
  );
#7081 = ORIENTED_EDGE('',*,*,#7082,.F.);
#7082 = EDGE_CURVE('',#7083,#7075,#7085,.T.);
#7083 = VERTEX_POINT('',#7084);
#7084 = CARTESIAN_POINT('',(-0.15,-4.15,-2.542562962528));
#7085 = CIRCLE('',#7086,0.29);
#7086 = AXIS2_PLACEMENT_3D('',#7087,#7088,#7089);
#7087 = CARTESIAN_POINT('',(-0.44,-4.15,-2.542562962528));
#7088 = DIRECTION('',(0.,-1.,-3.330669073875E-16));
#7089 = DIRECTION('',(0.,-3.330669073875E-16,1.));
#7090 = ORIENTED_EDGE('',*,*,#7091,.F.);
#7091 = EDGE_CURVE('',#7092,#7083,#7094,.T.);
#7092 = VERTEX_POINT('',#7093);
#7093 = CARTESIAN_POINT('',(-0.15,-4.15,-3.5));
#7094 = LINE('',#7095,#7096);
#7095 = CARTESIAN_POINT('',(-0.15,-4.15,-3.5));
#7096 = VECTOR('',#7097,1.);
#7097 = DIRECTION('',(0.,-5.551115123126E-16,1.));
#7098 = ORIENTED_EDGE('',*,*,#7099,.F.);
#7099 = EDGE_CURVE('',#7100,#7092,#7102,.T.);
#7100 = VERTEX_POINT('',#7101);
#7101 = CARTESIAN_POINT('',(0.15,-4.15,-3.5));
#7102 = LINE('',#7103,#7104);
#7103 = CARTESIAN_POINT('',(0.15,-4.15,-3.5));
#7104 = VECTOR('',#7105,1.);
#7105 = DIRECTION('',(-1.,-0.,0.));
#7106 = ORIENTED_EDGE('',*,*,#7107,.F.);
#7107 = EDGE_CURVE('',#7108,#7100,#7110,.T.);
#7108 = VERTEX_POINT('',#7109);
#7109 = CARTESIAN_POINT('',(0.15,-4.15,-2.542562962528));
#7110 = LINE('',#7111,#7112);
#7111 = CARTESIAN_POINT('',(0.15,-4.15,-2.5));
#7112 = VECTOR('',#7113,1.);
#7113 = DIRECTION('',(0.,5.551115123126E-16,-1.));
#7114 = ORIENTED_EDGE('',*,*,#7115,.F.);
#7115 = EDGE_CURVE('',#7116,#7108,#7118,.T.);
#7116 = VERTEX_POINT('',#7117);
#7117 = CARTESIAN_POINT('',(0.137769622714,-4.15,-2.459232075714));
#7118 = CIRCLE('',#7119,0.29);
#7119 = AXIS2_PLACEMENT_3D('',#7120,#7121,#7122);
#7120 = CARTESIAN_POINT('',(-0.14,-4.15,-2.542562962528));
#7121 = DIRECTION('',(-0.,1.,3.330669073875E-16));
#7122 = DIRECTION('',(0.,-3.330669073875E-16,1.));
#7123 = ORIENTED_EDGE('',*,*,#7124,.T.);
#7124 = EDGE_CURVE('',#7116,#7125,#7127,.T.);
#7125 = VERTEX_POINT('',#7126);
#7126 = CARTESIAN_POINT('',(-0.125000733956,-4.15,-1.583330886814));
#7127 = LINE('',#7128,#7129);
#7128 = CARTESIAN_POINT('',(0.15,-4.15,-2.5));
#7129 = VECTOR('',#7130,1.);
#7130 = DIRECTION('',(-0.287347885566,-5.31700397722E-16,0.957826285221)
  );
#7131 = ORIENTED_EDGE('',*,*,#7132,.F.);
#7132 = EDGE_CURVE('',#7133,#7125,#7135,.T.);
#7133 = VERTEX_POINT('',#7134);
#7134 = CARTESIAN_POINT('',(-0.125000733956,-4.15,-1.416669113186));
#7135 = CIRCLE('',#7136,0.29);
#7136 = AXIS2_PLACEMENT_3D('',#7137,#7138,#7139);
#7137 = CARTESIAN_POINT('',(0.152768888758,-4.15,-1.5));
#7138 = DIRECTION('',(0.,-1.,-3.330669073875E-16));
#7139 = DIRECTION('',(0.,-3.330669073875E-16,1.));
#7140 = ORIENTED_EDGE('',*,*,#7141,.T.);
#7141 = EDGE_CURVE('',#7133,#7142,#7144,.T.);
#7142 = VERTEX_POINT('',#7143);
#7143 = CARTESIAN_POINT('',(0.137769622714,-4.15,-0.540767924286));
#7144 = LINE('',#7145,#7146);
#7145 = CARTESIAN_POINT('',(-0.15,-4.15,-1.5));
#7146 = VECTOR('',#7147,1.);
#7147 = DIRECTION('',(0.287347885566,-5.31700397722E-16,0.957826285221)
  );
#7148 = ORIENTED_EDGE('',*,*,#7149,.F.);
#7149 = EDGE_CURVE('',#7150,#7142,#7152,.T.);
#7150 = VERTEX_POINT('',#7151);
#7151 = CARTESIAN_POINT('',(0.15,-4.15,-0.457437037472));
#7152 = CIRCLE('',#7153,0.29);
#7153 = AXIS2_PLACEMENT_3D('',#7154,#7155,#7156);
#7154 = CARTESIAN_POINT('',(-0.14,-4.15,-0.457437037472));
#7155 = DIRECTION('',(-0.,1.,3.330669073875E-16));
#7156 = DIRECTION('',(0.,-3.330669073875E-16,1.));
#7157 = ORIENTED_EDGE('',*,*,#7158,.F.);
#7158 = EDGE_CURVE('',#6291,#7150,#7159,.T.);
#7159 = LINE('',#7160,#7161);
#7160 = CARTESIAN_POINT('',(0.15,-4.15,1.5));
#7161 = VECTOR('',#7162,1.);
#7162 = DIRECTION('',(0.,5.551115123126E-16,-1.));
#7163 = ORIENTED_EDGE('',*,*,#6290,.F.);
#7164 = ORIENTED_EDGE('',*,*,#7165,.F.);
#7165 = EDGE_CURVE('',#7166,#6283,#7168,.T.);
#7166 = VERTEX_POINT('',#7167);
#7167 = CARTESIAN_POINT('',(0.14,-4.15,1.5));
#7168 = LINE('',#7169,#7170);
#7169 = CARTESIAN_POINT('',(-0.15,-4.15,1.5));
#7170 = VECTOR('',#7171,1.);
#7171 = DIRECTION('',(1.,0.,0.));
#7172 = ORIENTED_EDGE('',*,*,#7173,.F.);
#7173 = EDGE_CURVE('',#7174,#7166,#7176,.T.);
#7174 = VERTEX_POINT('',#7175);
#7175 = CARTESIAN_POINT('',(-0.15,-4.15,1.21));
#7176 = CIRCLE('',#7177,0.29);
#7177 = AXIS2_PLACEMENT_3D('',#7178,#7179,#7180);
#7178 = CARTESIAN_POINT('',(0.14,-4.15,1.21));
#7179 = DIRECTION('',(-0.,1.,3.330669073875E-16));
#7180 = DIRECTION('',(0.,-3.330669073875E-16,1.));
#7181 = ORIENTED_EDGE('',*,*,#7182,.F.);
#7182 = EDGE_CURVE('',#7183,#7174,#7185,.T.);
#7183 = VERTEX_POINT('',#7184);
#7184 = CARTESIAN_POINT('',(-0.15,-4.15,-0.457437037472));
#7185 = LINE('',#7186,#7187);
#7186 = CARTESIAN_POINT('',(-0.15,-4.15,-0.5));
#7187 = VECTOR('',#7188,1.);
#7188 = DIRECTION('',(0.,-5.551115123126E-16,1.));
#7189 = ORIENTED_EDGE('',*,*,#7190,.F.);
#7190 = EDGE_CURVE('',#7056,#7183,#7191,.T.);
#7191 = CIRCLE('',#7192,0.29);
#7192 = AXIS2_PLACEMENT_3D('',#7193,#7194,#7195);
#7193 = CARTESIAN_POINT('',(-0.44,-4.15,-0.457437037472));
#7194 = DIRECTION('',(0.,-1.,-3.330669073875E-16));
#7195 = DIRECTION('',(0.,-3.330669073875E-16,1.));
#7196 = PLANE('',#7197);
#7197 = AXIS2_PLACEMENT_3D('',#7198,#7199,#7200);
#7198 = CARTESIAN_POINT('',(-0.15,-4.15,-0.5));
#7199 = DIRECTION('',(0.,-1.,-3.330669073875E-16));
#7200 = DIRECTION('',(0.,3.330669073875E-16,-1.));
#7201 = ADVANCED_FACE('',(#7202),#7213,.F.);
#7202 = FACE_BOUND('',#7203,.F.);
#7203 = EDGE_LOOP('',(#7204,#7205,#7211,#7212));
#7204 = ORIENTED_EDGE('',*,*,#7015,.F.);
#7205 = ORIENTED_EDGE('',*,*,#7206,.T.);
#7206 = EDGE_CURVE('',#7016,#7166,#7207,.T.);
#7207 = LINE('',#7208,#7209);
#7208 = CARTESIAN_POINT('',(0.14,-4.85,1.5));
#7209 = VECTOR('',#7210,1.);
#7210 = DIRECTION('',(0.,1.,3.330669073875E-16));
#7211 = ORIENTED_EDGE('',*,*,#7165,.T.);
#7212 = ORIENTED_EDGE('',*,*,#6282,.F.);
#7213 = PLANE('',#7214);
#7214 = AXIS2_PLACEMENT_3D('',#7215,#7216,#7217);
#7215 = CARTESIAN_POINT('',(-0.15,-4.85,1.5));
#7216 = DIRECTION('',(0.,3.330669073875E-16,-1.));
#7217 = DIRECTION('',(1.,0.,0.));
#7218 = ADVANCED_FACE('',(#7219),#7363,.F.);
#7219 = FACE_BOUND('',#7220,.F.);
#7220 = EDGE_LOOP('',(#7221,#7231,#7240,#7248,#7257,#7265,#7273,#7281,
    #7290,#7298,#7307,#7315,#7324,#7330,#7331,#7339,#7348,#7356));
#7221 = ORIENTED_EDGE('',*,*,#7222,.T.);
#7222 = EDGE_CURVE('',#7223,#7225,#7227,.T.);
#7223 = VERTEX_POINT('',#7224);
#7224 = CARTESIAN_POINT('',(6.462230377286,-4.85,-0.540767924286));
#7225 = VERTEX_POINT('',#7226);
#7226 = CARTESIAN_POINT('',(6.725000733956,-4.85,-1.416669113186));
#7227 = LINE('',#7228,#7229);
#7228 = CARTESIAN_POINT('',(6.45,-4.85,-0.5));
#7229 = VECTOR('',#7230,1.);
#7230 = DIRECTION('',(0.287347885566,5.31700397722E-16,-0.957826285221)
  );
#7231 = ORIENTED_EDGE('',*,*,#7232,.T.);
#7232 = EDGE_CURVE('',#7225,#7233,#7235,.T.);
#7233 = VERTEX_POINT('',#7234);
#7234 = CARTESIAN_POINT('',(6.725000733956,-4.85,-1.583330886814));
#7235 = CIRCLE('',#7236,0.29);
#7236 = AXIS2_PLACEMENT_3D('',#7237,#7238,#7239);
#7237 = CARTESIAN_POINT('',(6.447231111242,-4.85,-1.5));
#7238 = DIRECTION('',(-0.,1.,3.330669073875E-16));
#7239 = DIRECTION('',(0.,-3.330669073875E-16,1.));
#7240 = ORIENTED_EDGE('',*,*,#7241,.T.);
#7241 = EDGE_CURVE('',#7233,#7242,#7244,.T.);
#7242 = VERTEX_POINT('',#7243);
#7243 = CARTESIAN_POINT('',(6.462230377286,-4.85,-2.459232075714));
#7244 = LINE('',#7245,#7246);
#7245 = CARTESIAN_POINT('',(6.75,-4.85,-1.5));
#7246 = VECTOR('',#7247,1.);
#7247 = DIRECTION('',(-0.287347885566,5.31700397722E-16,-0.957826285221)
  );
#7248 = ORIENTED_EDGE('',*,*,#7249,.F.);
#7249 = EDGE_CURVE('',#7250,#7242,#7252,.T.);
#7250 = VERTEX_POINT('',#7251);
#7251 = CARTESIAN_POINT('',(6.45,-4.85,-2.542562962528));
#7252 = CIRCLE('',#7253,0.29);
#7253 = AXIS2_PLACEMENT_3D('',#7254,#7255,#7256);
#7254 = CARTESIAN_POINT('',(6.74,-4.85,-2.542562962528));
#7255 = DIRECTION('',(-0.,1.,3.330669073875E-16));
#7256 = DIRECTION('',(0.,-3.330669073875E-16,1.));
#7257 = ORIENTED_EDGE('',*,*,#7258,.F.);
#7258 = EDGE_CURVE('',#7259,#7250,#7261,.T.);
#7259 = VERTEX_POINT('',#7260);
#7260 = CARTESIAN_POINT('',(6.45,-4.85,-3.5));
#7261 = LINE('',#7262,#7263);
#7262 = CARTESIAN_POINT('',(6.45,-4.85,-3.5));
#7263 = VECTOR('',#7264,1.);
#7264 = DIRECTION('',(0.,-5.551115123126E-16,1.));
#7265 = ORIENTED_EDGE('',*,*,#7266,.F.);
#7266 = EDGE_CURVE('',#7267,#7259,#7269,.T.);
#7267 = VERTEX_POINT('',#7268);
#7268 = CARTESIAN_POINT('',(6.15,-4.85,-3.5));
#7269 = LINE('',#7270,#7271);
#7270 = CARTESIAN_POINT('',(6.15,-4.85,-3.5));
#7271 = VECTOR('',#7272,1.);
#7272 = DIRECTION('',(1.,0.,0.));
#7273 = ORIENTED_EDGE('',*,*,#7274,.F.);
#7274 = EDGE_CURVE('',#7275,#7267,#7277,.T.);
#7275 = VERTEX_POINT('',#7276);
#7276 = CARTESIAN_POINT('',(6.15,-4.85,-2.542562962528));
#7277 = LINE('',#7278,#7279);
#7278 = CARTESIAN_POINT('',(6.15,-4.85,-2.5));
#7279 = VECTOR('',#7280,1.);
#7280 = DIRECTION('',(0.,5.551115123126E-16,-1.));
#7281 = ORIENTED_EDGE('',*,*,#7282,.F.);
#7282 = EDGE_CURVE('',#7283,#7275,#7285,.T.);
#7283 = VERTEX_POINT('',#7284);
#7284 = CARTESIAN_POINT('',(6.162230377286,-4.85,-2.459232075714));
#7285 = CIRCLE('',#7286,0.29);
#7286 = AXIS2_PLACEMENT_3D('',#7287,#7288,#7289);
#7287 = CARTESIAN_POINT('',(6.44,-4.85,-2.542562962528));
#7288 = DIRECTION('',(0.,-1.,-3.330669073875E-16));
#7289 = DIRECTION('',(0.,-3.330669073875E-16,1.));
#7290 = ORIENTED_EDGE('',*,*,#7291,.T.);
#7291 = EDGE_CURVE('',#7283,#7292,#7294,.T.);
#7292 = VERTEX_POINT('',#7293);
#7293 = CARTESIAN_POINT('',(6.425000733956,-4.85,-1.583330886814));
#7294 = LINE('',#7295,#7296);
#7295 = CARTESIAN_POINT('',(6.15,-4.85,-2.5));
#7296 = VECTOR('',#7297,1.);
#7297 = DIRECTION('',(0.287347885566,-5.31700397722E-16,0.957826285221)
  );
#7298 = ORIENTED_EDGE('',*,*,#7299,.F.);
#7299 = EDGE_CURVE('',#7300,#7292,#7302,.T.);
#7300 = VERTEX_POINT('',#7301);
#7301 = CARTESIAN_POINT('',(6.425000733956,-4.85,-1.416669113186));
#7302 = CIRCLE('',#7303,0.29);
#7303 = AXIS2_PLACEMENT_3D('',#7304,#7305,#7306);
#7304 = CARTESIAN_POINT('',(6.147231111242,-4.85,-1.5));
#7305 = DIRECTION('',(-0.,1.,3.330669073875E-16));
#7306 = DIRECTION('',(0.,-3.330669073875E-16,1.));
#7307 = ORIENTED_EDGE('',*,*,#7308,.T.);
#7308 = EDGE_CURVE('',#7300,#7309,#7311,.T.);
#7309 = VERTEX_POINT('',#7310);
#7310 = CARTESIAN_POINT('',(6.162230377286,-4.85,-0.540767924286));
#7311 = LINE('',#7312,#7313);
#7312 = CARTESIAN_POINT('',(6.45,-4.85,-1.5));
#7313 = VECTOR('',#7314,1.);
#7314 = DIRECTION('',(-0.287347885566,-5.31700397722E-16,0.957826285221)
  );
#7315 = ORIENTED_EDGE('',*,*,#7316,.F.);
#7316 = EDGE_CURVE('',#7317,#7309,#7319,.T.);
#7317 = VERTEX_POINT('',#7318);
#7318 = CARTESIAN_POINT('',(6.15,-4.85,-0.457437037472));
#7319 = CIRCLE('',#7320,0.29);
#7320 = AXIS2_PLACEMENT_3D('',#7321,#7322,#7323);
#7321 = CARTESIAN_POINT('',(6.44,-4.85,-0.457437037472));
#7322 = DIRECTION('',(0.,-1.,-3.330669073875E-16));
#7323 = DIRECTION('',(0.,-3.330669073875E-16,1.));
#7324 = ORIENTED_EDGE('',*,*,#7325,.F.);
#7325 = EDGE_CURVE('',#6337,#7317,#7326,.T.);
#7326 = LINE('',#7327,#7328);
#7327 = CARTESIAN_POINT('',(6.15,-4.85,1.5));
#7328 = VECTOR('',#7329,1.);
#7329 = DIRECTION('',(0.,5.551115123126E-16,-1.));
#7330 = ORIENTED_EDGE('',*,*,#6410,.F.);
#7331 = ORIENTED_EDGE('',*,*,#7332,.F.);
#7332 = EDGE_CURVE('',#7333,#6403,#7335,.T.);
#7333 = VERTEX_POINT('',#7334);
#7334 = CARTESIAN_POINT('',(6.16,-4.85,1.5));
#7335 = LINE('',#7336,#7337);
#7336 = CARTESIAN_POINT('',(6.45,-4.85,1.5));
#7337 = VECTOR('',#7338,1.);
#7338 = DIRECTION('',(-1.,-0.,0.));
#7339 = ORIENTED_EDGE('',*,*,#7340,.F.);
#7340 = EDGE_CURVE('',#7341,#7333,#7343,.T.);
#7341 = VERTEX_POINT('',#7342);
#7342 = CARTESIAN_POINT('',(6.45,-4.85,1.21));
#7343 = CIRCLE('',#7344,0.29);
#7344 = AXIS2_PLACEMENT_3D('',#7345,#7346,#7347);
#7345 = CARTESIAN_POINT('',(6.16,-4.85,1.21));
#7346 = DIRECTION('',(0.,-1.,-3.330669073875E-16));
#7347 = DIRECTION('',(0.,-3.330669073875E-16,1.));
#7348 = ORIENTED_EDGE('',*,*,#7349,.F.);
#7349 = EDGE_CURVE('',#7350,#7341,#7352,.T.);
#7350 = VERTEX_POINT('',#7351);
#7351 = CARTESIAN_POINT('',(6.45,-4.85,-0.457437037472));
#7352 = LINE('',#7353,#7354);
#7353 = CARTESIAN_POINT('',(6.45,-4.85,-0.5));
#7354 = VECTOR('',#7355,1.);
#7355 = DIRECTION('',(0.,-5.551115123126E-16,1.));
#7356 = ORIENTED_EDGE('',*,*,#7357,.F.);
#7357 = EDGE_CURVE('',#7223,#7350,#7358,.T.);
#7358 = CIRCLE('',#7359,0.29);
#7359 = AXIS2_PLACEMENT_3D('',#7360,#7361,#7362);
#7360 = CARTESIAN_POINT('',(6.74,-4.85,-0.457437037472));
#7361 = DIRECTION('',(-0.,1.,3.330669073875E-16));
#7362 = DIRECTION('',(0.,-3.330669073875E-16,1.));
#7363 = PLANE('',#7364);
#7364 = AXIS2_PLACEMENT_3D('',#7365,#7366,#7367);
#7365 = CARTESIAN_POINT('',(6.45,-4.85,-0.5));
#7366 = DIRECTION('',(0.,1.,3.330669073875E-16));
#7367 = DIRECTION('',(0.,-3.330669073875E-16,1.));
#7368 = ADVANCED_FACE('',(#7369),#7387,.T.);
#7369 = FACE_BOUND('',#7370,.T.);
#7370 = EDGE_LOOP('',(#7371,#7372,#7380,#7386));
#7371 = ORIENTED_EDGE('',*,*,#7332,.F.);
#7372 = ORIENTED_EDGE('',*,*,#7373,.T.);
#7373 = EDGE_CURVE('',#7333,#7374,#7376,.T.);
#7374 = VERTEX_POINT('',#7375);
#7375 = CARTESIAN_POINT('',(6.16,-4.15,1.5));
#7376 = LINE('',#7377,#7378);
#7377 = CARTESIAN_POINT('',(6.16,-4.85,1.5));
#7378 = VECTOR('',#7379,1.);
#7379 = DIRECTION('',(0.,1.,3.330669073875E-16));
#7380 = ORIENTED_EDGE('',*,*,#7381,.T.);
#7381 = EDGE_CURVE('',#7374,#6395,#7382,.T.);
#7382 = LINE('',#7383,#7384);
#7383 = CARTESIAN_POINT('',(6.45,-4.15,1.5));
#7384 = VECTOR('',#7385,1.);
#7385 = DIRECTION('',(-1.,-0.,0.));
#7386 = ORIENTED_EDGE('',*,*,#6402,.F.);
#7387 = PLANE('',#7388);
#7388 = AXIS2_PLACEMENT_3D('',#7389,#7390,#7391);
#7389 = CARTESIAN_POINT('',(6.45,-4.85,1.5));
#7390 = DIRECTION('',(0.,-3.330669073875E-16,1.));
#7391 = DIRECTION('',(-1.,0.,0.));
#7392 = ADVANCED_FACE('',(#7393),#7530,.T.);
#7393 = FACE_BOUND('',#7394,.T.);
#7394 = EDGE_LOOP('',(#7395,#7405,#7414,#7422,#7431,#7439,#7447,#7455,
    #7464,#7472,#7481,#7489,#7498,#7504,#7505,#7506,#7515,#7523));
#7395 = ORIENTED_EDGE('',*,*,#7396,.T.);
#7396 = EDGE_CURVE('',#7397,#7399,#7401,.T.);
#7397 = VERTEX_POINT('',#7398);
#7398 = CARTESIAN_POINT('',(6.462230377286,-4.15,-0.540767924286));
#7399 = VERTEX_POINT('',#7400);
#7400 = CARTESIAN_POINT('',(6.725000733956,-4.15,-1.416669113186));
#7401 = LINE('',#7402,#7403);
#7402 = CARTESIAN_POINT('',(6.45,-4.15,-0.5));
#7403 = VECTOR('',#7404,1.);
#7404 = DIRECTION('',(0.287347885566,5.31700397722E-16,-0.957826285221)
  );
#7405 = ORIENTED_EDGE('',*,*,#7406,.T.);
#7406 = EDGE_CURVE('',#7399,#7407,#7409,.T.);
#7407 = VERTEX_POINT('',#7408);
#7408 = CARTESIAN_POINT('',(6.725000733956,-4.15,-1.583330886814));
#7409 = CIRCLE('',#7410,0.29);
#7410 = AXIS2_PLACEMENT_3D('',#7411,#7412,#7413);
#7411 = CARTESIAN_POINT('',(6.447231111242,-4.15,-1.5));
#7412 = DIRECTION('',(-0.,1.,3.330669073875E-16));
#7413 = DIRECTION('',(0.,-3.330669073875E-16,1.));
#7414 = ORIENTED_EDGE('',*,*,#7415,.T.);
#7415 = EDGE_CURVE('',#7407,#7416,#7418,.T.);
#7416 = VERTEX_POINT('',#7417);
#7417 = CARTESIAN_POINT('',(6.462230377286,-4.15,-2.459232075714));
#7418 = LINE('',#7419,#7420);
#7419 = CARTESIAN_POINT('',(6.75,-4.15,-1.5));
#7420 = VECTOR('',#7421,1.);
#7421 = DIRECTION('',(-0.287347885566,5.31700397722E-16,-0.957826285221)
  );
#7422 = ORIENTED_EDGE('',*,*,#7423,.F.);
#7423 = EDGE_CURVE('',#7424,#7416,#7426,.T.);
#7424 = VERTEX_POINT('',#7425);
#7425 = CARTESIAN_POINT('',(6.45,-4.15,-2.542562962528));
#7426 = CIRCLE('',#7427,0.29);
#7427 = AXIS2_PLACEMENT_3D('',#7428,#7429,#7430);
#7428 = CARTESIAN_POINT('',(6.74,-4.15,-2.542562962528));
#7429 = DIRECTION('',(-0.,1.,3.330669073875E-16));
#7430 = DIRECTION('',(0.,-3.330669073875E-16,1.));
#7431 = ORIENTED_EDGE('',*,*,#7432,.F.);
#7432 = EDGE_CURVE('',#7433,#7424,#7435,.T.);
#7433 = VERTEX_POINT('',#7434);
#7434 = CARTESIAN_POINT('',(6.45,-4.15,-3.5));
#7435 = LINE('',#7436,#7437);
#7436 = CARTESIAN_POINT('',(6.45,-4.15,-3.5));
#7437 = VECTOR('',#7438,1.);
#7438 = DIRECTION('',(0.,-5.551115123126E-16,1.));
#7439 = ORIENTED_EDGE('',*,*,#7440,.F.);
#7440 = EDGE_CURVE('',#7441,#7433,#7443,.T.);
#7441 = VERTEX_POINT('',#7442);
#7442 = CARTESIAN_POINT('',(6.15,-4.15,-3.5));
#7443 = LINE('',#7444,#7445);
#7444 = CARTESIAN_POINT('',(6.15,-4.15,-3.5));
#7445 = VECTOR('',#7446,1.);
#7446 = DIRECTION('',(1.,0.,0.));
#7447 = ORIENTED_EDGE('',*,*,#7448,.F.);
#7448 = EDGE_CURVE('',#7449,#7441,#7451,.T.);
#7449 = VERTEX_POINT('',#7450);
#7450 = CARTESIAN_POINT('',(6.15,-4.15,-2.542562962528));
#7451 = LINE('',#7452,#7453);
#7452 = CARTESIAN_POINT('',(6.15,-4.15,-2.5));
#7453 = VECTOR('',#7454,1.);
#7454 = DIRECTION('',(0.,5.551115123126E-16,-1.));
#7455 = ORIENTED_EDGE('',*,*,#7456,.F.);
#7456 = EDGE_CURVE('',#7457,#7449,#7459,.T.);
#7457 = VERTEX_POINT('',#7458);
#7458 = CARTESIAN_POINT('',(6.162230377286,-4.15,-2.459232075714));
#7459 = CIRCLE('',#7460,0.29);
#7460 = AXIS2_PLACEMENT_3D('',#7461,#7462,#7463);
#7461 = CARTESIAN_POINT('',(6.44,-4.15,-2.542562962528));
#7462 = DIRECTION('',(0.,-1.,-3.330669073875E-16));
#7463 = DIRECTION('',(0.,-3.330669073875E-16,1.));
#7464 = ORIENTED_EDGE('',*,*,#7465,.T.);
#7465 = EDGE_CURVE('',#7457,#7466,#7468,.T.);
#7466 = VERTEX_POINT('',#7467);
#7467 = CARTESIAN_POINT('',(6.425000733956,-4.15,-1.583330886814));
#7468 = LINE('',#7469,#7470);
#7469 = CARTESIAN_POINT('',(6.15,-4.15,-2.5));
#7470 = VECTOR('',#7471,1.);
#7471 = DIRECTION('',(0.287347885566,-5.31700397722E-16,0.957826285221)
  );
#7472 = ORIENTED_EDGE('',*,*,#7473,.F.);
#7473 = EDGE_CURVE('',#7474,#7466,#7476,.T.);
#7474 = VERTEX_POINT('',#7475);
#7475 = CARTESIAN_POINT('',(6.425000733956,-4.15,-1.416669113186));
#7476 = CIRCLE('',#7477,0.29);
#7477 = AXIS2_PLACEMENT_3D('',#7478,#7479,#7480);
#7478 = CARTESIAN_POINT('',(6.147231111242,-4.15,-1.5));
#7479 = DIRECTION('',(-0.,1.,3.330669073875E-16));
#7480 = DIRECTION('',(0.,-3.330669073875E-16,1.));
#7481 = ORIENTED_EDGE('',*,*,#7482,.T.);
#7482 = EDGE_CURVE('',#7474,#7483,#7485,.T.);
#7483 = VERTEX_POINT('',#7484);
#7484 = CARTESIAN_POINT('',(6.162230377286,-4.15,-0.540767924286));
#7485 = LINE('',#7486,#7487);
#7486 = CARTESIAN_POINT('',(6.45,-4.15,-1.5));
#7487 = VECTOR('',#7488,1.);
#7488 = DIRECTION('',(-0.287347885566,-5.31700397722E-16,0.957826285221)
  );
#7489 = ORIENTED_EDGE('',*,*,#7490,.F.);
#7490 = EDGE_CURVE('',#7491,#7483,#7493,.T.);
#7491 = VERTEX_POINT('',#7492);
#7492 = CARTESIAN_POINT('',(6.15,-4.15,-0.457437037472));
#7493 = CIRCLE('',#7494,0.29);
#7494 = AXIS2_PLACEMENT_3D('',#7495,#7496,#7497);
#7495 = CARTESIAN_POINT('',(6.44,-4.15,-0.457437037472));
#7496 = DIRECTION('',(0.,-1.,-3.330669073875E-16));
#7497 = DIRECTION('',(0.,-3.330669073875E-16,1.));
#7498 = ORIENTED_EDGE('',*,*,#7499,.F.);
#7499 = EDGE_CURVE('',#6387,#7491,#7500,.T.);
#7500 = LINE('',#7501,#7502);
#7501 = CARTESIAN_POINT('',(6.15,-4.15,1.5));
#7502 = VECTOR('',#7503,1.);
#7503 = DIRECTION('',(0.,5.551115123126E-16,-1.));
#7504 = ORIENTED_EDGE('',*,*,#6394,.F.);
#7505 = ORIENTED_EDGE('',*,*,#7381,.F.);
#7506 = ORIENTED_EDGE('',*,*,#7507,.F.);
#7507 = EDGE_CURVE('',#7508,#7374,#7510,.T.);
#7508 = VERTEX_POINT('',#7509);
#7509 = CARTESIAN_POINT('',(6.45,-4.15,1.21));
#7510 = CIRCLE('',#7511,0.29);
#7511 = AXIS2_PLACEMENT_3D('',#7512,#7513,#7514);
#7512 = CARTESIAN_POINT('',(6.16,-4.15,1.21));
#7513 = DIRECTION('',(0.,-1.,-3.330669073875E-16));
#7514 = DIRECTION('',(0.,-3.330669073875E-16,1.));
#7515 = ORIENTED_EDGE('',*,*,#7516,.F.);
#7516 = EDGE_CURVE('',#7517,#7508,#7519,.T.);
#7517 = VERTEX_POINT('',#7518);
#7518 = CARTESIAN_POINT('',(6.45,-4.15,-0.457437037472));
#7519 = LINE('',#7520,#7521);
#7520 = CARTESIAN_POINT('',(6.45,-4.15,-0.5));
#7521 = VECTOR('',#7522,1.);
#7522 = DIRECTION('',(0.,-5.551115123126E-16,1.));
#7523 = ORIENTED_EDGE('',*,*,#7524,.F.);
#7524 = EDGE_CURVE('',#7397,#7517,#7525,.T.);
#7525 = CIRCLE('',#7526,0.29);
#7526 = AXIS2_PLACEMENT_3D('',#7527,#7528,#7529);
#7527 = CARTESIAN_POINT('',(6.74,-4.15,-0.457437037472));
#7528 = DIRECTION('',(-0.,1.,3.330669073875E-16));
#7529 = DIRECTION('',(0.,-3.330669073875E-16,1.));
#7530 = PLANE('',#7531);
#7531 = AXIS2_PLACEMENT_3D('',#7532,#7533,#7534);
#7532 = CARTESIAN_POINT('',(6.45,-4.15,-0.5));
#7533 = DIRECTION('',(0.,1.,3.330669073875E-16));
#7534 = DIRECTION('',(0.,-3.330669073875E-16,1.));
#7535 = ADVANCED_FACE('',(#7536),#7680,.T.);
#7536 = FACE_BOUND('',#7537,.T.);
#7537 = EDGE_LOOP('',(#7538,#7548,#7557,#7565,#7574,#7582,#7590,#7598,
    #7607,#7615,#7624,#7632,#7641,#7647,#7648,#7656,#7665,#7673));
#7538 = ORIENTED_EDGE('',*,*,#7539,.T.);
#7539 = EDGE_CURVE('',#7540,#7542,#7544,.T.);
#7540 = VERTEX_POINT('',#7541);
#7541 = CARTESIAN_POINT('',(6.462230377286,0.35,-0.540767924286));
#7542 = VERTEX_POINT('',#7543);
#7543 = CARTESIAN_POINT('',(6.725000733956,0.35,-1.416669113186));
#7544 = LINE('',#7545,#7546);
#7545 = CARTESIAN_POINT('',(6.45,0.35,-0.5));
#7546 = VECTOR('',#7547,1.);
#7547 = DIRECTION('',(0.287347885566,5.31700397722E-16,-0.957826285221)
  );
#7548 = ORIENTED_EDGE('',*,*,#7549,.T.);
#7549 = EDGE_CURVE('',#7542,#7550,#7552,.T.);
#7550 = VERTEX_POINT('',#7551);
#7551 = CARTESIAN_POINT('',(6.725000733956,0.35,-1.583330886814));
#7552 = CIRCLE('',#7553,0.29);
#7553 = AXIS2_PLACEMENT_3D('',#7554,#7555,#7556);
#7554 = CARTESIAN_POINT('',(6.447231111242,0.35,-1.5));
#7555 = DIRECTION('',(-0.,1.,3.330669073875E-16));
#7556 = DIRECTION('',(0.,-3.330669073875E-16,1.));
#7557 = ORIENTED_EDGE('',*,*,#7558,.T.);
#7558 = EDGE_CURVE('',#7550,#7559,#7561,.T.);
#7559 = VERTEX_POINT('',#7560);
#7560 = CARTESIAN_POINT('',(6.462230377286,0.35,-2.459232075714));
#7561 = LINE('',#7562,#7563);
#7562 = CARTESIAN_POINT('',(6.75,0.35,-1.5));
#7563 = VECTOR('',#7564,1.);
#7564 = DIRECTION('',(-0.287347885566,5.31700397722E-16,-0.957826285221)
  );
#7565 = ORIENTED_EDGE('',*,*,#7566,.F.);
#7566 = EDGE_CURVE('',#7567,#7559,#7569,.T.);
#7567 = VERTEX_POINT('',#7568);
#7568 = CARTESIAN_POINT('',(6.45,0.35,-2.542562962528));
#7569 = CIRCLE('',#7570,0.29);
#7570 = AXIS2_PLACEMENT_3D('',#7571,#7572,#7573);
#7571 = CARTESIAN_POINT('',(6.74,0.35,-2.542562962528));
#7572 = DIRECTION('',(-0.,1.,3.330669073875E-16));
#7573 = DIRECTION('',(0.,-3.330669073875E-16,1.));
#7574 = ORIENTED_EDGE('',*,*,#7575,.F.);
#7575 = EDGE_CURVE('',#7576,#7567,#7578,.T.);
#7576 = VERTEX_POINT('',#7577);
#7577 = CARTESIAN_POINT('',(6.45,0.35,-3.5));
#7578 = LINE('',#7579,#7580);
#7579 = CARTESIAN_POINT('',(6.45,0.35,-3.5));
#7580 = VECTOR('',#7581,1.);
#7581 = DIRECTION('',(0.,-5.551115123126E-16,1.));
#7582 = ORIENTED_EDGE('',*,*,#7583,.F.);
#7583 = EDGE_CURVE('',#7584,#7576,#7586,.T.);
#7584 = VERTEX_POINT('',#7585);
#7585 = CARTESIAN_POINT('',(6.15,0.35,-3.5));
#7586 = LINE('',#7587,#7588);
#7587 = CARTESIAN_POINT('',(6.15,0.35,-3.5));
#7588 = VECTOR('',#7589,1.);
#7589 = DIRECTION('',(1.,0.,0.));
#7590 = ORIENTED_EDGE('',*,*,#7591,.F.);
#7591 = EDGE_CURVE('',#7592,#7584,#7594,.T.);
#7592 = VERTEX_POINT('',#7593);
#7593 = CARTESIAN_POINT('',(6.15,0.35,-2.542562962528));
#7594 = LINE('',#7595,#7596);
#7595 = CARTESIAN_POINT('',(6.15,0.35,-2.5));
#7596 = VECTOR('',#7597,1.);
#7597 = DIRECTION('',(0.,5.551115123126E-16,-1.));
#7598 = ORIENTED_EDGE('',*,*,#7599,.F.);
#7599 = EDGE_CURVE('',#7600,#7592,#7602,.T.);
#7600 = VERTEX_POINT('',#7601);
#7601 = CARTESIAN_POINT('',(6.162230377286,0.35,-2.459232075714));
#7602 = CIRCLE('',#7603,0.29);
#7603 = AXIS2_PLACEMENT_3D('',#7604,#7605,#7606);
#7604 = CARTESIAN_POINT('',(6.44,0.35,-2.542562962528));
#7605 = DIRECTION('',(0.,-1.,-3.330669073875E-16));
#7606 = DIRECTION('',(0.,-3.330669073875E-16,1.));
#7607 = ORIENTED_EDGE('',*,*,#7608,.T.);
#7608 = EDGE_CURVE('',#7600,#7609,#7611,.T.);
#7609 = VERTEX_POINT('',#7610);
#7610 = CARTESIAN_POINT('',(6.425000733956,0.35,-1.583330886814));
#7611 = LINE('',#7612,#7613);
#7612 = CARTESIAN_POINT('',(6.15,0.35,-2.5));
#7613 = VECTOR('',#7614,1.);
#7614 = DIRECTION('',(0.287347885566,-5.31700397722E-16,0.957826285221)
  );
#7615 = ORIENTED_EDGE('',*,*,#7616,.F.);
#7616 = EDGE_CURVE('',#7617,#7609,#7619,.T.);
#7617 = VERTEX_POINT('',#7618);
#7618 = CARTESIAN_POINT('',(6.425000733956,0.35,-1.416669113186));
#7619 = CIRCLE('',#7620,0.29);
#7620 = AXIS2_PLACEMENT_3D('',#7621,#7622,#7623);
#7621 = CARTESIAN_POINT('',(6.147231111242,0.35,-1.5));
#7622 = DIRECTION('',(-0.,1.,3.330669073875E-16));
#7623 = DIRECTION('',(0.,-3.330669073875E-16,1.));
#7624 = ORIENTED_EDGE('',*,*,#7625,.T.);
#7625 = EDGE_CURVE('',#7617,#7626,#7628,.T.);
#7626 = VERTEX_POINT('',#7627);
#7627 = CARTESIAN_POINT('',(6.162230377286,0.35,-0.540767924286));
#7628 = LINE('',#7629,#7630);
#7629 = CARTESIAN_POINT('',(6.45,0.35,-1.5));
#7630 = VECTOR('',#7631,1.);
#7631 = DIRECTION('',(-0.287347885566,-5.31700397722E-16,0.957826285221)
  );
#7632 = ORIENTED_EDGE('',*,*,#7633,.F.);
#7633 = EDGE_CURVE('',#7634,#7626,#7636,.T.);
#7634 = VERTEX_POINT('',#7635);
#7635 = CARTESIAN_POINT('',(6.15,0.35,-0.457437037472));
#7636 = CIRCLE('',#7637,0.29);
#7637 = AXIS2_PLACEMENT_3D('',#7638,#7639,#7640);
#7638 = CARTESIAN_POINT('',(6.44,0.35,-0.457437037472));
#7639 = DIRECTION('',(0.,-1.,-3.330669073875E-16));
#7640 = DIRECTION('',(0.,-3.330669073875E-16,1.));
#7641 = ORIENTED_EDGE('',*,*,#7642,.F.);
#7642 = EDGE_CURVE('',#6355,#7634,#7643,.T.);
#7643 = LINE('',#7644,#7645);
#7644 = CARTESIAN_POINT('',(6.15,0.35,1.5));
#7645 = VECTOR('',#7646,1.);
#7646 = DIRECTION('',(0.,5.551115123126E-16,-1.));
#7647 = ORIENTED_EDGE('',*,*,#6362,.F.);
#7648 = ORIENTED_EDGE('',*,*,#7649,.F.);
#7649 = EDGE_CURVE('',#7650,#6363,#7652,.T.);
#7650 = VERTEX_POINT('',#7651);
#7651 = CARTESIAN_POINT('',(6.16,0.35,1.5));
#7652 = LINE('',#7653,#7654);
#7653 = CARTESIAN_POINT('',(6.45,0.35,1.5));
#7654 = VECTOR('',#7655,1.);
#7655 = DIRECTION('',(-1.,-0.,0.));
#7656 = ORIENTED_EDGE('',*,*,#7657,.F.);
#7657 = EDGE_CURVE('',#7658,#7650,#7660,.T.);
#7658 = VERTEX_POINT('',#7659);
#7659 = CARTESIAN_POINT('',(6.45,0.35,1.21));
#7660 = CIRCLE('',#7661,0.29);
#7661 = AXIS2_PLACEMENT_3D('',#7662,#7663,#7664);
#7662 = CARTESIAN_POINT('',(6.16,0.35,1.21));
#7663 = DIRECTION('',(0.,-1.,-3.330669073875E-16));
#7664 = DIRECTION('',(0.,-3.330669073875E-16,1.));
#7665 = ORIENTED_EDGE('',*,*,#7666,.F.);
#7666 = EDGE_CURVE('',#7667,#7658,#7669,.T.);
#7667 = VERTEX_POINT('',#7668);
#7668 = CARTESIAN_POINT('',(6.45,0.35,-0.457437037472));
#7669 = LINE('',#7670,#7671);
#7670 = CARTESIAN_POINT('',(6.45,0.35,-0.5));
#7671 = VECTOR('',#7672,1.);
#7672 = DIRECTION('',(0.,-5.551115123126E-16,1.));
#7673 = ORIENTED_EDGE('',*,*,#7674,.F.);
#7674 = EDGE_CURVE('',#7540,#7667,#7675,.T.);
#7675 = CIRCLE('',#7676,0.29);
#7676 = AXIS2_PLACEMENT_3D('',#7677,#7678,#7679);
#7677 = CARTESIAN_POINT('',(6.74,0.35,-0.457437037472));
#7678 = DIRECTION('',(-0.,1.,3.330669073875E-16));
#7679 = DIRECTION('',(0.,-3.330669073875E-16,1.));
#7680 = PLANE('',#7681);
#7681 = AXIS2_PLACEMENT_3D('',#7682,#7683,#7684);
#7682 = CARTESIAN_POINT('',(6.45,0.35,-0.5));
#7683 = DIRECTION('',(1.64346021921E-31,1.,5.551115123126E-16));
#7684 = DIRECTION('',(0.,-5.551115123126E-16,1.));
#7685 = ADVANCED_FACE('',(#7686),#7830,.F.);
#7686 = FACE_BOUND('',#7687,.F.);
#7687 = EDGE_LOOP('',(#7688,#7698,#7707,#7715,#7724,#7732,#7740,#7748,
    #7757,#7765,#7774,#7782,#7791,#7797,#7798,#7806,#7815,#7823));
#7688 = ORIENTED_EDGE('',*,*,#7689,.T.);
#7689 = EDGE_CURVE('',#7690,#7692,#7694,.T.);
#7690 = VERTEX_POINT('',#7691);
#7691 = CARTESIAN_POINT('',(6.462230377286,-0.35,-0.540767924286));
#7692 = VERTEX_POINT('',#7693);
#7693 = CARTESIAN_POINT('',(6.725000733956,-0.35,-1.416669113186));
#7694 = LINE('',#7695,#7696);
#7695 = CARTESIAN_POINT('',(6.45,-0.35,-0.5));
#7696 = VECTOR('',#7697,1.);
#7697 = DIRECTION('',(0.287347885566,5.31700397722E-16,-0.957826285221)
  );
#7698 = ORIENTED_EDGE('',*,*,#7699,.T.);
#7699 = EDGE_CURVE('',#7692,#7700,#7702,.T.);
#7700 = VERTEX_POINT('',#7701);
#7701 = CARTESIAN_POINT('',(6.725000733956,-0.35,-1.583330886814));
#7702 = CIRCLE('',#7703,0.29);
#7703 = AXIS2_PLACEMENT_3D('',#7704,#7705,#7706);
#7704 = CARTESIAN_POINT('',(6.447231111242,-0.35,-1.5));
#7705 = DIRECTION('',(-0.,1.,3.330669073875E-16));
#7706 = DIRECTION('',(0.,-3.330669073875E-16,1.));
#7707 = ORIENTED_EDGE('',*,*,#7708,.T.);
#7708 = EDGE_CURVE('',#7700,#7709,#7711,.T.);
#7709 = VERTEX_POINT('',#7710);
#7710 = CARTESIAN_POINT('',(6.462230377286,-0.35,-2.459232075714));
#7711 = LINE('',#7712,#7713);
#7712 = CARTESIAN_POINT('',(6.75,-0.35,-1.5));
#7713 = VECTOR('',#7714,1.);
#7714 = DIRECTION('',(-0.287347885566,5.31700397722E-16,-0.957826285221)
  );
#7715 = ORIENTED_EDGE('',*,*,#7716,.F.);
#7716 = EDGE_CURVE('',#7717,#7709,#7719,.T.);
#7717 = VERTEX_POINT('',#7718);
#7718 = CARTESIAN_POINT('',(6.45,-0.35,-2.542562962528));
#7719 = CIRCLE('',#7720,0.29);
#7720 = AXIS2_PLACEMENT_3D('',#7721,#7722,#7723);
#7721 = CARTESIAN_POINT('',(6.74,-0.35,-2.542562962528));
#7722 = DIRECTION('',(-0.,1.,3.330669073875E-16));
#7723 = DIRECTION('',(0.,-3.330669073875E-16,1.));
#7724 = ORIENTED_EDGE('',*,*,#7725,.F.);
#7725 = EDGE_CURVE('',#7726,#7717,#7728,.T.);
#7726 = VERTEX_POINT('',#7727);
#7727 = CARTESIAN_POINT('',(6.45,-0.35,-3.5));
#7728 = LINE('',#7729,#7730);
#7729 = CARTESIAN_POINT('',(6.45,-0.35,-3.5));
#7730 = VECTOR('',#7731,1.);
#7731 = DIRECTION('',(0.,-5.551115123126E-16,1.));
#7732 = ORIENTED_EDGE('',*,*,#7733,.F.);
#7733 = EDGE_CURVE('',#7734,#7726,#7736,.T.);
#7734 = VERTEX_POINT('',#7735);
#7735 = CARTESIAN_POINT('',(6.15,-0.35,-3.5));
#7736 = LINE('',#7737,#7738);
#7737 = CARTESIAN_POINT('',(6.15,-0.35,-3.5));
#7738 = VECTOR('',#7739,1.);
#7739 = DIRECTION('',(1.,0.,0.));
#7740 = ORIENTED_EDGE('',*,*,#7741,.F.);
#7741 = EDGE_CURVE('',#7742,#7734,#7744,.T.);
#7742 = VERTEX_POINT('',#7743);
#7743 = CARTESIAN_POINT('',(6.15,-0.35,-2.542562962528));
#7744 = LINE('',#7745,#7746);
#7745 = CARTESIAN_POINT('',(6.15,-0.35,-2.5));
#7746 = VECTOR('',#7747,1.);
#7747 = DIRECTION('',(0.,5.551115123126E-16,-1.));
#7748 = ORIENTED_EDGE('',*,*,#7749,.F.);
#7749 = EDGE_CURVE('',#7750,#7742,#7752,.T.);
#7750 = VERTEX_POINT('',#7751);
#7751 = CARTESIAN_POINT('',(6.162230377286,-0.35,-2.459232075714));
#7752 = CIRCLE('',#7753,0.29);
#7753 = AXIS2_PLACEMENT_3D('',#7754,#7755,#7756);
#7754 = CARTESIAN_POINT('',(6.44,-0.35,-2.542562962528));
#7755 = DIRECTION('',(0.,-1.,-3.330669073875E-16));
#7756 = DIRECTION('',(0.,-3.330669073875E-16,1.));
#7757 = ORIENTED_EDGE('',*,*,#7758,.T.);
#7758 = EDGE_CURVE('',#7750,#7759,#7761,.T.);
#7759 = VERTEX_POINT('',#7760);
#7760 = CARTESIAN_POINT('',(6.425000733956,-0.35,-1.583330886814));
#7761 = LINE('',#7762,#7763);
#7762 = CARTESIAN_POINT('',(6.15,-0.35,-2.5));
#7763 = VECTOR('',#7764,1.);
#7764 = DIRECTION('',(0.287347885566,-5.31700397722E-16,0.957826285221)
  );
#7765 = ORIENTED_EDGE('',*,*,#7766,.F.);
#7766 = EDGE_CURVE('',#7767,#7759,#7769,.T.);
#7767 = VERTEX_POINT('',#7768);
#7768 = CARTESIAN_POINT('',(6.425000733956,-0.35,-1.416669113186));
#7769 = CIRCLE('',#7770,0.29);
#7770 = AXIS2_PLACEMENT_3D('',#7771,#7772,#7773);
#7771 = CARTESIAN_POINT('',(6.147231111242,-0.35,-1.5));
#7772 = DIRECTION('',(-0.,1.,3.330669073875E-16));
#7773 = DIRECTION('',(0.,-3.330669073875E-16,1.));
#7774 = ORIENTED_EDGE('',*,*,#7775,.T.);
#7775 = EDGE_CURVE('',#7767,#7776,#7778,.T.);
#7776 = VERTEX_POINT('',#7777);
#7777 = CARTESIAN_POINT('',(6.162230377286,-0.35,-0.540767924286));
#7778 = LINE('',#7779,#7780);
#7779 = CARTESIAN_POINT('',(6.45,-0.35,-1.5));
#7780 = VECTOR('',#7781,1.);
#7781 = DIRECTION('',(-0.287347885566,-5.31700397722E-16,0.957826285221)
  );
#7782 = ORIENTED_EDGE('',*,*,#7783,.F.);
#7783 = EDGE_CURVE('',#7784,#7776,#7786,.T.);
#7784 = VERTEX_POINT('',#7785);
#7785 = CARTESIAN_POINT('',(6.15,-0.35,-0.457437037472));
#7786 = CIRCLE('',#7787,0.29);
#7787 = AXIS2_PLACEMENT_3D('',#7788,#7789,#7790);
#7788 = CARTESIAN_POINT('',(6.44,-0.35,-0.457437037472));
#7789 = DIRECTION('',(0.,-1.,-3.330669073875E-16));
#7790 = DIRECTION('',(0.,-3.330669073875E-16,1.));
#7791 = ORIENTED_EDGE('',*,*,#7792,.F.);
#7792 = EDGE_CURVE('',#6379,#7784,#7793,.T.);
#7793 = LINE('',#7794,#7795);
#7794 = CARTESIAN_POINT('',(6.15,-0.35,1.5));
#7795 = VECTOR('',#7796,1.);
#7796 = DIRECTION('',(0.,5.551115123126E-16,-1.));
#7797 = ORIENTED_EDGE('',*,*,#6378,.F.);
#7798 = ORIENTED_EDGE('',*,*,#7799,.F.);
#7799 = EDGE_CURVE('',#7800,#6371,#7802,.T.);
#7800 = VERTEX_POINT('',#7801);
#7801 = CARTESIAN_POINT('',(6.16,-0.35,1.5));
#7802 = LINE('',#7803,#7804);
#7803 = CARTESIAN_POINT('',(6.45,-0.35,1.5));
#7804 = VECTOR('',#7805,1.);
#7805 = DIRECTION('',(-1.,-0.,0.));
#7806 = ORIENTED_EDGE('',*,*,#7807,.F.);
#7807 = EDGE_CURVE('',#7808,#7800,#7810,.T.);
#7808 = VERTEX_POINT('',#7809);
#7809 = CARTESIAN_POINT('',(6.45,-0.35,1.21));
#7810 = CIRCLE('',#7811,0.29);
#7811 = AXIS2_PLACEMENT_3D('',#7812,#7813,#7814);
#7812 = CARTESIAN_POINT('',(6.16,-0.35,1.21));
#7813 = DIRECTION('',(0.,-1.,-3.330669073875E-16));
#7814 = DIRECTION('',(0.,-3.330669073875E-16,1.));
#7815 = ORIENTED_EDGE('',*,*,#7816,.F.);
#7816 = EDGE_CURVE('',#7817,#7808,#7819,.T.);
#7817 = VERTEX_POINT('',#7818);
#7818 = CARTESIAN_POINT('',(6.45,-0.35,-0.457437037472));
#7819 = LINE('',#7820,#7821);
#7820 = CARTESIAN_POINT('',(6.45,-0.35,-0.5));
#7821 = VECTOR('',#7822,1.);
#7822 = DIRECTION('',(0.,-5.551115123126E-16,1.));
#7823 = ORIENTED_EDGE('',*,*,#7824,.F.);
#7824 = EDGE_CURVE('',#7690,#7817,#7825,.T.);
#7825 = CIRCLE('',#7826,0.29);
#7826 = AXIS2_PLACEMENT_3D('',#7827,#7828,#7829);
#7827 = CARTESIAN_POINT('',(6.74,-0.35,-0.457437037472));
#7828 = DIRECTION('',(-0.,1.,3.330669073875E-16));
#7829 = DIRECTION('',(0.,-3.330669073875E-16,1.));
#7830 = PLANE('',#7831);
#7831 = AXIS2_PLACEMENT_3D('',#7832,#7833,#7834);
#7832 = CARTESIAN_POINT('',(6.45,-0.35,-0.5));
#7833 = DIRECTION('',(1.64346021921E-31,1.,5.551115123126E-16));
#7834 = DIRECTION('',(0.,-5.551115123126E-16,1.));
#7835 = ADVANCED_FACE('',(#7836),#7847,.T.);
#7836 = FACE_BOUND('',#7837,.T.);
#7837 = EDGE_LOOP('',(#7838,#7839,#7845,#7846));
#7838 = ORIENTED_EDGE('',*,*,#7799,.F.);
#7839 = ORIENTED_EDGE('',*,*,#7840,.T.);
#7840 = EDGE_CURVE('',#7800,#7650,#7841,.T.);
#7841 = LINE('',#7842,#7843);
#7842 = CARTESIAN_POINT('',(6.16,-0.35,1.5));
#7843 = VECTOR('',#7844,1.);
#7844 = DIRECTION('',(0.,1.,3.330669073875E-16));
#7845 = ORIENTED_EDGE('',*,*,#7649,.T.);
#7846 = ORIENTED_EDGE('',*,*,#6370,.F.);
#7847 = PLANE('',#7848);
#7848 = AXIS2_PLACEMENT_3D('',#7849,#7850,#7851);
#7849 = CARTESIAN_POINT('',(6.45,-0.35,1.5));
#7850 = DIRECTION('',(0.,-3.330669073875E-16,1.));
#7851 = DIRECTION('',(-1.,0.,0.));
#7852 = ADVANCED_FACE('',(#7853),#7856,.F.);
#7853 = FACE_BOUND('',#7854,.F.);
#7854 = EDGE_LOOP('',(#7855));
#7855 = ORIENTED_EDGE('',*,*,#6510,.F.);
#7856 = PLANE('',#7857);
#7857 = AXIS2_PLACEMENT_3D('',#7858,#7859,#7860);
#7858 = CARTESIAN_POINT('',(4.9,-2.25,4.3));
#7859 = DIRECTION('',(0.,0.,-1.));
#7860 = DIRECTION('',(-1.,0.,0.));
#7861 = ADVANCED_FACE('',(#7862),#7873,.F.);
#7862 = FACE_BOUND('',#7863,.F.);
#7863 = EDGE_LOOP('',(#7864,#7865,#7866,#7867));
#7864 = ORIENTED_EDGE('',*,*,#7008,.F.);
#7865 = ORIENTED_EDGE('',*,*,#6547,.F.);
#7866 = ORIENTED_EDGE('',*,*,#7158,.T.);
#7867 = ORIENTED_EDGE('',*,*,#7868,.F.);
#7868 = EDGE_CURVE('',#7000,#7150,#7869,.T.);
#7869 = LINE('',#7870,#7871);
#7870 = CARTESIAN_POINT('',(0.15,-4.85,-0.457437037472));
#7871 = VECTOR('',#7872,1.);
#7872 = DIRECTION('',(0.,1.,3.330669073875E-16));
#7873 = PLANE('',#7874);
#7874 = AXIS2_PLACEMENT_3D('',#7875,#7876,#7877);
#7875 = CARTESIAN_POINT('',(0.15,-4.85,1.5));
#7876 = DIRECTION('',(-1.,0.,-0.));
#7877 = DIRECTION('',(0.,5.551115123126E-16,-1.));
#7878 = ADVANCED_FACE('',(#7879),#7890,.T.);
#7879 = FACE_BOUND('',#7880,.T.);
#7880 = EDGE_LOOP('',(#7881,#7882,#7883,#7884));
#7881 = ORIENTED_EDGE('',*,*,#7325,.F.);
#7882 = ORIENTED_EDGE('',*,*,#6572,.T.);
#7883 = ORIENTED_EDGE('',*,*,#7499,.T.);
#7884 = ORIENTED_EDGE('',*,*,#7885,.F.);
#7885 = EDGE_CURVE('',#7317,#7491,#7886,.T.);
#7886 = LINE('',#7887,#7888);
#7887 = CARTESIAN_POINT('',(6.15,-4.85,-0.457437037472));
#7888 = VECTOR('',#7889,1.);
#7889 = DIRECTION('',(0.,1.,3.330669073875E-16));
#7890 = PLANE('',#7891);
#7891 = AXIS2_PLACEMENT_3D('',#7892,#7893,#7894);
#7892 = CARTESIAN_POINT('',(6.15,-4.85,1.5));
#7893 = DIRECTION('',(-1.,0.,-0.));
#7894 = DIRECTION('',(0.,5.551115123126E-16,-1.));
#7895 = ADVANCED_FACE('',(#7896),#7907,.F.);
#7896 = FACE_BOUND('',#7897,.F.);
#7897 = EDGE_LOOP('',(#7898,#7899,#7900,#7901));
#7898 = ORIENTED_EDGE('',*,*,#6865,.F.);
#7899 = ORIENTED_EDGE('',*,*,#6554,.F.);
#7900 = ORIENTED_EDGE('',*,*,#6691,.T.);
#7901 = ORIENTED_EDGE('',*,*,#7902,.F.);
#7902 = EDGE_CURVE('',#6857,#6683,#7903,.T.);
#7903 = LINE('',#7904,#7905);
#7904 = CARTESIAN_POINT('',(0.15,-0.35,-0.457437037472));
#7905 = VECTOR('',#7906,1.);
#7906 = DIRECTION('',(0.,1.,3.330669073875E-16));
#7907 = PLANE('',#7908);
#7908 = AXIS2_PLACEMENT_3D('',#7909,#7910,#7911);
#7909 = CARTESIAN_POINT('',(0.15,-0.35,1.5));
#7910 = DIRECTION('',(-1.,0.,-0.));
#7911 = DIRECTION('',(0.,5.551115123126E-16,-1.));
#7912 = ADVANCED_FACE('',(#7913),#7924,.T.);
#7913 = FACE_BOUND('',#7914,.T.);
#7914 = EDGE_LOOP('',(#7915,#7916,#7917,#7918));
#7915 = ORIENTED_EDGE('',*,*,#7792,.F.);
#7916 = ORIENTED_EDGE('',*,*,#6565,.T.);
#7917 = ORIENTED_EDGE('',*,*,#7642,.T.);
#7918 = ORIENTED_EDGE('',*,*,#7919,.F.);
#7919 = EDGE_CURVE('',#7784,#7634,#7920,.T.);
#7920 = LINE('',#7921,#7922);
#7921 = CARTESIAN_POINT('',(6.15,-0.35,-0.457437037472));
#7922 = VECTOR('',#7923,1.);
#7923 = DIRECTION('',(0.,1.,3.330669073875E-16));
#7924 = PLANE('',#7925);
#7925 = AXIS2_PLACEMENT_3D('',#7926,#7927,#7928);
#7926 = CARTESIAN_POINT('',(6.15,-0.35,1.5));
#7927 = DIRECTION('',(-1.,0.,-0.));
#7928 = DIRECTION('',(0.,5.551115123126E-16,-1.));
#7929 = ADVANCED_FACE('',(#7930),#7946,.T.);
#7930 = FACE_BOUND('',#7931,.T.);
#7931 = EDGE_LOOP('',(#7932,#7933,#7939,#7940));
#7932 = ORIENTED_EDGE('',*,*,#6762,.F.);
#7933 = ORIENTED_EDGE('',*,*,#7934,.T.);
#7934 = EDGE_CURVE('',#6763,#6589,#7935,.T.);
#7935 = LINE('',#7936,#7937);
#7936 = CARTESIAN_POINT('',(-0.162230377286,-0.35,-0.540767924286));
#7937 = VECTOR('',#7938,1.);
#7938 = DIRECTION('',(0.,1.,3.330669073875E-16));
#7939 = ORIENTED_EDGE('',*,*,#6588,.T.);
#7940 = ORIENTED_EDGE('',*,*,#7941,.F.);
#7941 = EDGE_CURVE('',#6765,#6591,#7942,.T.);
#7942 = LINE('',#7943,#7944);
#7943 = CARTESIAN_POINT('',(-0.425000733956,-0.35,-1.416669113186));
#7944 = VECTOR('',#7945,1.);
#7945 = DIRECTION('',(0.,1.,3.330669073875E-16));
#7946 = PLANE('',#7947);
#7947 = AXIS2_PLACEMENT_3D('',#7948,#7949,#7950);
#7948 = CARTESIAN_POINT('',(-0.15,-0.35,-0.5));
#7949 = DIRECTION('',(-0.957826285221,-9.570607158995E-17,0.287347885566
    ));
#7950 = DIRECTION('',(-0.287347885566,5.31700397722E-16,-0.957826285221)
  );
#7951 = ADVANCED_FACE('',(#7952),#7963,.F.);
#7952 = FACE_BOUND('',#7953,.F.);
#7953 = EDGE_LOOP('',(#7954,#7955,#7956,#7962));
#7954 = ORIENTED_EDGE('',*,*,#7934,.T.);
#7955 = ORIENTED_EDGE('',*,*,#6723,.T.);
#7956 = ORIENTED_EDGE('',*,*,#7957,.F.);
#7957 = EDGE_CURVE('',#6883,#6716,#7958,.T.);
#7958 = LINE('',#7959,#7960);
#7959 = CARTESIAN_POINT('',(-0.15,-0.35,-0.457437037472));
#7960 = VECTOR('',#7961,1.);
#7961 = DIRECTION('',(0.,1.,3.330669073875E-16));
#7962 = ORIENTED_EDGE('',*,*,#6890,.F.);
#7963 = CYLINDRICAL_SURFACE('',#7964,0.29);
#7964 = AXIS2_PLACEMENT_3D('',#7965,#7966,#7967);
#7965 = CARTESIAN_POINT('',(-0.44,-0.35,-0.457437037472));
#7966 = DIRECTION('',(0.,1.,3.330669073875E-16));
#7967 = DIRECTION('',(0.957826285221,9.570607158983E-17,-0.287347885566)
  );
#7968 = ADVANCED_FACE('',(#7969),#7980,.T.);
#7969 = FACE_BOUND('',#7970,.T.);
#7970 = EDGE_LOOP('',(#7971,#7972,#7973,#7979));
#7971 = ORIENTED_EDGE('',*,*,#7941,.T.);
#7972 = ORIENTED_EDGE('',*,*,#6598,.T.);
#7973 = ORIENTED_EDGE('',*,*,#7974,.F.);
#7974 = EDGE_CURVE('',#6773,#6599,#7975,.T.);
#7975 = LINE('',#7976,#7977);
#7976 = CARTESIAN_POINT('',(-0.425000733956,-0.35,-1.583330886814));
#7977 = VECTOR('',#7978,1.);
#7978 = DIRECTION('',(0.,1.,3.330669073875E-16));
#7979 = ORIENTED_EDGE('',*,*,#6772,.F.);
#7980 = CYLINDRICAL_SURFACE('',#7981,0.29);
#7981 = AXIS2_PLACEMENT_3D('',#7982,#7983,#7984);
#7982 = CARTESIAN_POINT('',(-0.147231111242,-0.35,-1.5));
#7983 = DIRECTION('',(0.,1.,3.330669073875E-16));
#7984 = DIRECTION('',(-0.957826285221,-9.570607158983E-17,0.287347885566
    ));
#7985 = ADVANCED_FACE('',(#7986),#7997,.F.);
#7986 = FACE_BOUND('',#7987,.F.);
#7987 = EDGE_LOOP('',(#7988,#7989,#7990,#7991));
#7988 = ORIENTED_EDGE('',*,*,#6882,.F.);
#7989 = ORIENTED_EDGE('',*,*,#7957,.T.);
#7990 = ORIENTED_EDGE('',*,*,#6715,.T.);
#7991 = ORIENTED_EDGE('',*,*,#7992,.F.);
#7992 = EDGE_CURVE('',#6874,#6707,#7993,.T.);
#7993 = LINE('',#7994,#7995);
#7994 = CARTESIAN_POINT('',(-0.15,-0.35,1.21));
#7995 = VECTOR('',#7996,1.);
#7996 = DIRECTION('',(0.,1.,3.330669073875E-16));
#7997 = PLANE('',#7998);
#7998 = AXIS2_PLACEMENT_3D('',#7999,#8000,#8001);
#7999 = CARTESIAN_POINT('',(-0.15,-0.35,-0.5));
#8000 = DIRECTION('',(1.,0.,0.));
#8001 = DIRECTION('',(0.,-5.551115123126E-16,1.));
#8002 = ADVANCED_FACE('',(#8003),#8014,.T.);
#8003 = FACE_BOUND('',#8004,.T.);
#8004 = EDGE_LOOP('',(#8005,#8006,#8007,#8008));
#8005 = ORIENTED_EDGE('',*,*,#6781,.F.);
#8006 = ORIENTED_EDGE('',*,*,#7974,.T.);
#8007 = ORIENTED_EDGE('',*,*,#6607,.T.);
#8008 = ORIENTED_EDGE('',*,*,#8009,.F.);
#8009 = EDGE_CURVE('',#6782,#6608,#8010,.T.);
#8010 = LINE('',#8011,#8012);
#8011 = CARTESIAN_POINT('',(-0.162230377286,-0.35,-2.459232075714));
#8012 = VECTOR('',#8013,1.);
#8013 = DIRECTION('',(0.,1.,3.330669073875E-16));
#8014 = PLANE('',#8015);
#8015 = AXIS2_PLACEMENT_3D('',#8016,#8017,#8018);
#8016 = CARTESIAN_POINT('',(-0.45,-0.35,-1.5));
#8017 = DIRECTION('',(-0.957826285221,9.570607158995E-17,-0.287347885566
    ));
#8018 = DIRECTION('',(0.287347885566,5.31700397722E-16,-0.957826285221)
  );
#8019 = ADVANCED_FACE('',(#8020),#8026,.T.);
#8020 = FACE_BOUND('',#8021,.T.);
#8021 = EDGE_LOOP('',(#8022,#8023,#8024,#8025));
#8022 = ORIENTED_EDGE('',*,*,#6873,.T.);
#8023 = ORIENTED_EDGE('',*,*,#6746,.T.);
#8024 = ORIENTED_EDGE('',*,*,#6706,.F.);
#8025 = ORIENTED_EDGE('',*,*,#7992,.F.);
#8026 = CYLINDRICAL_SURFACE('',#8027,0.29);
#8027 = AXIS2_PLACEMENT_3D('',#8028,#8029,#8030);
#8028 = CARTESIAN_POINT('',(0.14,-0.35,1.21));
#8029 = DIRECTION('',(0.,1.,3.330669073875E-16));
#8030 = DIRECTION('',(-1.,0.,0.));
#8031 = ADVANCED_FACE('',(#8032),#8043,.F.);
#8032 = FACE_BOUND('',#8033,.F.);
#8033 = EDGE_LOOP('',(#8034,#8040,#8041,#8042));
#8034 = ORIENTED_EDGE('',*,*,#8035,.T.);
#8035 = EDGE_CURVE('',#6790,#6616,#8036,.T.);
#8036 = LINE('',#8037,#8038);
#8037 = CARTESIAN_POINT('',(-0.15,-0.35,-2.542562962528));
#8038 = VECTOR('',#8039,1.);
#8039 = DIRECTION('',(0.,1.,3.330669073875E-16));
#8040 = ORIENTED_EDGE('',*,*,#6615,.T.);
#8041 = ORIENTED_EDGE('',*,*,#8009,.F.);
#8042 = ORIENTED_EDGE('',*,*,#6789,.F.);
#8043 = CYLINDRICAL_SURFACE('',#8044,0.29);
#8044 = AXIS2_PLACEMENT_3D('',#8045,#8046,#8047);
#8045 = CARTESIAN_POINT('',(-0.44,-0.35,-2.542562962528));
#8046 = DIRECTION('',(0.,1.,3.330669073875E-16));
#8047 = DIRECTION('',(1.,0.,-0.));
#8048 = ADVANCED_FACE('',(#8049),#8060,.F.);
#8049 = FACE_BOUND('',#8050,.F.);
#8050 = EDGE_LOOP('',(#8051,#8052,#8058,#8059));
#8051 = ORIENTED_EDGE('',*,*,#6798,.F.);
#8052 = ORIENTED_EDGE('',*,*,#8053,.T.);
#8053 = EDGE_CURVE('',#6799,#6625,#8054,.T.);
#8054 = LINE('',#8055,#8056);
#8055 = CARTESIAN_POINT('',(-0.15,-0.35,-3.5));
#8056 = VECTOR('',#8057,1.);
#8057 = DIRECTION('',(0.,1.,3.330669073875E-16));
#8058 = ORIENTED_EDGE('',*,*,#6624,.T.);
#8059 = ORIENTED_EDGE('',*,*,#8035,.F.);
#8060 = PLANE('',#8061);
#8061 = AXIS2_PLACEMENT_3D('',#8062,#8063,#8064);
#8062 = CARTESIAN_POINT('',(-0.15,-0.35,-3.5));
#8063 = DIRECTION('',(1.,0.,0.));
#8064 = DIRECTION('',(0.,-5.551115123126E-16,1.));
#8065 = ADVANCED_FACE('',(#8066),#8077,.F.);
#8066 = FACE_BOUND('',#8067,.F.);
#8067 = EDGE_LOOP('',(#8068,#8074,#8075,#8076));
#8068 = ORIENTED_EDGE('',*,*,#8069,.T.);
#8069 = EDGE_CURVE('',#6807,#6633,#8070,.T.);
#8070 = LINE('',#8071,#8072);
#8071 = CARTESIAN_POINT('',(0.15,-0.35,-3.5));
#8072 = VECTOR('',#8073,1.);
#8073 = DIRECTION('',(0.,1.,3.330669073875E-16));
#8074 = ORIENTED_EDGE('',*,*,#6632,.T.);
#8075 = ORIENTED_EDGE('',*,*,#8053,.F.);
#8076 = ORIENTED_EDGE('',*,*,#6806,.F.);
#8077 = PLANE('',#8078);
#8078 = AXIS2_PLACEMENT_3D('',#8079,#8080,#8081);
#8079 = CARTESIAN_POINT('',(0.15,-0.35,-3.5));
#8080 = DIRECTION('',(0.,-3.330669073875E-16,1.));
#8081 = DIRECTION('',(-1.,0.,0.));
#8082 = ADVANCED_FACE('',(#8083),#8094,.F.);
#8083 = FACE_BOUND('',#8084,.F.);
#8084 = EDGE_LOOP('',(#8085,#8086,#8092,#8093));
#8085 = ORIENTED_EDGE('',*,*,#6814,.F.);
#8086 = ORIENTED_EDGE('',*,*,#8087,.T.);
#8087 = EDGE_CURVE('',#6815,#6641,#8088,.T.);
#8088 = LINE('',#8089,#8090);
#8089 = CARTESIAN_POINT('',(0.15,-0.35,-2.542562962528));
#8090 = VECTOR('',#8091,1.);
#8091 = DIRECTION('',(0.,1.,3.330669073875E-16));
#8092 = ORIENTED_EDGE('',*,*,#6640,.T.);
#8093 = ORIENTED_EDGE('',*,*,#8069,.F.);
#8094 = PLANE('',#8095);
#8095 = AXIS2_PLACEMENT_3D('',#8096,#8097,#8098);
#8096 = CARTESIAN_POINT('',(0.15,-0.35,-2.5));
#8097 = DIRECTION('',(-1.,0.,-0.));
#8098 = DIRECTION('',(0.,5.551115123126E-16,-1.));
#8099 = ADVANCED_FACE('',(#8100),#8111,.T.);
#8100 = FACE_BOUND('',#8101,.T.);
#8101 = EDGE_LOOP('',(#8102,#8103,#8109,#8110));
#8102 = ORIENTED_EDGE('',*,*,#6856,.T.);
#8103 = ORIENTED_EDGE('',*,*,#8104,.T.);
#8104 = EDGE_CURVE('',#6849,#6675,#8105,.T.);
#8105 = LINE('',#8106,#8107);
#8106 = CARTESIAN_POINT('',(0.137769622714,-0.35,-0.540767924286));
#8107 = VECTOR('',#8108,1.);
#8108 = DIRECTION('',(0.,1.,3.330669073875E-16));
#8109 = ORIENTED_EDGE('',*,*,#6682,.F.);
#8110 = ORIENTED_EDGE('',*,*,#7902,.F.);
#8111 = CYLINDRICAL_SURFACE('',#8112,0.29);
#8112 = AXIS2_PLACEMENT_3D('',#8113,#8114,#8115);
#8113 = CARTESIAN_POINT('',(-0.14,-0.35,-0.457437037472));
#8114 = DIRECTION('',(0.,1.,3.330669073875E-16));
#8115 = DIRECTION('',(1.,0.,-0.));
#8116 = ADVANCED_FACE('',(#8117),#8128,.T.);
#8117 = FACE_BOUND('',#8118,.T.);
#8118 = EDGE_LOOP('',(#8119,#8120,#8121,#8122));
#8119 = ORIENTED_EDGE('',*,*,#6822,.T.);
#8120 = ORIENTED_EDGE('',*,*,#8087,.T.);
#8121 = ORIENTED_EDGE('',*,*,#6648,.F.);
#8122 = ORIENTED_EDGE('',*,*,#8123,.F.);
#8123 = EDGE_CURVE('',#6823,#6649,#8124,.T.);
#8124 = LINE('',#8125,#8126);
#8125 = CARTESIAN_POINT('',(0.137769622714,-0.35,-2.459232075714));
#8126 = VECTOR('',#8127,1.);
#8127 = DIRECTION('',(0.,1.,3.330669073875E-16));
#8128 = CYLINDRICAL_SURFACE('',#8129,0.29);
#8129 = AXIS2_PLACEMENT_3D('',#8130,#8131,#8132);
#8130 = CARTESIAN_POINT('',(-0.14,-0.35,-2.542562962528));
#8131 = DIRECTION('',(0.,1.,3.330669073875E-16));
#8132 = DIRECTION('',(0.957826285221,-9.570607158983E-17,0.287347885566)
  );
#8133 = ADVANCED_FACE('',(#8134),#8145,.T.);
#8134 = FACE_BOUND('',#8135,.T.);
#8135 = EDGE_LOOP('',(#8136,#8137,#8143,#8144));
#8136 = ORIENTED_EDGE('',*,*,#6848,.F.);
#8137 = ORIENTED_EDGE('',*,*,#8138,.T.);
#8138 = EDGE_CURVE('',#6840,#6666,#8139,.T.);
#8139 = LINE('',#8140,#8141);
#8140 = CARTESIAN_POINT('',(-0.125000733956,-0.35,-1.416669113186));
#8141 = VECTOR('',#8142,1.);
#8142 = DIRECTION('',(0.,1.,3.330669073875E-16));
#8143 = ORIENTED_EDGE('',*,*,#6674,.T.);
#8144 = ORIENTED_EDGE('',*,*,#8104,.F.);
#8145 = PLANE('',#8146);
#8146 = AXIS2_PLACEMENT_3D('',#8147,#8148,#8149);
#8147 = CARTESIAN_POINT('',(-0.15,-0.35,-1.5));
#8148 = DIRECTION('',(0.957826285221,9.570607158995E-17,-0.287347885566)
  );
#8149 = DIRECTION('',(0.287347885566,-5.31700397722E-16,0.957826285221)
  );
#8150 = ADVANCED_FACE('',(#8151),#8162,.T.);
#8151 = FACE_BOUND('',#8152,.T.);
#8152 = EDGE_LOOP('',(#8153,#8154,#8155,#8156));
#8153 = ORIENTED_EDGE('',*,*,#6831,.F.);
#8154 = ORIENTED_EDGE('',*,*,#8123,.T.);
#8155 = ORIENTED_EDGE('',*,*,#6657,.T.);
#8156 = ORIENTED_EDGE('',*,*,#8157,.F.);
#8157 = EDGE_CURVE('',#6832,#6658,#8158,.T.);
#8158 = LINE('',#8159,#8160);
#8159 = CARTESIAN_POINT('',(-0.125000733956,-0.35,-1.583330886814));
#8160 = VECTOR('',#8161,1.);
#8161 = DIRECTION('',(0.,1.,3.330669073875E-16));
#8162 = PLANE('',#8163);
#8163 = AXIS2_PLACEMENT_3D('',#8164,#8165,#8166);
#8164 = CARTESIAN_POINT('',(0.15,-0.35,-2.5));
#8165 = DIRECTION('',(0.957826285221,-9.570607158995E-17,0.287347885566)
  );
#8166 = DIRECTION('',(-0.287347885566,-5.31700397722E-16,0.957826285221)
  );
#8167 = ADVANCED_FACE('',(#8168),#8174,.F.);
#8168 = FACE_BOUND('',#8169,.F.);
#8169 = EDGE_LOOP('',(#8170,#8171,#8172,#8173));
#8170 = ORIENTED_EDGE('',*,*,#8138,.T.);
#8171 = ORIENTED_EDGE('',*,*,#6665,.T.);
#8172 = ORIENTED_EDGE('',*,*,#8157,.F.);
#8173 = ORIENTED_EDGE('',*,*,#6839,.F.);
#8174 = CYLINDRICAL_SURFACE('',#8175,0.29);
#8175 = AXIS2_PLACEMENT_3D('',#8176,#8177,#8178);
#8176 = CARTESIAN_POINT('',(0.152768888758,-0.35,-1.5));
#8177 = DIRECTION('',(0.,1.,3.330669073875E-16));
#8178 = DIRECTION('',(-0.957826285221,-9.570607158983E-17,0.287347885566
    ));
#8179 = ADVANCED_FACE('',(#8180),#8196,.T.);
#8180 = FACE_BOUND('',#8181,.T.);
#8181 = EDGE_LOOP('',(#8182,#8183,#8189,#8190));
#8182 = ORIENTED_EDGE('',*,*,#6905,.F.);
#8183 = ORIENTED_EDGE('',*,*,#8184,.T.);
#8184 = EDGE_CURVE('',#6906,#7056,#8185,.T.);
#8185 = LINE('',#8186,#8187);
#8186 = CARTESIAN_POINT('',(-0.162230377286,-4.85,-0.540767924286));
#8187 = VECTOR('',#8188,1.);
#8188 = DIRECTION('',(0.,1.,3.330669073875E-16));
#8189 = ORIENTED_EDGE('',*,*,#7055,.T.);
#8190 = ORIENTED_EDGE('',*,*,#8191,.F.);
#8191 = EDGE_CURVE('',#6908,#7058,#8192,.T.);
#8192 = LINE('',#8193,#8194);
#8193 = CARTESIAN_POINT('',(-0.425000733956,-4.85,-1.416669113186));
#8194 = VECTOR('',#8195,1.);
#8195 = DIRECTION('',(0.,1.,3.330669073875E-16));
#8196 = PLANE('',#8197);
#8197 = AXIS2_PLACEMENT_3D('',#8198,#8199,#8200);
#8198 = CARTESIAN_POINT('',(-0.15,-4.85,-0.5));
#8199 = DIRECTION('',(-0.957826285221,-9.570607158995E-17,0.287347885566
    ));
#8200 = DIRECTION('',(-0.287347885566,5.31700397722E-16,-0.957826285221)
  );
#8201 = ADVANCED_FACE('',(#8202),#8213,.F.);
#8202 = FACE_BOUND('',#8203,.F.);
#8203 = EDGE_LOOP('',(#8204,#8205,#8206,#8212));
#8204 = ORIENTED_EDGE('',*,*,#8184,.T.);
#8205 = ORIENTED_EDGE('',*,*,#7190,.T.);
#8206 = ORIENTED_EDGE('',*,*,#8207,.F.);
#8207 = EDGE_CURVE('',#7033,#7183,#8208,.T.);
#8208 = LINE('',#8209,#8210);
#8209 = CARTESIAN_POINT('',(-0.15,-4.85,-0.457437037472));
#8210 = VECTOR('',#8211,1.);
#8211 = DIRECTION('',(0.,1.,3.330669073875E-16));
#8212 = ORIENTED_EDGE('',*,*,#7040,.F.);
#8213 = CYLINDRICAL_SURFACE('',#8214,0.29);
#8214 = AXIS2_PLACEMENT_3D('',#8215,#8216,#8217);
#8215 = CARTESIAN_POINT('',(-0.44,-4.85,-0.457437037472));
#8216 = DIRECTION('',(0.,1.,3.330669073875E-16));
#8217 = DIRECTION('',(0.957826285221,9.570607158983E-17,-0.287347885566)
  );
#8218 = ADVANCED_FACE('',(#8219),#8230,.T.);
#8219 = FACE_BOUND('',#8220,.T.);
#8220 = EDGE_LOOP('',(#8221,#8222,#8223,#8229));
#8221 = ORIENTED_EDGE('',*,*,#8191,.T.);
#8222 = ORIENTED_EDGE('',*,*,#7065,.T.);
#8223 = ORIENTED_EDGE('',*,*,#8224,.F.);
#8224 = EDGE_CURVE('',#6916,#7066,#8225,.T.);
#8225 = LINE('',#8226,#8227);
#8226 = CARTESIAN_POINT('',(-0.425000733956,-4.85,-1.583330886814));
#8227 = VECTOR('',#8228,1.);
#8228 = DIRECTION('',(0.,1.,3.330669073875E-16));
#8229 = ORIENTED_EDGE('',*,*,#6915,.F.);
#8230 = CYLINDRICAL_SURFACE('',#8231,0.29);
#8231 = AXIS2_PLACEMENT_3D('',#8232,#8233,#8234);
#8232 = CARTESIAN_POINT('',(-0.147231111242,-4.85,-1.5));
#8233 = DIRECTION('',(0.,1.,3.330669073875E-16));
#8234 = DIRECTION('',(-0.957826285221,-9.570607158983E-17,0.287347885566
    ));
#8235 = ADVANCED_FACE('',(#8236),#8247,.F.);
#8236 = FACE_BOUND('',#8237,.F.);
#8237 = EDGE_LOOP('',(#8238,#8239,#8240,#8241));
#8238 = ORIENTED_EDGE('',*,*,#7032,.F.);
#8239 = ORIENTED_EDGE('',*,*,#8207,.T.);
#8240 = ORIENTED_EDGE('',*,*,#7182,.T.);
#8241 = ORIENTED_EDGE('',*,*,#8242,.F.);
#8242 = EDGE_CURVE('',#7024,#7174,#8243,.T.);
#8243 = LINE('',#8244,#8245);
#8244 = CARTESIAN_POINT('',(-0.15,-4.85,1.21));
#8245 = VECTOR('',#8246,1.);
#8246 = DIRECTION('',(0.,1.,3.330669073875E-16));
#8247 = PLANE('',#8248);
#8248 = AXIS2_PLACEMENT_3D('',#8249,#8250,#8251);
#8249 = CARTESIAN_POINT('',(-0.15,-4.85,-0.5));
#8250 = DIRECTION('',(1.,0.,0.));
#8251 = DIRECTION('',(0.,-5.551115123126E-16,1.));
#8252 = ADVANCED_FACE('',(#8253),#8264,.T.);
#8253 = FACE_BOUND('',#8254,.T.);
#8254 = EDGE_LOOP('',(#8255,#8256,#8257,#8258));
#8255 = ORIENTED_EDGE('',*,*,#6924,.F.);
#8256 = ORIENTED_EDGE('',*,*,#8224,.T.);
#8257 = ORIENTED_EDGE('',*,*,#7074,.T.);
#8258 = ORIENTED_EDGE('',*,*,#8259,.F.);
#8259 = EDGE_CURVE('',#6925,#7075,#8260,.T.);
#8260 = LINE('',#8261,#8262);
#8261 = CARTESIAN_POINT('',(-0.162230377286,-4.85,-2.459232075714));
#8262 = VECTOR('',#8263,1.);
#8263 = DIRECTION('',(0.,1.,3.330669073875E-16));
#8264 = PLANE('',#8265);
#8265 = AXIS2_PLACEMENT_3D('',#8266,#8267,#8268);
#8266 = CARTESIAN_POINT('',(-0.45,-4.85,-1.5));
#8267 = DIRECTION('',(-0.957826285221,9.570607158995E-17,-0.287347885566
    ));
#8268 = DIRECTION('',(0.287347885566,5.31700397722E-16,-0.957826285221)
  );
#8269 = ADVANCED_FACE('',(#8270),#8276,.T.);
#8270 = FACE_BOUND('',#8271,.T.);
#8271 = EDGE_LOOP('',(#8272,#8273,#8274,#8275));
#8272 = ORIENTED_EDGE('',*,*,#7023,.T.);
#8273 = ORIENTED_EDGE('',*,*,#7206,.T.);
#8274 = ORIENTED_EDGE('',*,*,#7173,.F.);
#8275 = ORIENTED_EDGE('',*,*,#8242,.F.);
#8276 = CYLINDRICAL_SURFACE('',#8277,0.29);
#8277 = AXIS2_PLACEMENT_3D('',#8278,#8279,#8280);
#8278 = CARTESIAN_POINT('',(0.14,-4.85,1.21));
#8279 = DIRECTION('',(0.,1.,3.330669073875E-16));
#8280 = DIRECTION('',(-1.,0.,0.));
#8281 = ADVANCED_FACE('',(#8282),#8293,.F.);
#8282 = FACE_BOUND('',#8283,.F.);
#8283 = EDGE_LOOP('',(#8284,#8290,#8291,#8292));
#8284 = ORIENTED_EDGE('',*,*,#8285,.T.);
#8285 = EDGE_CURVE('',#6933,#7083,#8286,.T.);
#8286 = LINE('',#8287,#8288);
#8287 = CARTESIAN_POINT('',(-0.15,-4.85,-2.542562962528));
#8288 = VECTOR('',#8289,1.);
#8289 = DIRECTION('',(0.,1.,3.330669073875E-16));
#8290 = ORIENTED_EDGE('',*,*,#7082,.T.);
#8291 = ORIENTED_EDGE('',*,*,#8259,.F.);
#8292 = ORIENTED_EDGE('',*,*,#6932,.F.);
#8293 = CYLINDRICAL_SURFACE('',#8294,0.29);
#8294 = AXIS2_PLACEMENT_3D('',#8295,#8296,#8297);
#8295 = CARTESIAN_POINT('',(-0.44,-4.85,-2.542562962528));
#8296 = DIRECTION('',(0.,1.,3.330669073875E-16));
#8297 = DIRECTION('',(1.,0.,-0.));
#8298 = ADVANCED_FACE('',(#8299),#8310,.F.);
#8299 = FACE_BOUND('',#8300,.F.);
#8300 = EDGE_LOOP('',(#8301,#8302,#8308,#8309));
#8301 = ORIENTED_EDGE('',*,*,#6941,.F.);
#8302 = ORIENTED_EDGE('',*,*,#8303,.T.);
#8303 = EDGE_CURVE('',#6942,#7092,#8304,.T.);
#8304 = LINE('',#8305,#8306);
#8305 = CARTESIAN_POINT('',(-0.15,-4.85,-3.5));
#8306 = VECTOR('',#8307,1.);
#8307 = DIRECTION('',(0.,1.,3.330669073875E-16));
#8308 = ORIENTED_EDGE('',*,*,#7091,.T.);
#8309 = ORIENTED_EDGE('',*,*,#8285,.F.);
#8310 = PLANE('',#8311);
#8311 = AXIS2_PLACEMENT_3D('',#8312,#8313,#8314);
#8312 = CARTESIAN_POINT('',(-0.15,-4.85,-3.5));
#8313 = DIRECTION('',(1.,0.,0.));
#8314 = DIRECTION('',(0.,-5.551115123126E-16,1.));
#8315 = ADVANCED_FACE('',(#8316),#8327,.F.);
#8316 = FACE_BOUND('',#8317,.F.);
#8317 = EDGE_LOOP('',(#8318,#8324,#8325,#8326));
#8318 = ORIENTED_EDGE('',*,*,#8319,.T.);
#8319 = EDGE_CURVE('',#6950,#7100,#8320,.T.);
#8320 = LINE('',#8321,#8322);
#8321 = CARTESIAN_POINT('',(0.15,-4.85,-3.5));
#8322 = VECTOR('',#8323,1.);
#8323 = DIRECTION('',(0.,1.,3.330669073875E-16));
#8324 = ORIENTED_EDGE('',*,*,#7099,.T.);
#8325 = ORIENTED_EDGE('',*,*,#8303,.F.);
#8326 = ORIENTED_EDGE('',*,*,#6949,.F.);
#8327 = PLANE('',#8328);
#8328 = AXIS2_PLACEMENT_3D('',#8329,#8330,#8331);
#8329 = CARTESIAN_POINT('',(0.15,-4.85,-3.5));
#8330 = DIRECTION('',(0.,-3.330669073875E-16,1.));
#8331 = DIRECTION('',(-1.,0.,0.));
#8332 = ADVANCED_FACE('',(#8333),#8344,.F.);
#8333 = FACE_BOUND('',#8334,.F.);
#8334 = EDGE_LOOP('',(#8335,#8336,#8342,#8343));
#8335 = ORIENTED_EDGE('',*,*,#6957,.F.);
#8336 = ORIENTED_EDGE('',*,*,#8337,.T.);
#8337 = EDGE_CURVE('',#6958,#7108,#8338,.T.);
#8338 = LINE('',#8339,#8340);
#8339 = CARTESIAN_POINT('',(0.15,-4.85,-2.542562962528));
#8340 = VECTOR('',#8341,1.);
#8341 = DIRECTION('',(0.,1.,3.330669073875E-16));
#8342 = ORIENTED_EDGE('',*,*,#7107,.T.);
#8343 = ORIENTED_EDGE('',*,*,#8319,.F.);
#8344 = PLANE('',#8345);
#8345 = AXIS2_PLACEMENT_3D('',#8346,#8347,#8348);
#8346 = CARTESIAN_POINT('',(0.15,-4.85,-2.5));
#8347 = DIRECTION('',(-1.,0.,-0.));
#8348 = DIRECTION('',(0.,5.551115123126E-16,-1.));
#8349 = ADVANCED_FACE('',(#8350),#8361,.T.);
#8350 = FACE_BOUND('',#8351,.T.);
#8351 = EDGE_LOOP('',(#8352,#8353,#8359,#8360));
#8352 = ORIENTED_EDGE('',*,*,#6999,.T.);
#8353 = ORIENTED_EDGE('',*,*,#8354,.T.);
#8354 = EDGE_CURVE('',#6992,#7142,#8355,.T.);
#8355 = LINE('',#8356,#8357);
#8356 = CARTESIAN_POINT('',(0.137769622714,-4.85,-0.540767924286));
#8357 = VECTOR('',#8358,1.);
#8358 = DIRECTION('',(0.,1.,3.330669073875E-16));
#8359 = ORIENTED_EDGE('',*,*,#7149,.F.);
#8360 = ORIENTED_EDGE('',*,*,#7868,.F.);
#8361 = CYLINDRICAL_SURFACE('',#8362,0.29);
#8362 = AXIS2_PLACEMENT_3D('',#8363,#8364,#8365);
#8363 = CARTESIAN_POINT('',(-0.14,-4.85,-0.457437037472));
#8364 = DIRECTION('',(0.,1.,3.330669073875E-16));
#8365 = DIRECTION('',(1.,0.,-0.));
#8366 = ADVANCED_FACE('',(#8367),#8378,.T.);
#8367 = FACE_BOUND('',#8368,.T.);
#8368 = EDGE_LOOP('',(#8369,#8370,#8371,#8372));
#8369 = ORIENTED_EDGE('',*,*,#6965,.T.);
#8370 = ORIENTED_EDGE('',*,*,#8337,.T.);
#8371 = ORIENTED_EDGE('',*,*,#7115,.F.);
#8372 = ORIENTED_EDGE('',*,*,#8373,.F.);
#8373 = EDGE_CURVE('',#6966,#7116,#8374,.T.);
#8374 = LINE('',#8375,#8376);
#8375 = CARTESIAN_POINT('',(0.137769622714,-4.85,-2.459232075714));
#8376 = VECTOR('',#8377,1.);
#8377 = DIRECTION('',(0.,1.,3.330669073875E-16));
#8378 = CYLINDRICAL_SURFACE('',#8379,0.29);
#8379 = AXIS2_PLACEMENT_3D('',#8380,#8381,#8382);
#8380 = CARTESIAN_POINT('',(-0.14,-4.85,-2.542562962528));
#8381 = DIRECTION('',(0.,1.,3.330669073875E-16));
#8382 = DIRECTION('',(0.957826285221,-9.570607158983E-17,0.287347885566)
  );
#8383 = ADVANCED_FACE('',(#8384),#8395,.T.);
#8384 = FACE_BOUND('',#8385,.T.);
#8385 = EDGE_LOOP('',(#8386,#8387,#8393,#8394));
#8386 = ORIENTED_EDGE('',*,*,#6991,.F.);
#8387 = ORIENTED_EDGE('',*,*,#8388,.T.);
#8388 = EDGE_CURVE('',#6983,#7133,#8389,.T.);
#8389 = LINE('',#8390,#8391);
#8390 = CARTESIAN_POINT('',(-0.125000733956,-4.85,-1.416669113186));
#8391 = VECTOR('',#8392,1.);
#8392 = DIRECTION('',(0.,1.,3.330669073875E-16));
#8393 = ORIENTED_EDGE('',*,*,#7141,.T.);
#8394 = ORIENTED_EDGE('',*,*,#8354,.F.);
#8395 = PLANE('',#8396);
#8396 = AXIS2_PLACEMENT_3D('',#8397,#8398,#8399);
#8397 = CARTESIAN_POINT('',(-0.15,-4.85,-1.5));
#8398 = DIRECTION('',(0.957826285221,9.570607158995E-17,-0.287347885566)
  );
#8399 = DIRECTION('',(0.287347885566,-5.31700397722E-16,0.957826285221)
  );
#8400 = ADVANCED_FACE('',(#8401),#8412,.T.);
#8401 = FACE_BOUND('',#8402,.T.);
#8402 = EDGE_LOOP('',(#8403,#8404,#8405,#8406));
#8403 = ORIENTED_EDGE('',*,*,#6974,.F.);
#8404 = ORIENTED_EDGE('',*,*,#8373,.T.);
#8405 = ORIENTED_EDGE('',*,*,#7124,.T.);
#8406 = ORIENTED_EDGE('',*,*,#8407,.F.);
#8407 = EDGE_CURVE('',#6975,#7125,#8408,.T.);
#8408 = LINE('',#8409,#8410);
#8409 = CARTESIAN_POINT('',(-0.125000733956,-4.85,-1.583330886814));
#8410 = VECTOR('',#8411,1.);
#8411 = DIRECTION('',(0.,1.,3.330669073875E-16));
#8412 = PLANE('',#8413);
#8413 = AXIS2_PLACEMENT_3D('',#8414,#8415,#8416);
#8414 = CARTESIAN_POINT('',(0.15,-4.85,-2.5));
#8415 = DIRECTION('',(0.957826285221,-9.570607158995E-17,0.287347885566)
  );
#8416 = DIRECTION('',(-0.287347885566,-5.31700397722E-16,0.957826285221)
  );
#8417 = ADVANCED_FACE('',(#8418),#8424,.F.);
#8418 = FACE_BOUND('',#8419,.F.);
#8419 = EDGE_LOOP('',(#8420,#8421,#8422,#8423));
#8420 = ORIENTED_EDGE('',*,*,#8388,.T.);
#8421 = ORIENTED_EDGE('',*,*,#7132,.T.);
#8422 = ORIENTED_EDGE('',*,*,#8407,.F.);
#8423 = ORIENTED_EDGE('',*,*,#6982,.F.);
#8424 = CYLINDRICAL_SURFACE('',#8425,0.29);
#8425 = AXIS2_PLACEMENT_3D('',#8426,#8427,#8428);
#8426 = CARTESIAN_POINT('',(0.152768888758,-4.85,-1.5));
#8427 = DIRECTION('',(0.,1.,3.330669073875E-16));
#8428 = DIRECTION('',(-0.957826285221,-9.570607158983E-17,0.287347885566
    ));
#8429 = ADVANCED_FACE('',(#8430),#8446,.F.);
#8430 = FACE_BOUND('',#8431,.F.);
#8431 = EDGE_LOOP('',(#8432,#8433,#8439,#8440));
#8432 = ORIENTED_EDGE('',*,*,#7222,.F.);
#8433 = ORIENTED_EDGE('',*,*,#8434,.T.);
#8434 = EDGE_CURVE('',#7223,#7397,#8435,.T.);
#8435 = LINE('',#8436,#8437);
#8436 = CARTESIAN_POINT('',(6.462230377286,-4.85,-0.540767924286));
#8437 = VECTOR('',#8438,1.);
#8438 = DIRECTION('',(0.,1.,3.330669073875E-16));
#8439 = ORIENTED_EDGE('',*,*,#7396,.T.);
#8440 = ORIENTED_EDGE('',*,*,#8441,.F.);
#8441 = EDGE_CURVE('',#7225,#7399,#8442,.T.);
#8442 = LINE('',#8443,#8444);
#8443 = CARTESIAN_POINT('',(6.725000733956,-4.85,-1.416669113186));
#8444 = VECTOR('',#8445,1.);
#8445 = DIRECTION('',(0.,1.,3.330669073875E-16));
#8446 = PLANE('',#8447);
#8447 = AXIS2_PLACEMENT_3D('',#8448,#8449,#8450);
#8448 = CARTESIAN_POINT('',(6.45,-4.85,-0.5));
#8449 = DIRECTION('',(-0.957826285221,9.570607158995E-17,-0.287347885566
    ));
#8450 = DIRECTION('',(0.287347885566,5.31700397722E-16,-0.957826285221)
  );
#8451 = ADVANCED_FACE('',(#8452),#8463,.F.);
#8452 = FACE_BOUND('',#8453,.F.);
#8453 = EDGE_LOOP('',(#8454,#8455,#8461,#8462));
#8454 = ORIENTED_EDGE('',*,*,#7357,.T.);
#8455 = ORIENTED_EDGE('',*,*,#8456,.T.);
#8456 = EDGE_CURVE('',#7350,#7517,#8457,.T.);
#8457 = LINE('',#8458,#8459);
#8458 = CARTESIAN_POINT('',(6.45,-4.85,-0.457437037472));
#8459 = VECTOR('',#8460,1.);
#8460 = DIRECTION('',(0.,1.,3.330669073875E-16));
#8461 = ORIENTED_EDGE('',*,*,#7524,.F.);
#8462 = ORIENTED_EDGE('',*,*,#8434,.F.);
#8463 = CYLINDRICAL_SURFACE('',#8464,0.29);
#8464 = AXIS2_PLACEMENT_3D('',#8465,#8466,#8467);
#8465 = CARTESIAN_POINT('',(6.74,-4.85,-0.457437037472));
#8466 = DIRECTION('',(0.,1.,3.330669073875E-16));
#8467 = DIRECTION('',(-0.957826285221,9.570607158983E-17,-0.287347885566
    ));
#8468 = ADVANCED_FACE('',(#8469),#8480,.T.);
#8469 = FACE_BOUND('',#8470,.T.);
#8470 = EDGE_LOOP('',(#8471,#8472,#8478,#8479));
#8471 = ORIENTED_EDGE('',*,*,#7232,.T.);
#8472 = ORIENTED_EDGE('',*,*,#8473,.T.);
#8473 = EDGE_CURVE('',#7233,#7407,#8474,.T.);
#8474 = LINE('',#8475,#8476);
#8475 = CARTESIAN_POINT('',(6.725000733956,-4.85,-1.583330886814));
#8476 = VECTOR('',#8477,1.);
#8477 = DIRECTION('',(0.,1.,3.330669073875E-16));
#8478 = ORIENTED_EDGE('',*,*,#7406,.F.);
#8479 = ORIENTED_EDGE('',*,*,#8441,.F.);
#8480 = CYLINDRICAL_SURFACE('',#8481,0.29);
#8481 = AXIS2_PLACEMENT_3D('',#8482,#8483,#8484);
#8482 = CARTESIAN_POINT('',(6.447231111242,-4.85,-1.5));
#8483 = DIRECTION('',(0.,1.,3.330669073875E-16));
#8484 = DIRECTION('',(0.957826285221,-9.570607158983E-17,0.287347885566)
  );
#8485 = ADVANCED_FACE('',(#8486),#8497,.T.);
#8486 = FACE_BOUND('',#8487,.T.);
#8487 = EDGE_LOOP('',(#8488,#8489,#8490,#8491));
#8488 = ORIENTED_EDGE('',*,*,#7349,.F.);
#8489 = ORIENTED_EDGE('',*,*,#8456,.T.);
#8490 = ORIENTED_EDGE('',*,*,#7516,.T.);
#8491 = ORIENTED_EDGE('',*,*,#8492,.F.);
#8492 = EDGE_CURVE('',#7341,#7508,#8493,.T.);
#8493 = LINE('',#8494,#8495);
#8494 = CARTESIAN_POINT('',(6.45,-4.85,1.21));
#8495 = VECTOR('',#8496,1.);
#8496 = DIRECTION('',(0.,1.,3.330669073875E-16));
#8497 = PLANE('',#8498);
#8498 = AXIS2_PLACEMENT_3D('',#8499,#8500,#8501);
#8499 = CARTESIAN_POINT('',(6.45,-4.85,-0.5));
#8500 = DIRECTION('',(1.,0.,0.));
#8501 = DIRECTION('',(0.,-5.551115123126E-16,1.));
#8502 = ADVANCED_FACE('',(#8503),#8514,.F.);
#8503 = FACE_BOUND('',#8504,.F.);
#8504 = EDGE_LOOP('',(#8505,#8506,#8507,#8508));
#8505 = ORIENTED_EDGE('',*,*,#7241,.F.);
#8506 = ORIENTED_EDGE('',*,*,#8473,.T.);
#8507 = ORIENTED_EDGE('',*,*,#7415,.T.);
#8508 = ORIENTED_EDGE('',*,*,#8509,.F.);
#8509 = EDGE_CURVE('',#7242,#7416,#8510,.T.);
#8510 = LINE('',#8511,#8512);
#8511 = CARTESIAN_POINT('',(6.462230377286,-4.85,-2.459232075714));
#8512 = VECTOR('',#8513,1.);
#8513 = DIRECTION('',(0.,1.,3.330669073875E-16));
#8514 = PLANE('',#8515);
#8515 = AXIS2_PLACEMENT_3D('',#8516,#8517,#8518);
#8516 = CARTESIAN_POINT('',(6.75,-4.85,-1.5));
#8517 = DIRECTION('',(-0.957826285221,-9.570607158995E-17,0.287347885566
    ));
#8518 = DIRECTION('',(-0.287347885566,5.31700397722E-16,-0.957826285221)
  );
#8519 = ADVANCED_FACE('',(#8520),#8526,.T.);
#8520 = FACE_BOUND('',#8521,.T.);
#8521 = EDGE_LOOP('',(#8522,#8523,#8524,#8525));
#8522 = ORIENTED_EDGE('',*,*,#8492,.T.);
#8523 = ORIENTED_EDGE('',*,*,#7507,.T.);
#8524 = ORIENTED_EDGE('',*,*,#7373,.F.);
#8525 = ORIENTED_EDGE('',*,*,#7340,.F.);
#8526 = CYLINDRICAL_SURFACE('',#8527,0.29);
#8527 = AXIS2_PLACEMENT_3D('',#8528,#8529,#8530);
#8528 = CARTESIAN_POINT('',(6.16,-4.85,1.21));
#8529 = DIRECTION('',(0.,1.,3.330669073875E-16));
#8530 = DIRECTION('',(1.,0.,-0.));
#8531 = ADVANCED_FACE('',(#8532),#8543,.F.);
#8532 = FACE_BOUND('',#8533,.F.);
#8533 = EDGE_LOOP('',(#8534,#8535,#8536,#8537));
#8534 = ORIENTED_EDGE('',*,*,#7249,.T.);
#8535 = ORIENTED_EDGE('',*,*,#8509,.T.);
#8536 = ORIENTED_EDGE('',*,*,#7423,.F.);
#8537 = ORIENTED_EDGE('',*,*,#8538,.F.);
#8538 = EDGE_CURVE('',#7250,#7424,#8539,.T.);
#8539 = LINE('',#8540,#8541);
#8540 = CARTESIAN_POINT('',(6.45,-4.85,-2.542562962528));
#8541 = VECTOR('',#8542,1.);
#8542 = DIRECTION('',(0.,1.,3.330669073875E-16));
#8543 = CYLINDRICAL_SURFACE('',#8544,0.29);
#8544 = AXIS2_PLACEMENT_3D('',#8545,#8546,#8547);
#8545 = CARTESIAN_POINT('',(6.74,-4.85,-2.542562962528));
#8546 = DIRECTION('',(0.,1.,3.330669073875E-16));
#8547 = DIRECTION('',(-1.,0.,0.));
#8548 = ADVANCED_FACE('',(#8549),#8560,.T.);
#8549 = FACE_BOUND('',#8550,.T.);
#8550 = EDGE_LOOP('',(#8551,#8552,#8558,#8559));
#8551 = ORIENTED_EDGE('',*,*,#7258,.F.);
#8552 = ORIENTED_EDGE('',*,*,#8553,.T.);
#8553 = EDGE_CURVE('',#7259,#7433,#8554,.T.);
#8554 = LINE('',#8555,#8556);
#8555 = CARTESIAN_POINT('',(6.45,-4.85,-3.5));
#8556 = VECTOR('',#8557,1.);
#8557 = DIRECTION('',(0.,1.,3.330669073875E-16));
#8558 = ORIENTED_EDGE('',*,*,#7432,.T.);
#8559 = ORIENTED_EDGE('',*,*,#8538,.F.);
#8560 = PLANE('',#8561);
#8561 = AXIS2_PLACEMENT_3D('',#8562,#8563,#8564);
#8562 = CARTESIAN_POINT('',(6.45,-4.85,-3.5));
#8563 = DIRECTION('',(1.,0.,0.));
#8564 = DIRECTION('',(0.,-5.551115123126E-16,1.));
#8565 = ADVANCED_FACE('',(#8566),#8577,.T.);
#8566 = FACE_BOUND('',#8567,.T.);
#8567 = EDGE_LOOP('',(#8568,#8574,#8575,#8576));
#8568 = ORIENTED_EDGE('',*,*,#8569,.T.);
#8569 = EDGE_CURVE('',#7267,#7441,#8570,.T.);
#8570 = LINE('',#8571,#8572);
#8571 = CARTESIAN_POINT('',(6.15,-4.85,-3.5));
#8572 = VECTOR('',#8573,1.);
#8573 = DIRECTION('',(0.,1.,3.330669073875E-16));
#8574 = ORIENTED_EDGE('',*,*,#7440,.T.);
#8575 = ORIENTED_EDGE('',*,*,#8553,.F.);
#8576 = ORIENTED_EDGE('',*,*,#7266,.F.);
#8577 = PLANE('',#8578);
#8578 = AXIS2_PLACEMENT_3D('',#8579,#8580,#8581);
#8579 = CARTESIAN_POINT('',(6.15,-4.85,-3.5));
#8580 = DIRECTION('',(0.,3.330669073875E-16,-1.));
#8581 = DIRECTION('',(1.,0.,0.));
#8582 = ADVANCED_FACE('',(#8583),#8594,.T.);
#8583 = FACE_BOUND('',#8584,.T.);
#8584 = EDGE_LOOP('',(#8585,#8586,#8592,#8593));
#8585 = ORIENTED_EDGE('',*,*,#7274,.F.);
#8586 = ORIENTED_EDGE('',*,*,#8587,.T.);
#8587 = EDGE_CURVE('',#7275,#7449,#8588,.T.);
#8588 = LINE('',#8589,#8590);
#8589 = CARTESIAN_POINT('',(6.15,-4.85,-2.542562962528));
#8590 = VECTOR('',#8591,1.);
#8591 = DIRECTION('',(0.,1.,3.330669073875E-16));
#8592 = ORIENTED_EDGE('',*,*,#7448,.T.);
#8593 = ORIENTED_EDGE('',*,*,#8569,.F.);
#8594 = PLANE('',#8595);
#8595 = AXIS2_PLACEMENT_3D('',#8596,#8597,#8598);
#8596 = CARTESIAN_POINT('',(6.15,-4.85,-2.5));
#8597 = DIRECTION('',(-1.,0.,-0.));
#8598 = DIRECTION('',(0.,5.551115123126E-16,-1.));
#8599 = ADVANCED_FACE('',(#8600),#8611,.T.);
#8600 = FACE_BOUND('',#8601,.T.);
#8601 = EDGE_LOOP('',(#8602,#8603,#8604,#8610));
#8602 = ORIENTED_EDGE('',*,*,#7885,.T.);
#8603 = ORIENTED_EDGE('',*,*,#7490,.T.);
#8604 = ORIENTED_EDGE('',*,*,#8605,.F.);
#8605 = EDGE_CURVE('',#7309,#7483,#8606,.T.);
#8606 = LINE('',#8607,#8608);
#8607 = CARTESIAN_POINT('',(6.162230377286,-4.85,-0.540767924286));
#8608 = VECTOR('',#8609,1.);
#8609 = DIRECTION('',(0.,1.,3.330669073875E-16));
#8610 = ORIENTED_EDGE('',*,*,#7316,.F.);
#8611 = CYLINDRICAL_SURFACE('',#8612,0.29);
#8612 = AXIS2_PLACEMENT_3D('',#8613,#8614,#8615);
#8613 = CARTESIAN_POINT('',(6.44,-4.85,-0.457437037472));
#8614 = DIRECTION('',(0.,1.,3.330669073875E-16));
#8615 = DIRECTION('',(-1.,0.,0.));
#8616 = ADVANCED_FACE('',(#8617),#8628,.T.);
#8617 = FACE_BOUND('',#8618,.T.);
#8618 = EDGE_LOOP('',(#8619,#8625,#8626,#8627));
#8619 = ORIENTED_EDGE('',*,*,#8620,.T.);
#8620 = EDGE_CURVE('',#7283,#7457,#8621,.T.);
#8621 = LINE('',#8622,#8623);
#8622 = CARTESIAN_POINT('',(6.162230377286,-4.85,-2.459232075714));
#8623 = VECTOR('',#8624,1.);
#8624 = DIRECTION('',(0.,1.,3.330669073875E-16));
#8625 = ORIENTED_EDGE('',*,*,#7456,.T.);
#8626 = ORIENTED_EDGE('',*,*,#8587,.F.);
#8627 = ORIENTED_EDGE('',*,*,#7282,.F.);
#8628 = CYLINDRICAL_SURFACE('',#8629,0.29);
#8629 = AXIS2_PLACEMENT_3D('',#8630,#8631,#8632);
#8630 = CARTESIAN_POINT('',(6.44,-4.85,-2.542562962528));
#8631 = DIRECTION('',(0.,1.,3.330669073875E-16));
#8632 = DIRECTION('',(-0.957826285221,-9.570607158983E-17,0.287347885566
    ));
#8633 = ADVANCED_FACE('',(#8634),#8645,.F.);
#8634 = FACE_BOUND('',#8635,.F.);
#8635 = EDGE_LOOP('',(#8636,#8637,#8643,#8644));
#8636 = ORIENTED_EDGE('',*,*,#7308,.F.);
#8637 = ORIENTED_EDGE('',*,*,#8638,.T.);
#8638 = EDGE_CURVE('',#7300,#7474,#8639,.T.);
#8639 = LINE('',#8640,#8641);
#8640 = CARTESIAN_POINT('',(6.425000733956,-4.85,-1.416669113186));
#8641 = VECTOR('',#8642,1.);
#8642 = DIRECTION('',(0.,1.,3.330669073875E-16));
#8643 = ORIENTED_EDGE('',*,*,#7482,.T.);
#8644 = ORIENTED_EDGE('',*,*,#8605,.F.);
#8645 = PLANE('',#8646);
#8646 = AXIS2_PLACEMENT_3D('',#8647,#8648,#8649);
#8647 = CARTESIAN_POINT('',(6.45,-4.85,-1.5));
#8648 = DIRECTION('',(0.957826285221,-9.570607158995E-17,0.287347885566)
  );
#8649 = DIRECTION('',(-0.287347885566,-5.31700397722E-16,0.957826285221)
  );
#8650 = ADVANCED_FACE('',(#8651),#8662,.F.);
#8651 = FACE_BOUND('',#8652,.F.);
#8652 = EDGE_LOOP('',(#8653,#8654,#8655,#8656));
#8653 = ORIENTED_EDGE('',*,*,#7291,.F.);
#8654 = ORIENTED_EDGE('',*,*,#8620,.T.);
#8655 = ORIENTED_EDGE('',*,*,#7465,.T.);
#8656 = ORIENTED_EDGE('',*,*,#8657,.F.);
#8657 = EDGE_CURVE('',#7292,#7466,#8658,.T.);
#8658 = LINE('',#8659,#8660);
#8659 = CARTESIAN_POINT('',(6.425000733956,-4.85,-1.583330886814));
#8660 = VECTOR('',#8661,1.);
#8661 = DIRECTION('',(0.,1.,3.330669073875E-16));
#8662 = PLANE('',#8663);
#8663 = AXIS2_PLACEMENT_3D('',#8664,#8665,#8666);
#8664 = CARTESIAN_POINT('',(6.15,-4.85,-2.5));
#8665 = DIRECTION('',(0.957826285221,9.570607158995E-17,-0.287347885566)
  );
#8666 = DIRECTION('',(0.287347885566,-5.31700397722E-16,0.957826285221)
  );
#8667 = ADVANCED_FACE('',(#8668),#8674,.F.);
#8668 = FACE_BOUND('',#8669,.F.);
#8669 = EDGE_LOOP('',(#8670,#8671,#8672,#8673));
#8670 = ORIENTED_EDGE('',*,*,#7299,.T.);
#8671 = ORIENTED_EDGE('',*,*,#8657,.T.);
#8672 = ORIENTED_EDGE('',*,*,#7473,.F.);
#8673 = ORIENTED_EDGE('',*,*,#8638,.F.);
#8674 = CYLINDRICAL_SURFACE('',#8675,0.29);
#8675 = AXIS2_PLACEMENT_3D('',#8676,#8677,#8678);
#8676 = CARTESIAN_POINT('',(6.147231111242,-4.85,-1.5));
#8677 = DIRECTION('',(0.,1.,3.330669073875E-16));
#8678 = DIRECTION('',(0.957826285221,-9.570607158983E-17,0.287347885566)
  );
#8679 = ADVANCED_FACE('',(#8680),#8696,.F.);
#8680 = FACE_BOUND('',#8681,.F.);
#8681 = EDGE_LOOP('',(#8682,#8683,#8689,#8690));
#8682 = ORIENTED_EDGE('',*,*,#7689,.F.);
#8683 = ORIENTED_EDGE('',*,*,#8684,.T.);
#8684 = EDGE_CURVE('',#7690,#7540,#8685,.T.);
#8685 = LINE('',#8686,#8687);
#8686 = CARTESIAN_POINT('',(6.462230377286,-0.35,-0.540767924286));
#8687 = VECTOR('',#8688,1.);
#8688 = DIRECTION('',(0.,1.,3.330669073875E-16));
#8689 = ORIENTED_EDGE('',*,*,#7539,.T.);
#8690 = ORIENTED_EDGE('',*,*,#8691,.F.);
#8691 = EDGE_CURVE('',#7692,#7542,#8692,.T.);
#8692 = LINE('',#8693,#8694);
#8693 = CARTESIAN_POINT('',(6.725000733956,-0.35,-1.416669113186));
#8694 = VECTOR('',#8695,1.);
#8695 = DIRECTION('',(0.,1.,3.330669073875E-16));
#8696 = PLANE('',#8697);
#8697 = AXIS2_PLACEMENT_3D('',#8698,#8699,#8700);
#8698 = CARTESIAN_POINT('',(6.45,-0.35,-0.5));
#8699 = DIRECTION('',(-0.957826285221,9.570607158995E-17,-0.287347885566
    ));
#8700 = DIRECTION('',(0.287347885566,5.31700397722E-16,-0.957826285221)
  );
#8701 = ADVANCED_FACE('',(#8702),#8713,.F.);
#8702 = FACE_BOUND('',#8703,.F.);
#8703 = EDGE_LOOP('',(#8704,#8705,#8711,#8712));
#8704 = ORIENTED_EDGE('',*,*,#7824,.T.);
#8705 = ORIENTED_EDGE('',*,*,#8706,.T.);
#8706 = EDGE_CURVE('',#7817,#7667,#8707,.T.);
#8707 = LINE('',#8708,#8709);
#8708 = CARTESIAN_POINT('',(6.45,-0.35,-0.457437037472));
#8709 = VECTOR('',#8710,1.);
#8710 = DIRECTION('',(0.,1.,3.330669073875E-16));
#8711 = ORIENTED_EDGE('',*,*,#7674,.F.);
#8712 = ORIENTED_EDGE('',*,*,#8684,.F.);
#8713 = CYLINDRICAL_SURFACE('',#8714,0.29);
#8714 = AXIS2_PLACEMENT_3D('',#8715,#8716,#8717);
#8715 = CARTESIAN_POINT('',(6.74,-0.35,-0.457437037472));
#8716 = DIRECTION('',(0.,1.,3.330669073875E-16));
#8717 = DIRECTION('',(-0.957826285221,9.570607158983E-17,-0.287347885566
    ));
#8718 = ADVANCED_FACE('',(#8719),#8730,.T.);
#8719 = FACE_BOUND('',#8720,.T.);
#8720 = EDGE_LOOP('',(#8721,#8722,#8728,#8729));
#8721 = ORIENTED_EDGE('',*,*,#7699,.T.);
#8722 = ORIENTED_EDGE('',*,*,#8723,.T.);
#8723 = EDGE_CURVE('',#7700,#7550,#8724,.T.);
#8724 = LINE('',#8725,#8726);
#8725 = CARTESIAN_POINT('',(6.725000733956,-0.35,-1.583330886814));
#8726 = VECTOR('',#8727,1.);
#8727 = DIRECTION('',(0.,1.,3.330669073875E-16));
#8728 = ORIENTED_EDGE('',*,*,#7549,.F.);
#8729 = ORIENTED_EDGE('',*,*,#8691,.F.);
#8730 = CYLINDRICAL_SURFACE('',#8731,0.29);
#8731 = AXIS2_PLACEMENT_3D('',#8732,#8733,#8734);
#8732 = CARTESIAN_POINT('',(6.447231111242,-0.35,-1.5));
#8733 = DIRECTION('',(0.,1.,3.330669073875E-16));
#8734 = DIRECTION('',(0.957826285221,-9.570607158983E-17,0.287347885566)
  );
#8735 = ADVANCED_FACE('',(#8736),#8747,.T.);
#8736 = FACE_BOUND('',#8737,.T.);
#8737 = EDGE_LOOP('',(#8738,#8739,#8740,#8741));
#8738 = ORIENTED_EDGE('',*,*,#7816,.F.);
#8739 = ORIENTED_EDGE('',*,*,#8706,.T.);
#8740 = ORIENTED_EDGE('',*,*,#7666,.T.);
#8741 = ORIENTED_EDGE('',*,*,#8742,.F.);
#8742 = EDGE_CURVE('',#7808,#7658,#8743,.T.);
#8743 = LINE('',#8744,#8745);
#8744 = CARTESIAN_POINT('',(6.45,-0.35,1.21));
#8745 = VECTOR('',#8746,1.);
#8746 = DIRECTION('',(0.,1.,3.330669073875E-16));
#8747 = PLANE('',#8748);
#8748 = AXIS2_PLACEMENT_3D('',#8749,#8750,#8751);
#8749 = CARTESIAN_POINT('',(6.45,-0.35,-0.5));
#8750 = DIRECTION('',(1.,0.,0.));
#8751 = DIRECTION('',(0.,-5.551115123126E-16,1.));
#8752 = ADVANCED_FACE('',(#8753),#8764,.F.);
#8753 = FACE_BOUND('',#8754,.F.);
#8754 = EDGE_LOOP('',(#8755,#8756,#8757,#8758));
#8755 = ORIENTED_EDGE('',*,*,#7708,.F.);
#8756 = ORIENTED_EDGE('',*,*,#8723,.T.);
#8757 = ORIENTED_EDGE('',*,*,#7558,.T.);
#8758 = ORIENTED_EDGE('',*,*,#8759,.F.);
#8759 = EDGE_CURVE('',#7709,#7559,#8760,.T.);
#8760 = LINE('',#8761,#8762);
#8761 = CARTESIAN_POINT('',(6.462230377286,-0.35,-2.459232075714));
#8762 = VECTOR('',#8763,1.);
#8763 = DIRECTION('',(0.,1.,3.330669073875E-16));
#8764 = PLANE('',#8765);
#8765 = AXIS2_PLACEMENT_3D('',#8766,#8767,#8768);
#8766 = CARTESIAN_POINT('',(6.75,-0.35,-1.5));
#8767 = DIRECTION('',(-0.957826285221,-9.570607158995E-17,0.287347885566
    ));
#8768 = DIRECTION('',(-0.287347885566,5.31700397722E-16,-0.957826285221)
  );
#8769 = ADVANCED_FACE('',(#8770),#8776,.T.);
#8770 = FACE_BOUND('',#8771,.T.);
#8771 = EDGE_LOOP('',(#8772,#8773,#8774,#8775));
#8772 = ORIENTED_EDGE('',*,*,#8742,.T.);
#8773 = ORIENTED_EDGE('',*,*,#7657,.T.);
#8774 = ORIENTED_EDGE('',*,*,#7840,.F.);
#8775 = ORIENTED_EDGE('',*,*,#7807,.F.);
#8776 = CYLINDRICAL_SURFACE('',#8777,0.29);
#8777 = AXIS2_PLACEMENT_3D('',#8778,#8779,#8780);
#8778 = CARTESIAN_POINT('',(6.16,-0.35,1.21));
#8779 = DIRECTION('',(0.,1.,3.330669073875E-16));
#8780 = DIRECTION('',(1.,0.,-0.));
#8781 = ADVANCED_FACE('',(#8782),#8793,.F.);
#8782 = FACE_BOUND('',#8783,.F.);
#8783 = EDGE_LOOP('',(#8784,#8785,#8786,#8787));
#8784 = ORIENTED_EDGE('',*,*,#7716,.T.);
#8785 = ORIENTED_EDGE('',*,*,#8759,.T.);
#8786 = ORIENTED_EDGE('',*,*,#7566,.F.);
#8787 = ORIENTED_EDGE('',*,*,#8788,.F.);
#8788 = EDGE_CURVE('',#7717,#7567,#8789,.T.);
#8789 = LINE('',#8790,#8791);
#8790 = CARTESIAN_POINT('',(6.45,-0.35,-2.542562962528));
#8791 = VECTOR('',#8792,1.);
#8792 = DIRECTION('',(0.,1.,3.330669073875E-16));
#8793 = CYLINDRICAL_SURFACE('',#8794,0.29);
#8794 = AXIS2_PLACEMENT_3D('',#8795,#8796,#8797);
#8795 = CARTESIAN_POINT('',(6.74,-0.35,-2.542562962528));
#8796 = DIRECTION('',(0.,1.,3.330669073875E-16));
#8797 = DIRECTION('',(-1.,0.,0.));
#8798 = ADVANCED_FACE('',(#8799),#8810,.T.);
#8799 = FACE_BOUND('',#8800,.T.);
#8800 = EDGE_LOOP('',(#8801,#8802,#8808,#8809));
#8801 = ORIENTED_EDGE('',*,*,#7725,.F.);
#8802 = ORIENTED_EDGE('',*,*,#8803,.T.);
#8803 = EDGE_CURVE('',#7726,#7576,#8804,.T.);
#8804 = LINE('',#8805,#8806);
#8805 = CARTESIAN_POINT('',(6.45,-0.35,-3.5));
#8806 = VECTOR('',#8807,1.);
#8807 = DIRECTION('',(0.,1.,3.330669073875E-16));
#8808 = ORIENTED_EDGE('',*,*,#7575,.T.);
#8809 = ORIENTED_EDGE('',*,*,#8788,.F.);
#8810 = PLANE('',#8811);
#8811 = AXIS2_PLACEMENT_3D('',#8812,#8813,#8814);
#8812 = CARTESIAN_POINT('',(6.45,-0.35,-3.5));
#8813 = DIRECTION('',(1.,0.,0.));
#8814 = DIRECTION('',(0.,-5.551115123126E-16,1.));
#8815 = ADVANCED_FACE('',(#8816),#8827,.T.);
#8816 = FACE_BOUND('',#8817,.T.);
#8817 = EDGE_LOOP('',(#8818,#8824,#8825,#8826));
#8818 = ORIENTED_EDGE('',*,*,#8819,.T.);
#8819 = EDGE_CURVE('',#7734,#7584,#8820,.T.);
#8820 = LINE('',#8821,#8822);
#8821 = CARTESIAN_POINT('',(6.15,-0.35,-3.5));
#8822 = VECTOR('',#8823,1.);
#8823 = DIRECTION('',(0.,1.,3.330669073875E-16));
#8824 = ORIENTED_EDGE('',*,*,#7583,.T.);
#8825 = ORIENTED_EDGE('',*,*,#8803,.F.);
#8826 = ORIENTED_EDGE('',*,*,#7733,.F.);
#8827 = PLANE('',#8828);
#8828 = AXIS2_PLACEMENT_3D('',#8829,#8830,#8831);
#8829 = CARTESIAN_POINT('',(6.15,-0.35,-3.5));
#8830 = DIRECTION('',(0.,3.330669073875E-16,-1.));
#8831 = DIRECTION('',(1.,0.,0.));
#8832 = ADVANCED_FACE('',(#8833),#8844,.T.);
#8833 = FACE_BOUND('',#8834,.T.);
#8834 = EDGE_LOOP('',(#8835,#8836,#8842,#8843));
#8835 = ORIENTED_EDGE('',*,*,#7741,.F.);
#8836 = ORIENTED_EDGE('',*,*,#8837,.T.);
#8837 = EDGE_CURVE('',#7742,#7592,#8838,.T.);
#8838 = LINE('',#8839,#8840);
#8839 = CARTESIAN_POINT('',(6.15,-0.35,-2.542562962528));
#8840 = VECTOR('',#8841,1.);
#8841 = DIRECTION('',(0.,1.,3.330669073875E-16));
#8842 = ORIENTED_EDGE('',*,*,#7591,.T.);
#8843 = ORIENTED_EDGE('',*,*,#8819,.F.);
#8844 = PLANE('',#8845);
#8845 = AXIS2_PLACEMENT_3D('',#8846,#8847,#8848);
#8846 = CARTESIAN_POINT('',(6.15,-0.35,-2.5));
#8847 = DIRECTION('',(-1.,0.,-0.));
#8848 = DIRECTION('',(0.,5.551115123126E-16,-1.));
#8849 = ADVANCED_FACE('',(#8850),#8861,.T.);
#8850 = FACE_BOUND('',#8851,.T.);
#8851 = EDGE_LOOP('',(#8852,#8853,#8854,#8860));
#8852 = ORIENTED_EDGE('',*,*,#7919,.T.);
#8853 = ORIENTED_EDGE('',*,*,#7633,.T.);
#8854 = ORIENTED_EDGE('',*,*,#8855,.F.);
#8855 = EDGE_CURVE('',#7776,#7626,#8856,.T.);
#8856 = LINE('',#8857,#8858);
#8857 = CARTESIAN_POINT('',(6.162230377286,-0.35,-0.540767924286));
#8858 = VECTOR('',#8859,1.);
#8859 = DIRECTION('',(0.,1.,3.330669073875E-16));
#8860 = ORIENTED_EDGE('',*,*,#7783,.F.);
#8861 = CYLINDRICAL_SURFACE('',#8862,0.29);
#8862 = AXIS2_PLACEMENT_3D('',#8863,#8864,#8865);
#8863 = CARTESIAN_POINT('',(6.44,-0.35,-0.457437037472));
#8864 = DIRECTION('',(0.,1.,3.330669073875E-16));
#8865 = DIRECTION('',(-1.,0.,0.));
#8866 = ADVANCED_FACE('',(#8867),#8878,.T.);
#8867 = FACE_BOUND('',#8868,.T.);
#8868 = EDGE_LOOP('',(#8869,#8875,#8876,#8877));
#8869 = ORIENTED_EDGE('',*,*,#8870,.T.);
#8870 = EDGE_CURVE('',#7750,#7600,#8871,.T.);
#8871 = LINE('',#8872,#8873);
#8872 = CARTESIAN_POINT('',(6.162230377286,-0.35,-2.459232075714));
#8873 = VECTOR('',#8874,1.);
#8874 = DIRECTION('',(0.,1.,3.330669073875E-16));
#8875 = ORIENTED_EDGE('',*,*,#7599,.T.);
#8876 = ORIENTED_EDGE('',*,*,#8837,.F.);
#8877 = ORIENTED_EDGE('',*,*,#7749,.F.);
#8878 = CYLINDRICAL_SURFACE('',#8879,0.29);
#8879 = AXIS2_PLACEMENT_3D('',#8880,#8881,#8882);
#8880 = CARTESIAN_POINT('',(6.44,-0.35,-2.542562962528));
#8881 = DIRECTION('',(0.,1.,3.330669073875E-16));
#8882 = DIRECTION('',(-0.957826285221,-9.570607158983E-17,0.287347885566
    ));
#8883 = ADVANCED_FACE('',(#8884),#8895,.F.);
#8884 = FACE_BOUND('',#8885,.F.);
#8885 = EDGE_LOOP('',(#8886,#8887,#8893,#8894));
#8886 = ORIENTED_EDGE('',*,*,#7775,.F.);
#8887 = ORIENTED_EDGE('',*,*,#8888,.T.);
#8888 = EDGE_CURVE('',#7767,#7617,#8889,.T.);
#8889 = LINE('',#8890,#8891);
#8890 = CARTESIAN_POINT('',(6.425000733956,-0.35,-1.416669113186));
#8891 = VECTOR('',#8892,1.);
#8892 = DIRECTION('',(0.,1.,3.330669073875E-16));
#8893 = ORIENTED_EDGE('',*,*,#7625,.T.);
#8894 = ORIENTED_EDGE('',*,*,#8855,.F.);
#8895 = PLANE('',#8896);
#8896 = AXIS2_PLACEMENT_3D('',#8897,#8898,#8899);
#8897 = CARTESIAN_POINT('',(6.45,-0.35,-1.5));
#8898 = DIRECTION('',(0.957826285221,-9.570607158995E-17,0.287347885566)
  );
#8899 = DIRECTION('',(-0.287347885566,-5.31700397722E-16,0.957826285221)
  );
#8900 = ADVANCED_FACE('',(#8901),#8912,.F.);
#8901 = FACE_BOUND('',#8902,.F.);
#8902 = EDGE_LOOP('',(#8903,#8904,#8905,#8906));
#8903 = ORIENTED_EDGE('',*,*,#7758,.F.);
#8904 = ORIENTED_EDGE('',*,*,#8870,.T.);
#8905 = ORIENTED_EDGE('',*,*,#7608,.T.);
#8906 = ORIENTED_EDGE('',*,*,#8907,.F.);
#8907 = EDGE_CURVE('',#7759,#7609,#8908,.T.);
#8908 = LINE('',#8909,#8910);
#8909 = CARTESIAN_POINT('',(6.425000733956,-0.35,-1.583330886814));
#8910 = VECTOR('',#8911,1.);
#8911 = DIRECTION('',(0.,1.,3.330669073875E-16));
#8912 = PLANE('',#8913);
#8913 = AXIS2_PLACEMENT_3D('',#8914,#8915,#8916);
#8914 = CARTESIAN_POINT('',(6.15,-0.35,-2.5));
#8915 = DIRECTION('',(0.957826285221,9.570607158995E-17,-0.287347885566)
  );
#8916 = DIRECTION('',(0.287347885566,-5.31700397722E-16,0.957826285221)
  );
#8917 = ADVANCED_FACE('',(#8918),#8924,.F.);
#8918 = FACE_BOUND('',#8919,.F.);
#8919 = EDGE_LOOP('',(#8920,#8921,#8922,#8923));
#8920 = ORIENTED_EDGE('',*,*,#7766,.T.);
#8921 = ORIENTED_EDGE('',*,*,#8907,.T.);
#8922 = ORIENTED_EDGE('',*,*,#7616,.F.);
#8923 = ORIENTED_EDGE('',*,*,#8888,.F.);
#8924 = CYLINDRICAL_SURFACE('',#8925,0.29);
#8925 = AXIS2_PLACEMENT_3D('',#8926,#8927,#8928);
#8926 = CARTESIAN_POINT('',(6.147231111242,-0.35,-1.5));
#8927 = DIRECTION('',(0.,1.,3.330669073875E-16));
#8928 = DIRECTION('',(0.957826285221,-9.570607158983E-17,0.287347885566)
  );
#8929 = ( GEOMETRIC_REPRESENTATION_CONTEXT(3) 
GLOBAL_UNCERTAINTY_ASSIGNED_CONTEXT((#8933)) 
GLOBAL_UNIT_ASSIGNED_CONTEXT((#8930,#8931,#8932)) REPRESENTATION_CONTEXT
('Context #1','3D Context with UNIT and UNCERTAINTY') );
#8930 = ( LENGTH_UNIT() NAMED_UNIT(*) SI_UNIT(.MILLI.,.METRE.) );
#8931 = ( NAMED_UNIT(*) PLANE_ANGLE_UNIT() SI_UNIT($,.RADIAN.) );
#8932 = ( NAMED_UNIT(*) SI_UNIT($,.STERADIAN.) SOLID_ANGLE_UNIT() );
#8933 = UNCERTAINTY_MEASURE_WITH_UNIT(LENGTH_MEASURE(1.E-07),#8930,
  'distance_accuracy_value','confusion accuracy');
#8934 = CONTEXT_DEPENDENT_SHAPE_REPRESENTATION(#8935,#8937);
#8935 = ( REPRESENTATION_RELATIONSHIP('','',#5699,#10) 
REPRESENTATION_RELATIONSHIP_WITH_TRANSFORMATION(#8936) 
SHAPE_REPRESENTATION_RELATIONSHIP() );
#8936 = ITEM_DEFINED_TRANSFORMATION('','',#11,#31);
#8937 = PRODUCT_DEFINITION_SHAPE('Placement','Placement of an item',
  #8938);
#8938 = NEXT_ASSEMBLY_USAGE_OCCURRENCE('5','SW1','',#5,#5694,$);
#8939 = PRODUCT_RELATED_PRODUCT_CATEGORY('part',$,(#5696));
#8940 = CONTEXT_DEPENDENT_SHAPE_REPRESENTATION(#8941,#8943);
#8941 = ( REPRESENTATION_RELATIONSHIP('','',#60,#10) 
REPRESENTATION_RELATIONSHIP_WITH_TRANSFORMATION(#8942) 
SHAPE_REPRESENTATION_RELATIONSHIP() );
#8942 = ITEM_DEFINED_TRANSFORMATION('','',#11,#35);
#8943 = PRODUCT_DEFINITION_SHAPE('Placement','Placement of an item',
  #8944);
#8944 = NEXT_ASSEMBLY_USAGE_OCCURRENCE('6','C1','',#5,#55,$);
#8945 = CONTEXT_DEPENDENT_SHAPE_REPRESENTATION(#8946,#8948);
#8946 = ( REPRESENTATION_RELATIONSHIP('','',#933,#10) 
REPRESENTATION_RELATIONSHIP_WITH_TRANSFORMATION(#8947) 
SHAPE_REPRESENTATION_RELATIONSHIP() );
#8947 = ITEM_DEFINED_TRANSFORMATION('','',#11,#39);
#8948 = PRODUCT_DEFINITION_SHAPE('Placement','Placement of an item',
  #8949);
#8949 = NEXT_ASSEMBLY_USAGE_OCCURRENCE('7','R1','',#5,#928,$);
#8950 = SHAPE_DEFINITION_REPRESENTATION(#8951,#8957);
#8951 = PRODUCT_DEFINITION_SHAPE('','',#8952);
#8952 = PRODUCT_DEFINITION('design','',#8953,#8956);
#8953 = PRODUCT_DEFINITION_FORMATION('','',#8954);
#8954 = PRODUCT('SnoreSense_Display_PCB_v1_PCB',
  'SnoreSense_Display_PCB_v1_PCB','',(#8955));
#8955 = PRODUCT_CONTEXT('',#2,'mechanical');
#8956 = PRODUCT_DEFINITION_CONTEXT('part definition',#2,'design');
#8957 = ADVANCED_BREP_SHAPE_REPRESENTATION('',(#11,#8958),#9872);
#8958 = MANIFOLD_SOLID_BREP('',#8959);
#8959 = CLOSED_SHELL('',(#8960,#9002,#9033,#9064,#9292,#9520,#9537,#9554
    ,#9571,#9588,#9600,#9617,#9634,#9651,#9668,#9685,#9702,#9719,#9736,
    #9753,#9770,#9787,#9804,#9821,#9838,#9855));
#8960 = ADVANCED_FACE('',(#8961),#8997,.T.);
#8961 = FACE_BOUND('',#8962,.T.);
#8962 = EDGE_LOOP('',(#8963,#8973,#8982,#8990));
#8963 = ORIENTED_EDGE('',*,*,#8964,.T.);
#8964 = EDGE_CURVE('',#8965,#8967,#8969,.T.);
#8965 = VERTEX_POINT('',#8966);
#8966 = CARTESIAN_POINT('',(157.25,-47.,0.));
#8967 = VERTEX_POINT('',#8968);
#8968 = CARTESIAN_POINT('',(157.25,-47.,1.51));
#8969 = LINE('',#8970,#8971);
#8970 = CARTESIAN_POINT('',(157.25,-47.,0.));
#8971 = VECTOR('',#8972,1.);
#8972 = DIRECTION('',(0.,0.,1.));
#8973 = ORIENTED_EDGE('',*,*,#8974,.T.);
#8974 = EDGE_CURVE('',#8967,#8975,#8977,.T.);
#8975 = VERTEX_POINT('',#8976);
#8976 = CARTESIAN_POINT('',(162.25,-52.,1.51));
#8977 = CIRCLE('',#8978,4.999999678834);
#8978 = AXIS2_PLACEMENT_3D('',#8979,#8980,#8981);
#8979 = CARTESIAN_POINT('',(157.25000032116,-51.99999967883,1.51));
#8980 = DIRECTION('',(0.,0.,-1.));
#8981 = DIRECTION('',(-6.42331470194E-08,1.,0.));
#8982 = ORIENTED_EDGE('',*,*,#8983,.F.);
#8983 = EDGE_CURVE('',#8984,#8975,#8986,.T.);
#8984 = VERTEX_POINT('',#8985);
#8985 = CARTESIAN_POINT('',(162.25,-52.,0.));
#8986 = LINE('',#8987,#8988);
#8987 = CARTESIAN_POINT('',(162.25,-52.,0.));
#8988 = VECTOR('',#8989,1.);
#8989 = DIRECTION('',(0.,0.,1.));
#8990 = ORIENTED_EDGE('',*,*,#8991,.F.);
#8991 = EDGE_CURVE('',#8965,#8984,#8992,.T.);
#8992 = CIRCLE('',#8993,4.999999678834);
#8993 = AXIS2_PLACEMENT_3D('',#8994,#8995,#8996);
#8994 = CARTESIAN_POINT('',(157.25000032116,-51.99999967883,0.));
#8995 = DIRECTION('',(0.,0.,-1.));
#8996 = DIRECTION('',(-6.42331470194E-08,1.,0.));
#8997 = CYLINDRICAL_SURFACE('',#8998,4.999999678834);
#8998 = AXIS2_PLACEMENT_3D('',#8999,#9000,#9001);
#8999 = CARTESIAN_POINT('',(157.25000032116,-51.99999967883,0.));
#9000 = DIRECTION('',(0.,0.,-1.));
#9001 = DIRECTION('',(-6.42331470194E-08,1.,0.));
#9002 = ADVANCED_FACE('',(#9003),#9028,.T.);
#9003 = FACE_BOUND('',#9004,.T.);
#9004 = EDGE_LOOP('',(#9005,#9015,#9021,#9022));
#9005 = ORIENTED_EDGE('',*,*,#9006,.T.);
#9006 = EDGE_CURVE('',#9007,#9009,#9011,.T.);
#9007 = VERTEX_POINT('',#9008);
#9008 = CARTESIAN_POINT('',(104.5,-47.,0.));
#9009 = VERTEX_POINT('',#9010);
#9010 = CARTESIAN_POINT('',(104.5,-47.,1.51));
#9011 = LINE('',#9012,#9013);
#9012 = CARTESIAN_POINT('',(104.5,-47.,0.));
#9013 = VECTOR('',#9014,1.);
#9014 = DIRECTION('',(0.,0.,1.));
#9015 = ORIENTED_EDGE('',*,*,#9016,.T.);
#9016 = EDGE_CURVE('',#9009,#8967,#9017,.T.);
#9017 = LINE('',#9018,#9019);
#9018 = CARTESIAN_POINT('',(104.5,-47.,1.51));
#9019 = VECTOR('',#9020,1.);
#9020 = DIRECTION('',(1.,0.,0.));
#9021 = ORIENTED_EDGE('',*,*,#8964,.F.);
#9022 = ORIENTED_EDGE('',*,*,#9023,.F.);
#9023 = EDGE_CURVE('',#9007,#8965,#9024,.T.);
#9024 = LINE('',#9025,#9026);
#9025 = CARTESIAN_POINT('',(104.5,-47.,0.));
#9026 = VECTOR('',#9027,1.);
#9027 = DIRECTION('',(1.,0.,0.));
#9028 = PLANE('',#9029);
#9029 = AXIS2_PLACEMENT_3D('',#9030,#9031,#9032);
#9030 = CARTESIAN_POINT('',(104.5,-47.,0.));
#9031 = DIRECTION('',(0.,1.,0.));
#9032 = DIRECTION('',(1.,0.,0.));
#9033 = ADVANCED_FACE('',(#9034),#9059,.T.);
#9034 = FACE_BOUND('',#9035,.T.);
#9035 = EDGE_LOOP('',(#9036,#9037,#9045,#9053));
#9036 = ORIENTED_EDGE('',*,*,#8983,.T.);
#9037 = ORIENTED_EDGE('',*,*,#9038,.T.);
#9038 = EDGE_CURVE('',#8975,#9039,#9041,.T.);
#9039 = VERTEX_POINT('',#9040);
#9040 = CARTESIAN_POINT('',(162.25,-94.25,1.51));
#9041 = LINE('',#9042,#9043);
#9042 = CARTESIAN_POINT('',(162.25,-52.,1.51));
#9043 = VECTOR('',#9044,1.);
#9044 = DIRECTION('',(0.,-1.,0.));
#9045 = ORIENTED_EDGE('',*,*,#9046,.F.);
#9046 = EDGE_CURVE('',#9047,#9039,#9049,.T.);
#9047 = VERTEX_POINT('',#9048);
#9048 = CARTESIAN_POINT('',(162.25,-94.25,0.));
#9049 = LINE('',#9050,#9051);
#9050 = CARTESIAN_POINT('',(162.25,-94.25,0.));
#9051 = VECTOR('',#9052,1.);
#9052 = DIRECTION('',(0.,0.,1.));
#9053 = ORIENTED_EDGE('',*,*,#9054,.F.);
#9054 = EDGE_CURVE('',#8984,#9047,#9055,.T.);
#9055 = LINE('',#9056,#9057);
#9056 = CARTESIAN_POINT('',(162.25,-52.,0.));
#9057 = VECTOR('',#9058,1.);
#9058 = DIRECTION('',(0.,-1.,0.));
#9059 = PLANE('',#9060);
#9060 = AXIS2_PLACEMENT_3D('',#9061,#9062,#9063);
#9061 = CARTESIAN_POINT('',(162.25,-52.,0.));
#9062 = DIRECTION('',(1.,0.,-0.));
#9063 = DIRECTION('',(0.,-1.,0.));
#9064 = ADVANCED_FACE('',(#9065,#9111,#9122,#9133,#9144,#9155,#9166,
    #9177,#9188,#9199,#9210,#9221,#9232,#9243,#9254,#9265,#9276),#9287,
  .F.);
#9065 = FACE_BOUND('',#9066,.F.);
#9066 = EDGE_LOOP('',(#9067,#9068,#9069,#9078,#9086,#9095,#9103,#9110));
#9067 = ORIENTED_EDGE('',*,*,#8991,.F.);
#9068 = ORIENTED_EDGE('',*,*,#9023,.F.);
#9069 = ORIENTED_EDGE('',*,*,#9070,.F.);
#9070 = EDGE_CURVE('',#9071,#9007,#9073,.T.);
#9071 = VERTEX_POINT('',#9072);
#9072 = CARTESIAN_POINT('',(99.5,-52.,0.));
#9073 = CIRCLE('',#9074,4.999999678834);
#9074 = AXIS2_PLACEMENT_3D('',#9075,#9076,#9077);
#9075 = CARTESIAN_POINT('',(104.49999967883,-51.99999967883,0.));
#9076 = DIRECTION('',(0.,0.,-1.));
#9077 = DIRECTION('',(-1.,-6.423314275614E-08,-0.));
#9078 = ORIENTED_EDGE('',*,*,#9079,.F.);
#9079 = EDGE_CURVE('',#9080,#9071,#9082,.T.);
#9080 = VERTEX_POINT('',#9081);
#9081 = CARTESIAN_POINT('',(99.5,-94.25,0.));
#9082 = LINE('',#9083,#9084);
#9083 = CARTESIAN_POINT('',(99.5,-94.25,0.));
#9084 = VECTOR('',#9085,1.);
#9085 = DIRECTION('',(0.,1.,0.));
#9086 = ORIENTED_EDGE('',*,*,#9087,.F.);
#9087 = EDGE_CURVE('',#9088,#9080,#9090,.T.);
#9088 = VERTEX_POINT('',#9089);
#9089 = CARTESIAN_POINT('',(104.5,-99.25,0.));
#9090 = CIRCLE('',#9091,4.999999678834);
#9091 = AXIS2_PLACEMENT_3D('',#9092,#9093,#9094);
#9092 = CARTESIAN_POINT('',(104.49999967883,-94.25000032116,0.));
#9093 = DIRECTION('',(0.,0.,-1.));
#9094 = DIRECTION('',(6.423314133505E-08,-1.,0.));
#9095 = ORIENTED_EDGE('',*,*,#9096,.F.);
#9096 = EDGE_CURVE('',#9097,#9088,#9099,.T.);
#9097 = VERTEX_POINT('',#9098);
#9098 = CARTESIAN_POINT('',(157.25,-99.25,0.));
#9099 = LINE('',#9100,#9101);
#9100 = CARTESIAN_POINT('',(157.25,-99.25,0.));
#9101 = VECTOR('',#9102,1.);
#9102 = DIRECTION('',(-1.,0.,0.));
#9103 = ORIENTED_EDGE('',*,*,#9104,.F.);
#9104 = EDGE_CURVE('',#9047,#9097,#9105,.T.);
#9105 = CIRCLE('',#9106,4.999999678834);
#9106 = AXIS2_PLACEMENT_3D('',#9107,#9108,#9109);
#9107 = CARTESIAN_POINT('',(157.25000032116,-94.25000032116,0.));
#9108 = DIRECTION('',(0.,0.,-1.));
#9109 = DIRECTION('',(1.,6.42331470194E-08,0.));
#9110 = ORIENTED_EDGE('',*,*,#9054,.F.);
#9111 = FACE_BOUND('',#9112,.F.);
#9112 = EDGE_LOOP('',(#9113));
#9113 = ORIENTED_EDGE('',*,*,#9114,.T.);
#9114 = EDGE_CURVE('',#9115,#9115,#9117,.T.);
#9115 = VERTEX_POINT('',#9116);
#9116 = CARTESIAN_POINT('',(120.,-95.05,0.));
#9117 = CIRCLE('',#9118,0.55);
#9118 = AXIS2_PLACEMENT_3D('',#9119,#9120,#9121);
#9119 = CARTESIAN_POINT('',(120.,-94.5,0.));
#9120 = DIRECTION('',(-0.,0.,-1.));
#9121 = DIRECTION('',(-0.,-1.,0.));
#9122 = FACE_BOUND('',#9123,.F.);
#9123 = EDGE_LOOP('',(#9124));
#9124 = ORIENTED_EDGE('',*,*,#9125,.T.);
#9125 = EDGE_CURVE('',#9126,#9126,#9128,.T.);
#9126 = VERTEX_POINT('',#9127);
#9127 = CARTESIAN_POINT('',(126.5,-95.05,0.));
#9128 = CIRCLE('',#9129,0.55);
#9129 = AXIS2_PLACEMENT_3D('',#9130,#9131,#9132);
#9130 = CARTESIAN_POINT('',(126.5,-94.5,0.));
#9131 = DIRECTION('',(-0.,0.,-1.));
#9132 = DIRECTION('',(-0.,-1.,0.));
#9133 = FACE_BOUND('',#9134,.F.);
#9134 = EDGE_LOOP('',(#9135));
#9135 = ORIENTED_EDGE('',*,*,#9136,.T.);
#9136 = EDGE_CURVE('',#9137,#9137,#9139,.T.);
#9137 = VERTEX_POINT('',#9138);
#9138 = CARTESIAN_POINT('',(120.,-90.55,0.));
#9139 = CIRCLE('',#9140,0.55);
#9140 = AXIS2_PLACEMENT_3D('',#9141,#9142,#9143);
#9141 = CARTESIAN_POINT('',(120.,-90.,0.));
#9142 = DIRECTION('',(-0.,0.,-1.));
#9143 = DIRECTION('',(-0.,-1.,0.));
#9144 = FACE_BOUND('',#9145,.F.);
#9145 = EDGE_LOOP('',(#9146));
#9146 = ORIENTED_EDGE('',*,*,#9147,.T.);
#9147 = EDGE_CURVE('',#9148,#9148,#9150,.T.);
#9148 = VERTEX_POINT('',#9149);
#9149 = CARTESIAN_POINT('',(126.5,-90.55,0.));
#9150 = CIRCLE('',#9151,0.55);
#9151 = AXIS2_PLACEMENT_3D('',#9152,#9153,#9154);
#9152 = CARTESIAN_POINT('',(126.5,-90.,0.));
#9153 = DIRECTION('',(-0.,0.,-1.));
#9154 = DIRECTION('',(-0.,-1.,0.));
#9155 = FACE_BOUND('',#9156,.F.);
#9156 = EDGE_LOOP('',(#9157));
#9157 = ORIENTED_EDGE('',*,*,#9158,.F.);
#9158 = EDGE_CURVE('',#9159,#9159,#9161,.T.);
#9159 = VERTEX_POINT('',#9160);
#9160 = CARTESIAN_POINT('',(109.37,-78.56,0.));
#9161 = CIRCLE('',#9162,1.3);
#9162 = AXIS2_PLACEMENT_3D('',#9163,#9164,#9165);
#9163 = CARTESIAN_POINT('',(108.07,-78.56,0.));
#9164 = DIRECTION('',(0.,0.,1.));
#9165 = DIRECTION('',(1.,0.,-0.));
#9166 = FACE_BOUND('',#9167,.F.);
#9167 = EDGE_LOOP('',(#9168));
#9168 = ORIENTED_EDGE('',*,*,#9169,.T.);
#9169 = EDGE_CURVE('',#9170,#9170,#9172,.T.);
#9170 = VERTEX_POINT('',#9171);
#9171 = CARTESIAN_POINT('',(137.,-94.0775,0.));
#9172 = CIRCLE('',#9173,0.45);
#9173 = AXIS2_PLACEMENT_3D('',#9174,#9175,#9176);
#9174 = CARTESIAN_POINT('',(137.,-93.6275,0.));
#9175 = DIRECTION('',(-0.,0.,-1.));
#9176 = DIRECTION('',(-0.,-1.,0.));
#9177 = FACE_BOUND('',#9178,.F.);
#9178 = EDGE_LOOP('',(#9179));
#9179 = ORIENTED_EDGE('',*,*,#9180,.T.);
#9180 = EDGE_CURVE('',#9181,#9181,#9183,.T.);
#9181 = VERTEX_POINT('',#9182);
#9182 = CARTESIAN_POINT('',(137.,-91.5375,0.));
#9183 = CIRCLE('',#9184,0.45);
#9184 = AXIS2_PLACEMENT_3D('',#9185,#9186,#9187);
#9185 = CARTESIAN_POINT('',(137.,-91.0875,0.));
#9186 = DIRECTION('',(-0.,0.,-1.));
#9187 = DIRECTION('',(-0.,-1.,0.));
#9188 = FACE_BOUND('',#9189,.F.);
#9189 = EDGE_LOOP('',(#9190));
#9190 = ORIENTED_EDGE('',*,*,#9191,.T.);
#9191 = EDGE_CURVE('',#9192,#9192,#9194,.T.);
#9192 = VERTEX_POINT('',#9193);
#9193 = CARTESIAN_POINT('',(153.3,-86.875,0.));
#9194 = CIRCLE('',#9195,0.375);
#9195 = AXIS2_PLACEMENT_3D('',#9196,#9197,#9198);
#9196 = CARTESIAN_POINT('',(153.3,-86.5,0.));
#9197 = DIRECTION('',(-0.,0.,-1.));
#9198 = DIRECTION('',(-0.,-1.,0.));
#9199 = FACE_BOUND('',#9200,.F.);
#9200 = EDGE_LOOP('',(#9201));
#9201 = ORIENTED_EDGE('',*,*,#9202,.T.);
#9202 = EDGE_CURVE('',#9203,#9203,#9205,.T.);
#9203 = VERTEX_POINT('',#9204);
#9204 = CARTESIAN_POINT('',(153.3,-84.875,0.));
#9205 = CIRCLE('',#9206,0.375);
#9206 = AXIS2_PLACEMENT_3D('',#9207,#9208,#9209);
#9207 = CARTESIAN_POINT('',(153.3,-84.5,0.));
#9208 = DIRECTION('',(-0.,0.,-1.));
#9209 = DIRECTION('',(-0.,-1.,0.));
#9210 = FACE_BOUND('',#9211,.F.);
#9211 = EDGE_LOOP('',(#9212));
#9212 = ORIENTED_EDGE('',*,*,#9213,.T.);
#9213 = EDGE_CURVE('',#9214,#9214,#9216,.T.);
#9214 = VERTEX_POINT('',#9215);
#9215 = CARTESIAN_POINT('',(105.64,-73.795,0.));
#9216 = CIRCLE('',#9217,0.425);
#9217 = AXIS2_PLACEMENT_3D('',#9218,#9219,#9220);
#9218 = CARTESIAN_POINT('',(105.64,-73.37,0.));
#9219 = DIRECTION('',(-0.,0.,-1.));
#9220 = DIRECTION('',(-0.,-1.,0.));
#9221 = FACE_BOUND('',#9222,.F.);
#9222 = EDGE_LOOP('',(#9223));
#9223 = ORIENTED_EDGE('',*,*,#9224,.F.);
#9224 = EDGE_CURVE('',#9225,#9225,#9227,.T.);
#9225 = VERTEX_POINT('',#9226);
#9226 = CARTESIAN_POINT('',(104.52,-69.56,0.));
#9227 = CIRCLE('',#9228,0.95);
#9228 = AXIS2_PLACEMENT_3D('',#9229,#9230,#9231);
#9229 = CARTESIAN_POINT('',(103.57,-69.56,0.));
#9230 = DIRECTION('',(0.,0.,1.));
#9231 = DIRECTION('',(1.,0.,-0.));
#9232 = FACE_BOUND('',#9233,.F.);
#9233 = EDGE_LOOP('',(#9234));
#9234 = ORIENTED_EDGE('',*,*,#9235,.T.);
#9235 = EDGE_CURVE('',#9236,#9236,#9238,.T.);
#9236 = VERTEX_POINT('',#9237);
#9237 = CARTESIAN_POINT('',(105.64,-66.175,0.));
#9238 = CIRCLE('',#9239,0.425);
#9239 = AXIS2_PLACEMENT_3D('',#9240,#9241,#9242);
#9240 = CARTESIAN_POINT('',(105.64,-65.75,0.));
#9241 = DIRECTION('',(-0.,0.,-1.));
#9242 = DIRECTION('',(-0.,-1.,0.));
#9243 = FACE_BOUND('',#9244,.F.);
#9244 = EDGE_LOOP('',(#9245));
#9245 = ORIENTED_EDGE('',*,*,#9246,.F.);
#9246 = EDGE_CURVE('',#9247,#9247,#9249,.T.);
#9247 = VERTEX_POINT('',#9248);
#9248 = CARTESIAN_POINT('',(119.02,-59.56,0.));
#9249 = CIRCLE('',#9250,1.95);
#9250 = AXIS2_PLACEMENT_3D('',#9251,#9252,#9253);
#9251 = CARTESIAN_POINT('',(117.07,-59.56,0.));
#9252 = DIRECTION('',(0.,0.,1.));
#9253 = DIRECTION('',(1.,0.,-0.));
#9254 = FACE_BOUND('',#9255,.F.);
#9255 = EDGE_LOOP('',(#9256));
#9256 = ORIENTED_EDGE('',*,*,#9257,.T.);
#9257 = EDGE_CURVE('',#9258,#9258,#9260,.T.);
#9258 = VERTEX_POINT('',#9259);
#9259 = CARTESIAN_POINT('',(128.5,-73.795,0.));
#9260 = CIRCLE('',#9261,0.425);
#9261 = AXIS2_PLACEMENT_3D('',#9262,#9263,#9264);
#9262 = CARTESIAN_POINT('',(128.5,-73.37,0.));
#9263 = DIRECTION('',(-0.,0.,-1.));
#9264 = DIRECTION('',(-0.,-1.,0.));
#9265 = FACE_BOUND('',#9266,.F.);
#9266 = EDGE_LOOP('',(#9267));
#9267 = ORIENTED_EDGE('',*,*,#9268,.F.);
#9268 = EDGE_CURVE('',#9269,#9269,#9271,.T.);
#9269 = VERTEX_POINT('',#9270);
#9270 = CARTESIAN_POINT('',(131.52,-69.56,0.));
#9271 = CIRCLE('',#9272,0.95);
#9272 = AXIS2_PLACEMENT_3D('',#9273,#9274,#9275);
#9273 = CARTESIAN_POINT('',(130.57,-69.56,0.));
#9274 = DIRECTION('',(0.,0.,1.));
#9275 = DIRECTION('',(1.,0.,-0.));
#9276 = FACE_BOUND('',#9277,.F.);
#9277 = EDGE_LOOP('',(#9278));
#9278 = ORIENTED_EDGE('',*,*,#9279,.T.);
#9279 = EDGE_CURVE('',#9280,#9280,#9282,.T.);
#9280 = VERTEX_POINT('',#9281);
#9281 = CARTESIAN_POINT('',(128.5,-66.175,0.));
#9282 = CIRCLE('',#9283,0.425);
#9283 = AXIS2_PLACEMENT_3D('',#9284,#9285,#9286);
#9284 = CARTESIAN_POINT('',(128.5,-65.75,0.));
#9285 = DIRECTION('',(-0.,0.,-1.));
#9286 = DIRECTION('',(-0.,-1.,0.));
#9287 = PLANE('',#9288);
#9288 = AXIS2_PLACEMENT_3D('',#9289,#9290,#9291);
#9289 = CARTESIAN_POINT('',(0.,0.,0.));
#9290 = DIRECTION('',(0.,0.,1.));
#9291 = DIRECTION('',(1.,0.,-0.));
#9292 = ADVANCED_FACE('',(#9293,#9339,#9350,#9361,#9372,#9383,#9394,
    #9405,#9416,#9427,#9438,#9449,#9460,#9471,#9482,#9493,#9504),#9515,
  .T.);
#9293 = FACE_BOUND('',#9294,.T.);
#9294 = EDGE_LOOP('',(#9295,#9296,#9297,#9306,#9314,#9323,#9331,#9338));
#9295 = ORIENTED_EDGE('',*,*,#8974,.F.);
#9296 = ORIENTED_EDGE('',*,*,#9016,.F.);
#9297 = ORIENTED_EDGE('',*,*,#9298,.F.);
#9298 = EDGE_CURVE('',#9299,#9009,#9301,.T.);
#9299 = VERTEX_POINT('',#9300);
#9300 = CARTESIAN_POINT('',(99.5,-52.,1.51));
#9301 = CIRCLE('',#9302,4.999999678834);
#9302 = AXIS2_PLACEMENT_3D('',#9303,#9304,#9305);
#9303 = CARTESIAN_POINT('',(104.49999967883,-51.99999967883,1.51));
#9304 = DIRECTION('',(0.,0.,-1.));
#9305 = DIRECTION('',(-1.,-6.423314275614E-08,-0.));
#9306 = ORIENTED_EDGE('',*,*,#9307,.F.);
#9307 = EDGE_CURVE('',#9308,#9299,#9310,.T.);
#9308 = VERTEX_POINT('',#9309);
#9309 = CARTESIAN_POINT('',(99.5,-94.25,1.51));
#9310 = LINE('',#9311,#9312);
#9311 = CARTESIAN_POINT('',(99.5,-94.25,1.51));
#9312 = VECTOR('',#9313,1.);
#9313 = DIRECTION('',(0.,1.,0.));
#9314 = ORIENTED_EDGE('',*,*,#9315,.F.);
#9315 = EDGE_CURVE('',#9316,#9308,#9318,.T.);
#9316 = VERTEX_POINT('',#9317);
#9317 = CARTESIAN_POINT('',(104.5,-99.25,1.51));
#9318 = CIRCLE('',#9319,4.999999678834);
#9319 = AXIS2_PLACEMENT_3D('',#9320,#9321,#9322);
#9320 = CARTESIAN_POINT('',(104.49999967883,-94.25000032116,1.51));
#9321 = DIRECTION('',(0.,0.,-1.));
#9322 = DIRECTION('',(6.423314133505E-08,-1.,0.));
#9323 = ORIENTED_EDGE('',*,*,#9324,.F.);
#9324 = EDGE_CURVE('',#9325,#9316,#9327,.T.);
#9325 = VERTEX_POINT('',#9326);
#9326 = CARTESIAN_POINT('',(157.25,-99.25,1.51));
#9327 = LINE('',#9328,#9329);
#9328 = CARTESIAN_POINT('',(157.25,-99.25,1.51));
#9329 = VECTOR('',#9330,1.);
#9330 = DIRECTION('',(-1.,0.,0.));
#9331 = ORIENTED_EDGE('',*,*,#9332,.F.);
#9332 = EDGE_CURVE('',#9039,#9325,#9333,.T.);
#9333 = CIRCLE('',#9334,4.999999678834);
#9334 = AXIS2_PLACEMENT_3D('',#9335,#9336,#9337);
#9335 = CARTESIAN_POINT('',(157.25000032116,-94.25000032116,1.51));
#9336 = DIRECTION('',(0.,0.,-1.));
#9337 = DIRECTION('',(1.,6.42331470194E-08,0.));
#9338 = ORIENTED_EDGE('',*,*,#9038,.F.);
#9339 = FACE_BOUND('',#9340,.T.);
#9340 = EDGE_LOOP('',(#9341));
#9341 = ORIENTED_EDGE('',*,*,#9342,.T.);
#9342 = EDGE_CURVE('',#9343,#9343,#9345,.T.);
#9343 = VERTEX_POINT('',#9344);
#9344 = CARTESIAN_POINT('',(120.,-95.05,1.51));
#9345 = CIRCLE('',#9346,0.55);
#9346 = AXIS2_PLACEMENT_3D('',#9347,#9348,#9349);
#9347 = CARTESIAN_POINT('',(120.,-94.5,1.51));
#9348 = DIRECTION('',(-0.,0.,-1.));
#9349 = DIRECTION('',(-0.,-1.,0.));
#9350 = FACE_BOUND('',#9351,.T.);
#9351 = EDGE_LOOP('',(#9352));
#9352 = ORIENTED_EDGE('',*,*,#9353,.T.);
#9353 = EDGE_CURVE('',#9354,#9354,#9356,.T.);
#9354 = VERTEX_POINT('',#9355);
#9355 = CARTESIAN_POINT('',(126.5,-95.05,1.51));
#9356 = CIRCLE('',#9357,0.55);
#9357 = AXIS2_PLACEMENT_3D('',#9358,#9359,#9360);
#9358 = CARTESIAN_POINT('',(126.5,-94.5,1.51));
#9359 = DIRECTION('',(-0.,0.,-1.));
#9360 = DIRECTION('',(-0.,-1.,0.));
#9361 = FACE_BOUND('',#9362,.T.);
#9362 = EDGE_LOOP('',(#9363));
#9363 = ORIENTED_EDGE('',*,*,#9364,.T.);
#9364 = EDGE_CURVE('',#9365,#9365,#9367,.T.);
#9365 = VERTEX_POINT('',#9366);
#9366 = CARTESIAN_POINT('',(120.,-90.55,1.51));
#9367 = CIRCLE('',#9368,0.55);
#9368 = AXIS2_PLACEMENT_3D('',#9369,#9370,#9371);
#9369 = CARTESIAN_POINT('',(120.,-90.,1.51));
#9370 = DIRECTION('',(-0.,0.,-1.));
#9371 = DIRECTION('',(-0.,-1.,0.));
#9372 = FACE_BOUND('',#9373,.T.);
#9373 = EDGE_LOOP('',(#9374));
#9374 = ORIENTED_EDGE('',*,*,#9375,.T.);
#9375 = EDGE_CURVE('',#9376,#9376,#9378,.T.);
#9376 = VERTEX_POINT('',#9377);
#9377 = CARTESIAN_POINT('',(126.5,-90.55,1.51));
#9378 = CIRCLE('',#9379,0.55);
#9379 = AXIS2_PLACEMENT_3D('',#9380,#9381,#9382);
#9380 = CARTESIAN_POINT('',(126.5,-90.,1.51));
#9381 = DIRECTION('',(-0.,0.,-1.));
#9382 = DIRECTION('',(-0.,-1.,0.));
#9383 = FACE_BOUND('',#9384,.T.);
#9384 = EDGE_LOOP('',(#9385));
#9385 = ORIENTED_EDGE('',*,*,#9386,.F.);
#9386 = EDGE_CURVE('',#9387,#9387,#9389,.T.);
#9387 = VERTEX_POINT('',#9388);
#9388 = CARTESIAN_POINT('',(109.37,-78.56,1.51));
#9389 = CIRCLE('',#9390,1.3);
#9390 = AXIS2_PLACEMENT_3D('',#9391,#9392,#9393);
#9391 = CARTESIAN_POINT('',(108.07,-78.56,1.51));
#9392 = DIRECTION('',(0.,0.,1.));
#9393 = DIRECTION('',(1.,0.,-0.));
#9394 = FACE_BOUND('',#9395,.T.);
#9395 = EDGE_LOOP('',(#9396));
#9396 = ORIENTED_EDGE('',*,*,#9397,.T.);
#9397 = EDGE_CURVE('',#9398,#9398,#9400,.T.);
#9398 = VERTEX_POINT('',#9399);
#9399 = CARTESIAN_POINT('',(137.,-94.0775,1.51));
#9400 = CIRCLE('',#9401,0.45);
#9401 = AXIS2_PLACEMENT_3D('',#9402,#9403,#9404);
#9402 = CARTESIAN_POINT('',(137.,-93.6275,1.51));
#9403 = DIRECTION('',(-0.,0.,-1.));
#9404 = DIRECTION('',(-0.,-1.,0.));
#9405 = FACE_BOUND('',#9406,.T.);
#9406 = EDGE_LOOP('',(#9407));
#9407 = ORIENTED_EDGE('',*,*,#9408,.T.);
#9408 = EDGE_CURVE('',#9409,#9409,#9411,.T.);
#9409 = VERTEX_POINT('',#9410);
#9410 = CARTESIAN_POINT('',(137.,-91.5375,1.51));
#9411 = CIRCLE('',#9412,0.45);
#9412 = AXIS2_PLACEMENT_3D('',#9413,#9414,#9415);
#9413 = CARTESIAN_POINT('',(137.,-91.0875,1.51));
#9414 = DIRECTION('',(-0.,0.,-1.));
#9415 = DIRECTION('',(-0.,-1.,0.));
#9416 = FACE_BOUND('',#9417,.T.);
#9417 = EDGE_LOOP('',(#9418));
#9418 = ORIENTED_EDGE('',*,*,#9419,.T.);
#9419 = EDGE_CURVE('',#9420,#9420,#9422,.T.);
#9420 = VERTEX_POINT('',#9421);
#9421 = CARTESIAN_POINT('',(153.3,-86.875,1.51));
#9422 = CIRCLE('',#9423,0.375);
#9423 = AXIS2_PLACEMENT_3D('',#9424,#9425,#9426);
#9424 = CARTESIAN_POINT('',(153.3,-86.5,1.51));
#9425 = DIRECTION('',(-0.,0.,-1.));
#9426 = DIRECTION('',(-0.,-1.,0.));
#9427 = FACE_BOUND('',#9428,.T.);
#9428 = EDGE_LOOP('',(#9429));
#9429 = ORIENTED_EDGE('',*,*,#9430,.T.);
#9430 = EDGE_CURVE('',#9431,#9431,#9433,.T.);
#9431 = VERTEX_POINT('',#9432);
#9432 = CARTESIAN_POINT('',(153.3,-84.875,1.51));
#9433 = CIRCLE('',#9434,0.375);
#9434 = AXIS2_PLACEMENT_3D('',#9435,#9436,#9437);
#9435 = CARTESIAN_POINT('',(153.3,-84.5,1.51));
#9436 = DIRECTION('',(-0.,0.,-1.));
#9437 = DIRECTION('',(-0.,-1.,0.));
#9438 = FACE_BOUND('',#9439,.T.);
#9439 = EDGE_LOOP('',(#9440));
#9440 = ORIENTED_EDGE('',*,*,#9441,.T.);
#9441 = EDGE_CURVE('',#9442,#9442,#9444,.T.);
#9442 = VERTEX_POINT('',#9443);
#9443 = CARTESIAN_POINT('',(105.64,-73.795,1.51));
#9444 = CIRCLE('',#9445,0.425);
#9445 = AXIS2_PLACEMENT_3D('',#9446,#9447,#9448);
#9446 = CARTESIAN_POINT('',(105.64,-73.37,1.51));
#9447 = DIRECTION('',(-0.,0.,-1.));
#9448 = DIRECTION('',(-0.,-1.,0.));
#9449 = FACE_BOUND('',#9450,.T.);
#9450 = EDGE_LOOP('',(#9451));
#9451 = ORIENTED_EDGE('',*,*,#9452,.F.);
#9452 = EDGE_CURVE('',#9453,#9453,#9455,.T.);
#9453 = VERTEX_POINT('',#9454);
#9454 = CARTESIAN_POINT('',(104.52,-69.56,1.51));
#9455 = CIRCLE('',#9456,0.95);
#9456 = AXIS2_PLACEMENT_3D('',#9457,#9458,#9459);
#9457 = CARTESIAN_POINT('',(103.57,-69.56,1.51));
#9458 = DIRECTION('',(0.,0.,1.));
#9459 = DIRECTION('',(1.,0.,-0.));
#9460 = FACE_BOUND('',#9461,.T.);
#9461 = EDGE_LOOP('',(#9462));
#9462 = ORIENTED_EDGE('',*,*,#9463,.T.);
#9463 = EDGE_CURVE('',#9464,#9464,#9466,.T.);
#9464 = VERTEX_POINT('',#9465);
#9465 = CARTESIAN_POINT('',(105.64,-66.175,1.51));
#9466 = CIRCLE('',#9467,0.425);
#9467 = AXIS2_PLACEMENT_3D('',#9468,#9469,#9470);
#9468 = CARTESIAN_POINT('',(105.64,-65.75,1.51));
#9469 = DIRECTION('',(-0.,0.,-1.));
#9470 = DIRECTION('',(-0.,-1.,0.));
#9471 = FACE_BOUND('',#9472,.T.);
#9472 = EDGE_LOOP('',(#9473));
#9473 = ORIENTED_EDGE('',*,*,#9474,.F.);
#9474 = EDGE_CURVE('',#9475,#9475,#9477,.T.);
#9475 = VERTEX_POINT('',#9476);
#9476 = CARTESIAN_POINT('',(119.02,-59.56,1.51));
#9477 = CIRCLE('',#9478,1.95);
#9478 = AXIS2_PLACEMENT_3D('',#9479,#9480,#9481);
#9479 = CARTESIAN_POINT('',(117.07,-59.56,1.51));
#9480 = DIRECTION('',(0.,0.,1.));
#9481 = DIRECTION('',(1.,0.,-0.));
#9482 = FACE_BOUND('',#9483,.T.);
#9483 = EDGE_LOOP('',(#9484));
#9484 = ORIENTED_EDGE('',*,*,#9485,.T.);
#9485 = EDGE_CURVE('',#9486,#9486,#9488,.T.);
#9486 = VERTEX_POINT('',#9487);
#9487 = CARTESIAN_POINT('',(128.5,-73.795,1.51));
#9488 = CIRCLE('',#9489,0.425);
#9489 = AXIS2_PLACEMENT_3D('',#9490,#9491,#9492);
#9490 = CARTESIAN_POINT('',(128.5,-73.37,1.51));
#9491 = DIRECTION('',(-0.,0.,-1.));
#9492 = DIRECTION('',(-0.,-1.,0.));
#9493 = FACE_BOUND('',#9494,.T.);
#9494 = EDGE_LOOP('',(#9495));
#9495 = ORIENTED_EDGE('',*,*,#9496,.F.);
#9496 = EDGE_CURVE('',#9497,#9497,#9499,.T.);
#9497 = VERTEX_POINT('',#9498);
#9498 = CARTESIAN_POINT('',(131.52,-69.56,1.51));
#9499 = CIRCLE('',#9500,0.95);
#9500 = AXIS2_PLACEMENT_3D('',#9501,#9502,#9503);
#9501 = CARTESIAN_POINT('',(130.57,-69.56,1.51));
#9502 = DIRECTION('',(0.,0.,1.));
#9503 = DIRECTION('',(1.,0.,-0.));
#9504 = FACE_BOUND('',#9505,.T.);
#9505 = EDGE_LOOP('',(#9506));
#9506 = ORIENTED_EDGE('',*,*,#9507,.T.);
#9507 = EDGE_CURVE('',#9508,#9508,#9510,.T.);
#9508 = VERTEX_POINT('',#9509);
#9509 = CARTESIAN_POINT('',(128.5,-66.175,1.51));
#9510 = CIRCLE('',#9511,0.425);
#9511 = AXIS2_PLACEMENT_3D('',#9512,#9513,#9514);
#9512 = CARTESIAN_POINT('',(128.5,-65.75,1.51));
#9513 = DIRECTION('',(-0.,0.,-1.));
#9514 = DIRECTION('',(-0.,-1.,0.));
#9515 = PLANE('',#9516);
#9516 = AXIS2_PLACEMENT_3D('',#9517,#9518,#9519);
#9517 = CARTESIAN_POINT('',(0.,0.,1.51));
#9518 = DIRECTION('',(0.,0.,1.));
#9519 = DIRECTION('',(1.,0.,-0.));
#9520 = ADVANCED_FACE('',(#9521),#9532,.T.);
#9521 = FACE_BOUND('',#9522,.T.);
#9522 = EDGE_LOOP('',(#9523,#9529,#9530,#9531));
#9523 = ORIENTED_EDGE('',*,*,#9524,.T.);
#9524 = EDGE_CURVE('',#9071,#9299,#9525,.T.);
#9525 = LINE('',#9526,#9527);
#9526 = CARTESIAN_POINT('',(99.5,-52.,0.));
#9527 = VECTOR('',#9528,1.);
#9528 = DIRECTION('',(0.,0.,1.));
#9529 = ORIENTED_EDGE('',*,*,#9298,.T.);
#9530 = ORIENTED_EDGE('',*,*,#9006,.F.);
#9531 = ORIENTED_EDGE('',*,*,#9070,.F.);
#9532 = CYLINDRICAL_SURFACE('',#9533,4.999999678834);
#9533 = AXIS2_PLACEMENT_3D('',#9534,#9535,#9536);
#9534 = CARTESIAN_POINT('',(104.49999967883,-51.99999967883,0.));
#9535 = DIRECTION('',(0.,0.,-1.));
#9536 = DIRECTION('',(-1.,-6.423314275614E-08,-0.));
#9537 = ADVANCED_FACE('',(#9538),#9549,.T.);
#9538 = FACE_BOUND('',#9539,.T.);
#9539 = EDGE_LOOP('',(#9540,#9541,#9542,#9548));
#9540 = ORIENTED_EDGE('',*,*,#9046,.T.);
#9541 = ORIENTED_EDGE('',*,*,#9332,.T.);
#9542 = ORIENTED_EDGE('',*,*,#9543,.F.);
#9543 = EDGE_CURVE('',#9097,#9325,#9544,.T.);
#9544 = LINE('',#9545,#9546);
#9545 = CARTESIAN_POINT('',(157.25,-99.25,0.));
#9546 = VECTOR('',#9547,1.);
#9547 = DIRECTION('',(0.,0.,1.));
#9548 = ORIENTED_EDGE('',*,*,#9104,.F.);
#9549 = CYLINDRICAL_SURFACE('',#9550,4.999999678834);
#9550 = AXIS2_PLACEMENT_3D('',#9551,#9552,#9553);
#9551 = CARTESIAN_POINT('',(157.25000032116,-94.25000032116,0.));
#9552 = DIRECTION('',(0.,0.,-1.));
#9553 = DIRECTION('',(1.,6.42331470194E-08,0.));
#9554 = ADVANCED_FACE('',(#9555),#9566,.T.);
#9555 = FACE_BOUND('',#9556,.T.);
#9556 = EDGE_LOOP('',(#9557,#9563,#9564,#9565));
#9557 = ORIENTED_EDGE('',*,*,#9558,.T.);
#9558 = EDGE_CURVE('',#9080,#9308,#9559,.T.);
#9559 = LINE('',#9560,#9561);
#9560 = CARTESIAN_POINT('',(99.5,-94.25,0.));
#9561 = VECTOR('',#9562,1.);
#9562 = DIRECTION('',(0.,0.,1.));
#9563 = ORIENTED_EDGE('',*,*,#9307,.T.);
#9564 = ORIENTED_EDGE('',*,*,#9524,.F.);
#9565 = ORIENTED_EDGE('',*,*,#9079,.F.);
#9566 = PLANE('',#9567);
#9567 = AXIS2_PLACEMENT_3D('',#9568,#9569,#9570);
#9568 = CARTESIAN_POINT('',(99.5,-94.25,0.));
#9569 = DIRECTION('',(-1.,0.,0.));
#9570 = DIRECTION('',(0.,1.,0.));
#9571 = ADVANCED_FACE('',(#9572),#9583,.T.);
#9572 = FACE_BOUND('',#9573,.T.);
#9573 = EDGE_LOOP('',(#9574,#9575,#9576,#9582));
#9574 = ORIENTED_EDGE('',*,*,#9543,.T.);
#9575 = ORIENTED_EDGE('',*,*,#9324,.T.);
#9576 = ORIENTED_EDGE('',*,*,#9577,.F.);
#9577 = EDGE_CURVE('',#9088,#9316,#9578,.T.);
#9578 = LINE('',#9579,#9580);
#9579 = CARTESIAN_POINT('',(104.5,-99.25,0.));
#9580 = VECTOR('',#9581,1.);
#9581 = DIRECTION('',(0.,0.,1.));
#9582 = ORIENTED_EDGE('',*,*,#9096,.F.);
#9583 = PLANE('',#9584);
#9584 = AXIS2_PLACEMENT_3D('',#9585,#9586,#9587);
#9585 = CARTESIAN_POINT('',(157.25,-99.25,0.));
#9586 = DIRECTION('',(0.,-1.,0.));
#9587 = DIRECTION('',(-1.,0.,0.));
#9588 = ADVANCED_FACE('',(#9589),#9595,.T.);
#9589 = FACE_BOUND('',#9590,.T.);
#9590 = EDGE_LOOP('',(#9591,#9592,#9593,#9594));
#9591 = ORIENTED_EDGE('',*,*,#9577,.T.);
#9592 = ORIENTED_EDGE('',*,*,#9315,.T.);
#9593 = ORIENTED_EDGE('',*,*,#9558,.F.);
#9594 = ORIENTED_EDGE('',*,*,#9087,.F.);
#9595 = CYLINDRICAL_SURFACE('',#9596,4.999999678834);
#9596 = AXIS2_PLACEMENT_3D('',#9597,#9598,#9599);
#9597 = CARTESIAN_POINT('',(104.49999967883,-94.25000032116,0.));
#9598 = DIRECTION('',(0.,0.,-1.));
#9599 = DIRECTION('',(6.423314133505E-08,-1.,0.));
#9600 = ADVANCED_FACE('',(#9601),#9612,.F.);
#9601 = FACE_BOUND('',#9602,.T.);
#9602 = EDGE_LOOP('',(#9603,#9604,#9610,#9611));
#9603 = ORIENTED_EDGE('',*,*,#9114,.T.);
#9604 = ORIENTED_EDGE('',*,*,#9605,.T.);
#9605 = EDGE_CURVE('',#9115,#9343,#9606,.T.);
#9606 = LINE('',#9607,#9608);
#9607 = CARTESIAN_POINT('',(120.,-95.05,-4.6E-02));
#9608 = VECTOR('',#9609,1.);
#9609 = DIRECTION('',(0.,0.,1.));
#9610 = ORIENTED_EDGE('',*,*,#9342,.F.);
#9611 = ORIENTED_EDGE('',*,*,#9605,.F.);
#9612 = CYLINDRICAL_SURFACE('',#9613,0.55);
#9613 = AXIS2_PLACEMENT_3D('',#9614,#9615,#9616);
#9614 = CARTESIAN_POINT('',(120.,-94.5,-4.6E-02));
#9615 = DIRECTION('',(-0.,-0.,-1.));
#9616 = DIRECTION('',(-0.,-1.,0.));
#9617 = ADVANCED_FACE('',(#9618),#9629,.F.);
#9618 = FACE_BOUND('',#9619,.T.);
#9619 = EDGE_LOOP('',(#9620,#9621,#9627,#9628));
#9620 = ORIENTED_EDGE('',*,*,#9125,.T.);
#9621 = ORIENTED_EDGE('',*,*,#9622,.T.);
#9622 = EDGE_CURVE('',#9126,#9354,#9623,.T.);
#9623 = LINE('',#9624,#9625);
#9624 = CARTESIAN_POINT('',(126.5,-95.05,-4.6E-02));
#9625 = VECTOR('',#9626,1.);
#9626 = DIRECTION('',(0.,0.,1.));
#9627 = ORIENTED_EDGE('',*,*,#9353,.F.);
#9628 = ORIENTED_EDGE('',*,*,#9622,.F.);
#9629 = CYLINDRICAL_SURFACE('',#9630,0.55);
#9630 = AXIS2_PLACEMENT_3D('',#9631,#9632,#9633);
#9631 = CARTESIAN_POINT('',(126.5,-94.5,-4.6E-02));
#9632 = DIRECTION('',(-0.,-0.,-1.));
#9633 = DIRECTION('',(-0.,-1.,0.));
#9634 = ADVANCED_FACE('',(#9635),#9646,.F.);
#9635 = FACE_BOUND('',#9636,.T.);
#9636 = EDGE_LOOP('',(#9637,#9638,#9644,#9645));
#9637 = ORIENTED_EDGE('',*,*,#9136,.T.);
#9638 = ORIENTED_EDGE('',*,*,#9639,.T.);
#9639 = EDGE_CURVE('',#9137,#9365,#9640,.T.);
#9640 = LINE('',#9641,#9642);
#9641 = CARTESIAN_POINT('',(120.,-90.55,-4.6E-02));
#9642 = VECTOR('',#9643,1.);
#9643 = DIRECTION('',(0.,0.,1.));
#9644 = ORIENTED_EDGE('',*,*,#9364,.F.);
#9645 = ORIENTED_EDGE('',*,*,#9639,.F.);
#9646 = CYLINDRICAL_SURFACE('',#9647,0.55);
#9647 = AXIS2_PLACEMENT_3D('',#9648,#9649,#9650);
#9648 = CARTESIAN_POINT('',(120.,-90.,-4.6E-02));
#9649 = DIRECTION('',(-0.,-0.,-1.));
#9650 = DIRECTION('',(-0.,-1.,0.));
#9651 = ADVANCED_FACE('',(#9652),#9663,.F.);
#9652 = FACE_BOUND('',#9653,.T.);
#9653 = EDGE_LOOP('',(#9654,#9655,#9661,#9662));
#9654 = ORIENTED_EDGE('',*,*,#9147,.T.);
#9655 = ORIENTED_EDGE('',*,*,#9656,.T.);
#9656 = EDGE_CURVE('',#9148,#9376,#9657,.T.);
#9657 = LINE('',#9658,#9659);
#9658 = CARTESIAN_POINT('',(126.5,-90.55,-4.6E-02));
#9659 = VECTOR('',#9660,1.);
#9660 = DIRECTION('',(0.,0.,1.));
#9661 = ORIENTED_EDGE('',*,*,#9375,.F.);
#9662 = ORIENTED_EDGE('',*,*,#9656,.F.);
#9663 = CYLINDRICAL_SURFACE('',#9664,0.55);
#9664 = AXIS2_PLACEMENT_3D('',#9665,#9666,#9667);
#9665 = CARTESIAN_POINT('',(126.5,-90.,-4.6E-02));
#9666 = DIRECTION('',(-0.,-0.,-1.));
#9667 = DIRECTION('',(-0.,-1.,0.));
#9668 = ADVANCED_FACE('',(#9669),#9680,.F.);
#9669 = FACE_BOUND('',#9670,.T.);
#9670 = EDGE_LOOP('',(#9671,#9677,#9678,#9679));
#9671 = ORIENTED_EDGE('',*,*,#9672,.T.);
#9672 = EDGE_CURVE('',#9159,#9387,#9673,.T.);
#9673 = LINE('',#9674,#9675);
#9674 = CARTESIAN_POINT('',(109.37,-78.56,0.));
#9675 = VECTOR('',#9676,1.);
#9676 = DIRECTION('',(0.,0.,1.));
#9677 = ORIENTED_EDGE('',*,*,#9386,.T.);
#9678 = ORIENTED_EDGE('',*,*,#9672,.F.);
#9679 = ORIENTED_EDGE('',*,*,#9158,.F.);
#9680 = CYLINDRICAL_SURFACE('',#9681,1.3);
#9681 = AXIS2_PLACEMENT_3D('',#9682,#9683,#9684);
#9682 = CARTESIAN_POINT('',(108.07,-78.56,0.));
#9683 = DIRECTION('',(-0.,-0.,-1.));
#9684 = DIRECTION('',(1.,0.,-0.));
#9685 = ADVANCED_FACE('',(#9686),#9697,.F.);
#9686 = FACE_BOUND('',#9687,.T.);
#9687 = EDGE_LOOP('',(#9688,#9689,#9695,#9696));
#9688 = ORIENTED_EDGE('',*,*,#9169,.T.);
#9689 = ORIENTED_EDGE('',*,*,#9690,.T.);
#9690 = EDGE_CURVE('',#9170,#9398,#9691,.T.);
#9691 = LINE('',#9692,#9693);
#9692 = CARTESIAN_POINT('',(137.,-94.0775,-4.6E-02));
#9693 = VECTOR('',#9694,1.);
#9694 = DIRECTION('',(0.,0.,1.));
#9695 = ORIENTED_EDGE('',*,*,#9397,.F.);
#9696 = ORIENTED_EDGE('',*,*,#9690,.F.);
#9697 = CYLINDRICAL_SURFACE('',#9698,0.45);
#9698 = AXIS2_PLACEMENT_3D('',#9699,#9700,#9701);
#9699 = CARTESIAN_POINT('',(137.,-93.6275,-4.6E-02));
#9700 = DIRECTION('',(-0.,-0.,-1.));
#9701 = DIRECTION('',(-0.,-1.,0.));
#9702 = ADVANCED_FACE('',(#9703),#9714,.F.);
#9703 = FACE_BOUND('',#9704,.T.);
#9704 = EDGE_LOOP('',(#9705,#9706,#9712,#9713));
#9705 = ORIENTED_EDGE('',*,*,#9180,.T.);
#9706 = ORIENTED_EDGE('',*,*,#9707,.T.);
#9707 = EDGE_CURVE('',#9181,#9409,#9708,.T.);
#9708 = LINE('',#9709,#9710);
#9709 = CARTESIAN_POINT('',(137.,-91.5375,-4.6E-02));
#9710 = VECTOR('',#9711,1.);
#9711 = DIRECTION('',(0.,0.,1.));
#9712 = ORIENTED_EDGE('',*,*,#9408,.F.);
#9713 = ORIENTED_EDGE('',*,*,#9707,.F.);
#9714 = CYLINDRICAL_SURFACE('',#9715,0.45);
#9715 = AXIS2_PLACEMENT_3D('',#9716,#9717,#9718);
#9716 = CARTESIAN_POINT('',(137.,-91.0875,-4.6E-02));
#9717 = DIRECTION('',(-0.,-0.,-1.));
#9718 = DIRECTION('',(-0.,-1.,0.));
#9719 = ADVANCED_FACE('',(#9720),#9731,.F.);
#9720 = FACE_BOUND('',#9721,.T.);
#9721 = EDGE_LOOP('',(#9722,#9723,#9729,#9730));
#9722 = ORIENTED_EDGE('',*,*,#9191,.T.);
#9723 = ORIENTED_EDGE('',*,*,#9724,.T.);
#9724 = EDGE_CURVE('',#9192,#9420,#9725,.T.);
#9725 = LINE('',#9726,#9727);
#9726 = CARTESIAN_POINT('',(153.3,-86.875,-4.6E-02));
#9727 = VECTOR('',#9728,1.);
#9728 = DIRECTION('',(0.,0.,1.));
#9729 = ORIENTED_EDGE('',*,*,#9419,.F.);
#9730 = ORIENTED_EDGE('',*,*,#9724,.F.);
#9731 = CYLINDRICAL_SURFACE('',#9732,0.375);
#9732 = AXIS2_PLACEMENT_3D('',#9733,#9734,#9735);
#9733 = CARTESIAN_POINT('',(153.3,-86.5,-4.6E-02));
#9734 = DIRECTION('',(-0.,-0.,-1.));
#9735 = DIRECTION('',(-0.,-1.,0.));
#9736 = ADVANCED_FACE('',(#9737),#9748,.F.);
#9737 = FACE_BOUND('',#9738,.T.);
#9738 = EDGE_LOOP('',(#9739,#9740,#9746,#9747));
#9739 = ORIENTED_EDGE('',*,*,#9202,.T.);
#9740 = ORIENTED_EDGE('',*,*,#9741,.T.);
#9741 = EDGE_CURVE('',#9203,#9431,#9742,.T.);
#9742 = LINE('',#9743,#9744);
#9743 = CARTESIAN_POINT('',(153.3,-84.875,-4.6E-02));
#9744 = VECTOR('',#9745,1.);
#9745 = DIRECTION('',(0.,0.,1.));
#9746 = ORIENTED_EDGE('',*,*,#9430,.F.);
#9747 = ORIENTED_EDGE('',*,*,#9741,.F.);
#9748 = CYLINDRICAL_SURFACE('',#9749,0.375);
#9749 = AXIS2_PLACEMENT_3D('',#9750,#9751,#9752);
#9750 = CARTESIAN_POINT('',(153.3,-84.5,-4.6E-02));
#9751 = DIRECTION('',(-0.,-0.,-1.));
#9752 = DIRECTION('',(-0.,-1.,0.));
#9753 = ADVANCED_FACE('',(#9754),#9765,.F.);
#9754 = FACE_BOUND('',#9755,.T.);
#9755 = EDGE_LOOP('',(#9756,#9757,#9763,#9764));
#9756 = ORIENTED_EDGE('',*,*,#9213,.T.);
#9757 = ORIENTED_EDGE('',*,*,#9758,.T.);
#9758 = EDGE_CURVE('',#9214,#9442,#9759,.T.);
#9759 = LINE('',#9760,#9761);
#9760 = CARTESIAN_POINT('',(105.64,-73.795,-4.6E-02));
#9761 = VECTOR('',#9762,1.);
#9762 = DIRECTION('',(0.,0.,1.));
#9763 = ORIENTED_EDGE('',*,*,#9441,.F.);
#9764 = ORIENTED_EDGE('',*,*,#9758,.F.);
#9765 = CYLINDRICAL_SURFACE('',#9766,0.425);
#9766 = AXIS2_PLACEMENT_3D('',#9767,#9768,#9769);
#9767 = CARTESIAN_POINT('',(105.64,-73.37,-4.6E-02));
#9768 = DIRECTION('',(-0.,-0.,-1.));
#9769 = DIRECTION('',(-0.,-1.,0.));
#9770 = ADVANCED_FACE('',(#9771),#9782,.F.);
#9771 = FACE_BOUND('',#9772,.T.);
#9772 = EDGE_LOOP('',(#9773,#9779,#9780,#9781));
#9773 = ORIENTED_EDGE('',*,*,#9774,.T.);
#9774 = EDGE_CURVE('',#9225,#9453,#9775,.T.);
#9775 = LINE('',#9776,#9777);
#9776 = CARTESIAN_POINT('',(104.52,-69.56,0.));
#9777 = VECTOR('',#9778,1.);
#9778 = DIRECTION('',(0.,0.,1.));
#9779 = ORIENTED_EDGE('',*,*,#9452,.T.);
#9780 = ORIENTED_EDGE('',*,*,#9774,.F.);
#9781 = ORIENTED_EDGE('',*,*,#9224,.F.);
#9782 = CYLINDRICAL_SURFACE('',#9783,0.95);
#9783 = AXIS2_PLACEMENT_3D('',#9784,#9785,#9786);
#9784 = CARTESIAN_POINT('',(103.57,-69.56,0.));
#9785 = DIRECTION('',(-0.,-0.,-1.));
#9786 = DIRECTION('',(1.,0.,-0.));
#9787 = ADVANCED_FACE('',(#9788),#9799,.F.);
#9788 = FACE_BOUND('',#9789,.T.);
#9789 = EDGE_LOOP('',(#9790,#9791,#9797,#9798));
#9790 = ORIENTED_EDGE('',*,*,#9235,.T.);
#9791 = ORIENTED_EDGE('',*,*,#9792,.T.);
#9792 = EDGE_CURVE('',#9236,#9464,#9793,.T.);
#9793 = LINE('',#9794,#9795);
#9794 = CARTESIAN_POINT('',(105.64,-66.175,-4.6E-02));
#9795 = VECTOR('',#9796,1.);
#9796 = DIRECTION('',(0.,0.,1.));
#9797 = ORIENTED_EDGE('',*,*,#9463,.F.);
#9798 = ORIENTED_EDGE('',*,*,#9792,.F.);
#9799 = CYLINDRICAL_SURFACE('',#9800,0.425);
#9800 = AXIS2_PLACEMENT_3D('',#9801,#9802,#9803);
#9801 = CARTESIAN_POINT('',(105.64,-65.75,-4.6E-02));
#9802 = DIRECTION('',(-0.,-0.,-1.));
#9803 = DIRECTION('',(-0.,-1.,0.));
#9804 = ADVANCED_FACE('',(#9805),#9816,.F.);
#9805 = FACE_BOUND('',#9806,.T.);
#9806 = EDGE_LOOP('',(#9807,#9813,#9814,#9815));
#9807 = ORIENTED_EDGE('',*,*,#9808,.T.);
#9808 = EDGE_CURVE('',#9247,#9475,#9809,.T.);
#9809 = LINE('',#9810,#9811);
#9810 = CARTESIAN_POINT('',(119.02,-59.56,0.));
#9811 = VECTOR('',#9812,1.);
#9812 = DIRECTION('',(0.,0.,1.));
#9813 = ORIENTED_EDGE('',*,*,#9474,.T.);
#9814 = ORIENTED_EDGE('',*,*,#9808,.F.);
#9815 = ORIENTED_EDGE('',*,*,#9246,.F.);
#9816 = CYLINDRICAL_SURFACE('',#9817,1.95);
#9817 = AXIS2_PLACEMENT_3D('',#9818,#9819,#9820);
#9818 = CARTESIAN_POINT('',(117.07,-59.56,0.));
#9819 = DIRECTION('',(-0.,-0.,-1.));
#9820 = DIRECTION('',(1.,0.,-0.));
#9821 = ADVANCED_FACE('',(#9822),#9833,.F.);
#9822 = FACE_BOUND('',#9823,.T.);
#9823 = EDGE_LOOP('',(#9824,#9825,#9831,#9832));
#9824 = ORIENTED_EDGE('',*,*,#9257,.T.);
#9825 = ORIENTED_EDGE('',*,*,#9826,.T.);
#9826 = EDGE_CURVE('',#9258,#9486,#9827,.T.);
#9827 = LINE('',#9828,#9829);
#9828 = CARTESIAN_POINT('',(128.5,-73.795,-4.6E-02));
#9829 = VECTOR('',#9830,1.);
#9830 = DIRECTION('',(0.,0.,1.));
#9831 = ORIENTED_EDGE('',*,*,#9485,.F.);
#9832 = ORIENTED_EDGE('',*,*,#9826,.F.);
#9833 = CYLINDRICAL_SURFACE('',#9834,0.425);
#9834 = AXIS2_PLACEMENT_3D('',#9835,#9836,#9837);
#9835 = CARTESIAN_POINT('',(128.5,-73.37,-4.6E-02));
#9836 = DIRECTION('',(-0.,-0.,-1.));
#9837 = DIRECTION('',(-0.,-1.,0.));
#9838 = ADVANCED_FACE('',(#9839),#9850,.F.);
#9839 = FACE_BOUND('',#9840,.T.);
#9840 = EDGE_LOOP('',(#9841,#9847,#9848,#9849));
#9841 = ORIENTED_EDGE('',*,*,#9842,.T.);
#9842 = EDGE_CURVE('',#9269,#9497,#9843,.T.);
#9843 = LINE('',#9844,#9845);
#9844 = CARTESIAN_POINT('',(131.52,-69.56,0.));
#9845 = VECTOR('',#9846,1.);
#9846 = DIRECTION('',(0.,0.,1.));
#9847 = ORIENTED_EDGE('',*,*,#9496,.T.);
#9848 = ORIENTED_EDGE('',*,*,#9842,.F.);
#9849 = ORIENTED_EDGE('',*,*,#9268,.F.);
#9850 = CYLINDRICAL_SURFACE('',#9851,0.95);
#9851 = AXIS2_PLACEMENT_3D('',#9852,#9853,#9854);
#9852 = CARTESIAN_POINT('',(130.57,-69.56,0.));
#9853 = DIRECTION('',(-0.,-0.,-1.));
#9854 = DIRECTION('',(1.,0.,-0.));
#9855 = ADVANCED_FACE('',(#9856),#9867,.F.);
#9856 = FACE_BOUND('',#9857,.T.);
#9857 = EDGE_LOOP('',(#9858,#9859,#9865,#9866));
#9858 = ORIENTED_EDGE('',*,*,#9279,.T.);
#9859 = ORIENTED_EDGE('',*,*,#9860,.T.);
#9860 = EDGE_CURVE('',#9280,#9508,#9861,.T.);
#9861 = LINE('',#9862,#9863);
#9862 = CARTESIAN_POINT('',(128.5,-66.175,-4.6E-02));
#9863 = VECTOR('',#9864,1.);
#9864 = DIRECTION('',(0.,0.,1.));
#9865 = ORIENTED_EDGE('',*,*,#9507,.F.);
#9866 = ORIENTED_EDGE('',*,*,#9860,.F.);
#9867 = CYLINDRICAL_SURFACE('',#9868,0.425);
#9868 = AXIS2_PLACEMENT_3D('',#9869,#9870,#9871);
#9869 = CARTESIAN_POINT('',(128.5,-65.75,-4.6E-02));
#9870 = DIRECTION('',(-0.,-0.,-1.));
#9871 = DIRECTION('',(-0.,-1.,0.));
#9872 = ( GEOMETRIC_REPRESENTATION_CONTEXT(3) 
GLOBAL_UNCERTAINTY_ASSIGNED_CONTEXT((#9876)) 
GLOBAL_UNIT_ASSIGNED_CONTEXT((#9873,#9874,#9875)) REPRESENTATION_CONTEXT
('Context #1','3D Context with UNIT and UNCERTAINTY') );
#9873 = ( LENGTH_UNIT() NAMED_UNIT(*) SI_UNIT(.MILLI.,.METRE.) );
#9874 = ( NAMED_UNIT(*) PLANE_ANGLE_UNIT() SI_UNIT($,.RADIAN.) );
#9875 = ( NAMED_UNIT(*) SI_UNIT($,.STERADIAN.) SOLID_ANGLE_UNIT() );
#9876 = UNCERTAINTY_MEASURE_WITH_UNIT(LENGTH_MEASURE(1.E-07),#9873,
  'distance_accuracy_value','confusion accuracy');
#9877 = CONTEXT_DEPENDENT_SHAPE_REPRESENTATION(#9878,#9880);
#9878 = ( REPRESENTATION_RELATIONSHIP('','',#8957,#10) 
REPRESENTATION_RELATIONSHIP_WITH_TRANSFORMATION(#9879) 
SHAPE_REPRESENTATION_RELATIONSHIP() );
#9879 = ITEM_DEFINED_TRANSFORMATION('','',#11,#43);
#9880 = PRODUCT_DEFINITION_SHAPE('Placement','Placement of an item',
  #9881);
#9881 = NEXT_ASSEMBLY_USAGE_OCCURRENCE('8','=>[0:1:1:7]','',#5,#8952,$);
#9882 = PRODUCT_RELATED_PRODUCT_CATEGORY('part',$,(#8954));
#9883 = MECHANICAL_DESIGN_GEOMETRIC_PRESENTATION_REPRESENTATION('',(
    #9884,#9892,#9899,#9906,#9913,#9920,#9927,#9934,#9942,#9949,#9956,
    #9963,#9970,#9977,#9985,#9992,#9999,#10006,#10013,#10020,#10027,
    #10034,#10041,#10048,#10055,#10062),#1724);
#9884 = STYLED_ITEM('color',(#9885),#936);
#9885 = PRESENTATION_STYLE_ASSIGNMENT((#9886));
#9886 = SURFACE_STYLE_USAGE(.BOTH.,#9887);
#9887 = SURFACE_SIDE_STYLE('',(#9888));
#9888 = SURFACE_STYLE_FILL_AREA(#9889);
#9889 = FILL_AREA_STYLE('',(#9890));
#9890 = FILL_AREA_STYLE_COLOUR('',#9891);
#9891 = COLOUR_RGB('',0.823999987314,0.819999987296,0.781000009244);
#9892 = STYLED_ITEM('color',(#9893),#976);
#9893 = PRESENTATION_STYLE_ASSIGNMENT((#9894));
#9894 = SURFACE_STYLE_USAGE(.BOTH.,#9895);
#9895 = SURFACE_SIDE_STYLE('',(#9896));
#9896 = SURFACE_STYLE_FILL_AREA(#9897);
#9897 = FILL_AREA_STYLE('',(#9898));
#9898 = FILL_AREA_STYLE_COLOUR('',#9891);
#9899 = STYLED_ITEM('color',(#9900),#1059);
#9900 = PRESENTATION_STYLE_ASSIGNMENT((#9901));
#9901 = SURFACE_STYLE_USAGE(.BOTH.,#9902);
#9902 = SURFACE_SIDE_STYLE('',(#9903));
#9903 = SURFACE_STYLE_FILL_AREA(#9904);
#9904 = FILL_AREA_STYLE('',(#9905));
#9905 = FILL_AREA_STYLE_COLOUR('',#9891);
#9906 = STYLED_ITEM('color',(#9907),#1084);
#9907 = PRESENTATION_STYLE_ASSIGNMENT((#9908));
#9908 = SURFACE_STYLE_USAGE(.BOTH.,#9909);
#9909 = SURFACE_SIDE_STYLE('',(#9910));
#9910 = SURFACE_STYLE_FILL_AREA(#9911);
#9911 = FILL_AREA_STYLE('',(#9912));
#9912 = FILL_AREA_STYLE_COLOUR('',#9891);
#9913 = STYLED_ITEM('color',(#9914),#1109);
#9914 = PRESENTATION_STYLE_ASSIGNMENT((#9915));
#9915 = SURFACE_STYLE_USAGE(.BOTH.,#9916);
#9916 = SURFACE_SIDE_STYLE('',(#9917));
#9917 = SURFACE_STYLE_FILL_AREA(#9918);
#9918 = FILL_AREA_STYLE('',(#9919));
#9919 = FILL_AREA_STYLE_COLOUR('',#9891);
#9920 = STYLED_ITEM('color',(#9921),#1176);
#9921 = PRESENTATION_STYLE_ASSIGNMENT((#9922));
#9922 = SURFACE_STYLE_USAGE(.BOTH.,#9923);
#9923 = SURFACE_SIDE_STYLE('',(#9924));
#9924 = SURFACE_STYLE_FILL_AREA(#9925);
#9925 = FILL_AREA_STYLE('',(#9926));
#9926 = FILL_AREA_STYLE_COLOUR('',#9891);
#9927 = STYLED_ITEM('color',(#9928),#1193);
#9928 = PRESENTATION_STYLE_ASSIGNMENT((#9929));
#9929 = SURFACE_STYLE_USAGE(.BOTH.,#9930);
#9930 = SURFACE_SIDE_STYLE('',(#9931));
#9931 = SURFACE_STYLE_FILL_AREA(#9932);
#9932 = FILL_AREA_STYLE('',(#9933));
#9933 = FILL_AREA_STYLE_COLOUR('',#9891);
#9934 = STYLED_ITEM('color',(#9935),#1210);
#9935 = PRESENTATION_STYLE_ASSIGNMENT((#9936));
#9936 = SURFACE_STYLE_USAGE(.BOTH.,#9937);
#9937 = SURFACE_SIDE_STYLE('',(#9938));
#9938 = SURFACE_STYLE_FILL_AREA(#9939);
#9939 = FILL_AREA_STYLE('',(#9940));
#9940 = FILL_AREA_STYLE_COLOUR('',#9941);
#9941 = COLOUR_RGB('',0.894999966383,0.890999961016,0.813000030345);
#9942 = STYLED_ITEM('color',(#9943),#1259);
#9943 = PRESENTATION_STYLE_ASSIGNMENT((#9944));
#9944 = SURFACE_STYLE_USAGE(.BOTH.,#9945);
#9945 = SURFACE_SIDE_STYLE('',(#9946));
#9946 = SURFACE_STYLE_FILL_AREA(#9947);
#9947 = FILL_AREA_STYLE('',(#9948));
#9948 = FILL_AREA_STYLE_COLOUR('',#9891);
#9949 = STYLED_ITEM('color',(#9950),#1276);
#9950 = PRESENTATION_STYLE_ASSIGNMENT((#9951));
#9951 = SURFACE_STYLE_USAGE(.BOTH.,#9952);
#9952 = SURFACE_SIDE_STYLE('',(#9953));
#9953 = SURFACE_STYLE_FILL_AREA(#9954);
#9954 = FILL_AREA_STYLE('',(#9955));
#9955 = FILL_AREA_STYLE_COLOUR('',#9891);
#9956 = STYLED_ITEM('color',(#9957),#1293);
#9957 = PRESENTATION_STYLE_ASSIGNMENT((#9958));
#9958 = SURFACE_STYLE_USAGE(.BOTH.,#9959);
#9959 = SURFACE_SIDE_STYLE('',(#9960));
#9960 = SURFACE_STYLE_FILL_AREA(#9961);
#9961 = FILL_AREA_STYLE('',(#9962));
#9962 = FILL_AREA_STYLE_COLOUR('',#9941);
#9963 = STYLED_ITEM('color',(#9964),#1342);
#9964 = PRESENTATION_STYLE_ASSIGNMENT((#9965));
#9965 = SURFACE_STYLE_USAGE(.BOTH.,#9966);
#9966 = SURFACE_SIDE_STYLE('',(#9967));
#9967 = SURFACE_STYLE_FILL_AREA(#9968);
#9968 = FILL_AREA_STYLE('',(#9969));
#9969 = FILL_AREA_STYLE_COLOUR('',#9941);
#9970 = STYLED_ITEM('color',(#9971),#1359);
#9971 = PRESENTATION_STYLE_ASSIGNMENT((#9972));
#9972 = SURFACE_STYLE_USAGE(.BOTH.,#9973);
#9973 = SURFACE_SIDE_STYLE('',(#9974));
#9974 = SURFACE_STYLE_FILL_AREA(#9975);
#9975 = FILL_AREA_STYLE('',(#9976));
#9976 = FILL_AREA_STYLE_COLOUR('',#9891);
#9977 = STYLED_ITEM('color',(#9978),#1428);
#9978 = PRESENTATION_STYLE_ASSIGNMENT((#9979));
#9979 = SURFACE_STYLE_USAGE(.BOTH.,#9980);
#9980 = SURFACE_SIDE_STYLE('',(#9981));
#9981 = SURFACE_STYLE_FILL_AREA(#9982);
#9982 = FILL_AREA_STYLE('',(#9983));
#9983 = FILL_AREA_STYLE_COLOUR('',#9984);
#9984 = COLOUR_RGB('',8.200000279077E-02,8.600000121357E-02,
  9.399999706163E-02);
#9985 = STYLED_ITEM('color',(#9986),#1459);
#9986 = PRESENTATION_STYLE_ASSIGNMENT((#9987));
#9987 = SURFACE_STYLE_USAGE(.BOTH.,#9988);
#9988 = SURFACE_SIDE_STYLE('',(#9989));
#9989 = SURFACE_STYLE_FILL_AREA(#9990);
#9990 = FILL_AREA_STYLE('',(#9991));
#9991 = FILL_AREA_STYLE_COLOUR('',#9984);
#9992 = STYLED_ITEM('color',(#9993),#1483);
#9993 = PRESENTATION_STYLE_ASSIGNMENT((#9994));
#9994 = SURFACE_STYLE_USAGE(.BOTH.,#9995);
#9995 = SURFACE_SIDE_STYLE('',(#9996));
#9996 = SURFACE_STYLE_FILL_AREA(#9997);
#9997 = FILL_AREA_STYLE('',(#9998));
#9998 = FILL_AREA_STYLE_COLOUR('',#9891);
#9999 = STYLED_ITEM('color',(#10000),#1552);
#10000 = PRESENTATION_STYLE_ASSIGNMENT((#10001));
#10001 = SURFACE_STYLE_USAGE(.BOTH.,#10002);
#10002 = SURFACE_SIDE_STYLE('',(#10003));
#10003 = SURFACE_STYLE_FILL_AREA(#10004);
#10004 = FILL_AREA_STYLE('',(#10005));
#10005 = FILL_AREA_STYLE_COLOUR('',#9984);
#10006 = STYLED_ITEM('color',(#10007),#1576);
#10007 = PRESENTATION_STYLE_ASSIGNMENT((#10008));
#10008 = SURFACE_STYLE_USAGE(.BOTH.,#10009);
#10009 = SURFACE_SIDE_STYLE('',(#10010));
#10010 = SURFACE_STYLE_FILL_AREA(#10011);
#10011 = FILL_AREA_STYLE('',(#10012));
#10012 = FILL_AREA_STYLE_COLOUR('',#9891);
#10013 = STYLED_ITEM('color',(#10014),#1593);
#10014 = PRESENTATION_STYLE_ASSIGNMENT((#10015));
#10015 = SURFACE_STYLE_USAGE(.BOTH.,#10016);
#10016 = SURFACE_SIDE_STYLE('',(#10017));
#10017 = SURFACE_STYLE_FILL_AREA(#10018);
#10018 = FILL_AREA_STYLE('',(#10019));
#10019 = FILL_AREA_STYLE_COLOUR('',#9891);
#10020 = STYLED_ITEM('color',(#10021),#1610);
#10021 = PRESENTATION_STYLE_ASSIGNMENT((#10022));
#10022 = SURFACE_STYLE_USAGE(.BOTH.,#10023);
#10023 = SURFACE_SIDE_STYLE('',(#10024));
#10024 = SURFACE_STYLE_FILL_AREA(#10025);
#10025 = FILL_AREA_STYLE('',(#10026));
#10026 = FILL_AREA_STYLE_COLOUR('',#9891);
#10027 = STYLED_ITEM('color',(#10028),#1627);
#10028 = PRESENTATION_STYLE_ASSIGNMENT((#10029));
#10029 = SURFACE_STYLE_USAGE(.BOTH.,#10030);
#10030 = SURFACE_SIDE_STYLE('',(#10031));
#10031 = SURFACE_STYLE_FILL_AREA(#10032);
#10032 = FILL_AREA_STYLE('',(#10033));
#10033 = FILL_AREA_STYLE_COLOUR('',#9891);
#10034 = STYLED_ITEM('color',(#10035),#1644);
#10035 = PRESENTATION_STYLE_ASSIGNMENT((#10036));
#10036 = SURFACE_STYLE_USAGE(.BOTH.,#10037);
#10037 = SURFACE_SIDE_STYLE('',(#10038));
#10038 = SURFACE_STYLE_FILL_AREA(#10039);
#10039 = FILL_AREA_STYLE('',(#10040));
#10040 = FILL_AREA_STYLE_COLOUR('',#9891);
#10041 = STYLED_ITEM('color',(#10042),#1661);
#10042 = PRESENTATION_STYLE_ASSIGNMENT((#10043));
#10043 = SURFACE_STYLE_USAGE(.BOTH.,#10044);
#10044 = SURFACE_SIDE_STYLE('',(#10045));
#10045 = SURFACE_STYLE_FILL_AREA(#10046);
#10046 = FILL_AREA_STYLE('',(#10047));
#10047 = FILL_AREA_STYLE_COLOUR('',#9891);
#10048 = STYLED_ITEM('color',(#10049),#1678);
#10049 = PRESENTATION_STYLE_ASSIGNMENT((#10050));
#10050 = SURFACE_STYLE_USAGE(.BOTH.,#10051);
#10051 = SURFACE_SIDE_STYLE('',(#10052));
#10052 = SURFACE_STYLE_FILL_AREA(#10053);
#10053 = FILL_AREA_STYLE('',(#10054));
#10054 = FILL_AREA_STYLE_COLOUR('',#9891);
#10055 = STYLED_ITEM('color',(#10056),#1695);
#10056 = PRESENTATION_STYLE_ASSIGNMENT((#10057));
#10057 = SURFACE_STYLE_USAGE(.BOTH.,#10058);
#10058 = SURFACE_SIDE_STYLE('',(#10059));
#10059 = SURFACE_STYLE_FILL_AREA(#10060);
#10060 = FILL_AREA_STYLE('',(#10061));
#10061 = FILL_AREA_STYLE_COLOUR('',#9984);
#10062 = STYLED_ITEM('color',(#10063),#1712);
#10063 = PRESENTATION_STYLE_ASSIGNMENT((#10064));
#10064 = SURFACE_STYLE_USAGE(.BOTH.,#10065);
#10065 = SURFACE_SIDE_STYLE('',(#10066));
#10066 = SURFACE_STYLE_FILL_AREA(#10067);
#10067 = FILL_AREA_STYLE('',(#10068));
#10068 = FILL_AREA_STYLE_COLOUR('',#9984);
#10069 = MECHANICAL_DESIGN_GEOMETRIC_PRESENTATION_REPRESENTATION('',(
    #10070,#10078,#10085,#10092,#10099,#10106,#10113,#10120,#10127,
    #10134,#10141,#10148,#10155,#10162,#10169,#10176),#5681);
#10070 = STYLED_ITEM('color',(#10071),#5258);
#10071 = PRESENTATION_STYLE_ASSIGNMENT((#10072));
#10072 = SURFACE_STYLE_USAGE(.BOTH.,#10073);
#10073 = SURFACE_SIDE_STYLE('',(#10074));
#10074 = SURFACE_STYLE_FILL_AREA(#10075);
#10075 = FILL_AREA_STYLE('',(#10076));
#10076 = FILL_AREA_STYLE_COLOUR('',#10077);
#10077 = COLOUR_RGB('',0.699999984889,9.999999991362E-02,
  5.000000142576E-02);
#10078 = STYLED_ITEM('color',(#10079),#5285);
#10079 = PRESENTATION_STYLE_ASSIGNMENT((#10080));
#10080 = SURFACE_STYLE_USAGE(.BOTH.,#10081);
#10081 = SURFACE_SIDE_STYLE('',(#10082));
#10082 = SURFACE_STYLE_FILL_AREA(#10083);
#10083 = FILL_AREA_STYLE('',(#10084));
#10084 = FILL_AREA_STYLE_COLOUR('',#10077);
#10085 = STYLED_ITEM('color',(#10086),#5310);
#10086 = PRESENTATION_STYLE_ASSIGNMENT((#10087));
#10087 = SURFACE_STYLE_USAGE(.BOTH.,#10088);
#10088 = SURFACE_SIDE_STYLE('',(#10089));
#10089 = SURFACE_STYLE_FILL_AREA(#10090);
#10090 = FILL_AREA_STYLE('',(#10091));
#10091 = FILL_AREA_STYLE_COLOUR('',#10077);
#10092 = STYLED_ITEM('color',(#10093),#5338);
#10093 = PRESENTATION_STYLE_ASSIGNMENT((#10094));
#10094 = SURFACE_STYLE_USAGE(.BOTH.,#10095);
#10095 = SURFACE_SIDE_STYLE('',(#10096));
#10096 = SURFACE_STYLE_FILL_AREA(#10097);
#10097 = FILL_AREA_STYLE('',(#10098));
#10098 = FILL_AREA_STYLE_COLOUR('',#10077);
#10099 = STYLED_ITEM('color',(#10100),#5370);
#10100 = PRESENTATION_STYLE_ASSIGNMENT((#10101));
#10101 = SURFACE_STYLE_USAGE(.BOTH.,#10102);
#10102 = SURFACE_SIDE_STYLE('',(#10103));
#10103 = SURFACE_STYLE_FILL_AREA(#10104);
#10104 = FILL_AREA_STYLE('',(#10105));
#10105 = FILL_AREA_STYLE_COLOUR('',#10077);
#10106 = STYLED_ITEM('color',(#10107),#5387);
#10107 = PRESENTATION_STYLE_ASSIGNMENT((#10108));
#10108 = SURFACE_STYLE_USAGE(.BOTH.,#10109);
#10109 = SURFACE_SIDE_STYLE('',(#10110));
#10110 = SURFACE_STYLE_FILL_AREA(#10111);
#10111 = FILL_AREA_STYLE('',(#10112));
#10112 = FILL_AREA_STYLE_COLOUR('',#10077);
#10113 = STYLED_ITEM('color',(#10114),#5465);
#10114 = PRESENTATION_STYLE_ASSIGNMENT((#10115));
#10115 = SURFACE_STYLE_USAGE(.BOTH.,#10116);
#10116 = SURFACE_SIDE_STYLE('',(#10117));
#10117 = SURFACE_STYLE_FILL_AREA(#10118);
#10118 = FILL_AREA_STYLE('',(#10119));
#10119 = FILL_AREA_STYLE_COLOUR('',#9891);
#10120 = STYLED_ITEM('color',(#10121),#5496);
#10121 = PRESENTATION_STYLE_ASSIGNMENT((#10122));
#10122 = SURFACE_STYLE_USAGE(.BOTH.,#10123);
#10123 = SURFACE_SIDE_STYLE('',(#10124));
#10124 = SURFACE_STYLE_FILL_AREA(#10125);
#10125 = FILL_AREA_STYLE('',(#10126));
#10126 = FILL_AREA_STYLE_COLOUR('',#9891);
#10127 = STYLED_ITEM('color',(#10128),#5520);
#10128 = PRESENTATION_STYLE_ASSIGNMENT((#10129));
#10129 = SURFACE_STYLE_USAGE(.BOTH.,#10130);
#10130 = SURFACE_SIDE_STYLE('',(#10131));
#10131 = SURFACE_STYLE_FILL_AREA(#10132);
#10132 = FILL_AREA_STYLE('',(#10133));
#10133 = FILL_AREA_STYLE_COLOUR('',#9891);
#10134 = STYLED_ITEM('color',(#10135),#5544);
#10135 = PRESENTATION_STYLE_ASSIGNMENT((#10136));
#10136 = SURFACE_STYLE_USAGE(.BOTH.,#10137);
#10137 = SURFACE_SIDE_STYLE('',(#10138));
#10138 = SURFACE_STYLE_FILL_AREA(#10139);
#10139 = FILL_AREA_STYLE('',(#10140));
#10140 = FILL_AREA_STYLE_COLOUR('',#9891);
#10141 = STYLED_ITEM('color',(#10142),#5561);
#10142 = PRESENTATION_STYLE_ASSIGNMENT((#10143));
#10143 = SURFACE_STYLE_USAGE(.BOTH.,#10144);
#10144 = SURFACE_SIDE_STYLE('',(#10145));
#10145 = SURFACE_STYLE_FILL_AREA(#10146);
#10146 = FILL_AREA_STYLE('',(#10147));
#10147 = FILL_AREA_STYLE_COLOUR('',#9891);
#10148 = STYLED_ITEM('color',(#10149),#5592);
#10149 = PRESENTATION_STYLE_ASSIGNMENT((#10150));
#10150 = SURFACE_STYLE_USAGE(.BOTH.,#10151);
#10151 = SURFACE_SIDE_STYLE('',(#10152));
#10152 = SURFACE_STYLE_FILL_AREA(#10153);
#10153 = FILL_AREA_STYLE('',(#10154));
#10154 = FILL_AREA_STYLE_COLOUR('',#9891);
#10155 = STYLED_ITEM('color',(#10156),#5616);
#10156 = PRESENTATION_STYLE_ASSIGNMENT((#10157));
#10157 = SURFACE_STYLE_USAGE(.BOTH.,#10158);
#10158 = SURFACE_SIDE_STYLE('',(#10159));
#10159 = SURFACE_STYLE_FILL_AREA(#10160);
#10160 = FILL_AREA_STYLE('',(#10161));
#10161 = FILL_AREA_STYLE_COLOUR('',#9891);
#10162 = STYLED_ITEM('color',(#10163),#5640);
#10163 = PRESENTATION_STYLE_ASSIGNMENT((#10164));
#10164 = SURFACE_STYLE_USAGE(.BOTH.,#10165);
#10165 = SURFACE_SIDE_STYLE('',(#10166));
#10166 = SURFACE_STYLE_FILL_AREA(#10167);
#10167 = FILL_AREA_STYLE('',(#10168));
#10168 = FILL_AREA_STYLE_COLOUR('',#9891);
#10169 = STYLED_ITEM('color',(#10170),#5657);
#10170 = PRESENTATION_STYLE_ASSIGNMENT((#10171));
#10171 = SURFACE_STYLE_USAGE(.BOTH.,#10172);
#10172 = SURFACE_SIDE_STYLE('',(#10173));
#10173 = SURFACE_STYLE_FILL_AREA(#10174);
#10174 = FILL_AREA_STYLE('',(#10175));
#10175 = FILL_AREA_STYLE_COLOUR('',#9891);
#10176 = STYLED_ITEM('color',(#10177),#5669);
#10177 = PRESENTATION_STYLE_ASSIGNMENT((#10178));
#10178 = SURFACE_STYLE_USAGE(.BOTH.,#10179);
#10179 = SURFACE_SIDE_STYLE('',(#10180));
#10180 = SURFACE_STYLE_FILL_AREA(#10181);
#10181 = FILL_AREA_STYLE('',(#10182));
#10182 = FILL_AREA_STYLE_COLOUR('',#9891);
#10183 = MECHANICAL_DESIGN_GEOMETRIC_PRESENTATION_REPRESENTATION('',(
    #10184),#9872);
#10184 = STYLED_ITEM('color',(#10185),#8958);
#10185 = PRESENTATION_STYLE_ASSIGNMENT((#10186));
#10186 = SURFACE_STYLE_USAGE(.BOTH.,#10187);
#10187 = SURFACE_SIDE_STYLE('',(#10188));
#10188 = SURFACE_STYLE_FILL_AREA(#10189);
#10189 = FILL_AREA_STYLE('',(#10190));
#10190 = FILL_AREA_STYLE_COLOUR('',#10191);
#10191 = COLOUR_RGB('',0.313304153717,0.484529207832,0.410020903123);
#10192 = MECHANICAL_DESIGN_GEOMETRIC_PRESENTATION_REPRESENTATION('',(
    #10193,#10201,#10208,#10215,#10222,#10229,#10236,#10243,#10250,
    #10257,#10264,#10271,#10278,#10285,#10292,#10299,#10306,#10313,
    #10320,#10327,#10334,#10341,#10348,#10355,#10362,#10369,#10376,
    #10383,#10390,#10397,#10404,#10411,#10418,#10425,#10432,#10439,
    #10446,#10453,#10460,#10467,#10474,#10481,#10488,#10495,#10502,
    #10509,#10516,#10523,#10530,#10537,#10544,#10551,#10558,#10565,
    #10572,#10580,#10587,#10594,#10601,#10608,#10615,#10622,#10629,
    #10636,#10643,#10650,#10657,#10664,#10671,#10678,#10685,#10692,
    #10699,#10706,#10713,#10720,#10727,#10734,#10741,#10748,#10755,
    #10762,#10769,#10776,#10783,#10790,#10797,#10804,#10811,#10818,
    #10825,#10832,#10839,#10846,#10853,#10860,#10867,#10874,#10881,
    #10888,#10895,#10902,#10909,#10916,#10923,#10930,#10937,#10944,
    #10951,#10958),#5237);
#10193 = STYLED_ITEM('color',(#10194),#1745);
#10194 = PRESENTATION_STYLE_ASSIGNMENT((#10195));
#10195 = SURFACE_STYLE_USAGE(.BOTH.,#10196);
#10196 = SURFACE_SIDE_STYLE('',(#10197));
#10197 = SURFACE_STYLE_FILL_AREA(#10198);
#10198 = FILL_AREA_STYLE('',(#10199));
#10199 = FILL_AREA_STYLE_COLOUR('',#10200);
#10200 = COLOUR_RGB('',0.894117649055,0.890196087049,0.811764731185);
#10201 = STYLED_ITEM('color',(#10202),#1785);
#10202 = PRESENTATION_STYLE_ASSIGNMENT((#10203));
#10203 = SURFACE_STYLE_USAGE(.BOTH.,#10204);
#10204 = SURFACE_SIDE_STYLE('',(#10205));
#10205 = SURFACE_STYLE_FILL_AREA(#10206);
#10206 = FILL_AREA_STYLE('',(#10207));
#10207 = FILL_AREA_STYLE_COLOUR('',#10200);
#10208 = STYLED_ITEM('color',(#10209),#1865);
#10209 = PRESENTATION_STYLE_ASSIGNMENT((#10210));
#10210 = SURFACE_STYLE_USAGE(.BOTH.,#10211);
#10211 = SURFACE_SIDE_STYLE('',(#10212));
#10212 = SURFACE_STYLE_FILL_AREA(#10213);
#10213 = FILL_AREA_STYLE('',(#10214));
#10214 = FILL_AREA_STYLE_COLOUR('',#10200);
#10215 = STYLED_ITEM('color',(#10216),#1953);
#10216 = PRESENTATION_STYLE_ASSIGNMENT((#10217));
#10217 = SURFACE_STYLE_USAGE(.BOTH.,#10218);
#10218 = SURFACE_SIDE_STYLE('',(#10219));
#10219 = SURFACE_STYLE_FILL_AREA(#10220);
#10220 = FILL_AREA_STYLE('',(#10221));
#10221 = FILL_AREA_STYLE_COLOUR('',#10200);
#10222 = STYLED_ITEM('color',(#10223),#2010);
#10223 = PRESENTATION_STYLE_ASSIGNMENT((#10224));
#10224 = SURFACE_STYLE_USAGE(.BOTH.,#10225);
#10225 = SURFACE_SIDE_STYLE('',(#10226));
#10226 = SURFACE_STYLE_FILL_AREA(#10227);
#10227 = FILL_AREA_STYLE('',(#10228));
#10228 = FILL_AREA_STYLE_COLOUR('',#10200);
#10229 = STYLED_ITEM('color',(#10230),#2027);
#10230 = PRESENTATION_STYLE_ASSIGNMENT((#10231));
#10231 = SURFACE_STYLE_USAGE(.BOTH.,#10232);
#10232 = SURFACE_SIDE_STYLE('',(#10233));
#10233 = SURFACE_STYLE_FILL_AREA(#10234);
#10234 = FILL_AREA_STYLE('',(#10235));
#10235 = FILL_AREA_STYLE_COLOUR('',#10200);
#10236 = STYLED_ITEM('color',(#10237),#2051);
#10237 = PRESENTATION_STYLE_ASSIGNMENT((#10238));
#10238 = SURFACE_STYLE_USAGE(.BOTH.,#10239);
#10239 = SURFACE_SIDE_STYLE('',(#10240));
#10240 = SURFACE_STYLE_FILL_AREA(#10241);
#10241 = FILL_AREA_STYLE('',(#10242));
#10242 = FILL_AREA_STYLE_COLOUR('',#10200);
#10243 = STYLED_ITEM('color',(#10244),#2075);
#10244 = PRESENTATION_STYLE_ASSIGNMENT((#10245));
#10245 = SURFACE_STYLE_USAGE(.BOTH.,#10246);
#10246 = SURFACE_SIDE_STYLE('',(#10247));
#10247 = SURFACE_STYLE_FILL_AREA(#10248);
#10248 = FILL_AREA_STYLE('',(#10249));
#10249 = FILL_AREA_STYLE_COLOUR('',#10200);
#10250 = STYLED_ITEM('color',(#10251),#2099);
#10251 = PRESENTATION_STYLE_ASSIGNMENT((#10252));
#10252 = SURFACE_STYLE_USAGE(.BOTH.,#10253);
#10253 = SURFACE_SIDE_STYLE('',(#10254));
#10254 = SURFACE_STYLE_FILL_AREA(#10255);
#10255 = FILL_AREA_STYLE('',(#10256));
#10256 = FILL_AREA_STYLE_COLOUR('',#10200);
#10257 = STYLED_ITEM('color',(#10258),#2155);
#10258 = PRESENTATION_STYLE_ASSIGNMENT((#10259));
#10259 = SURFACE_STYLE_USAGE(.BOTH.,#10260);
#10260 = SURFACE_SIDE_STYLE('',(#10261));
#10261 = SURFACE_STYLE_FILL_AREA(#10262);
#10262 = FILL_AREA_STYLE('',(#10263));
#10263 = FILL_AREA_STYLE_COLOUR('',#10200);
#10264 = STYLED_ITEM('color',(#10265),#2291);
#10265 = PRESENTATION_STYLE_ASSIGNMENT((#10266));
#10266 = SURFACE_STYLE_USAGE(.BOTH.,#10267);
#10267 = SURFACE_SIDE_STYLE('',(#10268));
#10268 = SURFACE_STYLE_FILL_AREA(#10269);
#10269 = FILL_AREA_STYLE('',(#10270));
#10270 = FILL_AREA_STYLE_COLOUR('',#10200);
#10271 = STYLED_ITEM('color',(#10272),#2322);
#10272 = PRESENTATION_STYLE_ASSIGNMENT((#10273));
#10273 = SURFACE_STYLE_USAGE(.BOTH.,#10274);
#10274 = SURFACE_SIDE_STYLE('',(#10275));
#10275 = SURFACE_STYLE_FILL_AREA(#10276);
#10276 = FILL_AREA_STYLE('',(#10277));
#10277 = FILL_AREA_STYLE_COLOUR('',#10200);
#10278 = STYLED_ITEM('color',(#10279),#2334);
#10279 = PRESENTATION_STYLE_ASSIGNMENT((#10280));
#10280 = SURFACE_STYLE_USAGE(.BOTH.,#10281);
#10281 = SURFACE_SIDE_STYLE('',(#10282));
#10282 = SURFACE_STYLE_FILL_AREA(#10283);
#10283 = FILL_AREA_STYLE('',(#10284));
#10284 = FILL_AREA_STYLE_COLOUR('',#10200);
#10285 = STYLED_ITEM('color',(#10286),#2420);
#10286 = PRESENTATION_STYLE_ASSIGNMENT((#10287));
#10287 = SURFACE_STYLE_USAGE(.BOTH.,#10288);
#10288 = SURFACE_SIDE_STYLE('',(#10289));
#10289 = SURFACE_STYLE_FILL_AREA(#10290);
#10290 = FILL_AREA_STYLE('',(#10291));
#10291 = FILL_AREA_STYLE_COLOUR('',#10200);
#10292 = STYLED_ITEM('color',(#10293),#2434);
#10293 = PRESENTATION_STYLE_ASSIGNMENT((#10294));
#10294 = SURFACE_STYLE_USAGE(.BOTH.,#10295);
#10295 = SURFACE_SIDE_STYLE('',(#10296));
#10296 = SURFACE_STYLE_FILL_AREA(#10297);
#10297 = FILL_AREA_STYLE('',(#10298));
#10298 = FILL_AREA_STYLE_COLOUR('',#10200);
#10299 = STYLED_ITEM('color',(#10300),#2490);
#10300 = PRESENTATION_STYLE_ASSIGNMENT((#10301));
#10301 = SURFACE_STYLE_USAGE(.BOTH.,#10302);
#10302 = SURFACE_SIDE_STYLE('',(#10303));
#10303 = SURFACE_STYLE_FILL_AREA(#10304);
#10304 = FILL_AREA_STYLE('',(#10305));
#10305 = FILL_AREA_STYLE_COLOUR('',#10200);
#10306 = STYLED_ITEM('color',(#10307),#2547);
#10307 = PRESENTATION_STYLE_ASSIGNMENT((#10308));
#10308 = SURFACE_STYLE_USAGE(.BOTH.,#10309);
#10309 = SURFACE_SIDE_STYLE('',(#10310));
#10310 = SURFACE_STYLE_FILL_AREA(#10311);
#10311 = FILL_AREA_STYLE('',(#10312));
#10312 = FILL_AREA_STYLE_COLOUR('',#10200);
#10313 = STYLED_ITEM('color',(#10314),#2571);
#10314 = PRESENTATION_STYLE_ASSIGNMENT((#10315));
#10315 = SURFACE_STYLE_USAGE(.BOTH.,#10316);
#10316 = SURFACE_SIDE_STYLE('',(#10317));
#10317 = SURFACE_STYLE_FILL_AREA(#10318);
#10318 = FILL_AREA_STYLE('',(#10319));
#10319 = FILL_AREA_STYLE_COLOUR('',#10200);
#10320 = STYLED_ITEM('color',(#10321),#2644);
#10321 = PRESENTATION_STYLE_ASSIGNMENT((#10322));
#10322 = SURFACE_STYLE_USAGE(.BOTH.,#10323);
#10323 = SURFACE_SIDE_STYLE('',(#10324));
#10324 = SURFACE_STYLE_FILL_AREA(#10325);
#10325 = FILL_AREA_STYLE('',(#10326));
#10326 = FILL_AREA_STYLE_COLOUR('',#10200);
#10327 = STYLED_ITEM('color',(#10328),#2668);
#10328 = PRESENTATION_STYLE_ASSIGNMENT((#10329));
#10329 = SURFACE_STYLE_USAGE(.BOTH.,#10330);
#10330 = SURFACE_SIDE_STYLE('',(#10331));
#10331 = SURFACE_STYLE_FILL_AREA(#10332);
#10332 = FILL_AREA_STYLE('',(#10333));
#10333 = FILL_AREA_STYLE_COLOUR('',#10200);
#10334 = STYLED_ITEM('color',(#10335),#2701);
#10335 = PRESENTATION_STYLE_ASSIGNMENT((#10336));
#10336 = SURFACE_STYLE_USAGE(.BOTH.,#10337);
#10337 = SURFACE_SIDE_STYLE('',(#10338));
#10338 = SURFACE_STYLE_FILL_AREA(#10339);
#10339 = FILL_AREA_STYLE('',(#10340));
#10340 = FILL_AREA_STYLE_COLOUR('',#10200);
#10341 = STYLED_ITEM('color',(#10342),#2812);
#10342 = PRESENTATION_STYLE_ASSIGNMENT((#10343));
#10343 = SURFACE_STYLE_USAGE(.BOTH.,#10344);
#10344 = SURFACE_SIDE_STYLE('',(#10345));
#10345 = SURFACE_STYLE_FILL_AREA(#10346);
#10346 = FILL_AREA_STYLE('',(#10347));
#10347 = FILL_AREA_STYLE_COLOUR('',#10200);
#10348 = STYLED_ITEM('color',(#10349),#2929);
#10349 = PRESENTATION_STYLE_ASSIGNMENT((#10350));
#10350 = SURFACE_STYLE_USAGE(.BOTH.,#10351);
#10351 = SURFACE_SIDE_STYLE('',(#10352));
#10352 = SURFACE_STYLE_FILL_AREA(#10353);
#10353 = FILL_AREA_STYLE('',(#10354));
#10354 = FILL_AREA_STYLE_COLOUR('',#10200);
#10355 = STYLED_ITEM('color',(#10356),#2969);
#10356 = PRESENTATION_STYLE_ASSIGNMENT((#10357));
#10357 = SURFACE_STYLE_USAGE(.BOTH.,#10358);
#10358 = SURFACE_SIDE_STYLE('',(#10359));
#10359 = SURFACE_STYLE_FILL_AREA(#10360);
#10360 = FILL_AREA_STYLE('',(#10361));
#10361 = FILL_AREA_STYLE_COLOUR('',#10200);
#10362 = STYLED_ITEM('color',(#10363),#3000);
#10363 = PRESENTATION_STYLE_ASSIGNMENT((#10364));
#10364 = SURFACE_STYLE_USAGE(.BOTH.,#10365);
#10365 = SURFACE_SIDE_STYLE('',(#10366));
#10366 = SURFACE_STYLE_FILL_AREA(#10367);
#10367 = FILL_AREA_STYLE('',(#10368));
#10368 = FILL_AREA_STYLE_COLOUR('',#10200);
#10369 = STYLED_ITEM('color',(#10370),#3018);
#10370 = PRESENTATION_STYLE_ASSIGNMENT((#10371));
#10371 = SURFACE_STYLE_USAGE(.BOTH.,#10372);
#10372 = SURFACE_SIDE_STYLE('',(#10373));
#10373 = SURFACE_STYLE_FILL_AREA(#10374);
#10374 = FILL_AREA_STYLE('',(#10375));
#10375 = FILL_AREA_STYLE_COLOUR('',#10200);
#10376 = STYLED_ITEM('color',(#10377),#3035);
#10377 = PRESENTATION_STYLE_ASSIGNMENT((#10378));
#10378 = SURFACE_STYLE_USAGE(.BOTH.,#10379);
#10379 = SURFACE_SIDE_STYLE('',(#10380));
#10380 = SURFACE_STYLE_FILL_AREA(#10381);
#10381 = FILL_AREA_STYLE('',(#10382));
#10382 = FILL_AREA_STYLE_COLOUR('',#10200);
#10383 = STYLED_ITEM('color',(#10384),#3053);
#10384 = PRESENTATION_STYLE_ASSIGNMENT((#10385));
#10385 = SURFACE_STYLE_USAGE(.BOTH.,#10386);
#10386 = SURFACE_SIDE_STYLE('',(#10387));
#10387 = SURFACE_STYLE_FILL_AREA(#10388);
#10388 = FILL_AREA_STYLE('',(#10389));
#10389 = FILL_AREA_STYLE_COLOUR('',#10200);
#10390 = STYLED_ITEM('color',(#10391),#3079);
#10391 = PRESENTATION_STYLE_ASSIGNMENT((#10392));
#10392 = SURFACE_STYLE_USAGE(.BOTH.,#10393);
#10393 = SURFACE_SIDE_STYLE('',(#10394));
#10394 = SURFACE_STYLE_FILL_AREA(#10395);
#10395 = FILL_AREA_STYLE('',(#10396));
#10396 = FILL_AREA_STYLE_COLOUR('',#10200);
#10397 = STYLED_ITEM('color',(#10398),#3110);
#10398 = PRESENTATION_STYLE_ASSIGNMENT((#10399));
#10399 = SURFACE_STYLE_USAGE(.BOTH.,#10400);
#10400 = SURFACE_SIDE_STYLE('',(#10401));
#10401 = SURFACE_STYLE_FILL_AREA(#10402);
#10402 = FILL_AREA_STYLE('',(#10403));
#10403 = FILL_AREA_STYLE_COLOUR('',#10200);
#10404 = STYLED_ITEM('color',(#10405),#3127);
#10405 = PRESENTATION_STYLE_ASSIGNMENT((#10406));
#10406 = SURFACE_STYLE_USAGE(.BOTH.,#10407);
#10407 = SURFACE_SIDE_STYLE('',(#10408));
#10408 = SURFACE_STYLE_FILL_AREA(#10409);
#10409 = FILL_AREA_STYLE('',(#10410));
#10410 = FILL_AREA_STYLE_COLOUR('',#10200);
#10411 = STYLED_ITEM('color',(#10412),#3160);
#10412 = PRESENTATION_STYLE_ASSIGNMENT((#10413));
#10413 = SURFACE_STYLE_USAGE(.BOTH.,#10414);
#10414 = SURFACE_SIDE_STYLE('',(#10415));
#10415 = SURFACE_STYLE_FILL_AREA(#10416);
#10416 = FILL_AREA_STYLE('',(#10417));
#10417 = FILL_AREA_STYLE_COLOUR('',#10200);
#10418 = STYLED_ITEM('color',(#10419),#3200);
#10419 = PRESENTATION_STYLE_ASSIGNMENT((#10420));
#10420 = SURFACE_STYLE_USAGE(.BOTH.,#10421);
#10421 = SURFACE_SIDE_STYLE('',(#10422));
#10422 = SURFACE_STYLE_FILL_AREA(#10423);
#10423 = FILL_AREA_STYLE('',(#10424));
#10424 = FILL_AREA_STYLE_COLOUR('',#10200);
#10425 = STYLED_ITEM('color',(#10426),#3223);
#10426 = PRESENTATION_STYLE_ASSIGNMENT((#10427));
#10427 = SURFACE_STYLE_USAGE(.BOTH.,#10428);
#10428 = SURFACE_SIDE_STYLE('',(#10429));
#10429 = SURFACE_STYLE_FILL_AREA(#10430);
#10430 = FILL_AREA_STYLE('',(#10431));
#10431 = FILL_AREA_STYLE_COLOUR('',#10200);
#10432 = STYLED_ITEM('color',(#10433),#3272);
#10433 = PRESENTATION_STYLE_ASSIGNMENT((#10434));
#10434 = SURFACE_STYLE_USAGE(.BOTH.,#10435);
#10435 = SURFACE_SIDE_STYLE('',(#10436));
#10436 = SURFACE_STYLE_FILL_AREA(#10437);
#10437 = FILL_AREA_STYLE('',(#10438));
#10438 = FILL_AREA_STYLE_COLOUR('',#10200);
#10439 = STYLED_ITEM('color',(#10440),#3296);
#10440 = PRESENTATION_STYLE_ASSIGNMENT((#10441));
#10441 = SURFACE_STYLE_USAGE(.BOTH.,#10442);
#10442 = SURFACE_SIDE_STYLE('',(#10443));
#10443 = SURFACE_STYLE_FILL_AREA(#10444);
#10444 = FILL_AREA_STYLE('',(#10445));
#10445 = FILL_AREA_STYLE_COLOUR('',#10200);
#10446 = STYLED_ITEM('color',(#10447),#3343);
#10447 = PRESENTATION_STYLE_ASSIGNMENT((#10448));
#10448 = SURFACE_STYLE_USAGE(.BOTH.,#10449);
#10449 = SURFACE_SIDE_STYLE('',(#10450));
#10450 = SURFACE_STYLE_FILL_AREA(#10451);
#10451 = FILL_AREA_STYLE('',(#10452));
#10452 = FILL_AREA_STYLE_COLOUR('',#10200);
#10453 = STYLED_ITEM('color',(#10454),#3360);
#10454 = PRESENTATION_STYLE_ASSIGNMENT((#10455));
#10455 = SURFACE_STYLE_USAGE(.BOTH.,#10456);
#10456 = SURFACE_SIDE_STYLE('',(#10457));
#10457 = SURFACE_STYLE_FILL_AREA(#10458);
#10458 = FILL_AREA_STYLE('',(#10459));
#10459 = FILL_AREA_STYLE_COLOUR('',#10200);
#10460 = STYLED_ITEM('color',(#10461),#3377);
#10461 = PRESENTATION_STYLE_ASSIGNMENT((#10462));
#10462 = SURFACE_STYLE_USAGE(.BOTH.,#10463);
#10463 = SURFACE_SIDE_STYLE('',(#10464));
#10464 = SURFACE_STYLE_FILL_AREA(#10465);
#10465 = FILL_AREA_STYLE('',(#10466));
#10466 = FILL_AREA_STYLE_COLOUR('',#10200);
#10467 = STYLED_ITEM('color',(#10468),#3389);
#10468 = PRESENTATION_STYLE_ASSIGNMENT((#10469));
#10469 = SURFACE_STYLE_USAGE(.BOTH.,#10470);
#10470 = SURFACE_SIDE_STYLE('',(#10471));
#10471 = SURFACE_STYLE_FILL_AREA(#10472);
#10472 = FILL_AREA_STYLE('',(#10473));
#10473 = FILL_AREA_STYLE_COLOUR('',#10200);
#10474 = STYLED_ITEM('color',(#10475),#3436);
#10475 = PRESENTATION_STYLE_ASSIGNMENT((#10476));
#10476 = SURFACE_STYLE_USAGE(.BOTH.,#10477);
#10477 = SURFACE_SIDE_STYLE('',(#10478));
#10478 = SURFACE_STYLE_FILL_AREA(#10479);
#10479 = FILL_AREA_STYLE('',(#10480));
#10480 = FILL_AREA_STYLE_COLOUR('',#10200);
#10481 = STYLED_ITEM('color',(#10482),#3467);
#10482 = PRESENTATION_STYLE_ASSIGNMENT((#10483));
#10483 = SURFACE_STYLE_USAGE(.BOTH.,#10484);
#10484 = SURFACE_SIDE_STYLE('',(#10485));
#10485 = SURFACE_STYLE_FILL_AREA(#10486);
#10486 = FILL_AREA_STYLE('',(#10487));
#10487 = FILL_AREA_STYLE_COLOUR('',#10200);
#10488 = STYLED_ITEM('color',(#10489),#3484);
#10489 = PRESENTATION_STYLE_ASSIGNMENT((#10490));
#10490 = SURFACE_STYLE_USAGE(.BOTH.,#10491);
#10491 = SURFACE_SIDE_STYLE('',(#10492));
#10492 = SURFACE_STYLE_FILL_AREA(#10493);
#10493 = FILL_AREA_STYLE('',(#10494));
#10494 = FILL_AREA_STYLE_COLOUR('',#10200);
#10495 = STYLED_ITEM('color',(#10496),#3501);
#10496 = PRESENTATION_STYLE_ASSIGNMENT((#10497));
#10497 = SURFACE_STYLE_USAGE(.BOTH.,#10498);
#10498 = SURFACE_SIDE_STYLE('',(#10499));
#10499 = SURFACE_STYLE_FILL_AREA(#10500);
#10500 = FILL_AREA_STYLE('',(#10501));
#10501 = FILL_AREA_STYLE_COLOUR('',#10200);
#10502 = STYLED_ITEM('color',(#10503),#3525);
#10503 = PRESENTATION_STYLE_ASSIGNMENT((#10504));
#10504 = SURFACE_STYLE_USAGE(.BOTH.,#10505);
#10505 = SURFACE_SIDE_STYLE('',(#10506));
#10506 = SURFACE_STYLE_FILL_AREA(#10507);
#10507 = FILL_AREA_STYLE('',(#10508));
#10508 = FILL_AREA_STYLE_COLOUR('',#10200);
#10509 = STYLED_ITEM('color',(#10510),#3549);
#10510 = PRESENTATION_STYLE_ASSIGNMENT((#10511));
#10511 = SURFACE_STYLE_USAGE(.BOTH.,#10512);
#10512 = SURFACE_SIDE_STYLE('',(#10513));
#10513 = SURFACE_STYLE_FILL_AREA(#10514);
#10514 = FILL_AREA_STYLE('',(#10515));
#10515 = FILL_AREA_STYLE_COLOUR('',#10200);
#10516 = STYLED_ITEM('color',(#10517),#3566);
#10517 = PRESENTATION_STYLE_ASSIGNMENT((#10518));
#10518 = SURFACE_STYLE_USAGE(.BOTH.,#10519);
#10519 = SURFACE_SIDE_STYLE('',(#10520));
#10520 = SURFACE_STYLE_FILL_AREA(#10521);
#10521 = FILL_AREA_STYLE('',(#10522));
#10522 = FILL_AREA_STYLE_COLOUR('',#10200);
#10523 = STYLED_ITEM('color',(#10524),#3583);
#10524 = PRESENTATION_STYLE_ASSIGNMENT((#10525));
#10525 = SURFACE_STYLE_USAGE(.BOTH.,#10526);
#10526 = SURFACE_SIDE_STYLE('',(#10527));
#10527 = SURFACE_STYLE_FILL_AREA(#10528);
#10528 = FILL_AREA_STYLE('',(#10529));
#10529 = FILL_AREA_STYLE_COLOUR('',#10200);
#10530 = STYLED_ITEM('color',(#10531),#3595);
#10531 = PRESENTATION_STYLE_ASSIGNMENT((#10532));
#10532 = SURFACE_STYLE_USAGE(.BOTH.,#10533);
#10533 = SURFACE_SIDE_STYLE('',(#10534));
#10534 = SURFACE_STYLE_FILL_AREA(#10535);
#10535 = FILL_AREA_STYLE('',(#10536));
#10536 = FILL_AREA_STYLE_COLOUR('',#10200);
#10537 = STYLED_ITEM('color',(#10538),#3612);
#10538 = PRESENTATION_STYLE_ASSIGNMENT((#10539));
#10539 = SURFACE_STYLE_USAGE(.BOTH.,#10540);
#10540 = SURFACE_SIDE_STYLE('',(#10541));
#10541 = SURFACE_STYLE_FILL_AREA(#10542);
#10542 = FILL_AREA_STYLE('',(#10543));
#10543 = FILL_AREA_STYLE_COLOUR('',#10200);
#10544 = STYLED_ITEM('color',(#10545),#3624);
#10545 = PRESENTATION_STYLE_ASSIGNMENT((#10546));
#10546 = SURFACE_STYLE_USAGE(.BOTH.,#10547);
#10547 = SURFACE_SIDE_STYLE('',(#10548));
#10548 = SURFACE_STYLE_FILL_AREA(#10549);
#10549 = FILL_AREA_STYLE('',(#10550));
#10550 = FILL_AREA_STYLE_COLOUR('',#10200);
#10551 = STYLED_ITEM('color',(#10552),#3648);
#10552 = PRESENTATION_STYLE_ASSIGNMENT((#10553));
#10553 = SURFACE_STYLE_USAGE(.BOTH.,#10554);
#10554 = SURFACE_SIDE_STYLE('',(#10555));
#10555 = SURFACE_STYLE_FILL_AREA(#10556);
#10556 = FILL_AREA_STYLE('',(#10557));
#10557 = FILL_AREA_STYLE_COLOUR('',#10200);
#10558 = STYLED_ITEM('color',(#10559),#3666);
#10559 = PRESENTATION_STYLE_ASSIGNMENT((#10560));
#10560 = SURFACE_STYLE_USAGE(.BOTH.,#10561);
#10561 = SURFACE_SIDE_STYLE('',(#10562));
#10562 = SURFACE_STYLE_FILL_AREA(#10563);
#10563 = FILL_AREA_STYLE('',(#10564));
#10564 = FILL_AREA_STYLE_COLOUR('',#10200);
#10565 = STYLED_ITEM('color',(#10566),#3678);
#10566 = PRESENTATION_STYLE_ASSIGNMENT((#10567));
#10567 = SURFACE_STYLE_USAGE(.BOTH.,#10568);
#10568 = SURFACE_SIDE_STYLE('',(#10569));
#10569 = SURFACE_STYLE_FILL_AREA(#10570);
#10570 = FILL_AREA_STYLE('',(#10571));
#10571 = FILL_AREA_STYLE_COLOUR('',#10200);
#10572 = STYLED_ITEM('color',(#10573),#3692);
#10573 = PRESENTATION_STYLE_ASSIGNMENT((#10574));
#10574 = SURFACE_STYLE_USAGE(.BOTH.,#10575);
#10575 = SURFACE_SIDE_STYLE('',(#10576));
#10576 = SURFACE_STYLE_FILL_AREA(#10577);
#10577 = FILL_AREA_STYLE('',(#10578));
#10578 = FILL_AREA_STYLE_COLOUR('',#10579);
#10579 = COLOUR_RGB('',0.823529417451,0.819607860991,0.780392170416);
#10580 = STYLED_ITEM('color',(#10581),#3723);
#10581 = PRESENTATION_STYLE_ASSIGNMENT((#10582));
#10582 = SURFACE_STYLE_USAGE(.BOTH.,#10583);
#10583 = SURFACE_SIDE_STYLE('',(#10584));
#10584 = SURFACE_STYLE_FILL_AREA(#10585);
#10585 = FILL_AREA_STYLE('',(#10586));
#10586 = FILL_AREA_STYLE_COLOUR('',#10579);
#10587 = STYLED_ITEM('color',(#10588),#3747);
#10588 = PRESENTATION_STYLE_ASSIGNMENT((#10589));
#10589 = SURFACE_STYLE_USAGE(.BOTH.,#10590);
#10590 = SURFACE_SIDE_STYLE('',(#10591));
#10591 = SURFACE_STYLE_FILL_AREA(#10592);
#10592 = FILL_AREA_STYLE('',(#10593));
#10593 = FILL_AREA_STYLE_COLOUR('',#10579);
#10594 = STYLED_ITEM('color',(#10595),#3771);
#10595 = PRESENTATION_STYLE_ASSIGNMENT((#10596));
#10596 = SURFACE_STYLE_USAGE(.BOTH.,#10597);
#10597 = SURFACE_SIDE_STYLE('',(#10598));
#10598 = SURFACE_STYLE_FILL_AREA(#10599);
#10599 = FILL_AREA_STYLE('',(#10600));
#10600 = FILL_AREA_STYLE_COLOUR('',#10579);
#10601 = STYLED_ITEM('color',(#10602),#3788);
#10602 = PRESENTATION_STYLE_ASSIGNMENT((#10603));
#10603 = SURFACE_STYLE_USAGE(.BOTH.,#10604);
#10604 = SURFACE_SIDE_STYLE('',(#10605));
#10605 = SURFACE_STYLE_FILL_AREA(#10606);
#10606 = FILL_AREA_STYLE('',(#10607));
#10607 = FILL_AREA_STYLE_COLOUR('',#10579);
#10608 = STYLED_ITEM('color',(#10609),#3819);
#10609 = PRESENTATION_STYLE_ASSIGNMENT((#10610));
#10610 = SURFACE_STYLE_USAGE(.BOTH.,#10611);
#10611 = SURFACE_SIDE_STYLE('',(#10612));
#10612 = SURFACE_STYLE_FILL_AREA(#10613);
#10613 = FILL_AREA_STYLE('',(#10614));
#10614 = FILL_AREA_STYLE_COLOUR('',#10579);
#10615 = STYLED_ITEM('color',(#10616),#3843);
#10616 = PRESENTATION_STYLE_ASSIGNMENT((#10617));
#10617 = SURFACE_STYLE_USAGE(.BOTH.,#10618);
#10618 = SURFACE_SIDE_STYLE('',(#10619));
#10619 = SURFACE_STYLE_FILL_AREA(#10620);
#10620 = FILL_AREA_STYLE('',(#10621));
#10621 = FILL_AREA_STYLE_COLOUR('',#10579);
#10622 = STYLED_ITEM('color',(#10623),#3867);
#10623 = PRESENTATION_STYLE_ASSIGNMENT((#10624));
#10624 = SURFACE_STYLE_USAGE(.BOTH.,#10625);
#10625 = SURFACE_SIDE_STYLE('',(#10626));
#10626 = SURFACE_STYLE_FILL_AREA(#10627);
#10627 = FILL_AREA_STYLE('',(#10628));
#10628 = FILL_AREA_STYLE_COLOUR('',#10579);
#10629 = STYLED_ITEM('color',(#10630),#3884);
#10630 = PRESENTATION_STYLE_ASSIGNMENT((#10631));
#10631 = SURFACE_STYLE_USAGE(.BOTH.,#10632);
#10632 = SURFACE_SIDE_STYLE('',(#10633));
#10633 = SURFACE_STYLE_FILL_AREA(#10634);
#10634 = FILL_AREA_STYLE('',(#10635));
#10635 = FILL_AREA_STYLE_COLOUR('',#10200);
#10636 = STYLED_ITEM('color',(#10637),#3930);
#10637 = PRESENTATION_STYLE_ASSIGNMENT((#10638));
#10638 = SURFACE_STYLE_USAGE(.BOTH.,#10639);
#10639 = SURFACE_SIDE_STYLE('',(#10640));
#10640 = SURFACE_STYLE_FILL_AREA(#10641);
#10641 = FILL_AREA_STYLE('',(#10642));
#10642 = FILL_AREA_STYLE_COLOUR('',#10200);
#10643 = STYLED_ITEM('color',(#10644),#3976);
#10644 = PRESENTATION_STYLE_ASSIGNMENT((#10645));
#10645 = SURFACE_STYLE_USAGE(.BOTH.,#10646);
#10646 = SURFACE_SIDE_STYLE('',(#10647));
#10647 = SURFACE_STYLE_FILL_AREA(#10648);
#10648 = FILL_AREA_STYLE('',(#10649));
#10649 = FILL_AREA_STYLE_COLOUR('',#10200);
#10650 = STYLED_ITEM('color',(#10651),#3993);
#10651 = PRESENTATION_STYLE_ASSIGNMENT((#10652));
#10652 = SURFACE_STYLE_USAGE(.BOTH.,#10653);
#10653 = SURFACE_SIDE_STYLE('',(#10654));
#10654 = SURFACE_STYLE_FILL_AREA(#10655);
#10655 = FILL_AREA_STYLE('',(#10656));
#10656 = FILL_AREA_STYLE_COLOUR('',#10200);
#10657 = STYLED_ITEM('color',(#10658),#4005);
#10658 = PRESENTATION_STYLE_ASSIGNMENT((#10659));
#10659 = SURFACE_STYLE_USAGE(.BOTH.,#10660);
#10660 = SURFACE_SIDE_STYLE('',(#10661));
#10661 = SURFACE_STYLE_FILL_AREA(#10662);
#10662 = FILL_AREA_STYLE('',(#10663));
#10663 = FILL_AREA_STYLE_COLOUR('',#10579);
#10664 = STYLED_ITEM('color',(#10665),#4036);
#10665 = PRESENTATION_STYLE_ASSIGNMENT((#10666));
#10666 = SURFACE_STYLE_USAGE(.BOTH.,#10667);
#10667 = SURFACE_SIDE_STYLE('',(#10668));
#10668 = SURFACE_STYLE_FILL_AREA(#10669);
#10669 = FILL_AREA_STYLE('',(#10670));
#10670 = FILL_AREA_STYLE_COLOUR('',#10579);
#10671 = STYLED_ITEM('color',(#10672),#4060);
#10672 = PRESENTATION_STYLE_ASSIGNMENT((#10673));
#10673 = SURFACE_STYLE_USAGE(.BOTH.,#10674);
#10674 = SURFACE_SIDE_STYLE('',(#10675));
#10675 = SURFACE_STYLE_FILL_AREA(#10676);
#10676 = FILL_AREA_STYLE('',(#10677));
#10677 = FILL_AREA_STYLE_COLOUR('',#10579);
#10678 = STYLED_ITEM('color',(#10679),#4084);
#10679 = PRESENTATION_STYLE_ASSIGNMENT((#10680));
#10680 = SURFACE_STYLE_USAGE(.BOTH.,#10681);
#10681 = SURFACE_SIDE_STYLE('',(#10682));
#10682 = SURFACE_STYLE_FILL_AREA(#10683);
#10683 = FILL_AREA_STYLE('',(#10684));
#10684 = FILL_AREA_STYLE_COLOUR('',#10579);
#10685 = STYLED_ITEM('color',(#10686),#4101);
#10686 = PRESENTATION_STYLE_ASSIGNMENT((#10687));
#10687 = SURFACE_STYLE_USAGE(.BOTH.,#10688);
#10688 = SURFACE_SIDE_STYLE('',(#10689));
#10689 = SURFACE_STYLE_FILL_AREA(#10690);
#10690 = FILL_AREA_STYLE('',(#10691));
#10691 = FILL_AREA_STYLE_COLOUR('',#10579);
#10692 = STYLED_ITEM('color',(#10693),#4132);
#10693 = PRESENTATION_STYLE_ASSIGNMENT((#10694));
#10694 = SURFACE_STYLE_USAGE(.BOTH.,#10695);
#10695 = SURFACE_SIDE_STYLE('',(#10696));
#10696 = SURFACE_STYLE_FILL_AREA(#10697);
#10697 = FILL_AREA_STYLE('',(#10698));
#10698 = FILL_AREA_STYLE_COLOUR('',#10579);
#10699 = STYLED_ITEM('color',(#10700),#4156);
#10700 = PRESENTATION_STYLE_ASSIGNMENT((#10701));
#10701 = SURFACE_STYLE_USAGE(.BOTH.,#10702);
#10702 = SURFACE_SIDE_STYLE('',(#10703));
#10703 = SURFACE_STYLE_FILL_AREA(#10704);
#10704 = FILL_AREA_STYLE('',(#10705));
#10705 = FILL_AREA_STYLE_COLOUR('',#10579);
#10706 = STYLED_ITEM('color',(#10707),#4180);
#10707 = PRESENTATION_STYLE_ASSIGNMENT((#10708));
#10708 = SURFACE_STYLE_USAGE(.BOTH.,#10709);
#10709 = SURFACE_SIDE_STYLE('',(#10710));
#10710 = SURFACE_STYLE_FILL_AREA(#10711);
#10711 = FILL_AREA_STYLE('',(#10712));
#10712 = FILL_AREA_STYLE_COLOUR('',#10579);
#10713 = STYLED_ITEM('color',(#10714),#4197);
#10714 = PRESENTATION_STYLE_ASSIGNMENT((#10715));
#10715 = SURFACE_STYLE_USAGE(.BOTH.,#10716);
#10716 = SURFACE_SIDE_STYLE('',(#10717));
#10717 = SURFACE_STYLE_FILL_AREA(#10718);
#10718 = FILL_AREA_STYLE('',(#10719));
#10719 = FILL_AREA_STYLE_COLOUR('',#10579);
#10720 = STYLED_ITEM('color',(#10721),#4294);
#10721 = PRESENTATION_STYLE_ASSIGNMENT((#10722));
#10722 = SURFACE_STYLE_USAGE(.BOTH.,#10723);
#10723 = SURFACE_SIDE_STYLE('',(#10724));
#10724 = SURFACE_STYLE_FILL_AREA(#10725);
#10725 = FILL_AREA_STYLE('',(#10726));
#10726 = FILL_AREA_STYLE_COLOUR('',#10579);
#10727 = STYLED_ITEM('color',(#10728),#4318);
#10728 = PRESENTATION_STYLE_ASSIGNMENT((#10729));
#10729 = SURFACE_STYLE_USAGE(.BOTH.,#10730);
#10730 = SURFACE_SIDE_STYLE('',(#10731));
#10731 = SURFACE_STYLE_FILL_AREA(#10732);
#10732 = FILL_AREA_STYLE('',(#10733));
#10733 = FILL_AREA_STYLE_COLOUR('',#10579);
#10734 = STYLED_ITEM('color',(#10735),#4408);
#10735 = PRESENTATION_STYLE_ASSIGNMENT((#10736));
#10736 = SURFACE_STYLE_USAGE(.BOTH.,#10737);
#10737 = SURFACE_SIDE_STYLE('',(#10738));
#10738 = SURFACE_STYLE_FILL_AREA(#10739);
#10739 = FILL_AREA_STYLE('',(#10740));
#10740 = FILL_AREA_STYLE_COLOUR('',#10579);
#10741 = STYLED_ITEM('color',(#10742),#4425);
#10742 = PRESENTATION_STYLE_ASSIGNMENT((#10743));
#10743 = SURFACE_STYLE_USAGE(.BOTH.,#10744);
#10744 = SURFACE_SIDE_STYLE('',(#10745));
#10745 = SURFACE_STYLE_FILL_AREA(#10746);
#10746 = FILL_AREA_STYLE('',(#10747));
#10747 = FILL_AREA_STYLE_COLOUR('',#10579);
#10748 = STYLED_ITEM('color',(#10749),#4522);
#10749 = PRESENTATION_STYLE_ASSIGNMENT((#10750));
#10750 = SURFACE_STYLE_USAGE(.BOTH.,#10751);
#10751 = SURFACE_SIDE_STYLE('',(#10752));
#10752 = SURFACE_STYLE_FILL_AREA(#10753);
#10753 = FILL_AREA_STYLE('',(#10754));
#10754 = FILL_AREA_STYLE_COLOUR('',#10579);
#10755 = STYLED_ITEM('color',(#10756),#4546);
#10756 = PRESENTATION_STYLE_ASSIGNMENT((#10757));
#10757 = SURFACE_STYLE_USAGE(.BOTH.,#10758);
#10758 = SURFACE_SIDE_STYLE('',(#10759));
#10759 = SURFACE_STYLE_FILL_AREA(#10760);
#10760 = FILL_AREA_STYLE('',(#10761));
#10761 = FILL_AREA_STYLE_COLOUR('',#10579);
#10762 = STYLED_ITEM('color',(#10763),#4636);
#10763 = PRESENTATION_STYLE_ASSIGNMENT((#10764));
#10764 = SURFACE_STYLE_USAGE(.BOTH.,#10765);
#10765 = SURFACE_SIDE_STYLE('',(#10766));
#10766 = SURFACE_STYLE_FILL_AREA(#10767);
#10767 = FILL_AREA_STYLE('',(#10768));
#10768 = FILL_AREA_STYLE_COLOUR('',#10579);
#10769 = STYLED_ITEM('color',(#10770),#4653);
#10770 = PRESENTATION_STYLE_ASSIGNMENT((#10771));
#10771 = SURFACE_STYLE_USAGE(.BOTH.,#10772);
#10772 = SURFACE_SIDE_STYLE('',(#10773));
#10773 = SURFACE_STYLE_FILL_AREA(#10774);
#10774 = FILL_AREA_STYLE('',(#10775));
#10775 = FILL_AREA_STYLE_COLOUR('',#10579);
#10776 = STYLED_ITEM('color',(#10777),#4665);
#10777 = PRESENTATION_STYLE_ASSIGNMENT((#10778));
#10778 = SURFACE_STYLE_USAGE(.BOTH.,#10779);
#10779 = SURFACE_SIDE_STYLE('',(#10780));
#10780 = SURFACE_STYLE_FILL_AREA(#10781);
#10781 = FILL_AREA_STYLE('',(#10782));
#10782 = FILL_AREA_STYLE_COLOUR('',#10579);
#10783 = STYLED_ITEM('color',(#10784),#4677);
#10784 = PRESENTATION_STYLE_ASSIGNMENT((#10785));
#10785 = SURFACE_STYLE_USAGE(.BOTH.,#10786);
#10786 = SURFACE_SIDE_STYLE('',(#10787));
#10787 = SURFACE_STYLE_FILL_AREA(#10788);
#10788 = FILL_AREA_STYLE('',(#10789));
#10789 = FILL_AREA_STYLE_COLOUR('',#10579);
#10790 = STYLED_ITEM('color',(#10791),#4694);
#10791 = PRESENTATION_STYLE_ASSIGNMENT((#10792));
#10792 = SURFACE_STYLE_USAGE(.BOTH.,#10793);
#10793 = SURFACE_SIDE_STYLE('',(#10794));
#10794 = SURFACE_STYLE_FILL_AREA(#10795);
#10795 = FILL_AREA_STYLE('',(#10796));
#10796 = FILL_AREA_STYLE_COLOUR('',#10579);
#10797 = STYLED_ITEM('color',(#10798),#4711);
#10798 = PRESENTATION_STYLE_ASSIGNMENT((#10799));
#10799 = SURFACE_STYLE_USAGE(.BOTH.,#10800);
#10800 = SURFACE_SIDE_STYLE('',(#10801));
#10801 = SURFACE_STYLE_FILL_AREA(#10802);
#10802 = FILL_AREA_STYLE('',(#10803));
#10803 = FILL_AREA_STYLE_COLOUR('',#10579);
#10804 = STYLED_ITEM('color',(#10805),#4728);
#10805 = PRESENTATION_STYLE_ASSIGNMENT((#10806));
#10806 = SURFACE_STYLE_USAGE(.BOTH.,#10807);
#10807 = SURFACE_SIDE_STYLE('',(#10808));
#10808 = SURFACE_STYLE_FILL_AREA(#10809);
#10809 = FILL_AREA_STYLE('',(#10810));
#10810 = FILL_AREA_STYLE_COLOUR('',#10579);
#10811 = STYLED_ITEM('color',(#10812),#4761);
#10812 = PRESENTATION_STYLE_ASSIGNMENT((#10813));
#10813 = SURFACE_STYLE_USAGE(.BOTH.,#10814);
#10814 = SURFACE_SIDE_STYLE('',(#10815));
#10815 = SURFACE_STYLE_FILL_AREA(#10816);
#10816 = FILL_AREA_STYLE('',(#10817));
#10817 = FILL_AREA_STYLE_COLOUR('',#10579);
#10818 = STYLED_ITEM('color',(#10819),#4801);
#10819 = PRESENTATION_STYLE_ASSIGNMENT((#10820));
#10820 = SURFACE_STYLE_USAGE(.BOTH.,#10821);
#10821 = SURFACE_SIDE_STYLE('',(#10822));
#10822 = SURFACE_STYLE_FILL_AREA(#10823);
#10823 = FILL_AREA_STYLE('',(#10824));
#10824 = FILL_AREA_STYLE_COLOUR('',#10579);
#10825 = STYLED_ITEM('color',(#10826),#4832);
#10826 = PRESENTATION_STYLE_ASSIGNMENT((#10827));
#10827 = SURFACE_STYLE_USAGE(.BOTH.,#10828);
#10828 = SURFACE_SIDE_STYLE('',(#10829));
#10829 = SURFACE_STYLE_FILL_AREA(#10830);
#10830 = FILL_AREA_STYLE('',(#10831));
#10831 = FILL_AREA_STYLE_COLOUR('',#10579);
#10832 = STYLED_ITEM('color',(#10833),#4849);
#10833 = PRESENTATION_STYLE_ASSIGNMENT((#10834));
#10834 = SURFACE_STYLE_USAGE(.BOTH.,#10835);
#10835 = SURFACE_SIDE_STYLE('',(#10836));
#10836 = SURFACE_STYLE_FILL_AREA(#10837);
#10837 = FILL_AREA_STYLE('',(#10838));
#10838 = FILL_AREA_STYLE_COLOUR('',#10579);
#10839 = STYLED_ITEM('color',(#10840),#4866);
#10840 = PRESENTATION_STYLE_ASSIGNMENT((#10841));
#10841 = SURFACE_STYLE_USAGE(.BOTH.,#10842);
#10842 = SURFACE_SIDE_STYLE('',(#10843));
#10843 = SURFACE_STYLE_FILL_AREA(#10844);
#10844 = FILL_AREA_STYLE('',(#10845));
#10845 = FILL_AREA_STYLE_COLOUR('',#10579);
#10846 = STYLED_ITEM('color',(#10847),#4878);
#10847 = PRESENTATION_STYLE_ASSIGNMENT((#10848));
#10848 = SURFACE_STYLE_USAGE(.BOTH.,#10849);
#10849 = SURFACE_SIDE_STYLE('',(#10850));
#10850 = SURFACE_STYLE_FILL_AREA(#10851);
#10851 = FILL_AREA_STYLE('',(#10852));
#10852 = FILL_AREA_STYLE_COLOUR('',#10579);
#10853 = STYLED_ITEM('color',(#10854),#4911);
#10854 = PRESENTATION_STYLE_ASSIGNMENT((#10855));
#10855 = SURFACE_STYLE_USAGE(.BOTH.,#10856);
#10856 = SURFACE_SIDE_STYLE('',(#10857));
#10857 = SURFACE_STYLE_FILL_AREA(#10858);
#10858 = FILL_AREA_STYLE('',(#10859));
#10859 = FILL_AREA_STYLE_COLOUR('',#10579);
#10860 = STYLED_ITEM('color',(#10861),#4928);
#10861 = PRESENTATION_STYLE_ASSIGNMENT((#10862));
#10862 = SURFACE_STYLE_USAGE(.BOTH.,#10863);
#10863 = SURFACE_SIDE_STYLE('',(#10864));
#10864 = SURFACE_STYLE_FILL_AREA(#10865);
#10865 = FILL_AREA_STYLE('',(#10866));
#10866 = FILL_AREA_STYLE_COLOUR('',#10579);
#10867 = STYLED_ITEM('color',(#10868),#4945);
#10868 = PRESENTATION_STYLE_ASSIGNMENT((#10869));
#10869 = SURFACE_STYLE_USAGE(.BOTH.,#10870);
#10870 = SURFACE_SIDE_STYLE('',(#10871));
#10871 = SURFACE_STYLE_FILL_AREA(#10872);
#10872 = FILL_AREA_STYLE('',(#10873));
#10873 = FILL_AREA_STYLE_COLOUR('',#10579);
#10874 = STYLED_ITEM('color',(#10875),#4962);
#10875 = PRESENTATION_STYLE_ASSIGNMENT((#10876));
#10876 = SURFACE_STYLE_USAGE(.BOTH.,#10877);
#10877 = SURFACE_SIDE_STYLE('',(#10878));
#10878 = SURFACE_STYLE_FILL_AREA(#10879);
#10879 = FILL_AREA_STYLE('',(#10880));
#10880 = FILL_AREA_STYLE_COLOUR('',#10579);
#10881 = STYLED_ITEM('color',(#10882),#4995);
#10882 = PRESENTATION_STYLE_ASSIGNMENT((#10883));
#10883 = SURFACE_STYLE_USAGE(.BOTH.,#10884);
#10884 = SURFACE_SIDE_STYLE('',(#10885));
#10885 = SURFACE_STYLE_FILL_AREA(#10886);
#10886 = FILL_AREA_STYLE('',(#10887));
#10887 = FILL_AREA_STYLE_COLOUR('',#10579);
#10888 = STYLED_ITEM('color',(#10889),#5035);
#10889 = PRESENTATION_STYLE_ASSIGNMENT((#10890));
#10890 = SURFACE_STYLE_USAGE(.BOTH.,#10891);
#10891 = SURFACE_SIDE_STYLE('',(#10892));
#10892 = SURFACE_STYLE_FILL_AREA(#10893);
#10893 = FILL_AREA_STYLE('',(#10894));
#10894 = FILL_AREA_STYLE_COLOUR('',#10579);
#10895 = STYLED_ITEM('color',(#10896),#5066);
#10896 = PRESENTATION_STYLE_ASSIGNMENT((#10897));
#10897 = SURFACE_STYLE_USAGE(.BOTH.,#10898);
#10898 = SURFACE_SIDE_STYLE('',(#10899));
#10899 = SURFACE_STYLE_FILL_AREA(#10900);
#10900 = FILL_AREA_STYLE('',(#10901));
#10901 = FILL_AREA_STYLE_COLOUR('',#10579);
#10902 = STYLED_ITEM('color',(#10903),#5083);
#10903 = PRESENTATION_STYLE_ASSIGNMENT((#10904));
#10904 = SURFACE_STYLE_USAGE(.BOTH.,#10905);
#10905 = SURFACE_SIDE_STYLE('',(#10906));
#10906 = SURFACE_STYLE_FILL_AREA(#10907);
#10907 = FILL_AREA_STYLE('',(#10908));
#10908 = FILL_AREA_STYLE_COLOUR('',#10579);
#10909 = STYLED_ITEM('color',(#10910),#5100);
#10910 = PRESENTATION_STYLE_ASSIGNMENT((#10911));
#10911 = SURFACE_STYLE_USAGE(.BOTH.,#10912);
#10912 = SURFACE_SIDE_STYLE('',(#10913));
#10913 = SURFACE_STYLE_FILL_AREA(#10914);
#10914 = FILL_AREA_STYLE('',(#10915));
#10915 = FILL_AREA_STYLE_COLOUR('',#10579);
#10916 = STYLED_ITEM('color',(#10917),#5112);
#10917 = PRESENTATION_STYLE_ASSIGNMENT((#10918));
#10918 = SURFACE_STYLE_USAGE(.BOTH.,#10919);
#10919 = SURFACE_SIDE_STYLE('',(#10920));
#10920 = SURFACE_STYLE_FILL_AREA(#10921);
#10921 = FILL_AREA_STYLE('',(#10922));
#10922 = FILL_AREA_STYLE_COLOUR('',#10579);
#10923 = STYLED_ITEM('color',(#10924),#5145);
#10924 = PRESENTATION_STYLE_ASSIGNMENT((#10925));
#10925 = SURFACE_STYLE_USAGE(.BOTH.,#10926);
#10926 = SURFACE_SIDE_STYLE('',(#10927));
#10927 = SURFACE_STYLE_FILL_AREA(#10928);
#10928 = FILL_AREA_STYLE('',(#10929));
#10929 = FILL_AREA_STYLE_COLOUR('',#10579);
#10930 = STYLED_ITEM('color',(#10931),#5162);
#10931 = PRESENTATION_STYLE_ASSIGNMENT((#10932));
#10932 = SURFACE_STYLE_USAGE(.BOTH.,#10933);
#10933 = SURFACE_SIDE_STYLE('',(#10934));
#10934 = SURFACE_STYLE_FILL_AREA(#10935);
#10935 = FILL_AREA_STYLE('',(#10936));
#10936 = FILL_AREA_STYLE_COLOUR('',#10579);
#10937 = STYLED_ITEM('color',(#10938),#5179);
#10938 = PRESENTATION_STYLE_ASSIGNMENT((#10939));
#10939 = SURFACE_STYLE_USAGE(.BOTH.,#10940);
#10940 = SURFACE_SIDE_STYLE('',(#10941));
#10941 = SURFACE_STYLE_FILL_AREA(#10942);
#10942 = FILL_AREA_STYLE('',(#10943));
#10943 = FILL_AREA_STYLE_COLOUR('',#10579);
#10944 = STYLED_ITEM('color',(#10945),#5191);
#10945 = PRESENTATION_STYLE_ASSIGNMENT((#10946));
#10946 = SURFACE_STYLE_USAGE(.BOTH.,#10947);
#10947 = SURFACE_SIDE_STYLE('',(#10948));
#10948 = SURFACE_STYLE_FILL_AREA(#10949);
#10949 = FILL_AREA_STYLE('',(#10950));
#10950 = FILL_AREA_STYLE_COLOUR('',#10579);
#10951 = STYLED_ITEM('color',(#10952),#5208);
#10952 = PRESENTATION_STYLE_ASSIGNMENT((#10953));
#10953 = SURFACE_STYLE_USAGE(.BOTH.,#10954);
#10954 = SURFACE_SIDE_STYLE('',(#10955));
#10955 = SURFACE_STYLE_FILL_AREA(#10956);
#10956 = FILL_AREA_STYLE('',(#10957));
#10957 = FILL_AREA_STYLE_COLOUR('',#10579);
#10958 = STYLED_ITEM('color',(#10959),#5225);
#10959 = PRESENTATION_STYLE_ASSIGNMENT((#10960));
#10960 = SURFACE_STYLE_USAGE(.BOTH.,#10961);
#10961 = SURFACE_SIDE_STYLE('',(#10962));
#10962 = SURFACE_STYLE_FILL_AREA(#10963);
#10963 = FILL_AREA_STYLE('',(#10964));
#10964 = FILL_AREA_STYLE_COLOUR('',#10579);
#10965 = MECHANICAL_DESIGN_GEOMETRIC_PRESENTATION_REPRESENTATION('',(
    #10966,#10974,#10981,#10988,#10995,#11002,#11009,#11016,#11023,
    #11030,#11037,#11044,#11051,#11058,#11065,#11072,#11079,#11086,
    #11093,#11100,#11107,#11114,#11121,#11128,#11135,#11142,#11149,
    #11156,#11163,#11170,#11177,#11184,#11191,#11198,#11205,#11212,
    #11219,#11226,#11233,#11240,#11247,#11254,#11261,#11268,#11275,
    #11282,#11289,#11296,#11303,#11310,#11317,#11324,#11331,#11338,
    #11345,#11352,#11359,#11366,#11373,#11380,#11387,#11394,#11401,
    #11408,#11415,#11422,#11429,#11436,#11443,#11450,#11457,#11464,
    #11471,#11478,#11485,#11492,#11499,#11506,#11513,#11520,#11527,
    #11534,#11541,#11548,#11555,#11562,#11569,#11576,#11583,#11590,
    #11597,#11604,#11611,#11618,#11625,#11632,#11639,#11646,#11653,
    #11660,#11667,#11674,#11681,#11688,#11695),#8929);
#10966 = STYLED_ITEM('color',(#10967),#5702);
#10967 = PRESENTATION_STYLE_ASSIGNMENT((#10968));
#10968 = SURFACE_STYLE_USAGE(.BOTH.,#10969);
#10969 = SURFACE_SIDE_STYLE('',(#10970));
#10970 = SURFACE_STYLE_FILL_AREA(#10971);
#10971 = FILL_AREA_STYLE('',(#10972));
#10972 = FILL_AREA_STYLE_COLOUR('',#10973);
#10973 = COLOUR_RGB('',0.147999998088,0.144999993226,0.144999993226);
#10974 = STYLED_ITEM('color',(#10975),#5719);
#10975 = PRESENTATION_STYLE_ASSIGNMENT((#10976));
#10976 = SURFACE_STYLE_USAGE(.BOTH.,#10977);
#10977 = SURFACE_SIDE_STYLE('',(#10978));
#10978 = SURFACE_STYLE_FILL_AREA(#10979);
#10979 = FILL_AREA_STYLE('',(#10980));
#10980 = FILL_AREA_STYLE_COLOUR('',#10973);
#10981 = STYLED_ITEM('color',(#10982),#5744);
#10982 = PRESENTATION_STYLE_ASSIGNMENT((#10983));
#10983 = SURFACE_STYLE_USAGE(.BOTH.,#10984);
#10984 = SURFACE_SIDE_STYLE('',(#10985));
#10985 = SURFACE_STYLE_FILL_AREA(#10986);
#10986 = FILL_AREA_STYLE('',(#10987));
#10987 = FILL_AREA_STYLE_COLOUR('',#9891);
#10988 = STYLED_ITEM('color',(#10989),#5867);
#10989 = PRESENTATION_STYLE_ASSIGNMENT((#10990));
#10990 = SURFACE_STYLE_USAGE(.BOTH.,#10991);
#10991 = SURFACE_SIDE_STYLE('',(#10992));
#10992 = SURFACE_STYLE_FILL_AREA(#10993);
#10993 = FILL_AREA_STYLE('',(#10994));
#10994 = FILL_AREA_STYLE_COLOUR('',#9891);
#10995 = STYLED_ITEM('color',(#10996),#5898);
#10996 = PRESENTATION_STYLE_ASSIGNMENT((#10997));
#10997 = SURFACE_STYLE_USAGE(.BOTH.,#10998);
#10998 = SURFACE_SIDE_STYLE('',(#10999));
#10999 = SURFACE_STYLE_FILL_AREA(#11000);
#11000 = FILL_AREA_STYLE('',(#11001));
#11001 = FILL_AREA_STYLE_COLOUR('',#9891);
#11002 = STYLED_ITEM('color',(#11003),#5923);
#11003 = PRESENTATION_STYLE_ASSIGNMENT((#11004));
#11004 = SURFACE_STYLE_USAGE(.BOTH.,#11005);
#11005 = SURFACE_SIDE_STYLE('',(#11006));
#11006 = SURFACE_STYLE_FILL_AREA(#11007);
#11007 = FILL_AREA_STYLE('',(#11008));
#11008 = FILL_AREA_STYLE_COLOUR('',#9891);
#11009 = STYLED_ITEM('color',(#11010),#5948);
#11010 = PRESENTATION_STYLE_ASSIGNMENT((#11011));
#11011 = SURFACE_STYLE_USAGE(.BOTH.,#11012);
#11012 = SURFACE_SIDE_STYLE('',(#11013));
#11013 = SURFACE_STYLE_FILL_AREA(#11014);
#11014 = FILL_AREA_STYLE('',(#11015));
#11015 = FILL_AREA_STYLE_COLOUR('',#9891);
#11016 = STYLED_ITEM('color',(#11017),#5972);
#11017 = PRESENTATION_STYLE_ASSIGNMENT((#11018));
#11018 = SURFACE_STYLE_USAGE(.BOTH.,#11019);
#11019 = SURFACE_SIDE_STYLE('',(#11020));
#11020 = SURFACE_STYLE_FILL_AREA(#11021);
#11021 = FILL_AREA_STYLE('',(#11022));
#11022 = FILL_AREA_STYLE_COLOUR('',#9891);
#11023 = STYLED_ITEM('color',(#11024),#5996);
#11024 = PRESENTATION_STYLE_ASSIGNMENT((#11025));
#11025 = SURFACE_STYLE_USAGE(.BOTH.,#11026);
#11026 = SURFACE_SIDE_STYLE('',(#11027));
#11027 = SURFACE_STYLE_FILL_AREA(#11028);
#11028 = FILL_AREA_STYLE('',(#11029));
#11029 = FILL_AREA_STYLE_COLOUR('',#9891);
#11030 = STYLED_ITEM('color',(#11031),#6021);
#11031 = PRESENTATION_STYLE_ASSIGNMENT((#11032));
#11032 = SURFACE_STYLE_USAGE(.BOTH.,#11033);
#11033 = SURFACE_SIDE_STYLE('',(#11034));
#11034 = SURFACE_STYLE_FILL_AREA(#11035);
#11035 = FILL_AREA_STYLE('',(#11036));
#11036 = FILL_AREA_STYLE_COLOUR('',#9891);
#11037 = STYLED_ITEM('color',(#11038),#6046);
#11038 = PRESENTATION_STYLE_ASSIGNMENT((#11039));
#11039 = SURFACE_STYLE_USAGE(.BOTH.,#11040);
#11040 = SURFACE_SIDE_STYLE('',(#11041));
#11041 = SURFACE_STYLE_FILL_AREA(#11042);
#11042 = FILL_AREA_STYLE('',(#11043));
#11043 = FILL_AREA_STYLE_COLOUR('',#9891);
#11044 = STYLED_ITEM('color',(#11045),#6063);
#11045 = PRESENTATION_STYLE_ASSIGNMENT((#11046));
#11046 = SURFACE_STYLE_USAGE(.BOTH.,#11047);
#11047 = SURFACE_SIDE_STYLE('',(#11048));
#11048 = SURFACE_STYLE_FILL_AREA(#11049);
#11049 = FILL_AREA_STYLE('',(#11050));
#11050 = FILL_AREA_STYLE_COLOUR('',#10973);
#11051 = STYLED_ITEM('color',(#11052),#6088);
#11052 = PRESENTATION_STYLE_ASSIGNMENT((#11053));
#11053 = SURFACE_STYLE_USAGE(.BOTH.,#11054);
#11054 = SURFACE_SIDE_STYLE('',(#11055));
#11055 = SURFACE_STYLE_FILL_AREA(#11056);
#11056 = FILL_AREA_STYLE('',(#11057));
#11057 = FILL_AREA_STYLE_COLOUR('',#10973);
#11058 = STYLED_ITEM('color',(#11059),#6113);
#11059 = PRESENTATION_STYLE_ASSIGNMENT((#11060));
#11060 = SURFACE_STYLE_USAGE(.BOTH.,#11061);
#11061 = SURFACE_SIDE_STYLE('',(#11062));
#11062 = SURFACE_STYLE_FILL_AREA(#11063);
#11063 = FILL_AREA_STYLE('',(#11064));
#11064 = FILL_AREA_STYLE_COLOUR('',#10973);
#11065 = STYLED_ITEM('color',(#11066),#6138);
#11066 = PRESENTATION_STYLE_ASSIGNMENT((#11067));
#11067 = SURFACE_STYLE_USAGE(.BOTH.,#11068);
#11068 = SURFACE_SIDE_STYLE('',(#11069));
#11069 = SURFACE_STYLE_FILL_AREA(#11070);
#11070 = FILL_AREA_STYLE('',(#11071));
#11071 = FILL_AREA_STYLE_COLOUR('',#10973);
#11072 = STYLED_ITEM('color',(#11073),#6163);
#11073 = PRESENTATION_STYLE_ASSIGNMENT((#11074));
#11074 = SURFACE_STYLE_USAGE(.BOTH.,#11075);
#11075 = SURFACE_SIDE_STYLE('',(#11076));
#11076 = SURFACE_STYLE_FILL_AREA(#11077);
#11077 = FILL_AREA_STYLE('',(#11078));
#11078 = FILL_AREA_STYLE_COLOUR('',#10973);
#11079 = STYLED_ITEM('color',(#11080),#6194);
#11080 = PRESENTATION_STYLE_ASSIGNMENT((#11081));
#11081 = SURFACE_STYLE_USAGE(.BOTH.,#11082);
#11082 = SURFACE_SIDE_STYLE('',(#11083));
#11083 = SURFACE_STYLE_FILL_AREA(#11084);
#11084 = FILL_AREA_STYLE('',(#11085));
#11085 = FILL_AREA_STYLE_COLOUR('',#10973);
#11086 = STYLED_ITEM('color',(#11087),#6219);
#11087 = PRESENTATION_STYLE_ASSIGNMENT((#11088));
#11088 = SURFACE_STYLE_USAGE(.BOTH.,#11089);
#11089 = SURFACE_SIDE_STYLE('',(#11090));
#11090 = SURFACE_STYLE_FILL_AREA(#11091);
#11091 = FILL_AREA_STYLE('',(#11092));
#11092 = FILL_AREA_STYLE_COLOUR('',#10973);
#11093 = STYLED_ITEM('color',(#11094),#6244);
#11094 = PRESENTATION_STYLE_ASSIGNMENT((#11095));
#11095 = SURFACE_STYLE_USAGE(.BOTH.,#11096);
#11096 = SURFACE_SIDE_STYLE('',(#11097));
#11097 = SURFACE_STYLE_FILL_AREA(#11098);
#11098 = FILL_AREA_STYLE('',(#11099));
#11099 = FILL_AREA_STYLE_COLOUR('',#10973);
#11100 = STYLED_ITEM('color',(#11101),#6332);
#11101 = PRESENTATION_STYLE_ASSIGNMENT((#11102));
#11102 = SURFACE_STYLE_USAGE(.BOTH.,#11103);
#11103 = SURFACE_SIDE_STYLE('',(#11104));
#11104 = SURFACE_STYLE_FILL_AREA(#11105);
#11105 = FILL_AREA_STYLE('',(#11106));
#11106 = FILL_AREA_STYLE_COLOUR('',#10973);
#11107 = STYLED_ITEM('color',(#11108),#6420);
#11108 = PRESENTATION_STYLE_ASSIGNMENT((#11109));
#11109 = SURFACE_STYLE_USAGE(.BOTH.,#11110);
#11110 = SURFACE_SIDE_STYLE('',(#11111));
#11111 = SURFACE_STYLE_FILL_AREA(#11112);
#11112 = FILL_AREA_STYLE('',(#11113));
#11113 = FILL_AREA_STYLE_COLOUR('',#10973);
#11114 = STYLED_ITEM('color',(#11115),#6445);
#11115 = PRESENTATION_STYLE_ASSIGNMENT((#11116));
#11116 = SURFACE_STYLE_USAGE(.BOTH.,#11117);
#11117 = SURFACE_SIDE_STYLE('',(#11118));
#11118 = SURFACE_STYLE_FILL_AREA(#11119);
#11119 = FILL_AREA_STYLE('',(#11120));
#11120 = FILL_AREA_STYLE_COLOUR('',#10973);
#11121 = STYLED_ITEM('color',(#11122),#6470);
#11122 = PRESENTATION_STYLE_ASSIGNMENT((#11123));
#11123 = SURFACE_STYLE_USAGE(.BOTH.,#11124);
#11124 = SURFACE_SIDE_STYLE('',(#11125));
#11125 = SURFACE_STYLE_FILL_AREA(#11126);
#11126 = FILL_AREA_STYLE('',(#11127));
#11127 = FILL_AREA_STYLE_COLOUR('',#10973);
#11128 = STYLED_ITEM('color',(#11129),#6487);
#11129 = PRESENTATION_STYLE_ASSIGNMENT((#11130));
#11130 = SURFACE_STYLE_USAGE(.BOTH.,#11131);
#11131 = SURFACE_SIDE_STYLE('',(#11132));
#11132 = SURFACE_STYLE_FILL_AREA(#11133);
#11133 = FILL_AREA_STYLE('',(#11134));
#11134 = FILL_AREA_STYLE_COLOUR('',#10973);
#11135 = STYLED_ITEM('color',(#11136),#6496);
#11136 = PRESENTATION_STYLE_ASSIGNMENT((#11137));
#11137 = SURFACE_STYLE_USAGE(.BOTH.,#11138);
#11138 = SURFACE_SIDE_STYLE('',(#11139));
#11139 = SURFACE_STYLE_FILL_AREA(#11140);
#11140 = FILL_AREA_STYLE('',(#11141));
#11141 = FILL_AREA_STYLE_COLOUR('',#10973);
#11142 = STYLED_ITEM('color',(#11143),#6522);
#11143 = PRESENTATION_STYLE_ASSIGNMENT((#11144));
#11144 = SURFACE_STYLE_USAGE(.BOTH.,#11145);
#11145 = SURFACE_SIDE_STYLE('',(#11146));
#11146 = SURFACE_STYLE_FILL_AREA(#11147);
#11147 = FILL_AREA_STYLE('',(#11148));
#11148 = FILL_AREA_STYLE_COLOUR('',#10973);
#11149 = STYLED_ITEM('color',(#11150),#6531);
#11150 = PRESENTATION_STYLE_ASSIGNMENT((#11151));
#11151 = SURFACE_STYLE_USAGE(.BOTH.,#11152);
#11152 = SURFACE_SIDE_STYLE('',(#11153));
#11153 = SURFACE_STYLE_FILL_AREA(#11154);
#11154 = FILL_AREA_STYLE('',(#11155));
#11155 = FILL_AREA_STYLE_COLOUR('',#10973);
#11156 = STYLED_ITEM('color',(#11157),#6540);
#11157 = PRESENTATION_STYLE_ASSIGNMENT((#11158));
#11158 = SURFACE_STYLE_USAGE(.BOTH.,#11159);
#11159 = SURFACE_SIDE_STYLE('',(#11160));
#11160 = SURFACE_STYLE_FILL_AREA(#11161);
#11161 = FILL_AREA_STYLE('',(#11162));
#11162 = FILL_AREA_STYLE_COLOUR('',#10973);
#11163 = STYLED_ITEM('color',(#11164),#6584);
#11164 = PRESENTATION_STYLE_ASSIGNMENT((#11165));
#11165 = SURFACE_STYLE_USAGE(.BOTH.,#11166);
#11166 = SURFACE_SIDE_STYLE('',(#11167));
#11167 = SURFACE_STYLE_FILL_AREA(#11168);
#11168 = FILL_AREA_STYLE('',(#11169));
#11169 = FILL_AREA_STYLE_COLOUR('',#9891);
#11170 = STYLED_ITEM('color',(#11171),#6734);
#11171 = PRESENTATION_STYLE_ASSIGNMENT((#11172));
#11172 = SURFACE_STYLE_USAGE(.BOTH.,#11173);
#11173 = SURFACE_SIDE_STYLE('',(#11174));
#11174 = SURFACE_STYLE_FILL_AREA(#11175);
#11175 = FILL_AREA_STYLE('',(#11176));
#11176 = FILL_AREA_STYLE_COLOUR('',#9891);
#11177 = STYLED_ITEM('color',(#11178),#6758);
#11178 = PRESENTATION_STYLE_ASSIGNMENT((#11179));
#11179 = SURFACE_STYLE_USAGE(.BOTH.,#11180);
#11180 = SURFACE_SIDE_STYLE('',(#11181));
#11181 = SURFACE_STYLE_FILL_AREA(#11182);
#11182 = FILL_AREA_STYLE('',(#11183));
#11183 = FILL_AREA_STYLE_COLOUR('',#9891);
#11184 = STYLED_ITEM('color',(#11185),#6901);
#11185 = PRESENTATION_STYLE_ASSIGNMENT((#11186));
#11186 = SURFACE_STYLE_USAGE(.BOTH.,#11187);
#11187 = SURFACE_SIDE_STYLE('',(#11188));
#11188 = SURFACE_STYLE_FILL_AREA(#11189);
#11189 = FILL_AREA_STYLE('',(#11190));
#11190 = FILL_AREA_STYLE_COLOUR('',#9891);
#11191 = STYLED_ITEM('color',(#11192),#7051);
#11192 = PRESENTATION_STYLE_ASSIGNMENT((#11193));
#11193 = SURFACE_STYLE_USAGE(.BOTH.,#11194);
#11194 = SURFACE_SIDE_STYLE('',(#11195));
#11195 = SURFACE_STYLE_FILL_AREA(#11196);
#11196 = FILL_AREA_STYLE('',(#11197));
#11197 = FILL_AREA_STYLE_COLOUR('',#9891);
#11198 = STYLED_ITEM('color',(#11199),#7201);
#11199 = PRESENTATION_STYLE_ASSIGNMENT((#11200));
#11200 = SURFACE_STYLE_USAGE(.BOTH.,#11201);
#11201 = SURFACE_SIDE_STYLE('',(#11202));
#11202 = SURFACE_STYLE_FILL_AREA(#11203);
#11203 = FILL_AREA_STYLE('',(#11204));
#11204 = FILL_AREA_STYLE_COLOUR('',#9891);
#11205 = STYLED_ITEM('color',(#11206),#7218);
#11206 = PRESENTATION_STYLE_ASSIGNMENT((#11207));
#11207 = SURFACE_STYLE_USAGE(.BOTH.,#11208);
#11208 = SURFACE_SIDE_STYLE('',(#11209));
#11209 = SURFACE_STYLE_FILL_AREA(#11210);
#11210 = FILL_AREA_STYLE('',(#11211));
#11211 = FILL_AREA_STYLE_COLOUR('',#9891);
#11212 = STYLED_ITEM('color',(#11213),#7368);
#11213 = PRESENTATION_STYLE_ASSIGNMENT((#11214));
#11214 = SURFACE_STYLE_USAGE(.BOTH.,#11215);
#11215 = SURFACE_SIDE_STYLE('',(#11216));
#11216 = SURFACE_STYLE_FILL_AREA(#11217);
#11217 = FILL_AREA_STYLE('',(#11218));
#11218 = FILL_AREA_STYLE_COLOUR('',#9891);
#11219 = STYLED_ITEM('color',(#11220),#7392);
#11220 = PRESENTATION_STYLE_ASSIGNMENT((#11221));
#11221 = SURFACE_STYLE_USAGE(.BOTH.,#11222);
#11222 = SURFACE_SIDE_STYLE('',(#11223));
#11223 = SURFACE_STYLE_FILL_AREA(#11224);
#11224 = FILL_AREA_STYLE('',(#11225));
#11225 = FILL_AREA_STYLE_COLOUR('',#9891);
#11226 = STYLED_ITEM('color',(#11227),#7535);
#11227 = PRESENTATION_STYLE_ASSIGNMENT((#11228));
#11228 = SURFACE_STYLE_USAGE(.BOTH.,#11229);
#11229 = SURFACE_SIDE_STYLE('',(#11230));
#11230 = SURFACE_STYLE_FILL_AREA(#11231);
#11231 = FILL_AREA_STYLE('',(#11232));
#11232 = FILL_AREA_STYLE_COLOUR('',#9891);
#11233 = STYLED_ITEM('color',(#11234),#7685);
#11234 = PRESENTATION_STYLE_ASSIGNMENT((#11235));
#11235 = SURFACE_STYLE_USAGE(.BOTH.,#11236);
#11236 = SURFACE_SIDE_STYLE('',(#11237));
#11237 = SURFACE_STYLE_FILL_AREA(#11238);
#11238 = FILL_AREA_STYLE('',(#11239));
#11239 = FILL_AREA_STYLE_COLOUR('',#9891);
#11240 = STYLED_ITEM('color',(#11241),#7835);
#11241 = PRESENTATION_STYLE_ASSIGNMENT((#11242));
#11242 = SURFACE_STYLE_USAGE(.BOTH.,#11243);
#11243 = SURFACE_SIDE_STYLE('',(#11244));
#11244 = SURFACE_STYLE_FILL_AREA(#11245);
#11245 = FILL_AREA_STYLE('',(#11246));
#11246 = FILL_AREA_STYLE_COLOUR('',#9891);
#11247 = STYLED_ITEM('color',(#11248),#7852);
#11248 = PRESENTATION_STYLE_ASSIGNMENT((#11249));
#11249 = SURFACE_STYLE_USAGE(.BOTH.,#11250);
#11250 = SURFACE_SIDE_STYLE('',(#11251));
#11251 = SURFACE_STYLE_FILL_AREA(#11252);
#11252 = FILL_AREA_STYLE('',(#11253));
#11253 = FILL_AREA_STYLE_COLOUR('',#10973);
#11254 = STYLED_ITEM('color',(#11255),#7861);
#11255 = PRESENTATION_STYLE_ASSIGNMENT((#11256));
#11256 = SURFACE_STYLE_USAGE(.BOTH.,#11257);
#11257 = SURFACE_SIDE_STYLE('',(#11258));
#11258 = SURFACE_STYLE_FILL_AREA(#11259);
#11259 = FILL_AREA_STYLE('',(#11260));
#11260 = FILL_AREA_STYLE_COLOUR('',#9891);
#11261 = STYLED_ITEM('color',(#11262),#7878);
#11262 = PRESENTATION_STYLE_ASSIGNMENT((#11263));
#11263 = SURFACE_STYLE_USAGE(.BOTH.,#11264);
#11264 = SURFACE_SIDE_STYLE('',(#11265));
#11265 = SURFACE_STYLE_FILL_AREA(#11266);
#11266 = FILL_AREA_STYLE('',(#11267));
#11267 = FILL_AREA_STYLE_COLOUR('',#9891);
#11268 = STYLED_ITEM('color',(#11269),#7895);
#11269 = PRESENTATION_STYLE_ASSIGNMENT((#11270));
#11270 = SURFACE_STYLE_USAGE(.BOTH.,#11271);
#11271 = SURFACE_SIDE_STYLE('',(#11272));
#11272 = SURFACE_STYLE_FILL_AREA(#11273);
#11273 = FILL_AREA_STYLE('',(#11274));
#11274 = FILL_AREA_STYLE_COLOUR('',#9891);
#11275 = STYLED_ITEM('color',(#11276),#7912);
#11276 = PRESENTATION_STYLE_ASSIGNMENT((#11277));
#11277 = SURFACE_STYLE_USAGE(.BOTH.,#11278);
#11278 = SURFACE_SIDE_STYLE('',(#11279));
#11279 = SURFACE_STYLE_FILL_AREA(#11280);
#11280 = FILL_AREA_STYLE('',(#11281));
#11281 = FILL_AREA_STYLE_COLOUR('',#9891);
#11282 = STYLED_ITEM('color',(#11283),#7929);
#11283 = PRESENTATION_STYLE_ASSIGNMENT((#11284));
#11284 = SURFACE_STYLE_USAGE(.BOTH.,#11285);
#11285 = SURFACE_SIDE_STYLE('',(#11286));
#11286 = SURFACE_STYLE_FILL_AREA(#11287);
#11287 = FILL_AREA_STYLE('',(#11288));
#11288 = FILL_AREA_STYLE_COLOUR('',#9891);
#11289 = STYLED_ITEM('color',(#11290),#7951);
#11290 = PRESENTATION_STYLE_ASSIGNMENT((#11291));
#11291 = SURFACE_STYLE_USAGE(.BOTH.,#11292);
#11292 = SURFACE_SIDE_STYLE('',(#11293));
#11293 = SURFACE_STYLE_FILL_AREA(#11294);
#11294 = FILL_AREA_STYLE('',(#11295));
#11295 = FILL_AREA_STYLE_COLOUR('',#9891);
#11296 = STYLED_ITEM('color',(#11297),#7968);
#11297 = PRESENTATION_STYLE_ASSIGNMENT((#11298));
#11298 = SURFACE_STYLE_USAGE(.BOTH.,#11299);
#11299 = SURFACE_SIDE_STYLE('',(#11300));
#11300 = SURFACE_STYLE_FILL_AREA(#11301);
#11301 = FILL_AREA_STYLE('',(#11302));
#11302 = FILL_AREA_STYLE_COLOUR('',#9891);
#11303 = STYLED_ITEM('color',(#11304),#7985);
#11304 = PRESENTATION_STYLE_ASSIGNMENT((#11305));
#11305 = SURFACE_STYLE_USAGE(.BOTH.,#11306);
#11306 = SURFACE_SIDE_STYLE('',(#11307));
#11307 = SURFACE_STYLE_FILL_AREA(#11308);
#11308 = FILL_AREA_STYLE('',(#11309));
#11309 = FILL_AREA_STYLE_COLOUR('',#9891);
#11310 = STYLED_ITEM('color',(#11311),#8002);
#11311 = PRESENTATION_STYLE_ASSIGNMENT((#11312));
#11312 = SURFACE_STYLE_USAGE(.BOTH.,#11313);
#11313 = SURFACE_SIDE_STYLE('',(#11314));
#11314 = SURFACE_STYLE_FILL_AREA(#11315);
#11315 = FILL_AREA_STYLE('',(#11316));
#11316 = FILL_AREA_STYLE_COLOUR('',#9891);
#11317 = STYLED_ITEM('color',(#11318),#8019);
#11318 = PRESENTATION_STYLE_ASSIGNMENT((#11319));
#11319 = SURFACE_STYLE_USAGE(.BOTH.,#11320);
#11320 = SURFACE_SIDE_STYLE('',(#11321));
#11321 = SURFACE_STYLE_FILL_AREA(#11322);
#11322 = FILL_AREA_STYLE('',(#11323));
#11323 = FILL_AREA_STYLE_COLOUR('',#9891);
#11324 = STYLED_ITEM('color',(#11325),#8031);
#11325 = PRESENTATION_STYLE_ASSIGNMENT((#11326));
#11326 = SURFACE_STYLE_USAGE(.BOTH.,#11327);
#11327 = SURFACE_SIDE_STYLE('',(#11328));
#11328 = SURFACE_STYLE_FILL_AREA(#11329);
#11329 = FILL_AREA_STYLE('',(#11330));
#11330 = FILL_AREA_STYLE_COLOUR('',#9891);
#11331 = STYLED_ITEM('color',(#11332),#8048);
#11332 = PRESENTATION_STYLE_ASSIGNMENT((#11333));
#11333 = SURFACE_STYLE_USAGE(.BOTH.,#11334);
#11334 = SURFACE_SIDE_STYLE('',(#11335));
#11335 = SURFACE_STYLE_FILL_AREA(#11336);
#11336 = FILL_AREA_STYLE('',(#11337));
#11337 = FILL_AREA_STYLE_COLOUR('',#9891);
#11338 = STYLED_ITEM('color',(#11339),#8065);
#11339 = PRESENTATION_STYLE_ASSIGNMENT((#11340));
#11340 = SURFACE_STYLE_USAGE(.BOTH.,#11341);
#11341 = SURFACE_SIDE_STYLE('',(#11342));
#11342 = SURFACE_STYLE_FILL_AREA(#11343);
#11343 = FILL_AREA_STYLE('',(#11344));
#11344 = FILL_AREA_STYLE_COLOUR('',#9891);
#11345 = STYLED_ITEM('color',(#11346),#8082);
#11346 = PRESENTATION_STYLE_ASSIGNMENT((#11347));
#11347 = SURFACE_STYLE_USAGE(.BOTH.,#11348);
#11348 = SURFACE_SIDE_STYLE('',(#11349));
#11349 = SURFACE_STYLE_FILL_AREA(#11350);
#11350 = FILL_AREA_STYLE('',(#11351));
#11351 = FILL_AREA_STYLE_COLOUR('',#9891);
#11352 = STYLED_ITEM('color',(#11353),#8099);
#11353 = PRESENTATION_STYLE_ASSIGNMENT((#11354));
#11354 = SURFACE_STYLE_USAGE(.BOTH.,#11355);
#11355 = SURFACE_SIDE_STYLE('',(#11356));
#11356 = SURFACE_STYLE_FILL_AREA(#11357);
#11357 = FILL_AREA_STYLE('',(#11358));
#11358 = FILL_AREA_STYLE_COLOUR('',#9891);
#11359 = STYLED_ITEM('color',(#11360),#8116);
#11360 = PRESENTATION_STYLE_ASSIGNMENT((#11361));
#11361 = SURFACE_STYLE_USAGE(.BOTH.,#11362);
#11362 = SURFACE_SIDE_STYLE('',(#11363));
#11363 = SURFACE_STYLE_FILL_AREA(#11364);
#11364 = FILL_AREA_STYLE('',(#11365));
#11365 = FILL_AREA_STYLE_COLOUR('',#9891);
#11366 = STYLED_ITEM('color',(#11367),#8133);
#11367 = PRESENTATION_STYLE_ASSIGNMENT((#11368));
#11368 = SURFACE_STYLE_USAGE(.BOTH.,#11369);
#11369 = SURFACE_SIDE_STYLE('',(#11370));
#11370 = SURFACE_STYLE_FILL_AREA(#11371);
#11371 = FILL_AREA_STYLE('',(#11372));
#11372 = FILL_AREA_STYLE_COLOUR('',#9891);
#11373 = STYLED_ITEM('color',(#11374),#8150);
#11374 = PRESENTATION_STYLE_ASSIGNMENT((#11375));
#11375 = SURFACE_STYLE_USAGE(.BOTH.,#11376);
#11376 = SURFACE_SIDE_STYLE('',(#11377));
#11377 = SURFACE_STYLE_FILL_AREA(#11378);
#11378 = FILL_AREA_STYLE('',(#11379));
#11379 = FILL_AREA_STYLE_COLOUR('',#9891);
#11380 = STYLED_ITEM('color',(#11381),#8167);
#11381 = PRESENTATION_STYLE_ASSIGNMENT((#11382));
#11382 = SURFACE_STYLE_USAGE(.BOTH.,#11383);
#11383 = SURFACE_SIDE_STYLE('',(#11384));
#11384 = SURFACE_STYLE_FILL_AREA(#11385);
#11385 = FILL_AREA_STYLE('',(#11386));
#11386 = FILL_AREA_STYLE_COLOUR('',#9891);
#11387 = STYLED_ITEM('color',(#11388),#8179);
#11388 = PRESENTATION_STYLE_ASSIGNMENT((#11389));
#11389 = SURFACE_STYLE_USAGE(.BOTH.,#11390);
#11390 = SURFACE_SIDE_STYLE('',(#11391));
#11391 = SURFACE_STYLE_FILL_AREA(#11392);
#11392 = FILL_AREA_STYLE('',(#11393));
#11393 = FILL_AREA_STYLE_COLOUR('',#9891);
#11394 = STYLED_ITEM('color',(#11395),#8201);
#11395 = PRESENTATION_STYLE_ASSIGNMENT((#11396));
#11396 = SURFACE_STYLE_USAGE(.BOTH.,#11397);
#11397 = SURFACE_SIDE_STYLE('',(#11398));
#11398 = SURFACE_STYLE_FILL_AREA(#11399);
#11399 = FILL_AREA_STYLE('',(#11400));
#11400 = FILL_AREA_STYLE_COLOUR('',#9891);
#11401 = STYLED_ITEM('color',(#11402),#8218);
#11402 = PRESENTATION_STYLE_ASSIGNMENT((#11403));
#11403 = SURFACE_STYLE_USAGE(.BOTH.,#11404);
#11404 = SURFACE_SIDE_STYLE('',(#11405));
#11405 = SURFACE_STYLE_FILL_AREA(#11406);
#11406 = FILL_AREA_STYLE('',(#11407));
#11407 = FILL_AREA_STYLE_COLOUR('',#9891);
#11408 = STYLED_ITEM('color',(#11409),#8235);
#11409 = PRESENTATION_STYLE_ASSIGNMENT((#11410));
#11410 = SURFACE_STYLE_USAGE(.BOTH.,#11411);
#11411 = SURFACE_SIDE_STYLE('',(#11412));
#11412 = SURFACE_STYLE_FILL_AREA(#11413);
#11413 = FILL_AREA_STYLE('',(#11414));
#11414 = FILL_AREA_STYLE_COLOUR('',#9891);
#11415 = STYLED_ITEM('color',(#11416),#8252);
#11416 = PRESENTATION_STYLE_ASSIGNMENT((#11417));
#11417 = SURFACE_STYLE_USAGE(.BOTH.,#11418);
#11418 = SURFACE_SIDE_STYLE('',(#11419));
#11419 = SURFACE_STYLE_FILL_AREA(#11420);
#11420 = FILL_AREA_STYLE('',(#11421));
#11421 = FILL_AREA_STYLE_COLOUR('',#9891);
#11422 = STYLED_ITEM('color',(#11423),#8269);
#11423 = PRESENTATION_STYLE_ASSIGNMENT((#11424));
#11424 = SURFACE_STYLE_USAGE(.BOTH.,#11425);
#11425 = SURFACE_SIDE_STYLE('',(#11426));
#11426 = SURFACE_STYLE_FILL_AREA(#11427);
#11427 = FILL_AREA_STYLE('',(#11428));
#11428 = FILL_AREA_STYLE_COLOUR('',#9891);
#11429 = STYLED_ITEM('color',(#11430),#8281);
#11430 = PRESENTATION_STYLE_ASSIGNMENT((#11431));
#11431 = SURFACE_STYLE_USAGE(.BOTH.,#11432);
#11432 = SURFACE_SIDE_STYLE('',(#11433));
#11433 = SURFACE_STYLE_FILL_AREA(#11434);
#11434 = FILL_AREA_STYLE('',(#11435));
#11435 = FILL_AREA_STYLE_COLOUR('',#9891);
#11436 = STYLED_ITEM('color',(#11437),#8298);
#11437 = PRESENTATION_STYLE_ASSIGNMENT((#11438));
#11438 = SURFACE_STYLE_USAGE(.BOTH.,#11439);
#11439 = SURFACE_SIDE_STYLE('',(#11440));
#11440 = SURFACE_STYLE_FILL_AREA(#11441);
#11441 = FILL_AREA_STYLE('',(#11442));
#11442 = FILL_AREA_STYLE_COLOUR('',#9891);
#11443 = STYLED_ITEM('color',(#11444),#8315);
#11444 = PRESENTATION_STYLE_ASSIGNMENT((#11445));
#11445 = SURFACE_STYLE_USAGE(.BOTH.,#11446);
#11446 = SURFACE_SIDE_STYLE('',(#11447));
#11447 = SURFACE_STYLE_FILL_AREA(#11448);
#11448 = FILL_AREA_STYLE('',(#11449));
#11449 = FILL_AREA_STYLE_COLOUR('',#9891);
#11450 = STYLED_ITEM('color',(#11451),#8332);
#11451 = PRESENTATION_STYLE_ASSIGNMENT((#11452));
#11452 = SURFACE_STYLE_USAGE(.BOTH.,#11453);
#11453 = SURFACE_SIDE_STYLE('',(#11454));
#11454 = SURFACE_STYLE_FILL_AREA(#11455);
#11455 = FILL_AREA_STYLE('',(#11456));
#11456 = FILL_AREA_STYLE_COLOUR('',#9891);
#11457 = STYLED_ITEM('color',(#11458),#8349);
#11458 = PRESENTATION_STYLE_ASSIGNMENT((#11459));
#11459 = SURFACE_STYLE_USAGE(.BOTH.,#11460);
#11460 = SURFACE_SIDE_STYLE('',(#11461));
#11461 = SURFACE_STYLE_FILL_AREA(#11462);
#11462 = FILL_AREA_STYLE('',(#11463));
#11463 = FILL_AREA_STYLE_COLOUR('',#9891);
#11464 = STYLED_ITEM('color',(#11465),#8366);
#11465 = PRESENTATION_STYLE_ASSIGNMENT((#11466));
#11466 = SURFACE_STYLE_USAGE(.BOTH.,#11467);
#11467 = SURFACE_SIDE_STYLE('',(#11468));
#11468 = SURFACE_STYLE_FILL_AREA(#11469);
#11469 = FILL_AREA_STYLE('',(#11470));
#11470 = FILL_AREA_STYLE_COLOUR('',#9891);
#11471 = STYLED_ITEM('color',(#11472),#8383);
#11472 = PRESENTATION_STYLE_ASSIGNMENT((#11473));
#11473 = SURFACE_STYLE_USAGE(.BOTH.,#11474);
#11474 = SURFACE_SIDE_STYLE('',(#11475));
#11475 = SURFACE_STYLE_FILL_AREA(#11476);
#11476 = FILL_AREA_STYLE('',(#11477));
#11477 = FILL_AREA_STYLE_COLOUR('',#9891);
#11478 = STYLED_ITEM('color',(#11479),#8400);
#11479 = PRESENTATION_STYLE_ASSIGNMENT((#11480));
#11480 = SURFACE_STYLE_USAGE(.BOTH.,#11481);
#11481 = SURFACE_SIDE_STYLE('',(#11482));
#11482 = SURFACE_STYLE_FILL_AREA(#11483);
#11483 = FILL_AREA_STYLE('',(#11484));
#11484 = FILL_AREA_STYLE_COLOUR('',#9891);
#11485 = STYLED_ITEM('color',(#11486),#8417);
#11486 = PRESENTATION_STYLE_ASSIGNMENT((#11487));
#11487 = SURFACE_STYLE_USAGE(.BOTH.,#11488);
#11488 = SURFACE_SIDE_STYLE('',(#11489));
#11489 = SURFACE_STYLE_FILL_AREA(#11490);
#11490 = FILL_AREA_STYLE('',(#11491));
#11491 = FILL_AREA_STYLE_COLOUR('',#9891);
#11492 = STYLED_ITEM('color',(#11493),#8429);
#11493 = PRESENTATION_STYLE_ASSIGNMENT((#11494));
#11494 = SURFACE_STYLE_USAGE(.BOTH.,#11495);
#11495 = SURFACE_SIDE_STYLE('',(#11496));
#11496 = SURFACE_STYLE_FILL_AREA(#11497);
#11497 = FILL_AREA_STYLE('',(#11498));
#11498 = FILL_AREA_STYLE_COLOUR('',#9891);
#11499 = STYLED_ITEM('color',(#11500),#8451);
#11500 = PRESENTATION_STYLE_ASSIGNMENT((#11501));
#11501 = SURFACE_STYLE_USAGE(.BOTH.,#11502);
#11502 = SURFACE_SIDE_STYLE('',(#11503));
#11503 = SURFACE_STYLE_FILL_AREA(#11504);
#11504 = FILL_AREA_STYLE('',(#11505));
#11505 = FILL_AREA_STYLE_COLOUR('',#9891);
#11506 = STYLED_ITEM('color',(#11507),#8468);
#11507 = PRESENTATION_STYLE_ASSIGNMENT((#11508));
#11508 = SURFACE_STYLE_USAGE(.BOTH.,#11509);
#11509 = SURFACE_SIDE_STYLE('',(#11510));
#11510 = SURFACE_STYLE_FILL_AREA(#11511);
#11511 = FILL_AREA_STYLE('',(#11512));
#11512 = FILL_AREA_STYLE_COLOUR('',#9891);
#11513 = STYLED_ITEM('color',(#11514),#8485);
#11514 = PRESENTATION_STYLE_ASSIGNMENT((#11515));
#11515 = SURFACE_STYLE_USAGE(.BOTH.,#11516);
#11516 = SURFACE_SIDE_STYLE('',(#11517));
#11517 = SURFACE_STYLE_FILL_AREA(#11518);
#11518 = FILL_AREA_STYLE('',(#11519));
#11519 = FILL_AREA_STYLE_COLOUR('',#9891);
#11520 = STYLED_ITEM('color',(#11521),#8502);
#11521 = PRESENTATION_STYLE_ASSIGNMENT((#11522));
#11522 = SURFACE_STYLE_USAGE(.BOTH.,#11523);
#11523 = SURFACE_SIDE_STYLE('',(#11524));
#11524 = SURFACE_STYLE_FILL_AREA(#11525);
#11525 = FILL_AREA_STYLE('',(#11526));
#11526 = FILL_AREA_STYLE_COLOUR('',#9891);
#11527 = STYLED_ITEM('color',(#11528),#8519);
#11528 = PRESENTATION_STYLE_ASSIGNMENT((#11529));
#11529 = SURFACE_STYLE_USAGE(.BOTH.,#11530);
#11530 = SURFACE_SIDE_STYLE('',(#11531));
#11531 = SURFACE_STYLE_FILL_AREA(#11532);
#11532 = FILL_AREA_STYLE('',(#11533));
#11533 = FILL_AREA_STYLE_COLOUR('',#9891);
#11534 = STYLED_ITEM('color',(#11535),#8531);
#11535 = PRESENTATION_STYLE_ASSIGNMENT((#11536));
#11536 = SURFACE_STYLE_USAGE(.BOTH.,#11537);
#11537 = SURFACE_SIDE_STYLE('',(#11538));
#11538 = SURFACE_STYLE_FILL_AREA(#11539);
#11539 = FILL_AREA_STYLE('',(#11540));
#11540 = FILL_AREA_STYLE_COLOUR('',#9891);
#11541 = STYLED_ITEM('color',(#11542),#8548);
#11542 = PRESENTATION_STYLE_ASSIGNMENT((#11543));
#11543 = SURFACE_STYLE_USAGE(.BOTH.,#11544);
#11544 = SURFACE_SIDE_STYLE('',(#11545));
#11545 = SURFACE_STYLE_FILL_AREA(#11546);
#11546 = FILL_AREA_STYLE('',(#11547));
#11547 = FILL_AREA_STYLE_COLOUR('',#9891);
#11548 = STYLED_ITEM('color',(#11549),#8565);
#11549 = PRESENTATION_STYLE_ASSIGNMENT((#11550));
#11550 = SURFACE_STYLE_USAGE(.BOTH.,#11551);
#11551 = SURFACE_SIDE_STYLE('',(#11552));
#11552 = SURFACE_STYLE_FILL_AREA(#11553);
#11553 = FILL_AREA_STYLE('',(#11554));
#11554 = FILL_AREA_STYLE_COLOUR('',#9891);
#11555 = STYLED_ITEM('color',(#11556),#8582);
#11556 = PRESENTATION_STYLE_ASSIGNMENT((#11557));
#11557 = SURFACE_STYLE_USAGE(.BOTH.,#11558);
#11558 = SURFACE_SIDE_STYLE('',(#11559));
#11559 = SURFACE_STYLE_FILL_AREA(#11560);
#11560 = FILL_AREA_STYLE('',(#11561));
#11561 = FILL_AREA_STYLE_COLOUR('',#9891);
#11562 = STYLED_ITEM('color',(#11563),#8599);
#11563 = PRESENTATION_STYLE_ASSIGNMENT((#11564));
#11564 = SURFACE_STYLE_USAGE(.BOTH.,#11565);
#11565 = SURFACE_SIDE_STYLE('',(#11566));
#11566 = SURFACE_STYLE_FILL_AREA(#11567);
#11567 = FILL_AREA_STYLE('',(#11568));
#11568 = FILL_AREA_STYLE_COLOUR('',#9891);
#11569 = STYLED_ITEM('color',(#11570),#8616);
#11570 = PRESENTATION_STYLE_ASSIGNMENT((#11571));
#11571 = SURFACE_STYLE_USAGE(.BOTH.,#11572);
#11572 = SURFACE_SIDE_STYLE('',(#11573));
#11573 = SURFACE_STYLE_FILL_AREA(#11574);
#11574 = FILL_AREA_STYLE('',(#11575));
#11575 = FILL_AREA_STYLE_COLOUR('',#9891);
#11576 = STYLED_ITEM('color',(#11577),#8633);
#11577 = PRESENTATION_STYLE_ASSIGNMENT((#11578));
#11578 = SURFACE_STYLE_USAGE(.BOTH.,#11579);
#11579 = SURFACE_SIDE_STYLE('',(#11580));
#11580 = SURFACE_STYLE_FILL_AREA(#11581);
#11581 = FILL_AREA_STYLE('',(#11582));
#11582 = FILL_AREA_STYLE_COLOUR('',#9891);
#11583 = STYLED_ITEM('color',(#11584),#8650);
#11584 = PRESENTATION_STYLE_ASSIGNMENT((#11585));
#11585 = SURFACE_STYLE_USAGE(.BOTH.,#11586);
#11586 = SURFACE_SIDE_STYLE('',(#11587));
#11587 = SURFACE_STYLE_FILL_AREA(#11588);
#11588 = FILL_AREA_STYLE('',(#11589));
#11589 = FILL_AREA_STYLE_COLOUR('',#9891);
#11590 = STYLED_ITEM('color',(#11591),#8667);
#11591 = PRESENTATION_STYLE_ASSIGNMENT((#11592));
#11592 = SURFACE_STYLE_USAGE(.BOTH.,#11593);
#11593 = SURFACE_SIDE_STYLE('',(#11594));
#11594 = SURFACE_STYLE_FILL_AREA(#11595);
#11595 = FILL_AREA_STYLE('',(#11596));
#11596 = FILL_AREA_STYLE_COLOUR('',#9891);
#11597 = STYLED_ITEM('color',(#11598),#8679);
#11598 = PRESENTATION_STYLE_ASSIGNMENT((#11599));
#11599 = SURFACE_STYLE_USAGE(.BOTH.,#11600);
#11600 = SURFACE_SIDE_STYLE('',(#11601));
#11601 = SURFACE_STYLE_FILL_AREA(#11602);
#11602 = FILL_AREA_STYLE('',(#11603));
#11603 = FILL_AREA_STYLE_COLOUR('',#9891);
#11604 = STYLED_ITEM('color',(#11605),#8701);
#11605 = PRESENTATION_STYLE_ASSIGNMENT((#11606));
#11606 = SURFACE_STYLE_USAGE(.BOTH.,#11607);
#11607 = SURFACE_SIDE_STYLE('',(#11608));
#11608 = SURFACE_STYLE_FILL_AREA(#11609);
#11609 = FILL_AREA_STYLE('',(#11610));
#11610 = FILL_AREA_STYLE_COLOUR('',#9891);
#11611 = STYLED_ITEM('color',(#11612),#8718);
#11612 = PRESENTATION_STYLE_ASSIGNMENT((#11613));
#11613 = SURFACE_STYLE_USAGE(.BOTH.,#11614);
#11614 = SURFACE_SIDE_STYLE('',(#11615));
#11615 = SURFACE_STYLE_FILL_AREA(#11616);
#11616 = FILL_AREA_STYLE('',(#11617));
#11617 = FILL_AREA_STYLE_COLOUR('',#9891);
#11618 = STYLED_ITEM('color',(#11619),#8735);
#11619 = PRESENTATION_STYLE_ASSIGNMENT((#11620));
#11620 = SURFACE_STYLE_USAGE(.BOTH.,#11621);
#11621 = SURFACE_SIDE_STYLE('',(#11622));
#11622 = SURFACE_STYLE_FILL_AREA(#11623);
#11623 = FILL_AREA_STYLE('',(#11624));
#11624 = FILL_AREA_STYLE_COLOUR('',#9891);
#11625 = STYLED_ITEM('color',(#11626),#8752);
#11626 = PRESENTATION_STYLE_ASSIGNMENT((#11627));
#11627 = SURFACE_STYLE_USAGE(.BOTH.,#11628);
#11628 = SURFACE_SIDE_STYLE('',(#11629));
#11629 = SURFACE_STYLE_FILL_AREA(#11630);
#11630 = FILL_AREA_STYLE('',(#11631));
#11631 = FILL_AREA_STYLE_COLOUR('',#9891);
#11632 = STYLED_ITEM('color',(#11633),#8769);
#11633 = PRESENTATION_STYLE_ASSIGNMENT((#11634));
#11634 = SURFACE_STYLE_USAGE(.BOTH.,#11635);
#11635 = SURFACE_SIDE_STYLE('',(#11636));
#11636 = SURFACE_STYLE_FILL_AREA(#11637);
#11637 = FILL_AREA_STYLE('',(#11638));
#11638 = FILL_AREA_STYLE_COLOUR('',#9891);
#11639 = STYLED_ITEM('color',(#11640),#8781);
#11640 = PRESENTATION_STYLE_ASSIGNMENT((#11641));
#11641 = SURFACE_STYLE_USAGE(.BOTH.,#11642);
#11642 = SURFACE_SIDE_STYLE('',(#11643));
#11643 = SURFACE_STYLE_FILL_AREA(#11644);
#11644 = FILL_AREA_STYLE('',(#11645));
#11645 = FILL_AREA_STYLE_COLOUR('',#9891);
#11646 = STYLED_ITEM('color',(#11647),#8798);
#11647 = PRESENTATION_STYLE_ASSIGNMENT((#11648));
#11648 = SURFACE_STYLE_USAGE(.BOTH.,#11649);
#11649 = SURFACE_SIDE_STYLE('',(#11650));
#11650 = SURFACE_STYLE_FILL_AREA(#11651);
#11651 = FILL_AREA_STYLE('',(#11652));
#11652 = FILL_AREA_STYLE_COLOUR('',#9891);
#11653 = STYLED_ITEM('color',(#11654),#8815);
#11654 = PRESENTATION_STYLE_ASSIGNMENT((#11655));
#11655 = SURFACE_STYLE_USAGE(.BOTH.,#11656);
#11656 = SURFACE_SIDE_STYLE('',(#11657));
#11657 = SURFACE_STYLE_FILL_AREA(#11658);
#11658 = FILL_AREA_STYLE('',(#11659));
#11659 = FILL_AREA_STYLE_COLOUR('',#9891);
#11660 = STYLED_ITEM('color',(#11661),#8832);
#11661 = PRESENTATION_STYLE_ASSIGNMENT((#11662));
#11662 = SURFACE_STYLE_USAGE(.BOTH.,#11663);
#11663 = SURFACE_SIDE_STYLE('',(#11664));
#11664 = SURFACE_STYLE_FILL_AREA(#11665);
#11665 = FILL_AREA_STYLE('',(#11666));
#11666 = FILL_AREA_STYLE_COLOUR('',#9891);
#11667 = STYLED_ITEM('color',(#11668),#8849);
#11668 = PRESENTATION_STYLE_ASSIGNMENT((#11669));
#11669 = SURFACE_STYLE_USAGE(.BOTH.,#11670);
#11670 = SURFACE_SIDE_STYLE('',(#11671));
#11671 = SURFACE_STYLE_FILL_AREA(#11672);
#11672 = FILL_AREA_STYLE('',(#11673));
#11673 = FILL_AREA_STYLE_COLOUR('',#9891);
#11674 = STYLED_ITEM('color',(#11675),#8866);
#11675 = PRESENTATION_STYLE_ASSIGNMENT((#11676));
#11676 = SURFACE_STYLE_USAGE(.BOTH.,#11677);
#11677 = SURFACE_SIDE_STYLE('',(#11678));
#11678 = SURFACE_STYLE_FILL_AREA(#11679);
#11679 = FILL_AREA_STYLE('',(#11680));
#11680 = FILL_AREA_STYLE_COLOUR('',#9891);
#11681 = STYLED_ITEM('color',(#11682),#8883);
#11682 = PRESENTATION_STYLE_ASSIGNMENT((#11683));
#11683 = SURFACE_STYLE_USAGE(.BOTH.,#11684);
#11684 = SURFACE_SIDE_STYLE('',(#11685));
#11685 = SURFACE_STYLE_FILL_AREA(#11686);
#11686 = FILL_AREA_STYLE('',(#11687));
#11687 = FILL_AREA_STYLE_COLOUR('',#9891);
#11688 = STYLED_ITEM('color',(#11689),#8900);
#11689 = PRESENTATION_STYLE_ASSIGNMENT((#11690));
#11690 = SURFACE_STYLE_USAGE(.BOTH.,#11691);
#11691 = SURFACE_SIDE_STYLE('',(#11692));
#11692 = SURFACE_STYLE_FILL_AREA(#11693);
#11693 = FILL_AREA_STYLE('',(#11694));
#11694 = FILL_AREA_STYLE_COLOUR('',#9891);
#11695 = STYLED_ITEM('color',(#11696),#8917);
#11696 = PRESENTATION_STYLE_ASSIGNMENT((#11697));
#11697 = SURFACE_STYLE_USAGE(.BOTH.,#11698);
#11698 = SURFACE_SIDE_STYLE('',(#11699));
#11699 = SURFACE_STYLE_FILL_AREA(#11700);
#11700 = FILL_AREA_STYLE('',(#11701));
#11701 = FILL_AREA_STYLE_COLOUR('',#9891);
#11702 = MECHANICAL_DESIGN_GEOMETRIC_PRESENTATION_REPRESENTATION('',(
    #11703,#11710,#11717,#11724,#11731,#11738,#11745,#11752,#11759,
    #11766,#11773,#11781,#11788,#11795,#11802,#11809,#11816,#11823,
    #11830,#11837,#11844,#11851,#11858,#11865,#11872,#11879,#11886,
    #11893),#915);
#11703 = STYLED_ITEM('color',(#11704),#63);
#11704 = PRESENTATION_STYLE_ASSIGNMENT((#11705));
#11705 = SURFACE_STYLE_USAGE(.BOTH.,#11706);
#11706 = SURFACE_SIDE_STYLE('',(#11707));
#11707 = SURFACE_STYLE_FILL_AREA(#11708);
#11708 = FILL_AREA_STYLE('',(#11709));
#11709 = FILL_AREA_STYLE_COLOUR('',#9891);
#11710 = STYLED_ITEM('color',(#11711),#139);
#11711 = PRESENTATION_STYLE_ASSIGNMENT((#11712));
#11712 = SURFACE_STYLE_USAGE(.BOTH.,#11713);
#11713 = SURFACE_SIDE_STYLE('',(#11714));
#11714 = SURFACE_STYLE_FILL_AREA(#11715);
#11715 = FILL_AREA_STYLE('',(#11716));
#11716 = FILL_AREA_STYLE_COLOUR('',#9891);
#11717 = STYLED_ITEM('color',(#11718),#170);
#11718 = PRESENTATION_STYLE_ASSIGNMENT((#11719));
#11719 = SURFACE_STYLE_USAGE(.BOTH.,#11720);
#11720 = SURFACE_SIDE_STYLE('',(#11721));
#11721 = SURFACE_STYLE_FILL_AREA(#11722);
#11722 = FILL_AREA_STYLE('',(#11723));
#11723 = FILL_AREA_STYLE_COLOUR('',#9891);
#11724 = STYLED_ITEM('color',(#11725),#195);
#11725 = PRESENTATION_STYLE_ASSIGNMENT((#11726));
#11726 = SURFACE_STYLE_USAGE(.BOTH.,#11727);
#11727 = SURFACE_SIDE_STYLE('',(#11728));
#11728 = SURFACE_STYLE_FILL_AREA(#11729);
#11729 = FILL_AREA_STYLE('',(#11730));
#11730 = FILL_AREA_STYLE_COLOUR('',#9891);
#11731 = STYLED_ITEM('color',(#11732),#220);
#11732 = PRESENTATION_STYLE_ASSIGNMENT((#11733));
#11733 = SURFACE_STYLE_USAGE(.BOTH.,#11734);
#11734 = SURFACE_SIDE_STYLE('',(#11735));
#11735 = SURFACE_STYLE_FILL_AREA(#11736);
#11736 = FILL_AREA_STYLE('',(#11737));
#11737 = FILL_AREA_STYLE_COLOUR('',#9891);
#11738 = STYLED_ITEM('color',(#11739),#244);
#11739 = PRESENTATION_STYLE_ASSIGNMENT((#11740));
#11740 = SURFACE_STYLE_USAGE(.BOTH.,#11741);
#11741 = SURFACE_SIDE_STYLE('',(#11742));
#11742 = SURFACE_STYLE_FILL_AREA(#11743);
#11743 = FILL_AREA_STYLE('',(#11744));
#11744 = FILL_AREA_STYLE_COLOUR('',#9891);
#11745 = STYLED_ITEM('color',(#11746),#268);
#11746 = PRESENTATION_STYLE_ASSIGNMENT((#11747));
#11747 = SURFACE_STYLE_USAGE(.BOTH.,#11748);
#11748 = SURFACE_SIDE_STYLE('',(#11749));
#11749 = SURFACE_STYLE_FILL_AREA(#11750);
#11750 = FILL_AREA_STYLE('',(#11751));
#11751 = FILL_AREA_STYLE_COLOUR('',#9891);
#11752 = STYLED_ITEM('color',(#11753),#293);
#11753 = PRESENTATION_STYLE_ASSIGNMENT((#11754));
#11754 = SURFACE_STYLE_USAGE(.BOTH.,#11755);
#11755 = SURFACE_SIDE_STYLE('',(#11756));
#11756 = SURFACE_STYLE_FILL_AREA(#11757);
#11757 = FILL_AREA_STYLE('',(#11758));
#11758 = FILL_AREA_STYLE_COLOUR('',#9891);
#11759 = STYLED_ITEM('color',(#11760),#318);
#11760 = PRESENTATION_STYLE_ASSIGNMENT((#11761));
#11761 = SURFACE_STYLE_USAGE(.BOTH.,#11762);
#11762 = SURFACE_SIDE_STYLE('',(#11763));
#11763 = SURFACE_STYLE_FILL_AREA(#11764);
#11764 = FILL_AREA_STYLE('',(#11765));
#11765 = FILL_AREA_STYLE_COLOUR('',#9891);
#11766 = STYLED_ITEM('color',(#11767),#335);
#11767 = PRESENTATION_STYLE_ASSIGNMENT((#11768));
#11768 = SURFACE_STYLE_USAGE(.BOTH.,#11769);
#11769 = SURFACE_SIDE_STYLE('',(#11770));
#11770 = SURFACE_STYLE_FILL_AREA(#11771);
#11771 = FILL_AREA_STYLE('',(#11772));
#11772 = FILL_AREA_STYLE_COLOUR('',#9891);
#11773 = STYLED_ITEM('color',(#11774),#421);
#11774 = PRESENTATION_STYLE_ASSIGNMENT((#11775));
#11775 = SURFACE_STYLE_USAGE(.BOTH.,#11776);
#11776 = SURFACE_SIDE_STYLE('',(#11777));
#11777 = SURFACE_STYLE_FILL_AREA(#11778);
#11778 = FILL_AREA_STYLE('',(#11779));
#11779 = FILL_AREA_STYLE_COLOUR('',#11780);
#11780 = COLOUR_RGB('',0.379000005575,0.270000008848,0.214999999939);
#11781 = STYLED_ITEM('color',(#11782),#453);
#11782 = PRESENTATION_STYLE_ASSIGNMENT((#11783));
#11783 = SURFACE_STYLE_USAGE(.BOTH.,#11784);
#11784 = SURFACE_SIDE_STYLE('',(#11785));
#11785 = SURFACE_STYLE_FILL_AREA(#11786);
#11786 = FILL_AREA_STYLE('',(#11787));
#11787 = FILL_AREA_STYLE_COLOUR('',#11780);
#11788 = STYLED_ITEM('color',(#11789),#477);
#11789 = PRESENTATION_STYLE_ASSIGNMENT((#11790));
#11790 = SURFACE_STYLE_USAGE(.BOTH.,#11791);
#11791 = SURFACE_SIDE_STYLE('',(#11792));
#11792 = SURFACE_STYLE_FILL_AREA(#11793);
#11793 = FILL_AREA_STYLE('',(#11794));
#11794 = FILL_AREA_STYLE_COLOUR('',#11780);
#11795 = STYLED_ITEM('color',(#11796),#502);
#11796 = PRESENTATION_STYLE_ASSIGNMENT((#11797));
#11797 = SURFACE_STYLE_USAGE(.BOTH.,#11798);
#11798 = SURFACE_SIDE_STYLE('',(#11799));
#11799 = SURFACE_STYLE_FILL_AREA(#11800);
#11800 = FILL_AREA_STYLE('',(#11801));
#11801 = FILL_AREA_STYLE_COLOUR('',#11780);
#11802 = STYLED_ITEM('color',(#11803),#526);
#11803 = PRESENTATION_STYLE_ASSIGNMENT((#11804));
#11804 = SURFACE_STYLE_USAGE(.BOTH.,#11805);
#11805 = SURFACE_SIDE_STYLE('',(#11806));
#11806 = SURFACE_STYLE_FILL_AREA(#11807);
#11807 = FILL_AREA_STYLE('',(#11808));
#11808 = FILL_AREA_STYLE_COLOUR('',#11780);
#11809 = STYLED_ITEM('color',(#11810),#551);
#11810 = PRESENTATION_STYLE_ASSIGNMENT((#11811));
#11811 = SURFACE_STYLE_USAGE(.BOTH.,#11812);
#11812 = SURFACE_SIDE_STYLE('',(#11813));
#11813 = SURFACE_STYLE_FILL_AREA(#11814);
#11814 = FILL_AREA_STYLE('',(#11815));
#11815 = FILL_AREA_STYLE_COLOUR('',#11780);
#11816 = STYLED_ITEM('color',(#11817),#575);
#11817 = PRESENTATION_STYLE_ASSIGNMENT((#11818));
#11818 = SURFACE_STYLE_USAGE(.BOTH.,#11819);
#11819 = SURFACE_SIDE_STYLE('',(#11820));
#11820 = SURFACE_STYLE_FILL_AREA(#11821);
#11821 = FILL_AREA_STYLE('',(#11822));
#11822 = FILL_AREA_STYLE_COLOUR('',#11780);
#11823 = STYLED_ITEM('color',(#11824),#600);
#11824 = PRESENTATION_STYLE_ASSIGNMENT((#11825));
#11825 = SURFACE_STYLE_USAGE(.BOTH.,#11826);
#11826 = SURFACE_SIDE_STYLE('',(#11827));
#11827 = SURFACE_STYLE_FILL_AREA(#11828);
#11828 = FILL_AREA_STYLE('',(#11829));
#11829 = FILL_AREA_STYLE_COLOUR('',#11780);
#11830 = STYLED_ITEM('color',(#11831),#617);
#11831 = PRESENTATION_STYLE_ASSIGNMENT((#11832));
#11832 = SURFACE_STYLE_USAGE(.BOTH.,#11833);
#11833 = SURFACE_SIDE_STYLE('',(#11834));
#11834 = SURFACE_STYLE_FILL_AREA(#11835);
#11835 = FILL_AREA_STYLE('',(#11836));
#11836 = FILL_AREA_STYLE_COLOUR('',#9891);
#11837 = STYLED_ITEM('color',(#11838),#703);
#11838 = PRESENTATION_STYLE_ASSIGNMENT((#11839));
#11839 = SURFACE_STYLE_USAGE(.BOTH.,#11840);
#11840 = SURFACE_SIDE_STYLE('',(#11841));
#11841 = SURFACE_STYLE_FILL_AREA(#11842);
#11842 = FILL_AREA_STYLE('',(#11843));
#11843 = FILL_AREA_STYLE_COLOUR('',#9891);
#11844 = STYLED_ITEM('color',(#11845),#734);
#11845 = PRESENTATION_STYLE_ASSIGNMENT((#11846));
#11846 = SURFACE_STYLE_USAGE(.BOTH.,#11847);
#11847 = SURFACE_SIDE_STYLE('',(#11848));
#11848 = SURFACE_STYLE_FILL_AREA(#11849);
#11849 = FILL_AREA_STYLE('',(#11850));
#11850 = FILL_AREA_STYLE_COLOUR('',#9891);
#11851 = STYLED_ITEM('color',(#11852),#759);
#11852 = PRESENTATION_STYLE_ASSIGNMENT((#11853));
#11853 = SURFACE_STYLE_USAGE(.BOTH.,#11854);
#11854 = SURFACE_SIDE_STYLE('',(#11855));
#11855 = SURFACE_STYLE_FILL_AREA(#11856);
#11856 = FILL_AREA_STYLE('',(#11857));
#11857 = FILL_AREA_STYLE_COLOUR('',#9891);
#11858 = STYLED_ITEM('color',(#11859),#784);
#11859 = PRESENTATION_STYLE_ASSIGNMENT((#11860));
#11860 = SURFACE_STYLE_USAGE(.BOTH.,#11861);
#11861 = SURFACE_SIDE_STYLE('',(#11862));
#11862 = SURFACE_STYLE_FILL_AREA(#11863);
#11863 = FILL_AREA_STYLE('',(#11864));
#11864 = FILL_AREA_STYLE_COLOUR('',#9891);
#11865 = STYLED_ITEM('color',(#11866),#808);
#11866 = PRESENTATION_STYLE_ASSIGNMENT((#11867));
#11867 = SURFACE_STYLE_USAGE(.BOTH.,#11868);
#11868 = SURFACE_SIDE_STYLE('',(#11869));
#11869 = SURFACE_STYLE_FILL_AREA(#11870);
#11870 = FILL_AREA_STYLE('',(#11871));
#11871 = FILL_AREA_STYLE_COLOUR('',#9891);
#11872 = STYLED_ITEM('color',(#11873),#832);
#11873 = PRESENTATION_STYLE_ASSIGNMENT((#11874));
#11874 = SURFACE_STYLE_USAGE(.BOTH.,#11875);
#11875 = SURFACE_SIDE_STYLE('',(#11876));
#11876 = SURFACE_STYLE_FILL_AREA(#11877);
#11877 = FILL_AREA_STYLE('',(#11878));
#11878 = FILL_AREA_STYLE_COLOUR('',#9891);
#11879 = STYLED_ITEM('color',(#11880),#857);
#11880 = PRESENTATION_STYLE_ASSIGNMENT((#11881));
#11881 = SURFACE_STYLE_USAGE(.BOTH.,#11882);
#11882 = SURFACE_SIDE_STYLE('',(#11883));
#11883 = SURFACE_STYLE_FILL_AREA(#11884);
#11884 = FILL_AREA_STYLE('',(#11885));
#11885 = FILL_AREA_STYLE_COLOUR('',#9891);
#11886 = STYLED_ITEM('color',(#11887),#882);
#11887 = PRESENTATION_STYLE_ASSIGNMENT((#11888));
#11888 = SURFACE_STYLE_USAGE(.BOTH.,#11889);
#11889 = SURFACE_SIDE_STYLE('',(#11890));
#11890 = SURFACE_STYLE_FILL_AREA(#11891);
#11891 = FILL_AREA_STYLE('',(#11892));
#11892 = FILL_AREA_STYLE_COLOUR('',#9891);
#11893 = STYLED_ITEM('color',(#11894),#899);
#11894 = PRESENTATION_STYLE_ASSIGNMENT((#11895));
#11895 = SURFACE_STYLE_USAGE(.BOTH.,#11896);
#11896 = SURFACE_SIDE_STYLE('',(#11897));
#11897 = SURFACE_STYLE_FILL_AREA(#11898);
#11898 = FILL_AREA_STYLE('',(#11899));
#11899 = FILL_AREA_STYLE_COLOUR('',#9891);
ENDSEC;
END-ISO-10303-21;
