ISO-10303-21;
HEADER;
/* Generated by software containing ST-Developer
 * from STEP Tools, Inc. (www.steptools.com) 
 */

FILE_DESCRIPTION(
/* description */ (''),
/* implementation_level */ '2;1');

FILE_NAME(
/* name */ 'Enclosure-Display_step.step',
/* time_stamp */ '2026-02-21T01:16:38-08:00',
/* author */ (''),
/* organization */ (''),
/* preprocessor_version */ 'ST-DEVELOPER v20.1',
/* originating_system */ 'Autodesk Translation Framework v14.21.0.0',
/* authorisation */ '');

FILE_SCHEMA (('AUTOMOTIVE_DESIGN { 1 0 10303 214 3 1 1 }'));
ENDSEC;

DATA;
#10=MECHANICAL_DESIGN_GEOMETRIC_PRESENTATION_REPRESENTATION('',(#117,#118,
#119,#120,#121,#122,#123,#124,#125,#126,#127,#128,#129,#130,#131,#132,#133,
#134,#135,#136,#137,#138,#139,#140,#141,#142,#143,#144,#145,#146,#147,#148,
#149,#150,#151,#152,#153,#154,#155,#156,#157,#158,#159,#160,#161,#162,#163,
#164,#165,#166,#167,#168,#169,#170,#171,#172,#173,#174,#175,#176,#177,#178,
#179,#180,#181,#182,#183,#184,#185,#186,#187,#188,#189,#190,#191,#192,#193,
#194,#195,#196,#197,#198,#199,#200,#201,#202,#203,#204,#205,#206,#207,#208,
#209,#210,#211,#212,#213,#214,#215,#216,#217,#218,#219,#220,#221,#222,#223,
#224,#225,#226,#227,#228,#229,#230,#231,#232,#233,#234,#235,#236,#237,#238,
#239,#240,#241,#242,#243,#244,#245,#246,#247,#248,#249,#250,#251,#252,#253,
#254,#255,#256,#257,#258,#259,#260,#261,#262,#263,#264,#265,#266,#267,#268,
#269,#270,#271,#272,#273,#274,#275,#276,#277,#278,#279,#280,#281,#282,#283,
#284,#285,#286,#287,#288,#289,#290,#291,#292,#293,#294,#295,#296,#297,#298,
#299,#300,#301,#302,#303,#304,#305,#306,#307,#308,#309,#310,#311,#312,#313,
#314,#315,#316,#317,#318,#319,#320,#321,#322,#323,#324,#325,#326,#327,#328,
#329,#330,#331,#332,#333,#334,#335,#336,#337,#338,#339,#340,#341,#342,#343,
#344,#345,#346,#347,#348,#349,#350,#351,#352,#353,#354,#355,#356,#357,#358,
#359,#360,#361,#362,#363,#364,#365,#366,#367,#368,#369,#370,#371,#372,#373,
#374,#375,#376,#377,#378,#379,#380,#381,#382,#383,#384,#385,#386,#387,#388,
#389,#390,#391,#392,#393,#394,#395,#396,#397,#398,#399,#400,#401,#402,#403,
#404,#405,#406,#407,#408,#409,#410,#411,#412,#413,#414,#415,#416,#417,#418,
#419,#420,#421,#422,#423,#424,#425,#426,#427,#428,#429,#430,#431,#432,#433,
#434,#435,#436,#437,#438,#439,#440,#441,#442,#443,#444,#445,#446,#447,#448,
#449,#450,#451,#452,#453,#454,#455,#456,#457,#458,#459,#460,#461,#462,#463,
#464,#465,#466,#467,#468,#469,#470,#471,#472,#473,#474,#475,#476,#477,#478,
#479,#480,#481,#482,#483,#484,#485,#486,#487,#488,#489,#490,#491,#492,#493,
#494,#495,#496,#497,#498,#499,#500,#501,#502,#503,#504,#505,#506,#507,#508,
#509,#510,#511,#512,#513,#514,#515,#516,#517,#518,#519,#520,#521,#522,#523,
#524,#525,#526,#527,#528,#529,#530,#531,#532,#533,#534,#535,#536,#537,#538,
#539,#540,#541,#542,#543,#544,#545,#546,#547,#548,#549,#550,#551,#552,#553,
#554,#555,#556,#557,#558,#559,#560,#561,#562,#563,#564,#565,#566,#567,#568,
#569,#570,#571,#572,#573,#574,#575,#576,#577,#578,#579,#580,#581,#582,#583,
#584,#585,#586,#587,#588,#589,#590,#591,#592,#593,#594,#595,#596,#597,#598,
#599,#600,#601,#602,#603,#604,#605,#606,#607,#608,#609,#610,#611,#612,#613,
#614,#615,#616,#617,#618,#619,#620,#621,#622,#623,#624,#625,#626,#627,#628,
#629,#630,#631,#632,#633,#634,#635,#636,#637,#638,#639,#640,#641,#642,#643,
#644,#645,#646,#647,#648,#649,#650,#651,#652,#653,#654),#19871);
#11=ITEM_DEFINED_TRANSFORMATION($,$,#13171,#13267);
#12=ITEM_DEFINED_TRANSFORMATION($,$,#13224,#13268);
#13=ITEM_DEFINED_TRANSFORMATION($,$,#13132,#13269);
#14=ITEM_DEFINED_TRANSFORMATION($,$,#12413,#13270);
#15=ITEM_DEFINED_TRANSFORMATION($,$,#12536,#13271);
#16=ITEM_DEFINED_TRANSFORMATION($,$,#12558,#13272);
#17=ITEM_DEFINED_TRANSFORMATION($,$,#12804,#13273);
#18=ITEM_DEFINED_TRANSFORMATION($,$,#12990,#13274);
#19=ITEM_DEFINED_TRANSFORMATION($,$,#13132,#13275);
#20=ITEM_DEFINED_TRANSFORMATION($,$,#13132,#13276);
#21=ITEM_DEFINED_TRANSFORMATION($,$,#13132,#13277);
#22=ITEM_DEFINED_TRANSFORMATION($,$,#13132,#13278);
#23=ITEM_DEFINED_TRANSFORMATION($,$,#13132,#13279);
#24=ITEM_DEFINED_TRANSFORMATION($,$,#13132,#13280);
#25=ITEM_DEFINED_TRANSFORMATION($,$,#13132,#13281);
#26=ITEM_DEFINED_TRANSFORMATION($,$,#13171,#13282);
#27=ITEM_DEFINED_TRANSFORMATION($,$,#13224,#13283);
#28=ITEM_DEFINED_TRANSFORMATION($,$,#12279,#13284);
#29=ITEM_DEFINED_TRANSFORMATION($,$,#12355,#13285);
#30=ITEM_DEFINED_TRANSFORMATION($,$,#12412,#13286);
#31=(
REPRESENTATION_RELATIONSHIP($,$,#19930,#19923)
REPRESENTATION_RELATIONSHIP_WITH_TRANSFORMATION(#11)
SHAPE_REPRESENTATION_RELATIONSHIP()
);
#32=(
REPRESENTATION_RELATIONSHIP($,$,#19931,#19923)
REPRESENTATION_RELATIONSHIP_WITH_TRANSFORMATION(#12)
SHAPE_REPRESENTATION_RELATIONSHIP()
);
#33=(
REPRESENTATION_RELATIONSHIP($,$,#19929,#19923)
REPRESENTATION_RELATIONSHIP_WITH_TRANSFORMATION(#13)
SHAPE_REPRESENTATION_RELATIONSHIP()
);
#34=(
REPRESENTATION_RELATIONSHIP($,$,#19924,#19923)
REPRESENTATION_RELATIONSHIP_WITH_TRANSFORMATION(#14)
SHAPE_REPRESENTATION_RELATIONSHIP()
);
#35=(
REPRESENTATION_RELATIONSHIP($,$,#19925,#19923)
REPRESENTATION_RELATIONSHIP_WITH_TRANSFORMATION(#15)
SHAPE_REPRESENTATION_RELATIONSHIP()
);
#36=(
REPRESENTATION_RELATIONSHIP($,$,#19926,#19923)
REPRESENTATION_RELATIONSHIP_WITH_TRANSFORMATION(#16)
SHAPE_REPRESENTATION_RELATIONSHIP()
);
#37=(
REPRESENTATION_RELATIONSHIP($,$,#19927,#19923)
REPRESENTATION_RELATIONSHIP_WITH_TRANSFORMATION(#17)
SHAPE_REPRESENTATION_RELATIONSHIP()
);
#38=(
REPRESENTATION_RELATIONSHIP($,$,#19928,#19923)
REPRESENTATION_RELATIONSHIP_WITH_TRANSFORMATION(#18)
SHAPE_REPRESENTATION_RELATIONSHIP()
);
#39=(
REPRESENTATION_RELATIONSHIP($,$,#19929,#19923)
REPRESENTATION_RELATIONSHIP_WITH_TRANSFORMATION(#19)
SHAPE_REPRESENTATION_RELATIONSHIP()
);
#40=(
REPRESENTATION_RELATIONSHIP($,$,#19929,#19923)
REPRESENTATION_RELATIONSHIP_WITH_TRANSFORMATION(#20)
SHAPE_REPRESENTATION_RELATIONSHIP()
);
#41=(
REPRESENTATION_RELATIONSHIP($,$,#19929,#19923)
REPRESENTATION_RELATIONSHIP_WITH_TRANSFORMATION(#21)
SHAPE_REPRESENTATION_RELATIONSHIP()
);
#42=(
REPRESENTATION_RELATIONSHIP($,$,#19929,#19923)
REPRESENTATION_RELATIONSHIP_WITH_TRANSFORMATION(#22)
SHAPE_REPRESENTATION_RELATIONSHIP()
);
#43=(
REPRESENTATION_RELATIONSHIP($,$,#19929,#19923)
REPRESENTATION_RELATIONSHIP_WITH_TRANSFORMATION(#23)
SHAPE_REPRESENTATION_RELATIONSHIP()
);
#44=(
REPRESENTATION_RELATIONSHIP($,$,#19929,#19923)
REPRESENTATION_RELATIONSHIP_WITH_TRANSFORMATION(#24)
SHAPE_REPRESENTATION_RELATIONSHIP()
);
#45=(
REPRESENTATION_RELATIONSHIP($,$,#19929,#19923)
REPRESENTATION_RELATIONSHIP_WITH_TRANSFORMATION(#25)
SHAPE_REPRESENTATION_RELATIONSHIP()
);
#46=(
REPRESENTATION_RELATIONSHIP($,$,#19930,#19923)
REPRESENTATION_RELATIONSHIP_WITH_TRANSFORMATION(#26)
SHAPE_REPRESENTATION_RELATIONSHIP()
);
#47=(
REPRESENTATION_RELATIONSHIP($,$,#19931,#19923)
REPRESENTATION_RELATIONSHIP_WITH_TRANSFORMATION(#27)
SHAPE_REPRESENTATION_RELATIONSHIP()
);
#48=(
REPRESENTATION_RELATIONSHIP($,$,#19921,#19920)
REPRESENTATION_RELATIONSHIP_WITH_TRANSFORMATION(#28)
SHAPE_REPRESENTATION_RELATIONSHIP()
);
#49=(
REPRESENTATION_RELATIONSHIP($,$,#19922,#19920)
REPRESENTATION_RELATIONSHIP_WITH_TRANSFORMATION(#29)
SHAPE_REPRESENTATION_RELATIONSHIP()
);
#50=(
REPRESENTATION_RELATIONSHIP($,$,#19923,#19920)
REPRESENTATION_RELATIONSHIP_WITH_TRANSFORMATION(#30)
SHAPE_REPRESENTATION_RELATIONSHIP()
);
#51=CONTEXT_DEPENDENT_SHAPE_REPRESENTATION(#31,#19900);
#52=CONTEXT_DEPENDENT_SHAPE_REPRESENTATION(#32,#19901);
#53=CONTEXT_DEPENDENT_SHAPE_REPRESENTATION(#33,#19902);
#54=CONTEXT_DEPENDENT_SHAPE_REPRESENTATION(#34,#19903);
#55=CONTEXT_DEPENDENT_SHAPE_REPRESENTATION(#35,#19904);
#56=CONTEXT_DEPENDENT_SHAPE_REPRESENTATION(#36,#19905);
#57=CONTEXT_DEPENDENT_SHAPE_REPRESENTATION(#37,#19906);
#58=CONTEXT_DEPENDENT_SHAPE_REPRESENTATION(#38,#19907);
#59=CONTEXT_DEPENDENT_SHAPE_REPRESENTATION(#39,#19908);
#60=CONTEXT_DEPENDENT_SHAPE_REPRESENTATION(#40,#19909);
#61=CONTEXT_DEPENDENT_SHAPE_REPRESENTATION(#41,#19910);
#62=CONTEXT_DEPENDENT_SHAPE_REPRESENTATION(#42,#19911);
#63=CONTEXT_DEPENDENT_SHAPE_REPRESENTATION(#43,#19912);
#64=CONTEXT_DEPENDENT_SHAPE_REPRESENTATION(#44,#19913);
#65=CONTEXT_DEPENDENT_SHAPE_REPRESENTATION(#45,#19914);
#66=CONTEXT_DEPENDENT_SHAPE_REPRESENTATION(#46,#19915);
#67=CONTEXT_DEPENDENT_SHAPE_REPRESENTATION(#47,#19916);
#68=CONTEXT_DEPENDENT_SHAPE_REPRESENTATION(#48,#19917);
#69=CONTEXT_DEPENDENT_SHAPE_REPRESENTATION(#49,#19918);
#70=CONTEXT_DEPENDENT_SHAPE_REPRESENTATION(#50,#19919);
#71=NEXT_ASSEMBLY_USAGE_OCCURRENCE('C_0805_2012Metric:1',
'C_0805_2012Metric:1','C_0805_2012Metric:1',#19936,#19943,
'C_0805_2012Metric:1');
#72=NEXT_ASSEMBLY_USAGE_OCCURRENCE('R_0805_2012Metric:1',
'R_0805_2012Metric:1','R_0805_2012Metric:1',#19936,#19944,
'R_0805_2012Metric:1');
#73=NEXT_ASSEMBLY_USAGE_OCCURRENCE('D_DO-35_SOD27_P7.62mm_Horizontal:1',
'D_DO-35_SOD27_P7.62mm_Horizontal:1',
'D_DO-35_SOD27_P7.62mm_Horizontal:1',#19936,#19942,
'D_DO-35_SOD27_P7.62mm_Horizontal:1');
#74=NEXT_ASSEMBLY_USAGE_OCCURRENCE(
'JST_PH_S2B-PH-K_1x02_P2.00mm_Horizontal:1',
'JST_PH_S2B-PH-K_1x02_P2.00mm_Horizontal:1',
'JST_PH_S2B-PH-K_1x02_P2.00mm_Horizontal:1',#19936,#19937,
'JST_PH_S2B-PH-K_1x02_P2.00mm_Horizontal:1');
#75=NEXT_ASSEMBLY_USAGE_OCCURRENCE('LED_D5.0mm:1','LED_D5.0mm:1',
'LED_D5.0mm:1',#19936,#19938,'LED_D5.0mm:1');
#76=NEXT_ASSEMBLY_USAGE_OCCURRENCE(
'SW_Slide_SPDT_Straight_CK_OS102011MS2Q:1',
'SW_Slide_SPDT_Straight_CK_OS102011MS2Q:1',
'SW_Slide_SPDT_Straight_CK_OS102011MS2Q:1',#19936,#19939,
'SW_Slide_SPDT_Straight_CK_OS102011MS2Q:1');
#77=NEXT_ASSEMBLY_USAGE_OCCURRENCE('SW_PUSH_6mm:1','SW_PUSH_6mm:1',
'SW_PUSH_6mm:1',#19936,#19940,'SW_PUSH_6mm:1');
#78=NEXT_ASSEMBLY_USAGE_OCCURRENCE('SnoreSense_Display_PCB_v1_PCB:1',
'SnoreSense_Display_PCB_v1_PCB:1','SnoreSense_Display_PCB_v1_PCB:1',#19936,
#19941,'SnoreSense_Display_PCB_v1_PCB:1');
#79=NEXT_ASSEMBLY_USAGE_OCCURRENCE('D_DO-35_SOD27_P7.62mm_Horizontal:2',
'D_DO-35_SOD27_P7.62mm_Horizontal:2',
'D_DO-35_SOD27_P7.62mm_Horizontal:2',#19936,#19942,
'D_DO-35_SOD27_P7.62mm_Horizontal:2');
#80=NEXT_ASSEMBLY_USAGE_OCCURRENCE('D_DO-35_SOD27_P7.62mm_Horizontal:3',
'D_DO-35_SOD27_P7.62mm_Horizontal:3',
'D_DO-35_SOD27_P7.62mm_Horizontal:3',#19936,#19942,
'D_DO-35_SOD27_P7.62mm_Horizontal:3');
#81=NEXT_ASSEMBLY_USAGE_OCCURRENCE('D_DO-35_SOD27_P7.62mm_Horizontal:4',
'D_DO-35_SOD27_P7.62mm_Horizontal:4',
'D_DO-35_SOD27_P7.62mm_Horizontal:4',#19936,#19942,
'D_DO-35_SOD27_P7.62mm_Horizontal:4');
#82=NEXT_ASSEMBLY_USAGE_OCCURRENCE('D_DO-35_SOD27_P7.62mm_Horizontal:5',
'D_DO-35_SOD27_P7.62mm_Horizontal:5',
'D_DO-35_SOD27_P7.62mm_Horizontal:5',#19936,#19942,
'D_DO-35_SOD27_P7.62mm_Horizontal:5');
#83=NEXT_ASSEMBLY_USAGE_OCCURRENCE('D_DO-35_SOD27_P7.62mm_Horizontal:6',
'D_DO-35_SOD27_P7.62mm_Horizontal:6',
'D_DO-35_SOD27_P7.62mm_Horizontal:6',#19936,#19942,
'D_DO-35_SOD27_P7.62mm_Horizontal:6');
#84=NEXT_ASSEMBLY_USAGE_OCCURRENCE('D_DO-35_SOD27_P7.62mm_Horizontal:7',
'D_DO-35_SOD27_P7.62mm_Horizontal:7',
'D_DO-35_SOD27_P7.62mm_Horizontal:7',#19936,#19942,
'D_DO-35_SOD27_P7.62mm_Horizontal:7');
#85=NEXT_ASSEMBLY_USAGE_OCCURRENCE('D_DO-35_SOD27_P7.62mm_Horizontal:8',
'D_DO-35_SOD27_P7.62mm_Horizontal:8',
'D_DO-35_SOD27_P7.62mm_Horizontal:8',#19936,#19942,
'D_DO-35_SOD27_P7.62mm_Horizontal:8');
#86=NEXT_ASSEMBLY_USAGE_OCCURRENCE('C_0805_2012Metric:2',
'C_0805_2012Metric:2','C_0805_2012Metric:2',#19936,#19943,
'C_0805_2012Metric:2');
#87=NEXT_ASSEMBLY_USAGE_OCCURRENCE('R_0805_2012Metric:2',
'R_0805_2012Metric:2','R_0805_2012Metric:2',#19936,#19944,
'R_0805_2012Metric:2');
#88=NEXT_ASSEMBLY_USAGE_OCCURRENCE('Bottom_Case:1','Bottom_Case:1',
'Bottom_Case:1',#19933,#19934,'Bottom_Case:1');
#89=NEXT_ASSEMBLY_USAGE_OCCURRENCE('Top case:1','Top case:1',
'Top case:1',#19933,#19935,'Top case:1');
#90=NEXT_ASSEMBLY_USAGE_OCCURRENCE('PCB Source_v3:1','PCB Source_v3:1',
'PCB Source_v3:1',#19933,#19936,'PCB Source_v3:1');
#91=TOROIDAL_SURFACE('',#12851,1.65,0.1);
#92=TOROIDAL_SURFACE('',#13137,0.5,0.25);
#93=TOROIDAL_SURFACE('',#13144,0.5,0.25);
#94=TOROIDAL_SURFACE('',#13163,0.6,0.4);
#95=TOROIDAL_SURFACE('',#13166,0.6,0.4);
#96=SPHERICAL_SURFACE('',#12537,2.45);
#97=SHAPE_REPRESENTATION_RELATIONSHIP('SRR','None',#19921,#107);
#98=SHAPE_REPRESENTATION_RELATIONSHIP('SRR','None',#19922,#108);
#99=SHAPE_REPRESENTATION_RELATIONSHIP('SRR','None',#19924,#109);
#100=SHAPE_REPRESENTATION_RELATIONSHIP('SRR','None',#19925,#110);
#101=SHAPE_REPRESENTATION_RELATIONSHIP('SRR','None',#19926,#111);
#102=SHAPE_REPRESENTATION_RELATIONSHIP('SRR','None',#19927,#112);
#103=SHAPE_REPRESENTATION_RELATIONSHIP('SRR','None',#19928,#113);
#104=SHAPE_REPRESENTATION_RELATIONSHIP('SRR','None',#19929,#114);
#105=SHAPE_REPRESENTATION_RELATIONSHIP('SRR','None',#19930,#115);
#106=SHAPE_REPRESENTATION_RELATIONSHIP('SRR','None',#19931,#116);
#107=ADVANCED_BREP_SHAPE_REPRESENTATION('',(#655),#19860);
#108=ADVANCED_BREP_SHAPE_REPRESENTATION('',(#656),#19861);
#109=ADVANCED_BREP_SHAPE_REPRESENTATION('',(#657),#19863);
#110=ADVANCED_BREP_SHAPE_REPRESENTATION('',(#658),#19864);
#111=ADVANCED_BREP_SHAPE_REPRESENTATION('',(#659,#660,#661,#662,#663,#664),
#19865);
#112=ADVANCED_BREP_SHAPE_REPRESENTATION('',(#665),#19866);
#113=ADVANCED_BREP_SHAPE_REPRESENTATION('',(#666),#19867);
#114=ADVANCED_BREP_SHAPE_REPRESENTATION('',(#667,#668),#19868);
#115=ADVANCED_BREP_SHAPE_REPRESENTATION('',(#669),#19869);
#116=ADVANCED_BREP_SHAPE_REPRESENTATION('',(#670),#19870);
#117=STYLED_ITEM('',(#19984),#655);
#118=STYLED_ITEM('',(#19984),#656);
#119=STYLED_ITEM('',(#19985),#11578);
#120=STYLED_ITEM('',(#19985),#11579);
#121=STYLED_ITEM('',(#19985),#11580);
#122=STYLED_ITEM('',(#19985),#11581);
#123=STYLED_ITEM('',(#19985),#11582);
#124=STYLED_ITEM('',(#19985),#11583);
#125=STYLED_ITEM('',(#19985),#11584);
#126=STYLED_ITEM('',(#19985),#11585);
#127=STYLED_ITEM('',(#19985),#11586);
#128=STYLED_ITEM('',(#19985),#11587);
#129=STYLED_ITEM('',(#19985),#11588);
#130=STYLED_ITEM('',(#19985),#11589);
#131=STYLED_ITEM('',(#19985),#11590);
#132=STYLED_ITEM('',(#19985),#11591);
#133=STYLED_ITEM('',(#19985),#11592);
#134=STYLED_ITEM('',(#19985),#11593);
#135=STYLED_ITEM('',(#19985),#11594);
#136=STYLED_ITEM('',(#19985),#11595);
#137=STYLED_ITEM('',(#19985),#11596);
#138=STYLED_ITEM('',(#19985),#11597);
#139=STYLED_ITEM('',(#19985),#11598);
#140=STYLED_ITEM('',(#19985),#11599);
#141=STYLED_ITEM('',(#19985),#11600);
#142=STYLED_ITEM('',(#19985),#11601);
#143=STYLED_ITEM('',(#19985),#11602);
#144=STYLED_ITEM('',(#19985),#11603);
#145=STYLED_ITEM('',(#19985),#11604);
#146=STYLED_ITEM('',(#19985),#11605);
#147=STYLED_ITEM('',(#19985),#11606);
#148=STYLED_ITEM('',(#19985),#11607);
#149=STYLED_ITEM('',(#19985),#11608);
#150=STYLED_ITEM('',(#19985),#11609);
#151=STYLED_ITEM('',(#19985),#11610);
#152=STYLED_ITEM('',(#19985),#11611);
#153=STYLED_ITEM('',(#19985),#11612);
#154=STYLED_ITEM('',(#19985),#11613);
#155=STYLED_ITEM('',(#19985),#11614);
#156=STYLED_ITEM('',(#19985),#11615);
#157=STYLED_ITEM('',(#19985),#11616);
#158=STYLED_ITEM('',(#19985),#11617);
#159=STYLED_ITEM('',(#19985),#11618);
#160=STYLED_ITEM('',(#19985),#11619);
#161=STYLED_ITEM('',(#19985),#11620);
#162=STYLED_ITEM('',(#19985),#11621);
#163=STYLED_ITEM('',(#19985),#11622);
#164=STYLED_ITEM('',(#19985),#11623);
#165=STYLED_ITEM('',(#19985),#11624);
#166=STYLED_ITEM('',(#19985),#11625);
#167=STYLED_ITEM('',(#19985),#11626);
#168=STYLED_ITEM('',(#19985),#11627);
#169=STYLED_ITEM('',(#19985),#11628);
#170=STYLED_ITEM('',(#19985),#11629);
#171=STYLED_ITEM('',(#19985),#11630);
#172=STYLED_ITEM('',(#19985),#11631);
#173=STYLED_ITEM('',(#19986),#11632);
#174=STYLED_ITEM('',(#19986),#11633);
#175=STYLED_ITEM('',(#19986),#11634);
#176=STYLED_ITEM('',(#19986),#11635);
#177=STYLED_ITEM('',(#19986),#11636);
#178=STYLED_ITEM('',(#19986),#11637);
#179=STYLED_ITEM('',(#19986),#11638);
#180=STYLED_ITEM('',(#19986),#11639);
#181=STYLED_ITEM('',(#19985),#11640);
#182=STYLED_ITEM('',(#19985),#11641);
#183=STYLED_ITEM('',(#19985),#11642);
#184=STYLED_ITEM('',(#19985),#11643);
#185=STYLED_ITEM('',(#19986),#11644);
#186=STYLED_ITEM('',(#19986),#11645);
#187=STYLED_ITEM('',(#19986),#11646);
#188=STYLED_ITEM('',(#19986),#11647);
#189=STYLED_ITEM('',(#19986),#11648);
#190=STYLED_ITEM('',(#19986),#11649);
#191=STYLED_ITEM('',(#19986),#11650);
#192=STYLED_ITEM('',(#19986),#11651);
#193=STYLED_ITEM('',(#19986),#11652);
#194=STYLED_ITEM('',(#19986),#11653);
#195=STYLED_ITEM('',(#19986),#11654);
#196=STYLED_ITEM('',(#19986),#11655);
#197=STYLED_ITEM('',(#19986),#11656);
#198=STYLED_ITEM('',(#19986),#11657);
#199=STYLED_ITEM('',(#19986),#11658);
#200=STYLED_ITEM('',(#19986),#11659);
#201=STYLED_ITEM('',(#19986),#11660);
#202=STYLED_ITEM('',(#19986),#11661);
#203=STYLED_ITEM('',(#19986),#11662);
#204=STYLED_ITEM('',(#19986),#11663);
#205=STYLED_ITEM('',(#19986),#11664);
#206=STYLED_ITEM('',(#19986),#11665);
#207=STYLED_ITEM('',(#19986),#11666);
#208=STYLED_ITEM('',(#19986),#11667);
#209=STYLED_ITEM('',(#19986),#11668);
#210=STYLED_ITEM('',(#19986),#11669);
#211=STYLED_ITEM('',(#19986),#11670);
#212=STYLED_ITEM('',(#19986),#11671);
#213=STYLED_ITEM('',(#19986),#11672);
#214=STYLED_ITEM('',(#19986),#11673);
#215=STYLED_ITEM('',(#19986),#11674);
#216=STYLED_ITEM('',(#19986),#11675);
#217=STYLED_ITEM('',(#19986),#11676);
#218=STYLED_ITEM('',(#19986),#11677);
#219=STYLED_ITEM('',(#19986),#11678);
#220=STYLED_ITEM('',(#19986),#11679);
#221=STYLED_ITEM('',(#19986),#11680);
#222=STYLED_ITEM('',(#19986),#11681);
#223=STYLED_ITEM('',(#19986),#11682);
#224=STYLED_ITEM('',(#19986),#11683);
#225=STYLED_ITEM('',(#19986),#11684);
#226=STYLED_ITEM('',(#19986),#11685);
#227=STYLED_ITEM('',(#19986),#11686);
#228=STYLED_ITEM('',(#19986),#11687);
#229=STYLED_ITEM('',(#19984),#657);
#230=STYLED_ITEM('',(#19987),#11688);
#231=STYLED_ITEM('',(#19987),#11689);
#232=STYLED_ITEM('',(#19987),#11690);
#233=STYLED_ITEM('',(#19987),#11691);
#234=STYLED_ITEM('',(#19987),#11692);
#235=STYLED_ITEM('',(#19987),#11693);
#236=STYLED_ITEM('',(#19986),#11694);
#237=STYLED_ITEM('',(#19986),#11695);
#238=STYLED_ITEM('',(#19986),#11696);
#239=STYLED_ITEM('',(#19986),#11697);
#240=STYLED_ITEM('',(#19986),#11698);
#241=STYLED_ITEM('',(#19986),#11699);
#242=STYLED_ITEM('',(#19986),#11700);
#243=STYLED_ITEM('',(#19986),#11701);
#244=STYLED_ITEM('',(#19986),#11702);
#245=STYLED_ITEM('',(#19986),#11703);
#246=STYLED_ITEM('',(#19984),#658);
#247=STYLED_ITEM('',(#19986),#11704);
#248=STYLED_ITEM('',(#19986),#11705);
#249=STYLED_ITEM('',(#19986),#11706);
#250=STYLED_ITEM('',(#19986),#11707);
#251=STYLED_ITEM('',(#19986),#11708);
#252=STYLED_ITEM('',(#19986),#11709);
#253=STYLED_ITEM('',(#19986),#11710);
#254=STYLED_ITEM('',(#19986),#11711);
#255=STYLED_ITEM('',(#19986),#11712);
#256=STYLED_ITEM('',(#19986),#11713);
#257=STYLED_ITEM('',(#19986),#11714);
#258=STYLED_ITEM('',(#19986),#11715);
#259=STYLED_ITEM('',(#19986),#11716);
#260=STYLED_ITEM('',(#19986),#11717);
#261=STYLED_ITEM('',(#19986),#11718);
#262=STYLED_ITEM('',(#19986),#11719);
#263=STYLED_ITEM('',(#19986),#11720);
#264=STYLED_ITEM('',(#19986),#11721);
#265=STYLED_ITEM('',(#19986),#11722);
#266=STYLED_ITEM('',(#19986),#11723);
#267=STYLED_ITEM('',(#19986),#11724);
#268=STYLED_ITEM('',(#19986),#11725);
#269=STYLED_ITEM('',(#19986),#11726);
#270=STYLED_ITEM('',(#19986),#11727);
#271=STYLED_ITEM('',(#19986),#11728);
#272=STYLED_ITEM('',(#19986),#11729);
#273=STYLED_ITEM('',(#19986),#11730);
#274=STYLED_ITEM('',(#19986),#11731);
#275=STYLED_ITEM('',(#19986),#11732);
#276=STYLED_ITEM('',(#19986),#11733);
#277=STYLED_ITEM('',(#19986),#11734);
#278=STYLED_ITEM('',(#19986),#11735);
#279=STYLED_ITEM('',(#19986),#11736);
#280=STYLED_ITEM('',(#19986),#11737);
#281=STYLED_ITEM('',(#19986),#11738);
#282=STYLED_ITEM('',(#19986),#11739);
#283=STYLED_ITEM('',(#19986),#11740);
#284=STYLED_ITEM('',(#19986),#11741);
#285=STYLED_ITEM('',(#19986),#11742);
#286=STYLED_ITEM('',(#19986),#11743);
#287=STYLED_ITEM('',(#19986),#11744);
#288=STYLED_ITEM('',(#19986),#11745);
#289=STYLED_ITEM('',(#19986),#11746);
#290=STYLED_ITEM('',(#19986),#11747);
#291=STYLED_ITEM('',(#19986),#11748);
#292=STYLED_ITEM('',(#19986),#11749);
#293=STYLED_ITEM('',(#19986),#11750);
#294=STYLED_ITEM('',(#19986),#11751);
#295=STYLED_ITEM('',(#19986),#11752);
#296=STYLED_ITEM('',(#19986),#11753);
#297=STYLED_ITEM('',(#19986),#11754);
#298=STYLED_ITEM('',(#19986),#11755);
#299=STYLED_ITEM('',(#19986),#11756);
#300=STYLED_ITEM('',(#19986),#11757);
#301=STYLED_ITEM('',(#19986),#11758);
#302=STYLED_ITEM('',(#19986),#11759);
#303=STYLED_ITEM('',(#19986),#11760);
#304=STYLED_ITEM('',(#19986),#11761);
#305=STYLED_ITEM('',(#19986),#11762);
#306=STYLED_ITEM('',(#19986),#11763);
#307=STYLED_ITEM('',(#19986),#11764);
#308=STYLED_ITEM('',(#19986),#11765);
#309=STYLED_ITEM('',(#19986),#11766);
#310=STYLED_ITEM('',(#19986),#11767);
#311=STYLED_ITEM('',(#19986),#11768);
#312=STYLED_ITEM('',(#19986),#11769);
#313=STYLED_ITEM('',(#19986),#11770);
#314=STYLED_ITEM('',(#19986),#11771);
#315=STYLED_ITEM('',(#19986),#11772);
#316=STYLED_ITEM('',(#19986),#11773);
#317=STYLED_ITEM('',(#19986),#11774);
#318=STYLED_ITEM('',(#19986),#11775);
#319=STYLED_ITEM('',(#19986),#11776);
#320=STYLED_ITEM('',(#19986),#11777);
#321=STYLED_ITEM('',(#19986),#11778);
#322=STYLED_ITEM('',(#19986),#11779);
#323=STYLED_ITEM('',(#19986),#11780);
#324=STYLED_ITEM('',(#19986),#11781);
#325=STYLED_ITEM('',(#19986),#11782);
#326=STYLED_ITEM('',(#19986),#11783);
#327=STYLED_ITEM('',(#19986),#11784);
#328=STYLED_ITEM('',(#19986),#11785);
#329=STYLED_ITEM('',(#19986),#11786);
#330=STYLED_ITEM('',(#19986),#11787);
#331=STYLED_ITEM('',(#19986),#11788);
#332=STYLED_ITEM('',(#19986),#11789);
#333=STYLED_ITEM('',(#19986),#11790);
#334=STYLED_ITEM('',(#19986),#11791);
#335=STYLED_ITEM('',(#19986),#11792);
#336=STYLED_ITEM('',(#19986),#11793);
#337=STYLED_ITEM('',(#19986),#11794);
#338=STYLED_ITEM('',(#19986),#11795);
#339=STYLED_ITEM('',(#19986),#11796);
#340=STYLED_ITEM('',(#19986),#11797);
#341=STYLED_ITEM('',(#19986),#11798);
#342=STYLED_ITEM('',(#19986),#11799);
#343=STYLED_ITEM('',(#19986),#11800);
#344=STYLED_ITEM('',(#19986),#11801);
#345=STYLED_ITEM('',(#19986),#11802);
#346=STYLED_ITEM('',(#19986),#11803);
#347=STYLED_ITEM('',(#19986),#11804);
#348=STYLED_ITEM('',(#19986),#11805);
#349=STYLED_ITEM('',(#19986),#11806);
#350=STYLED_ITEM('',(#19986),#11807);
#351=STYLED_ITEM('',(#19986),#11808);
#352=STYLED_ITEM('',(#19986),#11809);
#353=STYLED_ITEM('',(#19986),#11810);
#354=STYLED_ITEM('',(#19986),#11811);
#355=STYLED_ITEM('',(#19986),#11812);
#356=STYLED_ITEM('',(#19986),#11813);
#357=STYLED_ITEM('',(#19986),#11814);
#358=STYLED_ITEM('',(#19986),#11815);
#359=STYLED_ITEM('',(#19986),#11816);
#360=STYLED_ITEM('',(#19986),#11817);
#361=STYLED_ITEM('',(#19986),#11818);
#362=STYLED_ITEM('',(#19986),#11819);
#363=STYLED_ITEM('',(#19986),#11820);
#364=STYLED_ITEM('',(#19986),#11821);
#365=STYLED_ITEM('',(#19986),#11822);
#366=STYLED_ITEM('',(#19986),#11823);
#367=STYLED_ITEM('',(#19986),#11824);
#368=STYLED_ITEM('',(#19986),#11825);
#369=STYLED_ITEM('',(#19986),#11826);
#370=STYLED_ITEM('',(#19986),#11827);
#371=STYLED_ITEM('',(#19986),#11828);
#372=STYLED_ITEM('',(#19986),#11829);
#373=STYLED_ITEM('',(#19986),#11830);
#374=STYLED_ITEM('',(#19986),#11831);
#375=STYLED_ITEM('',(#19986),#11832);
#376=STYLED_ITEM('',(#19986),#11833);
#377=STYLED_ITEM('',(#19986),#11834);
#378=STYLED_ITEM('',(#19986),#11835);
#379=STYLED_ITEM('',(#19986),#11836);
#380=STYLED_ITEM('',(#19986),#11837);
#381=STYLED_ITEM('',(#19986),#11838);
#382=STYLED_ITEM('',(#19986),#11839);
#383=STYLED_ITEM('',(#19986),#11840);
#384=STYLED_ITEM('',(#19986),#11841);
#385=STYLED_ITEM('',(#19986),#11842);
#386=STYLED_ITEM('',(#19986),#11843);
#387=STYLED_ITEM('',(#19986),#11844);
#388=STYLED_ITEM('',(#19986),#11845);
#389=STYLED_ITEM('',(#19986),#11846);
#390=STYLED_ITEM('',(#19986),#11847);
#391=STYLED_ITEM('',(#19986),#11848);
#392=STYLED_ITEM('',(#19986),#11849);
#393=STYLED_ITEM('',(#19986),#11850);
#394=STYLED_ITEM('',(#19986),#11851);
#395=STYLED_ITEM('',(#19986),#11852);
#396=STYLED_ITEM('',(#19986),#11853);
#397=STYLED_ITEM('',(#19986),#11854);
#398=STYLED_ITEM('',(#19986),#11855);
#399=STYLED_ITEM('',(#19986),#11856);
#400=STYLED_ITEM('',(#19986),#11857);
#401=STYLED_ITEM('',(#19986),#11858);
#402=STYLED_ITEM('',(#19986),#11859);
#403=STYLED_ITEM('',(#19986),#11860);
#404=STYLED_ITEM('',(#19986),#11861);
#405=STYLED_ITEM('',(#19986),#11862);
#406=STYLED_ITEM('',(#19986),#11863);
#407=STYLED_ITEM('',(#19986),#11864);
#408=STYLED_ITEM('',(#19986),#11865);
#409=STYLED_ITEM('',(#19988),#659);
#410=STYLED_ITEM('',(#19989),#11866);
#411=STYLED_ITEM('',(#19989),#11867);
#412=STYLED_ITEM('',(#19989),#11868);
#413=STYLED_ITEM('',(#19989),#11869);
#414=STYLED_ITEM('',(#19989),#11870);
#415=STYLED_ITEM('',(#19989),#11871);
#416=STYLED_ITEM('',(#19989),#11872);
#417=STYLED_ITEM('',(#19989),#11873);
#418=STYLED_ITEM('',(#19989),#11874);
#419=STYLED_ITEM('',(#19989),#11875);
#420=STYLED_ITEM('',(#19989),#11876);
#421=STYLED_ITEM('',(#19989),#11877);
#422=STYLED_ITEM('',(#19989),#11878);
#423=STYLED_ITEM('',(#19989),#11879);
#424=STYLED_ITEM('',(#19988),#660);
#425=STYLED_ITEM('',(#19986),#11880);
#426=STYLED_ITEM('',(#19986),#11881);
#427=STYLED_ITEM('',(#19986),#11882);
#428=STYLED_ITEM('',(#19986),#11883);
#429=STYLED_ITEM('',(#19986),#11884);
#430=STYLED_ITEM('',(#19986),#11885);
#431=STYLED_ITEM('',(#19986),#11886);
#432=STYLED_ITEM('',(#19986),#11887);
#433=STYLED_ITEM('',(#19988),#661);
#434=STYLED_ITEM('',(#19986),#11888);
#435=STYLED_ITEM('',(#19986),#11889);
#436=STYLED_ITEM('',(#19986),#11890);
#437=STYLED_ITEM('',(#19986),#11891);
#438=STYLED_ITEM('',(#19986),#11892);
#439=STYLED_ITEM('',(#19986),#11893);
#440=STYLED_ITEM('',(#19986),#11894);
#441=STYLED_ITEM('',(#19986),#11895);
#442=STYLED_ITEM('',(#19988),#662);
#443=STYLED_ITEM('',(#19986),#11896);
#444=STYLED_ITEM('',(#19986),#11897);
#445=STYLED_ITEM('',(#19986),#11898);
#446=STYLED_ITEM('',(#19986),#11899);
#447=STYLED_ITEM('',(#19986),#11900);
#448=STYLED_ITEM('',(#19986),#11901);
#449=STYLED_ITEM('',(#19986),#11902);
#450=STYLED_ITEM('',(#19986),#11903);
#451=STYLED_ITEM('',(#19988),#663);
#452=STYLED_ITEM('',(#19990),#11904);
#453=STYLED_ITEM('',(#19990),#11905);
#454=STYLED_ITEM('',(#19990),#11906);
#455=STYLED_ITEM('',(#19990),#11907);
#456=STYLED_ITEM('',(#19990),#11908);
#457=STYLED_ITEM('',(#19990),#11909);
#458=STYLED_ITEM('',(#19990),#11910);
#459=STYLED_ITEM('',(#19990),#11911);
#460=STYLED_ITEM('',(#19990),#11912);
#461=STYLED_ITEM('',(#19990),#11913);
#462=STYLED_ITEM('',(#19990),#11914);
#463=STYLED_ITEM('',(#19990),#11915);
#464=STYLED_ITEM('',(#19990),#11916);
#465=STYLED_ITEM('',(#19990),#11917);
#466=STYLED_ITEM('',(#19990),#11918);
#467=STYLED_ITEM('',(#19990),#11919);
#468=STYLED_ITEM('',(#19990),#11920);
#469=STYLED_ITEM('',(#19990),#11921);
#470=STYLED_ITEM('',(#19990),#11922);
#471=STYLED_ITEM('',(#19990),#11923);
#472=STYLED_ITEM('',(#19990),#11924);
#473=STYLED_ITEM('',(#19988),#664);
#474=STYLED_ITEM('',(#19991),#11925);
#475=STYLED_ITEM('',(#19991),#11926);
#476=STYLED_ITEM('',(#19986),#11927);
#477=STYLED_ITEM('',(#19986),#11928);
#478=STYLED_ITEM('',(#19986),#11929);
#479=STYLED_ITEM('',(#19986),#11930);
#480=STYLED_ITEM('',(#19986),#11931);
#481=STYLED_ITEM('',(#19986),#11932);
#482=STYLED_ITEM('',(#19986),#11933);
#483=STYLED_ITEM('',(#19986),#11934);
#484=STYLED_ITEM('',(#19986),#11935);
#485=STYLED_ITEM('',(#19991),#11936);
#486=STYLED_ITEM('',(#19991),#11937);
#487=STYLED_ITEM('',(#19991),#11938);
#488=STYLED_ITEM('',(#19991),#11939);
#489=STYLED_ITEM('',(#19991),#11940);
#490=STYLED_ITEM('',(#19991),#11941);
#491=STYLED_ITEM('',(#19991),#11942);
#492=STYLED_ITEM('',(#19991),#11943);
#493=STYLED_ITEM('',(#19991),#11944);
#494=STYLED_ITEM('',(#19991),#11945);
#495=STYLED_ITEM('',(#19991),#11946);
#496=STYLED_ITEM('',(#19991),#11947);
#497=STYLED_ITEM('',(#19991),#11948);
#498=STYLED_ITEM('',(#19991),#11949);
#499=STYLED_ITEM('',(#19991),#11950);
#500=STYLED_ITEM('',(#19991),#11951);
#501=STYLED_ITEM('',(#19991),#11952);
#502=STYLED_ITEM('',(#19986),#11953);
#503=STYLED_ITEM('',(#19986),#11954);
#504=STYLED_ITEM('',(#19986),#11955);
#505=STYLED_ITEM('',(#19986),#11956);
#506=STYLED_ITEM('',(#19986),#11957);
#507=STYLED_ITEM('',(#19986),#11958);
#508=STYLED_ITEM('',(#19986),#11959);
#509=STYLED_ITEM('',(#19986),#11960);
#510=STYLED_ITEM('',(#19986),#11961);
#511=STYLED_ITEM('',(#19986),#11962);
#512=STYLED_ITEM('',(#19986),#11963);
#513=STYLED_ITEM('',(#19986),#11964);
#514=STYLED_ITEM('',(#19991),#11965);
#515=STYLED_ITEM('',(#19986),#11966);
#516=STYLED_ITEM('',(#19986),#11967);
#517=STYLED_ITEM('',(#19986),#11968);
#518=STYLED_ITEM('',(#19986),#11969);
#519=STYLED_ITEM('',(#19986),#11970);
#520=STYLED_ITEM('',(#19986),#11971);
#521=STYLED_ITEM('',(#19986),#11972);
#522=STYLED_ITEM('',(#19986),#11973);
#523=STYLED_ITEM('',(#19986),#11974);
#524=STYLED_ITEM('',(#19986),#11975);
#525=STYLED_ITEM('',(#19986),#11976);
#526=STYLED_ITEM('',(#19986),#11977);
#527=STYLED_ITEM('',(#19986),#11978);
#528=STYLED_ITEM('',(#19986),#11979);
#529=STYLED_ITEM('',(#19986),#11980);
#530=STYLED_ITEM('',(#19986),#11981);
#531=STYLED_ITEM('',(#19986),#11982);
#532=STYLED_ITEM('',(#19986),#11983);
#533=STYLED_ITEM('',(#19986),#11984);
#534=STYLED_ITEM('',(#19986),#11985);
#535=STYLED_ITEM('',(#19986),#11986);
#536=STYLED_ITEM('',(#19986),#11987);
#537=STYLED_ITEM('',(#19986),#11988);
#538=STYLED_ITEM('',(#19986),#11989);
#539=STYLED_ITEM('',(#19986),#11990);
#540=STYLED_ITEM('',(#19986),#11991);
#541=STYLED_ITEM('',(#19986),#11992);
#542=STYLED_ITEM('',(#19986),#11993);
#543=STYLED_ITEM('',(#19986),#11994);
#544=STYLED_ITEM('',(#19986),#11995);
#545=STYLED_ITEM('',(#19986),#11996);
#546=STYLED_ITEM('',(#19986),#11997);
#547=STYLED_ITEM('',(#19986),#11998);
#548=STYLED_ITEM('',(#19986),#11999);
#549=STYLED_ITEM('',(#19986),#12000);
#550=STYLED_ITEM('',(#19986),#12001);
#551=STYLED_ITEM('',(#19986),#12002);
#552=STYLED_ITEM('',(#19986),#12003);
#553=STYLED_ITEM('',(#19986),#12004);
#554=STYLED_ITEM('',(#19986),#12005);
#555=STYLED_ITEM('',(#19986),#12006);
#556=STYLED_ITEM('',(#19986),#12007);
#557=STYLED_ITEM('',(#19986),#12008);
#558=STYLED_ITEM('',(#19986),#12009);
#559=STYLED_ITEM('',(#19986),#12010);
#560=STYLED_ITEM('',(#19986),#12011);
#561=STYLED_ITEM('',(#19986),#12012);
#562=STYLED_ITEM('',(#19986),#12013);
#563=STYLED_ITEM('',(#19986),#12014);
#564=STYLED_ITEM('',(#19986),#12015);
#565=STYLED_ITEM('',(#19986),#12016);
#566=STYLED_ITEM('',(#19986),#12017);
#567=STYLED_ITEM('',(#19986),#12018);
#568=STYLED_ITEM('',(#19986),#12019);
#569=STYLED_ITEM('',(#19986),#12020);
#570=STYLED_ITEM('',(#19986),#12021);
#571=STYLED_ITEM('',(#19986),#12022);
#572=STYLED_ITEM('',(#19986),#12023);
#573=STYLED_ITEM('',(#19986),#12024);
#574=STYLED_ITEM('',(#19986),#12025);
#575=STYLED_ITEM('',(#19986),#12026);
#576=STYLED_ITEM('',(#19986),#12027);
#577=STYLED_ITEM('',(#19986),#12028);
#578=STYLED_ITEM('',(#19986),#12029);
#579=STYLED_ITEM('',(#19984),#665);
#580=STYLED_ITEM('',(#19992),#666);
#581=STYLED_ITEM('',(#19986),#12081);
#582=STYLED_ITEM('',(#19986),#12082);
#583=STYLED_ITEM('',(#19986),#12083);
#584=STYLED_ITEM('',(#19986),#12084);
#585=STYLED_ITEM('',(#19986),#12085);
#586=STYLED_ITEM('',(#19986),#12086);
#587=STYLED_ITEM('',(#19986),#12087);
#588=STYLED_ITEM('',(#19984),#667);
#589=STYLED_ITEM('',(#19987),#12088);
#590=STYLED_ITEM('',(#19987),#12089);
#591=STYLED_ITEM('',(#19987),#12090);
#592=STYLED_ITEM('',(#19993),#12091);
#593=STYLED_ITEM('',(#19993),#12092);
#594=STYLED_ITEM('',(#19993),#12093);
#595=STYLED_ITEM('',(#19993),#12094);
#596=STYLED_ITEM('',(#19993),#12095);
#597=STYLED_ITEM('',(#19993),#12096);
#598=STYLED_ITEM('',(#19984),#668);
#599=STYLED_ITEM('',(#19986),#12097);
#600=STYLED_ITEM('',(#19986),#12098);
#601=STYLED_ITEM('',(#19986),#12099);
#602=STYLED_ITEM('',(#19986),#12100);
#603=STYLED_ITEM('',(#19986),#12101);
#604=STYLED_ITEM('',(#19986),#12102);
#605=STYLED_ITEM('',(#19986),#12103);
#606=STYLED_ITEM('',(#19986),#12104);
#607=STYLED_ITEM('',(#19986),#12105);
#608=STYLED_ITEM('',(#19986),#12106);
#609=STYLED_ITEM('',(#19994),#12107);
#610=STYLED_ITEM('',(#19994),#12108);
#611=STYLED_ITEM('',(#19994),#12109);
#612=STYLED_ITEM('',(#19994),#12110);
#613=STYLED_ITEM('',(#19994),#12111);
#614=STYLED_ITEM('',(#19994),#12112);
#615=STYLED_ITEM('',(#19994),#12113);
#616=STYLED_ITEM('',(#19994),#12114);
#617=STYLED_ITEM('',(#19986),#12115);
#618=STYLED_ITEM('',(#19986),#12116);
#619=STYLED_ITEM('',(#19986),#12117);
#620=STYLED_ITEM('',(#19986),#12118);
#621=STYLED_ITEM('',(#19986),#12119);
#622=STYLED_ITEM('',(#19986),#12120);
#623=STYLED_ITEM('',(#19986),#12121);
#624=STYLED_ITEM('',(#19986),#12122);
#625=STYLED_ITEM('',(#19986),#12123);
#626=STYLED_ITEM('',(#19986),#12124);
#627=STYLED_ITEM('',(#19984),#669);
#628=STYLED_ITEM('',(#19986),#12125);
#629=STYLED_ITEM('',(#19986),#12126);
#630=STYLED_ITEM('',(#19986),#12127);
#631=STYLED_ITEM('',(#19986),#12128);
#632=STYLED_ITEM('',(#19986),#12129);
#633=STYLED_ITEM('',(#19986),#12130);
#634=STYLED_ITEM('',(#19986),#12131);
#635=STYLED_ITEM('',(#19985),#12132);
#636=STYLED_ITEM('',(#19986),#12133);
#637=STYLED_ITEM('',(#19986),#12134);
#638=STYLED_ITEM('',(#19985),#12135);
#639=STYLED_ITEM('',(#19985),#12136);
#640=STYLED_ITEM('',(#19986),#12137);
#641=STYLED_ITEM('',(#19995),#12138);
#642=STYLED_ITEM('',(#19995),#12139);
#643=STYLED_ITEM('',(#19986),#12140);
#644=STYLED_ITEM('',(#19995),#12141);
#645=STYLED_ITEM('',(#19986),#12142);
#646=STYLED_ITEM('',(#19986),#12143);
#647=STYLED_ITEM('',(#19986),#12144);
#648=STYLED_ITEM('',(#19986),#12145);
#649=STYLED_ITEM('',(#19986),#12146);
#650=STYLED_ITEM('',(#19986),#12147);
#651=STYLED_ITEM('',(#19986),#12148);
#652=STYLED_ITEM('',(#19995),#12149);
#653=STYLED_ITEM('',(#19995),#12150);
#654=STYLED_ITEM('',(#19984),#670);
#655=MANIFOLD_SOLID_BREP('Body1',#12151);
#656=MANIFOLD_SOLID_BREP('Body1',#12152);
#657=MANIFOLD_SOLID_BREP('Body1',#12153);
#658=MANIFOLD_SOLID_BREP('Body1',#12154);
#659=MANIFOLD_SOLID_BREP('Body1',#12155);
#660=MANIFOLD_SOLID_BREP('Body2',#12156);
#661=MANIFOLD_SOLID_BREP('Body3',#12157);
#662=MANIFOLD_SOLID_BREP('Body4',#12158);
#663=MANIFOLD_SOLID_BREP('Body5',#12159);
#664=MANIFOLD_SOLID_BREP('Body6',#12160);
#665=MANIFOLD_SOLID_BREP('Body1',#12161);
#666=MANIFOLD_SOLID_BREP('Body1',#12162);
#667=MANIFOLD_SOLID_BREP('Body1',#12163);
#668=MANIFOLD_SOLID_BREP('Body2',#12164);
#669=MANIFOLD_SOLID_BREP('Body1',#12165);
#670=MANIFOLD_SOLID_BREP('Body1',#12166);
#671=FACE_BOUND('',#1955,.T.);
#672=FACE_BOUND('',#1958,.T.);
#673=FACE_BOUND('',#1961,.T.);
#674=FACE_BOUND('',#1964,.T.);
#675=FACE_BOUND('',#1970,.T.);
#676=FACE_BOUND('',#1975,.T.);
#677=FACE_BOUND('',#1980,.T.);
#678=FACE_BOUND('',#1986,.T.);
#679=FACE_BOUND('',#1991,.T.);
#680=FACE_BOUND('',#1996,.T.);
#681=FACE_BOUND('',#1997,.T.);
#682=FACE_BOUND('',#1998,.T.);
#683=FACE_BOUND('',#1999,.T.);
#684=FACE_BOUND('',#2007,.T.);
#685=FACE_BOUND('',#2011,.T.);
#686=FACE_BOUND('',#2026,.T.);
#687=FACE_BOUND('',#2027,.T.);
#688=FACE_BOUND('',#2028,.T.);
#689=FACE_BOUND('',#2029,.T.);
#690=FACE_BOUND('',#2030,.T.);
#691=FACE_BOUND('',#2031,.T.);
#692=FACE_BOUND('',#2032,.T.);
#693=FACE_BOUND('',#2034,.T.);
#694=FACE_BOUND('',#2035,.T.);
#695=FACE_BOUND('',#2036,.T.);
#696=FACE_BOUND('',#2037,.T.);
#697=FACE_BOUND('',#2038,.T.);
#698=FACE_BOUND('',#2039,.T.);
#699=FACE_BOUND('',#2040,.T.);
#700=FACE_BOUND('',#2063,.T.);
#701=FACE_BOUND('',#2064,.T.);
#702=FACE_BOUND('',#2106,.T.);
#703=FACE_BOUND('',#2108,.T.);
#704=FACE_BOUND('',#2158,.T.);
#705=FACE_BOUND('',#2162,.T.);
#706=FACE_BOUND('',#2163,.T.);
#707=FACE_BOUND('',#2182,.T.);
#708=FACE_BOUND('',#2185,.T.);
#709=FACE_BOUND('',#2205,.T.);
#710=FACE_BOUND('',#2206,.T.);
#711=FACE_BOUND('',#2260,.T.);
#712=FACE_BOUND('',#2261,.T.);
#713=FACE_BOUND('',#2404,.T.);
#714=FACE_BOUND('',#2405,.T.);
#715=FACE_BOUND('',#2406,.T.);
#716=FACE_BOUND('',#2407,.T.);
#717=FACE_BOUND('',#2408,.T.);
#718=FACE_BOUND('',#2515,.T.);
#719=FACE_BOUND('',#2516,.T.);
#720=FACE_BOUND('',#2517,.T.);
#721=FACE_BOUND('',#2518,.T.);
#722=FACE_BOUND('',#2519,.T.);
#723=FACE_BOUND('',#2520,.T.);
#724=FACE_BOUND('',#2521,.T.);
#725=FACE_BOUND('',#2522,.T.);
#726=FACE_BOUND('',#2523,.T.);
#727=FACE_BOUND('',#2524,.T.);
#728=FACE_BOUND('',#2525,.T.);
#729=FACE_BOUND('',#2526,.T.);
#730=FACE_BOUND('',#2527,.T.);
#731=FACE_BOUND('',#2528,.T.);
#732=FACE_BOUND('',#2529,.T.);
#733=FACE_BOUND('',#2530,.T.);
#734=FACE_BOUND('',#2531,.T.);
#735=FACE_BOUND('',#2532,.T.);
#736=FACE_BOUND('',#2533,.T.);
#737=FACE_BOUND('',#2534,.T.);
#738=FACE_BOUND('',#2535,.T.);
#739=FACE_BOUND('',#2536,.T.);
#740=FACE_BOUND('',#2537,.T.);
#741=FACE_BOUND('',#2538,.T.);
#742=FACE_BOUND('',#2539,.T.);
#743=FACE_BOUND('',#2540,.T.);
#744=FACE_BOUND('',#2541,.T.);
#745=FACE_BOUND('',#2542,.T.);
#746=FACE_BOUND('',#2543,.T.);
#747=FACE_BOUND('',#2544,.T.);
#748=FACE_BOUND('',#2545,.T.);
#749=FACE_BOUND('',#2546,.T.);
#750=FACE_BOUND('',#2547,.T.);
#751=FACE_BOUND('',#2548,.T.);
#752=FACE_BOUND('',#2549,.T.);
#753=FACE_BOUND('',#2550,.T.);
#754=FACE_BOUND('',#2551,.T.);
#755=FACE_BOUND('',#2552,.T.);
#756=FACE_BOUND('',#2553,.T.);
#757=FACE_BOUND('',#2554,.T.);
#758=FACE_BOUND('',#2555,.T.);
#759=FACE_BOUND('',#2557,.T.);
#760=FACE_BOUND('',#2558,.T.);
#761=FACE_BOUND('',#2559,.T.);
#762=FACE_BOUND('',#2560,.T.);
#763=FACE_BOUND('',#2561,.T.);
#764=FACE_BOUND('',#2562,.T.);
#765=FACE_BOUND('',#2563,.T.);
#766=FACE_BOUND('',#2564,.T.);
#767=FACE_BOUND('',#2565,.T.);
#768=FACE_BOUND('',#2566,.T.);
#769=FACE_BOUND('',#2567,.T.);
#770=FACE_BOUND('',#2568,.T.);
#771=FACE_BOUND('',#2569,.T.);
#772=FACE_BOUND('',#2570,.T.);
#773=FACE_BOUND('',#2571,.T.);
#774=FACE_BOUND('',#2572,.T.);
#775=FACE_BOUND('',#2573,.T.);
#776=FACE_BOUND('',#2574,.T.);
#777=FACE_BOUND('',#2575,.T.);
#778=FACE_BOUND('',#2576,.T.);
#779=FACE_BOUND('',#2577,.T.);
#780=FACE_BOUND('',#2578,.T.);
#781=FACE_BOUND('',#2579,.T.);
#782=FACE_BOUND('',#2580,.T.);
#783=FACE_BOUND('',#2581,.T.);
#784=FACE_BOUND('',#2582,.T.);
#785=FACE_BOUND('',#2583,.T.);
#786=FACE_BOUND('',#2584,.T.);
#787=FACE_BOUND('',#2585,.T.);
#788=FACE_BOUND('',#2586,.T.);
#789=FACE_BOUND('',#2587,.T.);
#790=FACE_BOUND('',#2588,.T.);
#791=FACE_BOUND('',#2589,.T.);
#792=FACE_BOUND('',#2590,.T.);
#793=FACE_BOUND('',#2591,.T.);
#794=FACE_BOUND('',#2592,.T.);
#795=FACE_BOUND('',#2593,.T.);
#796=FACE_BOUND('',#2594,.T.);
#797=FACE_BOUND('',#2595,.T.);
#798=FACE_BOUND('',#2596,.T.);
#799=FACE_BOUND('',#2597,.T.);
#800=FACE_BOUND('',#2653,.T.);
#801=FACE_BOUND('',#2655,.T.);
#802=FACE_BOUND('',#2672,.T.);
#803=FACE_BOUND('',#2682,.T.);
#804=CYLINDRICAL_SURFACE('',#12292,2.25000000000001);
#805=CYLINDRICAL_SURFACE('',#12297,2.25);
#806=CYLINDRICAL_SURFACE('',#12302,2.25000000000001);
#807=CYLINDRICAL_SURFACE('',#12307,2.24999999999998);
#808=CYLINDRICAL_SURFACE('',#12317,2.49999925292512);
#809=CYLINDRICAL_SURFACE('',#12321,2.49999925300007);
#810=CYLINDRICAL_SURFACE('',#12325,2.49999925292482);
#811=CYLINDRICAL_SURFACE('',#12329,2.49999925292014);
#812=CYLINDRICAL_SURFACE('',#12337,1.05);
#813=CYLINDRICAL_SURFACE('',#12338,1.05);
#814=CYLINDRICAL_SURFACE('',#12339,1.05);
#815=CYLINDRICAL_SURFACE('',#12340,1.05);
#816=CYLINDRICAL_SURFACE('',#12342,4.49999925292508);
#817=CYLINDRICAL_SURFACE('',#12345,4.49999925300001);
#818=CYLINDRICAL_SURFACE('',#12348,4.49999925292476);
#819=CYLINDRICAL_SURFACE('',#12351,4.49999925292009);
#820=CYLINDRICAL_SURFACE('',#12356,5.60797620951888);
#821=CYLINDRICAL_SURFACE('',#12359,1.38234609053089);
#822=CYLINDRICAL_SURFACE('',#12362,8.37266839058059);
#823=CYLINDRICAL_SURFACE('',#12365,1.38234609053085);
#824=CYLINDRICAL_SURFACE('',#12368,5.2);
#825=CYLINDRICAL_SURFACE('',#12373,3.99999999999999);
#826=CYLINDRICAL_SURFACE('',#12375,14.7);
#827=CYLINDRICAL_SURFACE('',#12380,13.);
#828=CYLINDRICAL_SURFACE('',#12382,1.05);
#829=CYLINDRICAL_SURFACE('',#12385,1.05);
#830=CYLINDRICAL_SURFACE('',#12388,1.05);
#831=CYLINDRICAL_SURFACE('',#12391,1.05);
#832=CYLINDRICAL_SURFACE('',#12395,4.49999925292476);
#833=CYLINDRICAL_SURFACE('',#12399,4.49999925300001);
#834=CYLINDRICAL_SURFACE('',#12403,4.49999925292508);
#835=CYLINDRICAL_SURFACE('',#12407,4.49999925292009);
#836=CYLINDRICAL_SURFACE('',#12420,0.4);
#837=CYLINDRICAL_SURFACE('',#12465,0.4);
#838=CYLINDRICAL_SURFACE('',#12510,0.05);
#839=CYLINDRICAL_SURFACE('',#12518,0.55);
#840=CYLINDRICAL_SURFACE('',#12520,0.05);
#841=CYLINDRICAL_SURFACE('',#12528,0.55);
#842=CYLINDRICAL_SURFACE('',#12540,2.45);
#843=CYLINDRICAL_SURFACE('',#12544,2.9);
#844=CYLINDRICAL_SURFACE('',#12562,0.36);
#845=CYLINDRICAL_SURFACE('',#12605,0.36);
#846=CYLINDRICAL_SURFACE('',#12610,0.36);
#847=CYLINDRICAL_SURFACE('',#12615,0.36);
#848=CYLINDRICAL_SURFACE('',#12641,0.425000000001);
#849=CYLINDRICAL_SURFACE('',#12643,0.424999999999);
#850=CYLINDRICAL_SURFACE('',#12671,0.425000000001);
#851=CYLINDRICAL_SURFACE('',#12674,0.424999999999);
#852=CYLINDRICAL_SURFACE('',#12730,0.36);
#853=CYLINDRICAL_SURFACE('',#12734,0.36);
#854=CYLINDRICAL_SURFACE('',#12737,0.36);
#855=CYLINDRICAL_SURFACE('',#12740,0.36);
#856=CYLINDRICAL_SURFACE('',#12807,0.5);
#857=CYLINDRICAL_SURFACE('',#12819,0.3);
#858=CYLINDRICAL_SURFACE('',#12821,0.3);
#859=CYLINDRICAL_SURFACE('',#12825,0.3);
#860=CYLINDRICAL_SURFACE('',#12827,0.3);
#861=CYLINDRICAL_SURFACE('',#12830,0.5);
#862=CYLINDRICAL_SURFACE('',#12832,1.75);
#863=CYLINDRICAL_SURFACE('',#12834,0.5);
#864=CYLINDRICAL_SURFACE('',#12836,0.5);
#865=CYLINDRICAL_SURFACE('',#12839,0.3);
#866=CYLINDRICAL_SURFACE('',#12841,0.3);
#867=CYLINDRICAL_SURFACE('',#12845,0.3);
#868=CYLINDRICAL_SURFACE('',#12847,0.3);
#869=CYLINDRICAL_SURFACE('',#12931,0.29);
#870=CYLINDRICAL_SURFACE('',#12932,0.29);
#871=CYLINDRICAL_SURFACE('',#12935,0.29);
#872=CYLINDRICAL_SURFACE('',#12936,0.29);
#873=CYLINDRICAL_SURFACE('',#12940,0.29);
#874=CYLINDRICAL_SURFACE('',#12941,0.29);
#875=CYLINDRICAL_SURFACE('',#12944,0.29);
#876=CYLINDRICAL_SURFACE('',#12946,0.29);
#877=CYLINDRICAL_SURFACE('',#12947,0.29);
#878=CYLINDRICAL_SURFACE('',#12950,0.29);
#879=CYLINDRICAL_SURFACE('',#12951,0.29);
#880=CYLINDRICAL_SURFACE('',#12955,0.29);
#881=CYLINDRICAL_SURFACE('',#12956,0.29);
#882=CYLINDRICAL_SURFACE('',#12959,0.29);
#883=CYLINDRICAL_SURFACE('',#12961,0.29);
#884=CYLINDRICAL_SURFACE('',#12962,0.29);
#885=CYLINDRICAL_SURFACE('',#12965,0.29);
#886=CYLINDRICAL_SURFACE('',#12966,0.29);
#887=CYLINDRICAL_SURFACE('',#12970,0.29);
#888=CYLINDRICAL_SURFACE('',#12971,0.29);
#889=CYLINDRICAL_SURFACE('',#12974,0.29);
#890=CYLINDRICAL_SURFACE('',#12976,0.29);
#891=CYLINDRICAL_SURFACE('',#12977,0.29);
#892=CYLINDRICAL_SURFACE('',#12980,0.29);
#893=CYLINDRICAL_SURFACE('',#12981,0.29);
#894=CYLINDRICAL_SURFACE('',#12985,0.29);
#895=CYLINDRICAL_SURFACE('',#12986,0.29);
#896=CYLINDRICAL_SURFACE('',#12989,0.29);
#897=CYLINDRICAL_SURFACE('',#12991,0.999999252925);
#898=CYLINDRICAL_SURFACE('',#13086,0.999999252925);
#899=CYLINDRICAL_SURFACE('',#13087,0.999999252925);
#900=CYLINDRICAL_SURFACE('',#13090,0.999999252925);
#901=CYLINDRICAL_SURFACE('',#13091,1.05);
#902=CYLINDRICAL_SURFACE('',#13092,0.75);
#903=CYLINDRICAL_SURFACE('',#13093,0.4);
#904=CYLINDRICAL_SURFACE('',#13094,0.4);
#905=CYLINDRICAL_SURFACE('',#13095,0.4);
#906=CYLINDRICAL_SURFACE('',#13096,0.55);
#907=CYLINDRICAL_SURFACE('',#13097,0.55);
#908=CYLINDRICAL_SURFACE('',#13098,0.55);
#909=CYLINDRICAL_SURFACE('',#13099,0.55);
#910=CYLINDRICAL_SURFACE('',#13100,0.75);
#911=CYLINDRICAL_SURFACE('',#13101,1.3);
#912=CYLINDRICAL_SURFACE('',#13102,0.45);
#913=CYLINDRICAL_SURFACE('',#13103,0.45);
#914=CYLINDRICAL_SURFACE('',#13104,1.05);
#915=CYLINDRICAL_SURFACE('',#13105,0.375);
#916=CYLINDRICAL_SURFACE('',#13106,0.375);
#917=CYLINDRICAL_SURFACE('',#13107,0.4);
#918=CYLINDRICAL_SURFACE('',#13108,0.4);
#919=CYLINDRICAL_SURFACE('',#13109,0.4);
#920=CYLINDRICAL_SURFACE('',#13110,0.4);
#921=CYLINDRICAL_SURFACE('',#13111,0.425);
#922=CYLINDRICAL_SURFACE('',#13112,0.95);
#923=CYLINDRICAL_SURFACE('',#13113,0.425);
#924=CYLINDRICAL_SURFACE('',#13114,0.425);
#925=CYLINDRICAL_SURFACE('',#13115,0.95);
#926=CYLINDRICAL_SURFACE('',#13116,0.425);
#927=CYLINDRICAL_SURFACE('',#13117,1.95);
#928=CYLINDRICAL_SURFACE('',#13118,1.05);
#929=CYLINDRICAL_SURFACE('',#13119,0.4);
#930=CYLINDRICAL_SURFACE('',#13120,0.4);
#931=CYLINDRICAL_SURFACE('',#13121,0.4);
#932=CYLINDRICAL_SURFACE('',#13122,0.4);
#933=CYLINDRICAL_SURFACE('',#13123,0.4);
#934=CYLINDRICAL_SURFACE('',#13124,0.4);
#935=CYLINDRICAL_SURFACE('',#13125,0.4);
#936=CYLINDRICAL_SURFACE('',#13126,0.4);
#937=CYLINDRICAL_SURFACE('',#13127,0.4);
#938=CYLINDRICAL_SURFACE('',#13128,0.4);
#939=CYLINDRICAL_SURFACE('',#13129,0.4);
#940=CYLINDRICAL_SURFACE('',#13130,0.4);
#941=CYLINDRICAL_SURFACE('',#13131,1.05);
#942=CYLINDRICAL_SURFACE('',#13133,0.25);
#943=CYLINDRICAL_SURFACE('',#13141,0.25);
#944=CYLINDRICAL_SURFACE('',#13148,0.25);
#945=CYLINDRICAL_SURFACE('',#13152,1.01);
#946=CYLINDRICAL_SURFACE('',#13159,1.);
#947=CYLINDRICAL_SURFACE('',#13161,1.);
#948=CYLINDRICAL_SURFACE('',#13178,0.04);
#949=CYLINDRICAL_SURFACE('',#13180,0.04);
#950=CYLINDRICAL_SURFACE('',#13184,0.04);
#951=CYLINDRICAL_SURFACE('',#13186,0.04);
#952=CYLINDRICAL_SURFACE('',#13194,0.04);
#953=CYLINDRICAL_SURFACE('',#13197,0.04);
#954=CYLINDRICAL_SURFACE('',#13200,0.04);
#955=CYLINDRICAL_SURFACE('',#13203,0.04);
#956=CYLINDRICAL_SURFACE('',#13212,0.04);
#957=CYLINDRICAL_SURFACE('',#13214,0.04);
#958=CYLINDRICAL_SURFACE('',#13218,0.04);
#959=CYLINDRICAL_SURFACE('',#13220,0.04);
#960=CYLINDRICAL_SURFACE('',#13231,0.045);
#961=CYLINDRICAL_SURFACE('',#13233,0.045);
#962=CYLINDRICAL_SURFACE('',#13239,0.045);
#963=CYLINDRICAL_SURFACE('',#13242,0.045);
#964=CYLINDRICAL_SURFACE('',#13258,0.045);
#965=CYLINDRICAL_SURFACE('',#13260,0.045);
#966=CYLINDRICAL_SURFACE('',#13262,0.045);
#967=CYLINDRICAL_SURFACE('',#13264,0.045);
#968=CIRCLE('',#12285,1.05);
#969=CIRCLE('',#12287,1.05);
#970=CIRCLE('',#12289,1.05);
#971=CIRCLE('',#12291,1.05);
#972=CIRCLE('',#12293,2.25000000000001);
#973=CIRCLE('',#12294,2.25000000000001);
#974=CIRCLE('',#12296,1.05);
#975=CIRCLE('',#12298,2.25);
#976=CIRCLE('',#12299,2.25);
#977=CIRCLE('',#12301,1.05);
#978=CIRCLE('',#12303,2.25000000000001);
#979=CIRCLE('',#12304,2.25000000000001);
#980=CIRCLE('',#12306,1.05);
#981=CIRCLE('',#12308,2.24999999999998);
#982=CIRCLE('',#12309,2.24999999999998);
#983=CIRCLE('',#12311,1.05);
#984=CIRCLE('',#12318,2.49999925292512);
#985=CIRCLE('',#12319,2.49999925292512);
#986=CIRCLE('',#12322,2.49999925300007);
#987=CIRCLE('',#12323,2.49999925300007);
#988=CIRCLE('',#12326,2.49999925292482);
#989=CIRCLE('',#12327,2.49999925292482);
#990=CIRCLE('',#12330,2.49999925292014);
#991=CIRCLE('',#12331,2.49999925292014);
#992=CIRCLE('',#12333,4.49999925292009);
#993=CIRCLE('',#12334,4.49999925292508);
#994=CIRCLE('',#12335,4.49999925300001);
#995=CIRCLE('',#12336,4.49999925292476);
#996=CIRCLE('',#12343,4.49999925292508);
#997=CIRCLE('',#12346,4.49999925300001);
#998=CIRCLE('',#12349,4.49999925292476);
#999=CIRCLE('',#12352,4.49999925292009);
#1000=CIRCLE('',#12357,5.60797620951888);
#1001=CIRCLE('',#12358,5.60797620951888);
#1002=CIRCLE('',#12360,1.38234609053089);
#1003=CIRCLE('',#12361,1.38234609053089);
#1004=CIRCLE('',#12363,8.37266839058059);
#1005=CIRCLE('',#12364,8.37266839058059);
#1006=CIRCLE('',#12366,1.38234609053085);
#1007=CIRCLE('',#12367,1.38234609053085);
#1008=CIRCLE('',#12369,5.2);
#1009=CIRCLE('',#12370,5.2);
#1010=CIRCLE('',#12372,3.99999999999999);
#1011=CIRCLE('',#12374,3.99999999999999);
#1012=CIRCLE('',#12376,14.7);
#1013=CIRCLE('',#12377,14.7);
#1014=CIRCLE('',#12379,13.);
#1015=CIRCLE('',#12381,13.);
#1016=CIRCLE('',#12383,1.05);
#1017=CIRCLE('',#12384,1.05);
#1018=CIRCLE('',#12386,1.05);
#1019=CIRCLE('',#12387,1.05);
#1020=CIRCLE('',#12389,1.05);
#1021=CIRCLE('',#12390,1.05);
#1022=CIRCLE('',#12392,1.05);
#1023=CIRCLE('',#12393,1.05);
#1024=CIRCLE('',#12396,4.49999925292476);
#1025=CIRCLE('',#12397,4.49999925292476);
#1026=CIRCLE('',#12400,4.49999925300001);
#1027=CIRCLE('',#12401,4.49999925300001);
#1028=CIRCLE('',#12404,4.49999925292508);
#1029=CIRCLE('',#12405,4.49999925292508);
#1030=CIRCLE('',#12408,4.49999925292009);
#1031=CIRCLE('',#12409,4.49999925292009);
#1032=CIRCLE('',#12416,0.4);
#1033=CIRCLE('',#12419,0.4);
#1034=CIRCLE('',#12432,0.4);
#1035=CIRCLE('',#12435,0.4);
#1036=CIRCLE('',#12493,0.05);
#1037=CIRCLE('',#12494,0.55);
#1038=CIRCLE('',#12497,0.55);
#1039=CIRCLE('',#12498,0.05);
#1040=CIRCLE('',#12501,0.05);
#1041=CIRCLE('',#12502,0.55);
#1042=CIRCLE('',#12505,0.55);
#1043=CIRCLE('',#12506,0.05);
#1044=CIRCLE('',#12538,2.45);
#1045=CIRCLE('',#12539,2.45);
#1046=CIRCLE('',#12541,2.45);
#1047=CIRCLE('',#12543,2.9);
#1048=CIRCLE('',#12545,2.9);
#1049=CIRCLE('',#12560,0.36);
#1050=CIRCLE('',#12563,0.36);
#1051=CIRCLE('',#12589,0.36);
#1052=CIRCLE('',#12594,0.425000000001);
#1053=CIRCLE('',#12595,0.424999999999);
#1054=CIRCLE('',#12597,0.424999999999);
#1055=CIRCLE('',#12598,0.425000000001);
#1056=CIRCLE('',#12604,0.36);
#1057=CIRCLE('',#12606,0.36);
#1058=CIRCLE('',#12609,0.36);
#1059=CIRCLE('',#12612,0.36);
#1060=CIRCLE('',#12614,0.36);
#1061=CIRCLE('',#12638,0.425000000001);
#1062=CIRCLE('',#12639,0.424999999999);
#1063=CIRCLE('',#12672,0.425000000001);
#1064=CIRCLE('',#12675,0.424999999999);
#1065=CIRCLE('',#12687,0.36);
#1066=CIRCLE('',#12691,0.36);
#1067=CIRCLE('',#12693,0.36);
#1068=CIRCLE('',#12698,0.36);
#1069=CIRCLE('',#12700,0.36);
#1070=CIRCLE('',#12705,0.36);
#1071=CIRCLE('',#12707,0.36);
#1072=CIRCLE('',#12712,0.36);
#1073=CIRCLE('',#12806,0.5);
#1074=CIRCLE('',#12808,0.5);
#1075=CIRCLE('',#12810,0.3);
#1076=CIRCLE('',#12811,0.3);
#1077=CIRCLE('',#12812,0.3);
#1078=CIRCLE('',#12813,0.3);
#1079=CIRCLE('',#12814,0.5);
#1080=CIRCLE('',#12815,1.75);
#1081=CIRCLE('',#12816,0.5);
#1082=CIRCLE('',#12817,0.5);
#1083=CIRCLE('',#12820,0.3);
#1084=CIRCLE('',#12822,0.3);
#1085=CIRCLE('',#12826,0.3);
#1086=CIRCLE('',#12828,0.3);
#1087=CIRCLE('',#12831,0.5);
#1088=CIRCLE('',#12833,1.75);
#1089=CIRCLE('',#12835,0.5);
#1090=CIRCLE('',#12837,0.5);
#1091=CIRCLE('',#12840,0.3);
#1092=CIRCLE('',#12842,0.3);
#1093=CIRCLE('',#12846,0.3);
#1094=CIRCLE('',#12848,0.3);
#1095=CIRCLE('',#12852,0.1);
#1096=CIRCLE('',#12853,1.65);
#1097=CIRCLE('',#12858,0.29);
#1098=CIRCLE('',#12859,0.29);
#1099=CIRCLE('',#12860,0.29);
#1100=CIRCLE('',#12861,0.29);
#1101=CIRCLE('',#12862,0.29);
#1102=CIRCLE('',#12863,0.29);
#1103=CIRCLE('',#12864,0.29);
#1104=CIRCLE('',#12867,0.29);
#1105=CIRCLE('',#12868,0.29);
#1106=CIRCLE('',#12869,0.29);
#1107=CIRCLE('',#12870,0.29);
#1108=CIRCLE('',#12871,0.29);
#1109=CIRCLE('',#12872,0.29);
#1110=CIRCLE('',#12873,0.29);
#1111=CIRCLE('',#12875,0.29);
#1112=CIRCLE('',#12876,0.29);
#1113=CIRCLE('',#12877,0.29);
#1114=CIRCLE('',#12878,0.29);
#1115=CIRCLE('',#12879,0.29);
#1116=CIRCLE('',#12880,0.29);
#1117=CIRCLE('',#12881,0.29);
#1118=CIRCLE('',#12883,0.29);
#1119=CIRCLE('',#12884,0.29);
#1120=CIRCLE('',#12885,0.29);
#1121=CIRCLE('',#12886,0.29);
#1122=CIRCLE('',#12887,0.29);
#1123=CIRCLE('',#12888,0.29);
#1124=CIRCLE('',#12889,0.29);
#1125=CIRCLE('',#12892,0.29);
#1126=CIRCLE('',#12893,0.29);
#1127=CIRCLE('',#12894,0.29);
#1128=CIRCLE('',#12895,0.29);
#1129=CIRCLE('',#12896,0.29);
#1130=CIRCLE('',#12897,0.29);
#1131=CIRCLE('',#12898,0.29);
#1132=CIRCLE('',#12901,0.29);
#1133=CIRCLE('',#12902,0.29);
#1134=CIRCLE('',#12903,0.29);
#1135=CIRCLE('',#12904,0.29);
#1136=CIRCLE('',#12905,0.29);
#1137=CIRCLE('',#12906,0.29);
#1138=CIRCLE('',#12907,0.29);
#1139=CIRCLE('',#12909,0.29);
#1140=CIRCLE('',#12910,0.29);
#1141=CIRCLE('',#12911,0.29);
#1142=CIRCLE('',#12912,0.29);
#1143=CIRCLE('',#12913,0.29);
#1144=CIRCLE('',#12914,0.29);
#1145=CIRCLE('',#12915,0.29);
#1146=CIRCLE('',#12917,0.29);
#1147=CIRCLE('',#12918,0.29);
#1148=CIRCLE('',#12919,0.29);
#1149=CIRCLE('',#12920,0.29);
#1150=CIRCLE('',#12921,0.29);
#1151=CIRCLE('',#12922,0.29);
#1152=CIRCLE('',#12923,0.29);
#1153=CIRCLE('',#12992,0.999999252925);
#1154=CIRCLE('',#12993,0.999999252925);
#1155=CIRCLE('',#12997,0.999999252925);
#1156=CIRCLE('',#12998,0.999999252925);
#1157=CIRCLE('',#12999,0.999999252925);
#1158=CIRCLE('',#13000,1.05);
#1159=CIRCLE('',#13001,0.75);
#1160=CIRCLE('',#13002,0.4);
#1161=CIRCLE('',#13003,0.4);
#1162=CIRCLE('',#13004,0.4);
#1163=CIRCLE('',#13005,0.55);
#1164=CIRCLE('',#13006,0.55);
#1165=CIRCLE('',#13007,0.55);
#1166=CIRCLE('',#13008,0.55);
#1167=CIRCLE('',#13009,0.75);
#1168=CIRCLE('',#13010,1.3);
#1169=CIRCLE('',#13011,0.45);
#1170=CIRCLE('',#13012,0.45);
#1171=CIRCLE('',#13013,1.05);
#1172=CIRCLE('',#13014,0.375);
#1173=CIRCLE('',#13015,0.375);
#1174=CIRCLE('',#13016,0.4);
#1175=CIRCLE('',#13017,0.4);
#1176=CIRCLE('',#13018,0.4);
#1177=CIRCLE('',#13019,0.4);
#1178=CIRCLE('',#13020,0.425);
#1179=CIRCLE('',#13021,0.95);
#1180=CIRCLE('',#13022,0.425);
#1181=CIRCLE('',#13023,0.425);
#1182=CIRCLE('',#13024,0.95);
#1183=CIRCLE('',#13025,0.425);
#1184=CIRCLE('',#13026,1.95);
#1185=CIRCLE('',#13027,1.05);
#1186=CIRCLE('',#13028,0.4);
#1187=CIRCLE('',#13029,0.4);
#1188=CIRCLE('',#13030,0.4);
#1189=CIRCLE('',#13031,0.4);
#1190=CIRCLE('',#13032,0.4);
#1191=CIRCLE('',#13033,0.4);
#1192=CIRCLE('',#13034,0.4);
#1193=CIRCLE('',#13035,0.4);
#1194=CIRCLE('',#13036,0.4);
#1195=CIRCLE('',#13037,0.4);
#1196=CIRCLE('',#13038,0.4);
#1197=CIRCLE('',#13039,0.4);
#1198=CIRCLE('',#13040,1.05);
#1199=CIRCLE('',#13042,0.999999252925);
#1200=CIRCLE('',#13043,0.999999252925);
#1201=CIRCLE('',#13044,0.999999252925);
#1202=CIRCLE('',#13045,1.05);
#1203=CIRCLE('',#13046,0.75);
#1204=CIRCLE('',#13047,0.4);
#1205=CIRCLE('',#13048,0.4);
#1206=CIRCLE('',#13049,0.4);
#1207=CIRCLE('',#13050,0.55);
#1208=CIRCLE('',#13051,0.55);
#1209=CIRCLE('',#13052,0.55);
#1210=CIRCLE('',#13053,0.55);
#1211=CIRCLE('',#13054,0.75);
#1212=CIRCLE('',#13055,1.3);
#1213=CIRCLE('',#13056,0.45);
#1214=CIRCLE('',#13057,0.45);
#1215=CIRCLE('',#13058,1.05);
#1216=CIRCLE('',#13059,0.375);
#1217=CIRCLE('',#13060,0.375);
#1218=CIRCLE('',#13061,0.4);
#1219=CIRCLE('',#13062,0.4);
#1220=CIRCLE('',#13063,0.4);
#1221=CIRCLE('',#13064,0.4);
#1222=CIRCLE('',#13065,0.425);
#1223=CIRCLE('',#13066,0.95);
#1224=CIRCLE('',#13067,0.425);
#1225=CIRCLE('',#13068,0.425);
#1226=CIRCLE('',#13069,0.95);
#1227=CIRCLE('',#13070,0.425);
#1228=CIRCLE('',#13071,1.95);
#1229=CIRCLE('',#13072,1.05);
#1230=CIRCLE('',#13073,0.4);
#1231=CIRCLE('',#13074,0.4);
#1232=CIRCLE('',#13075,0.4);
#1233=CIRCLE('',#13076,0.4);
#1234=CIRCLE('',#13077,0.4);
#1235=CIRCLE('',#13078,0.4);
#1236=CIRCLE('',#13079,0.4);
#1237=CIRCLE('',#13080,0.4);
#1238=CIRCLE('',#13081,0.4);
#1239=CIRCLE('',#13082,0.4);
#1240=CIRCLE('',#13083,0.4);
#1241=CIRCLE('',#13084,0.4);
#1242=CIRCLE('',#13085,1.05);
#1243=CIRCLE('',#13134,0.25);
#1244=CIRCLE('',#13135,0.25);
#1245=CIRCLE('',#13136,0.25);
#1246=CIRCLE('',#13138,0.25);
#1247=CIRCLE('',#13139,0.25);
#1248=CIRCLE('',#13140,0.25);
#1249=CIRCLE('',#13142,0.25);
#1250=CIRCLE('',#13143,0.25);
#1251=CIRCLE('',#13145,0.25);
#1252=CIRCLE('',#13146,0.25);
#1253=CIRCLE('',#13147,0.25);
#1254=CIRCLE('',#13149,0.25);
#1255=CIRCLE('',#13153,1.01);
#1256=CIRCLE('',#13154,1.01);
#1257=CIRCLE('',#13156,1.);
#1258=CIRCLE('',#13158,1.);
#1259=CIRCLE('',#13160,1.);
#1260=CIRCLE('',#13162,1.);
#1261=CIRCLE('',#13164,0.6);
#1262=CIRCLE('',#13165,0.4);
#1263=CIRCLE('',#13167,0.4);
#1264=CIRCLE('',#13168,0.6);
#1265=CIRCLE('',#13173,0.04);
#1266=CIRCLE('',#13174,0.04);
#1267=CIRCLE('',#13175,0.04);
#1268=CIRCLE('',#13176,0.04);
#1269=CIRCLE('',#13179,0.04);
#1270=CIRCLE('',#13181,0.04);
#1271=CIRCLE('',#13185,0.04);
#1272=CIRCLE('',#13187,0.04);
#1273=CIRCLE('',#13190,0.04);
#1274=CIRCLE('',#13191,0.04);
#1275=CIRCLE('',#13192,0.04);
#1276=CIRCLE('',#13193,0.04);
#1277=CIRCLE('',#13195,0.04);
#1278=CIRCLE('',#13198,0.04);
#1279=CIRCLE('',#13201,0.04);
#1280=CIRCLE('',#13204,0.04);
#1281=CIRCLE('',#13207,0.04);
#1282=CIRCLE('',#13208,0.04);
#1283=CIRCLE('',#13209,0.04);
#1284=CIRCLE('',#13210,0.04);
#1285=CIRCLE('',#13213,0.04);
#1286=CIRCLE('',#13215,0.04);
#1287=CIRCLE('',#13219,0.04);
#1288=CIRCLE('',#13221,0.04);
#1289=CIRCLE('',#13227,0.045);
#1290=CIRCLE('',#13228,0.045);
#1291=CIRCLE('',#13229,0.045);
#1292=CIRCLE('',#13230,0.045);
#1293=CIRCLE('',#13232,0.045);
#1294=CIRCLE('',#13234,0.045);
#1295=CIRCLE('',#13236,0.045);
#1296=CIRCLE('',#13237,0.045);
#1297=CIRCLE('',#13246,0.045);
#1298=CIRCLE('',#13247,0.045);
#1299=CIRCLE('',#13248,0.045);
#1300=CIRCLE('',#13249,0.045);
#1301=CIRCLE('',#13253,0.045);
#1302=CIRCLE('',#13254,0.045);
#1303=CIRCLE('',#13255,0.045);
#1304=CIRCLE('',#13256,0.045);
#1305=FACE_OUTER_BOUND('',#1945,.T.);
#1306=FACE_OUTER_BOUND('',#1946,.T.);
#1307=FACE_OUTER_BOUND('',#1947,.T.);
#1308=FACE_OUTER_BOUND('',#1948,.T.);
#1309=FACE_OUTER_BOUND('',#1949,.T.);
#1310=FACE_OUTER_BOUND('',#1950,.T.);
#1311=FACE_OUTER_BOUND('',#1951,.T.);
#1312=FACE_OUTER_BOUND('',#1952,.T.);
#1313=FACE_OUTER_BOUND('',#1953,.T.);
#1314=FACE_OUTER_BOUND('',#1954,.T.);
#1315=FACE_OUTER_BOUND('',#1956,.T.);
#1316=FACE_OUTER_BOUND('',#1957,.T.);
#1317=FACE_OUTER_BOUND('',#1959,.T.);
#1318=FACE_OUTER_BOUND('',#1960,.T.);
#1319=FACE_OUTER_BOUND('',#1962,.T.);
#1320=FACE_OUTER_BOUND('',#1963,.T.);
#1321=FACE_OUTER_BOUND('',#1965,.T.);
#1322=FACE_OUTER_BOUND('',#1966,.T.);
#1323=FACE_OUTER_BOUND('',#1967,.T.);
#1324=FACE_OUTER_BOUND('',#1968,.T.);
#1325=FACE_OUTER_BOUND('',#1969,.T.);
#1326=FACE_OUTER_BOUND('',#1971,.T.);
#1327=FACE_OUTER_BOUND('',#1972,.T.);
#1328=FACE_OUTER_BOUND('',#1973,.T.);
#1329=FACE_OUTER_BOUND('',#1974,.T.);
#1330=FACE_OUTER_BOUND('',#1976,.T.);
#1331=FACE_OUTER_BOUND('',#1977,.T.);
#1332=FACE_OUTER_BOUND('',#1978,.T.);
#1333=FACE_OUTER_BOUND('',#1979,.T.);
#1334=FACE_OUTER_BOUND('',#1981,.T.);
#1335=FACE_OUTER_BOUND('',#1982,.T.);
#1336=FACE_OUTER_BOUND('',#1983,.T.);
#1337=FACE_OUTER_BOUND('',#1984,.T.);
#1338=FACE_OUTER_BOUND('',#1985,.T.);
#1339=FACE_OUTER_BOUND('',#1987,.T.);
#1340=FACE_OUTER_BOUND('',#1988,.T.);
#1341=FACE_OUTER_BOUND('',#1989,.T.);
#1342=FACE_OUTER_BOUND('',#1990,.T.);
#1343=FACE_OUTER_BOUND('',#1992,.T.);
#1344=FACE_OUTER_BOUND('',#1993,.T.);
#1345=FACE_OUTER_BOUND('',#1994,.T.);
#1346=FACE_OUTER_BOUND('',#1995,.T.);
#1347=FACE_OUTER_BOUND('',#2000,.T.);
#1348=FACE_OUTER_BOUND('',#2001,.T.);
#1349=FACE_OUTER_BOUND('',#2002,.T.);
#1350=FACE_OUTER_BOUND('',#2003,.T.);
#1351=FACE_OUTER_BOUND('',#2004,.T.);
#1352=FACE_OUTER_BOUND('',#2005,.T.);
#1353=FACE_OUTER_BOUND('',#2006,.T.);
#1354=FACE_OUTER_BOUND('',#2008,.T.);
#1355=FACE_OUTER_BOUND('',#2009,.T.);
#1356=FACE_OUTER_BOUND('',#2010,.T.);
#1357=FACE_OUTER_BOUND('',#2012,.T.);
#1358=FACE_OUTER_BOUND('',#2013,.T.);
#1359=FACE_OUTER_BOUND('',#2014,.T.);
#1360=FACE_OUTER_BOUND('',#2015,.T.);
#1361=FACE_OUTER_BOUND('',#2016,.T.);
#1362=FACE_OUTER_BOUND('',#2017,.T.);
#1363=FACE_OUTER_BOUND('',#2018,.T.);
#1364=FACE_OUTER_BOUND('',#2019,.T.);
#1365=FACE_OUTER_BOUND('',#2020,.T.);
#1366=FACE_OUTER_BOUND('',#2021,.T.);
#1367=FACE_OUTER_BOUND('',#2022,.T.);
#1368=FACE_OUTER_BOUND('',#2023,.T.);
#1369=FACE_OUTER_BOUND('',#2024,.T.);
#1370=FACE_OUTER_BOUND('',#2025,.T.);
#1371=FACE_OUTER_BOUND('',#2033,.T.);
#1372=FACE_OUTER_BOUND('',#2041,.T.);
#1373=FACE_OUTER_BOUND('',#2042,.T.);
#1374=FACE_OUTER_BOUND('',#2043,.T.);
#1375=FACE_OUTER_BOUND('',#2044,.T.);
#1376=FACE_OUTER_BOUND('',#2045,.T.);
#1377=FACE_OUTER_BOUND('',#2046,.T.);
#1378=FACE_OUTER_BOUND('',#2047,.T.);
#1379=FACE_OUTER_BOUND('',#2048,.T.);
#1380=FACE_OUTER_BOUND('',#2049,.T.);
#1381=FACE_OUTER_BOUND('',#2050,.T.);
#1382=FACE_OUTER_BOUND('',#2051,.T.);
#1383=FACE_OUTER_BOUND('',#2052,.T.);
#1384=FACE_OUTER_BOUND('',#2053,.T.);
#1385=FACE_OUTER_BOUND('',#2054,.T.);
#1386=FACE_OUTER_BOUND('',#2055,.T.);
#1387=FACE_OUTER_BOUND('',#2056,.T.);
#1388=FACE_OUTER_BOUND('',#2057,.T.);
#1389=FACE_OUTER_BOUND('',#2058,.T.);
#1390=FACE_OUTER_BOUND('',#2059,.T.);
#1391=FACE_OUTER_BOUND('',#2060,.T.);
#1392=FACE_OUTER_BOUND('',#2061,.T.);
#1393=FACE_OUTER_BOUND('',#2062,.T.);
#1394=FACE_OUTER_BOUND('',#2065,.T.);
#1395=FACE_OUTER_BOUND('',#2066,.T.);
#1396=FACE_OUTER_BOUND('',#2067,.T.);
#1397=FACE_OUTER_BOUND('',#2068,.T.);
#1398=FACE_OUTER_BOUND('',#2069,.T.);
#1399=FACE_OUTER_BOUND('',#2070,.T.);
#1400=FACE_OUTER_BOUND('',#2071,.T.);
#1401=FACE_OUTER_BOUND('',#2072,.T.);
#1402=FACE_OUTER_BOUND('',#2073,.T.);
#1403=FACE_OUTER_BOUND('',#2074,.T.);
#1404=FACE_OUTER_BOUND('',#2075,.T.);
#1405=FACE_OUTER_BOUND('',#2076,.T.);
#1406=FACE_OUTER_BOUND('',#2077,.T.);
#1407=FACE_OUTER_BOUND('',#2078,.T.);
#1408=FACE_OUTER_BOUND('',#2079,.T.);
#1409=FACE_OUTER_BOUND('',#2080,.T.);
#1410=FACE_OUTER_BOUND('',#2081,.T.);
#1411=FACE_OUTER_BOUND('',#2082,.T.);
#1412=FACE_OUTER_BOUND('',#2083,.T.);
#1413=FACE_OUTER_BOUND('',#2084,.T.);
#1414=FACE_OUTER_BOUND('',#2085,.T.);
#1415=FACE_OUTER_BOUND('',#2086,.T.);
#1416=FACE_OUTER_BOUND('',#2087,.T.);
#1417=FACE_OUTER_BOUND('',#2088,.T.);
#1418=FACE_OUTER_BOUND('',#2089,.T.);
#1419=FACE_OUTER_BOUND('',#2090,.T.);
#1420=FACE_OUTER_BOUND('',#2091,.T.);
#1421=FACE_OUTER_BOUND('',#2092,.T.);
#1422=FACE_OUTER_BOUND('',#2093,.T.);
#1423=FACE_OUTER_BOUND('',#2094,.T.);
#1424=FACE_OUTER_BOUND('',#2095,.T.);
#1425=FACE_OUTER_BOUND('',#2096,.T.);
#1426=FACE_OUTER_BOUND('',#2097,.T.);
#1427=FACE_OUTER_BOUND('',#2098,.T.);
#1428=FACE_OUTER_BOUND('',#2099,.T.);
#1429=FACE_OUTER_BOUND('',#2100,.T.);
#1430=FACE_OUTER_BOUND('',#2101,.T.);
#1431=FACE_OUTER_BOUND('',#2102,.T.);
#1432=FACE_OUTER_BOUND('',#2103,.T.);
#1433=FACE_OUTER_BOUND('',#2104,.T.);
#1434=FACE_OUTER_BOUND('',#2105,.T.);
#1435=FACE_OUTER_BOUND('',#2107,.T.);
#1436=FACE_OUTER_BOUND('',#2109,.T.);
#1437=FACE_OUTER_BOUND('',#2110,.T.);
#1438=FACE_OUTER_BOUND('',#2111,.T.);
#1439=FACE_OUTER_BOUND('',#2112,.T.);
#1440=FACE_OUTER_BOUND('',#2113,.T.);
#1441=FACE_OUTER_BOUND('',#2114,.T.);
#1442=FACE_OUTER_BOUND('',#2115,.T.);
#1443=FACE_OUTER_BOUND('',#2116,.T.);
#1444=FACE_OUTER_BOUND('',#2117,.T.);
#1445=FACE_OUTER_BOUND('',#2118,.T.);
#1446=FACE_OUTER_BOUND('',#2119,.T.);
#1447=FACE_OUTER_BOUND('',#2120,.T.);
#1448=FACE_OUTER_BOUND('',#2121,.T.);
#1449=FACE_OUTER_BOUND('',#2122,.T.);
#1450=FACE_OUTER_BOUND('',#2123,.T.);
#1451=FACE_OUTER_BOUND('',#2124,.T.);
#1452=FACE_OUTER_BOUND('',#2125,.T.);
#1453=FACE_OUTER_BOUND('',#2126,.T.);
#1454=FACE_OUTER_BOUND('',#2127,.T.);
#1455=FACE_OUTER_BOUND('',#2128,.T.);
#1456=FACE_OUTER_BOUND('',#2129,.T.);
#1457=FACE_OUTER_BOUND('',#2130,.T.);
#1458=FACE_OUTER_BOUND('',#2131,.T.);
#1459=FACE_OUTER_BOUND('',#2132,.T.);
#1460=FACE_OUTER_BOUND('',#2133,.T.);
#1461=FACE_OUTER_BOUND('',#2134,.T.);
#1462=FACE_OUTER_BOUND('',#2135,.T.);
#1463=FACE_OUTER_BOUND('',#2136,.T.);
#1464=FACE_OUTER_BOUND('',#2137,.T.);
#1465=FACE_OUTER_BOUND('',#2138,.T.);
#1466=FACE_OUTER_BOUND('',#2139,.T.);
#1467=FACE_OUTER_BOUND('',#2140,.T.);
#1468=FACE_OUTER_BOUND('',#2141,.T.);
#1469=FACE_OUTER_BOUND('',#2142,.T.);
#1470=FACE_OUTER_BOUND('',#2143,.T.);
#1471=FACE_OUTER_BOUND('',#2144,.T.);
#1472=FACE_OUTER_BOUND('',#2145,.T.);
#1473=FACE_OUTER_BOUND('',#2146,.T.);
#1474=FACE_OUTER_BOUND('',#2147,.T.);
#1475=FACE_OUTER_BOUND('',#2148,.T.);
#1476=FACE_OUTER_BOUND('',#2149,.T.);
#1477=FACE_OUTER_BOUND('',#2150,.T.);
#1478=FACE_OUTER_BOUND('',#2151,.T.);
#1479=FACE_OUTER_BOUND('',#2152,.T.);
#1480=FACE_OUTER_BOUND('',#2153,.T.);
#1481=FACE_OUTER_BOUND('',#2154,.T.);
#1482=FACE_OUTER_BOUND('',#2155,.T.);
#1483=FACE_OUTER_BOUND('',#2156,.T.);
#1484=FACE_OUTER_BOUND('',#2157,.T.);
#1485=FACE_OUTER_BOUND('',#2159,.T.);
#1486=FACE_OUTER_BOUND('',#2160,.T.);
#1487=FACE_OUTER_BOUND('',#2161,.T.);
#1488=FACE_OUTER_BOUND('',#2164,.T.);
#1489=FACE_OUTER_BOUND('',#2165,.T.);
#1490=FACE_OUTER_BOUND('',#2166,.T.);
#1491=FACE_OUTER_BOUND('',#2167,.T.);
#1492=FACE_OUTER_BOUND('',#2168,.T.);
#1493=FACE_OUTER_BOUND('',#2169,.T.);
#1494=FACE_OUTER_BOUND('',#2170,.T.);
#1495=FACE_OUTER_BOUND('',#2171,.T.);
#1496=FACE_OUTER_BOUND('',#2172,.T.);
#1497=FACE_OUTER_BOUND('',#2173,.T.);
#1498=FACE_OUTER_BOUND('',#2174,.T.);
#1499=FACE_OUTER_BOUND('',#2175,.T.);
#1500=FACE_OUTER_BOUND('',#2176,.T.);
#1501=FACE_OUTER_BOUND('',#2177,.T.);
#1502=FACE_OUTER_BOUND('',#2178,.T.);
#1503=FACE_OUTER_BOUND('',#2179,.T.);
#1504=FACE_OUTER_BOUND('',#2180,.T.);
#1505=FACE_OUTER_BOUND('',#2181,.T.);
#1506=FACE_OUTER_BOUND('',#2183,.T.);
#1507=FACE_OUTER_BOUND('',#2184,.T.);
#1508=FACE_OUTER_BOUND('',#2186,.T.);
#1509=FACE_OUTER_BOUND('',#2187,.T.);
#1510=FACE_OUTER_BOUND('',#2188,.T.);
#1511=FACE_OUTER_BOUND('',#2189,.T.);
#1512=FACE_OUTER_BOUND('',#2190,.T.);
#1513=FACE_OUTER_BOUND('',#2191,.T.);
#1514=FACE_OUTER_BOUND('',#2192,.T.);
#1515=FACE_OUTER_BOUND('',#2193,.T.);
#1516=FACE_OUTER_BOUND('',#2194,.T.);
#1517=FACE_OUTER_BOUND('',#2195,.T.);
#1518=FACE_OUTER_BOUND('',#2196,.T.);
#1519=FACE_OUTER_BOUND('',#2197,.T.);
#1520=FACE_OUTER_BOUND('',#2198,.T.);
#1521=FACE_OUTER_BOUND('',#2199,.T.);
#1522=FACE_OUTER_BOUND('',#2200,.T.);
#1523=FACE_OUTER_BOUND('',#2201,.T.);
#1524=FACE_OUTER_BOUND('',#2202,.T.);
#1525=FACE_OUTER_BOUND('',#2203,.T.);
#1526=FACE_OUTER_BOUND('',#2204,.T.);
#1527=FACE_OUTER_BOUND('',#2207,.T.);
#1528=FACE_OUTER_BOUND('',#2208,.T.);
#1529=FACE_OUTER_BOUND('',#2209,.T.);
#1530=FACE_OUTER_BOUND('',#2210,.T.);
#1531=FACE_OUTER_BOUND('',#2211,.T.);
#1532=FACE_OUTER_BOUND('',#2212,.T.);
#1533=FACE_OUTER_BOUND('',#2213,.T.);
#1534=FACE_OUTER_BOUND('',#2214,.T.);
#1535=FACE_OUTER_BOUND('',#2215,.T.);
#1536=FACE_OUTER_BOUND('',#2216,.T.);
#1537=FACE_OUTER_BOUND('',#2217,.T.);
#1538=FACE_OUTER_BOUND('',#2218,.T.);
#1539=FACE_OUTER_BOUND('',#2219,.T.);
#1540=FACE_OUTER_BOUND('',#2220,.T.);
#1541=FACE_OUTER_BOUND('',#2221,.T.);
#1542=FACE_OUTER_BOUND('',#2222,.T.);
#1543=FACE_OUTER_BOUND('',#2223,.T.);
#1544=FACE_OUTER_BOUND('',#2224,.T.);
#1545=FACE_OUTER_BOUND('',#2225,.T.);
#1546=FACE_OUTER_BOUND('',#2226,.T.);
#1547=FACE_OUTER_BOUND('',#2227,.T.);
#1548=FACE_OUTER_BOUND('',#2228,.T.);
#1549=FACE_OUTER_BOUND('',#2229,.T.);
#1550=FACE_OUTER_BOUND('',#2230,.T.);
#1551=FACE_OUTER_BOUND('',#2231,.T.);
#1552=FACE_OUTER_BOUND('',#2232,.T.);
#1553=FACE_OUTER_BOUND('',#2233,.T.);
#1554=FACE_OUTER_BOUND('',#2234,.T.);
#1555=FACE_OUTER_BOUND('',#2235,.T.);
#1556=FACE_OUTER_BOUND('',#2236,.T.);
#1557=FACE_OUTER_BOUND('',#2237,.T.);
#1558=FACE_OUTER_BOUND('',#2238,.T.);
#1559=FACE_OUTER_BOUND('',#2239,.T.);
#1560=FACE_OUTER_BOUND('',#2240,.T.);
#1561=FACE_OUTER_BOUND('',#2241,.T.);
#1562=FACE_OUTER_BOUND('',#2242,.T.);
#1563=FACE_OUTER_BOUND('',#2243,.T.);
#1564=FACE_OUTER_BOUND('',#2244,.T.);
#1565=FACE_OUTER_BOUND('',#2245,.T.);
#1566=FACE_OUTER_BOUND('',#2246,.T.);
#1567=FACE_OUTER_BOUND('',#2247,.T.);
#1568=FACE_OUTER_BOUND('',#2248,.T.);
#1569=FACE_OUTER_BOUND('',#2249,.T.);
#1570=FACE_OUTER_BOUND('',#2250,.T.);
#1571=FACE_OUTER_BOUND('',#2251,.T.);
#1572=FACE_OUTER_BOUND('',#2252,.T.);
#1573=FACE_OUTER_BOUND('',#2253,.T.);
#1574=FACE_OUTER_BOUND('',#2254,.T.);
#1575=FACE_OUTER_BOUND('',#2255,.T.);
#1576=FACE_OUTER_BOUND('',#2256,.T.);
#1577=FACE_OUTER_BOUND('',#2257,.T.);
#1578=FACE_OUTER_BOUND('',#2258,.T.);
#1579=FACE_OUTER_BOUND('',#2259,.T.);
#1580=FACE_OUTER_BOUND('',#2262,.T.);
#1581=FACE_OUTER_BOUND('',#2263,.T.);
#1582=FACE_OUTER_BOUND('',#2264,.T.);
#1583=FACE_OUTER_BOUND('',#2265,.T.);
#1584=FACE_OUTER_BOUND('',#2266,.T.);
#1585=FACE_OUTER_BOUND('',#2267,.T.);
#1586=FACE_OUTER_BOUND('',#2268,.T.);
#1587=FACE_OUTER_BOUND('',#2269,.T.);
#1588=FACE_OUTER_BOUND('',#2270,.T.);
#1589=FACE_OUTER_BOUND('',#2271,.T.);
#1590=FACE_OUTER_BOUND('',#2272,.T.);
#1591=FACE_OUTER_BOUND('',#2273,.T.);
#1592=FACE_OUTER_BOUND('',#2274,.T.);
#1593=FACE_OUTER_BOUND('',#2275,.T.);
#1594=FACE_OUTER_BOUND('',#2276,.T.);
#1595=FACE_OUTER_BOUND('',#2277,.T.);
#1596=FACE_OUTER_BOUND('',#2278,.T.);
#1597=FACE_OUTER_BOUND('',#2279,.T.);
#1598=FACE_OUTER_BOUND('',#2280,.T.);
#1599=FACE_OUTER_BOUND('',#2281,.T.);
#1600=FACE_OUTER_BOUND('',#2282,.T.);
#1601=FACE_OUTER_BOUND('',#2283,.T.);
#1602=FACE_OUTER_BOUND('',#2284,.T.);
#1603=FACE_OUTER_BOUND('',#2285,.T.);
#1604=FACE_OUTER_BOUND('',#2286,.T.);
#1605=FACE_OUTER_BOUND('',#2287,.T.);
#1606=FACE_OUTER_BOUND('',#2288,.T.);
#1607=FACE_OUTER_BOUND('',#2289,.T.);
#1608=FACE_OUTER_BOUND('',#2290,.T.);
#1609=FACE_OUTER_BOUND('',#2291,.T.);
#1610=FACE_OUTER_BOUND('',#2292,.T.);
#1611=FACE_OUTER_BOUND('',#2293,.T.);
#1612=FACE_OUTER_BOUND('',#2294,.T.);
#1613=FACE_OUTER_BOUND('',#2295,.T.);
#1614=FACE_OUTER_BOUND('',#2296,.T.);
#1615=FACE_OUTER_BOUND('',#2297,.T.);
#1616=FACE_OUTER_BOUND('',#2298,.T.);
#1617=FACE_OUTER_BOUND('',#2299,.T.);
#1618=FACE_OUTER_BOUND('',#2300,.T.);
#1619=FACE_OUTER_BOUND('',#2301,.T.);
#1620=FACE_OUTER_BOUND('',#2302,.T.);
#1621=FACE_OUTER_BOUND('',#2303,.T.);
#1622=FACE_OUTER_BOUND('',#2304,.T.);
#1623=FACE_OUTER_BOUND('',#2305,.T.);
#1624=FACE_OUTER_BOUND('',#2306,.T.);
#1625=FACE_OUTER_BOUND('',#2307,.T.);
#1626=FACE_OUTER_BOUND('',#2308,.T.);
#1627=FACE_OUTER_BOUND('',#2309,.T.);
#1628=FACE_OUTER_BOUND('',#2310,.T.);
#1629=FACE_OUTER_BOUND('',#2311,.T.);
#1630=FACE_OUTER_BOUND('',#2312,.T.);
#1631=FACE_OUTER_BOUND('',#2313,.T.);
#1632=FACE_OUTER_BOUND('',#2314,.T.);
#1633=FACE_OUTER_BOUND('',#2315,.T.);
#1634=FACE_OUTER_BOUND('',#2316,.T.);
#1635=FACE_OUTER_BOUND('',#2317,.T.);
#1636=FACE_OUTER_BOUND('',#2318,.T.);
#1637=FACE_OUTER_BOUND('',#2319,.T.);
#1638=FACE_OUTER_BOUND('',#2320,.T.);
#1639=FACE_OUTER_BOUND('',#2321,.T.);
#1640=FACE_OUTER_BOUND('',#2322,.T.);
#1641=FACE_OUTER_BOUND('',#2323,.T.);
#1642=FACE_OUTER_BOUND('',#2324,.T.);
#1643=FACE_OUTER_BOUND('',#2325,.T.);
#1644=FACE_OUTER_BOUND('',#2326,.T.);
#1645=FACE_OUTER_BOUND('',#2327,.T.);
#1646=FACE_OUTER_BOUND('',#2328,.T.);
#1647=FACE_OUTER_BOUND('',#2329,.T.);
#1648=FACE_OUTER_BOUND('',#2330,.T.);
#1649=FACE_OUTER_BOUND('',#2331,.T.);
#1650=FACE_OUTER_BOUND('',#2332,.T.);
#1651=FACE_OUTER_BOUND('',#2333,.T.);
#1652=FACE_OUTER_BOUND('',#2334,.T.);
#1653=FACE_OUTER_BOUND('',#2335,.T.);
#1654=FACE_OUTER_BOUND('',#2336,.T.);
#1655=FACE_OUTER_BOUND('',#2337,.T.);
#1656=FACE_OUTER_BOUND('',#2338,.T.);
#1657=FACE_OUTER_BOUND('',#2339,.T.);
#1658=FACE_OUTER_BOUND('',#2340,.T.);
#1659=FACE_OUTER_BOUND('',#2341,.T.);
#1660=FACE_OUTER_BOUND('',#2342,.T.);
#1661=FACE_OUTER_BOUND('',#2343,.T.);
#1662=FACE_OUTER_BOUND('',#2344,.T.);
#1663=FACE_OUTER_BOUND('',#2345,.T.);
#1664=FACE_OUTER_BOUND('',#2346,.T.);
#1665=FACE_OUTER_BOUND('',#2347,.T.);
#1666=FACE_OUTER_BOUND('',#2348,.T.);
#1667=FACE_OUTER_BOUND('',#2349,.T.);
#1668=FACE_OUTER_BOUND('',#2350,.T.);
#1669=FACE_OUTER_BOUND('',#2351,.T.);
#1670=FACE_OUTER_BOUND('',#2352,.T.);
#1671=FACE_OUTER_BOUND('',#2353,.T.);
#1672=FACE_OUTER_BOUND('',#2354,.T.);
#1673=FACE_OUTER_BOUND('',#2355,.T.);
#1674=FACE_OUTER_BOUND('',#2356,.T.);
#1675=FACE_OUTER_BOUND('',#2357,.T.);
#1676=FACE_OUTER_BOUND('',#2358,.T.);
#1677=FACE_OUTER_BOUND('',#2359,.T.);
#1678=FACE_OUTER_BOUND('',#2360,.T.);
#1679=FACE_OUTER_BOUND('',#2361,.T.);
#1680=FACE_OUTER_BOUND('',#2362,.T.);
#1681=FACE_OUTER_BOUND('',#2363,.T.);
#1682=FACE_OUTER_BOUND('',#2364,.T.);
#1683=FACE_OUTER_BOUND('',#2365,.T.);
#1684=FACE_OUTER_BOUND('',#2366,.T.);
#1685=FACE_OUTER_BOUND('',#2367,.T.);
#1686=FACE_OUTER_BOUND('',#2368,.T.);
#1687=FACE_OUTER_BOUND('',#2369,.T.);
#1688=FACE_OUTER_BOUND('',#2370,.T.);
#1689=FACE_OUTER_BOUND('',#2371,.T.);
#1690=FACE_OUTER_BOUND('',#2372,.T.);
#1691=FACE_OUTER_BOUND('',#2373,.T.);
#1692=FACE_OUTER_BOUND('',#2374,.T.);
#1693=FACE_OUTER_BOUND('',#2375,.T.);
#1694=FACE_OUTER_BOUND('',#2376,.T.);
#1695=FACE_OUTER_BOUND('',#2377,.T.);
#1696=FACE_OUTER_BOUND('',#2378,.T.);
#1697=FACE_OUTER_BOUND('',#2379,.T.);
#1698=FACE_OUTER_BOUND('',#2380,.T.);
#1699=FACE_OUTER_BOUND('',#2381,.T.);
#1700=FACE_OUTER_BOUND('',#2382,.T.);
#1701=FACE_OUTER_BOUND('',#2383,.T.);
#1702=FACE_OUTER_BOUND('',#2384,.T.);
#1703=FACE_OUTER_BOUND('',#2385,.T.);
#1704=FACE_OUTER_BOUND('',#2386,.T.);
#1705=FACE_OUTER_BOUND('',#2387,.T.);
#1706=FACE_OUTER_BOUND('',#2388,.T.);
#1707=FACE_OUTER_BOUND('',#2389,.T.);
#1708=FACE_OUTER_BOUND('',#2390,.T.);
#1709=FACE_OUTER_BOUND('',#2391,.T.);
#1710=FACE_OUTER_BOUND('',#2392,.T.);
#1711=FACE_OUTER_BOUND('',#2393,.T.);
#1712=FACE_OUTER_BOUND('',#2394,.T.);
#1713=FACE_OUTER_BOUND('',#2395,.T.);
#1714=FACE_OUTER_BOUND('',#2396,.T.);
#1715=FACE_OUTER_BOUND('',#2397,.T.);
#1716=FACE_OUTER_BOUND('',#2398,.T.);
#1717=FACE_OUTER_BOUND('',#2399,.T.);
#1718=FACE_OUTER_BOUND('',#2400,.T.);
#1719=FACE_OUTER_BOUND('',#2401,.T.);
#1720=FACE_OUTER_BOUND('',#2402,.T.);
#1721=FACE_OUTER_BOUND('',#2403,.T.);
#1722=FACE_OUTER_BOUND('',#2409,.T.);
#1723=FACE_OUTER_BOUND('',#2410,.T.);
#1724=FACE_OUTER_BOUND('',#2411,.T.);
#1725=FACE_OUTER_BOUND('',#2412,.T.);
#1726=FACE_OUTER_BOUND('',#2413,.T.);
#1727=FACE_OUTER_BOUND('',#2414,.T.);
#1728=FACE_OUTER_BOUND('',#2415,.T.);
#1729=FACE_OUTER_BOUND('',#2416,.T.);
#1730=FACE_OUTER_BOUND('',#2417,.T.);
#1731=FACE_OUTER_BOUND('',#2418,.T.);
#1732=FACE_OUTER_BOUND('',#2419,.T.);
#1733=FACE_OUTER_BOUND('',#2420,.T.);
#1734=FACE_OUTER_BOUND('',#2421,.T.);
#1735=FACE_OUTER_BOUND('',#2422,.T.);
#1736=FACE_OUTER_BOUND('',#2423,.T.);
#1737=FACE_OUTER_BOUND('',#2424,.T.);
#1738=FACE_OUTER_BOUND('',#2425,.T.);
#1739=FACE_OUTER_BOUND('',#2426,.T.);
#1740=FACE_OUTER_BOUND('',#2427,.T.);
#1741=FACE_OUTER_BOUND('',#2428,.T.);
#1742=FACE_OUTER_BOUND('',#2429,.T.);
#1743=FACE_OUTER_BOUND('',#2430,.T.);
#1744=FACE_OUTER_BOUND('',#2431,.T.);
#1745=FACE_OUTER_BOUND('',#2432,.T.);
#1746=FACE_OUTER_BOUND('',#2433,.T.);
#1747=FACE_OUTER_BOUND('',#2434,.T.);
#1748=FACE_OUTER_BOUND('',#2435,.T.);
#1749=FACE_OUTER_BOUND('',#2436,.T.);
#1750=FACE_OUTER_BOUND('',#2437,.T.);
#1751=FACE_OUTER_BOUND('',#2438,.T.);
#1752=FACE_OUTER_BOUND('',#2439,.T.);
#1753=FACE_OUTER_BOUND('',#2440,.T.);
#1754=FACE_OUTER_BOUND('',#2441,.T.);
#1755=FACE_OUTER_BOUND('',#2442,.T.);
#1756=FACE_OUTER_BOUND('',#2443,.T.);
#1757=FACE_OUTER_BOUND('',#2444,.T.);
#1758=FACE_OUTER_BOUND('',#2445,.T.);
#1759=FACE_OUTER_BOUND('',#2446,.T.);
#1760=FACE_OUTER_BOUND('',#2447,.T.);
#1761=FACE_OUTER_BOUND('',#2448,.T.);
#1762=FACE_OUTER_BOUND('',#2449,.T.);
#1763=FACE_OUTER_BOUND('',#2450,.T.);
#1764=FACE_OUTER_BOUND('',#2451,.T.);
#1765=FACE_OUTER_BOUND('',#2452,.T.);
#1766=FACE_OUTER_BOUND('',#2453,.T.);
#1767=FACE_OUTER_BOUND('',#2454,.T.);
#1768=FACE_OUTER_BOUND('',#2455,.T.);
#1769=FACE_OUTER_BOUND('',#2456,.T.);
#1770=FACE_OUTER_BOUND('',#2457,.T.);
#1771=FACE_OUTER_BOUND('',#2458,.T.);
#1772=FACE_OUTER_BOUND('',#2459,.T.);
#1773=FACE_OUTER_BOUND('',#2460,.T.);
#1774=FACE_OUTER_BOUND('',#2461,.T.);
#1775=FACE_OUTER_BOUND('',#2462,.T.);
#1776=FACE_OUTER_BOUND('',#2463,.T.);
#1777=FACE_OUTER_BOUND('',#2464,.T.);
#1778=FACE_OUTER_BOUND('',#2465,.T.);
#1779=FACE_OUTER_BOUND('',#2466,.T.);
#1780=FACE_OUTER_BOUND('',#2467,.T.);
#1781=FACE_OUTER_BOUND('',#2468,.T.);
#1782=FACE_OUTER_BOUND('',#2469,.T.);
#1783=FACE_OUTER_BOUND('',#2470,.T.);
#1784=FACE_OUTER_BOUND('',#2471,.T.);
#1785=FACE_OUTER_BOUND('',#2472,.T.);
#1786=FACE_OUTER_BOUND('',#2473,.T.);
#1787=FACE_OUTER_BOUND('',#2474,.T.);
#1788=FACE_OUTER_BOUND('',#2475,.T.);
#1789=FACE_OUTER_BOUND('',#2476,.T.);
#1790=FACE_OUTER_BOUND('',#2477,.T.);
#1791=FACE_OUTER_BOUND('',#2478,.T.);
#1792=FACE_OUTER_BOUND('',#2479,.T.);
#1793=FACE_OUTER_BOUND('',#2480,.T.);
#1794=FACE_OUTER_BOUND('',#2481,.T.);
#1795=FACE_OUTER_BOUND('',#2482,.T.);
#1796=FACE_OUTER_BOUND('',#2483,.T.);
#1797=FACE_OUTER_BOUND('',#2484,.T.);
#1798=FACE_OUTER_BOUND('',#2485,.T.);
#1799=FACE_OUTER_BOUND('',#2486,.T.);
#1800=FACE_OUTER_BOUND('',#2487,.T.);
#1801=FACE_OUTER_BOUND('',#2488,.T.);
#1802=FACE_OUTER_BOUND('',#2489,.T.);
#1803=FACE_OUTER_BOUND('',#2490,.T.);
#1804=FACE_OUTER_BOUND('',#2491,.T.);
#1805=FACE_OUTER_BOUND('',#2492,.T.);
#1806=FACE_OUTER_BOUND('',#2493,.T.);
#1807=FACE_OUTER_BOUND('',#2494,.T.);
#1808=FACE_OUTER_BOUND('',#2495,.T.);
#1809=FACE_OUTER_BOUND('',#2496,.T.);
#1810=FACE_OUTER_BOUND('',#2497,.T.);
#1811=FACE_OUTER_BOUND('',#2498,.T.);
#1812=FACE_OUTER_BOUND('',#2499,.T.);
#1813=FACE_OUTER_BOUND('',#2500,.T.);
#1814=FACE_OUTER_BOUND('',#2501,.T.);
#1815=FACE_OUTER_BOUND('',#2502,.T.);
#1816=FACE_OUTER_BOUND('',#2503,.T.);
#1817=FACE_OUTER_BOUND('',#2504,.T.);
#1818=FACE_OUTER_BOUND('',#2505,.T.);
#1819=FACE_OUTER_BOUND('',#2506,.T.);
#1820=FACE_OUTER_BOUND('',#2507,.T.);
#1821=FACE_OUTER_BOUND('',#2508,.T.);
#1822=FACE_OUTER_BOUND('',#2509,.T.);
#1823=FACE_OUTER_BOUND('',#2510,.T.);
#1824=FACE_OUTER_BOUND('',#2511,.T.);
#1825=FACE_OUTER_BOUND('',#2512,.T.);
#1826=FACE_OUTER_BOUND('',#2513,.T.);
#1827=FACE_OUTER_BOUND('',#2514,.T.);
#1828=FACE_OUTER_BOUND('',#2556,.T.);
#1829=FACE_OUTER_BOUND('',#2598,.T.);
#1830=FACE_OUTER_BOUND('',#2599,.T.);
#1831=FACE_OUTER_BOUND('',#2600,.T.);
#1832=FACE_OUTER_BOUND('',#2601,.T.);
#1833=FACE_OUTER_BOUND('',#2602,.T.);
#1834=FACE_OUTER_BOUND('',#2603,.T.);
#1835=FACE_OUTER_BOUND('',#2604,.T.);
#1836=FACE_OUTER_BOUND('',#2605,.T.);
#1837=FACE_OUTER_BOUND('',#2606,.T.);
#1838=FACE_OUTER_BOUND('',#2607,.T.);
#1839=FACE_OUTER_BOUND('',#2608,.T.);
#1840=FACE_OUTER_BOUND('',#2609,.T.);
#1841=FACE_OUTER_BOUND('',#2610,.T.);
#1842=FACE_OUTER_BOUND('',#2611,.T.);
#1843=FACE_OUTER_BOUND('',#2612,.T.);
#1844=FACE_OUTER_BOUND('',#2613,.T.);
#1845=FACE_OUTER_BOUND('',#2614,.T.);
#1846=FACE_OUTER_BOUND('',#2615,.T.);
#1847=FACE_OUTER_BOUND('',#2616,.T.);
#1848=FACE_OUTER_BOUND('',#2617,.T.);
#1849=FACE_OUTER_BOUND('',#2618,.T.);
#1850=FACE_OUTER_BOUND('',#2619,.T.);
#1851=FACE_OUTER_BOUND('',#2620,.T.);
#1852=FACE_OUTER_BOUND('',#2621,.T.);
#1853=FACE_OUTER_BOUND('',#2622,.T.);
#1854=FACE_OUTER_BOUND('',#2623,.T.);
#1855=FACE_OUTER_BOUND('',#2624,.T.);
#1856=FACE_OUTER_BOUND('',#2625,.T.);
#1857=FACE_OUTER_BOUND('',#2626,.T.);
#1858=FACE_OUTER_BOUND('',#2627,.T.);
#1859=FACE_OUTER_BOUND('',#2628,.T.);
#1860=FACE_OUTER_BOUND('',#2629,.T.);
#1861=FACE_OUTER_BOUND('',#2630,.T.);
#1862=FACE_OUTER_BOUND('',#2631,.T.);
#1863=FACE_OUTER_BOUND('',#2632,.T.);
#1864=FACE_OUTER_BOUND('',#2633,.T.);
#1865=FACE_OUTER_BOUND('',#2634,.T.);
#1866=FACE_OUTER_BOUND('',#2635,.T.);
#1867=FACE_OUTER_BOUND('',#2636,.T.);
#1868=FACE_OUTER_BOUND('',#2637,.T.);
#1869=FACE_OUTER_BOUND('',#2638,.T.);
#1870=FACE_OUTER_BOUND('',#2639,.T.);
#1871=FACE_OUTER_BOUND('',#2640,.T.);
#1872=FACE_OUTER_BOUND('',#2641,.T.);
#1873=FACE_OUTER_BOUND('',#2642,.T.);
#1874=FACE_OUTER_BOUND('',#2643,.T.);
#1875=FACE_OUTER_BOUND('',#2644,.T.);
#1876=FACE_OUTER_BOUND('',#2645,.T.);
#1877=FACE_OUTER_BOUND('',#2646,.T.);
#1878=FACE_OUTER_BOUND('',#2647,.T.);
#1879=FACE_OUTER_BOUND('',#2648,.T.);
#1880=FACE_OUTER_BOUND('',#2649,.T.);
#1881=FACE_OUTER_BOUND('',#2650,.T.);
#1882=FACE_OUTER_BOUND('',#2651,.T.);
#1883=FACE_OUTER_BOUND('',#2652,.T.);
#1884=FACE_OUTER_BOUND('',#2654,.T.);
#1885=FACE_OUTER_BOUND('',#2656,.T.);
#1886=FACE_OUTER_BOUND('',#2657,.T.);
#1887=FACE_OUTER_BOUND('',#2658,.T.);
#1888=FACE_OUTER_BOUND('',#2659,.T.);
#1889=FACE_OUTER_BOUND('',#2660,.T.);
#1890=FACE_OUTER_BOUND('',#2661,.T.);
#1891=FACE_OUTER_BOUND('',#2662,.T.);
#1892=FACE_OUTER_BOUND('',#2663,.T.);
#1893=FACE_OUTER_BOUND('',#2664,.T.);
#1894=FACE_OUTER_BOUND('',#2665,.T.);
#1895=FACE_OUTER_BOUND('',#2666,.T.);
#1896=FACE_OUTER_BOUND('',#2667,.T.);
#1897=FACE_OUTER_BOUND('',#2668,.T.);
#1898=FACE_OUTER_BOUND('',#2669,.T.);
#1899=FACE_OUTER_BOUND('',#2670,.T.);
#1900=FACE_OUTER_BOUND('',#2671,.T.);
#1901=FACE_OUTER_BOUND('',#2673,.T.);
#1902=FACE_OUTER_BOUND('',#2674,.T.);
#1903=FACE_OUTER_BOUND('',#2675,.T.);
#1904=FACE_OUTER_BOUND('',#2676,.T.);
#1905=FACE_OUTER_BOUND('',#2677,.T.);
#1906=FACE_OUTER_BOUND('',#2678,.T.);
#1907=FACE_OUTER_BOUND('',#2679,.T.);
#1908=FACE_OUTER_BOUND('',#2680,.T.);
#1909=FACE_OUTER_BOUND('',#2681,.T.);
#1910=FACE_OUTER_BOUND('',#2683,.T.);
#1911=FACE_OUTER_BOUND('',#2684,.T.);
#1912=FACE_OUTER_BOUND('',#2685,.T.);
#1913=FACE_OUTER_BOUND('',#2686,.T.);
#1914=FACE_OUTER_BOUND('',#2687,.T.);
#1915=FACE_OUTER_BOUND('',#2688,.T.);
#1916=FACE_OUTER_BOUND('',#2689,.T.);
#1917=FACE_OUTER_BOUND('',#2690,.T.);
#1918=FACE_OUTER_BOUND('',#2691,.T.);
#1919=FACE_OUTER_BOUND('',#2692,.T.);
#1920=FACE_OUTER_BOUND('',#2693,.T.);
#1921=FACE_OUTER_BOUND('',#2694,.T.);
#1922=FACE_OUTER_BOUND('',#2695,.T.);
#1923=FACE_OUTER_BOUND('',#2696,.T.);
#1924=FACE_OUTER_BOUND('',#2697,.T.);
#1925=FACE_OUTER_BOUND('',#2698,.T.);
#1926=FACE_OUTER_BOUND('',#2699,.T.);
#1927=FACE_OUTER_BOUND('',#2700,.T.);
#1928=FACE_OUTER_BOUND('',#2701,.T.);
#1929=FACE_OUTER_BOUND('',#2702,.T.);
#1930=FACE_OUTER_BOUND('',#2703,.T.);
#1931=FACE_OUTER_BOUND('',#2704,.T.);
#1932=FACE_OUTER_BOUND('',#2705,.T.);
#1933=FACE_OUTER_BOUND('',#2706,.T.);
#1934=FACE_OUTER_BOUND('',#2707,.T.);
#1935=FACE_OUTER_BOUND('',#2708,.T.);
#1936=FACE_OUTER_BOUND('',#2709,.T.);
#1937=FACE_OUTER_BOUND('',#2710,.T.);
#1938=FACE_OUTER_BOUND('',#2711,.T.);
#1939=FACE_OUTER_BOUND('',#2712,.T.);
#1940=FACE_OUTER_BOUND('',#2713,.T.);
#1941=FACE_OUTER_BOUND('',#2714,.T.);
#1942=FACE_OUTER_BOUND('',#2715,.T.);
#1943=FACE_OUTER_BOUND('',#2716,.T.);
#1944=FACE_OUTER_BOUND('',#2717,.T.);
#1945=EDGE_LOOP('',(#7847,#7848,#7849,#7850));
#1946=EDGE_LOOP('',(#7851,#7852,#7853,#7854));
#1947=EDGE_LOOP('',(#7855,#7856,#7857,#7858));
#1948=EDGE_LOOP('',(#7859,#7860,#7861,#7862));
#1949=EDGE_LOOP('',(#7863));
#1950=EDGE_LOOP('',(#7864));
#1951=EDGE_LOOP('',(#7865));
#1952=EDGE_LOOP('',(#7866));
#1953=EDGE_LOOP('',(#7867,#7868,#7869,#7870));
#1954=EDGE_LOOP('',(#7871));
#1955=EDGE_LOOP('',(#7872));
#1956=EDGE_LOOP('',(#7873,#7874,#7875,#7876));
#1957=EDGE_LOOP('',(#7877));
#1958=EDGE_LOOP('',(#7878));
#1959=EDGE_LOOP('',(#7879,#7880,#7881,#7882));
#1960=EDGE_LOOP('',(#7883));
#1961=EDGE_LOOP('',(#7884));
#1962=EDGE_LOOP('',(#7885,#7886,#7887,#7888));
#1963=EDGE_LOOP('',(#7889));
#1964=EDGE_LOOP('',(#7890));
#1965=EDGE_LOOP('',(#7891,#7892,#7893,#7894));
#1966=EDGE_LOOP('',(#7895,#7896,#7897,#7898));
#1967=EDGE_LOOP('',(#7899,#7900,#7901,#7902));
#1968=EDGE_LOOP('',(#7903,#7904,#7905,#7906));
#1969=EDGE_LOOP('',(#7907,#7908,#7909,#7910));
#1970=EDGE_LOOP('',(#7911,#7912,#7913,#7914));
#1971=EDGE_LOOP('',(#7915,#7916,#7917,#7918));
#1972=EDGE_LOOP('',(#7919,#7920,#7921,#7922));
#1973=EDGE_LOOP('',(#7923,#7924,#7925,#7926));
#1974=EDGE_LOOP('',(#7927,#7928,#7929,#7930));
#1975=EDGE_LOOP('',(#7931,#7932,#7933,#7934));
#1976=EDGE_LOOP('',(#7935,#7936,#7937,#7938));
#1977=EDGE_LOOP('',(#7939,#7940,#7941,#7942));
#1978=EDGE_LOOP('',(#7943,#7944,#7945,#7946));
#1979=EDGE_LOOP('',(#7947,#7948,#7949,#7950,#7951,#7952,#7953,#7954));
#1980=EDGE_LOOP('',(#7955,#7956,#7957,#7958,#7959,#7960,#7961,#7962));
#1981=EDGE_LOOP('',(#7963,#7964,#7965,#7966));
#1982=EDGE_LOOP('',(#7967,#7968,#7969,#7970));
#1983=EDGE_LOOP('',(#7971,#7972,#7973,#7974));
#1984=EDGE_LOOP('',(#7975,#7976,#7977,#7978));
#1985=EDGE_LOOP('',(#7979,#7980,#7981,#7982));
#1986=EDGE_LOOP('',(#7983,#7984,#7985,#7986));
#1987=EDGE_LOOP('',(#7987,#7988,#7989,#7990));
#1988=EDGE_LOOP('',(#7991,#7992,#7993,#7994));
#1989=EDGE_LOOP('',(#7995,#7996,#7997,#7998));
#1990=EDGE_LOOP('',(#7999,#8000,#8001,#8002));
#1991=EDGE_LOOP('',(#8003,#8004,#8005,#8006));
#1992=EDGE_LOOP('',(#8007,#8008,#8009,#8010));
#1993=EDGE_LOOP('',(#8011,#8012,#8013,#8014));
#1994=EDGE_LOOP('',(#8015,#8016,#8017,#8018));
#1995=EDGE_LOOP('',(#8019,#8020,#8021,#8022,#8023,#8024,#8025,#8026));
#1996=EDGE_LOOP('',(#8027));
#1997=EDGE_LOOP('',(#8028));
#1998=EDGE_LOOP('',(#8029));
#1999=EDGE_LOOP('',(#8030));
#2000=EDGE_LOOP('',(#8031,#8032,#8033,#8034,#8035,#8036,#8037,#8038));
#2001=EDGE_LOOP('',(#8039,#8040,#8041,#8042));
#2002=EDGE_LOOP('',(#8043,#8044,#8045,#8046));
#2003=EDGE_LOOP('',(#8047,#8048,#8049,#8050));
#2004=EDGE_LOOP('',(#8051,#8052,#8053,#8054));
#2005=EDGE_LOOP('',(#8055,#8056,#8057,#8058));
#2006=EDGE_LOOP('',(#8059));
#2007=EDGE_LOOP('',(#8060));
#2008=EDGE_LOOP('',(#8061,#8062,#8063,#8064));
#2009=EDGE_LOOP('',(#8065,#8066,#8067,#8068));
#2010=EDGE_LOOP('',(#8069));
#2011=EDGE_LOOP('',(#8070));
#2012=EDGE_LOOP('',(#8071,#8072,#8073,#8074));
#2013=EDGE_LOOP('',(#8075,#8076,#8077,#8078));
#2014=EDGE_LOOP('',(#8079,#8080,#8081,#8082));
#2015=EDGE_LOOP('',(#8083,#8084,#8085,#8086));
#2016=EDGE_LOOP('',(#8087,#8088,#8089,#8090));
#2017=EDGE_LOOP('',(#8091,#8092,#8093,#8094));
#2018=EDGE_LOOP('',(#8095,#8096,#8097,#8098));
#2019=EDGE_LOOP('',(#8099,#8100,#8101,#8102));
#2020=EDGE_LOOP('',(#8103,#8104,#8105,#8106));
#2021=EDGE_LOOP('',(#8107,#8108,#8109,#8110));
#2022=EDGE_LOOP('',(#8111,#8112,#8113,#8114));
#2023=EDGE_LOOP('',(#8115,#8116,#8117,#8118));
#2024=EDGE_LOOP('',(#8119,#8120,#8121,#8122));
#2025=EDGE_LOOP('',(#8123,#8124,#8125,#8126,#8127,#8128,#8129,#8130));
#2026=EDGE_LOOP('',(#8131,#8132,#8133,#8134));
#2027=EDGE_LOOP('',(#8135));
#2028=EDGE_LOOP('',(#8136));
#2029=EDGE_LOOP('',(#8137));
#2030=EDGE_LOOP('',(#8138));
#2031=EDGE_LOOP('',(#8139));
#2032=EDGE_LOOP('',(#8140));
#2033=EDGE_LOOP('',(#8141,#8142,#8143,#8144,#8145,#8146,#8147,#8148));
#2034=EDGE_LOOP('',(#8149,#8150,#8151,#8152));
#2035=EDGE_LOOP('',(#8153));
#2036=EDGE_LOOP('',(#8154));
#2037=EDGE_LOOP('',(#8155));
#2038=EDGE_LOOP('',(#8156));
#2039=EDGE_LOOP('',(#8157));
#2040=EDGE_LOOP('',(#8158));
#2041=EDGE_LOOP('',(#8159,#8160,#8161,#8162));
#2042=EDGE_LOOP('',(#8163,#8164,#8165,#8166,#8167,#8168,#8169,#8170,#8171,
#8172));
#2043=EDGE_LOOP('',(#8173,#8174,#8175,#8176,#8177,#8178,#8179,#8180,#8181,
#8182,#8183,#8184));
#2044=EDGE_LOOP('',(#8185,#8186,#8187,#8188,#8189,#8190,#8191,#8192));
#2045=EDGE_LOOP('',(#8193,#8194,#8195,#8196));
#2046=EDGE_LOOP('',(#8197,#8198,#8199,#8200));
#2047=EDGE_LOOP('',(#8201,#8202,#8203,#8204));
#2048=EDGE_LOOP('',(#8205,#8206,#8207,#8208));
#2049=EDGE_LOOP('',(#8209,#8210,#8211,#8212,#8213,#8214,#8215,#8216));
#2050=EDGE_LOOP('',(#8217,#8218,#8219,#8220,#8221,#8222,#8223,#8224,#8225,
#8226,#8227,#8228,#8229,#8230,#8231,#8232,#8233,#8234));
#2051=EDGE_LOOP('',(#8235,#8236,#8237,#8238,#8239,#8240));
#2052=EDGE_LOOP('',(#8241,#8242,#8243,#8244));
#2053=EDGE_LOOP('',(#8245,#8246,#8247,#8248,#8249,#8250,#8251,#8252,#8253,
#8254,#8255,#8256));
#2054=EDGE_LOOP('',(#8257,#8258,#8259,#8260,#8261,#8262));
#2055=EDGE_LOOP('',(#8263,#8264,#8265,#8266,#8267,#8268,#8269,#8270));
#2056=EDGE_LOOP('',(#8271,#8272,#8273,#8274,#8275,#8276,#8277,#8278));
#2057=EDGE_LOOP('',(#8279,#8280,#8281,#8282));
#2058=EDGE_LOOP('',(#8283,#8284,#8285,#8286,#8287,#8288,#8289,#8290,#8291,
#8292));
#2059=EDGE_LOOP('',(#8293,#8294,#8295,#8296));
#2060=EDGE_LOOP('',(#8297,#8298,#8299,#8300,#8301,#8302));
#2061=EDGE_LOOP('',(#8303,#8304,#8305,#8306,#8307,#8308,#8309,#8310,#8311,
#8312,#8313,#8314,#8315,#8316,#8317,#8318));
#2062=EDGE_LOOP('',(#8319,#8320,#8321,#8322,#8323,#8324,#8325,#8326,#8327,
#8328,#8329,#8330));
#2063=EDGE_LOOP('',(#8331,#8332,#8333,#8334));
#2064=EDGE_LOOP('',(#8335,#8336,#8337,#8338));
#2065=EDGE_LOOP('',(#8339,#8340,#8341,#8342,#8343,#8344));
#2066=EDGE_LOOP('',(#8345,#8346,#8347,#8348,#8349,#8350));
#2067=EDGE_LOOP('',(#8351,#8352,#8353,#8354,#8355));
#2068=EDGE_LOOP('',(#8356,#8357,#8358,#8359));
#2069=EDGE_LOOP('',(#8360,#8361,#8362,#8363,#8364));
#2070=EDGE_LOOP('',(#8365,#8366,#8367,#8368,#8369,#8370));
#2071=EDGE_LOOP('',(#8371,#8372,#8373,#8374,#8375,#8376));
#2072=EDGE_LOOP('',(#8377,#8378,#8379,#8380));
#2073=EDGE_LOOP('',(#8381,#8382,#8383,#8384,#8385,#8386));
#2074=EDGE_LOOP('',(#8387,#8388,#8389,#8390,#8391,#8392));
#2075=EDGE_LOOP('',(#8393,#8394,#8395,#8396,#8397));
#2076=EDGE_LOOP('',(#8398,#8399,#8400,#8401,#8402,#8403,#8404,#8405));
#2077=EDGE_LOOP('',(#8406,#8407,#8408,#8409));
#2078=EDGE_LOOP('',(#8410,#8411,#8412,#8413,#8414,#8415,#8416,#8417,#8418,
#8419));
#2079=EDGE_LOOP('',(#8420,#8421,#8422,#8423));
#2080=EDGE_LOOP('',(#8424,#8425,#8426,#8427));
#2081=EDGE_LOOP('',(#8428,#8429,#8430,#8431));
#2082=EDGE_LOOP('',(#8432,#8433,#8434,#8435,#8436,#8437,#8438,#8439));
#2083=EDGE_LOOP('',(#8440,#8441,#8442,#8443,#8444,#8445));
#2084=EDGE_LOOP('',(#8446,#8447,#8448,#8449));
#2085=EDGE_LOOP('',(#8450,#8451,#8452,#8453));
#2086=EDGE_LOOP('',(#8454,#8455,#8456,#8457));
#2087=EDGE_LOOP('',(#8458,#8459,#8460,#8461));
#2088=EDGE_LOOP('',(#8462,#8463,#8464,#8465));
#2089=EDGE_LOOP('',(#8466,#8467,#8468,#8469));
#2090=EDGE_LOOP('',(#8470,#8471,#8472,#8473));
#2091=EDGE_LOOP('',(#8474,#8475,#8476,#8477));
#2092=EDGE_LOOP('',(#8478,#8479,#8480,#8481));
#2093=EDGE_LOOP('',(#8482,#8483,#8484,#8485,#8486,#8487));
#2094=EDGE_LOOP('',(#8488,#8489,#8490,#8491,#8492));
#2095=EDGE_LOOP('',(#8493,#8494,#8495,#8496));
#2096=EDGE_LOOP('',(#8497,#8498,#8499,#8500,#8501,#8502));
#2097=EDGE_LOOP('',(#8503,#8504,#8505,#8506));
#2098=EDGE_LOOP('',(#8507,#8508,#8509,#8510));
#2099=EDGE_LOOP('',(#8511,#8512,#8513,#8514));
#2100=EDGE_LOOP('',(#8515,#8516,#8517,#8518));
#2101=EDGE_LOOP('',(#8519,#8520,#8521,#8522));
#2102=EDGE_LOOP('',(#8523,#8524,#8525,#8526));
#2103=EDGE_LOOP('',(#8527,#8528,#8529,#8530));
#2104=EDGE_LOOP('',(#8531,#8532,#8533,#8534));
#2105=EDGE_LOOP('',(#8535,#8536,#8537,#8538));
#2106=EDGE_LOOP('',(#8539,#8540,#8541,#8542));
#2107=EDGE_LOOP('',(#8543,#8544,#8545,#8546));
#2108=EDGE_LOOP('',(#8547,#8548,#8549,#8550));
#2109=EDGE_LOOP('',(#8551,#8552,#8553,#8554));
#2110=EDGE_LOOP('',(#8555,#8556,#8557,#8558));
#2111=EDGE_LOOP('',(#8559,#8560,#8561,#8562));
#2112=EDGE_LOOP('',(#8563,#8564,#8565,#8566));
#2113=EDGE_LOOP('',(#8567,#8568,#8569,#8570));
#2114=EDGE_LOOP('',(#8571,#8572,#8573,#8574));
#2115=EDGE_LOOP('',(#8575,#8576,#8577,#8578));
#2116=EDGE_LOOP('',(#8579,#8580,#8581,#8582));
#2117=EDGE_LOOP('',(#8583,#8584,#8585,#8586));
#2118=EDGE_LOOP('',(#8587,#8588,#8589,#8590));
#2119=EDGE_LOOP('',(#8591,#8592,#8593,#8594,#8595,#8596,#8597,#8598,#8599,
#8600,#8601,#8602));
#2120=EDGE_LOOP('',(#8603,#8604,#8605,#8606));
#2121=EDGE_LOOP('',(#8607,#8608,#8609,#8610,#8611,#8612,#8613,#8614,#8615,
#8616,#8617,#8618));
#2122=EDGE_LOOP('',(#8619,#8620,#8621,#8622));
#2123=EDGE_LOOP('',(#8623,#8624,#8625,#8626,#8627,#8628,#8629,#8630,#8631,
#8632,#8633,#8634));
#2124=EDGE_LOOP('',(#8635,#8636,#8637,#8638));
#2125=EDGE_LOOP('',(#8639,#8640,#8641,#8642,#8643,#8644,#8645,#8646,#8647,
#8648,#8649,#8650));
#2126=EDGE_LOOP('',(#8651,#8652,#8653,#8654));
#2127=EDGE_LOOP('',(#8655,#8656,#8657,#8658));
#2128=EDGE_LOOP('',(#8659,#8660,#8661,#8662));
#2129=EDGE_LOOP('',(#8663,#8664,#8665,#8666));
#2130=EDGE_LOOP('',(#8667,#8668,#8669,#8670));
#2131=EDGE_LOOP('',(#8671,#8672,#8673,#8674));
#2132=EDGE_LOOP('',(#8675,#8676,#8677,#8678,#8679,#8680));
#2133=EDGE_LOOP('',(#8681,#8682,#8683,#8684,#8685,#8686));
#2134=EDGE_LOOP('',(#8687,#8688,#8689,#8690,#8691,#8692));
#2135=EDGE_LOOP('',(#8693,#8694,#8695,#8696));
#2136=EDGE_LOOP('',(#8697,#8698,#8699,#8700));
#2137=EDGE_LOOP('',(#8701,#8702,#8703,#8704));
#2138=EDGE_LOOP('',(#8705,#8706,#8707,#8708,#8709,#8710));
#2139=EDGE_LOOP('',(#8711,#8712,#8713,#8714));
#2140=EDGE_LOOP('',(#8715,#8716,#8717,#8718));
#2141=EDGE_LOOP('',(#8719,#8720,#8721,#8722));
#2142=EDGE_LOOP('',(#8723,#8724,#8725,#8726,#8727,#8728));
#2143=EDGE_LOOP('',(#8729,#8730,#8731,#8732,#8733,#8734));
#2144=EDGE_LOOP('',(#8735,#8736,#8737,#8738,#8739,#8740));
#2145=EDGE_LOOP('',(#8741,#8742,#8743,#8744));
#2146=EDGE_LOOP('',(#8745,#8746,#8747,#8748));
#2147=EDGE_LOOP('',(#8749,#8750,#8751,#8752));
#2148=EDGE_LOOP('',(#8753,#8754,#8755,#8756,#8757,#8758));
#2149=EDGE_LOOP('',(#8759,#8760,#8761,#8762));
#2150=EDGE_LOOP('',(#8763,#8764,#8765,#8766));
#2151=EDGE_LOOP('',(#8767,#8768,#8769,#8770));
#2152=EDGE_LOOP('',(#8771,#8772,#8773,#8774));
#2153=EDGE_LOOP('',(#8775,#8776,#8777,#8778));
#2154=EDGE_LOOP('',(#8779,#8780,#8781,#8782));
#2155=EDGE_LOOP('',(#8783,#8784,#8785));
#2156=EDGE_LOOP('',(#8786,#8787,#8788,#8789));
#2157=EDGE_LOOP('',(#8790,#8791));
#2158=EDGE_LOOP('',(#8792));
#2159=EDGE_LOOP('',(#8793,#8794,#8795,#8796));
#2160=EDGE_LOOP('',(#8797,#8798,#8799,#8800));
#2161=EDGE_LOOP('',(#8801,#8802));
#2162=EDGE_LOOP('',(#8803,#8804,#8805,#8806));
#2163=EDGE_LOOP('',(#8807,#8808,#8809,#8810));
#2164=EDGE_LOOP('',(#8811,#8812,#8813,#8814));
#2165=EDGE_LOOP('',(#8815,#8816,#8817,#8818));
#2166=EDGE_LOOP('',(#8819,#8820,#8821,#8822));
#2167=EDGE_LOOP('',(#8823,#8824,#8825,#8826));
#2168=EDGE_LOOP('',(#8827,#8828,#8829,#8830));
#2169=EDGE_LOOP('',(#8831,#8832,#8833,#8834));
#2170=EDGE_LOOP('',(#8835,#8836,#8837,#8838));
#2171=EDGE_LOOP('',(#8839,#8840,#8841,#8842));
#2172=EDGE_LOOP('',(#8843,#8844,#8845,#8846));
#2173=EDGE_LOOP('',(#8847,#8848,#8849,#8850));
#2174=EDGE_LOOP('',(#8851,#8852,#8853,#8854,#8855));
#2175=EDGE_LOOP('',(#8856,#8857,#8858,#8859));
#2176=EDGE_LOOP('',(#8860,#8861,#8862,#8863));
#2177=EDGE_LOOP('',(#8864,#8865,#8866,#8867));
#2178=EDGE_LOOP('',(#8868,#8869,#8870,#8871));
#2179=EDGE_LOOP('',(#8872,#8873,#8874,#8875));
#2180=EDGE_LOOP('',(#8876,#8877,#8878,#8879,#8880));
#2181=EDGE_LOOP('',(#8881,#8882,#8883,#8884,#8885,#8886,#8887,#8888,#8889,
#8890,#8891,#8892));
#2182=EDGE_LOOP('',(#8893,#8894,#8895,#8896));
#2183=EDGE_LOOP('',(#8897,#8898,#8899,#8900));
#2184=EDGE_LOOP('',(#8901,#8902,#8903,#8904,#8905,#8906,#8907,#8908,#8909,
#8910,#8911,#8912));
#2185=EDGE_LOOP('',(#8913,#8914,#8915,#8916));
#2186=EDGE_LOOP('',(#8917,#8918,#8919,#8920));
#2187=EDGE_LOOP('',(#8921,#8922,#8923,#8924));
#2188=EDGE_LOOP('',(#8925,#8926,#8927,#8928));
#2189=EDGE_LOOP('',(#8929,#8930,#8931,#8932));
#2190=EDGE_LOOP('',(#8933,#8934,#8935,#8936));
#2191=EDGE_LOOP('',(#8937,#8938,#8939,#8940));
#2192=EDGE_LOOP('',(#8941,#8942,#8943,#8944));
#2193=EDGE_LOOP('',(#8945,#8946,#8947,#8948));
#2194=EDGE_LOOP('',(#8949,#8950,#8951,#8952));
#2195=EDGE_LOOP('',(#8953,#8954,#8955,#8956));
#2196=EDGE_LOOP('',(#8957,#8958,#8959,#8960));
#2197=EDGE_LOOP('',(#8961,#8962,#8963,#8964));
#2198=EDGE_LOOP('',(#8965,#8966,#8967,#8968));
#2199=EDGE_LOOP('',(#8969,#8970,#8971,#8972));
#2200=EDGE_LOOP('',(#8973,#8974,#8975,#8976));
#2201=EDGE_LOOP('',(#8977,#8978,#8979,#8980));
#2202=EDGE_LOOP('',(#8981,#8982,#8983,#8984));
#2203=EDGE_LOOP('',(#8985,#8986,#8987,#8988,#8989));
#2204=EDGE_LOOP('',(#8990,#8991,#8992,#8993,#8994,#8995));
#2205=EDGE_LOOP('',(#8996,#8997,#8998,#8999));
#2206=EDGE_LOOP('',(#9000,#9001,#9002,#9003));
#2207=EDGE_LOOP('',(#9004,#9005,#9006,#9007,#9008,#9009));
#2208=EDGE_LOOP('',(#9010,#9011,#9012,#9013));
#2209=EDGE_LOOP('',(#9014,#9015,#9016,#9017,#9018,#9019,#9020,#9021));
#2210=EDGE_LOOP('',(#9022,#9023,#9024,#9025,#9026,#9027,#9028,#9029));
#2211=EDGE_LOOP('',(#9030,#9031,#9032,#9033));
#2212=EDGE_LOOP('',(#9034,#9035,#9036,#9037));
#2213=EDGE_LOOP('',(#9038,#9039,#9040,#9041));
#2214=EDGE_LOOP('',(#9042,#9043,#9044,#9045));
#2215=EDGE_LOOP('',(#9046,#9047,#9048,#9049,#9050));
#2216=EDGE_LOOP('',(#9051,#9052,#9053,#9054));
#2217=EDGE_LOOP('',(#9055,#9056,#9057,#9058,#9059));
#2218=EDGE_LOOP('',(#9060,#9061,#9062,#9063,#9064));
#2219=EDGE_LOOP('',(#9065,#9066,#9067,#9068));
#2220=EDGE_LOOP('',(#9069,#9070,#9071,#9072,#9073));
#2221=EDGE_LOOP('',(#9074,#9075,#9076,#9077,#9078));
#2222=EDGE_LOOP('',(#9079,#9080,#9081,#9082));
#2223=EDGE_LOOP('',(#9083,#9084,#9085,#9086));
#2224=EDGE_LOOP('',(#9087,#9088,#9089,#9090));
#2225=EDGE_LOOP('',(#9091,#9092,#9093,#9094));
#2226=EDGE_LOOP('',(#9095,#9096,#9097,#9098));
#2227=EDGE_LOOP('',(#9099,#9100,#9101,#9102));
#2228=EDGE_LOOP('',(#9103,#9104,#9105,#9106));
#2229=EDGE_LOOP('',(#9107,#9108,#9109,#9110));
#2230=EDGE_LOOP('',(#9111,#9112,#9113,#9114));
#2231=EDGE_LOOP('',(#9115,#9116,#9117,#9118));
#2232=EDGE_LOOP('',(#9119,#9120,#9121,#9122));
#2233=EDGE_LOOP('',(#9123,#9124,#9125,#9126));
#2234=EDGE_LOOP('',(#9127,#9128,#9129,#9130));
#2235=EDGE_LOOP('',(#9131,#9132,#9133,#9134));
#2236=EDGE_LOOP('',(#9135,#9136,#9137,#9138));
#2237=EDGE_LOOP('',(#9139,#9140,#9141,#9142));
#2238=EDGE_LOOP('',(#9143,#9144,#9145,#9146));
#2239=EDGE_LOOP('',(#9147,#9148,#9149,#9150));
#2240=EDGE_LOOP('',(#9151,#9152,#9153,#9154));
#2241=EDGE_LOOP('',(#9155,#9156,#9157,#9158));
#2242=EDGE_LOOP('',(#9159,#9160,#9161,#9162));
#2243=EDGE_LOOP('',(#9163,#9164,#9165,#9166));
#2244=EDGE_LOOP('',(#9167,#9168,#9169,#9170,#9171,#9172,#9173,#9174));
#2245=EDGE_LOOP('',(#9175,#9176,#9177,#9178));
#2246=EDGE_LOOP('',(#9179,#9180,#9181,#9182));
#2247=EDGE_LOOP('',(#9183,#9184,#9185,#9186,#9187,#9188));
#2248=EDGE_LOOP('',(#9189,#9190,#9191,#9192));
#2249=EDGE_LOOP('',(#9193,#9194,#9195,#9196));
#2250=EDGE_LOOP('',(#9197,#9198,#9199,#9200));
#2251=EDGE_LOOP('',(#9201,#9202,#9203,#9204,#9205,#9206));
#2252=EDGE_LOOP('',(#9207,#9208,#9209,#9210));
#2253=EDGE_LOOP('',(#9211,#9212,#9213,#9214));
#2254=EDGE_LOOP('',(#9215,#9216,#9217,#9218));
#2255=EDGE_LOOP('',(#9219,#9220,#9221,#9222));
#2256=EDGE_LOOP('',(#9223,#9224,#9225,#9226));
#2257=EDGE_LOOP('',(#9227,#9228,#9229,#9230,#9231,#9232));
#2258=EDGE_LOOP('',(#9233,#9234,#9235,#9236));
#2259=EDGE_LOOP('',(#9237,#9238,#9239,#9240,#9241,#9242));
#2260=EDGE_LOOP('',(#9243,#9244,#9245,#9246));
#2261=EDGE_LOOP('',(#9247,#9248,#9249,#9250));
#2262=EDGE_LOOP('',(#9251,#9252,#9253,#9254));
#2263=EDGE_LOOP('',(#9255,#9256,#9257,#9258));
#2264=EDGE_LOOP('',(#9259,#9260,#9261,#9262));
#2265=EDGE_LOOP('',(#9263,#9264,#9265,#9266));
#2266=EDGE_LOOP('',(#9267,#9268,#9269,#9270));
#2267=EDGE_LOOP('',(#9271,#9272,#9273,#9274));
#2268=EDGE_LOOP('',(#9275,#9276,#9277,#9278));
#2269=EDGE_LOOP('',(#9279,#9280,#9281,#9282));
#2270=EDGE_LOOP('',(#9283,#9284,#9285,#9286));
#2271=EDGE_LOOP('',(#9287,#9288,#9289,#9290));
#2272=EDGE_LOOP('',(#9291,#9292,#9293,#9294));
#2273=EDGE_LOOP('',(#9295,#9296,#9297,#9298));
#2274=EDGE_LOOP('',(#9299,#9300,#9301,#9302));
#2275=EDGE_LOOP('',(#9303,#9304,#9305,#9306));
#2276=EDGE_LOOP('',(#9307,#9308,#9309,#9310));
#2277=EDGE_LOOP('',(#9311,#9312,#9313,#9314));
#2278=EDGE_LOOP('',(#9315,#9316,#9317,#9318));
#2279=EDGE_LOOP('',(#9319,#9320,#9321,#9322,#9323,#9324));
#2280=EDGE_LOOP('',(#9325,#9326,#9327,#9328));
#2281=EDGE_LOOP('',(#9329,#9330,#9331,#9332));
#2282=EDGE_LOOP('',(#9333,#9334,#9335,#9336));
#2283=EDGE_LOOP('',(#9337,#9338,#9339,#9340));
#2284=EDGE_LOOP('',(#9341,#9342,#9343,#9344));
#2285=EDGE_LOOP('',(#9345,#9346,#9347,#9348));
#2286=EDGE_LOOP('',(#9349,#9350,#9351,#9352));
#2287=EDGE_LOOP('',(#9353,#9354,#9355,#9356));
#2288=EDGE_LOOP('',(#9357,#9358,#9359,#9360));
#2289=EDGE_LOOP('',(#9361,#9362,#9363,#9364));
#2290=EDGE_LOOP('',(#9365,#9366,#9367,#9368));
#2291=EDGE_LOOP('',(#9369,#9370,#9371,#9372,#9373));
#2292=EDGE_LOOP('',(#9374,#9375,#9376,#9377));
#2293=EDGE_LOOP('',(#9378,#9379,#9380,#9381));
#2294=EDGE_LOOP('',(#9382,#9383,#9384,#9385,#9386));
#2295=EDGE_LOOP('',(#9387,#9388,#9389,#9390,#9391));
#2296=EDGE_LOOP('',(#9392,#9393,#9394,#9395));
#2297=EDGE_LOOP('',(#9396,#9397,#9398,#9399));
#2298=EDGE_LOOP('',(#9400,#9401,#9402,#9403));
#2299=EDGE_LOOP('',(#9404,#9405,#9406,#9407,#9408));
#2300=EDGE_LOOP('',(#9409,#9410,#9411,#9412,#9413));
#2301=EDGE_LOOP('',(#9414,#9415,#9416,#9417));
#2302=EDGE_LOOP('',(#9418,#9419,#9420,#9421));
#2303=EDGE_LOOP('',(#9422,#9423,#9424,#9425));
#2304=EDGE_LOOP('',(#9426,#9427,#9428,#9429,#9430));
#2305=EDGE_LOOP('',(#9431,#9432,#9433,#9434,#9435));
#2306=EDGE_LOOP('',(#9436,#9437,#9438,#9439));
#2307=EDGE_LOOP('',(#9440,#9441,#9442,#9443));
#2308=EDGE_LOOP('',(#9444,#9445,#9446,#9447));
#2309=EDGE_LOOP('',(#9448,#9449,#9450,#9451,#9452));
#2310=EDGE_LOOP('',(#9453,#9454,#9455,#9456));
#2311=EDGE_LOOP('',(#9457,#9458,#9459,#9460));
#2312=EDGE_LOOP('',(#9461,#9462,#9463,#9464));
#2313=EDGE_LOOP('',(#9465,#9466,#9467,#9468,#9469,#9470,#9471,#9472));
#2314=EDGE_LOOP('',(#9473,#9474,#9475,#9476));
#2315=EDGE_LOOP('',(#9477,#9478,#9479,#9480));
#2316=EDGE_LOOP('',(#9481,#9482,#9483,#9484));
#2317=EDGE_LOOP('',(#9485,#9486,#9487,#9488));
#2318=EDGE_LOOP('',(#9489,#9490,#9491,#9492));
#2319=EDGE_LOOP('',(#9493,#9494,#9495,#9496));
#2320=EDGE_LOOP('',(#9497,#9498,#9499,#9500));
#2321=EDGE_LOOP('',(#9501,#9502,#9503,#9504));
#2322=EDGE_LOOP('',(#9505,#9506,#9507,#9508));
#2323=EDGE_LOOP('',(#9509,#9510,#9511,#9512));
#2324=EDGE_LOOP('',(#9513,#9514,#9515,#9516));
#2325=EDGE_LOOP('',(#9517,#9518,#9519,#9520));
#2326=EDGE_LOOP('',(#9521,#9522,#9523,#9524));
#2327=EDGE_LOOP('',(#9525,#9526,#9527,#9528));
#2328=EDGE_LOOP('',(#9529,#9530,#9531,#9532));
#2329=EDGE_LOOP('',(#9533,#9534,#9535,#9536));
#2330=EDGE_LOOP('',(#9537,#9538,#9539,#9540));
#2331=EDGE_LOOP('',(#9541,#9542,#9543,#9544));
#2332=EDGE_LOOP('',(#9545,#9546,#9547,#9548));
#2333=EDGE_LOOP('',(#9549,#9550,#9551,#9552));
#2334=EDGE_LOOP('',(#9553,#9554,#9555,#9556));
#2335=EDGE_LOOP('',(#9557,#9558,#9559,#9560));
#2336=EDGE_LOOP('',(#9561,#9562,#9563,#9564));
#2337=EDGE_LOOP('',(#9565,#9566,#9567,#9568));
#2338=EDGE_LOOP('',(#9569,#9570,#9571,#9572));
#2339=EDGE_LOOP('',(#9573,#9574,#9575,#9576));
#2340=EDGE_LOOP('',(#9577,#9578,#9579,#9580));
#2341=EDGE_LOOP('',(#9581,#9582,#9583,#9584,#9585,#9586));
#2342=EDGE_LOOP('',(#9587,#9588,#9589,#9590));
#2343=EDGE_LOOP('',(#9591,#9592,#9593,#9594));
#2344=EDGE_LOOP('',(#9595,#9596,#9597,#9598));
#2345=EDGE_LOOP('',(#9599,#9600,#9601,#9602));
#2346=EDGE_LOOP('',(#9603,#9604,#9605,#9606));
#2347=EDGE_LOOP('',(#9607,#9608,#9609,#9610));
#2348=EDGE_LOOP('',(#9611,#9612,#9613,#9614));
#2349=EDGE_LOOP('',(#9615,#9616,#9617,#9618));
#2350=EDGE_LOOP('',(#9619,#9620,#9621,#9622));
#2351=EDGE_LOOP('',(#9623,#9624,#9625,#9626));
#2352=EDGE_LOOP('',(#9627,#9628,#9629,#9630));
#2353=EDGE_LOOP('',(#9631,#9632,#9633,#9634));
#2354=EDGE_LOOP('',(#9635,#9636,#9637,#9638,#9639,#9640,#9641,#9642,#9643,
#9644,#9645,#9646));
#2355=EDGE_LOOP('',(#9647,#9648,#9649,#9650,#9651,#9652,#9653,#9654,#9655,
#9656,#9657,#9658));
#2356=EDGE_LOOP('',(#9659,#9660,#9661,#9662,#9663,#9664));
#2357=EDGE_LOOP('',(#9665,#9666,#9667,#9668));
#2358=EDGE_LOOP('',(#9669,#9670,#9671,#9672));
#2359=EDGE_LOOP('',(#9673,#9674,#9675,#9676));
#2360=EDGE_LOOP('',(#9677,#9678,#9679,#9680));
#2361=EDGE_LOOP('',(#9681,#9682,#9683,#9684));
#2362=EDGE_LOOP('',(#9685,#9686,#9687,#9688));
#2363=EDGE_LOOP('',(#9689,#9690,#9691,#9692,#9693,#9694));
#2364=EDGE_LOOP('',(#9695,#9696,#9697,#9698,#9699,#9700));
#2365=EDGE_LOOP('',(#9701,#9702,#9703,#9704));
#2366=EDGE_LOOP('',(#9705,#9706,#9707,#9708));
#2367=EDGE_LOOP('',(#9709,#9710,#9711,#9712));
#2368=EDGE_LOOP('',(#9713,#9714,#9715,#9716));
#2369=EDGE_LOOP('',(#9717,#9718,#9719,#9720));
#2370=EDGE_LOOP('',(#9721,#9722,#9723,#9724));
#2371=EDGE_LOOP('',(#9725,#9726,#9727,#9728,#9729,#9730));
#2372=EDGE_LOOP('',(#9731,#9732,#9733,#9734,#9735,#9736));
#2373=EDGE_LOOP('',(#9737,#9738,#9739,#9740));
#2374=EDGE_LOOP('',(#9741,#9742,#9743,#9744));
#2375=EDGE_LOOP('',(#9745,#9746,#9747,#9748));
#2376=EDGE_LOOP('',(#9749,#9750,#9751,#9752));
#2377=EDGE_LOOP('',(#9753,#9754,#9755,#9756));
#2378=EDGE_LOOP('',(#9757,#9758,#9759,#9760));
#2379=EDGE_LOOP('',(#9761,#9762,#9763,#9764,#9765,#9766));
#2380=EDGE_LOOP('',(#9767,#9768,#9769,#9770));
#2381=EDGE_LOOP('',(#9771,#9772,#9773,#9774));
#2382=EDGE_LOOP('',(#9775,#9776,#9777,#9778));
#2383=EDGE_LOOP('',(#9779,#9780,#9781,#9782));
#2384=EDGE_LOOP('',(#9783,#9784,#9785,#9786,#9787,#9788,#9789));
#2385=EDGE_LOOP('',(#9790,#9791,#9792,#9793));
#2386=EDGE_LOOP('',(#9794,#9795,#9796,#9797));
#2387=EDGE_LOOP('',(#9798,#9799,#9800,#9801));
#2388=EDGE_LOOP('',(#9802,#9803,#9804,#9805));
#2389=EDGE_LOOP('',(#9806,#9807,#9808,#9809));
#2390=EDGE_LOOP('',(#9810,#9811,#9812,#9813));
#2391=EDGE_LOOP('',(#9814,#9815,#9816,#9817));
#2392=EDGE_LOOP('',(#9818,#9819,#9820,#9821));
#2393=EDGE_LOOP('',(#9822,#9823,#9824,#9825));
#2394=EDGE_LOOP('',(#9826,#9827,#9828,#9829));
#2395=EDGE_LOOP('',(#9830,#9831,#9832,#9833));
#2396=EDGE_LOOP('',(#9834,#9835,#9836,#9837));
#2397=EDGE_LOOP('',(#9838,#9839,#9840,#9841));
#2398=EDGE_LOOP('',(#9842,#9843,#9844,#9845));
#2399=EDGE_LOOP('',(#9846,#9847,#9848,#9849));
#2400=EDGE_LOOP('',(#9850,#9851,#9852,#9853,#9854,#9855,#9856));
#2401=EDGE_LOOP('',(#9857));
#2402=EDGE_LOOP('',(#9858,#9859,#9860,#9861));
#2403=EDGE_LOOP('',(#9862,#9863,#9864,#9865,#9866,#9867,#9868,#9869));
#2404=EDGE_LOOP('',(#9870));
#2405=EDGE_LOOP('',(#9871));
#2406=EDGE_LOOP('',(#9872));
#2407=EDGE_LOOP('',(#9873));
#2408=EDGE_LOOP('',(#9874));
#2409=EDGE_LOOP('',(#9875,#9876,#9877,#9878));
#2410=EDGE_LOOP('',(#9879,#9880,#9881,#9882));
#2411=EDGE_LOOP('',(#9883,#9884,#9885,#9886));
#2412=EDGE_LOOP('',(#9887,#9888,#9889,#9890));
#2413=EDGE_LOOP('',(#9891,#9892,#9893,#9894));
#2414=EDGE_LOOP('',(#9895,#9896,#9897,#9898));
#2415=EDGE_LOOP('',(#9899,#9900,#9901,#9902));
#2416=EDGE_LOOP('',(#9903,#9904,#9905,#9906));
#2417=EDGE_LOOP('',(#9907,#9908,#9909,#9910));
#2418=EDGE_LOOP('',(#9911,#9912,#9913,#9914));
#2419=EDGE_LOOP('',(#9915,#9916,#9917,#9918));
#2420=EDGE_LOOP('',(#9919,#9920,#9921,#9922));
#2421=EDGE_LOOP('',(#9923,#9924,#9925,#9926));
#2422=EDGE_LOOP('',(#9927,#9928,#9929,#9930));
#2423=EDGE_LOOP('',(#9931,#9932,#9933,#9934));
#2424=EDGE_LOOP('',(#9935,#9936,#9937,#9938,#9939,#9940,#9941,#9942,#9943,
#9944,#9945,#9946));
#2425=EDGE_LOOP('',(#9947,#9948,#9949,#9950,#9951,#9952,#9953,#9954,#9955,
#9956,#9957,#9958));
#2426=EDGE_LOOP('',(#9959,#9960,#9961,#9962));
#2427=EDGE_LOOP('',(#9963,#9964,#9965,#9966));
#2428=EDGE_LOOP('',(#9967,#9968,#9969,#9970));
#2429=EDGE_LOOP('',(#9971));
#2430=EDGE_LOOP('',(#9972,#9973,#9974,#9975));
#2431=EDGE_LOOP('',(#9976));
#2432=EDGE_LOOP('',(#9977));
#2433=EDGE_LOOP('',(#9978,#9979,#9980,#9981,#9982,#9983,#9984,#9985,#9986,
#9987,#9988,#9989,#9990,#9991,#9992,#9993));
#2434=EDGE_LOOP('',(#9994,#9995,#9996,#9997,#9998,#9999,#10000,#10001,#10002,
#10003,#10004,#10005,#10006,#10007,#10008,#10009,#10010,#10011));
#2435=EDGE_LOOP('',(#10012,#10013,#10014,#10015));
#2436=EDGE_LOOP('',(#10016,#10017,#10018,#10019,#10020,#10021,#10022,#10023,
#10024,#10025,#10026,#10027,#10028,#10029,#10030,#10031,#10032,#10033));
#2437=EDGE_LOOP('',(#10034,#10035,#10036,#10037,#10038,#10039,#10040,#10041,
#10042,#10043,#10044,#10045,#10046,#10047,#10048,#10049,#10050,#10051));
#2438=EDGE_LOOP('',(#10052,#10053,#10054,#10055,#10056,#10057,#10058,#10059,
#10060,#10061,#10062,#10063,#10064,#10065,#10066,#10067,#10068,#10069));
#2439=EDGE_LOOP('',(#10070,#10071,#10072,#10073));
#2440=EDGE_LOOP('',(#10074,#10075,#10076,#10077,#10078,#10079,#10080,#10081,
#10082,#10083,#10084,#10085,#10086,#10087,#10088,#10089,#10090,#10091));
#2441=EDGE_LOOP('',(#10092,#10093,#10094,#10095));
#2442=EDGE_LOOP('',(#10096,#10097,#10098,#10099,#10100,#10101,#10102,#10103,
#10104,#10105,#10106,#10107,#10108,#10109,#10110,#10111,#10112,#10113));
#2443=EDGE_LOOP('',(#10114,#10115,#10116,#10117,#10118,#10119,#10120,#10121,
#10122,#10123,#10124,#10125,#10126,#10127,#10128,#10129,#10130,#10131));
#2444=EDGE_LOOP('',(#10132,#10133,#10134,#10135,#10136,#10137,#10138,#10139,
#10140,#10141,#10142,#10143,#10144,#10145,#10146,#10147,#10148,#10149));
#2445=EDGE_LOOP('',(#10150,#10151,#10152,#10153));
#2446=EDGE_LOOP('',(#10154));
#2447=EDGE_LOOP('',(#10155,#10156,#10157,#10158));
#2448=EDGE_LOOP('',(#10159,#10160,#10161,#10162));
#2449=EDGE_LOOP('',(#10163,#10164,#10165,#10166));
#2450=EDGE_LOOP('',(#10167,#10168,#10169,#10170));
#2451=EDGE_LOOP('',(#10171,#10172,#10173,#10174));
#2452=EDGE_LOOP('',(#10175,#10176,#10177,#10178));
#2453=EDGE_LOOP('',(#10179,#10180,#10181,#10182));
#2454=EDGE_LOOP('',(#10183,#10184,#10185,#10186));
#2455=EDGE_LOOP('',(#10187,#10188,#10189,#10190));
#2456=EDGE_LOOP('',(#10191,#10192,#10193,#10194));
#2457=EDGE_LOOP('',(#10195,#10196,#10197,#10198));
#2458=EDGE_LOOP('',(#10199,#10200,#10201,#10202));
#2459=EDGE_LOOP('',(#10203,#10204,#10205,#10206));
#2460=EDGE_LOOP('',(#10207,#10208,#10209,#10210));
#2461=EDGE_LOOP('',(#10211,#10212,#10213,#10214));
#2462=EDGE_LOOP('',(#10215,#10216,#10217,#10218));
#2463=EDGE_LOOP('',(#10219,#10220,#10221,#10222));
#2464=EDGE_LOOP('',(#10223,#10224,#10225,#10226));
#2465=EDGE_LOOP('',(#10227,#10228,#10229,#10230));
#2466=EDGE_LOOP('',(#10231,#10232,#10233,#10234));
#2467=EDGE_LOOP('',(#10235,#10236,#10237,#10238));
#2468=EDGE_LOOP('',(#10239,#10240,#10241,#10242));
#2469=EDGE_LOOP('',(#10243,#10244,#10245,#10246));
#2470=EDGE_LOOP('',(#10247,#10248,#10249,#10250));
#2471=EDGE_LOOP('',(#10251,#10252,#10253,#10254));
#2472=EDGE_LOOP('',(#10255,#10256,#10257,#10258));
#2473=EDGE_LOOP('',(#10259,#10260,#10261,#10262));
#2474=EDGE_LOOP('',(#10263,#10264,#10265,#10266));
#2475=EDGE_LOOP('',(#10267,#10268,#10269,#10270));
#2476=EDGE_LOOP('',(#10271,#10272,#10273,#10274));
#2477=EDGE_LOOP('',(#10275,#10276,#10277,#10278));
#2478=EDGE_LOOP('',(#10279,#10280,#10281,#10282));
#2479=EDGE_LOOP('',(#10283,#10284,#10285,#10286));
#2480=EDGE_LOOP('',(#10287,#10288,#10289,#10290));
#2481=EDGE_LOOP('',(#10291,#10292,#10293,#10294));
#2482=EDGE_LOOP('',(#10295,#10296,#10297,#10298));
#2483=EDGE_LOOP('',(#10299,#10300,#10301,#10302));
#2484=EDGE_LOOP('',(#10303,#10304,#10305,#10306));
#2485=EDGE_LOOP('',(#10307,#10308,#10309,#10310));
#2486=EDGE_LOOP('',(#10311,#10312,#10313,#10314));
#2487=EDGE_LOOP('',(#10315,#10316,#10317,#10318));
#2488=EDGE_LOOP('',(#10319,#10320,#10321,#10322));
#2489=EDGE_LOOP('',(#10323,#10324,#10325,#10326));
#2490=EDGE_LOOP('',(#10327,#10328,#10329,#10330));
#2491=EDGE_LOOP('',(#10331,#10332,#10333,#10334));
#2492=EDGE_LOOP('',(#10335,#10336,#10337,#10338));
#2493=EDGE_LOOP('',(#10339,#10340,#10341,#10342));
#2494=EDGE_LOOP('',(#10343,#10344,#10345,#10346));
#2495=EDGE_LOOP('',(#10347,#10348,#10349,#10350));
#2496=EDGE_LOOP('',(#10351,#10352,#10353,#10354));
#2497=EDGE_LOOP('',(#10355,#10356,#10357,#10358));
#2498=EDGE_LOOP('',(#10359,#10360,#10361,#10362));
#2499=EDGE_LOOP('',(#10363,#10364,#10365,#10366));
#2500=EDGE_LOOP('',(#10367,#10368,#10369,#10370));
#2501=EDGE_LOOP('',(#10371,#10372,#10373,#10374));
#2502=EDGE_LOOP('',(#10375,#10376,#10377,#10378));
#2503=EDGE_LOOP('',(#10379,#10380,#10381,#10382));
#2504=EDGE_LOOP('',(#10383,#10384,#10385,#10386));
#2505=EDGE_LOOP('',(#10387,#10388,#10389,#10390));
#2506=EDGE_LOOP('',(#10391,#10392,#10393,#10394));
#2507=EDGE_LOOP('',(#10395,#10396,#10397,#10398));
#2508=EDGE_LOOP('',(#10399,#10400,#10401,#10402));
#2509=EDGE_LOOP('',(#10403,#10404,#10405,#10406));
#2510=EDGE_LOOP('',(#10407,#10408,#10409,#10410));
#2511=EDGE_LOOP('',(#10411,#10412,#10413,#10414));
#2512=EDGE_LOOP('',(#10415,#10416,#10417,#10418));
#2513=EDGE_LOOP('',(#10419,#10420,#10421,#10422));
#2514=EDGE_LOOP('',(#10423,#10424,#10425,#10426,#10427,#10428,#10429,#10430));
#2515=EDGE_LOOP('',(#10431));
#2516=EDGE_LOOP('',(#10432));
#2517=EDGE_LOOP('',(#10433));
#2518=EDGE_LOOP('',(#10434));
#2519=EDGE_LOOP('',(#10435));
#2520=EDGE_LOOP('',(#10436));
#2521=EDGE_LOOP('',(#10437));
#2522=EDGE_LOOP('',(#10438));
#2523=EDGE_LOOP('',(#10439));
#2524=EDGE_LOOP('',(#10440));
#2525=EDGE_LOOP('',(#10441));
#2526=EDGE_LOOP('',(#10442));
#2527=EDGE_LOOP('',(#10443));
#2528=EDGE_LOOP('',(#10444));
#2529=EDGE_LOOP('',(#10445));
#2530=EDGE_LOOP('',(#10446));
#2531=EDGE_LOOP('',(#10447));
#2532=EDGE_LOOP('',(#10448));
#2533=EDGE_LOOP('',(#10449));
#2534=EDGE_LOOP('',(#10450));
#2535=EDGE_LOOP('',(#10451));
#2536=EDGE_LOOP('',(#10452));
#2537=EDGE_LOOP('',(#10453));
#2538=EDGE_LOOP('',(#10454));
#2539=EDGE_LOOP('',(#10455));
#2540=EDGE_LOOP('',(#10456));
#2541=EDGE_LOOP('',(#10457));
#2542=EDGE_LOOP('',(#10458));
#2543=EDGE_LOOP('',(#10459));
#2544=EDGE_LOOP('',(#10460));
#2545=EDGE_LOOP('',(#10461));
#2546=EDGE_LOOP('',(#10462));
#2547=EDGE_LOOP('',(#10463));
#2548=EDGE_LOOP('',(#10464));
#2549=EDGE_LOOP('',(#10465));
#2550=EDGE_LOOP('',(#10466));
#2551=EDGE_LOOP('',(#10467));
#2552=EDGE_LOOP('',(#10468));
#2553=EDGE_LOOP('',(#10469));
#2554=EDGE_LOOP('',(#10470));
#2555=EDGE_LOOP('',(#10471));
#2556=EDGE_LOOP('',(#10472,#10473,#10474,#10475,#10476,#10477,#10478,#10479));
#2557=EDGE_LOOP('',(#10480));
#2558=EDGE_LOOP('',(#10481));
#2559=EDGE_LOOP('',(#10482));
#2560=EDGE_LOOP('',(#10483));
#2561=EDGE_LOOP('',(#10484));
#2562=EDGE_LOOP('',(#10485));
#2563=EDGE_LOOP('',(#10486));
#2564=EDGE_LOOP('',(#10487));
#2565=EDGE_LOOP('',(#10488));
#2566=EDGE_LOOP('',(#10489));
#2567=EDGE_LOOP('',(#10490));
#2568=EDGE_LOOP('',(#10491));
#2569=EDGE_LOOP('',(#10492));
#2570=EDGE_LOOP('',(#10493));
#2571=EDGE_LOOP('',(#10494));
#2572=EDGE_LOOP('',(#10495));
#2573=EDGE_LOOP('',(#10496));
#2574=EDGE_LOOP('',(#10497));
#2575=EDGE_LOOP('',(#10498));
#2576=EDGE_LOOP('',(#10499));
#2577=EDGE_LOOP('',(#10500));
#2578=EDGE_LOOP('',(#10501));
#2579=EDGE_LOOP('',(#10502));
#2580=EDGE_LOOP('',(#10503));
#2581=EDGE_LOOP('',(#10504));
#2582=EDGE_LOOP('',(#10505));
#2583=EDGE_LOOP('',(#10506));
#2584=EDGE_LOOP('',(#10507));
#2585=EDGE_LOOP('',(#10508));
#2586=EDGE_LOOP('',(#10509));
#2587=EDGE_LOOP('',(#10510));
#2588=EDGE_LOOP('',(#10511));
#2589=EDGE_LOOP('',(#10512));
#2590=EDGE_LOOP('',(#10513));
#2591=EDGE_LOOP('',(#10514));
#2592=EDGE_LOOP('',(#10515));
#2593=EDGE_LOOP('',(#10516));
#2594=EDGE_LOOP('',(#10517));
#2595=EDGE_LOOP('',(#10518));
#2596=EDGE_LOOP('',(#10519));
#2597=EDGE_LOOP('',(#10520));
#2598=EDGE_LOOP('',(#10521,#10522,#10523,#10524));
#2599=EDGE_LOOP('',(#10525,#10526,#10527,#10528));
#2600=EDGE_LOOP('',(#10529,#10530,#10531,#10532));
#2601=EDGE_LOOP('',(#10533,#10534,#10535,#10536));
#2602=EDGE_LOOP('',(#10537,#10538,#10539,#10540));
#2603=EDGE_LOOP('',(#10541,#10542,#10543,#10544));
#2604=EDGE_LOOP('',(#10545,#10546,#10547,#10548));
#2605=EDGE_LOOP('',(#10549,#10550,#10551,#10552));
#2606=EDGE_LOOP('',(#10553,#10554,#10555,#10556));
#2607=EDGE_LOOP('',(#10557,#10558,#10559,#10560));
#2608=EDGE_LOOP('',(#10561,#10562,#10563,#10564));
#2609=EDGE_LOOP('',(#10565,#10566,#10567,#10568));
#2610=EDGE_LOOP('',(#10569,#10570,#10571,#10572));
#2611=EDGE_LOOP('',(#10573,#10574,#10575,#10576));
#2612=EDGE_LOOP('',(#10577,#10578,#10579,#10580));
#2613=EDGE_LOOP('',(#10581,#10582,#10583,#10584));
#2614=EDGE_LOOP('',(#10585,#10586,#10587,#10588));
#2615=EDGE_LOOP('',(#10589,#10590,#10591,#10592));
#2616=EDGE_LOOP('',(#10593,#10594,#10595,#10596));
#2617=EDGE_LOOP('',(#10597,#10598,#10599,#10600));
#2618=EDGE_LOOP('',(#10601,#10602,#10603,#10604));
#2619=EDGE_LOOP('',(#10605,#10606,#10607,#10608));
#2620=EDGE_LOOP('',(#10609,#10610,#10611,#10612));
#2621=EDGE_LOOP('',(#10613,#10614,#10615,#10616));
#2622=EDGE_LOOP('',(#10617,#10618,#10619,#10620));
#2623=EDGE_LOOP('',(#10621,#10622,#10623,#10624));
#2624=EDGE_LOOP('',(#10625,#10626,#10627,#10628));
#2625=EDGE_LOOP('',(#10629,#10630,#10631,#10632));
#2626=EDGE_LOOP('',(#10633,#10634,#10635,#10636));
#2627=EDGE_LOOP('',(#10637,#10638,#10639,#10640));
#2628=EDGE_LOOP('',(#10641,#10642,#10643,#10644));
#2629=EDGE_LOOP('',(#10645,#10646,#10647,#10648));
#2630=EDGE_LOOP('',(#10649,#10650,#10651,#10652));
#2631=EDGE_LOOP('',(#10653,#10654,#10655,#10656));
#2632=EDGE_LOOP('',(#10657,#10658,#10659,#10660));
#2633=EDGE_LOOP('',(#10661,#10662,#10663,#10664));
#2634=EDGE_LOOP('',(#10665,#10666,#10667,#10668));
#2635=EDGE_LOOP('',(#10669,#10670,#10671,#10672));
#2636=EDGE_LOOP('',(#10673,#10674,#10675,#10676));
#2637=EDGE_LOOP('',(#10677,#10678,#10679,#10680));
#2638=EDGE_LOOP('',(#10681,#10682,#10683,#10684));
#2639=EDGE_LOOP('',(#10685,#10686,#10687,#10688));
#2640=EDGE_LOOP('',(#10689,#10690,#10691,#10692));
#2641=EDGE_LOOP('',(#10693,#10694,#10695,#10696));
#2642=EDGE_LOOP('',(#10697,#10698,#10699,#10700));
#2643=EDGE_LOOP('',(#10701,#10702,#10703,#10704));
#2644=EDGE_LOOP('',(#10705,#10706,#10707,#10708,#10709));
#2645=EDGE_LOOP('',(#10710,#10711,#10712,#10713,#10714,#10715));
#2646=EDGE_LOOP('',(#10716,#10717,#10718,#10719,#10720,#10721));
#2647=EDGE_LOOP('',(#10722,#10723,#10724,#10725,#10726,#10727));
#2648=EDGE_LOOP('',(#10728,#10729,#10730,#10731,#10732));
#2649=EDGE_LOOP('',(#10733));
#2650=EDGE_LOOP('',(#10734));
#2651=EDGE_LOOP('',(#10735,#10736,#10737,#10738));
#2652=EDGE_LOOP('',(#10739));
#2653=EDGE_LOOP('',(#10740));
#2654=EDGE_LOOP('',(#10741));
#2655=EDGE_LOOP('',(#10742));
#2656=EDGE_LOOP('',(#10743,#10744,#10745,#10746));
#2657=EDGE_LOOP('',(#10747,#10748,#10749,#10750));
#2658=EDGE_LOOP('',(#10751,#10752,#10753,#10754));
#2659=EDGE_LOOP('',(#10755,#10756,#10757,#10758));
#2660=EDGE_LOOP('',(#10759));
#2661=EDGE_LOOP('',(#10760));
#2662=EDGE_LOOP('',(#10761,#10762,#10763,#10764,#10765,#10766,#10767,#10768));
#2663=EDGE_LOOP('',(#10769,#10770,#10771,#10772));
#2664=EDGE_LOOP('',(#10773,#10774,#10775,#10776));
#2665=EDGE_LOOP('',(#10777,#10778,#10779,#10780));
#2666=EDGE_LOOP('',(#10781,#10782,#10783,#10784));
#2667=EDGE_LOOP('',(#10785,#10786,#10787,#10788));
#2668=EDGE_LOOP('',(#10789,#10790,#10791,#10792));
#2669=EDGE_LOOP('',(#10793,#10794,#10795,#10796));
#2670=EDGE_LOOP('',(#10797,#10798,#10799,#10800));
#2671=EDGE_LOOP('',(#10801,#10802,#10803,#10804,#10805,#10806,#10807,#10808));
#2672=EDGE_LOOP('',(#10809,#10810,#10811,#10812,#10813,#10814,#10815,#10816));
#2673=EDGE_LOOP('',(#10817,#10818,#10819,#10820));
#2674=EDGE_LOOP('',(#10821,#10822,#10823,#10824));
#2675=EDGE_LOOP('',(#10825,#10826,#10827,#10828));
#2676=EDGE_LOOP('',(#10829,#10830,#10831,#10832));
#2677=EDGE_LOOP('',(#10833,#10834,#10835,#10836));
#2678=EDGE_LOOP('',(#10837,#10838,#10839,#10840));
#2679=EDGE_LOOP('',(#10841,#10842,#10843,#10844));
#2680=EDGE_LOOP('',(#10845,#10846,#10847,#10848));
#2681=EDGE_LOOP('',(#10849,#10850,#10851,#10852,#10853,#10854,#10855,#10856));
#2682=EDGE_LOOP('',(#10857,#10858,#10859,#10860,#10861,#10862,#10863,#10864));
#2683=EDGE_LOOP('',(#10865,#10866,#10867,#10868));
#2684=EDGE_LOOP('',(#10869,#10870,#10871,#10872));
#2685=EDGE_LOOP('',(#10873,#10874,#10875,#10876));
#2686=EDGE_LOOP('',(#10877,#10878,#10879,#10880));
#2687=EDGE_LOOP('',(#10881,#10882,#10883,#10884));
#2688=EDGE_LOOP('',(#10885,#10886,#10887,#10888));
#2689=EDGE_LOOP('',(#10889,#10890,#10891,#10892));
#2690=EDGE_LOOP('',(#10893,#10894,#10895,#10896));
#2691=EDGE_LOOP('',(#10897,#10898,#10899,#10900,#10901,#10902,#10903,#10904));
#2692=EDGE_LOOP('',(#10905,#10906,#10907,#10908));
#2693=EDGE_LOOP('',(#10909,#10910,#10911,#10912,#10913,#10914,#10915,#10916,
#10917,#10918));
#2694=EDGE_LOOP('',(#10919,#10920,#10921,#10922));
#2695=EDGE_LOOP('',(#10923,#10924,#10925,#10926));
#2696=EDGE_LOOP('',(#10927,#10928,#10929,#10930,#10931,#10932,#10933,#10934,
#10935,#10936));
#2697=EDGE_LOOP('',(#10937,#10938,#10939,#10940));
#2698=EDGE_LOOP('',(#10941,#10942,#10943,#10944));
#2699=EDGE_LOOP('',(#10945,#10946,#10947,#10948,#10949,#10950,#10951,#10952));
#2700=EDGE_LOOP('',(#10953,#10954,#10955,#10956));
#2701=EDGE_LOOP('',(#10957,#10958,#10959,#10960));
#2702=EDGE_LOOP('',(#10961,#10962,#10963,#10964,#10965,#10966,#10967,#10968));
#2703=EDGE_LOOP('',(#10969,#10970,#10971,#10972));
#2704=EDGE_LOOP('',(#10973,#10974,#10975,#10976,#10977,#10978,#10979,#10980,
#10981,#10982));
#2705=EDGE_LOOP('',(#10983,#10984,#10985,#10986));
#2706=EDGE_LOOP('',(#10987,#10988,#10989,#10990));
#2707=EDGE_LOOP('',(#10991,#10992,#10993,#10994,#10995,#10996,#10997,#10998,
#10999,#11000));
#2708=EDGE_LOOP('',(#11001,#11002,#11003,#11004));
#2709=EDGE_LOOP('',(#11005,#11006,#11007,#11008));
#2710=EDGE_LOOP('',(#11009,#11010,#11011,#11012));
#2711=EDGE_LOOP('',(#11013,#11014,#11015,#11016));
#2712=EDGE_LOOP('',(#11017,#11018,#11019,#11020));
#2713=EDGE_LOOP('',(#11021,#11022,#11023,#11024));
#2714=EDGE_LOOP('',(#11025,#11026,#11027,#11028));
#2715=EDGE_LOOP('',(#11029,#11030,#11031,#11032));
#2716=EDGE_LOOP('',(#11033,#11034,#11035,#11036));
#2717=EDGE_LOOP('',(#11037,#11038,#11039,#11040));
#2718=LINE('',#16570,#3978);
#2719=LINE('',#16572,#3979);
#2720=LINE('',#16574,#3980);
#2721=LINE('',#16575,#3981);
#2722=LINE('',#16578,#3982);
#2723=LINE('',#16580,#3983);
#2724=LINE('',#16581,#3984);
#2725=LINE('',#16584,#3985);
#2726=LINE('',#16586,#3986);
#2727=LINE('',#16587,#3987);
#2728=LINE('',#16589,#3988);
#2729=LINE('',#16590,#3989);
#2730=LINE('',#16607,#3990);
#2731=LINE('',#16616,#3991);
#2732=LINE('',#16625,#3992);
#2733=LINE('',#16634,#3993);
#2734=LINE('',#16642,#3994);
#2735=LINE('',#16644,#3995);
#2736=LINE('',#16646,#3996);
#2737=LINE('',#16647,#3997);
#2738=LINE('',#16650,#3998);
#2739=LINE('',#16652,#3999);
#2740=LINE('',#16653,#4000);
#2741=LINE('',#16656,#4001);
#2742=LINE('',#16658,#4002);
#2743=LINE('',#16659,#4003);
#2744=LINE('',#16661,#4004);
#2745=LINE('',#16662,#4005);
#2746=LINE('',#16666,#4006);
#2747=LINE('',#16668,#4007);
#2748=LINE('',#16670,#4008);
#2749=LINE('',#16671,#4009);
#2750=LINE('',#16677,#4010);
#2751=LINE('',#16680,#4011);
#2752=LINE('',#16682,#4012);
#2753=LINE('',#16683,#4013);
#2754=LINE('',#16689,#4014);
#2755=LINE('',#16692,#4015);
#2756=LINE('',#16694,#4016);
#2757=LINE('',#16695,#4017);
#2758=LINE('',#16701,#4018);
#2759=LINE('',#16704,#4019);
#2760=LINE('',#16706,#4020);
#2761=LINE('',#16707,#4021);
#2762=LINE('',#16716,#4022);
#2763=LINE('',#16720,#4023);
#2764=LINE('',#16724,#4024);
#2765=LINE('',#16727,#4025);
#2766=LINE('',#16729,#4026);
#2767=LINE('',#16731,#4027);
#2768=LINE('',#16733,#4028);
#2769=LINE('',#16735,#4029);
#2770=LINE('',#16738,#4030);
#2771=LINE('',#16740,#4031);
#2772=LINE('',#16741,#4032);
#2773=LINE('',#16745,#4033);
#2774=LINE('',#16748,#4034);
#2775=LINE('',#16749,#4035);
#2776=LINE('',#16753,#4036);
#2777=LINE('',#16756,#4037);
#2778=LINE('',#16757,#4038);
#2779=LINE('',#16761,#4039);
#2780=LINE('',#16764,#4040);
#2781=LINE('',#16765,#4041);
#2782=LINE('',#16776,#4042);
#2783=LINE('',#16779,#4043);
#2784=LINE('',#16785,#4044);
#2785=LINE('',#16791,#4045);
#2786=LINE('',#16799,#4046);
#2787=LINE('',#16806,#4047);
#2788=LINE('',#16812,#4048);
#2789=LINE('',#16819,#4049);
#2790=LINE('',#16825,#4050);
#2791=LINE('',#16831,#4051);
#2792=LINE('',#16837,#4052);
#2793=LINE('',#16843,#4053);
#2794=LINE('',#16848,#4054);
#2795=LINE('',#16850,#4055);
#2796=LINE('',#16852,#4056);
#2797=LINE('',#16853,#4057);
#2798=LINE('',#16859,#4058);
#2799=LINE('',#16862,#4059);
#2800=LINE('',#16864,#4060);
#2801=LINE('',#16865,#4061);
#2802=LINE('',#16871,#4062);
#2803=LINE('',#16874,#4063);
#2804=LINE('',#16876,#4064);
#2805=LINE('',#16877,#4065);
#2806=LINE('',#16883,#4066);
#2807=LINE('',#16886,#4067);
#2808=LINE('',#16888,#4068);
#2809=LINE('',#16889,#4069);
#2810=LINE('',#16900,#4070);
#2811=LINE('',#16902,#4071);
#2812=LINE('',#16904,#4072);
#2813=LINE('',#16905,#4073);
#2814=LINE('',#16908,#4074);
#2815=LINE('',#16910,#4075);
#2816=LINE('',#16912,#4076);
#2817=LINE('',#16914,#4077);
#2818=LINE('',#16916,#4078);
#2819=LINE('',#16918,#4079);
#2820=LINE('',#16920,#4080);
#2821=LINE('',#16922,#4081);
#2822=LINE('',#16927,#4082);
#2823=LINE('',#16929,#4083);
#2824=LINE('',#16930,#4084);
#2825=LINE('',#16932,#4085);
#2826=LINE('',#16934,#4086);
#2827=LINE('',#16936,#4087);
#2828=LINE('',#16938,#4088);
#2829=LINE('',#16940,#4089);
#2830=LINE('',#16942,#4090);
#2831=LINE('',#16943,#4091);
#2832=LINE('',#16948,#4092);
#2833=LINE('',#16950,#4093);
#2834=LINE('',#16952,#4094);
#2835=LINE('',#16954,#4095);
#2836=LINE('',#16955,#4096);
#2837=LINE('',#16957,#4097);
#2838=LINE('',#16960,#4098);
#2839=LINE('',#16961,#4099);
#2840=LINE('',#16964,#4100);
#2841=LINE('',#16965,#4101);
#2842=LINE('',#16968,#4102);
#2843=LINE('',#16969,#4103);
#2844=LINE('',#16973,#4104);
#2845=LINE('',#16975,#4105);
#2846=LINE('',#16977,#4106);
#2847=LINE('',#16978,#4107);
#2848=LINE('',#16980,#4108);
#2849=LINE('',#16981,#4109);
#2850=LINE('',#16984,#4110);
#2851=LINE('',#16986,#4111);
#2852=LINE('',#16988,#4112);
#2853=LINE('',#16990,#4113);
#2854=LINE('',#16992,#4114);
#2855=LINE('',#16994,#4115);
#2856=LINE('',#16996,#4116);
#2857=LINE('',#16998,#4117);
#2858=LINE('',#17000,#4118);
#2859=LINE('',#17002,#4119);
#2860=LINE('',#17004,#4120);
#2861=LINE('',#17006,#4121);
#2862=LINE('',#17008,#4122);
#2863=LINE('',#17010,#4123);
#2864=LINE('',#17012,#4124);
#2865=LINE('',#17013,#4125);
#2866=LINE('',#17015,#4126);
#2867=LINE('',#17017,#4127);
#2868=LINE('',#17018,#4128);
#2869=LINE('',#17023,#4129);
#2870=LINE('',#17025,#4130);
#2871=LINE('',#17027,#4131);
#2872=LINE('',#17029,#4132);
#2873=LINE('',#17031,#4133);
#2874=LINE('',#17033,#4134);
#2875=LINE('',#17035,#4135);
#2876=LINE('',#17036,#4136);
#2877=LINE('',#17037,#4137);
#2878=LINE('',#17038,#4138);
#2879=LINE('',#17042,#4139);
#2880=LINE('',#17044,#4140);
#2881=LINE('',#17046,#4141);
#2882=LINE('',#17048,#4142);
#2883=LINE('',#17050,#4143);
#2884=LINE('',#17051,#4144);
#2885=LINE('',#17055,#4145);
#2886=LINE('',#17057,#4146);
#2887=LINE('',#17060,#4147);
#2888=LINE('',#17062,#4148);
#2889=LINE('',#17063,#4149);
#2890=LINE('',#17066,#4150);
#2891=LINE('',#17067,#4151);
#2892=LINE('',#17071,#4152);
#2893=LINE('',#17073,#4153);
#2894=LINE('',#17075,#4154);
#2895=LINE('',#17076,#4155);
#2896=LINE('',#17080,#4156);
#2897=LINE('',#17082,#4157);
#2898=LINE('',#17083,#4158);
#2899=LINE('',#17086,#4159);
#2900=LINE('',#17087,#4160);
#2901=LINE('',#17090,#4161);
#2902=LINE('',#17092,#4162);
#2903=LINE('',#17093,#4163);
#2904=LINE('',#17096,#4164);
#2905=LINE('',#17098,#4165);
#2906=LINE('',#17100,#4166);
#2907=LINE('',#17101,#4167);
#2908=LINE('',#17103,#4168);
#2909=LINE('',#17105,#4169);
#2910=LINE('',#17107,#4170);
#2911=LINE('',#17109,#4171);
#2912=LINE('',#17111,#4172);
#2913=LINE('',#17113,#4173);
#2914=LINE('',#17115,#4174);
#2915=LINE('',#17117,#4175);
#2916=LINE('',#17118,#4176);
#2917=LINE('',#17120,#4177);
#2918=LINE('',#17121,#4178);
#2919=LINE('',#17123,#4179);
#2920=LINE('',#17125,#4180);
#2921=LINE('',#17126,#4181);
#2922=LINE('',#17129,#4182);
#2923=LINE('',#17131,#4183);
#2924=LINE('',#17133,#4184);
#2925=LINE('',#17134,#4185);
#2926=LINE('',#17137,#4186);
#2927=LINE('',#17139,#4187);
#2928=LINE('',#17141,#4188);
#2929=LINE('',#17142,#4189);
#2930=LINE('',#17145,#4190);
#2931=LINE('',#17147,#4191);
#2932=LINE('',#17149,#4192);
#2933=LINE('',#17150,#4193);
#2934=LINE('',#17152,#4194);
#2935=LINE('',#17154,#4195);
#2936=LINE('',#17155,#4196);
#2937=LINE('',#17157,#4197);
#2938=LINE('',#17159,#4198);
#2939=LINE('',#17161,#4199);
#2940=LINE('',#17164,#4200);
#2941=LINE('',#17165,#4201);
#2942=LINE('',#17168,#4202);
#2943=LINE('',#17169,#4203);
#2944=LINE('',#17170,#4204);
#2945=LINE('',#17172,#4205);
#2946=LINE('',#17175,#4206);
#2947=LINE('',#17177,#4207);
#2948=LINE('',#17178,#4208);
#2949=LINE('',#17181,#4209);
#2950=LINE('',#17183,#4210);
#2951=LINE('',#17185,#4211);
#2952=LINE('',#17186,#4212);
#2953=LINE('',#17188,#4213);
#2954=LINE('',#17189,#4214);
#2955=LINE('',#17192,#4215);
#2956=LINE('',#17194,#4216);
#2957=LINE('',#17196,#4217);
#2958=LINE('',#17198,#4218);
#2959=LINE('',#17199,#4219);
#2960=LINE('',#17202,#4220);
#2961=LINE('',#17203,#4221);
#2962=LINE('',#17205,#4222);
#2963=LINE('',#17207,#4223);
#2964=LINE('',#17209,#4224);
#2965=LINE('',#17210,#4225);
#2966=LINE('',#17211,#4226);
#2967=LINE('',#17213,#4227);
#2968=LINE('',#17215,#4228);
#2969=LINE('',#17219,#4229);
#2970=LINE('',#17221,#4230);
#2971=LINE('',#17223,#4231);
#2972=LINE('',#17224,#4232);
#2973=LINE('',#17225,#4233);
#2974=LINE('',#17227,#4234);
#2975=LINE('',#17229,#4235);
#2976=LINE('',#17230,#4236);
#2977=LINE('',#17232,#4237);
#2978=LINE('',#17234,#4238);
#2979=LINE('',#17237,#4239);
#2980=LINE('',#17238,#4240);
#2981=LINE('',#17241,#4241);
#2982=LINE('',#17242,#4242);
#2983=LINE('',#17244,#4243);
#2984=LINE('',#17246,#4244);
#2985=LINE('',#17249,#4245);
#2986=LINE('',#17252,#4246);
#2987=LINE('',#17253,#4247);
#2988=LINE('',#17255,#4248);
#2989=LINE('',#17261,#4249);
#2990=LINE('',#17262,#4250);
#2991=LINE('',#17263,#4251);
#2992=LINE('',#17266,#4252);
#2993=LINE('',#17267,#4253);
#2994=LINE('',#17270,#4254);
#2995=LINE('',#17271,#4255);
#2996=LINE('',#17273,#4256);
#2997=LINE('',#17277,#4257);
#2998=LINE('',#17278,#4258);
#2999=LINE('',#17279,#4259);
#3000=LINE('',#17282,#4260);
#3001=LINE('',#17283,#4261);
#3002=LINE('',#17286,#4262);
#3003=LINE('',#17287,#4263);
#3004=LINE('',#17289,#4264);
#3005=LINE('',#17293,#4265);
#3006=LINE('',#17295,#4266);
#3007=LINE('',#17297,#4267);
#3008=LINE('',#17298,#4268);
#3009=LINE('',#17302,#4269);
#3010=LINE('',#17304,#4270);
#3011=LINE('',#17306,#4271);
#3012=LINE('',#17307,#4272);
#3013=LINE('',#17309,#4273);
#3014=LINE('',#17313,#4274);
#3015=LINE('',#17315,#4275);
#3016=LINE('',#17316,#4276);
#3017=LINE('',#17319,#4277);
#3018=LINE('',#17320,#4278);
#3019=LINE('',#17323,#4279);
#3020=LINE('',#17324,#4280);
#3021=LINE('',#17326,#4281);
#3022=LINE('',#17329,#4282);
#3023=LINE('',#17331,#4283);
#3024=LINE('',#17332,#4284);
#3025=LINE('',#17335,#4285);
#3026=LINE('',#17336,#4286);
#3027=LINE('',#17339,#4287);
#3028=LINE('',#17340,#4288);
#3029=LINE('',#17342,#4289);
#3030=LINE('',#17345,#4290);
#3031=LINE('',#17349,#4291);
#3032=LINE('',#17351,#4292);
#3033=LINE('',#17353,#4293);
#3034=LINE('',#17355,#4294);
#3035=LINE('',#17357,#4295);
#3036=LINE('',#17359,#4296);
#3037=LINE('',#17361,#4297);
#3038=LINE('',#17364,#4298);
#3039=LINE('',#17367,#4299);
#3040=LINE('',#17368,#4300);
#3041=LINE('',#17373,#4301);
#3042=LINE('',#17375,#4302);
#3043=LINE('',#17377,#4303);
#3044=LINE('',#17379,#4304);
#3045=LINE('',#17381,#4305);
#3046=LINE('',#17383,#4306);
#3047=LINE('',#17385,#4307);
#3048=LINE('',#17388,#4308);
#3049=LINE('',#17390,#4309);
#3050=LINE('',#17393,#4310);
#3051=LINE('',#17397,#4311);
#3052=LINE('',#17399,#4312);
#3053=LINE('',#17401,#4313);
#3054=LINE('',#17403,#4314);
#3055=LINE('',#17405,#4315);
#3056=LINE('',#17407,#4316);
#3057=LINE('',#17409,#4317);
#3058=LINE('',#17412,#4318);
#3059=LINE('',#17415,#4319);
#3060=LINE('',#17416,#4320);
#3061=LINE('',#17421,#4321);
#3062=LINE('',#17423,#4322);
#3063=LINE('',#17425,#4323);
#3064=LINE('',#17427,#4324);
#3065=LINE('',#17429,#4325);
#3066=LINE('',#17431,#4326);
#3067=LINE('',#17433,#4327);
#3068=LINE('',#17436,#4328);
#3069=LINE('',#17438,#4329);
#3070=LINE('',#17442,#4330);
#3071=LINE('',#17444,#4331);
#3072=LINE('',#17446,#4332);
#3073=LINE('',#17449,#4333);
#3074=LINE('',#17451,#4334);
#3075=LINE('',#17452,#4335);
#3076=LINE('',#17455,#4336);
#3077=LINE('',#17457,#4337);
#3078=LINE('',#17459,#4338);
#3079=LINE('',#17460,#4339);
#3080=LINE('',#17463,#4340);
#3081=LINE('',#17464,#4341);
#3082=LINE('',#17465,#4342);
#3083=LINE('',#17467,#4343);
#3084=LINE('',#17469,#4344);
#3085=LINE('',#17473,#4345);
#3086=LINE('',#17475,#4346);
#3087=LINE('',#17476,#4347);
#3088=LINE('',#17478,#4348);
#3089=LINE('',#17480,#4349);
#3090=LINE('',#17482,#4350);
#3091=LINE('',#17485,#4351);
#3092=LINE('',#17487,#4352);
#3093=LINE('',#17488,#4353);
#3094=LINE('',#17491,#4354);
#3095=LINE('',#17493,#4355);
#3096=LINE('',#17495,#4356);
#3097=LINE('',#17496,#4357);
#3098=LINE('',#17499,#4358);
#3099=LINE('',#17500,#4359);
#3100=LINE('',#17501,#4360);
#3101=LINE('',#17503,#4361);
#3102=LINE('',#17505,#4362);
#3103=LINE('',#17509,#4363);
#3104=LINE('',#17511,#4364);
#3105=LINE('',#17512,#4365);
#3106=LINE('',#17514,#4366);
#3107=LINE('',#17516,#4367);
#3108=LINE('',#17519,#4368);
#3109=LINE('',#17521,#4369);
#3110=LINE('',#17532,#4370);
#3111=LINE('',#17537,#4371);
#3112=LINE('',#17542,#4372);
#3113=LINE('',#17543,#4373);
#3114=LINE('',#17545,#4374);
#3115=LINE('',#17549,#4375);
#3116=LINE('',#17551,#4376);
#3117=LINE('',#17553,#4377);
#3118=LINE('',#17554,#4378);
#3119=LINE('',#17557,#4379);
#3120=LINE('',#17559,#4380);
#3121=LINE('',#17561,#4381);
#3122=LINE('',#17562,#4382);
#3123=LINE('',#17565,#4383);
#3124=LINE('',#17567,#4384);
#3125=LINE('',#17568,#4385);
#3126=LINE('',#17571,#4386);
#3127=LINE('',#17572,#4387);
#3128=LINE('',#17575,#4388);
#3129=LINE('',#17576,#4389);
#3130=LINE('',#17578,#4390);
#3131=LINE('',#17581,#4391);
#3132=LINE('',#17583,#4392);
#3133=LINE('',#17584,#4393);
#3134=LINE('',#17587,#4394);
#3135=LINE('',#17588,#4395);
#3136=LINE('',#17591,#4396);
#3137=LINE('',#17592,#4397);
#3138=LINE('',#17594,#4398);
#3139=LINE('',#17601,#4399);
#3140=LINE('',#17603,#4400);
#3141=LINE('',#17605,#4401);
#3142=LINE('',#17607,#4402);
#3143=LINE('',#17612,#4403);
#3144=LINE('',#17613,#4404);
#3145=LINE('',#17614,#4405);
#3146=LINE('',#17617,#4406);
#3147=LINE('',#17622,#4407);
#3148=LINE('',#17623,#4408);
#3149=LINE('',#17624,#4409);
#3150=LINE('',#17627,#4410);
#3151=LINE('',#17628,#4411);
#3152=LINE('',#17631,#4412);
#3153=LINE('',#17633,#4413);
#3154=LINE('',#17634,#4414);
#3155=LINE('',#17637,#4415);
#3156=LINE('',#17638,#4416);
#3157=LINE('',#17641,#4417);
#3158=LINE('',#17643,#4418);
#3159=LINE('',#17645,#4419);
#3160=LINE('',#17647,#4420);
#3161=LINE('',#17649,#4421);
#3162=LINE('',#17651,#4422);
#3163=LINE('',#17653,#4423);
#3164=LINE('',#17655,#4424);
#3165=LINE('',#17657,#4425);
#3166=LINE('',#17658,#4426);
#3167=LINE('',#17661,#4427);
#3168=LINE('',#17663,#4428);
#3169=LINE('',#17665,#4429);
#3170=LINE('',#17666,#4430);
#3171=LINE('',#17669,#4431);
#3172=LINE('',#17670,#4432);
#3173=LINE('',#17672,#4433);
#3174=LINE('',#17674,#4434);
#3175=LINE('',#17676,#4435);
#3176=LINE('',#17678,#4436);
#3177=LINE('',#17680,#4437);
#3178=LINE('',#17682,#4438);
#3179=LINE('',#17684,#4439);
#3180=LINE('',#17686,#4440);
#3181=LINE('',#17688,#4441);
#3182=LINE('',#17689,#4442);
#3183=LINE('',#17692,#4443);
#3184=LINE('',#17694,#4444);
#3185=LINE('',#17696,#4445);
#3186=LINE('',#17697,#4446);
#3187=LINE('',#17700,#4447);
#3188=LINE('',#17701,#4448);
#3189=LINE('',#17704,#4449);
#3190=LINE('',#17705,#4450);
#3191=LINE('',#17708,#4451);
#3192=LINE('',#17710,#4452);
#3193=LINE('',#17711,#4453);
#3194=LINE('',#17713,#4454);
#3195=LINE('',#17715,#4455);
#3196=LINE('',#17717,#4456);
#3197=LINE('',#17720,#4457);
#3198=LINE('',#17722,#4458);
#3199=LINE('',#17723,#4459);
#3200=LINE('',#17726,#4460);
#3201=LINE('',#17728,#4461);
#3202=LINE('',#17729,#4462);
#3203=LINE('',#17731,#4463);
#3204=LINE('',#17732,#4464);
#3205=LINE('',#17734,#4465);
#3206=LINE('',#17735,#4466);
#3207=LINE('',#17737,#4467);
#3208=LINE('',#17739,#4468);
#3209=LINE('',#17742,#4469);
#3210=LINE('',#17744,#4470);
#3211=LINE('',#17745,#4471);
#3212=LINE('',#17747,#4472);
#3213=LINE('',#17748,#4473);
#3214=LINE('',#17750,#4474);
#3215=LINE('',#17752,#4475);
#3216=LINE('',#17758,#4476);
#3217=LINE('',#17759,#4477);
#3218=LINE('',#17762,#4478);
#3219=LINE('',#17764,#4479);
#3220=LINE('',#17766,#4480);
#3221=LINE('',#17768,#4481);
#3222=LINE('',#17769,#4482);
#3223=LINE('',#17772,#4483);
#3224=LINE('',#17774,#4484);
#3225=LINE('',#17776,#4485);
#3226=LINE('',#17777,#4486);
#3227=LINE('',#17780,#4487);
#3228=LINE('',#17782,#4488);
#3229=LINE('',#17784,#4489);
#3230=LINE('',#17785,#4490);
#3231=LINE('',#17788,#4491);
#3232=LINE('',#17790,#4492);
#3233=LINE('',#17792,#4493);
#3234=LINE('',#17794,#4494);
#3235=LINE('',#17795,#4495);
#3236=LINE('',#17798,#4496);
#3237=LINE('',#17800,#4497);
#3238=LINE('',#17801,#4498);
#3239=LINE('',#17804,#4499);
#3240=LINE('',#17806,#4500);
#3241=LINE('',#17810,#4501);
#3242=LINE('',#17814,#4502);
#3243=LINE('',#17815,#4503);
#3244=LINE('',#17818,#4504);
#3245=LINE('',#17820,#4505);
#3246=LINE('',#17824,#4506);
#3247=LINE('',#17828,#4507);
#3248=LINE('',#17829,#4508);
#3249=LINE('',#17832,#4509);
#3250=LINE('',#17833,#4510);
#3251=LINE('',#17836,#4511);
#3252=LINE('',#17837,#4512);
#3253=LINE('',#17839,#4513);
#3254=LINE('',#17842,#4514);
#3255=LINE('',#17844,#4515);
#3256=LINE('',#17845,#4516);
#3257=LINE('',#17848,#4517);
#3258=LINE('',#17850,#4518);
#3259=LINE('',#17854,#4519);
#3260=LINE('',#17858,#4520);
#3261=LINE('',#17859,#4521);
#3262=LINE('',#17862,#4522);
#3263=LINE('',#17864,#4523);
#3264=LINE('',#17867,#4524);
#3265=LINE('',#17870,#4525);
#3266=LINE('',#17872,#4526);
#3267=LINE('',#17878,#4527);
#3268=LINE('',#17879,#4528);
#3269=LINE('',#17881,#4529);
#3270=LINE('',#17883,#4530);
#3271=LINE('',#17886,#4531);
#3272=LINE('',#17887,#4532);
#3273=LINE('',#17890,#4533);
#3274=LINE('',#17891,#4534);
#3275=LINE('',#17894,#4535);
#3276=LINE('',#17896,#4536);
#3277=LINE('',#17897,#4537);
#3278=LINE('',#17900,#4538);
#3279=LINE('',#17901,#4539);
#3280=LINE('',#17904,#4540);
#3281=LINE('',#17906,#4541);
#3282=LINE('',#17907,#4542);
#3283=LINE('',#17910,#4543);
#3284=LINE('',#17912,#4544);
#3285=LINE('',#17913,#4545);
#3286=LINE('',#17917,#4546);
#3287=LINE('',#17918,#4547);
#3288=LINE('',#17919,#4548);
#3289=LINE('',#17922,#4549);
#3290=LINE('',#17923,#4550);
#3291=LINE('',#17926,#4551);
#3292=LINE('',#17927,#4552);
#3293=LINE('',#17929,#4553);
#3294=LINE('',#17933,#4554);
#3295=LINE('',#17934,#4555);
#3296=LINE('',#17935,#4556);
#3297=LINE('',#17938,#4557);
#3298=LINE('',#17939,#4558);
#3299=LINE('',#17942,#4559);
#3300=LINE('',#17943,#4560);
#3301=LINE('',#17945,#4561);
#3302=LINE('',#17948,#4562);
#3303=LINE('',#17949,#4563);
#3304=LINE('',#17952,#4564);
#3305=LINE('',#17954,#4565);
#3306=LINE('',#17955,#4566);
#3307=LINE('',#17958,#4567);
#3308=LINE('',#17960,#4568);
#3309=LINE('',#17961,#4569);
#3310=LINE('',#17964,#4570);
#3311=LINE('',#17966,#4571);
#3312=LINE('',#17967,#4572);
#3313=LINE('',#17970,#4573);
#3314=LINE('',#17971,#4574);
#3315=LINE('',#17974,#4575);
#3316=LINE('',#17975,#4576);
#3317=LINE('',#17978,#4577);
#3318=LINE('',#17980,#4578);
#3319=LINE('',#17984,#4579);
#3320=LINE('',#17988,#4580);
#3321=LINE('',#17989,#4581);
#3322=LINE('',#17991,#4582);
#3323=LINE('',#17992,#4583);
#3324=LINE('',#17994,#4584);
#3325=LINE('',#17998,#4585);
#3326=LINE('',#17999,#4586);
#3327=LINE('',#18001,#4587);
#3328=LINE('',#18003,#4588);
#3329=LINE('',#18004,#4589);
#3330=LINE('',#18006,#4590);
#3331=LINE('',#18007,#4591);
#3332=LINE('',#18009,#4592);
#3333=LINE('',#18012,#4593);
#3334=LINE('',#18013,#4594);
#3335=LINE('',#18017,#4595);
#3336=LINE('',#18019,#4596);
#3337=LINE('',#18021,#4597);
#3338=LINE('',#18022,#4598);
#3339=LINE('',#18023,#4599);
#3340=LINE('',#18026,#4600);
#3341=LINE('',#18027,#4601);
#3342=LINE('',#18030,#4602);
#3343=LINE('',#18032,#4603);
#3344=LINE('',#18034,#4604);
#3345=LINE('',#18036,#4605);
#3346=LINE('',#18037,#4606);
#3347=LINE('',#18040,#4607);
#3348=LINE('',#18041,#4608);
#3349=LINE('',#18043,#4609);
#3350=LINE('',#18044,#4610);
#3351=LINE('',#18047,#4611);
#3352=LINE('',#18048,#4612);
#3353=LINE('',#18051,#4613);
#3354=LINE('',#18052,#4614);
#3355=LINE('',#18055,#4615);
#3356=LINE('',#18057,#4616);
#3357=LINE('',#18058,#4617);
#3358=LINE('',#18061,#4618);
#3359=LINE('',#18062,#4619);
#3360=LINE('',#18065,#4620);
#3361=LINE('',#18066,#4621);
#3362=LINE('',#18069,#4622);
#3363=LINE('',#18071,#4623);
#3364=LINE('',#18072,#4624);
#3365=LINE('',#18075,#4625);
#3366=LINE('',#18076,#4626);
#3367=LINE('',#18079,#4627);
#3368=LINE('',#18080,#4628);
#3369=LINE('',#18083,#4629);
#3370=LINE('',#18085,#4630);
#3371=LINE('',#18086,#4631);
#3372=LINE('',#18089,#4632);
#3373=LINE('',#18090,#4633);
#3374=LINE('',#18093,#4634);
#3375=LINE('',#18095,#4635);
#3376=LINE('',#18096,#4636);
#3377=LINE('',#18098,#4637);
#3378=LINE('',#18101,#4638);
#3379=LINE('',#18103,#4639);
#3380=LINE('',#18104,#4640);
#3381=LINE('',#18107,#4641);
#3382=LINE('',#18109,#4642);
#3383=LINE('',#18110,#4643);
#3384=LINE('',#18113,#4644);
#3385=LINE('',#18114,#4645);
#3386=LINE('',#18117,#4646);
#3387=LINE('',#18119,#4647);
#3388=LINE('',#18120,#4648);
#3389=LINE('',#18124,#4649);
#3390=LINE('',#18128,#4650);
#3391=LINE('',#18129,#4651);
#3392=LINE('',#18131,#4652);
#3393=LINE('',#18133,#4653);
#3394=LINE('',#18134,#4654);
#3395=LINE('',#18137,#4655);
#3396=LINE('',#18140,#4656);
#3397=LINE('',#18143,#4657);
#3398=LINE('',#18144,#4658);
#3399=LINE('',#18147,#4659);
#3400=LINE('',#18148,#4660);
#3401=LINE('',#18150,#4661);
#3402=LINE('',#18152,#4662);
#3403=LINE('',#18153,#4663);
#3404=LINE('',#18156,#4664);
#3405=LINE('',#18160,#4665);
#3406=LINE('',#18162,#4666);
#3407=LINE('',#18165,#4667);
#3408=LINE('',#18169,#4668);
#3409=LINE('',#18170,#4669);
#3410=LINE('',#18172,#4670);
#3411=LINE('',#18174,#4671);
#3412=LINE('',#18177,#4672);
#3413=LINE('',#18179,#4673);
#3414=LINE('',#18181,#4674);
#3415=LINE('',#18185,#4675);
#3416=LINE('',#18189,#4676);
#3417=LINE('',#18190,#4677);
#3418=LINE('',#18193,#4678);
#3419=LINE('',#18194,#4679);
#3420=LINE('',#18197,#4680);
#3421=LINE('',#18198,#4681);
#3422=LINE('',#18200,#4682);
#3423=LINE('',#18203,#4683);
#3424=LINE('',#18207,#4684);
#3425=LINE('',#18208,#4685);
#3426=LINE('',#18211,#4686);
#3427=LINE('',#18213,#4687);
#3428=LINE('',#18215,#4688);
#3429=LINE('',#18219,#4689);
#3430=LINE('',#18220,#4690);
#3431=LINE('',#18223,#4691);
#3432=LINE('',#18224,#4692);
#3433=LINE('',#18226,#4693);
#3434=LINE('',#18229,#4694);
#3435=LINE('',#18231,#4695);
#3436=LINE('',#18233,#4696);
#3437=LINE('',#18237,#4697);
#3438=LINE('',#18241,#4698);
#3439=LINE('',#18242,#4699);
#3440=LINE('',#18245,#4700);
#3441=LINE('',#18246,#4701);
#3442=LINE('',#18249,#4702);
#3443=LINE('',#18250,#4703);
#3444=LINE('',#18252,#4704);
#3445=LINE('',#18255,#4705);
#3446=LINE('',#18257,#4706);
#3447=LINE('',#18259,#4707);
#3448=LINE('',#18263,#4708);
#3449=LINE('',#18264,#4709);
#3450=LINE('',#18267,#4710);
#3451=LINE('',#18268,#4711);
#3452=LINE('',#18270,#4712);
#3453=LINE('',#18272,#4713);
#3454=LINE('',#18273,#4714);
#3455=LINE('',#18274,#4715);
#3456=LINE('',#18277,#4716);
#3457=LINE('',#18278,#4717);
#3458=LINE('',#18280,#4718);
#3459=LINE('',#18283,#4719);
#3460=LINE('',#18284,#4720);
#3461=LINE('',#18286,#4721);
#3462=LINE('',#18290,#4722);
#3463=LINE('',#18291,#4723);
#3464=LINE('',#18294,#4724);
#3465=LINE('',#18296,#4725);
#3466=LINE('',#18297,#4726);
#3467=LINE('',#18299,#4727);
#3468=LINE('',#18302,#4728);
#3469=LINE('',#18303,#4729);
#3470=LINE('',#18305,#4730);
#3471=LINE('',#18308,#4731);
#3472=LINE('',#18310,#4732);
#3473=LINE('',#18312,#4733);
#3474=LINE('',#18314,#4734);
#3475=LINE('',#18316,#4735);
#3476=LINE('',#18318,#4736);
#3477=LINE('',#18320,#4737);
#3478=LINE('',#18322,#4738);
#3479=LINE('',#18325,#4739);
#3480=LINE('',#18327,#4740);
#3481=LINE('',#18330,#4741);
#3482=LINE('',#18332,#4742);
#3483=LINE('',#18339,#4743);
#3484=LINE('',#18341,#4744);
#3485=LINE('',#18343,#4745);
#3486=LINE('',#18344,#4746);
#3487=LINE('',#18347,#4747);
#3488=LINE('',#18349,#4748);
#3489=LINE('',#18350,#4749);
#3490=LINE('',#18353,#4750);
#3491=LINE('',#18355,#4751);
#3492=LINE('',#18356,#4752);
#3493=LINE('',#18359,#4753);
#3494=LINE('',#18361,#4754);
#3495=LINE('',#18362,#4755);
#3496=LINE('',#18365,#4756);
#3497=LINE('',#18367,#4757);
#3498=LINE('',#18368,#4758);
#3499=LINE('',#18371,#4759);
#3500=LINE('',#18373,#4760);
#3501=LINE('',#18374,#4761);
#3502=LINE('',#18377,#4762);
#3503=LINE('',#18379,#4763);
#3504=LINE('',#18380,#4764);
#3505=LINE('',#18383,#4765);
#3506=LINE('',#18385,#4766);
#3507=LINE('',#18386,#4767);
#3508=LINE('',#18389,#4768);
#3509=LINE('',#18391,#4769);
#3510=LINE('',#18392,#4770);
#3511=LINE('',#18395,#4771);
#3512=LINE('',#18397,#4772);
#3513=LINE('',#18398,#4773);
#3514=LINE('',#18401,#4774);
#3515=LINE('',#18403,#4775);
#3516=LINE('',#18404,#4776);
#3517=LINE('',#18406,#4777);
#3518=LINE('',#18407,#4778);
#3519=LINE('',#18413,#4779);
#3520=LINE('',#18415,#4780);
#3521=LINE('',#18417,#4781);
#3522=LINE('',#18419,#4782);
#3523=LINE('',#18421,#4783);
#3524=LINE('',#18422,#4784);
#3525=LINE('',#18426,#4785);
#3526=LINE('',#18427,#4786);
#3527=LINE('',#18428,#4787);
#3528=LINE('',#18431,#4788);
#3529=LINE('',#18432,#4789);
#3530=LINE('',#18435,#4790);
#3531=LINE('',#18436,#4791);
#3532=LINE('',#18439,#4792);
#3533=LINE('',#18440,#4793);
#3534=LINE('',#18443,#4794);
#3535=LINE('',#18444,#4795);
#3536=LINE('',#18446,#4796);
#3537=LINE('',#18451,#4797);
#3538=LINE('',#18453,#4798);
#3539=LINE('',#18455,#4799);
#3540=LINE('',#18457,#4800);
#3541=LINE('',#18459,#4801);
#3542=LINE('',#18460,#4802);
#3543=LINE('',#18464,#4803);
#3544=LINE('',#18465,#4804);
#3545=LINE('',#18466,#4805);
#3546=LINE('',#18469,#4806);
#3547=LINE('',#18470,#4807);
#3548=LINE('',#18473,#4808);
#3549=LINE('',#18474,#4809);
#3550=LINE('',#18477,#4810);
#3551=LINE('',#18478,#4811);
#3552=LINE('',#18481,#4812);
#3553=LINE('',#18482,#4813);
#3554=LINE('',#18484,#4814);
#3555=LINE('',#18489,#4815);
#3556=LINE('',#18491,#4816);
#3557=LINE('',#18493,#4817);
#3558=LINE('',#18495,#4818);
#3559=LINE('',#18497,#4819);
#3560=LINE('',#18498,#4820);
#3561=LINE('',#18502,#4821);
#3562=LINE('',#18503,#4822);
#3563=LINE('',#18504,#4823);
#3564=LINE('',#18507,#4824);
#3565=LINE('',#18508,#4825);
#3566=LINE('',#18511,#4826);
#3567=LINE('',#18512,#4827);
#3568=LINE('',#18515,#4828);
#3569=LINE('',#18516,#4829);
#3570=LINE('',#18519,#4830);
#3571=LINE('',#18520,#4831);
#3572=LINE('',#18522,#4832);
#3573=LINE('',#18527,#4833);
#3574=LINE('',#18529,#4834);
#3575=LINE('',#18531,#4835);
#3576=LINE('',#18532,#4836);
#3577=LINE('',#18535,#4837);
#3578=LINE('',#18537,#4838);
#3579=LINE('',#18538,#4839);
#3580=LINE('',#18541,#4840);
#3581=LINE('',#18543,#4841);
#3582=LINE('',#18544,#4842);
#3583=LINE('',#18547,#4843);
#3584=LINE('',#18549,#4844);
#3585=LINE('',#18550,#4845);
#3586=LINE('',#18553,#4846);
#3587=LINE('',#18555,#4847);
#3588=LINE('',#18557,#4848);
#3589=LINE('',#18559,#4849);
#3590=LINE('',#18561,#4850);
#3591=LINE('',#18562,#4851);
#3592=LINE('',#18565,#4852);
#3593=LINE('',#18566,#4853);
#3594=LINE('',#18570,#4854);
#3595=LINE('',#18571,#4855);
#3596=LINE('',#18572,#4856);
#3597=LINE('',#18574,#4857);
#3598=LINE('',#18577,#4858);
#3599=LINE('',#18578,#4859);
#3600=LINE('',#18581,#4860);
#3601=LINE('',#18583,#4861);
#3602=LINE('',#18584,#4862);
#3603=LINE('',#18586,#4863);
#3604=LINE('',#18588,#4864);
#3605=LINE('',#18589,#4865);
#3606=LINE('',#18590,#4866);
#3607=LINE('',#18593,#4867);
#3608=LINE('',#18594,#4868);
#3609=LINE('',#18597,#4869);
#3610=LINE('',#18598,#4870);
#3611=LINE('',#18601,#4871);
#3612=LINE('',#18602,#4872);
#3613=LINE('',#18605,#4873);
#3614=LINE('',#18606,#4874);
#3615=LINE('',#18609,#4875);
#3616=LINE('',#18610,#4876);
#3617=LINE('',#18612,#4877);
#3618=LINE('',#18623,#4878);
#3619=LINE('',#18627,#4879);
#3620=LINE('',#18631,#4880);
#3621=LINE('',#18635,#4881);
#3622=LINE('',#18639,#4882);
#3623=LINE('',#18652,#4883);
#3624=LINE('',#18653,#4884);
#3625=LINE('',#18654,#4885);
#3626=LINE('',#18657,#4886);
#3627=LINE('',#18662,#4887);
#3628=LINE('',#18665,#4888);
#3629=LINE('',#18666,#4889);
#3630=LINE('',#18669,#4890);
#3631=LINE('',#18670,#4891);
#3632=LINE('',#18674,#4892);
#3633=LINE('',#18678,#4893);
#3634=LINE('',#18680,#4894);
#3635=LINE('',#18683,#4895);
#3636=LINE('',#18687,#4896);
#3637=LINE('',#18691,#4897);
#3638=LINE('',#18695,#4898);
#3639=LINE('',#18700,#4899);
#3640=LINE('',#18701,#4900);
#3641=LINE('',#18702,#4901);
#3642=LINE('',#18705,#4902);
#3643=LINE('',#18710,#4903);
#3644=LINE('',#18714,#4904);
#3645=LINE('',#18716,#4905);
#3646=LINE('',#18718,#4906);
#3647=LINE('',#18720,#4907);
#3648=LINE('',#18722,#4908);
#3649=LINE('',#18724,#4909);
#3650=LINE('',#18726,#4910);
#3651=LINE('',#18728,#4911);
#3652=LINE('',#18729,#4912);
#3653=LINE('',#18730,#4913);
#3654=LINE('',#18733,#4914);
#3655=LINE('',#18735,#4915);
#3656=LINE('',#18737,#4916);
#3657=LINE('',#18739,#4917);
#3658=LINE('',#18741,#4918);
#3659=LINE('',#18743,#4919);
#3660=LINE('',#18745,#4920);
#3661=LINE('',#18747,#4921);
#3662=LINE('',#18749,#4922);
#3663=LINE('',#18750,#4923);
#3664=LINE('',#18754,#4924);
#3665=LINE('',#18758,#4925);
#3666=LINE('',#18760,#4926);
#3667=LINE('',#18769,#4927);
#3668=LINE('',#18770,#4928);
#3669=LINE('',#18771,#4929);
#3670=LINE('',#18772,#4930);
#3671=LINE('',#18776,#4931);
#3672=LINE('',#18780,#4932);
#3673=LINE('',#18783,#4933);
#3674=LINE('',#18785,#4934);
#3675=LINE('',#18789,#4935);
#3676=LINE('',#18793,#4936);
#3677=LINE('',#18797,#4937);
#3678=LINE('',#18799,#4938);
#3679=LINE('',#18801,#4939);
#3680=LINE('',#18805,#4940);
#3681=LINE('',#18809,#4941);
#3682=LINE('',#18810,#4942);
#3683=LINE('',#18814,#4943);
#3684=LINE('',#18818,#4944);
#3685=LINE('',#18822,#4945);
#3686=LINE('',#18824,#4946);
#3687=LINE('',#18826,#4947);
#3688=LINE('',#18830,#4948);
#3689=LINE('',#18834,#4949);
#3690=LINE('',#18837,#4950);
#3691=LINE('',#18841,#4951);
#3692=LINE('',#18846,#4952);
#3693=LINE('',#18850,#4953);
#3694=LINE('',#18854,#4954);
#3695=LINE('',#18856,#4955);
#3696=LINE('',#18858,#4956);
#3697=LINE('',#18862,#4957);
#3698=LINE('',#18866,#4958);
#3699=LINE('',#18869,#4959);
#3700=LINE('',#18871,#4960);
#3701=LINE('',#18875,#4961);
#3702=LINE('',#18880,#4962);
#3703=LINE('',#18884,#4963);
#3704=LINE('',#18887,#4964);
#3705=LINE('',#18889,#4965);
#3706=LINE('',#18893,#4966);
#3707=LINE('',#18897,#4967);
#3708=LINE('',#18901,#4968);
#3709=LINE('',#18903,#4969);
#3710=LINE('',#18905,#4970);
#3711=LINE('',#18909,#4971);
#3712=LINE('',#18912,#4972);
#3713=LINE('',#18916,#4973);
#3714=LINE('',#18920,#4974);
#3715=LINE('',#18923,#4975);
#3716=LINE('',#18925,#4976);
#3717=LINE('',#18929,#4977);
#3718=LINE('',#18933,#4978);
#3719=LINE('',#18937,#4979);
#3720=LINE('',#18939,#4980);
#3721=LINE('',#18941,#4981);
#3722=LINE('',#18945,#4982);
#3723=LINE('',#18949,#4983);
#3724=LINE('',#18950,#4984);
#3725=LINE('',#18954,#4985);
#3726=LINE('',#18958,#4986);
#3727=LINE('',#18962,#4987);
#3728=LINE('',#18964,#4988);
#3729=LINE('',#18966,#4989);
#3730=LINE('',#18970,#4990);
#3731=LINE('',#18974,#4991);
#3732=LINE('',#18977,#4992);
#3733=LINE('',#18981,#4993);
#3734=LINE('',#18986,#4994);
#3735=LINE('',#18990,#4995);
#3736=LINE('',#18994,#4996);
#3737=LINE('',#18996,#4997);
#3738=LINE('',#18998,#4998);
#3739=LINE('',#19002,#4999);
#3740=LINE('',#19006,#5000);
#3741=LINE('',#19009,#5001);
#3742=LINE('',#19011,#5002);
#3743=LINE('',#19015,#5003);
#3744=LINE('',#19020,#5004);
#3745=LINE('',#19024,#5005);
#3746=LINE('',#19027,#5006);
#3747=LINE('',#19029,#5007);
#3748=LINE('',#19033,#5008);
#3749=LINE('',#19037,#5009);
#3750=LINE('',#19041,#5010);
#3751=LINE('',#19043,#5011);
#3752=LINE('',#19045,#5012);
#3753=LINE('',#19049,#5013);
#3754=LINE('',#19052,#5014);
#3755=LINE('',#19055,#5015);
#3756=LINE('',#19057,#5016);
#3757=LINE('',#19059,#5017);
#3758=LINE('',#19061,#5018);
#3759=LINE('',#19063,#5019);
#3760=LINE('',#19064,#5020);
#3761=LINE('',#19066,#5021);
#3762=LINE('',#19068,#5022);
#3763=LINE('',#19070,#5023);
#3764=LINE('',#19072,#5024);
#3765=LINE('',#19075,#5025);
#3766=LINE('',#19077,#5026);
#3767=LINE('',#19079,#5027);
#3768=LINE('',#19081,#5028);
#3769=LINE('',#19083,#5029);
#3770=LINE('',#19085,#5030);
#3771=LINE('',#19087,#5031);
#3772=LINE('',#19089,#5032);
#3773=LINE('',#19092,#5033);
#3774=LINE('',#19093,#5034);
#3775=LINE('',#19095,#5035);
#3776=LINE('',#19097,#5036);
#3777=LINE('',#19099,#5037);
#3778=LINE('',#19101,#5038);
#3779=LINE('',#19104,#5039);
#3780=LINE('',#19106,#5040);
#3781=LINE('',#19108,#5041);
#3782=LINE('',#19110,#5042);
#3783=LINE('',#19112,#5043);
#3784=LINE('',#19114,#5044);
#3785=LINE('',#19116,#5045);
#3786=LINE('',#19118,#5046);
#3787=LINE('',#19121,#5047);
#3788=LINE('',#19122,#5048);
#3789=LINE('',#19124,#5049);
#3790=LINE('',#19126,#5050);
#3791=LINE('',#19128,#5051);
#3792=LINE('',#19130,#5052);
#3793=LINE('',#19133,#5053);
#3794=LINE('',#19135,#5054);
#3795=LINE('',#19137,#5055);
#3796=LINE('',#19139,#5056);
#3797=LINE('',#19141,#5057);
#3798=LINE('',#19143,#5058);
#3799=LINE('',#19145,#5059);
#3800=LINE('',#19147,#5060);
#3801=LINE('',#19150,#5061);
#3802=LINE('',#19151,#5062);
#3803=LINE('',#19153,#5063);
#3804=LINE('',#19155,#5064);
#3805=LINE('',#19157,#5065);
#3806=LINE('',#19159,#5066);
#3807=LINE('',#19162,#5067);
#3808=LINE('',#19164,#5068);
#3809=LINE('',#19166,#5069);
#3810=LINE('',#19168,#5070);
#3811=LINE('',#19170,#5071);
#3812=LINE('',#19172,#5072);
#3813=LINE('',#19174,#5073);
#3814=LINE('',#19176,#5074);
#3815=LINE('',#19182,#5075);
#3816=LINE('',#19186,#5076);
#3817=LINE('',#19191,#5077);
#3818=LINE('',#19192,#5078);
#3819=LINE('',#19193,#5079);
#3820=LINE('',#19196,#5080);
#3821=LINE('',#19198,#5081);
#3822=LINE('',#19199,#5082);
#3823=LINE('',#19204,#5083);
#3824=LINE('',#19208,#5084);
#3825=LINE('',#19296,#5085);
#3826=LINE('',#19300,#5086);
#3827=LINE('',#19385,#5087);
#3828=LINE('',#19387,#5088);
#3829=LINE('',#19389,#5089);
#3830=LINE('',#19391,#5090);
#3831=LINE('',#19394,#5091);
#3832=LINE('',#19396,#5092);
#3833=LINE('',#19398,#5093);
#3834=LINE('',#19400,#5094);
#3835=LINE('',#19402,#5095);
#3836=LINE('',#19404,#5096);
#3837=LINE('',#19406,#5097);
#3838=LINE('',#19408,#5098);
#3839=LINE('',#19410,#5099);
#3840=LINE('',#19412,#5100);
#3841=LINE('',#19414,#5101);
#3842=LINE('',#19416,#5102);
#3843=LINE('',#19418,#5103);
#3844=LINE('',#19420,#5104);
#3845=LINE('',#19422,#5105);
#3846=LINE('',#19424,#5106);
#3847=LINE('',#19426,#5107);
#3848=LINE('',#19428,#5108);
#3849=LINE('',#19430,#5109);
#3850=LINE('',#19432,#5110);
#3851=LINE('',#19434,#5111);
#3852=LINE('',#19436,#5112);
#3853=LINE('',#19438,#5113);
#3854=LINE('',#19440,#5114);
#3855=LINE('',#19442,#5115);
#3856=LINE('',#19444,#5116);
#3857=LINE('',#19446,#5117);
#3858=LINE('',#19448,#5118);
#3859=LINE('',#19450,#5119);
#3860=LINE('',#19452,#5120);
#3861=LINE('',#19454,#5121);
#3862=LINE('',#19456,#5122);
#3863=LINE('',#19458,#5123);
#3864=LINE('',#19460,#5124);
#3865=LINE('',#19462,#5125);
#3866=LINE('',#19464,#5126);
#3867=LINE('',#19466,#5127);
#3868=LINE('',#19468,#5128);
#3869=LINE('',#19470,#5129);
#3870=LINE('',#19472,#5130);
#3871=LINE('',#19474,#5131);
#3872=LINE('',#19482,#5132);
#3873=LINE('',#19495,#5133);
#3874=LINE('',#19505,#5134);
#3875=LINE('',#19512,#5135);
#3876=LINE('',#19522,#5136);
#3877=LINE('',#19527,#5137);
#3878=LINE('',#19542,#5138);
#3879=LINE('',#19546,#5139);
#3880=LINE('',#19550,#5140);
#3881=LINE('',#19554,#5141);
#3882=LINE('',#19559,#5142);
#3883=LINE('',#19560,#5143);
#3884=LINE('',#19561,#5144);
#3885=LINE('',#19564,#5145);
#3886=LINE('',#19569,#5146);
#3887=LINE('',#19572,#5147);
#3888=LINE('',#19573,#5148);
#3889=LINE('',#19576,#5149);
#3890=LINE('',#19577,#5150);
#3891=LINE('',#19580,#5151);
#3892=LINE('',#19585,#5152);
#3893=LINE('',#19587,#5153);
#3894=LINE('',#19593,#5154);
#3895=LINE('',#19597,#5155);
#3896=LINE('',#19601,#5156);
#3897=LINE('',#19604,#5157);
#3898=LINE('',#19607,#5158);
#3899=LINE('',#19610,#5159);
#3900=LINE('',#19613,#5160);
#3901=LINE('',#19614,#5161);
#3902=LINE('',#19617,#5162);
#3903=LINE('',#19621,#5163);
#3904=LINE('',#19622,#5164);
#3905=LINE('',#19625,#5165);
#3906=LINE('',#19629,#5166);
#3907=LINE('',#19630,#5167);
#3908=LINE('',#19633,#5168);
#3909=LINE('',#19636,#5169);
#3910=LINE('',#19640,#5170);
#3911=LINE('',#19644,#5171);
#3912=LINE('',#19648,#5172);
#3913=LINE('',#19652,#5173);
#3914=LINE('',#19657,#5174);
#3915=LINE('',#19658,#5175);
#3916=LINE('',#19659,#5176);
#3917=LINE('',#19662,#5177);
#3918=LINE('',#19667,#5178);
#3919=LINE('',#19670,#5179);
#3920=LINE('',#19671,#5180);
#3921=LINE('',#19674,#5181);
#3922=LINE('',#19675,#5182);
#3923=LINE('',#19678,#5183);
#3924=LINE('',#19683,#5184);
#3925=LINE('',#19685,#5185);
#3926=LINE('',#19691,#5186);
#3927=LINE('',#19693,#5187);
#3928=LINE('',#19695,#5188);
#3929=LINE('',#19696,#5189);
#3930=LINE('',#19700,#5190);
#3931=LINE('',#19704,#5191);
#3932=LINE('',#19706,#5192);
#3933=LINE('',#19708,#5193);
#3934=LINE('',#19712,#5194);
#3935=LINE('',#19718,#5195);
#3936=LINE('',#19721,#5196);
#3937=LINE('',#19725,#5197);
#3938=LINE('',#19727,#5198);
#3939=LINE('',#19731,#5199);
#3940=LINE('',#19733,#5200);
#3941=LINE('',#19735,#5201);
#3942=LINE('',#19738,#5202);
#3943=LINE('',#19740,#5203);
#3944=LINE('',#19743,#5204);
#3945=LINE('',#19745,#5205);
#3946=LINE('',#19747,#5206);
#3947=LINE('',#19749,#5207);
#3948=LINE('',#19750,#5208);
#3949=LINE('',#19752,#5209);
#3950=LINE('',#19754,#5210);
#3951=LINE('',#19757,#5211);
#3952=LINE('',#19759,#5212);
#3953=LINE('',#19761,#5213);
#3954=LINE('',#19763,#5214);
#3955=LINE('',#19764,#5215);
#3956=LINE('',#19766,#5216);
#3957=LINE('',#19770,#5217);
#3958=LINE('',#19774,#5218);
#3959=LINE('',#19778,#5219);
#3960=LINE('',#19783,#5220);
#3961=LINE('',#19785,#5221);
#3962=LINE('',#19786,#5222);
#3963=LINE('',#19789,#5223);
#3964=LINE('',#19790,#5224);
#3965=LINE('',#19794,#5225);
#3966=LINE('',#19799,#5226);
#3967=LINE('',#19803,#5227);
#3968=LINE('',#19807,#5228);
#3969=LINE('',#19808,#5229);
#3970=LINE('',#19810,#5230);
#3971=LINE('',#19812,#5231);
#3972=LINE('',#19814,#5232);
#3973=LINE('',#19816,#5233);
#3974=LINE('',#19818,#5234);
#3975=LINE('',#19820,#5235);
#3976=LINE('',#19822,#5236);
#3977=LINE('',#19824,#5237);
#3978=VECTOR('',#13293,10.);
#3979=VECTOR('',#13294,10.);
#3980=VECTOR('',#13295,10.);
#3981=VECTOR('',#13296,10.);
#3982=VECTOR('',#13299,10.);
#3983=VECTOR('',#13300,10.);
#3984=VECTOR('',#13301,10.);
#3985=VECTOR('',#13304,10.);
#3986=VECTOR('',#13305,10.);
#3987=VECTOR('',#13306,10.);
#3988=VECTOR('',#13309,10.);
#3989=VECTOR('',#13310,10.);
#3990=VECTOR('',#13331,2.25000000000001);
#3991=VECTOR('',#13342,2.25);
#3992=VECTOR('',#13353,2.25000000000001);
#3993=VECTOR('',#13364,2.24999999999998);
#3994=VECTOR('',#13373,10.);
#3995=VECTOR('',#13374,10.);
#3996=VECTOR('',#13375,10.);
#3997=VECTOR('',#13376,10.);
#3998=VECTOR('',#13379,10.);
#3999=VECTOR('',#13380,10.);
#4000=VECTOR('',#13381,10.);
#4001=VECTOR('',#13384,10.);
#4002=VECTOR('',#13385,10.);
#4003=VECTOR('',#13386,10.);
#4004=VECTOR('',#13389,10.);
#4005=VECTOR('',#13390,10.);
#4006=VECTOR('',#13393,10.);
#4007=VECTOR('',#13394,10.);
#4008=VECTOR('',#13395,10.);
#4009=VECTOR('',#13396,10.);
#4010=VECTOR('',#13403,10.);
#4011=VECTOR('',#13406,10.);
#4012=VECTOR('',#13407,10.);
#4013=VECTOR('',#13408,10.);
#4014=VECTOR('',#13415,10.);
#4015=VECTOR('',#13418,10.);
#4016=VECTOR('',#13419,10.);
#4017=VECTOR('',#13420,10.);
#4018=VECTOR('',#13427,10.);
#4019=VECTOR('',#13430,10.);
#4020=VECTOR('',#13431,10.);
#4021=VECTOR('',#13432,10.);
#4022=VECTOR('',#13443,10.);
#4023=VECTOR('',#13446,10.);
#4024=VECTOR('',#13449,10.);
#4025=VECTOR('',#13452,10.);
#4026=VECTOR('',#13455,1.05);
#4027=VECTOR('',#13458,1.05);
#4028=VECTOR('',#13461,1.05);
#4029=VECTOR('',#13464,1.05);
#4030=VECTOR('',#13467,10.);
#4031=VECTOR('',#13468,10.);
#4032=VECTOR('',#13469,10.);
#4033=VECTOR('',#13474,10.);
#4034=VECTOR('',#13477,10.);
#4035=VECTOR('',#13478,10.);
#4036=VECTOR('',#13483,10.);
#4037=VECTOR('',#13486,10.);
#4038=VECTOR('',#13487,10.);
#4039=VECTOR('',#13492,10.);
#4040=VECTOR('',#13495,10.);
#4041=VECTOR('',#13496,10.);
#4042=VECTOR('',#13511,10.);
#4043=VECTOR('',#13514,10.);
#4044=VECTOR('',#13521,10.);
#4045=VECTOR('',#13528,10.);
#4046=VECTOR('',#13539,5.2);
#4047=VECTOR('',#13548,3.99999999999999);
#4048=VECTOR('',#13555,14.7);
#4049=VECTOR('',#13564,13.);
#4050=VECTOR('',#13571,1.05);
#4051=VECTOR('',#13578,1.05);
#4052=VECTOR('',#13585,1.05);
#4053=VECTOR('',#13592,1.05);
#4054=VECTOR('',#13597,10.);
#4055=VECTOR('',#13598,10.);
#4056=VECTOR('',#13599,10.);
#4057=VECTOR('',#13600,10.);
#4058=VECTOR('',#13607,10.);
#4059=VECTOR('',#13610,10.);
#4060=VECTOR('',#13611,10.);
#4061=VECTOR('',#13612,10.);
#4062=VECTOR('',#13619,10.);
#4063=VECTOR('',#13622,10.);
#4064=VECTOR('',#13623,10.);
#4065=VECTOR('',#13624,10.);
#4066=VECTOR('',#13631,10.);
#4067=VECTOR('',#13634,10.);
#4068=VECTOR('',#13635,10.);
#4069=VECTOR('',#13636,10.);
#4070=VECTOR('',#13653,1.);
#4071=VECTOR('',#13654,1.);
#4072=VECTOR('',#13655,1.);
#4073=VECTOR('',#13656,1.);
#4074=VECTOR('',#13659,1.);
#4075=VECTOR('',#13660,1.);
#4076=VECTOR('',#13661,1.);
#4077=VECTOR('',#13662,0.999999999999738);
#4078=VECTOR('',#13663,1.);
#4079=VECTOR('',#13664,1.);
#4080=VECTOR('',#13665,1.);
#4081=VECTOR('',#13666,1.);
#4082=VECTOR('',#13671,1.);
#4083=VECTOR('',#13672,1.);
#4084=VECTOR('',#13673,1.);
#4085=VECTOR('',#13674,1.);
#4086=VECTOR('',#13675,1.);
#4087=VECTOR('',#13676,1.);
#4088=VECTOR('',#13677,1.);
#4089=VECTOR('',#13678,1.);
#4090=VECTOR('',#13679,1.);
#4091=VECTOR('',#13680,1.);
#4092=VECTOR('',#13685,1.);
#4093=VECTOR('',#13686,1.);
#4094=VECTOR('',#13687,1.);
#4095=VECTOR('',#13688,1.);
#4096=VECTOR('',#13689,1.);
#4097=VECTOR('',#13692,1.);
#4098=VECTOR('',#13695,1.);
#4099=VECTOR('',#13696,1.);
#4100=VECTOR('',#13699,1.);
#4101=VECTOR('',#13700,1.);
#4102=VECTOR('',#13703,1.);
#4103=VECTOR('',#13704,0.999999999999738);
#4104=VECTOR('',#13707,1.);
#4105=VECTOR('',#13708,1.);
#4106=VECTOR('',#13709,1.);
#4107=VECTOR('',#13710,1.);
#4108=VECTOR('',#13711,1.);
#4109=VECTOR('',#13712,1.);
#4110=VECTOR('',#13715,1.);
#4111=VECTOR('',#13716,1.);
#4112=VECTOR('',#13717,1.);
#4113=VECTOR('',#13718,1.);
#4114=VECTOR('',#13719,1.);
#4115=VECTOR('',#13720,1.);
#4116=VECTOR('',#13721,1.);
#4117=VECTOR('',#13722,1.);
#4118=VECTOR('',#13723,1.);
#4119=VECTOR('',#13724,1.);
#4120=VECTOR('',#13725,1.);
#4121=VECTOR('',#13726,1.);
#4122=VECTOR('',#13727,1.);
#4123=VECTOR('',#13728,1.);
#4124=VECTOR('',#13729,1.);
#4125=VECTOR('',#13730,1.);
#4126=VECTOR('',#13733,1.);
#4127=VECTOR('',#13734,1.);
#4128=VECTOR('',#13735,1.);
#4129=VECTOR('',#13740,1.);
#4130=VECTOR('',#13741,1.);
#4131=VECTOR('',#13742,1.);
#4132=VECTOR('',#13743,1.);
#4133=VECTOR('',#13744,1.);
#4134=VECTOR('',#13745,1.);
#4135=VECTOR('',#13746,1.);
#4136=VECTOR('',#13747,1.);
#4137=VECTOR('',#13748,1.);
#4138=VECTOR('',#13749,1.);
#4139=VECTOR('',#13754,1.);
#4140=VECTOR('',#13755,1.);
#4141=VECTOR('',#13756,1.);
#4142=VECTOR('',#13757,1.);
#4143=VECTOR('',#13758,1.);
#4144=VECTOR('',#13759,1.);
#4145=VECTOR('',#13762,1.);
#4146=VECTOR('',#13763,1.);
#4147=VECTOR('',#13766,1.);
#4148=VECTOR('',#13767,1.);
#4149=VECTOR('',#13768,1.);
#4150=VECTOR('',#13771,1.);
#4151=VECTOR('',#13772,1.);
#4152=VECTOR('',#13775,1.);
#4153=VECTOR('',#13776,0.999999999999738);
#4154=VECTOR('',#13777,1.);
#4155=VECTOR('',#13778,1.);
#4156=VECTOR('',#13781,1.);
#4157=VECTOR('',#13782,1.);
#4158=VECTOR('',#13783,1.);
#4159=VECTOR('',#13786,1.);
#4160=VECTOR('',#13787,1.);
#4161=VECTOR('',#13790,1.);
#4162=VECTOR('',#13791,1.);
#4163=VECTOR('',#13792,0.999999999999738);
#4164=VECTOR('',#13795,1.);
#4165=VECTOR('',#13796,1.);
#4166=VECTOR('',#13797,1.);
#4167=VECTOR('',#13798,1.);
#4168=VECTOR('',#13799,1.);
#4169=VECTOR('',#13800,1.);
#4170=VECTOR('',#13801,1.);
#4171=VECTOR('',#13802,1.);
#4172=VECTOR('',#13803,1.);
#4173=VECTOR('',#13804,1.);
#4174=VECTOR('',#13805,1.);
#4175=VECTOR('',#13806,1.);
#4176=VECTOR('',#13807,1.);
#4177=VECTOR('',#13810,1.);
#4178=VECTOR('',#13811,1.);
#4179=VECTOR('',#13812,1.);
#4180=VECTOR('',#13813,1.);
#4181=VECTOR('',#13814,1.);
#4182=VECTOR('',#13815,1.);
#4183=VECTOR('',#13816,1.);
#4184=VECTOR('',#13817,1.);
#4185=VECTOR('',#13818,1.);
#4186=VECTOR('',#13819,1.);
#4187=VECTOR('',#13820,1.);
#4188=VECTOR('',#13821,1.);
#4189=VECTOR('',#13822,1.);
#4190=VECTOR('',#13825,0.999999999999941);
#4191=VECTOR('',#13826,1.);
#4192=VECTOR('',#13827,1.00000000000012);
#4193=VECTOR('',#13828,1.);
#4194=VECTOR('',#13831,1.);
#4195=VECTOR('',#13832,1.);
#4196=VECTOR('',#13833,1.);
#4197=VECTOR('',#13836,1.);
#4198=VECTOR('',#13839,1.);
#4199=VECTOR('',#13842,1.00000000000012);
#4200=VECTOR('',#13845,1.);
#4201=VECTOR('',#13846,1.00000000000012);
#4202=VECTOR('',#13849,1.);
#4203=VECTOR('',#13850,0.999999999999941);
#4204=VECTOR('',#13851,1.);
#4205=VECTOR('',#13854,1.);
#4206=VECTOR('',#13857,0.999999999999941);
#4207=VECTOR('',#13858,1.);
#4208=VECTOR('',#13859,1.00000000000012);
#4209=VECTOR('',#13862,1.);
#4210=VECTOR('',#13863,1.00000000000012);
#4211=VECTOR('',#13864,1.);
#4212=VECTOR('',#13865,1.00000000000012);
#4213=VECTOR('',#13868,1.);
#4214=VECTOR('',#13869,1.);
#4215=VECTOR('',#13872,1.);
#4216=VECTOR('',#13873,1.);
#4217=VECTOR('',#13874,1.);
#4218=VECTOR('',#13875,1.);
#4219=VECTOR('',#13876,1.);
#4220=VECTOR('',#13879,1.);
#4221=VECTOR('',#13880,1.);
#4222=VECTOR('',#13883,1.);
#4223=VECTOR('',#13884,1.);
#4224=VECTOR('',#13885,1.);
#4225=VECTOR('',#13886,1.);
#4226=VECTOR('',#13887,1.);
#4227=VECTOR('',#13890,1.);
#4228=VECTOR('',#13893,1.);
#4229=VECTOR('',#13898,1.);
#4230=VECTOR('',#13899,1.);
#4231=VECTOR('',#13900,1.);
#4232=VECTOR('',#13901,1.);
#4233=VECTOR('',#13902,1.);
#4234=VECTOR('',#13905,1.);
#4235=VECTOR('',#13906,1.);
#4236=VECTOR('',#13907,0.999999999999941);
#4237=VECTOR('',#13910,1.);
#4238=VECTOR('',#13913,1.);
#4239=VECTOR('',#13916,1.);
#4240=VECTOR('',#13917,1.);
#4241=VECTOR('',#13920,1.);
#4242=VECTOR('',#13921,1.);
#4243=VECTOR('',#13924,1.);
#4244=VECTOR('',#13927,1.);
#4245=VECTOR('',#13932,1.);
#4246=VECTOR('',#13937,1.);
#4247=VECTOR('',#13938,1.);
#4248=VECTOR('',#13941,1.);
#4249=VECTOR('',#13948,1.);
#4250=VECTOR('',#13949,1.);
#4251=VECTOR('',#13950,1.);
#4252=VECTOR('',#13953,1.);
#4253=VECTOR('',#13954,1.);
#4254=VECTOR('',#13957,1.);
#4255=VECTOR('',#13958,1.);
#4256=VECTOR('',#13961,1.);
#4257=VECTOR('',#13964,1.);
#4258=VECTOR('',#13965,1.);
#4259=VECTOR('',#13966,1.);
#4260=VECTOR('',#13969,1.);
#4261=VECTOR('',#13970,1.);
#4262=VECTOR('',#13973,1.);
#4263=VECTOR('',#13974,1.);
#4264=VECTOR('',#13977,1.);
#4265=VECTOR('',#13980,1.);
#4266=VECTOR('',#13981,1.);
#4267=VECTOR('',#13982,1.);
#4268=VECTOR('',#13983,1.);
#4269=VECTOR('',#13986,1.);
#4270=VECTOR('',#13987,1.);
#4271=VECTOR('',#13988,1.);
#4272=VECTOR('',#13989,1.);
#4273=VECTOR('',#13992,1.);
#4274=VECTOR('',#13997,1.00000000000065);
#4275=VECTOR('',#13998,1.00000000000065);
#4276=VECTOR('',#13999,1.);
#4277=VECTOR('',#14002,1.00000000000065);
#4278=VECTOR('',#14003,1.);
#4279=VECTOR('',#14006,1.00000000000065);
#4280=VECTOR('',#14007,1.);
#4281=VECTOR('',#14010,1.);
#4282=VECTOR('',#14013,1.00000000000065);
#4283=VECTOR('',#14014,1.00000000000065);
#4284=VECTOR('',#14015,1.);
#4285=VECTOR('',#14018,1.00000000000065);
#4286=VECTOR('',#14019,1.);
#4287=VECTOR('',#14022,1.00000000000065);
#4288=VECTOR('',#14023,1.);
#4289=VECTOR('',#14026,1.);
#4290=VECTOR('',#14029,1.);
#4291=VECTOR('',#14032,1.);
#4292=VECTOR('',#14033,1.00000000000009);
#4293=VECTOR('',#14034,0.99999999999993);
#4294=VECTOR('',#14035,1.);
#4295=VECTOR('',#14036,0.99999999999993);
#4296=VECTOR('',#14037,1.00000000000009);
#4297=VECTOR('',#14038,1.);
#4298=VECTOR('',#14041,1.);
#4299=VECTOR('',#14044,1.);
#4300=VECTOR('',#14045,1.);
#4301=VECTOR('',#14050,1.);
#4302=VECTOR('',#14051,1.00000000000009);
#4303=VECTOR('',#14052,0.99999999999993);
#4304=VECTOR('',#14053,1.);
#4305=VECTOR('',#14054,0.99999999999993);
#4306=VECTOR('',#14055,1.00000000000009);
#4307=VECTOR('',#14056,1.);
#4308=VECTOR('',#14059,1.);
#4309=VECTOR('',#14062,1.);
#4310=VECTOR('',#14065,1.);
#4311=VECTOR('',#14068,1.);
#4312=VECTOR('',#14069,1.00000000000009);
#4313=VECTOR('',#14070,0.99999999999993);
#4314=VECTOR('',#14071,1.);
#4315=VECTOR('',#14072,0.99999999999993);
#4316=VECTOR('',#14073,1.00000000000009);
#4317=VECTOR('',#14074,1.);
#4318=VECTOR('',#14077,1.);
#4319=VECTOR('',#14080,1.);
#4320=VECTOR('',#14081,1.);
#4321=VECTOR('',#14086,1.);
#4322=VECTOR('',#14087,1.00000000000009);
#4323=VECTOR('',#14088,0.99999999999993);
#4324=VECTOR('',#14089,1.);
#4325=VECTOR('',#14090,0.99999999999993);
#4326=VECTOR('',#14091,1.00000000000009);
#4327=VECTOR('',#14092,1.);
#4328=VECTOR('',#14095,1.);
#4329=VECTOR('',#14098,1.);
#4330=VECTOR('',#14105,1.);
#4331=VECTOR('',#14108,1.);
#4332=VECTOR('',#14111,1.);
#4333=VECTOR('',#14114,1.00000000000061);
#4334=VECTOR('',#14115,1.);
#4335=VECTOR('',#14116,1.00000000000061);
#4336=VECTOR('',#14119,1.00000000000055);
#4337=VECTOR('',#14120,1.);
#4338=VECTOR('',#14121,1.00000000000058);
#4339=VECTOR('',#14122,1.00000000000061);
#4340=VECTOR('',#14125,1.);
#4341=VECTOR('',#14126,1.00000000000061);
#4342=VECTOR('',#14127,1.);
#4343=VECTOR('',#14130,1.);
#4344=VECTOR('',#14133,1.);
#4345=VECTOR('',#14138,1.00000000000055);
#4346=VECTOR('',#14139,1.00000000000058);
#4347=VECTOR('',#14140,1.);
#4348=VECTOR('',#14143,1.);
#4349=VECTOR('',#14146,1.);
#4350=VECTOR('',#14149,1.);
#4351=VECTOR('',#14152,1.00000000000061);
#4352=VECTOR('',#14153,1.);
#4353=VECTOR('',#14154,1.00000000000061);
#4354=VECTOR('',#14157,1.00000000000055);
#4355=VECTOR('',#14158,1.);
#4356=VECTOR('',#14159,1.00000000000058);
#4357=VECTOR('',#14160,1.00000000000061);
#4358=VECTOR('',#14163,1.);
#4359=VECTOR('',#14164,1.00000000000061);
#4360=VECTOR('',#14165,1.);
#4361=VECTOR('',#14168,1.);
#4362=VECTOR('',#14171,1.);
#4363=VECTOR('',#14176,1.00000000000055);
#4364=VECTOR('',#14177,1.00000000000058);
#4365=VECTOR('',#14178,1.);
#4366=VECTOR('',#14181,1.);
#4367=VECTOR('',#14184,1.);
#4368=VECTOR('',#14189,1.);
#4369=VECTOR('',#14192,1.);
#4370=VECTOR('',#14207,2.45);
#4371=VECTOR('',#14212,1.);
#4372=VECTOR('',#14217,1.);
#4373=VECTOR('',#14218,1.);
#4374=VECTOR('',#14221,1.);
#4375=VECTOR('',#14224,1.);
#4376=VECTOR('',#14225,1.);
#4377=VECTOR('',#14226,1.);
#4378=VECTOR('',#14227,1.);
#4379=VECTOR('',#14228,1.);
#4380=VECTOR('',#14229,1.);
#4381=VECTOR('',#14230,1.);
#4382=VECTOR('',#14231,1.);
#4383=VECTOR('',#14234,1.);
#4384=VECTOR('',#14235,1.);
#4385=VECTOR('',#14236,1.);
#4386=VECTOR('',#14239,1.);
#4387=VECTOR('',#14240,1.);
#4388=VECTOR('',#14243,1.);
#4389=VECTOR('',#14244,1.);
#4390=VECTOR('',#14247,1.);
#4391=VECTOR('',#14250,1.);
#4392=VECTOR('',#14251,1.);
#4393=VECTOR('',#14252,1.);
#4394=VECTOR('',#14255,1.);
#4395=VECTOR('',#14256,1.);
#4396=VECTOR('',#14259,1.);
#4397=VECTOR('',#14260,1.);
#4398=VECTOR('',#14263,1.);
#4399=VECTOR('',#14272,1.);
#4400=VECTOR('',#14273,1.);
#4401=VECTOR('',#14274,1.);
#4402=VECTOR('',#14275,1.);
#4403=VECTOR('',#14280,1.);
#4404=VECTOR('',#14281,1.);
#4405=VECTOR('',#14282,1.);
#4406=VECTOR('',#14285,1.);
#4407=VECTOR('',#14290,1.);
#4408=VECTOR('',#14291,1.);
#4409=VECTOR('',#14292,1.);
#4410=VECTOR('',#14295,1.);
#4411=VECTOR('',#14296,1.);
#4412=VECTOR('',#14299,1.);
#4413=VECTOR('',#14300,1.);
#4414=VECTOR('',#14301,1.);
#4415=VECTOR('',#14304,1.);
#4416=VECTOR('',#14305,1.);
#4417=VECTOR('',#14308,1.);
#4418=VECTOR('',#14309,1.);
#4419=VECTOR('',#14310,1.);
#4420=VECTOR('',#14311,1.);
#4421=VECTOR('',#14312,1.);
#4422=VECTOR('',#14313,1.);
#4423=VECTOR('',#14314,1.);
#4424=VECTOR('',#14315,1.);
#4425=VECTOR('',#14316,1.);
#4426=VECTOR('',#14317,1.);
#4427=VECTOR('',#14318,1.);
#4428=VECTOR('',#14319,1.);
#4429=VECTOR('',#14320,1.);
#4430=VECTOR('',#14321,1.);
#4431=VECTOR('',#14324,1.);
#4432=VECTOR('',#14325,1.);
#4433=VECTOR('',#14328,1.);
#4434=VECTOR('',#14329,1.);
#4435=VECTOR('',#14330,1.);
#4436=VECTOR('',#14331,1.);
#4437=VECTOR('',#14332,1.);
#4438=VECTOR('',#14333,1.);
#4439=VECTOR('',#14334,1.);
#4440=VECTOR('',#14335,1.);
#4441=VECTOR('',#14336,1.);
#4442=VECTOR('',#14337,1.);
#4443=VECTOR('',#14338,1.);
#4444=VECTOR('',#14339,1.);
#4445=VECTOR('',#14340,1.);
#4446=VECTOR('',#14341,1.);
#4447=VECTOR('',#14344,1.);
#4448=VECTOR('',#14345,1.);
#4449=VECTOR('',#14348,1.);
#4450=VECTOR('',#14349,1.);
#4451=VECTOR('',#14352,1.);
#4452=VECTOR('',#14353,1.);
#4453=VECTOR('',#14354,1.);
#4454=VECTOR('',#14357,1.);
#4455=VECTOR('',#14360,1.);
#4456=VECTOR('',#14363,1.);
#4457=VECTOR('',#14366,1.);
#4458=VECTOR('',#14367,1.);
#4459=VECTOR('',#14368,1.);
#4460=VECTOR('',#14371,1.);
#4461=VECTOR('',#14372,1.);
#4462=VECTOR('',#14373,1.);
#4463=VECTOR('',#14376,1.);
#4464=VECTOR('',#14377,1.);
#4465=VECTOR('',#14380,1.);
#4466=VECTOR('',#14381,1.);
#4467=VECTOR('',#14384,1.);
#4468=VECTOR('',#14387,1.);
#4469=VECTOR('',#14390,1.);
#4470=VECTOR('',#14391,1.);
#4471=VECTOR('',#14392,1.);
#4472=VECTOR('',#14395,1.);
#4473=VECTOR('',#14396,1.);
#4474=VECTOR('',#14399,1.);
#4475=VECTOR('',#14402,1.);
#4476=VECTOR('',#14409,1.);
#4477=VECTOR('',#14410,1.);
#4478=VECTOR('',#14413,1.);
#4479=VECTOR('',#14414,1.);
#4480=VECTOR('',#14415,1.);
#4481=VECTOR('',#14416,1.);
#4482=VECTOR('',#14417,1.);
#4483=VECTOR('',#14418,1.);
#4484=VECTOR('',#14419,1.);
#4485=VECTOR('',#14420,1.);
#4486=VECTOR('',#14421,1.);
#4487=VECTOR('',#14422,1.);
#4488=VECTOR('',#14423,1.);
#4489=VECTOR('',#14424,1.);
#4490=VECTOR('',#14425,1.);
#4491=VECTOR('',#14428,1.);
#4492=VECTOR('',#14429,1.);
#4493=VECTOR('',#14430,1.);
#4494=VECTOR('',#14431,1.);
#4495=VECTOR('',#14432,1.);
#4496=VECTOR('',#14435,1.);
#4497=VECTOR('',#14436,1.);
#4498=VECTOR('',#14437,1.);
#4499=VECTOR('',#14440,1.);
#4500=VECTOR('',#14441,1.);
#4501=VECTOR('',#14444,1.);
#4502=VECTOR('',#14447,1.);
#4503=VECTOR('',#14448,1.);
#4504=VECTOR('',#14451,1.);
#4505=VECTOR('',#14452,1.);
#4506=VECTOR('',#14455,1.);
#4507=VECTOR('',#14458,1.);
#4508=VECTOR('',#14459,1.);
#4509=VECTOR('',#14462,1.);
#4510=VECTOR('',#14463,1.);
#4511=VECTOR('',#14466,1.);
#4512=VECTOR('',#14467,1.);
#4513=VECTOR('',#14470,1.);
#4514=VECTOR('',#14473,1.);
#4515=VECTOR('',#14474,1.);
#4516=VECTOR('',#14475,1.);
#4517=VECTOR('',#14478,1.);
#4518=VECTOR('',#14479,1.);
#4519=VECTOR('',#14484,1.);
#4520=VECTOR('',#14489,1.);
#4521=VECTOR('',#14490,1.);
#4522=VECTOR('',#14493,1.);
#4523=VECTOR('',#14494,1.);
#4524=VECTOR('',#14499,1.);
#4525=VECTOR('',#14502,1.);
#4526=VECTOR('',#14503,1.);
#4527=VECTOR('',#14510,1.);
#4528=VECTOR('',#14511,1.);
#4529=VECTOR('',#14514,1.);
#4530=VECTOR('',#14517,1.);
#4531=VECTOR('',#14520,1.);
#4532=VECTOR('',#14521,1.);
#4533=VECTOR('',#14524,1.);
#4534=VECTOR('',#14525,1.);
#4535=VECTOR('',#14528,1.);
#4536=VECTOR('',#14529,1.);
#4537=VECTOR('',#14530,1.);
#4538=VECTOR('',#14533,1.);
#4539=VECTOR('',#14534,1.);
#4540=VECTOR('',#14537,1.);
#4541=VECTOR('',#14538,1.);
#4542=VECTOR('',#14539,1.);
#4543=VECTOR('',#14542,1.);
#4544=VECTOR('',#14543,1.);
#4545=VECTOR('',#14544,1.);
#4546=VECTOR('',#14547,1.);
#4547=VECTOR('',#14548,1.);
#4548=VECTOR('',#14549,1.);
#4549=VECTOR('',#14552,1.);
#4550=VECTOR('',#14553,1.);
#4551=VECTOR('',#14556,1.);
#4552=VECTOR('',#14557,1.);
#4553=VECTOR('',#14560,1.);
#4554=VECTOR('',#14563,1.);
#4555=VECTOR('',#14564,1.);
#4556=VECTOR('',#14565,1.);
#4557=VECTOR('',#14568,1.);
#4558=VECTOR('',#14569,1.);
#4559=VECTOR('',#14572,1.);
#4560=VECTOR('',#14573,1.);
#4561=VECTOR('',#14576,1.);
#4562=VECTOR('',#14579,1.);
#4563=VECTOR('',#14580,1.);
#4564=VECTOR('',#14583,1.);
#4565=VECTOR('',#14584,1.);
#4566=VECTOR('',#14585,1.);
#4567=VECTOR('',#14588,1.);
#4568=VECTOR('',#14589,1.);
#4569=VECTOR('',#14590,1.);
#4570=VECTOR('',#14593,1.);
#4571=VECTOR('',#14594,1.);
#4572=VECTOR('',#14595,1.);
#4573=VECTOR('',#14598,1.);
#4574=VECTOR('',#14599,1.);
#4575=VECTOR('',#14602,1.);
#4576=VECTOR('',#14603,1.);
#4577=VECTOR('',#14606,1.);
#4578=VECTOR('',#14607,1.);
#4579=VECTOR('',#14610,1.);
#4580=VECTOR('',#14613,1.);
#4581=VECTOR('',#14614,1.);
#4582=VECTOR('',#14617,1.);
#4583=VECTOR('',#14618,1.);
#4584=VECTOR('',#14621,1.);
#4585=VECTOR('',#14624,1.00000000000019);
#4586=VECTOR('',#14625,1.00000000000036);
#4587=VECTOR('',#14626,1.00000000000036);
#4588=VECTOR('',#14627,1.00000000000019);
#4589=VECTOR('',#14628,1.);
#4590=VECTOR('',#14631,1.);
#4591=VECTOR('',#14632,1.);
#4592=VECTOR('',#14635,1.);
#4593=VECTOR('',#14638,1.);
#4594=VECTOR('',#14639,1.);
#4595=VECTOR('',#14642,1.00000000000019);
#4596=VECTOR('',#14643,1.);
#4597=VECTOR('',#14644,1.00000000000019);
#4598=VECTOR('',#14645,1.00000000000036);
#4599=VECTOR('',#14646,1.00000000000036);
#4600=VECTOR('',#14649,1.);
#4601=VECTOR('',#14650,1.);
#4602=VECTOR('',#14655,1.);
#4603=VECTOR('',#14658,1.);
#4604=VECTOR('',#14661,1.);
#4605=VECTOR('',#14664,1.);
#4606=VECTOR('',#14665,1.);
#4607=VECTOR('',#14668,1.);
#4608=VECTOR('',#14669,1.);
#4609=VECTOR('',#14672,1.);
#4610=VECTOR('',#14673,1.);
#4611=VECTOR('',#14676,1.);
#4612=VECTOR('',#14677,1.);
#4613=VECTOR('',#14680,1.);
#4614=VECTOR('',#14681,1.);
#4615=VECTOR('',#14684,1.);
#4616=VECTOR('',#14685,1.);
#4617=VECTOR('',#14686,1.);
#4618=VECTOR('',#14689,1.);
#4619=VECTOR('',#14690,1.);
#4620=VECTOR('',#14693,1.);
#4621=VECTOR('',#14694,1.);
#4622=VECTOR('',#14697,1.);
#4623=VECTOR('',#14698,1.);
#4624=VECTOR('',#14699,1.);
#4625=VECTOR('',#14702,1.);
#4626=VECTOR('',#14703,1.);
#4627=VECTOR('',#14706,1.);
#4628=VECTOR('',#14707,1.);
#4629=VECTOR('',#14710,1.);
#4630=VECTOR('',#14711,1.);
#4631=VECTOR('',#14712,1.);
#4632=VECTOR('',#14715,1.);
#4633=VECTOR('',#14716,1.);
#4634=VECTOR('',#14719,1.);
#4635=VECTOR('',#14720,1.);
#4636=VECTOR('',#14721,1.);
#4637=VECTOR('',#14724,1.);
#4638=VECTOR('',#14727,1.);
#4639=VECTOR('',#14728,1.);
#4640=VECTOR('',#14729,1.);
#4641=VECTOR('',#14732,1.);
#4642=VECTOR('',#14733,1.);
#4643=VECTOR('',#14734,1.);
#4644=VECTOR('',#14737,1.);
#4645=VECTOR('',#14738,1.);
#4646=VECTOR('',#14741,1.);
#4647=VECTOR('',#14742,1.);
#4648=VECTOR('',#14743,1.);
#4649=VECTOR('',#14748,1.);
#4650=VECTOR('',#14751,1.00000000000019);
#4651=VECTOR('',#14752,1.00000000000036);
#4652=VECTOR('',#14753,1.00000000000036);
#4653=VECTOR('',#14754,1.00000000000019);
#4654=VECTOR('',#14755,1.);
#4655=VECTOR('',#14758,1.);
#4656=VECTOR('',#14761,1.);
#4657=VECTOR('',#14764,1.);
#4658=VECTOR('',#14765,1.);
#4659=VECTOR('',#14768,1.);
#4660=VECTOR('',#14769,1.);
#4661=VECTOR('',#14772,1.);
#4662=VECTOR('',#14775,1.);
#4663=VECTOR('',#14776,1.);
#4664=VECTOR('',#14781,1.);
#4665=VECTOR('',#14788,1.);
#4666=VECTOR('',#14791,1.);
#4667=VECTOR('',#14794,1.);
#4668=VECTOR('',#14797,1.);
#4669=VECTOR('',#14798,1.);
#4670=VECTOR('',#14801,1.);
#4671=VECTOR('',#14804,1.);
#4672=VECTOR('',#14807,1.);
#4673=VECTOR('',#14808,1.);
#4674=VECTOR('',#14809,1.);
#4675=VECTOR('',#14814,1.);
#4676=VECTOR('',#14817,1.);
#4677=VECTOR('',#14818,1.);
#4678=VECTOR('',#14821,1.);
#4679=VECTOR('',#14822,1.);
#4680=VECTOR('',#14825,1.);
#4681=VECTOR('',#14826,1.);
#4682=VECTOR('',#14829,1.);
#4683=VECTOR('',#14832,1.);
#4684=VECTOR('',#14835,1.);
#4685=VECTOR('',#14836,1.);
#4686=VECTOR('',#14839,1.);
#4687=VECTOR('',#14840,1.);
#4688=VECTOR('',#14841,1.);
#4689=VECTOR('',#14846,1.);
#4690=VECTOR('',#14847,1.);
#4691=VECTOR('',#14850,1.);
#4692=VECTOR('',#14851,1.);
#4693=VECTOR('',#14854,1.);
#4694=VECTOR('',#14857,1.);
#4695=VECTOR('',#14858,1.);
#4696=VECTOR('',#14859,1.);
#4697=VECTOR('',#14864,1.);
#4698=VECTOR('',#14867,1.);
#4699=VECTOR('',#14868,1.);
#4700=VECTOR('',#14871,1.);
#4701=VECTOR('',#14872,1.);
#4702=VECTOR('',#14875,1.);
#4703=VECTOR('',#14876,1.);
#4704=VECTOR('',#14879,1.);
#4705=VECTOR('',#14882,1.);
#4706=VECTOR('',#14883,1.);
#4707=VECTOR('',#14884,1.);
#4708=VECTOR('',#14889,1.);
#4709=VECTOR('',#14890,1.);
#4710=VECTOR('',#14893,1.);
#4711=VECTOR('',#14894,1.);
#4712=VECTOR('',#14897,1.);
#4713=VECTOR('',#14900,1.);
#4714=VECTOR('',#14901,1.);
#4715=VECTOR('',#14902,1.);
#4716=VECTOR('',#14905,1.);
#4717=VECTOR('',#14906,1.);
#4718=VECTOR('',#14909,1.);
#4719=VECTOR('',#14912,1.);
#4720=VECTOR('',#14913,1.);
#4721=VECTOR('',#14916,1.);
#4722=VECTOR('',#14921,1.00000000000036);
#4723=VECTOR('',#14922,1.);
#4724=VECTOR('',#14925,1.);
#4725=VECTOR('',#14926,1.00000000000019);
#4726=VECTOR('',#14927,1.);
#4727=VECTOR('',#14930,1.00000000000036);
#4728=VECTOR('',#14933,1.00000000000019);
#4729=VECTOR('',#14934,1.);
#4730=VECTOR('',#14937,1.);
#4731=VECTOR('',#14942,1.);
#4732=VECTOR('',#14945,1.);
#4733=VECTOR('',#14948,1.);
#4734=VECTOR('',#14951,1.);
#4735=VECTOR('',#14954,1.);
#4736=VECTOR('',#14957,1.);
#4737=VECTOR('',#14960,1.);
#4738=VECTOR('',#14963,1.);
#4739=VECTOR('',#14968,1.);
#4740=VECTOR('',#14971,1.);
#4741=VECTOR('',#14976,1.);
#4742=VECTOR('',#14979,1.);
#4743=VECTOR('',#14988,1.);
#4744=VECTOR('',#14989,1.);
#4745=VECTOR('',#14990,1.);
#4746=VECTOR('',#14991,1.);
#4747=VECTOR('',#14994,1.);
#4748=VECTOR('',#14995,1.);
#4749=VECTOR('',#14996,1.);
#4750=VECTOR('',#14999,1.);
#4751=VECTOR('',#15000,1.);
#4752=VECTOR('',#15001,1.);
#4753=VECTOR('',#15004,1.);
#4754=VECTOR('',#15005,1.);
#4755=VECTOR('',#15006,1.);
#4756=VECTOR('',#15009,1.);
#4757=VECTOR('',#15010,1.);
#4758=VECTOR('',#15011,1.);
#4759=VECTOR('',#15014,1.);
#4760=VECTOR('',#15015,1.);
#4761=VECTOR('',#15016,1.);
#4762=VECTOR('',#15019,1.);
#4763=VECTOR('',#15020,1.);
#4764=VECTOR('',#15021,1.);
#4765=VECTOR('',#15024,1.);
#4766=VECTOR('',#15025,1.);
#4767=VECTOR('',#15026,1.);
#4768=VECTOR('',#15029,1.);
#4769=VECTOR('',#15030,1.);
#4770=VECTOR('',#15031,1.);
#4771=VECTOR('',#15034,1.);
#4772=VECTOR('',#15035,1.);
#4773=VECTOR('',#15036,1.);
#4774=VECTOR('',#15039,1.);
#4775=VECTOR('',#15040,1.);
#4776=VECTOR('',#15041,1.);
#4777=VECTOR('',#15044,1.);
#4778=VECTOR('',#15045,1.);
#4779=VECTOR('',#15052,1.);
#4780=VECTOR('',#15053,1.);
#4781=VECTOR('',#15054,1.);
#4782=VECTOR('',#15055,1.00000000000064);
#4783=VECTOR('',#15056,1.);
#4784=VECTOR('',#15057,1.00000000000064);
#4785=VECTOR('',#15060,1.);
#4786=VECTOR('',#15061,1.);
#4787=VECTOR('',#15062,1.);
#4788=VECTOR('',#15065,1.00000000000064);
#4789=VECTOR('',#15066,1.);
#4790=VECTOR('',#15069,1.);
#4791=VECTOR('',#15070,1.);
#4792=VECTOR('',#15073,1.);
#4793=VECTOR('',#15074,1.);
#4794=VECTOR('',#15077,1.);
#4795=VECTOR('',#15078,1.);
#4796=VECTOR('',#15081,1.00000000000064);
#4797=VECTOR('',#15086,1.);
#4798=VECTOR('',#15087,1.);
#4799=VECTOR('',#15088,1.);
#4800=VECTOR('',#15089,1.00000000000064);
#4801=VECTOR('',#15090,1.);
#4802=VECTOR('',#15091,1.00000000000064);
#4803=VECTOR('',#15094,1.);
#4804=VECTOR('',#15095,1.);
#4805=VECTOR('',#15096,1.);
#4806=VECTOR('',#15099,1.00000000000064);
#4807=VECTOR('',#15100,1.);
#4808=VECTOR('',#15103,1.);
#4809=VECTOR('',#15104,1.);
#4810=VECTOR('',#15107,1.);
#4811=VECTOR('',#15108,1.);
#4812=VECTOR('',#15111,1.);
#4813=VECTOR('',#15112,1.);
#4814=VECTOR('',#15115,1.00000000000064);
#4815=VECTOR('',#15120,1.);
#4816=VECTOR('',#15121,1.);
#4817=VECTOR('',#15122,1.);
#4818=VECTOR('',#15123,1.00000000000064);
#4819=VECTOR('',#15124,1.);
#4820=VECTOR('',#15125,1.00000000000064);
#4821=VECTOR('',#15128,1.);
#4822=VECTOR('',#15129,1.);
#4823=VECTOR('',#15130,1.);
#4824=VECTOR('',#15133,1.00000000000064);
#4825=VECTOR('',#15134,1.);
#4826=VECTOR('',#15137,1.);
#4827=VECTOR('',#15138,1.);
#4828=VECTOR('',#15141,1.);
#4829=VECTOR('',#15142,1.);
#4830=VECTOR('',#15145,1.);
#4831=VECTOR('',#15146,1.);
#4832=VECTOR('',#15149,1.00000000000064);
#4833=VECTOR('',#15154,1.);
#4834=VECTOR('',#15155,1.);
#4835=VECTOR('',#15156,1.);
#4836=VECTOR('',#15157,1.);
#4837=VECTOR('',#15160,1.);
#4838=VECTOR('',#15161,1.);
#4839=VECTOR('',#15162,1.);
#4840=VECTOR('',#15165,1.);
#4841=VECTOR('',#15166,1.);
#4842=VECTOR('',#15167,1.);
#4843=VECTOR('',#15170,1.);
#4844=VECTOR('',#15171,1.);
#4845=VECTOR('',#15172,1.);
#4846=VECTOR('',#15175,1.);
#4847=VECTOR('',#15176,1.);
#4848=VECTOR('',#15177,1.00000000000064);
#4849=VECTOR('',#15178,1.00000000000064);
#4850=VECTOR('',#15179,1.);
#4851=VECTOR('',#15180,1.);
#4852=VECTOR('',#15183,1.);
#4853=VECTOR('',#15184,1.);
#4854=VECTOR('',#15187,1.);
#4855=VECTOR('',#15188,1.);
#4856=VECTOR('',#15189,1.);
#4857=VECTOR('',#15192,1.);
#4858=VECTOR('',#15195,1.);
#4859=VECTOR('',#15196,1.);
#4860=VECTOR('',#15199,1.);
#4861=VECTOR('',#15200,1.);
#4862=VECTOR('',#15201,1.);
#4863=VECTOR('',#15204,1.);
#4864=VECTOR('',#15207,1.);
#4865=VECTOR('',#15208,1.);
#4866=VECTOR('',#15209,1.);
#4867=VECTOR('',#15212,1.);
#4868=VECTOR('',#15213,1.);
#4869=VECTOR('',#15216,1.);
#4870=VECTOR('',#15217,1.);
#4871=VECTOR('',#15220,1.00000000000064);
#4872=VECTOR('',#15221,1.);
#4873=VECTOR('',#15224,1.00000000000064);
#4874=VECTOR('',#15225,1.);
#4875=VECTOR('',#15228,1.);
#4876=VECTOR('',#15229,1.);
#4877=VECTOR('',#15232,1.);
#4878=VECTOR('',#15249,0.5);
#4879=VECTOR('',#15252,1.);
#4880=VECTOR('',#15255,1.);
#4881=VECTOR('',#15258,1.);
#4882=VECTOR('',#15261,1.);
#4883=VECTOR('',#15274,1.);
#4884=VECTOR('',#15275,1.);
#4885=VECTOR('',#15276,1.);
#4886=VECTOR('',#15279,1.);
#4887=VECTOR('',#15286,1.);
#4888=VECTOR('',#15289,1.);
#4889=VECTOR('',#15290,1.);
#4890=VECTOR('',#15293,1.);
#4891=VECTOR('',#15294,1.);
#4892=VECTOR('',#15299,1.);
#4893=VECTOR('',#15304,1.);
#4894=VECTOR('',#15307,1.);
#4895=VECTOR('',#15310,0.5);
#4896=VECTOR('',#15315,1.75);
#4897=VECTOR('',#15320,0.5);
#4898=VECTOR('',#15325,0.5);
#4899=VECTOR('',#15330,1.);
#4900=VECTOR('',#15331,1.);
#4901=VECTOR('',#15332,1.);
#4902=VECTOR('',#15335,1.);
#4903=VECTOR('',#15342,1.);
#4904=VECTOR('',#15345,1.);
#4905=VECTOR('',#15346,1.);
#4906=VECTOR('',#15347,1.);
#4907=VECTOR('',#15348,1.);
#4908=VECTOR('',#15349,1.);
#4909=VECTOR('',#15350,1.);
#4910=VECTOR('',#15351,1.);
#4911=VECTOR('',#15352,1.);
#4912=VECTOR('',#15353,1.);
#4913=VECTOR('',#15354,1.);
#4914=VECTOR('',#15357,1.);
#4915=VECTOR('',#15358,1.);
#4916=VECTOR('',#15359,1.);
#4917=VECTOR('',#15360,1.);
#4918=VECTOR('',#15361,1.);
#4919=VECTOR('',#15362,1.);
#4920=VECTOR('',#15363,1.);
#4921=VECTOR('',#15364,1.);
#4922=VECTOR('',#15365,1.);
#4923=VECTOR('',#15366,1.);
#4924=VECTOR('',#15371,1.);
#4925=VECTOR('',#15376,1.);
#4926=VECTOR('',#15379,1.);
#4927=VECTOR('',#15394,1.);
#4928=VECTOR('',#15395,1.);
#4929=VECTOR('',#15396,1.);
#4930=VECTOR('',#15397,1.);
#4931=VECTOR('',#15400,0.999999999999756);
#4932=VECTOR('',#15403,1.);
#4933=VECTOR('',#15406,1.);
#4934=VECTOR('',#15407,1.);
#4935=VECTOR('',#15410,0.999999999999756);
#4936=VECTOR('',#15413,0.999999999999756);
#4937=VECTOR('',#15416,1.);
#4938=VECTOR('',#15417,1.);
#4939=VECTOR('',#15418,1.);
#4940=VECTOR('',#15421,0.999999999999756);
#4941=VECTOR('',#15426,1.);
#4942=VECTOR('',#15427,1.);
#4943=VECTOR('',#15430,0.999999999999756);
#4944=VECTOR('',#15433,0.999999999999756);
#4945=VECTOR('',#15436,1.);
#4946=VECTOR('',#15437,1.);
#4947=VECTOR('',#15438,1.);
#4948=VECTOR('',#15441,0.999999999999756);
#4949=VECTOR('',#15444,0.999999999999756);
#4950=VECTOR('',#15447,1.);
#4951=VECTOR('',#15450,1.);
#4952=VECTOR('',#15455,0.999999999999756);
#4953=VECTOR('',#15458,0.999999999999756);
#4954=VECTOR('',#15461,1.);
#4955=VECTOR('',#15462,1.);
#4956=VECTOR('',#15463,1.);
#4957=VECTOR('',#15466,0.999999999999756);
#4958=VECTOR('',#15469,0.999999999999756);
#4959=VECTOR('',#15472,1.);
#4960=VECTOR('',#15473,1.);
#4961=VECTOR('',#15476,1.);
#4962=VECTOR('',#15481,0.999999999999756);
#4963=VECTOR('',#15484,1.);
#4964=VECTOR('',#15487,1.);
#4965=VECTOR('',#15488,1.);
#4966=VECTOR('',#15491,0.999999999999756);
#4967=VECTOR('',#15494,0.999999999999756);
#4968=VECTOR('',#15497,1.);
#4969=VECTOR('',#15498,1.);
#4970=VECTOR('',#15499,1.);
#4971=VECTOR('',#15502,0.999999999999756);
#4972=VECTOR('',#15507,1.);
#4973=VECTOR('',#15510,0.999999999999756);
#4974=VECTOR('',#15513,1.);
#4975=VECTOR('',#15516,1.);
#4976=VECTOR('',#15517,1.);
#4977=VECTOR('',#15520,0.999999999999756);
#4978=VECTOR('',#15523,0.999999999999756);
#4979=VECTOR('',#15526,1.);
#4980=VECTOR('',#15527,1.);
#4981=VECTOR('',#15528,1.);
#4982=VECTOR('',#15531,0.999999999999756);
#4983=VECTOR('',#15536,1.);
#4984=VECTOR('',#15537,1.);
#4985=VECTOR('',#15540,0.999999999999756);
#4986=VECTOR('',#15543,0.999999999999756);
#4987=VECTOR('',#15546,1.);
#4988=VECTOR('',#15547,1.);
#4989=VECTOR('',#15548,1.);
#4990=VECTOR('',#15551,0.999999999999756);
#4991=VECTOR('',#15554,0.999999999999756);
#4992=VECTOR('',#15557,1.);
#4993=VECTOR('',#15560,1.);
#4994=VECTOR('',#15565,0.999999999999756);
#4995=VECTOR('',#15568,0.999999999999756);
#4996=VECTOR('',#15571,1.);
#4997=VECTOR('',#15572,1.);
#4998=VECTOR('',#15573,1.);
#4999=VECTOR('',#15576,0.999999999999756);
#5000=VECTOR('',#15579,0.999999999999756);
#5001=VECTOR('',#15582,1.);
#5002=VECTOR('',#15583,1.);
#5003=VECTOR('',#15586,1.);
#5004=VECTOR('',#15591,0.999999999999756);
#5005=VECTOR('',#15594,1.);
#5006=VECTOR('',#15597,1.);
#5007=VECTOR('',#15598,1.);
#5008=VECTOR('',#15601,0.999999999999756);
#5009=VECTOR('',#15604,0.999999999999756);
#5010=VECTOR('',#15607,1.);
#5011=VECTOR('',#15608,1.);
#5012=VECTOR('',#15609,1.);
#5013=VECTOR('',#15612,0.999999999999756);
#5014=VECTOR('',#15617,1.);
#5015=VECTOR('',#15622,1.);
#5016=VECTOR('',#15625,1.);
#5017=VECTOR('',#15628,1.);
#5018=VECTOR('',#15631,1.);
#5019=VECTOR('',#15634,1.);
#5020=VECTOR('',#15635,1.);
#5021=VECTOR('',#15638,1.);
#5022=VECTOR('',#15641,1.);
#5023=VECTOR('',#15644,1.);
#5024=VECTOR('',#15647,1.);
#5025=VECTOR('',#15652,1.);
#5026=VECTOR('',#15655,1.);
#5027=VECTOR('',#15658,1.);
#5028=VECTOR('',#15661,1.);
#5029=VECTOR('',#15664,1.);
#5030=VECTOR('',#15667,1.);
#5031=VECTOR('',#15670,1.);
#5032=VECTOR('',#15673,1.);
#5033=VECTOR('',#15678,1.);
#5034=VECTOR('',#15679,1.);
#5035=VECTOR('',#15682,1.);
#5036=VECTOR('',#15685,1.);
#5037=VECTOR('',#15688,1.);
#5038=VECTOR('',#15691,1.);
#5039=VECTOR('',#15696,1.);
#5040=VECTOR('',#15699,1.);
#5041=VECTOR('',#15702,1.);
#5042=VECTOR('',#15705,1.);
#5043=VECTOR('',#15708,1.);
#5044=VECTOR('',#15711,1.);
#5045=VECTOR('',#15714,1.);
#5046=VECTOR('',#15717,1.);
#5047=VECTOR('',#15722,1.);
#5048=VECTOR('',#15723,1.);
#5049=VECTOR('',#15726,1.);
#5050=VECTOR('',#15729,1.);
#5051=VECTOR('',#15732,1.);
#5052=VECTOR('',#15735,1.);
#5053=VECTOR('',#15740,1.);
#5054=VECTOR('',#15743,1.);
#5055=VECTOR('',#15746,1.);
#5056=VECTOR('',#15749,1.);
#5057=VECTOR('',#15752,1.);
#5058=VECTOR('',#15755,1.);
#5059=VECTOR('',#15758,1.);
#5060=VECTOR('',#15761,1.);
#5061=VECTOR('',#15766,1.);
#5062=VECTOR('',#15767,1.);
#5063=VECTOR('',#15770,1.);
#5064=VECTOR('',#15773,1.);
#5065=VECTOR('',#15776,1.);
#5066=VECTOR('',#15779,1.);
#5067=VECTOR('',#15784,1.);
#5068=VECTOR('',#15787,1.);
#5069=VECTOR('',#15790,1.);
#5070=VECTOR('',#15793,1.);
#5071=VECTOR('',#15796,1.);
#5072=VECTOR('',#15799,1.);
#5073=VECTOR('',#15802,1.);
#5074=VECTOR('',#15805,1.);
#5075=VECTOR('',#15812,1.);
#5076=VECTOR('',#15815,1.);
#5077=VECTOR('',#15820,1.);
#5078=VECTOR('',#15821,1.);
#5079=VECTOR('',#15822,1.);
#5080=VECTOR('',#15825,1.);
#5081=VECTOR('',#15826,1.);
#5082=VECTOR('',#15827,1.);
#5083=VECTOR('',#15832,1.);
#5084=VECTOR('',#15835,1.);
#5085=VECTOR('',#15924,1.);
#5086=VECTOR('',#15927,1.);
#5087=VECTOR('',#16014,1.);
#5088=VECTOR('',#16017,1.);
#5089=VECTOR('',#16020,1.);
#5090=VECTOR('',#16023,1.);
#5091=VECTOR('',#16028,1.05);
#5092=VECTOR('',#16031,0.75);
#5093=VECTOR('',#16034,0.4);
#5094=VECTOR('',#16037,0.4);
#5095=VECTOR('',#16040,0.4);
#5096=VECTOR('',#16043,0.55);
#5097=VECTOR('',#16046,0.55);
#5098=VECTOR('',#16049,0.55);
#5099=VECTOR('',#16052,0.55);
#5100=VECTOR('',#16055,0.75);
#5101=VECTOR('',#16058,1.3);
#5102=VECTOR('',#16061,0.45);
#5103=VECTOR('',#16064,0.45);
#5104=VECTOR('',#16067,1.05);
#5105=VECTOR('',#16070,0.375);
#5106=VECTOR('',#16073,0.375);
#5107=VECTOR('',#16076,0.4);
#5108=VECTOR('',#16079,0.4);
#5109=VECTOR('',#16082,0.4);
#5110=VECTOR('',#16085,0.4);
#5111=VECTOR('',#16088,0.425);
#5112=VECTOR('',#16091,0.95);
#5113=VECTOR('',#16094,0.425);
#5114=VECTOR('',#16097,0.425);
#5115=VECTOR('',#16100,0.95);
#5116=VECTOR('',#16103,0.425);
#5117=VECTOR('',#16106,1.95);
#5118=VECTOR('',#16109,1.05);
#5119=VECTOR('',#16112,0.4);
#5120=VECTOR('',#16115,0.4);
#5121=VECTOR('',#16118,0.4);
#5122=VECTOR('',#16121,0.4);
#5123=VECTOR('',#16124,0.4);
#5124=VECTOR('',#16127,0.4);
#5125=VECTOR('',#16130,0.4);
#5126=VECTOR('',#16133,0.4);
#5127=VECTOR('',#16136,0.4);
#5128=VECTOR('',#16139,0.4);
#5129=VECTOR('',#16142,0.4);
#5130=VECTOR('',#16145,0.4);
#5131=VECTOR('',#16148,1.05);
#5132=VECTOR('',#16157,0.25);
#5133=VECTOR('',#16174,0.25);
#5134=VECTOR('',#16187,0.25);
#5135=VECTOR('',#16196,1.01);
#5136=VECTOR('',#16209,1.);
#5137=VECTOR('',#16216,1.);
#5138=VECTOR('',#16237,1.);
#5139=VECTOR('',#16240,1.);
#5140=VECTOR('',#16243,1.);
#5141=VECTOR('',#16246,1.);
#5142=VECTOR('',#16251,1.);
#5143=VECTOR('',#16252,1.);
#5144=VECTOR('',#16253,1.);
#5145=VECTOR('',#16256,1.);
#5146=VECTOR('',#16263,1.);
#5147=VECTOR('',#16266,1.);
#5148=VECTOR('',#16267,1.);
#5149=VECTOR('',#16270,1.);
#5150=VECTOR('',#16271,1.);
#5151=VECTOR('',#16274,1.);
#5152=VECTOR('',#16281,1.);
#5153=VECTOR('',#16284,1.);
#5154=VECTOR('',#16289,1.);
#5155=VECTOR('',#16292,1.);
#5156=VECTOR('',#16295,1.);
#5157=VECTOR('',#16298,1.);
#5158=VECTOR('',#16301,1.);
#5159=VECTOR('',#16304,1.);
#5160=VECTOR('',#16307,1.);
#5161=VECTOR('',#16308,1.);
#5162=VECTOR('',#16311,1.);
#5163=VECTOR('',#16316,1.);
#5164=VECTOR('',#16317,1.);
#5165=VECTOR('',#16320,1.);
#5166=VECTOR('',#16325,1.);
#5167=VECTOR('',#16326,1.);
#5168=VECTOR('',#16329,1.);
#5169=VECTOR('',#16334,1.);
#5170=VECTOR('',#16337,1.);
#5171=VECTOR('',#16340,1.);
#5172=VECTOR('',#16343,1.);
#5173=VECTOR('',#16346,1.);
#5174=VECTOR('',#16351,1.);
#5175=VECTOR('',#16352,1.);
#5176=VECTOR('',#16353,1.);
#5177=VECTOR('',#16356,1.);
#5178=VECTOR('',#16363,1.);
#5179=VECTOR('',#16366,1.);
#5180=VECTOR('',#16367,1.);
#5181=VECTOR('',#16370,1.);
#5182=VECTOR('',#16371,1.);
#5183=VECTOR('',#16374,1.);
#5184=VECTOR('',#16381,1.);
#5185=VECTOR('',#16384,1.);
#5186=VECTOR('',#16391,1.);
#5187=VECTOR('',#16392,1.);
#5188=VECTOR('',#16393,1.);
#5189=VECTOR('',#16394,1.);
#5190=VECTOR('',#16397,1.);
#5191=VECTOR('',#16400,1.);
#5192=VECTOR('',#16401,1.);
#5193=VECTOR('',#16402,1.);
#5194=VECTOR('',#16405,1.);
#5195=VECTOR('',#16414,1.);
#5196=VECTOR('',#16417,1.);
#5197=VECTOR('',#16422,1.);
#5198=VECTOR('',#16423,1.);
#5199=VECTOR('',#16426,1.);
#5200=VECTOR('',#16427,1.);
#5201=VECTOR('',#16428,1.);
#5202=VECTOR('',#16433,1.);
#5203=VECTOR('',#16436,1.);
#5204=VECTOR('',#16439,1.);
#5205=VECTOR('',#16440,1.);
#5206=VECTOR('',#16441,1.);
#5207=VECTOR('',#16442,1.);
#5208=VECTOR('',#16443,1.);
#5209=VECTOR('',#16446,1.);
#5210=VECTOR('',#16449,1.);
#5211=VECTOR('',#16452,1.);
#5212=VECTOR('',#16453,1.);
#5213=VECTOR('',#16454,1.);
#5214=VECTOR('',#16455,1.);
#5215=VECTOR('',#16456,1.);
#5216=VECTOR('',#16459,1.);
#5217=VECTOR('',#16462,1.);
#5218=VECTOR('',#16465,1.);
#5219=VECTOR('',#16468,1.);
#5220=VECTOR('',#16475,1.);
#5221=VECTOR('',#16476,1.);
#5222=VECTOR('',#16477,1.);
#5223=VECTOR('',#16480,1.);
#5224=VECTOR('',#16481,1.);
#5225=VECTOR('',#16484,1.);
#5226=VECTOR('',#16489,1.);
#5227=VECTOR('',#16492,1.);
#5228=VECTOR('',#16497,1.);
#5229=VECTOR('',#16498,1.);
#5230=VECTOR('',#16501,1.);
#5231=VECTOR('',#16504,1.);
#5232=VECTOR('',#16507,1.);
#5233=VECTOR('',#16510,1.);
#5234=VECTOR('',#16513,1.);
#5235=VECTOR('',#16516,1.);
#5236=VECTOR('',#16519,1.);
#5237=VECTOR('',#16522,1.);
#5238=VERTEX_POINT('',#16568);
#5239=VERTEX_POINT('',#16569);
#5240=VERTEX_POINT('',#16571);
#5241=VERTEX_POINT('',#16573);
#5242=VERTEX_POINT('',#16577);
#5243=VERTEX_POINT('',#16579);
#5244=VERTEX_POINT('',#16583);
#5245=VERTEX_POINT('',#16585);
#5246=VERTEX_POINT('',#16592);
#5247=VERTEX_POINT('',#16595);
#5248=VERTEX_POINT('',#16598);
#5249=VERTEX_POINT('',#16601);
#5250=VERTEX_POINT('',#16604);
#5251=VERTEX_POINT('',#16606);
#5252=VERTEX_POINT('',#16610);
#5253=VERTEX_POINT('',#16613);
#5254=VERTEX_POINT('',#16615);
#5255=VERTEX_POINT('',#16619);
#5256=VERTEX_POINT('',#16622);
#5257=VERTEX_POINT('',#16624);
#5258=VERTEX_POINT('',#16628);
#5259=VERTEX_POINT('',#16631);
#5260=VERTEX_POINT('',#16633);
#5261=VERTEX_POINT('',#16637);
#5262=VERTEX_POINT('',#16640);
#5263=VERTEX_POINT('',#16641);
#5264=VERTEX_POINT('',#16643);
#5265=VERTEX_POINT('',#16645);
#5266=VERTEX_POINT('',#16649);
#5267=VERTEX_POINT('',#16651);
#5268=VERTEX_POINT('',#16655);
#5269=VERTEX_POINT('',#16657);
#5270=VERTEX_POINT('',#16664);
#5271=VERTEX_POINT('',#16665);
#5272=VERTEX_POINT('',#16667);
#5273=VERTEX_POINT('',#16669);
#5274=VERTEX_POINT('',#16673);
#5275=VERTEX_POINT('',#16675);
#5276=VERTEX_POINT('',#16679);
#5277=VERTEX_POINT('',#16681);
#5278=VERTEX_POINT('',#16685);
#5279=VERTEX_POINT('',#16687);
#5280=VERTEX_POINT('',#16691);
#5281=VERTEX_POINT('',#16693);
#5282=VERTEX_POINT('',#16697);
#5283=VERTEX_POINT('',#16699);
#5284=VERTEX_POINT('',#16703);
#5285=VERTEX_POINT('',#16705);
#5286=VERTEX_POINT('',#16712);
#5287=VERTEX_POINT('',#16713);
#5288=VERTEX_POINT('',#16715);
#5289=VERTEX_POINT('',#16717);
#5290=VERTEX_POINT('',#16719);
#5291=VERTEX_POINT('',#16721);
#5292=VERTEX_POINT('',#16723);
#5293=VERTEX_POINT('',#16725);
#5294=VERTEX_POINT('',#16737);
#5295=VERTEX_POINT('',#16739);
#5296=VERTEX_POINT('',#16743);
#5297=VERTEX_POINT('',#16747);
#5298=VERTEX_POINT('',#16751);
#5299=VERTEX_POINT('',#16755);
#5300=VERTEX_POINT('',#16759);
#5301=VERTEX_POINT('',#16763);
#5302=VERTEX_POINT('',#16772);
#5303=VERTEX_POINT('',#16773);
#5304=VERTEX_POINT('',#16775);
#5305=VERTEX_POINT('',#16777);
#5306=VERTEX_POINT('',#16781);
#5307=VERTEX_POINT('',#16783);
#5308=VERTEX_POINT('',#16787);
#5309=VERTEX_POINT('',#16789);
#5310=VERTEX_POINT('',#16796);
#5311=VERTEX_POINT('',#16798);
#5312=VERTEX_POINT('',#16802);
#5313=VERTEX_POINT('',#16805);
#5314=VERTEX_POINT('',#16809);
#5315=VERTEX_POINT('',#16811);
#5316=VERTEX_POINT('',#16815);
#5317=VERTEX_POINT('',#16818);
#5318=VERTEX_POINT('',#16822);
#5319=VERTEX_POINT('',#16824);
#5320=VERTEX_POINT('',#16828);
#5321=VERTEX_POINT('',#16830);
#5322=VERTEX_POINT('',#16834);
#5323=VERTEX_POINT('',#16836);
#5324=VERTEX_POINT('',#16840);
#5325=VERTEX_POINT('',#16842);
#5326=VERTEX_POINT('',#16846);
#5327=VERTEX_POINT('',#16847);
#5328=VERTEX_POINT('',#16849);
#5329=VERTEX_POINT('',#16851);
#5330=VERTEX_POINT('',#16855);
#5331=VERTEX_POINT('',#16857);
#5332=VERTEX_POINT('',#16861);
#5333=VERTEX_POINT('',#16863);
#5334=VERTEX_POINT('',#16867);
#5335=VERTEX_POINT('',#16869);
#5336=VERTEX_POINT('',#16873);
#5337=VERTEX_POINT('',#16875);
#5338=VERTEX_POINT('',#16879);
#5339=VERTEX_POINT('',#16881);
#5340=VERTEX_POINT('',#16885);
#5341=VERTEX_POINT('',#16887);
#5342=VERTEX_POINT('',#16898);
#5343=VERTEX_POINT('',#16899);
#5344=VERTEX_POINT('',#16901);
#5345=VERTEX_POINT('',#16903);
#5346=VERTEX_POINT('',#16907);
#5347=VERTEX_POINT('',#16909);
#5348=VERTEX_POINT('',#16911);
#5349=VERTEX_POINT('',#16913);
#5350=VERTEX_POINT('',#16915);
#5351=VERTEX_POINT('',#16917);
#5352=VERTEX_POINT('',#16919);
#5353=VERTEX_POINT('',#16921);
#5354=VERTEX_POINT('',#16925);
#5355=VERTEX_POINT('',#16926);
#5356=VERTEX_POINT('',#16928);
#5357=VERTEX_POINT('',#16931);
#5358=VERTEX_POINT('',#16933);
#5359=VERTEX_POINT('',#16935);
#5360=VERTEX_POINT('',#16937);
#5361=VERTEX_POINT('',#16939);
#5362=VERTEX_POINT('',#16941);
#5363=VERTEX_POINT('',#16945);
#5364=VERTEX_POINT('',#16947);
#5365=VERTEX_POINT('',#16949);
#5366=VERTEX_POINT('',#16951);
#5367=VERTEX_POINT('',#16953);
#5368=VERTEX_POINT('',#16959);
#5369=VERTEX_POINT('',#16963);
#5370=VERTEX_POINT('',#16967);
#5371=VERTEX_POINT('',#16971);
#5372=VERTEX_POINT('',#16972);
#5373=VERTEX_POINT('',#16974);
#5374=VERTEX_POINT('',#16976);
#5375=VERTEX_POINT('',#16979);
#5376=VERTEX_POINT('',#16983);
#5377=VERTEX_POINT('',#16985);
#5378=VERTEX_POINT('',#16987);
#5379=VERTEX_POINT('',#16989);
#5380=VERTEX_POINT('',#16991);
#5381=VERTEX_POINT('',#16993);
#5382=VERTEX_POINT('',#16995);
#5383=VERTEX_POINT('',#16997);
#5384=VERTEX_POINT('',#16999);
#5385=VERTEX_POINT('',#17001);
#5386=VERTEX_POINT('',#17003);
#5387=VERTEX_POINT('',#17005);
#5388=VERTEX_POINT('',#17007);
#5389=VERTEX_POINT('',#17009);
#5390=VERTEX_POINT('',#17011);
#5391=VERTEX_POINT('',#17016);
#5392=VERTEX_POINT('',#17021);
#5393=VERTEX_POINT('',#17022);
#5394=VERTEX_POINT('',#17024);
#5395=VERTEX_POINT('',#17026);
#5396=VERTEX_POINT('',#17028);
#5397=VERTEX_POINT('',#17030);
#5398=VERTEX_POINT('',#17032);
#5399=VERTEX_POINT('',#17034);
#5400=VERTEX_POINT('',#17041);
#5401=VERTEX_POINT('',#17043);
#5402=VERTEX_POINT('',#17045);
#5403=VERTEX_POINT('',#17047);
#5404=VERTEX_POINT('',#17049);
#5405=VERTEX_POINT('',#17053);
#5406=VERTEX_POINT('',#17054);
#5407=VERTEX_POINT('',#17056);
#5408=VERTEX_POINT('',#17058);
#5409=VERTEX_POINT('',#17061);
#5410=VERTEX_POINT('',#17065);
#5411=VERTEX_POINT('',#17069);
#5412=VERTEX_POINT('',#17070);
#5413=VERTEX_POINT('',#17072);
#5414=VERTEX_POINT('',#17074);
#5415=VERTEX_POINT('',#17077);
#5416=VERTEX_POINT('',#17079);
#5417=VERTEX_POINT('',#17081);
#5418=VERTEX_POINT('',#17085);
#5419=VERTEX_POINT('',#17089);
#5420=VERTEX_POINT('',#17091);
#5421=VERTEX_POINT('',#17095);
#5422=VERTEX_POINT('',#17097);
#5423=VERTEX_POINT('',#17099);
#5424=VERTEX_POINT('',#17102);
#5425=VERTEX_POINT('',#17104);
#5426=VERTEX_POINT('',#17106);
#5427=VERTEX_POINT('',#17108);
#5428=VERTEX_POINT('',#17110);
#5429=VERTEX_POINT('',#17112);
#5430=VERTEX_POINT('',#17114);
#5431=VERTEX_POINT('',#17116);
#5432=VERTEX_POINT('',#17122);
#5433=VERTEX_POINT('',#17124);
#5434=VERTEX_POINT('',#17127);
#5435=VERTEX_POINT('',#17128);
#5436=VERTEX_POINT('',#17130);
#5437=VERTEX_POINT('',#17132);
#5438=VERTEX_POINT('',#17135);
#5439=VERTEX_POINT('',#17136);
#5440=VERTEX_POINT('',#17138);
#5441=VERTEX_POINT('',#17140);
#5442=VERTEX_POINT('',#17144);
#5443=VERTEX_POINT('',#17146);
#5444=VERTEX_POINT('',#17148);
#5445=VERTEX_POINT('',#17153);
#5446=VERTEX_POINT('',#17163);
#5447=VERTEX_POINT('',#17167);
#5448=VERTEX_POINT('',#17174);
#5449=VERTEX_POINT('',#17176);
#5450=VERTEX_POINT('',#17180);
#5451=VERTEX_POINT('',#17182);
#5452=VERTEX_POINT('',#17184);
#5453=VERTEX_POINT('',#17191);
#5454=VERTEX_POINT('',#17193);
#5455=VERTEX_POINT('',#17195);
#5456=VERTEX_POINT('',#17197);
#5457=VERTEX_POINT('',#17201);
#5458=VERTEX_POINT('',#17206);
#5459=VERTEX_POINT('',#17208);
#5460=VERTEX_POINT('',#17218);
#5461=VERTEX_POINT('',#17220);
#5462=VERTEX_POINT('',#17222);
#5463=VERTEX_POINT('',#17228);
#5464=VERTEX_POINT('',#17236);
#5465=VERTEX_POINT('',#17240);
#5466=VERTEX_POINT('',#17259);
#5467=VERTEX_POINT('',#17260);
#5468=VERTEX_POINT('',#17265);
#5469=VERTEX_POINT('',#17269);
#5470=VERTEX_POINT('',#17275);
#5471=VERTEX_POINT('',#17276);
#5472=VERTEX_POINT('',#17281);
#5473=VERTEX_POINT('',#17285);
#5474=VERTEX_POINT('',#17291);
#5475=VERTEX_POINT('',#17292);
#5476=VERTEX_POINT('',#17294);
#5477=VERTEX_POINT('',#17296);
#5478=VERTEX_POINT('',#17300);
#5479=VERTEX_POINT('',#17301);
#5480=VERTEX_POINT('',#17303);
#5481=VERTEX_POINT('',#17305);
#5482=VERTEX_POINT('',#17312);
#5483=VERTEX_POINT('',#17314);
#5484=VERTEX_POINT('',#17318);
#5485=VERTEX_POINT('',#17322);
#5486=VERTEX_POINT('',#17328);
#5487=VERTEX_POINT('',#17330);
#5488=VERTEX_POINT('',#17334);
#5489=VERTEX_POINT('',#17338);
#5490=VERTEX_POINT('',#17344);
#5491=VERTEX_POINT('',#17346);
#5492=VERTEX_POINT('',#17348);
#5493=VERTEX_POINT('',#17350);
#5494=VERTEX_POINT('',#17352);
#5495=VERTEX_POINT('',#17354);
#5496=VERTEX_POINT('',#17356);
#5497=VERTEX_POINT('',#17358);
#5498=VERTEX_POINT('',#17360);
#5499=VERTEX_POINT('',#17362);
#5500=VERTEX_POINT('',#17366);
#5501=VERTEX_POINT('',#17370);
#5502=VERTEX_POINT('',#17372);
#5503=VERTEX_POINT('',#17374);
#5504=VERTEX_POINT('',#17376);
#5505=VERTEX_POINT('',#17378);
#5506=VERTEX_POINT('',#17380);
#5507=VERTEX_POINT('',#17382);
#5508=VERTEX_POINT('',#17384);
#5509=VERTEX_POINT('',#17386);
#5510=VERTEX_POINT('',#17392);
#5511=VERTEX_POINT('',#17394);
#5512=VERTEX_POINT('',#17396);
#5513=VERTEX_POINT('',#17398);
#5514=VERTEX_POINT('',#17400);
#5515=VERTEX_POINT('',#17402);
#5516=VERTEX_POINT('',#17404);
#5517=VERTEX_POINT('',#17406);
#5518=VERTEX_POINT('',#17408);
#5519=VERTEX_POINT('',#17410);
#5520=VERTEX_POINT('',#17414);
#5521=VERTEX_POINT('',#17418);
#5522=VERTEX_POINT('',#17420);
#5523=VERTEX_POINT('',#17422);
#5524=VERTEX_POINT('',#17424);
#5525=VERTEX_POINT('',#17426);
#5526=VERTEX_POINT('',#17428);
#5527=VERTEX_POINT('',#17430);
#5528=VERTEX_POINT('',#17432);
#5529=VERTEX_POINT('',#17434);
#5530=VERTEX_POINT('',#17448);
#5531=VERTEX_POINT('',#17450);
#5532=VERTEX_POINT('',#17454);
#5533=VERTEX_POINT('',#17456);
#5534=VERTEX_POINT('',#17458);
#5535=VERTEX_POINT('',#17462);
#5536=VERTEX_POINT('',#17472);
#5537=VERTEX_POINT('',#17474);
#5538=VERTEX_POINT('',#17484);
#5539=VERTEX_POINT('',#17486);
#5540=VERTEX_POINT('',#17490);
#5541=VERTEX_POINT('',#17492);
#5542=VERTEX_POINT('',#17494);
#5543=VERTEX_POINT('',#17498);
#5544=VERTEX_POINT('',#17508);
#5545=VERTEX_POINT('',#17510);
#5546=VERTEX_POINT('',#17525);
#5547=VERTEX_POINT('',#17527);
#5548=VERTEX_POINT('',#17530);
#5549=VERTEX_POINT('',#17534);
#5550=VERTEX_POINT('',#17535);
#5551=VERTEX_POINT('',#17539);
#5552=VERTEX_POINT('',#17540);
#5553=VERTEX_POINT('',#17547);
#5554=VERTEX_POINT('',#17548);
#5555=VERTEX_POINT('',#17550);
#5556=VERTEX_POINT('',#17552);
#5557=VERTEX_POINT('',#17555);
#5558=VERTEX_POINT('',#17556);
#5559=VERTEX_POINT('',#17558);
#5560=VERTEX_POINT('',#17560);
#5561=VERTEX_POINT('',#17564);
#5562=VERTEX_POINT('',#17566);
#5563=VERTEX_POINT('',#17570);
#5564=VERTEX_POINT('',#17574);
#5565=VERTEX_POINT('',#17580);
#5566=VERTEX_POINT('',#17582);
#5567=VERTEX_POINT('',#17586);
#5568=VERTEX_POINT('',#17590);
#5569=VERTEX_POINT('',#17599);
#5570=VERTEX_POINT('',#17600);
#5571=VERTEX_POINT('',#17602);
#5572=VERTEX_POINT('',#17604);
#5573=VERTEX_POINT('',#17606);
#5574=VERTEX_POINT('',#17610);
#5575=VERTEX_POINT('',#17611);
#5576=VERTEX_POINT('',#17616);
#5577=VERTEX_POINT('',#17620);
#5578=VERTEX_POINT('',#17621);
#5579=VERTEX_POINT('',#17626);
#5580=VERTEX_POINT('',#17630);
#5581=VERTEX_POINT('',#17632);
#5582=VERTEX_POINT('',#17636);
#5583=VERTEX_POINT('',#17640);
#5584=VERTEX_POINT('',#17642);
#5585=VERTEX_POINT('',#17644);
#5586=VERTEX_POINT('',#17646);
#5587=VERTEX_POINT('',#17648);
#5588=VERTEX_POINT('',#17650);
#5589=VERTEX_POINT('',#17652);
#5590=VERTEX_POINT('',#17654);
#5591=VERTEX_POINT('',#17656);
#5592=VERTEX_POINT('',#17659);
#5593=VERTEX_POINT('',#17660);
#5594=VERTEX_POINT('',#17662);
#5595=VERTEX_POINT('',#17664);
#5596=VERTEX_POINT('',#17668);
#5597=VERTEX_POINT('',#17673);
#5598=VERTEX_POINT('',#17675);
#5599=VERTEX_POINT('',#17677);
#5600=VERTEX_POINT('',#17679);
#5601=VERTEX_POINT('',#17681);
#5602=VERTEX_POINT('',#17683);
#5603=VERTEX_POINT('',#17685);
#5604=VERTEX_POINT('',#17687);
#5605=VERTEX_POINT('',#17690);
#5606=VERTEX_POINT('',#17691);
#5607=VERTEX_POINT('',#17693);
#5608=VERTEX_POINT('',#17695);
#5609=VERTEX_POINT('',#17699);
#5610=VERTEX_POINT('',#17703);
#5611=VERTEX_POINT('',#17707);
#5612=VERTEX_POINT('',#17709);
#5613=VERTEX_POINT('',#17719);
#5614=VERTEX_POINT('',#17721);
#5615=VERTEX_POINT('',#17725);
#5616=VERTEX_POINT('',#17727);
#5617=VERTEX_POINT('',#17741);
#5618=VERTEX_POINT('',#17743);
#5619=VERTEX_POINT('',#17755);
#5620=VERTEX_POINT('',#17757);
#5621=VERTEX_POINT('',#17761);
#5622=VERTEX_POINT('',#17763);
#5623=VERTEX_POINT('',#17765);
#5624=VERTEX_POINT('',#17767);
#5625=VERTEX_POINT('',#17770);
#5626=VERTEX_POINT('',#17771);
#5627=VERTEX_POINT('',#17773);
#5628=VERTEX_POINT('',#17775);
#5629=VERTEX_POINT('',#17778);
#5630=VERTEX_POINT('',#17779);
#5631=VERTEX_POINT('',#17781);
#5632=VERTEX_POINT('',#17783);
#5633=VERTEX_POINT('',#17787);
#5634=VERTEX_POINT('',#17789);
#5635=VERTEX_POINT('',#17791);
#5636=VERTEX_POINT('',#17793);
#5637=VERTEX_POINT('',#17797);
#5638=VERTEX_POINT('',#17799);
#5639=VERTEX_POINT('',#17803);
#5640=VERTEX_POINT('',#17805);
#5641=VERTEX_POINT('',#17807);
#5642=VERTEX_POINT('',#17809);
#5643=VERTEX_POINT('',#17811);
#5644=VERTEX_POINT('',#17813);
#5645=VERTEX_POINT('',#17817);
#5646=VERTEX_POINT('',#17819);
#5647=VERTEX_POINT('',#17821);
#5648=VERTEX_POINT('',#17823);
#5649=VERTEX_POINT('',#17825);
#5650=VERTEX_POINT('',#17827);
#5651=VERTEX_POINT('',#17831);
#5652=VERTEX_POINT('',#17835);
#5653=VERTEX_POINT('',#17841);
#5654=VERTEX_POINT('',#17843);
#5655=VERTEX_POINT('',#17847);
#5656=VERTEX_POINT('',#17849);
#5657=VERTEX_POINT('',#17853);
#5658=VERTEX_POINT('',#17857);
#5659=VERTEX_POINT('',#17861);
#5660=VERTEX_POINT('',#17863);
#5661=VERTEX_POINT('',#17869);
#5662=VERTEX_POINT('',#17871);
#5663=VERTEX_POINT('',#17875);
#5664=VERTEX_POINT('',#17877);
#5665=VERTEX_POINT('',#17885);
#5666=VERTEX_POINT('',#17889);
#5667=VERTEX_POINT('',#17893);
#5668=VERTEX_POINT('',#17895);
#5669=VERTEX_POINT('',#17899);
#5670=VERTEX_POINT('',#17903);
#5671=VERTEX_POINT('',#17905);
#5672=VERTEX_POINT('',#17909);
#5673=VERTEX_POINT('',#17911);
#5674=VERTEX_POINT('',#17915);
#5675=VERTEX_POINT('',#17916);
#5676=VERTEX_POINT('',#17921);
#5677=VERTEX_POINT('',#17925);
#5678=VERTEX_POINT('',#17931);
#5679=VERTEX_POINT('',#17932);
#5680=VERTEX_POINT('',#17937);
#5681=VERTEX_POINT('',#17941);
#5682=VERTEX_POINT('',#17947);
#5683=VERTEX_POINT('',#17951);
#5684=VERTEX_POINT('',#17953);
#5685=VERTEX_POINT('',#17957);
#5686=VERTEX_POINT('',#17959);
#5687=VERTEX_POINT('',#17963);
#5688=VERTEX_POINT('',#17965);
#5689=VERTEX_POINT('',#17969);
#5690=VERTEX_POINT('',#17973);
#5691=VERTEX_POINT('',#17977);
#5692=VERTEX_POINT('',#17979);
#5693=VERTEX_POINT('',#17981);
#5694=VERTEX_POINT('',#17983);
#5695=VERTEX_POINT('',#17985);
#5696=VERTEX_POINT('',#17987);
#5697=VERTEX_POINT('',#17996);
#5698=VERTEX_POINT('',#17997);
#5699=VERTEX_POINT('',#18000);
#5700=VERTEX_POINT('',#18002);
#5701=VERTEX_POINT('',#18011);
#5702=VERTEX_POINT('',#18015);
#5703=VERTEX_POINT('',#18016);
#5704=VERTEX_POINT('',#18018);
#5705=VERTEX_POINT('',#18020);
#5706=VERTEX_POINT('',#18025);
#5707=VERTEX_POINT('',#18039);
#5708=VERTEX_POINT('',#18046);
#5709=VERTEX_POINT('',#18050);
#5710=VERTEX_POINT('',#18054);
#5711=VERTEX_POINT('',#18056);
#5712=VERTEX_POINT('',#18060);
#5713=VERTEX_POINT('',#18064);
#5714=VERTEX_POINT('',#18068);
#5715=VERTEX_POINT('',#18070);
#5716=VERTEX_POINT('',#18074);
#5717=VERTEX_POINT('',#18078);
#5718=VERTEX_POINT('',#18082);
#5719=VERTEX_POINT('',#18084);
#5720=VERTEX_POINT('',#18088);
#5721=VERTEX_POINT('',#18092);
#5722=VERTEX_POINT('',#18094);
#5723=VERTEX_POINT('',#18100);
#5724=VERTEX_POINT('',#18102);
#5725=VERTEX_POINT('',#18106);
#5726=VERTEX_POINT('',#18108);
#5727=VERTEX_POINT('',#18112);
#5728=VERTEX_POINT('',#18116);
#5729=VERTEX_POINT('',#18118);
#5730=VERTEX_POINT('',#18122);
#5731=VERTEX_POINT('',#18126);
#5732=VERTEX_POINT('',#18127);
#5733=VERTEX_POINT('',#18130);
#5734=VERTEX_POINT('',#18132);
#5735=VERTEX_POINT('',#18136);
#5736=VERTEX_POINT('',#18138);
#5737=VERTEX_POINT('',#18142);
#5738=VERTEX_POINT('',#18146);
#5739=VERTEX_POINT('',#18164);
#5740=VERTEX_POINT('',#18166);
#5741=VERTEX_POINT('',#18168);
#5742=VERTEX_POINT('',#18176);
#5743=VERTEX_POINT('',#18178);
#5744=VERTEX_POINT('',#18180);
#5745=VERTEX_POINT('',#18184);
#5746=VERTEX_POINT('',#18186);
#5747=VERTEX_POINT('',#18188);
#5748=VERTEX_POINT('',#18192);
#5749=VERTEX_POINT('',#18196);
#5750=VERTEX_POINT('',#18202);
#5751=VERTEX_POINT('',#18204);
#5752=VERTEX_POINT('',#18206);
#5753=VERTEX_POINT('',#18210);
#5754=VERTEX_POINT('',#18212);
#5755=VERTEX_POINT('',#18214);
#5756=VERTEX_POINT('',#18218);
#5757=VERTEX_POINT('',#18222);
#5758=VERTEX_POINT('',#18228);
#5759=VERTEX_POINT('',#18230);
#5760=VERTEX_POINT('',#18232);
#5761=VERTEX_POINT('',#18236);
#5762=VERTEX_POINT('',#18238);
#5763=VERTEX_POINT('',#18240);
#5764=VERTEX_POINT('',#18244);
#5765=VERTEX_POINT('',#18248);
#5766=VERTEX_POINT('',#18254);
#5767=VERTEX_POINT('',#18256);
#5768=VERTEX_POINT('',#18258);
#5769=VERTEX_POINT('',#18262);
#5770=VERTEX_POINT('',#18266);
#5771=VERTEX_POINT('',#18276);
#5772=VERTEX_POINT('',#18282);
#5773=VERTEX_POINT('',#18289);
#5774=VERTEX_POINT('',#18293);
#5775=VERTEX_POINT('',#18295);
#5776=VERTEX_POINT('',#18301);
#5777=VERTEX_POINT('',#18337);
#5778=VERTEX_POINT('',#18338);
#5779=VERTEX_POINT('',#18340);
#5780=VERTEX_POINT('',#18342);
#5781=VERTEX_POINT('',#18346);
#5782=VERTEX_POINT('',#18348);
#5783=VERTEX_POINT('',#18352);
#5784=VERTEX_POINT('',#18354);
#5785=VERTEX_POINT('',#18358);
#5786=VERTEX_POINT('',#18360);
#5787=VERTEX_POINT('',#18364);
#5788=VERTEX_POINT('',#18366);
#5789=VERTEX_POINT('',#18370);
#5790=VERTEX_POINT('',#18372);
#5791=VERTEX_POINT('',#18376);
#5792=VERTEX_POINT('',#18378);
#5793=VERTEX_POINT('',#18382);
#5794=VERTEX_POINT('',#18384);
#5795=VERTEX_POINT('',#18388);
#5796=VERTEX_POINT('',#18390);
#5797=VERTEX_POINT('',#18394);
#5798=VERTEX_POINT('',#18396);
#5799=VERTEX_POINT('',#18400);
#5800=VERTEX_POINT('',#18402);
#5801=VERTEX_POINT('',#18411);
#5802=VERTEX_POINT('',#18412);
#5803=VERTEX_POINT('',#18414);
#5804=VERTEX_POINT('',#18416);
#5805=VERTEX_POINT('',#18418);
#5806=VERTEX_POINT('',#18420);
#5807=VERTEX_POINT('',#18424);
#5808=VERTEX_POINT('',#18425);
#5809=VERTEX_POINT('',#18430);
#5810=VERTEX_POINT('',#18434);
#5811=VERTEX_POINT('',#18438);
#5812=VERTEX_POINT('',#18442);
#5813=VERTEX_POINT('',#18449);
#5814=VERTEX_POINT('',#18450);
#5815=VERTEX_POINT('',#18452);
#5816=VERTEX_POINT('',#18454);
#5817=VERTEX_POINT('',#18456);
#5818=VERTEX_POINT('',#18458);
#5819=VERTEX_POINT('',#18462);
#5820=VERTEX_POINT('',#18463);
#5821=VERTEX_POINT('',#18468);
#5822=VERTEX_POINT('',#18472);
#5823=VERTEX_POINT('',#18476);
#5824=VERTEX_POINT('',#18480);
#5825=VERTEX_POINT('',#18487);
#5826=VERTEX_POINT('',#18488);
#5827=VERTEX_POINT('',#18490);
#5828=VERTEX_POINT('',#18492);
#5829=VERTEX_POINT('',#18494);
#5830=VERTEX_POINT('',#18496);
#5831=VERTEX_POINT('',#18500);
#5832=VERTEX_POINT('',#18501);
#5833=VERTEX_POINT('',#18506);
#5834=VERTEX_POINT('',#18510);
#5835=VERTEX_POINT('',#18514);
#5836=VERTEX_POINT('',#18518);
#5837=VERTEX_POINT('',#18525);
#5838=VERTEX_POINT('',#18526);
#5839=VERTEX_POINT('',#18528);
#5840=VERTEX_POINT('',#18530);
#5841=VERTEX_POINT('',#18534);
#5842=VERTEX_POINT('',#18536);
#5843=VERTEX_POINT('',#18540);
#5844=VERTEX_POINT('',#18542);
#5845=VERTEX_POINT('',#18546);
#5846=VERTEX_POINT('',#18548);
#5847=VERTEX_POINT('',#18552);
#5848=VERTEX_POINT('',#18554);
#5849=VERTEX_POINT('',#18556);
#5850=VERTEX_POINT('',#18558);
#5851=VERTEX_POINT('',#18560);
#5852=VERTEX_POINT('',#18564);
#5853=VERTEX_POINT('',#18568);
#5854=VERTEX_POINT('',#18569);
#5855=VERTEX_POINT('',#18576);
#5856=VERTEX_POINT('',#18580);
#5857=VERTEX_POINT('',#18582);
#5858=VERTEX_POINT('',#18592);
#5859=VERTEX_POINT('',#18596);
#5860=VERTEX_POINT('',#18600);
#5861=VERTEX_POINT('',#18604);
#5862=VERTEX_POINT('',#18608);
#5863=VERTEX_POINT('',#18618);
#5864=VERTEX_POINT('',#18621);
#5865=VERTEX_POINT('',#18625);
#5866=VERTEX_POINT('',#18626);
#5867=VERTEX_POINT('',#18628);
#5868=VERTEX_POINT('',#18630);
#5869=VERTEX_POINT('',#18632);
#5870=VERTEX_POINT('',#18634);
#5871=VERTEX_POINT('',#18636);
#5872=VERTEX_POINT('',#18638);
#5873=VERTEX_POINT('',#18641);
#5874=VERTEX_POINT('',#18643);
#5875=VERTEX_POINT('',#18645);
#5876=VERTEX_POINT('',#18647);
#5877=VERTEX_POINT('',#18650);
#5878=VERTEX_POINT('',#18651);
#5879=VERTEX_POINT('',#18656);
#5880=VERTEX_POINT('',#18660);
#5881=VERTEX_POINT('',#18664);
#5882=VERTEX_POINT('',#18668);
#5883=VERTEX_POINT('',#18672);
#5884=VERTEX_POINT('',#18676);
#5885=VERTEX_POINT('',#18682);
#5886=VERTEX_POINT('',#18686);
#5887=VERTEX_POINT('',#18690);
#5888=VERTEX_POINT('',#18694);
#5889=VERTEX_POINT('',#18698);
#5890=VERTEX_POINT('',#18699);
#5891=VERTEX_POINT('',#18704);
#5892=VERTEX_POINT('',#18708);
#5893=VERTEX_POINT('',#18712);
#5894=VERTEX_POINT('',#18713);
#5895=VERTEX_POINT('',#18715);
#5896=VERTEX_POINT('',#18717);
#5897=VERTEX_POINT('',#18719);
#5898=VERTEX_POINT('',#18721);
#5899=VERTEX_POINT('',#18723);
#5900=VERTEX_POINT('',#18725);
#5901=VERTEX_POINT('',#18727);
#5902=VERTEX_POINT('',#18732);
#5903=VERTEX_POINT('',#18734);
#5904=VERTEX_POINT('',#18736);
#5905=VERTEX_POINT('',#18738);
#5906=VERTEX_POINT('',#18740);
#5907=VERTEX_POINT('',#18742);
#5908=VERTEX_POINT('',#18744);
#5909=VERTEX_POINT('',#18746);
#5910=VERTEX_POINT('',#18748);
#5911=VERTEX_POINT('',#18752);
#5912=VERTEX_POINT('',#18756);
#5913=VERTEX_POINT('',#18763);
#5914=VERTEX_POINT('',#18774);
#5915=VERTEX_POINT('',#18775);
#5916=VERTEX_POINT('',#18777);
#5917=VERTEX_POINT('',#18779);
#5918=VERTEX_POINT('',#18781);
#5919=VERTEX_POINT('',#18784);
#5920=VERTEX_POINT('',#18786);
#5921=VERTEX_POINT('',#18788);
#5922=VERTEX_POINT('',#18790);
#5923=VERTEX_POINT('',#18792);
#5924=VERTEX_POINT('',#18794);
#5925=VERTEX_POINT('',#18796);
#5926=VERTEX_POINT('',#18798);
#5927=VERTEX_POINT('',#18800);
#5928=VERTEX_POINT('',#18802);
#5929=VERTEX_POINT('',#18804);
#5930=VERTEX_POINT('',#18808);
#5931=VERTEX_POINT('',#18812);
#5932=VERTEX_POINT('',#18813);
#5933=VERTEX_POINT('',#18815);
#5934=VERTEX_POINT('',#18817);
#5935=VERTEX_POINT('',#18819);
#5936=VERTEX_POINT('',#18821);
#5937=VERTEX_POINT('',#18823);
#5938=VERTEX_POINT('',#18825);
#5939=VERTEX_POINT('',#18827);
#5940=VERTEX_POINT('',#18829);
#5941=VERTEX_POINT('',#18831);
#5942=VERTEX_POINT('',#18833);
#5943=VERTEX_POINT('',#18835);
#5944=VERTEX_POINT('',#18838);
#5945=VERTEX_POINT('',#18840);
#5946=VERTEX_POINT('',#18844);
#5947=VERTEX_POINT('',#18845);
#5948=VERTEX_POINT('',#18847);
#5949=VERTEX_POINT('',#18849);
#5950=VERTEX_POINT('',#18851);
#5951=VERTEX_POINT('',#18853);
#5952=VERTEX_POINT('',#18855);
#5953=VERTEX_POINT('',#18857);
#5954=VERTEX_POINT('',#18859);
#5955=VERTEX_POINT('',#18861);
#5956=VERTEX_POINT('',#18863);
#5957=VERTEX_POINT('',#18865);
#5958=VERTEX_POINT('',#18867);
#5959=VERTEX_POINT('',#18870);
#5960=VERTEX_POINT('',#18872);
#5961=VERTEX_POINT('',#18874);
#5962=VERTEX_POINT('',#18878);
#5963=VERTEX_POINT('',#18879);
#5964=VERTEX_POINT('',#18881);
#5965=VERTEX_POINT('',#18883);
#5966=VERTEX_POINT('',#18885);
#5967=VERTEX_POINT('',#18888);
#5968=VERTEX_POINT('',#18890);
#5969=VERTEX_POINT('',#18892);
#5970=VERTEX_POINT('',#18894);
#5971=VERTEX_POINT('',#18896);
#5972=VERTEX_POINT('',#18898);
#5973=VERTEX_POINT('',#18900);
#5974=VERTEX_POINT('',#18902);
#5975=VERTEX_POINT('',#18904);
#5976=VERTEX_POINT('',#18906);
#5977=VERTEX_POINT('',#18908);
#5978=VERTEX_POINT('',#18914);
#5979=VERTEX_POINT('',#18915);
#5980=VERTEX_POINT('',#18917);
#5981=VERTEX_POINT('',#18919);
#5982=VERTEX_POINT('',#18921);
#5983=VERTEX_POINT('',#18924);
#5984=VERTEX_POINT('',#18926);
#5985=VERTEX_POINT('',#18928);
#5986=VERTEX_POINT('',#18930);
#5987=VERTEX_POINT('',#18932);
#5988=VERTEX_POINT('',#18934);
#5989=VERTEX_POINT('',#18936);
#5990=VERTEX_POINT('',#18938);
#5991=VERTEX_POINT('',#18940);
#5992=VERTEX_POINT('',#18942);
#5993=VERTEX_POINT('',#18944);
#5994=VERTEX_POINT('',#18948);
#5995=VERTEX_POINT('',#18952);
#5996=VERTEX_POINT('',#18953);
#5997=VERTEX_POINT('',#18955);
#5998=VERTEX_POINT('',#18957);
#5999=VERTEX_POINT('',#18959);
#6000=VERTEX_POINT('',#18961);
#6001=VERTEX_POINT('',#18963);
#6002=VERTEX_POINT('',#18965);
#6003=VERTEX_POINT('',#18967);
#6004=VERTEX_POINT('',#18969);
#6005=VERTEX_POINT('',#18971);
#6006=VERTEX_POINT('',#18973);
#6007=VERTEX_POINT('',#18975);
#6008=VERTEX_POINT('',#18978);
#6009=VERTEX_POINT('',#18980);
#6010=VERTEX_POINT('',#18984);
#6011=VERTEX_POINT('',#18985);
#6012=VERTEX_POINT('',#18987);
#6013=VERTEX_POINT('',#18989);
#6014=VERTEX_POINT('',#18991);
#6015=VERTEX_POINT('',#18993);
#6016=VERTEX_POINT('',#18995);
#6017=VERTEX_POINT('',#18997);
#6018=VERTEX_POINT('',#18999);
#6019=VERTEX_POINT('',#19001);
#6020=VERTEX_POINT('',#19003);
#6021=VERTEX_POINT('',#19005);
#6022=VERTEX_POINT('',#19007);
#6023=VERTEX_POINT('',#19010);
#6024=VERTEX_POINT('',#19012);
#6025=VERTEX_POINT('',#19014);
#6026=VERTEX_POINT('',#19018);
#6027=VERTEX_POINT('',#19019);
#6028=VERTEX_POINT('',#19021);
#6029=VERTEX_POINT('',#19023);
#6030=VERTEX_POINT('',#19025);
#6031=VERTEX_POINT('',#19028);
#6032=VERTEX_POINT('',#19030);
#6033=VERTEX_POINT('',#19032);
#6034=VERTEX_POINT('',#19034);
#6035=VERTEX_POINT('',#19036);
#6036=VERTEX_POINT('',#19038);
#6037=VERTEX_POINT('',#19040);
#6038=VERTEX_POINT('',#19042);
#6039=VERTEX_POINT('',#19044);
#6040=VERTEX_POINT('',#19046);
#6041=VERTEX_POINT('',#19048);
#6042=VERTEX_POINT('',#19180);
#6043=VERTEX_POINT('',#19181);
#6044=VERTEX_POINT('',#19183);
#6045=VERTEX_POINT('',#19185);
#6046=VERTEX_POINT('',#19189);
#6047=VERTEX_POINT('',#19190);
#6048=VERTEX_POINT('',#19195);
#6049=VERTEX_POINT('',#19197);
#6050=VERTEX_POINT('',#19201);
#6051=VERTEX_POINT('',#19203);
#6052=VERTEX_POINT('',#19205);
#6053=VERTEX_POINT('',#19207);
#6054=VERTEX_POINT('',#19210);
#6055=VERTEX_POINT('',#19212);
#6056=VERTEX_POINT('',#19214);
#6057=VERTEX_POINT('',#19216);
#6058=VERTEX_POINT('',#19218);
#6059=VERTEX_POINT('',#19220);
#6060=VERTEX_POINT('',#19222);
#6061=VERTEX_POINT('',#19224);
#6062=VERTEX_POINT('',#19226);
#6063=VERTEX_POINT('',#19228);
#6064=VERTEX_POINT('',#19230);
#6065=VERTEX_POINT('',#19232);
#6066=VERTEX_POINT('',#19234);
#6067=VERTEX_POINT('',#19236);
#6068=VERTEX_POINT('',#19238);
#6069=VERTEX_POINT('',#19240);
#6070=VERTEX_POINT('',#19242);
#6071=VERTEX_POINT('',#19244);
#6072=VERTEX_POINT('',#19246);
#6073=VERTEX_POINT('',#19248);
#6074=VERTEX_POINT('',#19250);
#6075=VERTEX_POINT('',#19252);
#6076=VERTEX_POINT('',#19254);
#6077=VERTEX_POINT('',#19256);
#6078=VERTEX_POINT('',#19258);
#6079=VERTEX_POINT('',#19260);
#6080=VERTEX_POINT('',#19262);
#6081=VERTEX_POINT('',#19264);
#6082=VERTEX_POINT('',#19266);
#6083=VERTEX_POINT('',#19268);
#6084=VERTEX_POINT('',#19270);
#6085=VERTEX_POINT('',#19272);
#6086=VERTEX_POINT('',#19274);
#6087=VERTEX_POINT('',#19276);
#6088=VERTEX_POINT('',#19278);
#6089=VERTEX_POINT('',#19280);
#6090=VERTEX_POINT('',#19282);
#6091=VERTEX_POINT('',#19284);
#6092=VERTEX_POINT('',#19286);
#6093=VERTEX_POINT('',#19288);
#6094=VERTEX_POINT('',#19290);
#6095=VERTEX_POINT('',#19293);
#6096=VERTEX_POINT('',#19295);
#6097=VERTEX_POINT('',#19297);
#6098=VERTEX_POINT('',#19299);
#6099=VERTEX_POINT('',#19302);
#6100=VERTEX_POINT('',#19304);
#6101=VERTEX_POINT('',#19306);
#6102=VERTEX_POINT('',#19308);
#6103=VERTEX_POINT('',#19310);
#6104=VERTEX_POINT('',#19312);
#6105=VERTEX_POINT('',#19314);
#6106=VERTEX_POINT('',#19316);
#6107=VERTEX_POINT('',#19318);
#6108=VERTEX_POINT('',#19320);
#6109=VERTEX_POINT('',#19322);
#6110=VERTEX_POINT('',#19324);
#6111=VERTEX_POINT('',#19326);
#6112=VERTEX_POINT('',#19328);
#6113=VERTEX_POINT('',#19330);
#6114=VERTEX_POINT('',#19332);
#6115=VERTEX_POINT('',#19334);
#6116=VERTEX_POINT('',#19336);
#6117=VERTEX_POINT('',#19338);
#6118=VERTEX_POINT('',#19340);
#6119=VERTEX_POINT('',#19342);
#6120=VERTEX_POINT('',#19344);
#6121=VERTEX_POINT('',#19346);
#6122=VERTEX_POINT('',#19348);
#6123=VERTEX_POINT('',#19350);
#6124=VERTEX_POINT('',#19352);
#6125=VERTEX_POINT('',#19354);
#6126=VERTEX_POINT('',#19356);
#6127=VERTEX_POINT('',#19358);
#6128=VERTEX_POINT('',#19360);
#6129=VERTEX_POINT('',#19362);
#6130=VERTEX_POINT('',#19364);
#6131=VERTEX_POINT('',#19366);
#6132=VERTEX_POINT('',#19368);
#6133=VERTEX_POINT('',#19370);
#6134=VERTEX_POINT('',#19372);
#6135=VERTEX_POINT('',#19374);
#6136=VERTEX_POINT('',#19376);
#6137=VERTEX_POINT('',#19378);
#6138=VERTEX_POINT('',#19380);
#6139=VERTEX_POINT('',#19382);
#6140=VERTEX_POINT('',#19477);
#6141=VERTEX_POINT('',#19478);
#6142=VERTEX_POINT('',#19481);
#6143=VERTEX_POINT('',#19485);
#6144=VERTEX_POINT('',#19486);
#6145=VERTEX_POINT('',#19491);
#6146=VERTEX_POINT('',#19492);
#6147=VERTEX_POINT('',#19497);
#6148=VERTEX_POINT('',#19498);
#6149=VERTEX_POINT('',#19503);
#6150=VERTEX_POINT('',#19509);
#6151=VERTEX_POINT('',#19511);
#6152=VERTEX_POINT('',#19515);
#6153=VERTEX_POINT('',#19518);
#6154=VERTEX_POINT('',#19521);
#6155=VERTEX_POINT('',#19525);
#6156=VERTEX_POINT('',#19529);
#6157=VERTEX_POINT('',#19533);
#6158=VERTEX_POINT('',#19540);
#6159=VERTEX_POINT('',#19541);
#6160=VERTEX_POINT('',#19543);
#6161=VERTEX_POINT('',#19545);
#6162=VERTEX_POINT('',#19547);
#6163=VERTEX_POINT('',#19549);
#6164=VERTEX_POINT('',#19551);
#6165=VERTEX_POINT('',#19553);
#6166=VERTEX_POINT('',#19557);
#6167=VERTEX_POINT('',#19558);
#6168=VERTEX_POINT('',#19563);
#6169=VERTEX_POINT('',#19567);
#6170=VERTEX_POINT('',#19571);
#6171=VERTEX_POINT('',#19575);
#6172=VERTEX_POINT('',#19579);
#6173=VERTEX_POINT('',#19583);
#6174=VERTEX_POINT('',#19589);
#6175=VERTEX_POINT('',#19590);
#6176=VERTEX_POINT('',#19592);
#6177=VERTEX_POINT('',#19594);
#6178=VERTEX_POINT('',#19596);
#6179=VERTEX_POINT('',#19598);
#6180=VERTEX_POINT('',#19600);
#6181=VERTEX_POINT('',#19602);
#6182=VERTEX_POINT('',#19606);
#6183=VERTEX_POINT('',#19608);
#6184=VERTEX_POINT('',#19612);
#6185=VERTEX_POINT('',#19616);
#6186=VERTEX_POINT('',#19620);
#6187=VERTEX_POINT('',#19624);
#6188=VERTEX_POINT('',#19628);
#6189=VERTEX_POINT('',#19632);
#6190=VERTEX_POINT('',#19638);
#6191=VERTEX_POINT('',#19639);
#6192=VERTEX_POINT('',#19641);
#6193=VERTEX_POINT('',#19643);
#6194=VERTEX_POINT('',#19645);
#6195=VERTEX_POINT('',#19647);
#6196=VERTEX_POINT('',#19649);
#6197=VERTEX_POINT('',#19651);
#6198=VERTEX_POINT('',#19655);
#6199=VERTEX_POINT('',#19656);
#6200=VERTEX_POINT('',#19661);
#6201=VERTEX_POINT('',#19665);
#6202=VERTEX_POINT('',#19669);
#6203=VERTEX_POINT('',#19673);
#6204=VERTEX_POINT('',#19677);
#6205=VERTEX_POINT('',#19681);
#6206=VERTEX_POINT('',#19689);
#6207=VERTEX_POINT('',#19690);
#6208=VERTEX_POINT('',#19692);
#6209=VERTEX_POINT('',#19694);
#6210=VERTEX_POINT('',#19698);
#6211=VERTEX_POINT('',#19699);
#6212=VERTEX_POINT('',#19701);
#6213=VERTEX_POINT('',#19703);
#6214=VERTEX_POINT('',#19705);
#6215=VERTEX_POINT('',#19707);
#6216=VERTEX_POINT('',#19709);
#6217=VERTEX_POINT('',#19711);
#6218=VERTEX_POINT('',#19716);
#6219=VERTEX_POINT('',#19720);
#6220=VERTEX_POINT('',#19724);
#6221=VERTEX_POINT('',#19726);
#6222=VERTEX_POINT('',#19728);
#6223=VERTEX_POINT('',#19730);
#6224=VERTEX_POINT('',#19732);
#6225=VERTEX_POINT('',#19734);
#6226=VERTEX_POINT('',#19742);
#6227=VERTEX_POINT('',#19744);
#6228=VERTEX_POINT('',#19746);
#6229=VERTEX_POINT('',#19748);
#6230=VERTEX_POINT('',#19756);
#6231=VERTEX_POINT('',#19758);
#6232=VERTEX_POINT('',#19760);
#6233=VERTEX_POINT('',#19762);
#6234=VERTEX_POINT('',#19768);
#6235=VERTEX_POINT('',#19769);
#6236=VERTEX_POINT('',#19771);
#6237=VERTEX_POINT('',#19773);
#6238=VERTEX_POINT('',#19775);
#6239=VERTEX_POINT('',#19777);
#6240=VERTEX_POINT('',#19782);
#6241=VERTEX_POINT('',#19784);
#6242=VERTEX_POINT('',#19788);
#6243=VERTEX_POINT('',#19792);
#6244=VERTEX_POINT('',#19793);
#6245=VERTEX_POINT('',#19796);
#6246=VERTEX_POINT('',#19798);
#6247=VERTEX_POINT('',#19800);
#6248=VERTEX_POINT('',#19802);
#6249=VERTEX_POINT('',#19806);
#6250=EDGE_CURVE('',#5238,#5239,#2718,.T.);
#6251=EDGE_CURVE('',#5240,#5238,#2719,.T.);
#6252=EDGE_CURVE('',#5241,#5240,#2720,.T.);
#6253=EDGE_CURVE('',#5241,#5239,#2721,.T.);
#6254=EDGE_CURVE('',#5239,#5242,#2722,.T.);
#6255=EDGE_CURVE('',#5243,#5241,#2723,.T.);
#6256=EDGE_CURVE('',#5243,#5242,#2724,.T.);
#6257=EDGE_CURVE('',#5242,#5244,#2725,.T.);
#6258=EDGE_CURVE('',#5245,#5243,#2726,.T.);
#6259=EDGE_CURVE('',#5245,#5244,#2727,.T.);
#6260=EDGE_CURVE('',#5244,#5238,#2728,.T.);
#6261=EDGE_CURVE('',#5240,#5245,#2729,.T.);
#6262=EDGE_CURVE('',#5246,#5246,#968,.T.);
#6263=EDGE_CURVE('',#5247,#5247,#969,.T.);
#6264=EDGE_CURVE('',#5248,#5248,#970,.T.);
#6265=EDGE_CURVE('',#5249,#5249,#971,.T.);
#6266=EDGE_CURVE('',#5250,#5250,#972,.T.);
#6267=EDGE_CURVE('',#5250,#5251,#2730,.T.);
#6268=EDGE_CURVE('',#5251,#5251,#973,.T.);
#6269=EDGE_CURVE('',#5252,#5252,#974,.T.);
#6270=EDGE_CURVE('',#5253,#5253,#975,.T.);
#6271=EDGE_CURVE('',#5253,#5254,#2731,.T.);
#6272=EDGE_CURVE('',#5254,#5254,#976,.T.);
#6273=EDGE_CURVE('',#5255,#5255,#977,.T.);
#6274=EDGE_CURVE('',#5256,#5256,#978,.T.);
#6275=EDGE_CURVE('',#5256,#5257,#2732,.T.);
#6276=EDGE_CURVE('',#5257,#5257,#979,.T.);
#6277=EDGE_CURVE('',#5258,#5258,#980,.T.);
#6278=EDGE_CURVE('',#5259,#5259,#981,.T.);
#6279=EDGE_CURVE('',#5259,#5260,#2733,.T.);
#6280=EDGE_CURVE('',#5260,#5260,#982,.T.);
#6281=EDGE_CURVE('',#5261,#5261,#983,.T.);
#6282=EDGE_CURVE('',#5262,#5263,#2734,.T.);
#6283=EDGE_CURVE('',#5264,#5262,#2735,.T.);
#6284=EDGE_CURVE('',#5265,#5264,#2736,.T.);
#6285=EDGE_CURVE('',#5265,#5263,#2737,.T.);
#6286=EDGE_CURVE('',#5263,#5266,#2738,.T.);
#6287=EDGE_CURVE('',#5267,#5265,#2739,.T.);
#6288=EDGE_CURVE('',#5267,#5266,#2740,.T.);
#6289=EDGE_CURVE('',#5266,#5268,#2741,.T.);
#6290=EDGE_CURVE('',#5269,#5267,#2742,.T.);
#6291=EDGE_CURVE('',#5269,#5268,#2743,.T.);
#6292=EDGE_CURVE('',#5268,#5262,#2744,.T.);
#6293=EDGE_CURVE('',#5264,#5269,#2745,.T.);
#6294=EDGE_CURVE('',#5270,#5271,#2746,.T.);
#6295=EDGE_CURVE('',#5270,#5272,#2747,.T.);
#6296=EDGE_CURVE('',#5273,#5272,#2748,.T.);
#6297=EDGE_CURVE('',#5271,#5273,#2749,.T.);
#6298=EDGE_CURVE('',#5271,#5274,#984,.T.);
#6299=EDGE_CURVE('',#5275,#5273,#985,.T.);
#6300=EDGE_CURVE('',#5274,#5275,#2750,.T.);
#6301=EDGE_CURVE('',#5274,#5276,#2751,.T.);
#6302=EDGE_CURVE('',#5277,#5275,#2752,.T.);
#6303=EDGE_CURVE('',#5276,#5277,#2753,.T.);
#6304=EDGE_CURVE('',#5276,#5278,#986,.T.);
#6305=EDGE_CURVE('',#5279,#5277,#987,.T.);
#6306=EDGE_CURVE('',#5278,#5279,#2754,.T.);
#6307=EDGE_CURVE('',#5278,#5280,#2755,.T.);
#6308=EDGE_CURVE('',#5281,#5279,#2756,.T.);
#6309=EDGE_CURVE('',#5280,#5281,#2757,.T.);
#6310=EDGE_CURVE('',#5280,#5282,#988,.T.);
#6311=EDGE_CURVE('',#5283,#5281,#989,.T.);
#6312=EDGE_CURVE('',#5282,#5283,#2758,.T.);
#6313=EDGE_CURVE('',#5282,#5284,#2759,.T.);
#6314=EDGE_CURVE('',#5285,#5283,#2760,.T.);
#6315=EDGE_CURVE('',#5284,#5285,#2761,.T.);
#6316=EDGE_CURVE('',#5284,#5270,#990,.T.);
#6317=EDGE_CURVE('',#5272,#5285,#991,.T.);
#6318=EDGE_CURVE('',#5286,#5287,#992,.T.);
#6319=EDGE_CURVE('',#5287,#5288,#2762,.T.);
#6320=EDGE_CURVE('',#5288,#5289,#993,.T.);
#6321=EDGE_CURVE('',#5289,#5290,#2763,.T.);
#6322=EDGE_CURVE('',#5290,#5291,#994,.T.);
#6323=EDGE_CURVE('',#5291,#5292,#2764,.T.);
#6324=EDGE_CURVE('',#5292,#5293,#995,.T.);
#6325=EDGE_CURVE('',#5293,#5286,#2765,.T.);
#6326=EDGE_CURVE('',#5247,#5261,#2766,.T.);
#6327=EDGE_CURVE('',#5249,#5255,#2767,.T.);
#6328=EDGE_CURVE('',#5248,#5252,#2768,.T.);
#6329=EDGE_CURVE('',#5246,#5258,#2769,.T.);
#6330=EDGE_CURVE('',#5294,#5287,#2770,.T.);
#6331=EDGE_CURVE('',#5295,#5294,#2771,.T.);
#6332=EDGE_CURVE('',#5295,#5288,#2772,.T.);
#6333=EDGE_CURVE('',#5296,#5295,#996,.T.);
#6334=EDGE_CURVE('',#5296,#5289,#2773,.T.);
#6335=EDGE_CURVE('',#5297,#5296,#2774,.T.);
#6336=EDGE_CURVE('',#5297,#5290,#2775,.T.);
#6337=EDGE_CURVE('',#5298,#5297,#997,.T.);
#6338=EDGE_CURVE('',#5298,#5291,#2776,.T.);
#6339=EDGE_CURVE('',#5299,#5298,#2777,.T.);
#6340=EDGE_CURVE('',#5299,#5292,#2778,.T.);
#6341=EDGE_CURVE('',#5300,#5299,#998,.T.);
#6342=EDGE_CURVE('',#5300,#5293,#2779,.T.);
#6343=EDGE_CURVE('',#5301,#5300,#2780,.T.);
#6344=EDGE_CURVE('',#5286,#5301,#2781,.T.);
#6345=EDGE_CURVE('',#5294,#5301,#999,.T.);
#6346=EDGE_CURVE('',#5302,#5303,#1000,.T.);
#6347=EDGE_CURVE('',#5304,#5302,#2782,.T.);
#6348=EDGE_CURVE('',#5305,#5304,#1001,.T.);
#6349=EDGE_CURVE('',#5305,#5303,#2783,.T.);
#6350=EDGE_CURVE('',#5303,#5306,#1002,.T.);
#6351=EDGE_CURVE('',#5307,#5305,#1003,.T.);
#6352=EDGE_CURVE('',#5307,#5306,#2784,.T.);
#6353=EDGE_CURVE('',#5306,#5308,#1004,.T.);
#6354=EDGE_CURVE('',#5309,#5307,#1005,.T.);
#6355=EDGE_CURVE('',#5309,#5308,#2785,.T.);
#6356=EDGE_CURVE('',#5308,#5302,#1006,.T.);
#6357=EDGE_CURVE('',#5304,#5309,#1007,.T.);
#6358=EDGE_CURVE('',#5310,#5310,#1008,.T.);
#6359=EDGE_CURVE('',#5310,#5311,#2786,.T.);
#6360=EDGE_CURVE('',#5311,#5311,#1009,.T.);
#6361=EDGE_CURVE('',#5312,#5312,#1010,.T.);
#6362=EDGE_CURVE('',#5312,#5313,#2787,.T.);
#6363=EDGE_CURVE('',#5313,#5313,#1011,.T.);
#6364=EDGE_CURVE('',#5314,#5314,#1012,.T.);
#6365=EDGE_CURVE('',#5314,#5315,#2788,.T.);
#6366=EDGE_CURVE('',#5315,#5315,#1013,.T.);
#6367=EDGE_CURVE('',#5316,#5316,#1014,.T.);
#6368=EDGE_CURVE('',#5316,#5317,#2789,.T.);
#6369=EDGE_CURVE('',#5317,#5317,#1015,.T.);
#6370=EDGE_CURVE('',#5318,#5318,#1016,.T.);
#6371=EDGE_CURVE('',#5318,#5319,#2790,.T.);
#6372=EDGE_CURVE('',#5319,#5319,#1017,.T.);
#6373=EDGE_CURVE('',#5320,#5320,#1018,.T.);
#6374=EDGE_CURVE('',#5320,#5321,#2791,.T.);
#6375=EDGE_CURVE('',#5321,#5321,#1019,.T.);
#6376=EDGE_CURVE('',#5322,#5322,#1020,.T.);
#6377=EDGE_CURVE('',#5322,#5323,#2792,.T.);
#6378=EDGE_CURVE('',#5323,#5323,#1021,.T.);
#6379=EDGE_CURVE('',#5324,#5324,#1022,.T.);
#6380=EDGE_CURVE('',#5324,#5325,#2793,.T.);
#6381=EDGE_CURVE('',#5325,#5325,#1023,.T.);
#6382=EDGE_CURVE('',#5326,#5327,#2794,.T.);
#6383=EDGE_CURVE('',#5327,#5328,#2795,.T.);
#6384=EDGE_CURVE('',#5329,#5328,#2796,.T.);
#6385=EDGE_CURVE('',#5326,#5329,#2797,.T.);
#6386=EDGE_CURVE('',#5330,#5326,#1024,.T.);
#6387=EDGE_CURVE('',#5331,#5329,#1025,.T.);
#6388=EDGE_CURVE('',#5330,#5331,#2798,.T.);
#6389=EDGE_CURVE('',#5332,#5330,#2799,.T.);
#6390=EDGE_CURVE('',#5333,#5331,#2800,.T.);
#6391=EDGE_CURVE('',#5332,#5333,#2801,.T.);
#6392=EDGE_CURVE('',#5334,#5332,#1026,.T.);
#6393=EDGE_CURVE('',#5335,#5333,#1027,.T.);
#6394=EDGE_CURVE('',#5334,#5335,#2802,.T.);
#6395=EDGE_CURVE('',#5336,#5334,#2803,.T.);
#6396=EDGE_CURVE('',#5337,#5335,#2804,.T.);
#6397=EDGE_CURVE('',#5336,#5337,#2805,.T.);
#6398=EDGE_CURVE('',#5338,#5336,#1028,.T.);
#6399=EDGE_CURVE('',#5339,#5337,#1029,.T.);
#6400=EDGE_CURVE('',#5338,#5339,#2806,.T.);
#6401=EDGE_CURVE('',#5340,#5338,#2807,.T.);
#6402=EDGE_CURVE('',#5341,#5339,#2808,.T.);
#6403=EDGE_CURVE('',#5340,#5341,#2809,.T.);
#6404=EDGE_CURVE('',#5327,#5340,#1030,.T.);
#6405=EDGE_CURVE('',#5328,#5341,#1031,.T.);
#6406=EDGE_CURVE('',#5342,#5343,#2810,.T.);
#6407=EDGE_CURVE('',#5342,#5344,#2811,.T.);
#6408=EDGE_CURVE('',#5344,#5345,#2812,.T.);
#6409=EDGE_CURVE('',#5343,#5345,#2813,.T.);
#6410=EDGE_CURVE('',#5346,#5343,#2814,.T.);
#6411=EDGE_CURVE('',#5347,#5346,#2815,.T.);
#6412=EDGE_CURVE('',#5348,#5347,#2816,.T.);
#6413=EDGE_CURVE('',#5349,#5348,#2817,.T.);
#6414=EDGE_CURVE('',#5349,#5350,#2818,.T.);
#6415=EDGE_CURVE('',#5350,#5351,#2819,.T.);
#6416=EDGE_CURVE('',#5352,#5351,#2820,.T.);
#6417=EDGE_CURVE('',#5352,#5353,#2821,.T.);
#6418=EDGE_CURVE('',#5353,#5342,#1032,.T.);
#6419=EDGE_CURVE('',#5354,#5355,#2822,.T.);
#6420=EDGE_CURVE('',#5356,#5355,#2823,.T.);
#6421=EDGE_CURVE('',#5346,#5356,#2824,.T.);
#6422=EDGE_CURVE('',#5357,#5345,#2825,.T.);
#6423=EDGE_CURVE('',#5358,#5357,#2826,.T.);
#6424=EDGE_CURVE('',#5359,#5358,#2827,.T.);
#6425=EDGE_CURVE('',#5359,#5360,#2828,.T.);
#6426=EDGE_CURVE('',#5360,#5361,#2829,.T.);
#6427=EDGE_CURVE('',#5362,#5361,#2830,.T.);
#6428=EDGE_CURVE('',#5362,#5354,#2831,.T.);
#6429=EDGE_CURVE('',#5344,#5363,#1033,.T.);
#6430=EDGE_CURVE('',#5364,#5363,#2832,.T.);
#6431=EDGE_CURVE('',#5364,#5365,#2833,.T.);
#6432=EDGE_CURVE('',#5365,#5366,#2834,.T.);
#6433=EDGE_CURVE('',#5367,#5366,#2835,.T.);
#6434=EDGE_CURVE('',#5357,#5367,#2836,.T.);
#6435=EDGE_CURVE('',#5353,#5363,#2837,.T.);
#6436=EDGE_CURVE('',#5347,#5368,#2838,.T.);
#6437=EDGE_CURVE('',#5368,#5356,#2839,.T.);
#6438=EDGE_CURVE('',#5348,#5369,#2840,.T.);
#6439=EDGE_CURVE('',#5369,#5368,#2841,.T.);
#6440=EDGE_CURVE('',#5349,#5370,#2842,.T.);
#6441=EDGE_CURVE('',#5370,#5369,#2843,.T.);
#6442=EDGE_CURVE('',#5371,#5372,#2844,.T.);
#6443=EDGE_CURVE('',#5373,#5372,#2845,.T.);
#6444=EDGE_CURVE('',#5374,#5373,#2846,.T.);
#6445=EDGE_CURVE('',#5350,#5374,#2847,.T.);
#6446=EDGE_CURVE('',#5375,#5370,#2848,.T.);
#6447=EDGE_CURVE('',#5371,#5375,#2849,.T.);
#6448=EDGE_CURVE('',#5376,#5374,#2850,.T.);
#6449=EDGE_CURVE('',#5377,#5376,#2851,.T.);
#6450=EDGE_CURVE('',#5378,#5377,#2852,.T.);
#6451=EDGE_CURVE('',#5378,#5379,#2853,.T.);
#6452=EDGE_CURVE('',#5380,#5379,#2854,.T.);
#6453=EDGE_CURVE('',#5380,#5381,#2855,.T.);
#6454=EDGE_CURVE('',#5381,#5382,#2856,.T.);
#6455=EDGE_CURVE('',#5382,#5383,#2857,.T.);
#6456=EDGE_CURVE('',#5383,#5384,#2858,.T.);
#6457=EDGE_CURVE('',#5384,#5385,#2859,.T.);
#6458=EDGE_CURVE('',#5385,#5386,#2860,.T.);
#6459=EDGE_CURVE('',#5387,#5386,#2861,.T.);
#6460=EDGE_CURVE('',#5388,#5387,#2862,.T.);
#6461=EDGE_CURVE('',#5389,#5388,#2863,.T.);
#6462=EDGE_CURVE('',#5390,#5389,#2864,.T.);
#6463=EDGE_CURVE('',#5351,#5390,#2865,.T.);
#6464=EDGE_CURVE('',#5352,#5364,#2866,.T.);
#6465=EDGE_CURVE('',#5390,#5391,#2867,.T.);
#6466=EDGE_CURVE('',#5365,#5391,#2868,.T.);
#6467=EDGE_CURVE('',#5392,#5393,#2869,.T.);
#6468=EDGE_CURVE('',#5394,#5393,#2870,.T.);
#6469=EDGE_CURVE('',#5395,#5394,#2871,.T.);
#6470=EDGE_CURVE('',#5395,#5396,#2872,.T.);
#6471=EDGE_CURVE('',#5396,#5397,#2873,.T.);
#6472=EDGE_CURVE('',#5398,#5397,#2874,.T.);
#6473=EDGE_CURVE('',#5399,#5398,#2875,.T.);
#6474=EDGE_CURVE('',#5399,#5371,#2876,.T.);
#6475=EDGE_CURVE('',#5355,#5375,#2877,.T.);
#6476=EDGE_CURVE('',#5354,#5392,#2878,.T.);
#6477=EDGE_CURVE('',#5400,#5367,#2879,.T.);
#6478=EDGE_CURVE('',#5400,#5401,#2880,.T.);
#6479=EDGE_CURVE('',#5402,#5401,#2881,.T.);
#6480=EDGE_CURVE('',#5403,#5402,#2882,.T.);
#6481=EDGE_CURVE('',#5404,#5403,#2883,.T.);
#6482=EDGE_CURVE('',#5358,#5404,#2884,.T.);
#6483=EDGE_CURVE('',#5405,#5406,#2885,.T.);
#6484=EDGE_CURVE('',#5407,#5406,#2886,.T.);
#6485=EDGE_CURVE('',#5408,#5407,#1034,.T.);
#6486=EDGE_CURVE('',#5359,#5408,#2887,.T.);
#6487=EDGE_CURVE('',#5409,#5404,#2888,.T.);
#6488=EDGE_CURVE('',#5405,#5409,#2889,.T.);
#6489=EDGE_CURVE('',#5408,#5410,#2890,.T.);
#6490=EDGE_CURVE('',#5410,#5360,#2891,.T.);
#6491=EDGE_CURVE('',#5411,#5412,#2892,.T.);
#6492=EDGE_CURVE('',#5412,#5413,#2893,.T.);
#6493=EDGE_CURVE('',#5413,#5414,#2894,.T.);
#6494=EDGE_CURVE('',#5414,#5361,#2895,.T.);
#6495=EDGE_CURVE('',#5410,#5415,#1035,.T.);
#6496=EDGE_CURVE('',#5416,#5415,#2896,.T.);
#6497=EDGE_CURVE('',#5417,#5416,#2897,.T.);
#6498=EDGE_CURVE('',#5411,#5417,#2898,.T.);
#6499=EDGE_CURVE('',#5418,#5414,#2899,.T.);
#6500=EDGE_CURVE('',#5418,#5362,#2900,.T.);
#6501=EDGE_CURVE('',#5392,#5419,#2901,.T.);
#6502=EDGE_CURVE('',#5420,#5418,#2902,.T.);
#6503=EDGE_CURVE('',#5419,#5420,#2903,.T.);
#6504=EDGE_CURVE('',#5391,#5421,#2904,.T.);
#6505=EDGE_CURVE('',#5421,#5422,#2905,.T.);
#6506=EDGE_CURVE('',#5422,#5423,#2906,.T.);
#6507=EDGE_CURVE('',#5423,#5405,#2907,.T.);
#6508=EDGE_CURVE('',#5424,#5409,#2908,.T.);
#6509=EDGE_CURVE('',#5425,#5424,#2909,.T.);
#6510=EDGE_CURVE('',#5426,#5425,#2910,.T.);
#6511=EDGE_CURVE('',#5427,#5426,#2911,.T.);
#6512=EDGE_CURVE('',#5428,#5427,#2912,.T.);
#6513=EDGE_CURVE('',#5428,#5429,#2913,.T.);
#6514=EDGE_CURVE('',#5429,#5430,#2914,.T.);
#6515=EDGE_CURVE('',#5430,#5431,#2915,.T.);
#6516=EDGE_CURVE('',#5366,#5431,#2916,.T.);
#6517=EDGE_CURVE('',#5431,#5428,#2917,.T.);
#6518=EDGE_CURVE('',#5427,#5424,#2918,.T.);
#6519=EDGE_CURVE('',#5432,#5403,#2919,.T.);
#6520=EDGE_CURVE('',#5433,#5432,#2920,.T.);
#6521=EDGE_CURVE('',#5400,#5433,#2921,.T.);
#6522=EDGE_CURVE('',#5434,#5435,#2922,.T.);
#6523=EDGE_CURVE('',#5435,#5436,#2923,.T.);
#6524=EDGE_CURVE('',#5437,#5436,#2924,.T.);
#6525=EDGE_CURVE('',#5437,#5434,#2925,.T.);
#6526=EDGE_CURVE('',#5438,#5439,#2926,.T.);
#6527=EDGE_CURVE('',#5439,#5440,#2927,.T.);
#6528=EDGE_CURVE('',#5441,#5440,#2928,.T.);
#6529=EDGE_CURVE('',#5441,#5438,#2929,.T.);
#6530=EDGE_CURVE('',#5442,#5399,#2930,.T.);
#6531=EDGE_CURVE('',#5443,#5442,#2931,.T.);
#6532=EDGE_CURVE('',#5444,#5443,#2932,.T.);
#6533=EDGE_CURVE('',#5372,#5444,#2933,.T.);
#6534=EDGE_CURVE('',#5431,#5373,#2934,.T.);
#6535=EDGE_CURVE('',#5444,#5445,#2935,.T.);
#6536=EDGE_CURVE('',#5445,#5428,#2936,.T.);
#6537=EDGE_CURVE('',#5376,#5430,#2937,.T.);
#6538=EDGE_CURVE('',#5377,#5429,#2938,.T.);
#6539=EDGE_CURVE('',#5378,#5445,#2939,.T.);
#6540=EDGE_CURVE('',#5443,#5446,#2940,.T.);
#6541=EDGE_CURVE('',#5379,#5446,#2941,.T.);
#6542=EDGE_CURVE('',#5446,#5447,#2942,.T.);
#6543=EDGE_CURVE('',#5447,#5398,#2943,.T.);
#6544=EDGE_CURVE('',#5397,#5380,#2944,.T.);
#6545=EDGE_CURVE('',#5396,#5381,#2945,.T.);
#6546=EDGE_CURVE('',#5448,#5395,#2946,.T.);
#6547=EDGE_CURVE('',#5449,#5448,#2947,.T.);
#6548=EDGE_CURVE('',#5382,#5449,#2948,.T.);
#6549=EDGE_CURVE('',#5449,#5450,#2949,.T.);
#6550=EDGE_CURVE('',#5451,#5450,#2950,.T.);
#6551=EDGE_CURVE('',#5451,#5452,#2951,.T.);
#6552=EDGE_CURVE('',#5383,#5452,#2952,.T.);
#6553=EDGE_CURVE('',#5452,#5427,#2953,.T.);
#6554=EDGE_CURVE('',#5384,#5426,#2954,.T.);
#6555=EDGE_CURVE('',#5453,#5425,#2955,.T.);
#6556=EDGE_CURVE('',#5454,#5453,#2956,.T.);
#6557=EDGE_CURVE('',#5455,#5454,#2957,.T.);
#6558=EDGE_CURVE('',#5456,#5455,#2958,.T.);
#6559=EDGE_CURVE('',#5385,#5456,#2959,.T.);
#6560=EDGE_CURVE('',#5456,#5457,#2960,.T.);
#6561=EDGE_CURVE('',#5386,#5457,#2961,.T.);
#6562=EDGE_CURVE('',#5387,#5423,#2962,.T.);
#6563=EDGE_CURVE('',#5457,#5458,#2963,.T.);
#6564=EDGE_CURVE('',#5458,#5459,#2964,.T.);
#6565=EDGE_CURVE('',#5459,#5417,#2965,.T.);
#6566=EDGE_CURVE('',#5406,#5416,#2966,.T.);
#6567=EDGE_CURVE('',#5388,#5422,#2967,.T.);
#6568=EDGE_CURVE('',#5389,#5421,#2968,.T.);
#6569=EDGE_CURVE('',#5460,#5411,#2969,.T.);
#6570=EDGE_CURVE('',#5460,#5461,#2970,.T.);
#6571=EDGE_CURVE('',#5461,#5462,#2971,.T.);
#6572=EDGE_CURVE('',#5393,#5462,#2972,.T.);
#6573=EDGE_CURVE('',#5419,#5412,#2973,.T.);
#6574=EDGE_CURVE('',#5451,#5462,#2974,.T.);
#6575=EDGE_CURVE('',#5450,#5463,#2975,.T.);
#6576=EDGE_CURVE('',#5463,#5394,#2976,.T.);
#6577=EDGE_CURVE('',#5448,#5463,#2977,.T.);
#6578=EDGE_CURVE('',#5442,#5447,#2978,.T.);
#6579=EDGE_CURVE('',#5433,#5464,#2979,.T.);
#6580=EDGE_CURVE('',#5401,#5464,#2980,.T.);
#6581=EDGE_CURVE('',#5464,#5465,#2981,.T.);
#6582=EDGE_CURVE('',#5465,#5402,#2982,.T.);
#6583=EDGE_CURVE('',#5432,#5465,#2983,.T.);
#6584=EDGE_CURVE('',#5407,#5415,#2984,.T.);
#6585=EDGE_CURVE('',#5420,#5413,#2985,.T.);
#6586=EDGE_CURVE('',#5454,#5459,#2986,.T.);
#6587=EDGE_CURVE('',#5453,#5460,#2987,.T.);
#6588=EDGE_CURVE('',#5424,#5461,#2988,.T.);
#6589=EDGE_CURVE('',#5466,#5467,#2989,.T.);
#6590=EDGE_CURVE('',#5435,#5466,#2990,.T.);
#6591=EDGE_CURVE('',#5467,#5434,#2991,.T.);
#6592=EDGE_CURVE('',#5468,#5437,#2992,.T.);
#6593=EDGE_CURVE('',#5467,#5468,#2993,.T.);
#6594=EDGE_CURVE('',#5469,#5468,#2994,.T.);
#6595=EDGE_CURVE('',#5436,#5469,#2995,.T.);
#6596=EDGE_CURVE('',#5466,#5469,#2996,.T.);
#6597=EDGE_CURVE('',#5470,#5471,#2997,.T.);
#6598=EDGE_CURVE('',#5439,#5470,#2998,.T.);
#6599=EDGE_CURVE('',#5471,#5438,#2999,.T.);
#6600=EDGE_CURVE('',#5472,#5441,#3000,.T.);
#6601=EDGE_CURVE('',#5471,#5472,#3001,.T.);
#6602=EDGE_CURVE('',#5473,#5472,#3002,.T.);
#6603=EDGE_CURVE('',#5440,#5473,#3003,.T.);
#6604=EDGE_CURVE('',#5470,#5473,#3004,.T.);
#6605=EDGE_CURVE('',#5474,#5475,#3005,.T.);
#6606=EDGE_CURVE('',#5476,#5474,#3006,.T.);
#6607=EDGE_CURVE('',#5476,#5477,#3007,.T.);
#6608=EDGE_CURVE('',#5475,#5477,#3008,.T.);
#6609=EDGE_CURVE('',#5478,#5479,#3009,.T.);
#6610=EDGE_CURVE('',#5480,#5478,#3010,.T.);
#6611=EDGE_CURVE('',#5480,#5481,#3011,.T.);
#6612=EDGE_CURVE('',#5479,#5481,#3012,.T.);
#6613=EDGE_CURVE('',#5455,#5458,#3013,.T.);
#6614=EDGE_CURVE('',#5466,#5482,#3014,.T.);
#6615=EDGE_CURVE('',#5483,#5467,#3015,.T.);
#6616=EDGE_CURVE('',#5482,#5483,#3016,.T.);
#6617=EDGE_CURVE('',#5468,#5484,#3017,.T.);
#6618=EDGE_CURVE('',#5483,#5484,#3018,.T.);
#6619=EDGE_CURVE('',#5469,#5485,#3019,.T.);
#6620=EDGE_CURVE('',#5485,#5484,#3020,.T.);
#6621=EDGE_CURVE('',#5482,#5485,#3021,.T.);
#6622=EDGE_CURVE('',#5470,#5486,#3022,.T.);
#6623=EDGE_CURVE('',#5487,#5471,#3023,.T.);
#6624=EDGE_CURVE('',#5486,#5487,#3024,.T.);
#6625=EDGE_CURVE('',#5472,#5488,#3025,.T.);
#6626=EDGE_CURVE('',#5487,#5488,#3026,.T.);
#6627=EDGE_CURVE('',#5473,#5489,#3027,.T.);
#6628=EDGE_CURVE('',#5489,#5488,#3028,.T.);
#6629=EDGE_CURVE('',#5486,#5489,#3029,.T.);
#6630=EDGE_CURVE('',#5490,#5475,#3030,.T.);
#6631=EDGE_CURVE('',#5490,#5491,#1036,.T.);
#6632=EDGE_CURVE('',#5492,#5491,#3031,.T.);
#6633=EDGE_CURVE('',#5493,#5492,#3032,.T.);
#6634=EDGE_CURVE('',#5494,#5493,#3033,.T.);
#6635=EDGE_CURVE('',#5495,#5494,#3034,.T.);
#6636=EDGE_CURVE('',#5496,#5495,#3035,.T.);
#6637=EDGE_CURVE('',#5497,#5496,#3036,.T.);
#6638=EDGE_CURVE('',#5498,#5497,#3037,.T.);
#6639=EDGE_CURVE('',#5499,#5498,#1037,.T.);
#6640=EDGE_CURVE('',#5474,#5499,#3038,.T.);
#6641=EDGE_CURVE('',#5499,#5500,#3039,.T.);
#6642=EDGE_CURVE('',#5476,#5500,#3040,.T.);
#6643=EDGE_CURVE('',#5500,#5501,#1038,.T.);
#6644=EDGE_CURVE('',#5501,#5502,#3041,.T.);
#6645=EDGE_CURVE('',#5502,#5503,#3042,.T.);
#6646=EDGE_CURVE('',#5503,#5504,#3043,.T.);
#6647=EDGE_CURVE('',#5504,#5505,#3044,.T.);
#6648=EDGE_CURVE('',#5505,#5506,#3045,.T.);
#6649=EDGE_CURVE('',#5506,#5507,#3046,.T.);
#6650=EDGE_CURVE('',#5507,#5508,#3047,.T.);
#6651=EDGE_CURVE('',#5509,#5508,#1039,.T.);
#6652=EDGE_CURVE('',#5509,#5477,#3048,.T.);
#6653=EDGE_CURVE('',#5490,#5509,#3049,.T.);
#6654=EDGE_CURVE('',#5510,#5479,#3050,.T.);
#6655=EDGE_CURVE('',#5510,#5511,#1040,.T.);
#6656=EDGE_CURVE('',#5512,#5511,#3051,.T.);
#6657=EDGE_CURVE('',#5513,#5512,#3052,.T.);
#6658=EDGE_CURVE('',#5514,#5513,#3053,.T.);
#6659=EDGE_CURVE('',#5515,#5514,#3054,.T.);
#6660=EDGE_CURVE('',#5516,#5515,#3055,.T.);
#6661=EDGE_CURVE('',#5517,#5516,#3056,.T.);
#6662=EDGE_CURVE('',#5518,#5517,#3057,.T.);
#6663=EDGE_CURVE('',#5519,#5518,#1041,.T.);
#6664=EDGE_CURVE('',#5478,#5519,#3058,.T.);
#6665=EDGE_CURVE('',#5519,#5520,#3059,.T.);
#6666=EDGE_CURVE('',#5480,#5520,#3060,.T.);
#6667=EDGE_CURVE('',#5520,#5521,#1042,.T.);
#6668=EDGE_CURVE('',#5521,#5522,#3061,.T.);
#6669=EDGE_CURVE('',#5522,#5523,#3062,.T.);
#6670=EDGE_CURVE('',#5523,#5524,#3063,.T.);
#6671=EDGE_CURVE('',#5524,#5525,#3064,.T.);
#6672=EDGE_CURVE('',#5525,#5526,#3065,.T.);
#6673=EDGE_CURVE('',#5526,#5527,#3066,.T.);
#6674=EDGE_CURVE('',#5527,#5528,#3067,.T.);
#6675=EDGE_CURVE('',#5529,#5528,#1043,.T.);
#6676=EDGE_CURVE('',#5529,#5481,#3068,.T.);
#6677=EDGE_CURVE('',#5510,#5529,#3069,.T.);
#6678=EDGE_CURVE('',#5491,#5508,#3070,.T.);
#6679=EDGE_CURVE('',#5492,#5507,#3071,.T.);
#6680=EDGE_CURVE('',#5493,#5506,#3072,.T.);
#6681=EDGE_CURVE('',#5530,#5505,#3073,.T.);
#6682=EDGE_CURVE('',#5531,#5530,#3074,.T.);
#6683=EDGE_CURVE('',#5531,#5494,#3075,.T.);
#6684=EDGE_CURVE('',#5532,#5531,#3076,.T.);
#6685=EDGE_CURVE('',#5533,#5532,#3077,.T.);
#6686=EDGE_CURVE('',#5533,#5534,#3078,.T.);
#6687=EDGE_CURVE('',#5534,#5495,#3079,.T.);
#6688=EDGE_CURVE('',#5534,#5535,#3080,.T.);
#6689=EDGE_CURVE('',#5535,#5504,#3081,.T.);
#6690=EDGE_CURVE('',#5496,#5503,#3082,.T.);
#6691=EDGE_CURVE('',#5497,#5502,#3083,.T.);
#6692=EDGE_CURVE('',#5498,#5501,#3084,.T.);
#6693=EDGE_CURVE('',#5536,#5530,#3085,.T.);
#6694=EDGE_CURVE('',#5537,#5535,#3086,.T.);
#6695=EDGE_CURVE('',#5537,#5536,#3087,.T.);
#6696=EDGE_CURVE('',#5511,#5528,#3088,.T.);
#6697=EDGE_CURVE('',#5512,#5527,#3089,.T.);
#6698=EDGE_CURVE('',#5513,#5526,#3090,.T.);
#6699=EDGE_CURVE('',#5538,#5525,#3091,.T.);
#6700=EDGE_CURVE('',#5539,#5538,#3092,.T.);
#6701=EDGE_CURVE('',#5539,#5514,#3093,.T.);
#6702=EDGE_CURVE('',#5540,#5539,#3094,.T.);
#6703=EDGE_CURVE('',#5541,#5540,#3095,.T.);
#6704=EDGE_CURVE('',#5541,#5542,#3096,.T.);
#6705=EDGE_CURVE('',#5542,#5515,#3097,.T.);
#6706=EDGE_CURVE('',#5542,#5543,#3098,.T.);
#6707=EDGE_CURVE('',#5543,#5524,#3099,.T.);
#6708=EDGE_CURVE('',#5516,#5523,#3100,.T.);
#6709=EDGE_CURVE('',#5517,#5522,#3101,.T.);
#6710=EDGE_CURVE('',#5518,#5521,#3102,.T.);
#6711=EDGE_CURVE('',#5544,#5538,#3103,.T.);
#6712=EDGE_CURVE('',#5545,#5543,#3104,.T.);
#6713=EDGE_CURVE('',#5545,#5544,#3105,.T.);
#6714=EDGE_CURVE('',#5532,#5536,#3106,.T.);
#6715=EDGE_CURVE('',#5533,#5537,#3107,.T.);
#6716=EDGE_CURVE('',#5540,#5544,#3108,.T.);
#6717=EDGE_CURVE('',#5541,#5545,#3109,.T.);
#6718=EDGE_CURVE('',#5546,#5546,#1044,.T.);
#6719=EDGE_CURVE('',#5547,#5546,#1045,.T.);
#6720=EDGE_CURVE('',#5548,#5548,#1046,.T.);
#6721=EDGE_CURVE('',#5548,#5546,#3110,.T.);
#6722=EDGE_CURVE('',#5549,#5550,#1047,.T.);
#6723=EDGE_CURVE('',#5549,#5550,#3111,.T.);
#6724=EDGE_CURVE('',#5551,#5552,#1048,.T.);
#6725=EDGE_CURVE('',#5552,#5550,#3112,.T.);
#6726=EDGE_CURVE('',#5551,#5549,#3113,.T.);
#6727=EDGE_CURVE('',#5551,#5552,#3114,.T.);
#6728=EDGE_CURVE('',#5553,#5554,#3115,.T.);
#6729=EDGE_CURVE('',#5554,#5555,#3116,.T.);
#6730=EDGE_CURVE('',#5555,#5556,#3117,.T.);
#6731=EDGE_CURVE('',#5556,#5553,#3118,.T.);
#6732=EDGE_CURVE('',#5557,#5558,#3119,.T.);
#6733=EDGE_CURVE('',#5558,#5559,#3120,.T.);
#6734=EDGE_CURVE('',#5559,#5560,#3121,.T.);
#6735=EDGE_CURVE('',#5560,#5557,#3122,.T.);
#6736=EDGE_CURVE('',#5553,#5561,#3123,.T.);
#6737=EDGE_CURVE('',#5562,#5561,#3124,.T.);
#6738=EDGE_CURVE('',#5554,#5562,#3125,.T.);
#6739=EDGE_CURVE('',#5556,#5563,#3126,.T.);
#6740=EDGE_CURVE('',#5561,#5563,#3127,.T.);
#6741=EDGE_CURVE('',#5555,#5564,#3128,.T.);
#6742=EDGE_CURVE('',#5563,#5564,#3129,.T.);
#6743=EDGE_CURVE('',#5564,#5562,#3130,.T.);
#6744=EDGE_CURVE('',#5557,#5565,#3131,.T.);
#6745=EDGE_CURVE('',#5566,#5565,#3132,.T.);
#6746=EDGE_CURVE('',#5558,#5566,#3133,.T.);
#6747=EDGE_CURVE('',#5560,#5567,#3134,.T.);
#6748=EDGE_CURVE('',#5565,#5567,#3135,.T.);
#6749=EDGE_CURVE('',#5559,#5568,#3136,.T.);
#6750=EDGE_CURVE('',#5567,#5568,#3137,.T.);
#6751=EDGE_CURVE('',#5568,#5566,#3138,.T.);
#6752=EDGE_CURVE('',#5569,#5570,#3139,.T.);
#6753=EDGE_CURVE('',#5571,#5569,#3140,.T.);
#6754=EDGE_CURVE('',#5571,#5572,#3141,.T.);
#6755=EDGE_CURVE('',#5572,#5573,#3142,.T.);
#6756=EDGE_CURVE('',#5570,#5573,#1049,.T.);
#6757=EDGE_CURVE('',#5574,#5575,#3143,.T.);
#6758=EDGE_CURVE('',#5574,#5569,#3144,.T.);
#6759=EDGE_CURVE('',#5575,#5570,#3145,.T.);
#6760=EDGE_CURVE('',#5576,#5573,#3146,.T.);
#6761=EDGE_CURVE('',#5575,#5576,#1050,.T.);
#6762=EDGE_CURVE('',#5577,#5578,#3147,.T.);
#6763=EDGE_CURVE('',#5577,#5571,#3148,.T.);
#6764=EDGE_CURVE('',#5578,#5569,#3149,.T.);
#6765=EDGE_CURVE('',#5579,#5576,#3150,.T.);
#6766=EDGE_CURVE('',#5579,#5572,#3151,.T.);
#6767=EDGE_CURVE('',#5571,#5580,#3152,.T.);
#6768=EDGE_CURVE('',#5580,#5581,#3153,.T.);
#6769=EDGE_CURVE('',#5572,#5581,#3154,.T.);
#6770=EDGE_CURVE('',#5582,#5579,#3155,.T.);
#6771=EDGE_CURVE('',#5582,#5574,#3156,.T.);
#6772=EDGE_CURVE('',#5574,#5583,#3157,.T.);
#6773=EDGE_CURVE('',#5583,#5584,#3158,.T.);
#6774=EDGE_CURVE('',#5584,#5585,#3159,.T.);
#6775=EDGE_CURVE('',#5585,#5586,#3160,.T.);
#6776=EDGE_CURVE('',#5586,#5587,#3161,.T.);
#6777=EDGE_CURVE('',#5587,#5588,#3162,.T.);
#6778=EDGE_CURVE('',#5588,#5589,#3163,.T.);
#6779=EDGE_CURVE('',#5589,#5590,#3164,.T.);
#6780=EDGE_CURVE('',#5590,#5591,#3165,.T.);
#6781=EDGE_CURVE('',#5578,#5591,#3166,.T.);
#6782=EDGE_CURVE('',#5592,#5593,#3167,.T.);
#6783=EDGE_CURVE('',#5593,#5594,#3168,.T.);
#6784=EDGE_CURVE('',#5594,#5595,#3169,.T.);
#6785=EDGE_CURVE('',#5595,#5592,#3170,.T.);
#6786=EDGE_CURVE('',#5596,#5591,#3171,.T.);
#6787=EDGE_CURVE('',#5577,#5596,#3172,.T.);
#6788=EDGE_CURVE('',#5582,#5571,#3173,.T.);
#6789=EDGE_CURVE('',#5597,#5596,#3174,.T.);
#6790=EDGE_CURVE('',#5598,#5597,#3175,.T.);
#6791=EDGE_CURVE('',#5599,#5598,#3176,.T.);
#6792=EDGE_CURVE('',#5600,#5599,#3177,.T.);
#6793=EDGE_CURVE('',#5601,#5600,#3178,.T.);
#6794=EDGE_CURVE('',#5602,#5601,#3179,.T.);
#6795=EDGE_CURVE('',#5603,#5602,#3180,.T.);
#6796=EDGE_CURVE('',#5604,#5603,#3181,.T.);
#6797=EDGE_CURVE('',#5582,#5604,#3182,.T.);
#6798=EDGE_CURVE('',#5605,#5606,#3183,.T.);
#6799=EDGE_CURVE('',#5607,#5605,#3184,.T.);
#6800=EDGE_CURVE('',#5608,#5607,#3185,.T.);
#6801=EDGE_CURVE('',#5606,#5608,#3186,.T.);
#6802=EDGE_CURVE('',#5579,#5609,#3187,.T.);
#6803=EDGE_CURVE('',#5609,#5581,#3188,.T.);
#6804=EDGE_CURVE('',#5582,#5610,#3189,.T.);
#6805=EDGE_CURVE('',#5610,#5580,#3190,.T.);
#6806=EDGE_CURVE('',#5580,#5611,#3191,.T.);
#6807=EDGE_CURVE('',#5611,#5612,#3192,.T.);
#6808=EDGE_CURVE('',#5581,#5612,#3193,.T.);
#6809=EDGE_CURVE('',#5604,#5583,#3194,.T.);
#6810=EDGE_CURVE('',#5610,#5609,#3195,.T.);
#6811=EDGE_CURVE('',#5603,#5584,#3196,.T.);
#6812=EDGE_CURVE('',#5584,#5613,#3197,.T.);
#6813=EDGE_CURVE('',#5613,#5614,#3198,.T.);
#6814=EDGE_CURVE('',#5585,#5614,#3199,.T.);
#6815=EDGE_CURVE('',#5590,#5615,#3200,.T.);
#6816=EDGE_CURVE('',#5615,#5616,#3201,.T.);
#6817=EDGE_CURVE('',#5591,#5616,#3202,.T.);
#6818=EDGE_CURVE('',#5602,#5585,#3203,.T.);
#6819=EDGE_CURVE('',#5601,#5586,#3204,.T.);
#6820=EDGE_CURVE('',#5598,#5589,#3205,.T.);
#6821=EDGE_CURVE('',#5597,#5590,#3206,.T.);
#6822=EDGE_CURVE('',#5600,#5587,#3207,.T.);
#6823=EDGE_CURVE('',#5599,#5588,#3208,.T.);
#6824=EDGE_CURVE('',#5587,#5617,#3209,.T.);
#6825=EDGE_CURVE('',#5617,#5618,#3210,.T.);
#6826=EDGE_CURVE('',#5588,#5618,#3211,.T.);
#6827=EDGE_CURVE('',#5592,#5605,#3212,.T.);
#6828=EDGE_CURVE('',#5593,#5606,#3213,.T.);
#6829=EDGE_CURVE('',#5595,#5607,#3214,.T.);
#6830=EDGE_CURVE('',#5594,#5608,#3215,.T.);
#6831=EDGE_CURVE('',#5616,#5619,#1051,.T.);
#6832=EDGE_CURVE('',#5620,#5619,#3216,.T.);
#6833=EDGE_CURVE('',#5596,#5620,#3217,.T.);
#6834=EDGE_CURVE('',#5603,#5621,#3218,.T.);
#6835=EDGE_CURVE('',#5602,#5622,#3219,.T.);
#6836=EDGE_CURVE('',#5623,#5622,#3220,.T.);
#6837=EDGE_CURVE('',#5624,#5623,#3221,.T.);
#6838=EDGE_CURVE('',#5621,#5624,#3222,.T.);
#6839=EDGE_CURVE('',#5625,#5626,#3223,.T.);
#6840=EDGE_CURVE('',#5626,#5627,#3224,.T.);
#6841=EDGE_CURVE('',#5627,#5628,#3225,.T.);
#6842=EDGE_CURVE('',#5628,#5625,#3226,.T.);
#6843=EDGE_CURVE('',#5629,#5630,#3227,.T.);
#6844=EDGE_CURVE('',#5631,#5629,#3228,.T.);
#6845=EDGE_CURVE('',#5632,#5631,#3229,.T.);
#6846=EDGE_CURVE('',#5630,#5632,#3230,.T.);
#6847=EDGE_CURVE('',#5597,#5633,#3231,.T.);
#6848=EDGE_CURVE('',#5596,#5634,#3232,.T.);
#6849=EDGE_CURVE('',#5635,#5634,#3233,.T.);
#6850=EDGE_CURVE('',#5636,#5635,#3234,.T.);
#6851=EDGE_CURVE('',#5633,#5636,#3235,.T.);
#6852=EDGE_CURVE('',#5600,#5637,#3236,.T.);
#6853=EDGE_CURVE('',#5599,#5638,#3237,.T.);
#6854=EDGE_CURVE('',#5637,#5638,#3238,.T.);
#6855=EDGE_CURVE('',#5581,#5639,#3239,.T.);
#6856=EDGE_CURVE('',#5640,#5639,#3240,.T.);
#6857=EDGE_CURVE('',#5641,#5640,#1052,.T.);
#6858=EDGE_CURVE('',#5642,#5641,#3241,.T.);
#6859=EDGE_CURVE('',#5643,#5642,#1053,.T.);
#6860=EDGE_CURVE('',#5644,#5643,#3242,.T.);
#6861=EDGE_CURVE('',#5609,#5644,#3243,.T.);
#6862=EDGE_CURVE('',#5610,#5645,#3244,.T.);
#6863=EDGE_CURVE('',#5645,#5646,#3245,.T.);
#6864=EDGE_CURVE('',#5646,#5647,#1054,.T.);
#6865=EDGE_CURVE('',#5647,#5648,#3246,.T.);
#6866=EDGE_CURVE('',#5648,#5649,#1055,.T.);
#6867=EDGE_CURVE('',#5649,#5650,#3247,.T.);
#6868=EDGE_CURVE('',#5580,#5650,#3248,.T.);
#6869=EDGE_CURVE('',#5650,#5651,#3249,.T.);
#6870=EDGE_CURVE('',#5611,#5651,#3250,.T.);
#6871=EDGE_CURVE('',#5612,#5652,#3251,.T.);
#6872=EDGE_CURVE('',#5639,#5652,#3252,.T.);
#6873=EDGE_CURVE('',#5651,#5652,#3253,.T.);
#6874=EDGE_CURVE('',#5610,#5653,#3254,.T.);
#6875=EDGE_CURVE('',#5609,#5654,#3255,.T.);
#6876=EDGE_CURVE('',#5653,#5654,#3256,.T.);
#6877=EDGE_CURVE('',#5603,#5655,#3257,.T.);
#6878=EDGE_CURVE('',#5655,#5656,#3258,.T.);
#6879=EDGE_CURVE('',#5613,#5656,#1056,.T.);
#6880=EDGE_CURVE('',#5656,#5657,#3259,.T.);
#6881=EDGE_CURVE('',#5614,#5657,#1057,.T.);
#6882=EDGE_CURVE('',#5658,#5657,#3260,.T.);
#6883=EDGE_CURVE('',#5602,#5658,#3261,.T.);
#6884=EDGE_CURVE('',#5597,#5659,#3262,.T.);
#6885=EDGE_CURVE('',#5659,#5660,#3263,.T.);
#6886=EDGE_CURVE('',#5615,#5660,#1058,.T.);
#6887=EDGE_CURVE('',#5660,#5619,#3264,.T.);
#6888=EDGE_CURVE('',#5600,#5661,#3265,.T.);
#6889=EDGE_CURVE('',#5661,#5662,#3266,.T.);
#6890=EDGE_CURVE('',#5617,#5662,#1059,.T.);
#6891=EDGE_CURVE('',#5618,#5663,#1060,.T.);
#6892=EDGE_CURVE('',#5664,#5663,#3267,.T.);
#6893=EDGE_CURVE('',#5599,#5664,#3268,.T.);
#6894=EDGE_CURVE('',#5662,#5663,#3269,.T.);
#6895=EDGE_CURVE('',#5659,#5620,#3270,.T.);
#6896=EDGE_CURVE('',#5620,#5665,#3271,.T.);
#6897=EDGE_CURVE('',#5634,#5665,#3272,.T.);
#6898=EDGE_CURVE('',#5621,#5666,#3273,.T.);
#6899=EDGE_CURVE('',#5655,#5666,#3274,.T.);
#6900=EDGE_CURVE('',#5621,#5667,#3275,.T.);
#6901=EDGE_CURVE('',#5624,#5668,#3276,.T.);
#6902=EDGE_CURVE('',#5667,#5668,#3277,.T.);
#6903=EDGE_CURVE('',#5658,#5669,#3278,.T.);
#6904=EDGE_CURVE('',#5622,#5669,#3279,.T.);
#6905=EDGE_CURVE('',#5670,#5623,#3280,.T.);
#6906=EDGE_CURVE('',#5671,#5670,#3281,.T.);
#6907=EDGE_CURVE('',#5624,#5671,#3282,.T.);
#6908=EDGE_CURVE('',#5623,#5672,#3283,.T.);
#6909=EDGE_CURVE('',#5622,#5673,#3284,.T.);
#6910=EDGE_CURVE('',#5672,#5673,#3285,.T.);
#6911=EDGE_CURVE('',#5674,#5675,#3286,.T.);
#6912=EDGE_CURVE('',#5674,#5626,#3287,.T.);
#6913=EDGE_CURVE('',#5675,#5625,#3288,.T.);
#6914=EDGE_CURVE('',#5676,#5674,#3289,.T.);
#6915=EDGE_CURVE('',#5676,#5627,#3290,.T.);
#6916=EDGE_CURVE('',#5677,#5676,#3291,.T.);
#6917=EDGE_CURVE('',#5677,#5628,#3292,.T.);
#6918=EDGE_CURVE('',#5675,#5677,#3293,.T.);
#6919=EDGE_CURVE('',#5678,#5679,#3294,.T.);
#6920=EDGE_CURVE('',#5678,#5629,#3295,.T.);
#6921=EDGE_CURVE('',#5679,#5630,#3296,.T.);
#6922=EDGE_CURVE('',#5680,#5678,#3297,.T.);
#6923=EDGE_CURVE('',#5680,#5631,#3298,.T.);
#6924=EDGE_CURVE('',#5679,#5681,#3299,.T.);
#6925=EDGE_CURVE('',#5681,#5632,#3300,.T.);
#6926=EDGE_CURVE('',#5681,#5680,#3301,.T.);
#6927=EDGE_CURVE('',#5633,#5682,#3302,.T.);
#6928=EDGE_CURVE('',#5659,#5682,#3303,.T.);
#6929=EDGE_CURVE('',#5633,#5683,#3304,.T.);
#6930=EDGE_CURVE('',#5636,#5684,#3305,.T.);
#6931=EDGE_CURVE('',#5683,#5684,#3306,.T.);
#6932=EDGE_CURVE('',#5685,#5635,#3307,.T.);
#6933=EDGE_CURVE('',#5686,#5685,#3308,.T.);
#6934=EDGE_CURVE('',#5636,#5686,#3309,.T.);
#6935=EDGE_CURVE('',#5635,#5687,#3310,.T.);
#6936=EDGE_CURVE('',#5634,#5688,#3311,.T.);
#6937=EDGE_CURVE('',#5687,#5688,#3312,.T.);
#6938=EDGE_CURVE('',#5637,#5689,#3313,.T.);
#6939=EDGE_CURVE('',#5661,#5689,#3314,.T.);
#6940=EDGE_CURVE('',#5664,#5690,#3315,.T.);
#6941=EDGE_CURVE('',#5638,#5690,#3316,.T.);
#6942=EDGE_CURVE('',#5638,#5691,#3317,.T.);
#6943=EDGE_CURVE('',#5692,#5691,#3318,.T.);
#6944=EDGE_CURVE('',#5693,#5692,#1061,.T.);
#6945=EDGE_CURVE('',#5694,#5693,#3319,.T.);
#6946=EDGE_CURVE('',#5695,#5694,#1062,.T.);
#6947=EDGE_CURVE('',#5696,#5695,#3320,.T.);
#6948=EDGE_CURVE('',#5637,#5696,#3321,.T.);
#6949=EDGE_CURVE('',#5650,#5639,#3322,.T.);
#6950=EDGE_CURVE('',#5640,#5649,#3323,.T.);
#6951=EDGE_CURVE('',#5641,#5648,#3324,.T.);
#6952=EDGE_CURVE('',#5697,#5698,#3325,.T.);
#6953=EDGE_CURVE('',#5698,#5642,#3326,.T.);
#6954=EDGE_CURVE('',#5641,#5699,#3327,.T.);
#6955=EDGE_CURVE('',#5699,#5700,#3328,.T.);
#6956=EDGE_CURVE('',#5700,#5697,#3329,.T.);
#6957=EDGE_CURVE('',#5642,#5647,#3330,.T.);
#6958=EDGE_CURVE('',#5643,#5646,#3331,.T.);
#6959=EDGE_CURVE('',#5645,#5644,#3332,.T.);
#6960=EDGE_CURVE('',#5644,#5701,#3333,.T.);
#6961=EDGE_CURVE('',#5654,#5701,#3334,.T.);
#6962=EDGE_CURVE('',#5702,#5703,#3335,.T.);
#6963=EDGE_CURVE('',#5703,#5704,#3336,.T.);
#6964=EDGE_CURVE('',#5704,#5705,#3337,.T.);
#6965=EDGE_CURVE('',#5705,#5648,#3338,.T.);
#6966=EDGE_CURVE('',#5647,#5702,#3339,.T.);
#6967=EDGE_CURVE('',#5653,#5706,#3340,.T.);
#6968=EDGE_CURVE('',#5645,#5706,#3341,.T.);
#6969=EDGE_CURVE('',#5706,#5701,#3342,.T.);
#6970=EDGE_CURVE('',#5655,#5658,#3343,.T.);
#6971=EDGE_CURVE('',#5661,#5664,#3344,.T.);
#6972=EDGE_CURVE('',#5682,#5686,#3345,.T.);
#6973=EDGE_CURVE('',#5685,#5665,#3346,.T.);
#6974=EDGE_CURVE('',#5665,#5707,#3347,.T.);
#6975=EDGE_CURVE('',#5688,#5707,#3348,.T.);
#6976=EDGE_CURVE('',#5666,#5671,#3349,.T.);
#6977=EDGE_CURVE('',#5670,#5669,#3350,.T.);
#6978=EDGE_CURVE('',#5666,#5708,#3351,.T.);
#6979=EDGE_CURVE('',#5708,#5667,#3352,.T.);
#6980=EDGE_CURVE('',#5671,#5709,#3353,.T.);
#6981=EDGE_CURVE('',#5668,#5709,#3354,.T.);
#6982=EDGE_CURVE('',#5667,#5710,#3355,.T.);
#6983=EDGE_CURVE('',#5668,#5711,#3356,.T.);
#6984=EDGE_CURVE('',#5710,#5711,#3357,.T.);
#6985=EDGE_CURVE('',#5669,#5712,#3358,.T.);
#6986=EDGE_CURVE('',#5673,#5712,#3359,.T.);
#6987=EDGE_CURVE('',#5670,#5713,#3360,.T.);
#6988=EDGE_CURVE('',#5713,#5672,#3361,.T.);
#6989=EDGE_CURVE('',#5672,#5714,#3362,.T.);
#6990=EDGE_CURVE('',#5673,#5715,#3363,.T.);
#6991=EDGE_CURVE('',#5714,#5715,#3364,.T.);
#6992=EDGE_CURVE('',#5682,#5716,#3365,.T.);
#6993=EDGE_CURVE('',#5716,#5683,#3366,.T.);
#6994=EDGE_CURVE('',#5686,#5717,#3367,.T.);
#6995=EDGE_CURVE('',#5684,#5717,#3368,.T.);
#6996=EDGE_CURVE('',#5683,#5718,#3369,.T.);
#6997=EDGE_CURVE('',#5684,#5719,#3370,.T.);
#6998=EDGE_CURVE('',#5718,#5719,#3371,.T.);
#6999=EDGE_CURVE('',#5685,#5720,#3372,.T.);
#7000=EDGE_CURVE('',#5720,#5687,#3373,.T.);
#7001=EDGE_CURVE('',#5687,#5721,#3374,.T.);
#7002=EDGE_CURVE('',#5688,#5722,#3375,.T.);
#7003=EDGE_CURVE('',#5721,#5722,#3376,.T.);
#7004=EDGE_CURVE('',#5689,#5690,#3377,.T.);
#7005=EDGE_CURVE('',#5637,#5723,#3378,.T.);
#7006=EDGE_CURVE('',#5723,#5724,#3379,.T.);
#7007=EDGE_CURVE('',#5689,#5724,#3380,.T.);
#7008=EDGE_CURVE('',#5638,#5725,#3381,.T.);
#7009=EDGE_CURVE('',#5690,#5726,#3382,.T.);
#7010=EDGE_CURVE('',#5725,#5726,#3383,.T.);
#7011=EDGE_CURVE('',#5725,#5727,#3384,.T.);
#7012=EDGE_CURVE('',#5691,#5727,#3385,.T.);
#7013=EDGE_CURVE('',#5691,#5728,#3386,.T.);
#7014=EDGE_CURVE('',#5729,#5728,#3387,.T.);
#7015=EDGE_CURVE('',#5692,#5729,#3388,.T.);
#7016=EDGE_CURVE('',#5730,#5729,#1063,.T.);
#7017=EDGE_CURVE('',#5693,#5730,#3389,.T.);
#7018=EDGE_CURVE('',#5731,#5732,#3390,.T.);
#7019=EDGE_CURVE('',#5694,#5731,#3391,.T.);
#7020=EDGE_CURVE('',#5733,#5693,#3392,.T.);
#7021=EDGE_CURVE('',#5734,#5733,#3393,.T.);
#7022=EDGE_CURVE('',#5732,#5734,#3394,.T.);
#7023=EDGE_CURVE('',#5694,#5735,#3395,.T.);
#7024=EDGE_CURVE('',#5736,#5735,#1064,.T.);
#7025=EDGE_CURVE('',#5695,#5736,#3396,.T.);
#7026=EDGE_CURVE('',#5737,#5736,#3397,.T.);
#7027=EDGE_CURVE('',#5696,#5737,#3398,.T.);
#7028=EDGE_CURVE('',#5696,#5738,#3399,.T.);
#7029=EDGE_CURVE('',#5723,#5738,#3400,.T.);
#7030=EDGE_CURVE('',#5699,#5705,#3401,.T.);
#7031=EDGE_CURVE('',#5697,#5703,#3402,.T.);
#7032=EDGE_CURVE('',#5698,#5702,#3403,.T.);
#7033=EDGE_CURVE('',#5700,#5704,#3404,.T.);
#7034=EDGE_CURVE('',#5717,#5716,#3405,.T.);
#7035=EDGE_CURVE('',#5707,#5720,#3406,.T.);
#7036=EDGE_CURVE('',#5707,#5739,#3407,.T.);
#7037=EDGE_CURVE('',#5739,#5740,#1065,.T.);
#7038=EDGE_CURVE('',#5741,#5740,#3408,.T.);
#7039=EDGE_CURVE('',#5688,#5741,#3409,.T.);
#7040=EDGE_CURVE('',#5709,#5708,#3410,.T.);
#7041=EDGE_CURVE('',#5712,#5713,#3411,.T.);
#7042=EDGE_CURVE('',#5708,#5742,#3412,.T.);
#7043=EDGE_CURVE('',#5667,#5743,#3413,.T.);
#7044=EDGE_CURVE('',#5744,#5743,#3414,.T.);
#7045=EDGE_CURVE('',#5742,#5744,#1066,.T.);
#7046=EDGE_CURVE('',#5709,#5745,#3415,.T.);
#7047=EDGE_CURVE('',#5745,#5746,#1067,.T.);
#7048=EDGE_CURVE('',#5747,#5746,#3416,.T.);
#7049=EDGE_CURVE('',#5668,#5747,#3417,.T.);
#7050=EDGE_CURVE('',#5710,#5748,#3418,.T.);
#7051=EDGE_CURVE('',#5743,#5748,#3419,.T.);
#7052=EDGE_CURVE('',#5747,#5749,#3420,.T.);
#7053=EDGE_CURVE('',#5711,#5749,#3421,.T.);
#7054=EDGE_CURVE('',#5748,#5749,#3422,.T.);
#7055=EDGE_CURVE('',#5712,#5750,#3423,.T.);
#7056=EDGE_CURVE('',#5750,#5751,#1068,.T.);
#7057=EDGE_CURVE('',#5752,#5751,#3424,.T.);
#7058=EDGE_CURVE('',#5673,#5752,#3425,.T.);
#7059=EDGE_CURVE('',#5713,#5753,#3426,.T.);
#7060=EDGE_CURVE('',#5672,#5754,#3427,.T.);
#7061=EDGE_CURVE('',#5755,#5754,#3428,.T.);
#7062=EDGE_CURVE('',#5753,#5755,#1069,.T.);
#7063=EDGE_CURVE('',#5714,#5756,#3429,.T.);
#7064=EDGE_CURVE('',#5754,#5756,#3430,.T.);
#7065=EDGE_CURVE('',#5752,#5757,#3431,.T.);
#7066=EDGE_CURVE('',#5715,#5757,#3432,.T.);
#7067=EDGE_CURVE('',#5756,#5757,#3433,.T.);
#7068=EDGE_CURVE('',#5716,#5758,#3434,.T.);
#7069=EDGE_CURVE('',#5683,#5759,#3435,.T.);
#7070=EDGE_CURVE('',#5760,#5759,#3436,.T.);
#7071=EDGE_CURVE('',#5758,#5760,#1070,.T.);
#7072=EDGE_CURVE('',#5717,#5761,#3437,.T.);
#7073=EDGE_CURVE('',#5761,#5762,#1071,.T.);
#7074=EDGE_CURVE('',#5763,#5762,#3438,.T.);
#7075=EDGE_CURVE('',#5684,#5763,#3439,.T.);
#7076=EDGE_CURVE('',#5718,#5764,#3440,.T.);
#7077=EDGE_CURVE('',#5759,#5764,#3441,.T.);
#7078=EDGE_CURVE('',#5763,#5765,#3442,.T.);
#7079=EDGE_CURVE('',#5719,#5765,#3443,.T.);
#7080=EDGE_CURVE('',#5764,#5765,#3444,.T.);
#7081=EDGE_CURVE('',#5720,#5766,#3445,.T.);
#7082=EDGE_CURVE('',#5687,#5767,#3446,.T.);
#7083=EDGE_CURVE('',#5768,#5767,#3447,.T.);
#7084=EDGE_CURVE('',#5766,#5768,#1072,.T.);
#7085=EDGE_CURVE('',#5721,#5769,#3448,.T.);
#7086=EDGE_CURVE('',#5767,#5769,#3449,.T.);
#7087=EDGE_CURVE('',#5741,#5770,#3450,.T.);
#7088=EDGE_CURVE('',#5722,#5770,#3451,.T.);
#7089=EDGE_CURVE('',#5769,#5770,#3452,.T.);
#7090=EDGE_CURVE('',#5689,#5737,#3453,.T.);
#7091=EDGE_CURVE('',#5735,#5730,#3454,.T.);
#7092=EDGE_CURVE('',#5690,#5728,#3455,.T.);
#7093=EDGE_CURVE('',#5724,#5771,#3456,.T.);
#7094=EDGE_CURVE('',#5737,#5771,#3457,.T.);
#7095=EDGE_CURVE('',#5738,#5771,#3458,.T.);
#7096=EDGE_CURVE('',#5728,#5772,#3459,.T.);
#7097=EDGE_CURVE('',#5726,#5772,#3460,.T.);
#7098=EDGE_CURVE('',#5727,#5772,#3461,.T.);
#7099=EDGE_CURVE('',#5773,#5730,#3462,.T.);
#7100=EDGE_CURVE('',#5733,#5773,#3463,.T.);
#7101=EDGE_CURVE('',#5732,#5774,#3464,.T.);
#7102=EDGE_CURVE('',#5775,#5774,#3465,.T.);
#7103=EDGE_CURVE('',#5731,#5775,#3466,.T.);
#7104=EDGE_CURVE('',#5735,#5775,#3467,.T.);
#7105=EDGE_CURVE('',#5776,#5773,#3468,.T.);
#7106=EDGE_CURVE('',#5734,#5776,#3469,.T.);
#7107=EDGE_CURVE('',#5774,#5776,#3470,.T.);
#7108=EDGE_CURVE('',#5761,#5758,#3471,.T.);
#7109=EDGE_CURVE('',#5739,#5766,#3472,.T.);
#7110=EDGE_CURVE('',#5740,#5768,#3473,.T.);
#7111=EDGE_CURVE('',#5767,#5741,#3474,.T.);
#7112=EDGE_CURVE('',#5745,#5742,#3475,.T.);
#7113=EDGE_CURVE('',#5750,#5753,#3476,.T.);
#7114=EDGE_CURVE('',#5746,#5744,#3477,.T.);
#7115=EDGE_CURVE('',#5743,#5747,#3478,.T.);
#7116=EDGE_CURVE('',#5751,#5755,#3479,.T.);
#7117=EDGE_CURVE('',#5754,#5752,#3480,.T.);
#7118=EDGE_CURVE('',#5762,#5760,#3481,.T.);
#7119=EDGE_CURVE('',#5759,#5763,#3482,.T.);
#7120=EDGE_CURVE('',#5777,#5778,#3483,.T.);
#7121=EDGE_CURVE('',#5778,#5779,#3484,.T.);
#7122=EDGE_CURVE('',#5780,#5779,#3485,.T.);
#7123=EDGE_CURVE('',#5777,#5780,#3486,.T.);
#7124=EDGE_CURVE('',#5779,#5781,#3487,.T.);
#7125=EDGE_CURVE('',#5782,#5781,#3488,.T.);
#7126=EDGE_CURVE('',#5780,#5782,#3489,.T.);
#7127=EDGE_CURVE('',#5781,#5783,#3490,.T.);
#7128=EDGE_CURVE('',#5784,#5783,#3491,.T.);
#7129=EDGE_CURVE('',#5782,#5784,#3492,.T.);
#7130=EDGE_CURVE('',#5783,#5785,#3493,.T.);
#7131=EDGE_CURVE('',#5786,#5785,#3494,.T.);
#7132=EDGE_CURVE('',#5784,#5786,#3495,.T.);
#7133=EDGE_CURVE('',#5785,#5787,#3496,.T.);
#7134=EDGE_CURVE('',#5788,#5787,#3497,.T.);
#7135=EDGE_CURVE('',#5786,#5788,#3498,.T.);
#7136=EDGE_CURVE('',#5787,#5789,#3499,.T.);
#7137=EDGE_CURVE('',#5790,#5789,#3500,.T.);
#7138=EDGE_CURVE('',#5788,#5790,#3501,.T.);
#7139=EDGE_CURVE('',#5789,#5791,#3502,.T.);
#7140=EDGE_CURVE('',#5792,#5791,#3503,.T.);
#7141=EDGE_CURVE('',#5790,#5792,#3504,.T.);
#7142=EDGE_CURVE('',#5791,#5793,#3505,.T.);
#7143=EDGE_CURVE('',#5794,#5793,#3506,.T.);
#7144=EDGE_CURVE('',#5792,#5794,#3507,.T.);
#7145=EDGE_CURVE('',#5793,#5795,#3508,.T.);
#7146=EDGE_CURVE('',#5796,#5795,#3509,.T.);
#7147=EDGE_CURVE('',#5794,#5796,#3510,.T.);
#7148=EDGE_CURVE('',#5795,#5797,#3511,.T.);
#7149=EDGE_CURVE('',#5798,#5797,#3512,.T.);
#7150=EDGE_CURVE('',#5796,#5798,#3513,.T.);
#7151=EDGE_CURVE('',#5797,#5799,#3514,.T.);
#7152=EDGE_CURVE('',#5800,#5799,#3515,.T.);
#7153=EDGE_CURVE('',#5798,#5800,#3516,.T.);
#7154=EDGE_CURVE('',#5799,#5778,#3517,.T.);
#7155=EDGE_CURVE('',#5800,#5777,#3518,.T.);
#7156=EDGE_CURVE('',#5801,#5802,#3519,.T.);
#7157=EDGE_CURVE('',#5801,#5803,#3520,.T.);
#7158=EDGE_CURVE('',#5803,#5804,#3521,.T.);
#7159=EDGE_CURVE('',#5804,#5805,#3522,.T.);
#7160=EDGE_CURVE('',#5806,#5805,#3523,.T.);
#7161=EDGE_CURVE('',#5802,#5806,#3524,.T.);
#7162=EDGE_CURVE('',#5807,#5808,#3525,.T.);
#7163=EDGE_CURVE('',#5807,#5801,#3526,.T.);
#7164=EDGE_CURVE('',#5808,#5802,#3527,.T.);
#7165=EDGE_CURVE('',#5808,#5809,#3528,.T.);
#7166=EDGE_CURVE('',#5809,#5806,#3529,.T.);
#7167=EDGE_CURVE('',#5810,#5807,#3530,.T.);
#7168=EDGE_CURVE('',#5803,#5810,#3531,.T.);
#7169=EDGE_CURVE('',#5805,#5811,#3532,.T.);
#7170=EDGE_CURVE('',#5811,#5809,#3533,.T.);
#7171=EDGE_CURVE('',#5810,#5812,#3534,.T.);
#7172=EDGE_CURVE('',#5804,#5812,#3535,.T.);
#7173=EDGE_CURVE('',#5812,#5811,#3536,.T.);
#7174=EDGE_CURVE('',#5813,#5814,#3537,.T.);
#7175=EDGE_CURVE('',#5813,#5815,#3538,.T.);
#7176=EDGE_CURVE('',#5815,#5816,#3539,.T.);
#7177=EDGE_CURVE('',#5816,#5817,#3540,.T.);
#7178=EDGE_CURVE('',#5818,#5817,#3541,.T.);
#7179=EDGE_CURVE('',#5814,#5818,#3542,.T.);
#7180=EDGE_CURVE('',#5819,#5820,#3543,.T.);
#7181=EDGE_CURVE('',#5819,#5813,#3544,.T.);
#7182=EDGE_CURVE('',#5820,#5814,#3545,.T.);
#7183=EDGE_CURVE('',#5820,#5821,#3546,.T.);
#7184=EDGE_CURVE('',#5821,#5818,#3547,.T.);
#7185=EDGE_CURVE('',#5822,#5819,#3548,.T.);
#7186=EDGE_CURVE('',#5815,#5822,#3549,.T.);
#7187=EDGE_CURVE('',#5817,#5823,#3550,.T.);
#7188=EDGE_CURVE('',#5823,#5821,#3551,.T.);
#7189=EDGE_CURVE('',#5822,#5824,#3552,.T.);
#7190=EDGE_CURVE('',#5816,#5824,#3553,.T.);
#7191=EDGE_CURVE('',#5824,#5823,#3554,.T.);
#7192=EDGE_CURVE('',#5825,#5826,#3555,.T.);
#7193=EDGE_CURVE('',#5825,#5827,#3556,.T.);
#7194=EDGE_CURVE('',#5827,#5828,#3557,.T.);
#7195=EDGE_CURVE('',#5828,#5829,#3558,.T.);
#7196=EDGE_CURVE('',#5830,#5829,#3559,.T.);
#7197=EDGE_CURVE('',#5826,#5830,#3560,.T.);
#7198=EDGE_CURVE('',#5831,#5832,#3561,.T.);
#7199=EDGE_CURVE('',#5831,#5825,#3562,.T.);
#7200=EDGE_CURVE('',#5832,#5826,#3563,.T.);
#7201=EDGE_CURVE('',#5832,#5833,#3564,.T.);
#7202=EDGE_CURVE('',#5833,#5830,#3565,.T.);
#7203=EDGE_CURVE('',#5834,#5831,#3566,.T.);
#7204=EDGE_CURVE('',#5827,#5834,#3567,.T.);
#7205=EDGE_CURVE('',#5829,#5835,#3568,.T.);
#7206=EDGE_CURVE('',#5835,#5833,#3569,.T.);
#7207=EDGE_CURVE('',#5834,#5836,#3570,.T.);
#7208=EDGE_CURVE('',#5828,#5836,#3571,.T.);
#7209=EDGE_CURVE('',#5836,#5835,#3572,.T.);
#7210=EDGE_CURVE('',#5837,#5838,#3573,.T.);
#7211=EDGE_CURVE('',#5838,#5839,#3574,.T.);
#7212=EDGE_CURVE('',#5840,#5839,#3575,.T.);
#7213=EDGE_CURVE('',#5837,#5840,#3576,.T.);
#7214=EDGE_CURVE('',#5837,#5841,#3577,.T.);
#7215=EDGE_CURVE('',#5841,#5842,#3578,.T.);
#7216=EDGE_CURVE('',#5838,#5842,#3579,.T.);
#7217=EDGE_CURVE('',#5840,#5843,#3580,.T.);
#7218=EDGE_CURVE('',#5839,#5844,#3581,.T.);
#7219=EDGE_CURVE('',#5843,#5844,#3582,.T.);
#7220=EDGE_CURVE('',#5840,#5845,#3583,.T.);
#7221=EDGE_CURVE('',#5845,#5846,#3584,.T.);
#7222=EDGE_CURVE('',#5846,#5837,#3585,.T.);
#7223=EDGE_CURVE('',#5838,#5847,#3586,.T.);
#7224=EDGE_CURVE('',#5847,#5848,#3587,.T.);
#7225=EDGE_CURVE('',#5849,#5848,#3588,.T.);
#7226=EDGE_CURVE('',#5850,#5849,#3589,.T.);
#7227=EDGE_CURVE('',#5850,#5851,#3590,.T.);
#7228=EDGE_CURVE('',#5839,#5851,#3591,.T.);
#7229=EDGE_CURVE('',#5846,#5852,#3592,.T.);
#7230=EDGE_CURVE('',#5852,#5841,#3593,.T.);
#7231=EDGE_CURVE('',#5853,#5854,#3594,.T.);
#7232=EDGE_CURVE('',#5853,#5838,#3595,.T.);
#7233=EDGE_CURVE('',#5854,#5842,#3596,.T.);
#7234=EDGE_CURVE('',#5852,#5854,#3597,.T.);
#7235=EDGE_CURVE('',#5843,#5855,#3598,.T.);
#7236=EDGE_CURVE('',#5845,#5855,#3599,.T.);
#7237=EDGE_CURVE('',#5839,#5856,#3600,.T.);
#7238=EDGE_CURVE('',#5856,#5857,#3601,.T.);
#7239=EDGE_CURVE('',#5844,#5857,#3602,.T.);
#7240=EDGE_CURVE('',#5855,#5857,#3603,.T.);
#7241=EDGE_CURVE('',#5845,#5856,#3604,.T.);
#7242=EDGE_CURVE('',#5856,#5853,#3605,.T.);
#7243=EDGE_CURVE('',#5846,#5853,#3606,.T.);
#7244=EDGE_CURVE('',#5851,#5858,#3607,.T.);
#7245=EDGE_CURVE('',#5856,#5858,#3608,.T.);
#7246=EDGE_CURVE('',#5859,#5850,#3609,.T.);
#7247=EDGE_CURVE('',#5858,#5859,#3610,.T.);
#7248=EDGE_CURVE('',#5860,#5859,#3611,.T.);
#7249=EDGE_CURVE('',#5860,#5849,#3612,.T.);
#7250=EDGE_CURVE('',#5861,#5860,#3613,.T.);
#7251=EDGE_CURVE('',#5861,#5848,#3614,.T.);
#7252=EDGE_CURVE('',#5862,#5847,#3615,.T.);
#7253=EDGE_CURVE('',#5861,#5862,#3616,.T.);
#7254=EDGE_CURVE('',#5853,#5862,#3617,.T.);
#7255=EDGE_CURVE('',#5863,#5863,#1073,.T.);
#7256=EDGE_CURVE('',#5864,#5864,#1074,.T.);
#7257=EDGE_CURVE('',#5864,#5863,#3618,.T.);
#7258=EDGE_CURVE('',#5865,#5866,#3619,.T.);
#7259=EDGE_CURVE('',#5866,#5867,#1075,.T.);
#7260=EDGE_CURVE('',#5867,#5868,#3620,.T.);
#7261=EDGE_CURVE('',#5868,#5869,#1076,.T.);
#7262=EDGE_CURVE('',#5869,#5870,#3621,.T.);
#7263=EDGE_CURVE('',#5870,#5871,#1077,.T.);
#7264=EDGE_CURVE('',#5871,#5872,#3622,.T.);
#7265=EDGE_CURVE('',#5865,#5872,#1078,.T.);
#7266=EDGE_CURVE('',#5873,#5873,#1079,.T.);
#7267=EDGE_CURVE('',#5874,#5874,#1080,.T.);
#7268=EDGE_CURVE('',#5875,#5875,#1081,.T.);
#7269=EDGE_CURVE('',#5876,#5876,#1082,.T.);
#7270=EDGE_CURVE('',#5877,#5878,#3623,.T.);
#7271=EDGE_CURVE('',#5878,#5866,#3624,.T.);
#7272=EDGE_CURVE('',#5877,#5865,#3625,.T.);
#7273=EDGE_CURVE('',#5879,#5872,#3626,.T.);
#7274=EDGE_CURVE('',#5877,#5879,#1083,.T.);
#7275=EDGE_CURVE('',#5878,#5880,#1084,.T.);
#7276=EDGE_CURVE('',#5880,#5867,#3627,.T.);
#7277=EDGE_CURVE('',#5881,#5879,#3628,.T.);
#7278=EDGE_CURVE('',#5881,#5871,#3629,.T.);
#7279=EDGE_CURVE('',#5880,#5882,#3630,.T.);
#7280=EDGE_CURVE('',#5882,#5868,#3631,.T.);
#7281=EDGE_CURVE('',#5883,#5881,#1085,.T.);
#7282=EDGE_CURVE('',#5883,#5870,#3632,.T.);
#7283=EDGE_CURVE('',#5882,#5884,#1086,.T.);
#7284=EDGE_CURVE('',#5884,#5869,#3633,.T.);
#7285=EDGE_CURVE('',#5884,#5883,#3634,.T.);
#7286=EDGE_CURVE('',#5873,#5885,#3635,.T.);
#7287=EDGE_CURVE('',#5885,#5885,#1087,.T.);
#7288=EDGE_CURVE('',#5874,#5886,#3636,.T.);
#7289=EDGE_CURVE('',#5886,#5886,#1088,.T.);
#7290=EDGE_CURVE('',#5875,#5887,#3637,.T.);
#7291=EDGE_CURVE('',#5887,#5887,#1089,.T.);
#7292=EDGE_CURVE('',#5876,#5888,#3638,.T.);
#7293=EDGE_CURVE('',#5888,#5888,#1090,.T.);
#7294=EDGE_CURVE('',#5889,#5890,#3639,.T.);
#7295=EDGE_CURVE('',#5890,#5878,#3640,.T.);
#7296=EDGE_CURVE('',#5889,#5877,#3641,.T.);
#7297=EDGE_CURVE('',#5891,#5879,#3642,.T.);
#7298=EDGE_CURVE('',#5889,#5891,#1091,.T.);
#7299=EDGE_CURVE('',#5890,#5892,#1092,.T.);
#7300=EDGE_CURVE('',#5892,#5880,#3643,.T.);
#7301=EDGE_CURVE('',#5893,#5894,#3644,.T.);
#7302=EDGE_CURVE('',#5895,#5894,#3645,.T.);
#7303=EDGE_CURVE('',#5896,#5895,#3646,.T.);
#7304=EDGE_CURVE('',#5896,#5897,#3647,.T.);
#7305=EDGE_CURVE('',#5897,#5898,#3648,.T.);
#7306=EDGE_CURVE('',#5899,#5898,#3649,.T.);
#7307=EDGE_CURVE('',#5900,#5899,#3650,.T.);
#7308=EDGE_CURVE('',#5900,#5901,#3651,.T.);
#7309=EDGE_CURVE('',#5901,#5891,#3652,.T.);
#7310=EDGE_CURVE('',#5893,#5881,#3653,.T.);
#7311=EDGE_CURVE('',#5892,#5902,#3654,.T.);
#7312=EDGE_CURVE('',#5903,#5902,#3655,.T.);
#7313=EDGE_CURVE('',#5903,#5904,#3656,.T.);
#7314=EDGE_CURVE('',#5904,#5905,#3657,.T.);
#7315=EDGE_CURVE('',#5905,#5906,#3658,.T.);
#7316=EDGE_CURVE('',#5907,#5906,#3659,.T.);
#7317=EDGE_CURVE('',#5907,#5908,#3660,.T.);
#7318=EDGE_CURVE('',#5908,#5909,#3661,.T.);
#7319=EDGE_CURVE('',#5909,#5910,#3662,.T.);
#7320=EDGE_CURVE('',#5910,#5882,#3663,.T.);
#7321=EDGE_CURVE('',#5911,#5893,#1093,.T.);
#7322=EDGE_CURVE('',#5911,#5883,#3664,.T.);
#7323=EDGE_CURVE('',#5910,#5912,#1094,.T.);
#7324=EDGE_CURVE('',#5912,#5884,#3665,.T.);
#7325=EDGE_CURVE('',#5912,#5911,#3666,.T.);
#7326=EDGE_CURVE('',#5886,#5913,#1095,.T.);
#7327=EDGE_CURVE('',#5913,#5913,#1096,.T.);
#7328=EDGE_CURVE('',#5898,#5901,#3667,.T.);
#7329=EDGE_CURVE('',#5894,#5897,#3668,.T.);
#7330=EDGE_CURVE('',#5906,#5909,#3669,.T.);
#7331=EDGE_CURVE('',#5902,#5905,#3670,.T.);
#7332=EDGE_CURVE('',#5914,#5915,#3671,.T.);
#7333=EDGE_CURVE('',#5914,#5916,#1097,.T.);
#7334=EDGE_CURVE('',#5916,#5917,#3672,.T.);
#7335=EDGE_CURVE('',#5917,#5918,#1098,.T.);
#7336=EDGE_CURVE('',#5918,#5895,#3673,.T.);
#7337=EDGE_CURVE('',#5894,#5919,#3674,.T.);
#7338=EDGE_CURVE('',#5919,#5920,#1099,.T.);
#7339=EDGE_CURVE('',#5921,#5920,#3675,.T.);
#7340=EDGE_CURVE('',#5921,#5922,#1100,.T.);
#7341=EDGE_CURVE('',#5923,#5922,#3676,.T.);
#7342=EDGE_CURVE('',#5923,#5924,#1101,.T.);
#7343=EDGE_CURVE('',#5924,#5925,#3677,.T.);
#7344=EDGE_CURVE('',#5925,#5926,#3678,.T.);
#7345=EDGE_CURVE('',#5926,#5927,#3679,.T.);
#7346=EDGE_CURVE('',#5927,#5928,#1102,.T.);
#7347=EDGE_CURVE('',#5929,#5928,#3680,.T.);
#7348=EDGE_CURVE('',#5915,#5929,#1103,.T.);
#7349=EDGE_CURVE('',#5930,#5896,#3681,.T.);
#7350=EDGE_CURVE('',#5930,#5918,#3682,.T.);
#7351=EDGE_CURVE('',#5931,#5932,#3683,.T.);
#7352=EDGE_CURVE('',#5932,#5933,#1104,.T.);
#7353=EDGE_CURVE('',#5933,#5934,#3684,.T.);
#7354=EDGE_CURVE('',#5935,#5934,#1105,.T.);
#7355=EDGE_CURVE('',#5936,#5935,#3685,.T.);
#7356=EDGE_CURVE('',#5937,#5936,#3686,.T.);
#7357=EDGE_CURVE('',#5938,#5937,#3687,.T.);
#7358=EDGE_CURVE('',#5939,#5938,#1106,.T.);
#7359=EDGE_CURVE('',#5939,#5940,#3688,.T.);
#7360=EDGE_CURVE('',#5941,#5940,#1107,.T.);
#7361=EDGE_CURVE('',#5941,#5942,#3689,.T.);
#7362=EDGE_CURVE('',#5943,#5942,#1108,.T.);
#7363=EDGE_CURVE('',#5897,#5943,#3690,.T.);
#7364=EDGE_CURVE('',#5944,#5930,#1109,.T.);
#7365=EDGE_CURVE('',#5945,#5944,#3691,.T.);
#7366=EDGE_CURVE('',#5931,#5945,#1110,.T.);
#7367=EDGE_CURVE('',#5946,#5947,#3692,.T.);
#7368=EDGE_CURVE('',#5947,#5948,#1111,.T.);
#7369=EDGE_CURVE('',#5948,#5949,#3693,.T.);
#7370=EDGE_CURVE('',#5950,#5949,#1112,.T.);
#7371=EDGE_CURVE('',#5951,#5950,#3694,.T.);
#7372=EDGE_CURVE('',#5952,#5951,#3695,.T.);
#7373=EDGE_CURVE('',#5953,#5952,#3696,.T.);
#7374=EDGE_CURVE('',#5954,#5953,#1113,.T.);
#7375=EDGE_CURVE('',#5954,#5955,#3697,.T.);
#7376=EDGE_CURVE('',#5956,#5955,#1114,.T.);
#7377=EDGE_CURVE('',#5956,#5957,#3698,.T.);
#7378=EDGE_CURVE('',#5958,#5957,#1115,.T.);
#7379=EDGE_CURVE('',#5901,#5958,#3699,.T.);
#7380=EDGE_CURVE('',#5959,#5900,#3700,.T.);
#7381=EDGE_CURVE('',#5960,#5959,#1116,.T.);
#7382=EDGE_CURVE('',#5961,#5960,#3701,.T.);
#7383=EDGE_CURVE('',#5946,#5961,#1117,.T.);
#7384=EDGE_CURVE('',#5962,#5963,#3702,.T.);
#7385=EDGE_CURVE('',#5962,#5964,#1118,.T.);
#7386=EDGE_CURVE('',#5964,#5965,#3703,.T.);
#7387=EDGE_CURVE('',#5965,#5966,#1119,.T.);
#7388=EDGE_CURVE('',#5966,#5899,#3704,.T.);
#7389=EDGE_CURVE('',#5898,#5967,#3705,.T.);
#7390=EDGE_CURVE('',#5967,#5968,#1120,.T.);
#7391=EDGE_CURVE('',#5969,#5968,#3706,.T.);
#7392=EDGE_CURVE('',#5969,#5970,#1121,.T.);
#7393=EDGE_CURVE('',#5971,#5970,#3707,.T.);
#7394=EDGE_CURVE('',#5971,#5972,#1122,.T.);
#7395=EDGE_CURVE('',#5972,#5973,#3708,.T.);
#7396=EDGE_CURVE('',#5973,#5974,#3709,.T.);
#7397=EDGE_CURVE('',#5974,#5975,#3710,.T.);
#7398=EDGE_CURVE('',#5975,#5976,#1123,.T.);
#7399=EDGE_CURVE('',#5977,#5976,#3711,.T.);
#7400=EDGE_CURVE('',#5963,#5977,#1124,.T.);
#7401=EDGE_CURVE('',#5959,#5966,#3712,.T.);
#7402=EDGE_CURVE('',#5978,#5979,#3713,.T.);
#7403=EDGE_CURVE('',#5978,#5980,#1125,.T.);
#7404=EDGE_CURVE('',#5980,#5981,#3714,.T.);
#7405=EDGE_CURVE('',#5981,#5982,#1126,.T.);
#7406=EDGE_CURVE('',#5982,#5903,#3715,.T.);
#7407=EDGE_CURVE('',#5902,#5983,#3716,.T.);
#7408=EDGE_CURVE('',#5983,#5984,#1127,.T.);
#7409=EDGE_CURVE('',#5985,#5984,#3717,.T.);
#7410=EDGE_CURVE('',#5985,#5986,#1128,.T.);
#7411=EDGE_CURVE('',#5987,#5986,#3718,.T.);
#7412=EDGE_CURVE('',#5987,#5988,#1129,.T.);
#7413=EDGE_CURVE('',#5988,#5989,#3719,.T.);
#7414=EDGE_CURVE('',#5989,#5990,#3720,.T.);
#7415=EDGE_CURVE('',#5990,#5991,#3721,.T.);
#7416=EDGE_CURVE('',#5991,#5992,#1130,.T.);
#7417=EDGE_CURVE('',#5993,#5992,#3722,.T.);
#7418=EDGE_CURVE('',#5979,#5993,#1131,.T.);
#7419=EDGE_CURVE('',#5982,#5994,#3723,.T.);
#7420=EDGE_CURVE('',#5994,#5904,#3724,.T.);
#7421=EDGE_CURVE('',#5995,#5996,#3725,.T.);
#7422=EDGE_CURVE('',#5996,#5997,#1132,.T.);
#7423=EDGE_CURVE('',#5997,#5998,#3726,.T.);
#7424=EDGE_CURVE('',#5999,#5998,#1133,.T.);
#7425=EDGE_CURVE('',#6000,#5999,#3727,.T.);
#7426=EDGE_CURVE('',#6001,#6000,#3728,.T.);
#7427=EDGE_CURVE('',#6002,#6001,#3729,.T.);
#7428=EDGE_CURVE('',#6003,#6002,#1134,.T.);
#7429=EDGE_CURVE('',#6003,#6004,#3730,.T.);
#7430=EDGE_CURVE('',#6005,#6004,#1135,.T.);
#7431=EDGE_CURVE('',#6005,#6006,#3731,.T.);
#7432=EDGE_CURVE('',#6007,#6006,#1136,.T.);
#7433=EDGE_CURVE('',#5905,#6007,#3732,.T.);
#7434=EDGE_CURVE('',#6008,#5994,#1137,.T.);
#7435=EDGE_CURVE('',#6009,#6008,#3733,.T.);
#7436=EDGE_CURVE('',#5995,#6009,#1138,.T.);
#7437=EDGE_CURVE('',#6010,#6011,#3734,.T.);
#7438=EDGE_CURVE('',#6011,#6012,#1139,.T.);
#7439=EDGE_CURVE('',#6012,#6013,#3735,.T.);
#7440=EDGE_CURVE('',#6014,#6013,#1140,.T.);
#7441=EDGE_CURVE('',#6015,#6014,#3736,.T.);
#7442=EDGE_CURVE('',#6016,#6015,#3737,.T.);
#7443=EDGE_CURVE('',#6017,#6016,#3738,.T.);
#7444=EDGE_CURVE('',#6018,#6017,#1141,.T.);
#7445=EDGE_CURVE('',#6018,#6019,#3739,.T.);
#7446=EDGE_CURVE('',#6020,#6019,#1142,.T.);
#7447=EDGE_CURVE('',#6020,#6021,#3740,.T.);
#7448=EDGE_CURVE('',#6022,#6021,#1143,.T.);
#7449=EDGE_CURVE('',#5909,#6022,#3741,.T.);
#7450=EDGE_CURVE('',#6023,#5908,#3742,.T.);
#7451=EDGE_CURVE('',#6024,#6023,#1144,.T.);
#7452=EDGE_CURVE('',#6025,#6024,#3743,.T.);
#7453=EDGE_CURVE('',#6010,#6025,#1145,.T.);
#7454=EDGE_CURVE('',#6026,#6027,#3744,.T.);
#7455=EDGE_CURVE('',#6026,#6028,#1146,.T.);
#7456=EDGE_CURVE('',#6028,#6029,#3745,.T.);
#7457=EDGE_CURVE('',#6029,#6030,#1147,.T.);
#7458=EDGE_CURVE('',#6030,#5907,#3746,.T.);
#7459=EDGE_CURVE('',#5906,#6031,#3747,.T.);
#7460=EDGE_CURVE('',#6031,#6032,#1148,.T.);
#7461=EDGE_CURVE('',#6033,#6032,#3748,.T.);
#7462=EDGE_CURVE('',#6033,#6034,#1149,.T.);
#7463=EDGE_CURVE('',#6035,#6034,#3749,.T.);
#7464=EDGE_CURVE('',#6035,#6036,#1150,.T.);
#7465=EDGE_CURVE('',#6036,#6037,#3750,.T.);
#7466=EDGE_CURVE('',#6037,#6038,#3751,.T.);
#7467=EDGE_CURVE('',#6038,#6039,#3752,.T.);
#7468=EDGE_CURVE('',#6039,#6040,#1151,.T.);
#7469=EDGE_CURVE('',#6041,#6040,#3753,.T.);
#7470=EDGE_CURVE('',#6027,#6041,#1152,.T.);
#7471=EDGE_CURVE('',#6030,#6023,#3754,.T.);
#7472=EDGE_CURVE('',#5958,#5967,#3755,.T.);
#7473=EDGE_CURVE('',#5983,#6007,#3756,.T.);
#7474=EDGE_CURVE('',#5943,#5919,#3757,.T.);
#7475=EDGE_CURVE('',#6031,#6022,#3758,.T.);
#7476=EDGE_CURVE('',#5931,#5914,#3759,.T.);
#7477=EDGE_CURVE('',#5932,#5915,#3760,.T.);
#7478=EDGE_CURVE('',#5945,#5916,#3761,.T.);
#7479=EDGE_CURVE('',#5933,#5929,#3762,.T.);
#7480=EDGE_CURVE('',#5944,#5917,#3763,.T.);
#7481=EDGE_CURVE('',#5934,#5928,#3764,.T.);
#7482=EDGE_CURVE('',#5935,#5927,#3765,.T.);
#7483=EDGE_CURVE('',#5936,#5926,#3766,.T.);
#7484=EDGE_CURVE('',#5937,#5925,#3767,.T.);
#7485=EDGE_CURVE('',#5938,#5924,#3768,.T.);
#7486=EDGE_CURVE('',#5942,#5920,#3769,.T.);
#7487=EDGE_CURVE('',#5939,#5923,#3770,.T.);
#7488=EDGE_CURVE('',#5941,#5921,#3771,.T.);
#7489=EDGE_CURVE('',#5940,#5922,#3772,.T.);
#7490=EDGE_CURVE('',#5946,#5962,#3773,.T.);
#7491=EDGE_CURVE('',#5947,#5963,#3774,.T.);
#7492=EDGE_CURVE('',#5961,#5964,#3775,.T.);
#7493=EDGE_CURVE('',#5948,#5977,#3776,.T.);
#7494=EDGE_CURVE('',#5960,#5965,#3777,.T.);
#7495=EDGE_CURVE('',#5949,#5976,#3778,.T.);
#7496=EDGE_CURVE('',#5950,#5975,#3779,.T.);
#7497=EDGE_CURVE('',#5951,#5974,#3780,.T.);
#7498=EDGE_CURVE('',#5952,#5973,#3781,.T.);
#7499=EDGE_CURVE('',#5953,#5972,#3782,.T.);
#7500=EDGE_CURVE('',#5957,#5968,#3783,.T.);
#7501=EDGE_CURVE('',#5954,#5971,#3784,.T.);
#7502=EDGE_CURVE('',#5956,#5969,#3785,.T.);
#7503=EDGE_CURVE('',#5955,#5970,#3786,.T.);
#7504=EDGE_CURVE('',#5979,#5996,#3787,.T.);
#7505=EDGE_CURVE('',#5978,#5995,#3788,.T.);
#7506=EDGE_CURVE('',#5980,#6009,#3789,.T.);
#7507=EDGE_CURVE('',#5993,#5997,#3790,.T.);
#7508=EDGE_CURVE('',#5981,#6008,#3791,.T.);
#7509=EDGE_CURVE('',#5992,#5998,#3792,.T.);
#7510=EDGE_CURVE('',#5991,#5999,#3793,.T.);
#7511=EDGE_CURVE('',#5990,#6000,#3794,.T.);
#7512=EDGE_CURVE('',#5989,#6001,#3795,.T.);
#7513=EDGE_CURVE('',#5988,#6002,#3796,.T.);
#7514=EDGE_CURVE('',#5984,#6006,#3797,.T.);
#7515=EDGE_CURVE('',#5987,#6003,#3798,.T.);
#7516=EDGE_CURVE('',#5985,#6005,#3799,.T.);
#7517=EDGE_CURVE('',#5986,#6004,#3800,.T.);
#7518=EDGE_CURVE('',#6027,#6011,#3801,.T.);
#7519=EDGE_CURVE('',#6026,#6010,#3802,.T.);
#7520=EDGE_CURVE('',#6028,#6025,#3803,.T.);
#7521=EDGE_CURVE('',#6041,#6012,#3804,.T.);
#7522=EDGE_CURVE('',#6029,#6024,#3805,.T.);
#7523=EDGE_CURVE('',#6040,#6013,#3806,.T.);
#7524=EDGE_CURVE('',#6039,#6014,#3807,.T.);
#7525=EDGE_CURVE('',#6038,#6015,#3808,.T.);
#7526=EDGE_CURVE('',#6037,#6016,#3809,.T.);
#7527=EDGE_CURVE('',#6036,#6017,#3810,.T.);
#7528=EDGE_CURVE('',#6032,#6021,#3811,.T.);
#7529=EDGE_CURVE('',#6035,#6018,#3812,.T.);
#7530=EDGE_CURVE('',#6033,#6020,#3813,.T.);
#7531=EDGE_CURVE('',#6034,#6019,#3814,.T.);
#7532=EDGE_CURVE('',#6042,#6043,#3815,.T.);
#7533=EDGE_CURVE('',#6043,#6044,#1153,.T.);
#7534=EDGE_CURVE('',#6045,#6044,#3816,.T.);
#7535=EDGE_CURVE('',#6042,#6045,#1154,.T.);
#7536=EDGE_CURVE('',#6046,#6047,#3817,.T.);
#7537=EDGE_CURVE('',#6047,#6043,#3818,.T.);
#7538=EDGE_CURVE('',#6046,#6042,#3819,.T.);
#7539=EDGE_CURVE('',#6044,#6048,#3820,.T.);
#7540=EDGE_CURVE('',#6049,#6048,#3821,.T.);
#7541=EDGE_CURVE('',#6045,#6049,#3822,.T.);
#7542=EDGE_CURVE('',#6049,#6050,#1155,.T.);
#7543=EDGE_CURVE('',#6050,#6051,#3823,.T.);
#7544=EDGE_CURVE('',#6051,#6052,#1156,.T.);
#7545=EDGE_CURVE('',#6052,#6053,#3824,.T.);
#7546=EDGE_CURVE('',#6053,#6046,#1157,.T.);
#7547=EDGE_CURVE('',#6054,#6054,#1158,.T.);
#7548=EDGE_CURVE('',#6055,#6055,#1159,.T.);
#7549=EDGE_CURVE('',#6056,#6056,#1160,.T.);
#7550=EDGE_CURVE('',#6057,#6057,#1161,.T.);
#7551=EDGE_CURVE('',#6058,#6058,#1162,.T.);
#7552=EDGE_CURVE('',#6059,#6059,#1163,.T.);
#7553=EDGE_CURVE('',#6060,#6060,#1164,.T.);
#7554=EDGE_CURVE('',#6061,#6061,#1165,.T.);
#7555=EDGE_CURVE('',#6062,#6062,#1166,.T.);
#7556=EDGE_CURVE('',#6063,#6063,#1167,.T.);
#7557=EDGE_CURVE('',#6064,#6064,#1168,.T.);
#7558=EDGE_CURVE('',#6065,#6065,#1169,.T.);
#7559=EDGE_CURVE('',#6066,#6066,#1170,.T.);
#7560=EDGE_CURVE('',#6067,#6067,#1171,.T.);
#7561=EDGE_CURVE('',#6068,#6068,#1172,.T.);
#7562=EDGE_CURVE('',#6069,#6069,#1173,.T.);
#7563=EDGE_CURVE('',#6070,#6070,#1174,.T.);
#7564=EDGE_CURVE('',#6071,#6071,#1175,.T.);
#7565=EDGE_CURVE('',#6072,#6072,#1176,.T.);
#7566=EDGE_CURVE('',#6073,#6073,#1177,.T.);
#7567=EDGE_CURVE('',#6074,#6074,#1178,.T.);
#7568=EDGE_CURVE('',#6075,#6075,#1179,.T.);
#7569=EDGE_CURVE('',#6076,#6076,#1180,.T.);
#7570=EDGE_CURVE('',#6077,#6077,#1181,.T.);
#7571=EDGE_CURVE('',#6078,#6078,#1182,.T.);
#7572=EDGE_CURVE('',#6079,#6079,#1183,.T.);
#7573=EDGE_CURVE('',#6080,#6080,#1184,.T.);
#7574=EDGE_CURVE('',#6081,#6081,#1185,.T.);
#7575=EDGE_CURVE('',#6082,#6082,#1186,.T.);
#7576=EDGE_CURVE('',#6083,#6083,#1187,.T.);
#7577=EDGE_CURVE('',#6084,#6084,#1188,.T.);
#7578=EDGE_CURVE('',#6085,#6085,#1189,.T.);
#7579=EDGE_CURVE('',#6086,#6086,#1190,.T.);
#7580=EDGE_CURVE('',#6087,#6087,#1191,.T.);
#7581=EDGE_CURVE('',#6088,#6088,#1192,.T.);
#7582=EDGE_CURVE('',#6089,#6089,#1193,.T.);
#7583=EDGE_CURVE('',#6090,#6090,#1194,.T.);
#7584=EDGE_CURVE('',#6091,#6091,#1195,.T.);
#7585=EDGE_CURVE('',#6092,#6092,#1196,.T.);
#7586=EDGE_CURVE('',#6093,#6093,#1197,.T.);
#7587=EDGE_CURVE('',#6094,#6094,#1198,.T.);
#7588=EDGE_CURVE('',#6095,#6047,#1199,.T.);
#7589=EDGE_CURVE('',#6096,#6095,#3825,.T.);
#7590=EDGE_CURVE('',#6097,#6096,#1200,.T.);
#7591=EDGE_CURVE('',#6098,#6097,#3826,.T.);
#7592=EDGE_CURVE('',#6048,#6098,#1201,.T.);
#7593=EDGE_CURVE('',#6099,#6099,#1202,.T.);
#7594=EDGE_CURVE('',#6100,#6100,#1203,.T.);
#7595=EDGE_CURVE('',#6101,#6101,#1204,.T.);
#7596=EDGE_CURVE('',#6102,#6102,#1205,.T.);
#7597=EDGE_CURVE('',#6103,#6103,#1206,.T.);
#7598=EDGE_CURVE('',#6104,#6104,#1207,.T.);
#7599=EDGE_CURVE('',#6105,#6105,#1208,.T.);
#7600=EDGE_CURVE('',#6106,#6106,#1209,.T.);
#7601=EDGE_CURVE('',#6107,#6107,#1210,.T.);
#7602=EDGE_CURVE('',#6108,#6108,#1211,.T.);
#7603=EDGE_CURVE('',#6109,#6109,#1212,.T.);
#7604=EDGE_CURVE('',#6110,#6110,#1213,.T.);
#7605=EDGE_CURVE('',#6111,#6111,#1214,.T.);
#7606=EDGE_CURVE('',#6112,#6112,#1215,.T.);
#7607=EDGE_CURVE('',#6113,#6113,#1216,.T.);
#7608=EDGE_CURVE('',#6114,#6114,#1217,.T.);
#7609=EDGE_CURVE('',#6115,#6115,#1218,.T.);
#7610=EDGE_CURVE('',#6116,#6116,#1219,.T.);
#7611=EDGE_CURVE('',#6117,#6117,#1220,.T.);
#7612=EDGE_CURVE('',#6118,#6118,#1221,.T.);
#7613=EDGE_CURVE('',#6119,#6119,#1222,.T.);
#7614=EDGE_CURVE('',#6120,#6120,#1223,.T.);
#7615=EDGE_CURVE('',#6121,#6121,#1224,.T.);
#7616=EDGE_CURVE('',#6122,#6122,#1225,.T.);
#7617=EDGE_CURVE('',#6123,#6123,#1226,.T.);
#7618=EDGE_CURVE('',#6124,#6124,#1227,.T.);
#7619=EDGE_CURVE('',#6125,#6125,#1228,.T.);
#7620=EDGE_CURVE('',#6126,#6126,#1229,.T.);
#7621=EDGE_CURVE('',#6127,#6127,#1230,.T.);
#7622=EDGE_CURVE('',#6128,#6128,#1231,.T.);
#7623=EDGE_CURVE('',#6129,#6129,#1232,.T.);
#7624=EDGE_CURVE('',#6130,#6130,#1233,.T.);
#7625=EDGE_CURVE('',#6131,#6131,#1234,.T.);
#7626=EDGE_CURVE('',#6132,#6132,#1235,.T.);
#7627=EDGE_CURVE('',#6133,#6133,#1236,.T.);
#7628=EDGE_CURVE('',#6134,#6134,#1237,.T.);
#7629=EDGE_CURVE('',#6135,#6135,#1238,.T.);
#7630=EDGE_CURVE('',#6136,#6136,#1239,.T.);
#7631=EDGE_CURVE('',#6137,#6137,#1240,.T.);
#7632=EDGE_CURVE('',#6138,#6138,#1241,.T.);
#7633=EDGE_CURVE('',#6139,#6139,#1242,.T.);
#7634=EDGE_CURVE('',#6053,#6095,#3827,.T.);
#7635=EDGE_CURVE('',#6050,#6098,#3828,.T.);
#7636=EDGE_CURVE('',#6052,#6096,#3829,.T.);
#7637=EDGE_CURVE('',#6051,#6097,#3830,.T.);
#7638=EDGE_CURVE('',#6099,#6054,#3831,.T.);
#7639=EDGE_CURVE('',#6100,#6055,#3832,.T.);
#7640=EDGE_CURVE('',#6101,#6056,#3833,.T.);
#7641=EDGE_CURVE('',#6102,#6057,#3834,.T.);
#7642=EDGE_CURVE('',#6103,#6058,#3835,.T.);
#7643=EDGE_CURVE('',#6104,#6059,#3836,.T.);
#7644=EDGE_CURVE('',#6105,#6060,#3837,.T.);
#7645=EDGE_CURVE('',#6106,#6061,#3838,.T.);
#7646=EDGE_CURVE('',#6107,#6062,#3839,.T.);
#7647=EDGE_CURVE('',#6108,#6063,#3840,.T.);
#7648=EDGE_CURVE('',#6109,#6064,#3841,.T.);
#7649=EDGE_CURVE('',#6110,#6065,#3842,.T.);
#7650=EDGE_CURVE('',#6111,#6066,#3843,.T.);
#7651=EDGE_CURVE('',#6112,#6067,#3844,.T.);
#7652=EDGE_CURVE('',#6113,#6068,#3845,.T.);
#7653=EDGE_CURVE('',#6114,#6069,#3846,.T.);
#7654=EDGE_CURVE('',#6115,#6070,#3847,.T.);
#7655=EDGE_CURVE('',#6116,#6071,#3848,.T.);
#7656=EDGE_CURVE('',#6117,#6072,#3849,.T.);
#7657=EDGE_CURVE('',#6118,#6073,#3850,.T.);
#7658=EDGE_CURVE('',#6119,#6074,#3851,.T.);
#7659=EDGE_CURVE('',#6120,#6075,#3852,.T.);
#7660=EDGE_CURVE('',#6121,#6076,#3853,.T.);
#7661=EDGE_CURVE('',#6122,#6077,#3854,.T.);
#7662=EDGE_CURVE('',#6123,#6078,#3855,.T.);
#7663=EDGE_CURVE('',#6124,#6079,#3856,.T.);
#7664=EDGE_CURVE('',#6125,#6080,#3857,.T.);
#7665=EDGE_CURVE('',#6126,#6081,#3858,.T.);
#7666=EDGE_CURVE('',#6127,#6082,#3859,.T.);
#7667=EDGE_CURVE('',#6128,#6083,#3860,.T.);
#7668=EDGE_CURVE('',#6129,#6084,#3861,.T.);
#7669=EDGE_CURVE('',#6130,#6085,#3862,.T.);
#7670=EDGE_CURVE('',#6131,#6086,#3863,.T.);
#7671=EDGE_CURVE('',#6132,#6087,#3864,.T.);
#7672=EDGE_CURVE('',#6133,#6088,#3865,.T.);
#7673=EDGE_CURVE('',#6134,#6089,#3866,.T.);
#7674=EDGE_CURVE('',#6135,#6090,#3867,.T.);
#7675=EDGE_CURVE('',#6136,#6091,#3868,.T.);
#7676=EDGE_CURVE('',#6137,#6092,#3869,.T.);
#7677=EDGE_CURVE('',#6138,#6093,#3870,.T.);
#7678=EDGE_CURVE('',#6139,#6094,#3871,.T.);
#7679=EDGE_CURVE('',#6140,#6141,#1243,.T.);
#7680=EDGE_CURVE('',#6141,#6140,#1244,.T.);
#7681=EDGE_CURVE('',#6141,#6142,#3872,.T.);
#7682=EDGE_CURVE('',#6142,#6142,#1245,.T.);
#7683=EDGE_CURVE('',#6143,#6144,#1246,.T.);
#7684=EDGE_CURVE('',#6144,#6143,#1247,.T.);
#7685=EDGE_CURVE('',#6143,#6140,#1248,.T.);
#7686=EDGE_CURVE('',#6145,#6146,#1249,.T.);
#7687=EDGE_CURVE('',#6146,#6145,#1250,.T.);
#7688=EDGE_CURVE('',#6146,#6144,#3873,.T.);
#7689=EDGE_CURVE('',#6147,#6148,#1251,.T.);
#7690=EDGE_CURVE('',#6148,#6147,#1252,.T.);
#7691=EDGE_CURVE('',#6147,#6145,#1253,.T.);
#7692=EDGE_CURVE('',#6149,#6149,#1254,.T.);
#7693=EDGE_CURVE('',#6149,#6148,#3874,.T.);
#7694=EDGE_CURVE('',#6150,#6150,#1255,.T.);
#7695=EDGE_CURVE('',#6150,#6151,#3875,.T.);
#7696=EDGE_CURVE('',#6151,#6151,#1256,.T.);
#7697=EDGE_CURVE('',#6152,#6152,#1257,.T.);
#7698=EDGE_CURVE('',#6153,#6153,#1258,.T.);
#7699=EDGE_CURVE('',#6152,#6154,#3876,.T.);
#7700=EDGE_CURVE('',#6154,#6154,#1259,.T.);
#7701=EDGE_CURVE('',#6155,#6155,#1260,.T.);
#7702=EDGE_CURVE('',#6155,#6153,#3877,.T.);
#7703=EDGE_CURVE('',#6156,#6156,#1261,.T.);
#7704=EDGE_CURVE('',#6156,#6154,#1262,.T.);
#7705=EDGE_CURVE('',#6155,#6157,#1263,.T.);
#7706=EDGE_CURVE('',#6157,#6157,#1264,.T.);
#7707=EDGE_CURVE('',#6158,#6159,#3878,.T.);
#7708=EDGE_CURVE('',#6159,#6160,#1265,.T.);
#7709=EDGE_CURVE('',#6160,#6161,#3879,.T.);
#7710=EDGE_CURVE('',#6162,#6161,#1266,.T.);
#7711=EDGE_CURVE('',#6163,#6162,#3880,.T.);
#7712=EDGE_CURVE('',#6163,#6164,#1267,.T.);
#7713=EDGE_CURVE('',#6165,#6164,#3881,.T.);
#7714=EDGE_CURVE('',#6158,#6165,#1268,.T.);
#7715=EDGE_CURVE('',#6166,#6167,#3882,.T.);
#7716=EDGE_CURVE('',#6159,#6167,#3883,.T.);
#7717=EDGE_CURVE('',#6158,#6166,#3884,.T.);
#7718=EDGE_CURVE('',#6165,#6168,#3885,.T.);
#7719=EDGE_CURVE('',#6166,#6168,#1269,.T.);
#7720=EDGE_CURVE('',#6167,#6169,#1270,.T.);
#7721=EDGE_CURVE('',#6160,#6169,#3886,.T.);
#7722=EDGE_CURVE('',#6164,#6170,#3887,.T.);
#7723=EDGE_CURVE('',#6168,#6170,#3888,.T.);
#7724=EDGE_CURVE('',#6169,#6171,#3889,.T.);
#7725=EDGE_CURVE('',#6161,#6171,#3890,.T.);
#7726=EDGE_CURVE('',#6163,#6172,#3891,.T.);
#7727=EDGE_CURVE('',#6172,#6170,#1271,.T.);
#7728=EDGE_CURVE('',#6173,#6171,#1272,.T.);
#7729=EDGE_CURVE('',#6162,#6173,#3892,.T.);
#7730=EDGE_CURVE('',#6172,#6173,#3893,.T.);
#7731=EDGE_CURVE('',#6174,#6175,#1273,.T.);
#7732=EDGE_CURVE('',#6174,#6176,#3894,.T.);
#7733=EDGE_CURVE('',#6176,#6177,#1274,.T.);
#7734=EDGE_CURVE('',#6177,#6178,#3895,.T.);
#7735=EDGE_CURVE('',#6179,#6178,#1275,.T.);
#7736=EDGE_CURVE('',#6180,#6179,#3896,.T.);
#7737=EDGE_CURVE('',#6180,#6181,#1276,.T.);
#7738=EDGE_CURVE('',#6175,#6181,#3897,.T.);
#7739=EDGE_CURVE('',#6175,#6182,#3898,.T.);
#7740=EDGE_CURVE('',#6183,#6182,#1277,.T.);
#7741=EDGE_CURVE('',#6174,#6183,#3899,.T.);
#7742=EDGE_CURVE('',#6181,#6184,#3900,.T.);
#7743=EDGE_CURVE('',#6182,#6184,#3901,.T.);
#7744=EDGE_CURVE('',#6180,#6185,#3902,.T.);
#7745=EDGE_CURVE('',#6185,#6184,#1278,.T.);
#7746=EDGE_CURVE('',#6185,#6186,#3903,.T.);
#7747=EDGE_CURVE('',#6179,#6186,#3904,.T.);
#7748=EDGE_CURVE('',#6178,#6187,#3905,.T.);
#7749=EDGE_CURVE('',#6186,#6187,#1279,.T.);
#7750=EDGE_CURVE('',#6177,#6188,#3906,.T.);
#7751=EDGE_CURVE('',#6188,#6187,#3907,.T.);
#7752=EDGE_CURVE('',#6176,#6189,#3908,.T.);
#7753=EDGE_CURVE('',#6189,#6188,#1280,.T.);
#7754=EDGE_CURVE('',#6183,#6189,#3909,.T.);
#7755=EDGE_CURVE('',#6190,#6191,#3910,.T.);
#7756=EDGE_CURVE('',#6191,#6192,#1281,.T.);
#7757=EDGE_CURVE('',#6192,#6193,#3911,.T.);
#7758=EDGE_CURVE('',#6194,#6193,#1282,.T.);
#7759=EDGE_CURVE('',#6195,#6194,#3912,.T.);
#7760=EDGE_CURVE('',#6195,#6196,#1283,.T.);
#7761=EDGE_CURVE('',#6197,#6196,#3913,.T.);
#7762=EDGE_CURVE('',#6190,#6197,#1284,.T.);
#7763=EDGE_CURVE('',#6198,#6199,#3914,.T.);
#7764=EDGE_CURVE('',#6191,#6199,#3915,.T.);
#7765=EDGE_CURVE('',#6190,#6198,#3916,.T.);
#7766=EDGE_CURVE('',#6197,#6200,#3917,.T.);
#7767=EDGE_CURVE('',#6198,#6200,#1285,.T.);
#7768=EDGE_CURVE('',#6199,#6201,#1286,.T.);
#7769=EDGE_CURVE('',#6192,#6201,#3918,.T.);
#7770=EDGE_CURVE('',#6196,#6202,#3919,.T.);
#7771=EDGE_CURVE('',#6200,#6202,#3920,.T.);
#7772=EDGE_CURVE('',#6201,#6203,#3921,.T.);
#7773=EDGE_CURVE('',#6193,#6203,#3922,.T.);
#7774=EDGE_CURVE('',#6195,#6204,#3923,.T.);
#7775=EDGE_CURVE('',#6204,#6202,#1287,.T.);
#7776=EDGE_CURVE('',#6205,#6203,#1288,.T.);
#7777=EDGE_CURVE('',#6194,#6205,#3924,.T.);
#7778=EDGE_CURVE('',#6204,#6205,#3925,.T.);
#7779=EDGE_CURVE('',#6206,#6207,#3926,.T.);
#7780=EDGE_CURVE('',#6207,#6208,#3927,.T.);
#7781=EDGE_CURVE('',#6209,#6208,#3928,.T.);
#7782=EDGE_CURVE('',#6206,#6209,#3929,.T.);
#7783=EDGE_CURVE('',#6210,#6211,#3930,.T.);
#7784=EDGE_CURVE('',#6212,#6211,#1289,.T.);
#7785=EDGE_CURVE('',#6213,#6212,#3931,.T.);
#7786=EDGE_CURVE('',#6213,#6214,#3932,.T.);
#7787=EDGE_CURVE('',#6214,#6215,#3933,.T.);
#7788=EDGE_CURVE('',#6215,#6216,#1290,.T.);
#7789=EDGE_CURVE('',#6217,#6216,#3934,.T.);
#7790=EDGE_CURVE('',#6207,#6217,#1291,.T.);
#7791=EDGE_CURVE('',#6206,#6210,#1292,.T.);
#7792=EDGE_CURVE('',#6209,#6218,#1293,.T.);
#7793=EDGE_CURVE('',#6210,#6218,#3935,.T.);
#7794=EDGE_CURVE('',#6217,#6219,#3936,.T.);
#7795=EDGE_CURVE('',#6208,#6219,#1294,.T.);
#7796=EDGE_CURVE('',#6218,#6220,#3937,.T.);
#7797=EDGE_CURVE('',#6219,#6221,#3938,.T.);
#7798=EDGE_CURVE('',#6222,#6221,#1295,.T.);
#7799=EDGE_CURVE('',#6223,#6222,#3939,.T.);
#7800=EDGE_CURVE('',#6224,#6223,#3940,.T.);
#7801=EDGE_CURVE('',#6224,#6225,#3941,.T.);
#7802=EDGE_CURVE('',#6225,#6220,#1296,.T.);
#7803=EDGE_CURVE('',#6211,#6220,#3942,.T.);
#7804=EDGE_CURVE('',#6212,#6225,#3943,.T.);
#7805=EDGE_CURVE('',#6212,#6226,#3944,.T.);
#7806=EDGE_CURVE('',#6226,#6227,#3945,.T.);
#7807=EDGE_CURVE('',#6227,#6228,#3946,.T.);
#7808=EDGE_CURVE('',#6229,#6228,#3947,.T.);
#7809=EDGE_CURVE('',#6215,#6229,#3948,.T.);
#7810=EDGE_CURVE('',#6216,#6221,#3949,.T.);
#7811=EDGE_CURVE('',#6215,#6222,#3950,.T.);
#7812=EDGE_CURVE('',#6222,#6230,#3951,.T.);
#7813=EDGE_CURVE('',#6230,#6231,#3952,.T.);
#7814=EDGE_CURVE('',#6232,#6231,#3953,.T.);
#7815=EDGE_CURVE('',#6233,#6232,#3954,.T.);
#7816=EDGE_CURVE('',#6225,#6233,#3955,.T.);
#7817=EDGE_CURVE('',#6226,#6233,#3956,.T.);
#7818=EDGE_CURVE('',#6234,#6235,#3957,.T.);
#7819=EDGE_CURVE('',#6236,#6235,#1297,.T.);
#7820=EDGE_CURVE('',#6236,#6237,#3958,.T.);
#7821=EDGE_CURVE('',#6237,#6238,#1298,.T.);
#7822=EDGE_CURVE('',#6239,#6238,#3959,.T.);
#7823=EDGE_CURVE('',#6229,#6239,#1299,.T.);
#7824=EDGE_CURVE('',#6226,#6234,#1300,.T.);
#7825=EDGE_CURVE('',#6229,#6240,#3960,.T.);
#7826=EDGE_CURVE('',#6241,#6240,#3961,.T.);
#7827=EDGE_CURVE('',#6215,#6241,#3962,.T.);
#7828=EDGE_CURVE('',#6241,#6242,#3963,.T.);
#7829=EDGE_CURVE('',#6222,#6242,#3964,.T.);
#7830=EDGE_CURVE('',#6243,#6244,#3965,.T.);
#7831=EDGE_CURVE('',#6233,#6243,#1301,.T.);
#7832=EDGE_CURVE('',#6230,#6245,#1302,.T.);
#7833=EDGE_CURVE('',#6245,#6246,#3966,.T.);
#7834=EDGE_CURVE('',#6247,#6246,#1303,.T.);
#7835=EDGE_CURVE('',#6248,#6247,#3967,.T.);
#7836=EDGE_CURVE('',#6248,#6244,#1304,.T.);
#7837=EDGE_CURVE('',#6242,#6249,#3968,.T.);
#7838=EDGE_CURVE('',#6230,#6249,#3969,.T.);
#7839=EDGE_CURVE('',#6234,#6243,#3970,.T.);
#7840=EDGE_CURVE('',#6235,#6244,#3971,.T.);
#7841=EDGE_CURVE('',#6236,#6248,#3972,.T.);
#7842=EDGE_CURVE('',#6237,#6247,#3973,.T.);
#7843=EDGE_CURVE('',#6238,#6246,#3974,.T.);
#7844=EDGE_CURVE('',#6239,#6245,#3975,.T.);
#7845=EDGE_CURVE('',#6229,#6230,#3976,.T.);
#7846=EDGE_CURVE('',#6240,#6249,#3977,.T.);
#7847=ORIENTED_EDGE('',*,*,#6250,.F.);
#7848=ORIENTED_EDGE('',*,*,#6251,.F.);
#7849=ORIENTED_EDGE('',*,*,#6252,.F.);
#7850=ORIENTED_EDGE('',*,*,#6253,.T.);
#7851=ORIENTED_EDGE('',*,*,#6254,.F.);
#7852=ORIENTED_EDGE('',*,*,#6253,.F.);
#7853=ORIENTED_EDGE('',*,*,#6255,.F.);
#7854=ORIENTED_EDGE('',*,*,#6256,.T.);
#7855=ORIENTED_EDGE('',*,*,#6257,.F.);
#7856=ORIENTED_EDGE('',*,*,#6256,.F.);
#7857=ORIENTED_EDGE('',*,*,#6258,.F.);
#7858=ORIENTED_EDGE('',*,*,#6259,.T.);
#7859=ORIENTED_EDGE('',*,*,#6260,.F.);
#7860=ORIENTED_EDGE('',*,*,#6259,.F.);
#7861=ORIENTED_EDGE('',*,*,#6261,.F.);
#7862=ORIENTED_EDGE('',*,*,#6251,.T.);
#7863=ORIENTED_EDGE('',*,*,#6262,.F.);
#7864=ORIENTED_EDGE('',*,*,#6263,.F.);
#7865=ORIENTED_EDGE('',*,*,#6264,.F.);
#7866=ORIENTED_EDGE('',*,*,#6265,.F.);
#7867=ORIENTED_EDGE('',*,*,#6266,.F.);
#7868=ORIENTED_EDGE('',*,*,#6267,.T.);
#7869=ORIENTED_EDGE('',*,*,#6268,.F.);
#7870=ORIENTED_EDGE('',*,*,#6267,.F.);
#7871=ORIENTED_EDGE('',*,*,#6266,.T.);
#7872=ORIENTED_EDGE('',*,*,#6269,.T.);
#7873=ORIENTED_EDGE('',*,*,#6270,.F.);
#7874=ORIENTED_EDGE('',*,*,#6271,.T.);
#7875=ORIENTED_EDGE('',*,*,#6272,.F.);
#7876=ORIENTED_EDGE('',*,*,#6271,.F.);
#7877=ORIENTED_EDGE('',*,*,#6270,.T.);
#7878=ORIENTED_EDGE('',*,*,#6273,.T.);
#7879=ORIENTED_EDGE('',*,*,#6274,.F.);
#7880=ORIENTED_EDGE('',*,*,#6275,.T.);
#7881=ORIENTED_EDGE('',*,*,#6276,.F.);
#7882=ORIENTED_EDGE('',*,*,#6275,.F.);
#7883=ORIENTED_EDGE('',*,*,#6274,.T.);
#7884=ORIENTED_EDGE('',*,*,#6277,.T.);
#7885=ORIENTED_EDGE('',*,*,#6278,.F.);
#7886=ORIENTED_EDGE('',*,*,#6279,.T.);
#7887=ORIENTED_EDGE('',*,*,#6280,.F.);
#7888=ORIENTED_EDGE('',*,*,#6279,.F.);
#7889=ORIENTED_EDGE('',*,*,#6278,.T.);
#7890=ORIENTED_EDGE('',*,*,#6281,.T.);
#7891=ORIENTED_EDGE('',*,*,#6282,.F.);
#7892=ORIENTED_EDGE('',*,*,#6283,.F.);
#7893=ORIENTED_EDGE('',*,*,#6284,.F.);
#7894=ORIENTED_EDGE('',*,*,#6285,.T.);
#7895=ORIENTED_EDGE('',*,*,#6286,.F.);
#7896=ORIENTED_EDGE('',*,*,#6285,.F.);
#7897=ORIENTED_EDGE('',*,*,#6287,.F.);
#7898=ORIENTED_EDGE('',*,*,#6288,.T.);
#7899=ORIENTED_EDGE('',*,*,#6289,.F.);
#7900=ORIENTED_EDGE('',*,*,#6288,.F.);
#7901=ORIENTED_EDGE('',*,*,#6290,.F.);
#7902=ORIENTED_EDGE('',*,*,#6291,.T.);
#7903=ORIENTED_EDGE('',*,*,#6292,.F.);
#7904=ORIENTED_EDGE('',*,*,#6291,.F.);
#7905=ORIENTED_EDGE('',*,*,#6293,.F.);
#7906=ORIENTED_EDGE('',*,*,#6283,.T.);
#7907=ORIENTED_EDGE('',*,*,#6294,.F.);
#7908=ORIENTED_EDGE('',*,*,#6295,.T.);
#7909=ORIENTED_EDGE('',*,*,#6296,.F.);
#7910=ORIENTED_EDGE('',*,*,#6297,.F.);
#7911=ORIENTED_EDGE('',*,*,#6289,.T.);
#7912=ORIENTED_EDGE('',*,*,#6292,.T.);
#7913=ORIENTED_EDGE('',*,*,#6282,.T.);
#7914=ORIENTED_EDGE('',*,*,#6286,.T.);
#7915=ORIENTED_EDGE('',*,*,#6298,.F.);
#7916=ORIENTED_EDGE('',*,*,#6297,.T.);
#7917=ORIENTED_EDGE('',*,*,#6299,.F.);
#7918=ORIENTED_EDGE('',*,*,#6300,.F.);
#7919=ORIENTED_EDGE('',*,*,#6301,.F.);
#7920=ORIENTED_EDGE('',*,*,#6300,.T.);
#7921=ORIENTED_EDGE('',*,*,#6302,.F.);
#7922=ORIENTED_EDGE('',*,*,#6303,.F.);
#7923=ORIENTED_EDGE('',*,*,#6304,.F.);
#7924=ORIENTED_EDGE('',*,*,#6303,.T.);
#7925=ORIENTED_EDGE('',*,*,#6305,.F.);
#7926=ORIENTED_EDGE('',*,*,#6306,.F.);
#7927=ORIENTED_EDGE('',*,*,#6307,.F.);
#7928=ORIENTED_EDGE('',*,*,#6306,.T.);
#7929=ORIENTED_EDGE('',*,*,#6308,.F.);
#7930=ORIENTED_EDGE('',*,*,#6309,.F.);
#7931=ORIENTED_EDGE('',*,*,#6257,.T.);
#7932=ORIENTED_EDGE('',*,*,#6260,.T.);
#7933=ORIENTED_EDGE('',*,*,#6250,.T.);
#7934=ORIENTED_EDGE('',*,*,#6254,.T.);
#7935=ORIENTED_EDGE('',*,*,#6310,.F.);
#7936=ORIENTED_EDGE('',*,*,#6309,.T.);
#7937=ORIENTED_EDGE('',*,*,#6311,.F.);
#7938=ORIENTED_EDGE('',*,*,#6312,.F.);
#7939=ORIENTED_EDGE('',*,*,#6313,.F.);
#7940=ORIENTED_EDGE('',*,*,#6312,.T.);
#7941=ORIENTED_EDGE('',*,*,#6314,.F.);
#7942=ORIENTED_EDGE('',*,*,#6315,.F.);
#7943=ORIENTED_EDGE('',*,*,#6316,.F.);
#7944=ORIENTED_EDGE('',*,*,#6315,.T.);
#7945=ORIENTED_EDGE('',*,*,#6317,.F.);
#7946=ORIENTED_EDGE('',*,*,#6295,.F.);
#7947=ORIENTED_EDGE('',*,*,#6318,.T.);
#7948=ORIENTED_EDGE('',*,*,#6319,.T.);
#7949=ORIENTED_EDGE('',*,*,#6320,.T.);
#7950=ORIENTED_EDGE('',*,*,#6321,.T.);
#7951=ORIENTED_EDGE('',*,*,#6322,.T.);
#7952=ORIENTED_EDGE('',*,*,#6323,.T.);
#7953=ORIENTED_EDGE('',*,*,#6324,.T.);
#7954=ORIENTED_EDGE('',*,*,#6325,.T.);
#7955=ORIENTED_EDGE('',*,*,#6317,.T.);
#7956=ORIENTED_EDGE('',*,*,#6314,.T.);
#7957=ORIENTED_EDGE('',*,*,#6311,.T.);
#7958=ORIENTED_EDGE('',*,*,#6308,.T.);
#7959=ORIENTED_EDGE('',*,*,#6305,.T.);
#7960=ORIENTED_EDGE('',*,*,#6302,.T.);
#7961=ORIENTED_EDGE('',*,*,#6299,.T.);
#7962=ORIENTED_EDGE('',*,*,#6296,.T.);
#7963=ORIENTED_EDGE('',*,*,#6263,.T.);
#7964=ORIENTED_EDGE('',*,*,#6326,.T.);
#7965=ORIENTED_EDGE('',*,*,#6281,.F.);
#7966=ORIENTED_EDGE('',*,*,#6326,.F.);
#7967=ORIENTED_EDGE('',*,*,#6265,.T.);
#7968=ORIENTED_EDGE('',*,*,#6327,.T.);
#7969=ORIENTED_EDGE('',*,*,#6273,.F.);
#7970=ORIENTED_EDGE('',*,*,#6327,.F.);
#7971=ORIENTED_EDGE('',*,*,#6264,.T.);
#7972=ORIENTED_EDGE('',*,*,#6328,.T.);
#7973=ORIENTED_EDGE('',*,*,#6269,.F.);
#7974=ORIENTED_EDGE('',*,*,#6328,.F.);
#7975=ORIENTED_EDGE('',*,*,#6262,.T.);
#7976=ORIENTED_EDGE('',*,*,#6329,.T.);
#7977=ORIENTED_EDGE('',*,*,#6277,.F.);
#7978=ORIENTED_EDGE('',*,*,#6329,.F.);
#7979=ORIENTED_EDGE('',*,*,#6330,.F.);
#7980=ORIENTED_EDGE('',*,*,#6331,.F.);
#7981=ORIENTED_EDGE('',*,*,#6332,.T.);
#7982=ORIENTED_EDGE('',*,*,#6319,.F.);
#7983=ORIENTED_EDGE('',*,*,#6290,.T.);
#7984=ORIENTED_EDGE('',*,*,#6287,.T.);
#7985=ORIENTED_EDGE('',*,*,#6284,.T.);
#7986=ORIENTED_EDGE('',*,*,#6293,.T.);
#7987=ORIENTED_EDGE('',*,*,#6332,.F.);
#7988=ORIENTED_EDGE('',*,*,#6333,.F.);
#7989=ORIENTED_EDGE('',*,*,#6334,.T.);
#7990=ORIENTED_EDGE('',*,*,#6320,.F.);
#7991=ORIENTED_EDGE('',*,*,#6334,.F.);
#7992=ORIENTED_EDGE('',*,*,#6335,.F.);
#7993=ORIENTED_EDGE('',*,*,#6336,.T.);
#7994=ORIENTED_EDGE('',*,*,#6321,.F.);
#7995=ORIENTED_EDGE('',*,*,#6336,.F.);
#7996=ORIENTED_EDGE('',*,*,#6337,.F.);
#7997=ORIENTED_EDGE('',*,*,#6338,.T.);
#7998=ORIENTED_EDGE('',*,*,#6322,.F.);
#7999=ORIENTED_EDGE('',*,*,#6338,.F.);
#8000=ORIENTED_EDGE('',*,*,#6339,.F.);
#8001=ORIENTED_EDGE('',*,*,#6340,.T.);
#8002=ORIENTED_EDGE('',*,*,#6323,.F.);
#8003=ORIENTED_EDGE('',*,*,#6258,.T.);
#8004=ORIENTED_EDGE('',*,*,#6255,.T.);
#8005=ORIENTED_EDGE('',*,*,#6252,.T.);
#8006=ORIENTED_EDGE('',*,*,#6261,.T.);
#8007=ORIENTED_EDGE('',*,*,#6340,.F.);
#8008=ORIENTED_EDGE('',*,*,#6341,.F.);
#8009=ORIENTED_EDGE('',*,*,#6342,.T.);
#8010=ORIENTED_EDGE('',*,*,#6324,.F.);
#8011=ORIENTED_EDGE('',*,*,#6342,.F.);
#8012=ORIENTED_EDGE('',*,*,#6343,.F.);
#8013=ORIENTED_EDGE('',*,*,#6344,.F.);
#8014=ORIENTED_EDGE('',*,*,#6325,.F.);
#8015=ORIENTED_EDGE('',*,*,#6344,.T.);
#8016=ORIENTED_EDGE('',*,*,#6345,.F.);
#8017=ORIENTED_EDGE('',*,*,#6330,.T.);
#8018=ORIENTED_EDGE('',*,*,#6318,.F.);
#8019=ORIENTED_EDGE('',*,*,#6294,.T.);
#8020=ORIENTED_EDGE('',*,*,#6298,.T.);
#8021=ORIENTED_EDGE('',*,*,#6301,.T.);
#8022=ORIENTED_EDGE('',*,*,#6304,.T.);
#8023=ORIENTED_EDGE('',*,*,#6307,.T.);
#8024=ORIENTED_EDGE('',*,*,#6310,.T.);
#8025=ORIENTED_EDGE('',*,*,#6313,.T.);
#8026=ORIENTED_EDGE('',*,*,#6316,.T.);
#8027=ORIENTED_EDGE('',*,*,#6268,.T.);
#8028=ORIENTED_EDGE('',*,*,#6272,.T.);
#8029=ORIENTED_EDGE('',*,*,#6276,.T.);
#8030=ORIENTED_EDGE('',*,*,#6280,.T.);
#8031=ORIENTED_EDGE('',*,*,#6345,.T.);
#8032=ORIENTED_EDGE('',*,*,#6343,.T.);
#8033=ORIENTED_EDGE('',*,*,#6341,.T.);
#8034=ORIENTED_EDGE('',*,*,#6339,.T.);
#8035=ORIENTED_EDGE('',*,*,#6337,.T.);
#8036=ORIENTED_EDGE('',*,*,#6335,.T.);
#8037=ORIENTED_EDGE('',*,*,#6333,.T.);
#8038=ORIENTED_EDGE('',*,*,#6331,.T.);
#8039=ORIENTED_EDGE('',*,*,#6346,.F.);
#8040=ORIENTED_EDGE('',*,*,#6347,.F.);
#8041=ORIENTED_EDGE('',*,*,#6348,.F.);
#8042=ORIENTED_EDGE('',*,*,#6349,.T.);
#8043=ORIENTED_EDGE('',*,*,#6350,.F.);
#8044=ORIENTED_EDGE('',*,*,#6349,.F.);
#8045=ORIENTED_EDGE('',*,*,#6351,.F.);
#8046=ORIENTED_EDGE('',*,*,#6352,.T.);
#8047=ORIENTED_EDGE('',*,*,#6353,.F.);
#8048=ORIENTED_EDGE('',*,*,#6352,.F.);
#8049=ORIENTED_EDGE('',*,*,#6354,.F.);
#8050=ORIENTED_EDGE('',*,*,#6355,.T.);
#8051=ORIENTED_EDGE('',*,*,#6356,.F.);
#8052=ORIENTED_EDGE('',*,*,#6355,.F.);
#8053=ORIENTED_EDGE('',*,*,#6357,.F.);
#8054=ORIENTED_EDGE('',*,*,#6347,.T.);
#8055=ORIENTED_EDGE('',*,*,#6358,.F.);
#8056=ORIENTED_EDGE('',*,*,#6359,.T.);
#8057=ORIENTED_EDGE('',*,*,#6360,.T.);
#8058=ORIENTED_EDGE('',*,*,#6359,.F.);
#8059=ORIENTED_EDGE('',*,*,#6360,.F.);
#8060=ORIENTED_EDGE('',*,*,#6361,.F.);
#8061=ORIENTED_EDGE('',*,*,#6361,.T.);
#8062=ORIENTED_EDGE('',*,*,#6362,.T.);
#8063=ORIENTED_EDGE('',*,*,#6363,.F.);
#8064=ORIENTED_EDGE('',*,*,#6362,.F.);
#8065=ORIENTED_EDGE('',*,*,#6364,.F.);
#8066=ORIENTED_EDGE('',*,*,#6365,.T.);
#8067=ORIENTED_EDGE('',*,*,#6366,.T.);
#8068=ORIENTED_EDGE('',*,*,#6365,.F.);
#8069=ORIENTED_EDGE('',*,*,#6366,.F.);
#8070=ORIENTED_EDGE('',*,*,#6367,.F.);
#8071=ORIENTED_EDGE('',*,*,#6367,.T.);
#8072=ORIENTED_EDGE('',*,*,#6368,.T.);
#8073=ORIENTED_EDGE('',*,*,#6369,.F.);
#8074=ORIENTED_EDGE('',*,*,#6368,.F.);
#8075=ORIENTED_EDGE('',*,*,#6370,.F.);
#8076=ORIENTED_EDGE('',*,*,#6371,.T.);
#8077=ORIENTED_EDGE('',*,*,#6372,.F.);
#8078=ORIENTED_EDGE('',*,*,#6371,.F.);
#8079=ORIENTED_EDGE('',*,*,#6373,.F.);
#8080=ORIENTED_EDGE('',*,*,#6374,.T.);
#8081=ORIENTED_EDGE('',*,*,#6375,.F.);
#8082=ORIENTED_EDGE('',*,*,#6374,.F.);
#8083=ORIENTED_EDGE('',*,*,#6376,.F.);
#8084=ORIENTED_EDGE('',*,*,#6377,.T.);
#8085=ORIENTED_EDGE('',*,*,#6378,.F.);
#8086=ORIENTED_EDGE('',*,*,#6377,.F.);
#8087=ORIENTED_EDGE('',*,*,#6379,.F.);
#8088=ORIENTED_EDGE('',*,*,#6380,.T.);
#8089=ORIENTED_EDGE('',*,*,#6381,.F.);
#8090=ORIENTED_EDGE('',*,*,#6380,.F.);
#8091=ORIENTED_EDGE('',*,*,#6382,.T.);
#8092=ORIENTED_EDGE('',*,*,#6383,.T.);
#8093=ORIENTED_EDGE('',*,*,#6384,.F.);
#8094=ORIENTED_EDGE('',*,*,#6385,.F.);
#8095=ORIENTED_EDGE('',*,*,#6386,.T.);
#8096=ORIENTED_EDGE('',*,*,#6385,.T.);
#8097=ORIENTED_EDGE('',*,*,#6387,.F.);
#8098=ORIENTED_EDGE('',*,*,#6388,.F.);
#8099=ORIENTED_EDGE('',*,*,#6389,.T.);
#8100=ORIENTED_EDGE('',*,*,#6388,.T.);
#8101=ORIENTED_EDGE('',*,*,#6390,.F.);
#8102=ORIENTED_EDGE('',*,*,#6391,.F.);
#8103=ORIENTED_EDGE('',*,*,#6392,.T.);
#8104=ORIENTED_EDGE('',*,*,#6391,.T.);
#8105=ORIENTED_EDGE('',*,*,#6393,.F.);
#8106=ORIENTED_EDGE('',*,*,#6394,.F.);
#8107=ORIENTED_EDGE('',*,*,#6395,.T.);
#8108=ORIENTED_EDGE('',*,*,#6394,.T.);
#8109=ORIENTED_EDGE('',*,*,#6396,.F.);
#8110=ORIENTED_EDGE('',*,*,#6397,.F.);
#8111=ORIENTED_EDGE('',*,*,#6398,.T.);
#8112=ORIENTED_EDGE('',*,*,#6397,.T.);
#8113=ORIENTED_EDGE('',*,*,#6399,.F.);
#8114=ORIENTED_EDGE('',*,*,#6400,.F.);
#8115=ORIENTED_EDGE('',*,*,#6401,.T.);
#8116=ORIENTED_EDGE('',*,*,#6400,.T.);
#8117=ORIENTED_EDGE('',*,*,#6402,.F.);
#8118=ORIENTED_EDGE('',*,*,#6403,.F.);
#8119=ORIENTED_EDGE('',*,*,#6404,.T.);
#8120=ORIENTED_EDGE('',*,*,#6403,.T.);
#8121=ORIENTED_EDGE('',*,*,#6405,.F.);
#8122=ORIENTED_EDGE('',*,*,#6383,.F.);
#8123=ORIENTED_EDGE('',*,*,#6405,.T.);
#8124=ORIENTED_EDGE('',*,*,#6402,.T.);
#8125=ORIENTED_EDGE('',*,*,#6399,.T.);
#8126=ORIENTED_EDGE('',*,*,#6396,.T.);
#8127=ORIENTED_EDGE('',*,*,#6393,.T.);
#8128=ORIENTED_EDGE('',*,*,#6390,.T.);
#8129=ORIENTED_EDGE('',*,*,#6387,.T.);
#8130=ORIENTED_EDGE('',*,*,#6384,.T.);
#8131=ORIENTED_EDGE('',*,*,#6354,.T.);
#8132=ORIENTED_EDGE('',*,*,#6351,.T.);
#8133=ORIENTED_EDGE('',*,*,#6348,.T.);
#8134=ORIENTED_EDGE('',*,*,#6357,.T.);
#8135=ORIENTED_EDGE('',*,*,#6363,.T.);
#8136=ORIENTED_EDGE('',*,*,#6369,.T.);
#8137=ORIENTED_EDGE('',*,*,#6370,.T.);
#8138=ORIENTED_EDGE('',*,*,#6373,.T.);
#8139=ORIENTED_EDGE('',*,*,#6376,.T.);
#8140=ORIENTED_EDGE('',*,*,#6379,.T.);
#8141=ORIENTED_EDGE('',*,*,#6404,.F.);
#8142=ORIENTED_EDGE('',*,*,#6382,.F.);
#8143=ORIENTED_EDGE('',*,*,#6386,.F.);
#8144=ORIENTED_EDGE('',*,*,#6389,.F.);
#8145=ORIENTED_EDGE('',*,*,#6392,.F.);
#8146=ORIENTED_EDGE('',*,*,#6395,.F.);
#8147=ORIENTED_EDGE('',*,*,#6398,.F.);
#8148=ORIENTED_EDGE('',*,*,#6401,.F.);
#8149=ORIENTED_EDGE('',*,*,#6353,.T.);
#8150=ORIENTED_EDGE('',*,*,#6356,.T.);
#8151=ORIENTED_EDGE('',*,*,#6346,.T.);
#8152=ORIENTED_EDGE('',*,*,#6350,.T.);
#8153=ORIENTED_EDGE('',*,*,#6358,.T.);
#8154=ORIENTED_EDGE('',*,*,#6364,.T.);
#8155=ORIENTED_EDGE('',*,*,#6372,.T.);
#8156=ORIENTED_EDGE('',*,*,#6375,.T.);
#8157=ORIENTED_EDGE('',*,*,#6378,.T.);
#8158=ORIENTED_EDGE('',*,*,#6381,.T.);
#8159=ORIENTED_EDGE('',*,*,#6406,.F.);
#8160=ORIENTED_EDGE('',*,*,#6407,.T.);
#8161=ORIENTED_EDGE('',*,*,#6408,.T.);
#8162=ORIENTED_EDGE('',*,*,#6409,.F.);
#8163=ORIENTED_EDGE('',*,*,#6410,.F.);
#8164=ORIENTED_EDGE('',*,*,#6411,.F.);
#8165=ORIENTED_EDGE('',*,*,#6412,.F.);
#8166=ORIENTED_EDGE('',*,*,#6413,.F.);
#8167=ORIENTED_EDGE('',*,*,#6414,.T.);
#8168=ORIENTED_EDGE('',*,*,#6415,.T.);
#8169=ORIENTED_EDGE('',*,*,#6416,.F.);
#8170=ORIENTED_EDGE('',*,*,#6417,.T.);
#8171=ORIENTED_EDGE('',*,*,#6418,.T.);
#8172=ORIENTED_EDGE('',*,*,#6406,.T.);
#8173=ORIENTED_EDGE('',*,*,#6419,.T.);
#8174=ORIENTED_EDGE('',*,*,#6420,.F.);
#8175=ORIENTED_EDGE('',*,*,#6421,.F.);
#8176=ORIENTED_EDGE('',*,*,#6410,.T.);
#8177=ORIENTED_EDGE('',*,*,#6409,.T.);
#8178=ORIENTED_EDGE('',*,*,#6422,.F.);
#8179=ORIENTED_EDGE('',*,*,#6423,.F.);
#8180=ORIENTED_EDGE('',*,*,#6424,.F.);
#8181=ORIENTED_EDGE('',*,*,#6425,.T.);
#8182=ORIENTED_EDGE('',*,*,#6426,.T.);
#8183=ORIENTED_EDGE('',*,*,#6427,.F.);
#8184=ORIENTED_EDGE('',*,*,#6428,.T.);
#8185=ORIENTED_EDGE('',*,*,#6422,.T.);
#8186=ORIENTED_EDGE('',*,*,#6408,.F.);
#8187=ORIENTED_EDGE('',*,*,#6429,.T.);
#8188=ORIENTED_EDGE('',*,*,#6430,.F.);
#8189=ORIENTED_EDGE('',*,*,#6431,.T.);
#8190=ORIENTED_EDGE('',*,*,#6432,.T.);
#8191=ORIENTED_EDGE('',*,*,#6433,.F.);
#8192=ORIENTED_EDGE('',*,*,#6434,.F.);
#8193=ORIENTED_EDGE('',*,*,#6407,.F.);
#8194=ORIENTED_EDGE('',*,*,#6418,.F.);
#8195=ORIENTED_EDGE('',*,*,#6435,.T.);
#8196=ORIENTED_EDGE('',*,*,#6429,.F.);
#8197=ORIENTED_EDGE('',*,*,#6436,.F.);
#8198=ORIENTED_EDGE('',*,*,#6411,.T.);
#8199=ORIENTED_EDGE('',*,*,#6421,.T.);
#8200=ORIENTED_EDGE('',*,*,#6437,.F.);
#8201=ORIENTED_EDGE('',*,*,#6438,.F.);
#8202=ORIENTED_EDGE('',*,*,#6412,.T.);
#8203=ORIENTED_EDGE('',*,*,#6436,.T.);
#8204=ORIENTED_EDGE('',*,*,#6439,.F.);
#8205=ORIENTED_EDGE('',*,*,#6440,.F.);
#8206=ORIENTED_EDGE('',*,*,#6413,.T.);
#8207=ORIENTED_EDGE('',*,*,#6438,.T.);
#8208=ORIENTED_EDGE('',*,*,#6441,.F.);
#8209=ORIENTED_EDGE('',*,*,#6442,.T.);
#8210=ORIENTED_EDGE('',*,*,#6443,.F.);
#8211=ORIENTED_EDGE('',*,*,#6444,.F.);
#8212=ORIENTED_EDGE('',*,*,#6445,.F.);
#8213=ORIENTED_EDGE('',*,*,#6414,.F.);
#8214=ORIENTED_EDGE('',*,*,#6440,.T.);
#8215=ORIENTED_EDGE('',*,*,#6446,.F.);
#8216=ORIENTED_EDGE('',*,*,#6447,.F.);
#8217=ORIENTED_EDGE('',*,*,#6445,.T.);
#8218=ORIENTED_EDGE('',*,*,#6448,.F.);
#8219=ORIENTED_EDGE('',*,*,#6449,.F.);
#8220=ORIENTED_EDGE('',*,*,#6450,.F.);
#8221=ORIENTED_EDGE('',*,*,#6451,.T.);
#8222=ORIENTED_EDGE('',*,*,#6452,.F.);
#8223=ORIENTED_EDGE('',*,*,#6453,.T.);
#8224=ORIENTED_EDGE('',*,*,#6454,.T.);
#8225=ORIENTED_EDGE('',*,*,#6455,.T.);
#8226=ORIENTED_EDGE('',*,*,#6456,.T.);
#8227=ORIENTED_EDGE('',*,*,#6457,.T.);
#8228=ORIENTED_EDGE('',*,*,#6458,.T.);
#8229=ORIENTED_EDGE('',*,*,#6459,.F.);
#8230=ORIENTED_EDGE('',*,*,#6460,.F.);
#8231=ORIENTED_EDGE('',*,*,#6461,.F.);
#8232=ORIENTED_EDGE('',*,*,#6462,.F.);
#8233=ORIENTED_EDGE('',*,*,#6463,.F.);
#8234=ORIENTED_EDGE('',*,*,#6415,.F.);
#8235=ORIENTED_EDGE('',*,*,#6464,.F.);
#8236=ORIENTED_EDGE('',*,*,#6416,.T.);
#8237=ORIENTED_EDGE('',*,*,#6463,.T.);
#8238=ORIENTED_EDGE('',*,*,#6465,.T.);
#8239=ORIENTED_EDGE('',*,*,#6466,.F.);
#8240=ORIENTED_EDGE('',*,*,#6431,.F.);
#8241=ORIENTED_EDGE('',*,*,#6417,.F.);
#8242=ORIENTED_EDGE('',*,*,#6464,.T.);
#8243=ORIENTED_EDGE('',*,*,#6430,.T.);
#8244=ORIENTED_EDGE('',*,*,#6435,.F.);
#8245=ORIENTED_EDGE('',*,*,#6467,.T.);
#8246=ORIENTED_EDGE('',*,*,#6468,.F.);
#8247=ORIENTED_EDGE('',*,*,#6469,.F.);
#8248=ORIENTED_EDGE('',*,*,#6470,.T.);
#8249=ORIENTED_EDGE('',*,*,#6471,.T.);
#8250=ORIENTED_EDGE('',*,*,#6472,.F.);
#8251=ORIENTED_EDGE('',*,*,#6473,.F.);
#8252=ORIENTED_EDGE('',*,*,#6474,.T.);
#8253=ORIENTED_EDGE('',*,*,#6447,.T.);
#8254=ORIENTED_EDGE('',*,*,#6475,.F.);
#8255=ORIENTED_EDGE('',*,*,#6419,.F.);
#8256=ORIENTED_EDGE('',*,*,#6476,.T.);
#8257=ORIENTED_EDGE('',*,*,#6446,.T.);
#8258=ORIENTED_EDGE('',*,*,#6441,.T.);
#8259=ORIENTED_EDGE('',*,*,#6439,.T.);
#8260=ORIENTED_EDGE('',*,*,#6437,.T.);
#8261=ORIENTED_EDGE('',*,*,#6420,.T.);
#8262=ORIENTED_EDGE('',*,*,#6475,.T.);
#8263=ORIENTED_EDGE('',*,*,#6423,.T.);
#8264=ORIENTED_EDGE('',*,*,#6434,.T.);
#8265=ORIENTED_EDGE('',*,*,#6477,.F.);
#8266=ORIENTED_EDGE('',*,*,#6478,.T.);
#8267=ORIENTED_EDGE('',*,*,#6479,.F.);
#8268=ORIENTED_EDGE('',*,*,#6480,.F.);
#8269=ORIENTED_EDGE('',*,*,#6481,.F.);
#8270=ORIENTED_EDGE('',*,*,#6482,.F.);
#8271=ORIENTED_EDGE('',*,*,#6483,.T.);
#8272=ORIENTED_EDGE('',*,*,#6484,.F.);
#8273=ORIENTED_EDGE('',*,*,#6485,.F.);
#8274=ORIENTED_EDGE('',*,*,#6486,.F.);
#8275=ORIENTED_EDGE('',*,*,#6424,.T.);
#8276=ORIENTED_EDGE('',*,*,#6482,.T.);
#8277=ORIENTED_EDGE('',*,*,#6487,.F.);
#8278=ORIENTED_EDGE('',*,*,#6488,.F.);
#8279=ORIENTED_EDGE('',*,*,#6486,.T.);
#8280=ORIENTED_EDGE('',*,*,#6489,.T.);
#8281=ORIENTED_EDGE('',*,*,#6490,.T.);
#8282=ORIENTED_EDGE('',*,*,#6425,.F.);
#8283=ORIENTED_EDGE('',*,*,#6491,.T.);
#8284=ORIENTED_EDGE('',*,*,#6492,.T.);
#8285=ORIENTED_EDGE('',*,*,#6493,.T.);
#8286=ORIENTED_EDGE('',*,*,#6494,.T.);
#8287=ORIENTED_EDGE('',*,*,#6426,.F.);
#8288=ORIENTED_EDGE('',*,*,#6490,.F.);
#8289=ORIENTED_EDGE('',*,*,#6495,.T.);
#8290=ORIENTED_EDGE('',*,*,#6496,.F.);
#8291=ORIENTED_EDGE('',*,*,#6497,.F.);
#8292=ORIENTED_EDGE('',*,*,#6498,.F.);
#8293=ORIENTED_EDGE('',*,*,#6499,.F.);
#8294=ORIENTED_EDGE('',*,*,#6500,.T.);
#8295=ORIENTED_EDGE('',*,*,#6427,.T.);
#8296=ORIENTED_EDGE('',*,*,#6494,.F.);
#8297=ORIENTED_EDGE('',*,*,#6501,.F.);
#8298=ORIENTED_EDGE('',*,*,#6476,.F.);
#8299=ORIENTED_EDGE('',*,*,#6428,.F.);
#8300=ORIENTED_EDGE('',*,*,#6500,.F.);
#8301=ORIENTED_EDGE('',*,*,#6502,.F.);
#8302=ORIENTED_EDGE('',*,*,#6503,.F.);
#8303=ORIENTED_EDGE('',*,*,#6466,.T.);
#8304=ORIENTED_EDGE('',*,*,#6504,.T.);
#8305=ORIENTED_EDGE('',*,*,#6505,.T.);
#8306=ORIENTED_EDGE('',*,*,#6506,.T.);
#8307=ORIENTED_EDGE('',*,*,#6507,.T.);
#8308=ORIENTED_EDGE('',*,*,#6488,.T.);
#8309=ORIENTED_EDGE('',*,*,#6508,.F.);
#8310=ORIENTED_EDGE('',*,*,#6509,.F.);
#8311=ORIENTED_EDGE('',*,*,#6510,.F.);
#8312=ORIENTED_EDGE('',*,*,#6511,.F.);
#8313=ORIENTED_EDGE('',*,*,#6512,.F.);
#8314=ORIENTED_EDGE('',*,*,#6513,.T.);
#8315=ORIENTED_EDGE('',*,*,#6514,.T.);
#8316=ORIENTED_EDGE('',*,*,#6515,.T.);
#8317=ORIENTED_EDGE('',*,*,#6516,.F.);
#8318=ORIENTED_EDGE('',*,*,#6432,.F.);
#8319=ORIENTED_EDGE('',*,*,#6433,.T.);
#8320=ORIENTED_EDGE('',*,*,#6516,.T.);
#8321=ORIENTED_EDGE('',*,*,#6517,.T.);
#8322=ORIENTED_EDGE('',*,*,#6512,.T.);
#8323=ORIENTED_EDGE('',*,*,#6518,.T.);
#8324=ORIENTED_EDGE('',*,*,#6508,.T.);
#8325=ORIENTED_EDGE('',*,*,#6487,.T.);
#8326=ORIENTED_EDGE('',*,*,#6481,.T.);
#8327=ORIENTED_EDGE('',*,*,#6519,.F.);
#8328=ORIENTED_EDGE('',*,*,#6520,.F.);
#8329=ORIENTED_EDGE('',*,*,#6521,.F.);
#8330=ORIENTED_EDGE('',*,*,#6477,.T.);
#8331=ORIENTED_EDGE('',*,*,#6522,.T.);
#8332=ORIENTED_EDGE('',*,*,#6523,.T.);
#8333=ORIENTED_EDGE('',*,*,#6524,.F.);
#8334=ORIENTED_EDGE('',*,*,#6525,.T.);
#8335=ORIENTED_EDGE('',*,*,#6526,.T.);
#8336=ORIENTED_EDGE('',*,*,#6527,.T.);
#8337=ORIENTED_EDGE('',*,*,#6528,.F.);
#8338=ORIENTED_EDGE('',*,*,#6529,.T.);
#8339=ORIENTED_EDGE('',*,*,#6442,.F.);
#8340=ORIENTED_EDGE('',*,*,#6474,.F.);
#8341=ORIENTED_EDGE('',*,*,#6530,.F.);
#8342=ORIENTED_EDGE('',*,*,#6531,.F.);
#8343=ORIENTED_EDGE('',*,*,#6532,.F.);
#8344=ORIENTED_EDGE('',*,*,#6533,.F.);
#8345=ORIENTED_EDGE('',*,*,#6517,.F.);
#8346=ORIENTED_EDGE('',*,*,#6534,.T.);
#8347=ORIENTED_EDGE('',*,*,#6443,.T.);
#8348=ORIENTED_EDGE('',*,*,#6533,.T.);
#8349=ORIENTED_EDGE('',*,*,#6535,.T.);
#8350=ORIENTED_EDGE('',*,*,#6536,.T.);
#8351=ORIENTED_EDGE('',*,*,#6448,.T.);
#8352=ORIENTED_EDGE('',*,*,#6444,.T.);
#8353=ORIENTED_EDGE('',*,*,#6534,.F.);
#8354=ORIENTED_EDGE('',*,*,#6515,.F.);
#8355=ORIENTED_EDGE('',*,*,#6537,.F.);
#8356=ORIENTED_EDGE('',*,*,#6449,.T.);
#8357=ORIENTED_EDGE('',*,*,#6537,.T.);
#8358=ORIENTED_EDGE('',*,*,#6514,.F.);
#8359=ORIENTED_EDGE('',*,*,#6538,.F.);
#8360=ORIENTED_EDGE('',*,*,#6450,.T.);
#8361=ORIENTED_EDGE('',*,*,#6538,.T.);
#8362=ORIENTED_EDGE('',*,*,#6513,.F.);
#8363=ORIENTED_EDGE('',*,*,#6536,.F.);
#8364=ORIENTED_EDGE('',*,*,#6539,.F.);
#8365=ORIENTED_EDGE('',*,*,#6539,.T.);
#8366=ORIENTED_EDGE('',*,*,#6535,.F.);
#8367=ORIENTED_EDGE('',*,*,#6532,.T.);
#8368=ORIENTED_EDGE('',*,*,#6540,.T.);
#8369=ORIENTED_EDGE('',*,*,#6541,.F.);
#8370=ORIENTED_EDGE('',*,*,#6451,.F.);
#8371=ORIENTED_EDGE('',*,*,#6452,.T.);
#8372=ORIENTED_EDGE('',*,*,#6541,.T.);
#8373=ORIENTED_EDGE('',*,*,#6542,.T.);
#8374=ORIENTED_EDGE('',*,*,#6543,.T.);
#8375=ORIENTED_EDGE('',*,*,#6472,.T.);
#8376=ORIENTED_EDGE('',*,*,#6544,.T.);
#8377=ORIENTED_EDGE('',*,*,#6471,.F.);
#8378=ORIENTED_EDGE('',*,*,#6545,.T.);
#8379=ORIENTED_EDGE('',*,*,#6453,.F.);
#8380=ORIENTED_EDGE('',*,*,#6544,.F.);
#8381=ORIENTED_EDGE('',*,*,#6454,.F.);
#8382=ORIENTED_EDGE('',*,*,#6545,.F.);
#8383=ORIENTED_EDGE('',*,*,#6470,.F.);
#8384=ORIENTED_EDGE('',*,*,#6546,.F.);
#8385=ORIENTED_EDGE('',*,*,#6547,.F.);
#8386=ORIENTED_EDGE('',*,*,#6548,.F.);
#8387=ORIENTED_EDGE('',*,*,#6548,.T.);
#8388=ORIENTED_EDGE('',*,*,#6549,.T.);
#8389=ORIENTED_EDGE('',*,*,#6550,.F.);
#8390=ORIENTED_EDGE('',*,*,#6551,.T.);
#8391=ORIENTED_EDGE('',*,*,#6552,.F.);
#8392=ORIENTED_EDGE('',*,*,#6455,.F.);
#8393=ORIENTED_EDGE('',*,*,#6456,.F.);
#8394=ORIENTED_EDGE('',*,*,#6552,.T.);
#8395=ORIENTED_EDGE('',*,*,#6553,.T.);
#8396=ORIENTED_EDGE('',*,*,#6511,.T.);
#8397=ORIENTED_EDGE('',*,*,#6554,.F.);
#8398=ORIENTED_EDGE('',*,*,#6457,.F.);
#8399=ORIENTED_EDGE('',*,*,#6554,.T.);
#8400=ORIENTED_EDGE('',*,*,#6510,.T.);
#8401=ORIENTED_EDGE('',*,*,#6555,.F.);
#8402=ORIENTED_EDGE('',*,*,#6556,.F.);
#8403=ORIENTED_EDGE('',*,*,#6557,.F.);
#8404=ORIENTED_EDGE('',*,*,#6558,.F.);
#8405=ORIENTED_EDGE('',*,*,#6559,.F.);
#8406=ORIENTED_EDGE('',*,*,#6458,.F.);
#8407=ORIENTED_EDGE('',*,*,#6559,.T.);
#8408=ORIENTED_EDGE('',*,*,#6560,.T.);
#8409=ORIENTED_EDGE('',*,*,#6561,.F.);
#8410=ORIENTED_EDGE('',*,*,#6562,.F.);
#8411=ORIENTED_EDGE('',*,*,#6459,.T.);
#8412=ORIENTED_EDGE('',*,*,#6561,.T.);
#8413=ORIENTED_EDGE('',*,*,#6563,.T.);
#8414=ORIENTED_EDGE('',*,*,#6564,.T.);
#8415=ORIENTED_EDGE('',*,*,#6565,.T.);
#8416=ORIENTED_EDGE('',*,*,#6497,.T.);
#8417=ORIENTED_EDGE('',*,*,#6566,.F.);
#8418=ORIENTED_EDGE('',*,*,#6483,.F.);
#8419=ORIENTED_EDGE('',*,*,#6507,.F.);
#8420=ORIENTED_EDGE('',*,*,#6460,.T.);
#8421=ORIENTED_EDGE('',*,*,#6562,.T.);
#8422=ORIENTED_EDGE('',*,*,#6506,.F.);
#8423=ORIENTED_EDGE('',*,*,#6567,.F.);
#8424=ORIENTED_EDGE('',*,*,#6461,.T.);
#8425=ORIENTED_EDGE('',*,*,#6567,.T.);
#8426=ORIENTED_EDGE('',*,*,#6505,.F.);
#8427=ORIENTED_EDGE('',*,*,#6568,.F.);
#8428=ORIENTED_EDGE('',*,*,#6462,.T.);
#8429=ORIENTED_EDGE('',*,*,#6568,.T.);
#8430=ORIENTED_EDGE('',*,*,#6504,.F.);
#8431=ORIENTED_EDGE('',*,*,#6465,.F.);
#8432=ORIENTED_EDGE('',*,*,#6569,.F.);
#8433=ORIENTED_EDGE('',*,*,#6570,.T.);
#8434=ORIENTED_EDGE('',*,*,#6571,.T.);
#8435=ORIENTED_EDGE('',*,*,#6572,.F.);
#8436=ORIENTED_EDGE('',*,*,#6467,.F.);
#8437=ORIENTED_EDGE('',*,*,#6501,.T.);
#8438=ORIENTED_EDGE('',*,*,#6573,.T.);
#8439=ORIENTED_EDGE('',*,*,#6491,.F.);
#8440=ORIENTED_EDGE('',*,*,#6572,.T.);
#8441=ORIENTED_EDGE('',*,*,#6574,.F.);
#8442=ORIENTED_EDGE('',*,*,#6550,.T.);
#8443=ORIENTED_EDGE('',*,*,#6575,.T.);
#8444=ORIENTED_EDGE('',*,*,#6576,.T.);
#8445=ORIENTED_EDGE('',*,*,#6468,.T.);
#8446=ORIENTED_EDGE('',*,*,#6577,.F.);
#8447=ORIENTED_EDGE('',*,*,#6546,.T.);
#8448=ORIENTED_EDGE('',*,*,#6469,.T.);
#8449=ORIENTED_EDGE('',*,*,#6576,.F.);
#8450=ORIENTED_EDGE('',*,*,#6578,.F.);
#8451=ORIENTED_EDGE('',*,*,#6530,.T.);
#8452=ORIENTED_EDGE('',*,*,#6473,.T.);
#8453=ORIENTED_EDGE('',*,*,#6543,.F.);
#8454=ORIENTED_EDGE('',*,*,#6478,.F.);
#8455=ORIENTED_EDGE('',*,*,#6521,.T.);
#8456=ORIENTED_EDGE('',*,*,#6579,.T.);
#8457=ORIENTED_EDGE('',*,*,#6580,.F.);
#8458=ORIENTED_EDGE('',*,*,#6581,.T.);
#8459=ORIENTED_EDGE('',*,*,#6582,.T.);
#8460=ORIENTED_EDGE('',*,*,#6479,.T.);
#8461=ORIENTED_EDGE('',*,*,#6580,.T.);
#8462=ORIENTED_EDGE('',*,*,#6583,.F.);
#8463=ORIENTED_EDGE('',*,*,#6519,.T.);
#8464=ORIENTED_EDGE('',*,*,#6480,.T.);
#8465=ORIENTED_EDGE('',*,*,#6582,.F.);
#8466=ORIENTED_EDGE('',*,*,#6484,.T.);
#8467=ORIENTED_EDGE('',*,*,#6566,.T.);
#8468=ORIENTED_EDGE('',*,*,#6496,.T.);
#8469=ORIENTED_EDGE('',*,*,#6584,.F.);
#8470=ORIENTED_EDGE('',*,*,#6489,.F.);
#8471=ORIENTED_EDGE('',*,*,#6485,.T.);
#8472=ORIENTED_EDGE('',*,*,#6584,.T.);
#8473=ORIENTED_EDGE('',*,*,#6495,.F.);
#8474=ORIENTED_EDGE('',*,*,#6573,.F.);
#8475=ORIENTED_EDGE('',*,*,#6503,.T.);
#8476=ORIENTED_EDGE('',*,*,#6585,.T.);
#8477=ORIENTED_EDGE('',*,*,#6492,.F.);
#8478=ORIENTED_EDGE('',*,*,#6585,.F.);
#8479=ORIENTED_EDGE('',*,*,#6502,.T.);
#8480=ORIENTED_EDGE('',*,*,#6499,.T.);
#8481=ORIENTED_EDGE('',*,*,#6493,.F.);
#8482=ORIENTED_EDGE('',*,*,#6569,.T.);
#8483=ORIENTED_EDGE('',*,*,#6498,.T.);
#8484=ORIENTED_EDGE('',*,*,#6565,.F.);
#8485=ORIENTED_EDGE('',*,*,#6586,.F.);
#8486=ORIENTED_EDGE('',*,*,#6556,.T.);
#8487=ORIENTED_EDGE('',*,*,#6587,.T.);
#8488=ORIENTED_EDGE('',*,*,#6587,.F.);
#8489=ORIENTED_EDGE('',*,*,#6555,.T.);
#8490=ORIENTED_EDGE('',*,*,#6509,.T.);
#8491=ORIENTED_EDGE('',*,*,#6588,.T.);
#8492=ORIENTED_EDGE('',*,*,#6570,.F.);
#8493=ORIENTED_EDGE('',*,*,#6579,.F.);
#8494=ORIENTED_EDGE('',*,*,#6520,.T.);
#8495=ORIENTED_EDGE('',*,*,#6583,.T.);
#8496=ORIENTED_EDGE('',*,*,#6581,.F.);
#8497=ORIENTED_EDGE('',*,*,#6518,.F.);
#8498=ORIENTED_EDGE('',*,*,#6553,.F.);
#8499=ORIENTED_EDGE('',*,*,#6551,.F.);
#8500=ORIENTED_EDGE('',*,*,#6574,.T.);
#8501=ORIENTED_EDGE('',*,*,#6571,.F.);
#8502=ORIENTED_EDGE('',*,*,#6588,.F.);
#8503=ORIENTED_EDGE('',*,*,#6589,.F.);
#8504=ORIENTED_EDGE('',*,*,#6590,.F.);
#8505=ORIENTED_EDGE('',*,*,#6522,.F.);
#8506=ORIENTED_EDGE('',*,*,#6591,.F.);
#8507=ORIENTED_EDGE('',*,*,#6591,.T.);
#8508=ORIENTED_EDGE('',*,*,#6525,.F.);
#8509=ORIENTED_EDGE('',*,*,#6592,.F.);
#8510=ORIENTED_EDGE('',*,*,#6593,.F.);
#8511=ORIENTED_EDGE('',*,*,#6594,.T.);
#8512=ORIENTED_EDGE('',*,*,#6592,.T.);
#8513=ORIENTED_EDGE('',*,*,#6524,.T.);
#8514=ORIENTED_EDGE('',*,*,#6595,.T.);
#8515=ORIENTED_EDGE('',*,*,#6590,.T.);
#8516=ORIENTED_EDGE('',*,*,#6596,.T.);
#8517=ORIENTED_EDGE('',*,*,#6595,.F.);
#8518=ORIENTED_EDGE('',*,*,#6523,.F.);
#8519=ORIENTED_EDGE('',*,*,#6597,.F.);
#8520=ORIENTED_EDGE('',*,*,#6598,.F.);
#8521=ORIENTED_EDGE('',*,*,#6526,.F.);
#8522=ORIENTED_EDGE('',*,*,#6599,.F.);
#8523=ORIENTED_EDGE('',*,*,#6599,.T.);
#8524=ORIENTED_EDGE('',*,*,#6529,.F.);
#8525=ORIENTED_EDGE('',*,*,#6600,.F.);
#8526=ORIENTED_EDGE('',*,*,#6601,.F.);
#8527=ORIENTED_EDGE('',*,*,#6602,.T.);
#8528=ORIENTED_EDGE('',*,*,#6600,.T.);
#8529=ORIENTED_EDGE('',*,*,#6528,.T.);
#8530=ORIENTED_EDGE('',*,*,#6603,.T.);
#8531=ORIENTED_EDGE('',*,*,#6598,.T.);
#8532=ORIENTED_EDGE('',*,*,#6604,.T.);
#8533=ORIENTED_EDGE('',*,*,#6603,.F.);
#8534=ORIENTED_EDGE('',*,*,#6527,.F.);
#8535=ORIENTED_EDGE('',*,*,#6540,.F.);
#8536=ORIENTED_EDGE('',*,*,#6531,.T.);
#8537=ORIENTED_EDGE('',*,*,#6578,.T.);
#8538=ORIENTED_EDGE('',*,*,#6542,.F.);
#8539=ORIENTED_EDGE('',*,*,#6605,.F.);
#8540=ORIENTED_EDGE('',*,*,#6606,.F.);
#8541=ORIENTED_EDGE('',*,*,#6607,.T.);
#8542=ORIENTED_EDGE('',*,*,#6608,.F.);
#8543=ORIENTED_EDGE('',*,*,#6549,.F.);
#8544=ORIENTED_EDGE('',*,*,#6547,.T.);
#8545=ORIENTED_EDGE('',*,*,#6577,.T.);
#8546=ORIENTED_EDGE('',*,*,#6575,.F.);
#8547=ORIENTED_EDGE('',*,*,#6609,.F.);
#8548=ORIENTED_EDGE('',*,*,#6610,.F.);
#8549=ORIENTED_EDGE('',*,*,#6611,.T.);
#8550=ORIENTED_EDGE('',*,*,#6612,.F.);
#8551=ORIENTED_EDGE('',*,*,#6613,.F.);
#8552=ORIENTED_EDGE('',*,*,#6557,.T.);
#8553=ORIENTED_EDGE('',*,*,#6586,.T.);
#8554=ORIENTED_EDGE('',*,*,#6564,.F.);
#8555=ORIENTED_EDGE('',*,*,#6560,.F.);
#8556=ORIENTED_EDGE('',*,*,#6558,.T.);
#8557=ORIENTED_EDGE('',*,*,#6613,.T.);
#8558=ORIENTED_EDGE('',*,*,#6563,.F.);
#8559=ORIENTED_EDGE('',*,*,#6614,.F.);
#8560=ORIENTED_EDGE('',*,*,#6589,.T.);
#8561=ORIENTED_EDGE('',*,*,#6615,.F.);
#8562=ORIENTED_EDGE('',*,*,#6616,.F.);
#8563=ORIENTED_EDGE('',*,*,#6615,.T.);
#8564=ORIENTED_EDGE('',*,*,#6593,.T.);
#8565=ORIENTED_EDGE('',*,*,#6617,.T.);
#8566=ORIENTED_EDGE('',*,*,#6618,.F.);
#8567=ORIENTED_EDGE('',*,*,#6619,.T.);
#8568=ORIENTED_EDGE('',*,*,#6620,.T.);
#8569=ORIENTED_EDGE('',*,*,#6617,.F.);
#8570=ORIENTED_EDGE('',*,*,#6594,.F.);
#8571=ORIENTED_EDGE('',*,*,#6614,.T.);
#8572=ORIENTED_EDGE('',*,*,#6621,.T.);
#8573=ORIENTED_EDGE('',*,*,#6619,.F.);
#8574=ORIENTED_EDGE('',*,*,#6596,.F.);
#8575=ORIENTED_EDGE('',*,*,#6622,.F.);
#8576=ORIENTED_EDGE('',*,*,#6597,.T.);
#8577=ORIENTED_EDGE('',*,*,#6623,.F.);
#8578=ORIENTED_EDGE('',*,*,#6624,.F.);
#8579=ORIENTED_EDGE('',*,*,#6623,.T.);
#8580=ORIENTED_EDGE('',*,*,#6601,.T.);
#8581=ORIENTED_EDGE('',*,*,#6625,.T.);
#8582=ORIENTED_EDGE('',*,*,#6626,.F.);
#8583=ORIENTED_EDGE('',*,*,#6627,.T.);
#8584=ORIENTED_EDGE('',*,*,#6628,.T.);
#8585=ORIENTED_EDGE('',*,*,#6625,.F.);
#8586=ORIENTED_EDGE('',*,*,#6602,.F.);
#8587=ORIENTED_EDGE('',*,*,#6622,.T.);
#8588=ORIENTED_EDGE('',*,*,#6629,.T.);
#8589=ORIENTED_EDGE('',*,*,#6627,.F.);
#8590=ORIENTED_EDGE('',*,*,#6604,.F.);
#8591=ORIENTED_EDGE('',*,*,#6605,.T.);
#8592=ORIENTED_EDGE('',*,*,#6630,.F.);
#8593=ORIENTED_EDGE('',*,*,#6631,.T.);
#8594=ORIENTED_EDGE('',*,*,#6632,.F.);
#8595=ORIENTED_EDGE('',*,*,#6633,.F.);
#8596=ORIENTED_EDGE('',*,*,#6634,.F.);
#8597=ORIENTED_EDGE('',*,*,#6635,.F.);
#8598=ORIENTED_EDGE('',*,*,#6636,.F.);
#8599=ORIENTED_EDGE('',*,*,#6637,.F.);
#8600=ORIENTED_EDGE('',*,*,#6638,.F.);
#8601=ORIENTED_EDGE('',*,*,#6639,.F.);
#8602=ORIENTED_EDGE('',*,*,#6640,.F.);
#8603=ORIENTED_EDGE('',*,*,#6640,.T.);
#8604=ORIENTED_EDGE('',*,*,#6641,.T.);
#8605=ORIENTED_EDGE('',*,*,#6642,.F.);
#8606=ORIENTED_EDGE('',*,*,#6606,.T.);
#8607=ORIENTED_EDGE('',*,*,#6607,.F.);
#8608=ORIENTED_EDGE('',*,*,#6642,.T.);
#8609=ORIENTED_EDGE('',*,*,#6643,.T.);
#8610=ORIENTED_EDGE('',*,*,#6644,.T.);
#8611=ORIENTED_EDGE('',*,*,#6645,.T.);
#8612=ORIENTED_EDGE('',*,*,#6646,.T.);
#8613=ORIENTED_EDGE('',*,*,#6647,.T.);
#8614=ORIENTED_EDGE('',*,*,#6648,.T.);
#8615=ORIENTED_EDGE('',*,*,#6649,.T.);
#8616=ORIENTED_EDGE('',*,*,#6650,.T.);
#8617=ORIENTED_EDGE('',*,*,#6651,.F.);
#8618=ORIENTED_EDGE('',*,*,#6652,.T.);
#8619=ORIENTED_EDGE('',*,*,#6630,.T.);
#8620=ORIENTED_EDGE('',*,*,#6608,.T.);
#8621=ORIENTED_EDGE('',*,*,#6652,.F.);
#8622=ORIENTED_EDGE('',*,*,#6653,.F.);
#8623=ORIENTED_EDGE('',*,*,#6609,.T.);
#8624=ORIENTED_EDGE('',*,*,#6654,.F.);
#8625=ORIENTED_EDGE('',*,*,#6655,.T.);
#8626=ORIENTED_EDGE('',*,*,#6656,.F.);
#8627=ORIENTED_EDGE('',*,*,#6657,.F.);
#8628=ORIENTED_EDGE('',*,*,#6658,.F.);
#8629=ORIENTED_EDGE('',*,*,#6659,.F.);
#8630=ORIENTED_EDGE('',*,*,#6660,.F.);
#8631=ORIENTED_EDGE('',*,*,#6661,.F.);
#8632=ORIENTED_EDGE('',*,*,#6662,.F.);
#8633=ORIENTED_EDGE('',*,*,#6663,.F.);
#8634=ORIENTED_EDGE('',*,*,#6664,.F.);
#8635=ORIENTED_EDGE('',*,*,#6664,.T.);
#8636=ORIENTED_EDGE('',*,*,#6665,.T.);
#8637=ORIENTED_EDGE('',*,*,#6666,.F.);
#8638=ORIENTED_EDGE('',*,*,#6610,.T.);
#8639=ORIENTED_EDGE('',*,*,#6611,.F.);
#8640=ORIENTED_EDGE('',*,*,#6666,.T.);
#8641=ORIENTED_EDGE('',*,*,#6667,.T.);
#8642=ORIENTED_EDGE('',*,*,#6668,.T.);
#8643=ORIENTED_EDGE('',*,*,#6669,.T.);
#8644=ORIENTED_EDGE('',*,*,#6670,.T.);
#8645=ORIENTED_EDGE('',*,*,#6671,.T.);
#8646=ORIENTED_EDGE('',*,*,#6672,.T.);
#8647=ORIENTED_EDGE('',*,*,#6673,.T.);
#8648=ORIENTED_EDGE('',*,*,#6674,.T.);
#8649=ORIENTED_EDGE('',*,*,#6675,.F.);
#8650=ORIENTED_EDGE('',*,*,#6676,.T.);
#8651=ORIENTED_EDGE('',*,*,#6654,.T.);
#8652=ORIENTED_EDGE('',*,*,#6612,.T.);
#8653=ORIENTED_EDGE('',*,*,#6676,.F.);
#8654=ORIENTED_EDGE('',*,*,#6677,.F.);
#8655=ORIENTED_EDGE('',*,*,#6621,.F.);
#8656=ORIENTED_EDGE('',*,*,#6616,.T.);
#8657=ORIENTED_EDGE('',*,*,#6618,.T.);
#8658=ORIENTED_EDGE('',*,*,#6620,.F.);
#8659=ORIENTED_EDGE('',*,*,#6629,.F.);
#8660=ORIENTED_EDGE('',*,*,#6624,.T.);
#8661=ORIENTED_EDGE('',*,*,#6626,.T.);
#8662=ORIENTED_EDGE('',*,*,#6628,.F.);
#8663=ORIENTED_EDGE('',*,*,#6631,.F.);
#8664=ORIENTED_EDGE('',*,*,#6653,.T.);
#8665=ORIENTED_EDGE('',*,*,#6651,.T.);
#8666=ORIENTED_EDGE('',*,*,#6678,.F.);
#8667=ORIENTED_EDGE('',*,*,#6632,.T.);
#8668=ORIENTED_EDGE('',*,*,#6678,.T.);
#8669=ORIENTED_EDGE('',*,*,#6650,.F.);
#8670=ORIENTED_EDGE('',*,*,#6679,.F.);
#8671=ORIENTED_EDGE('',*,*,#6680,.F.);
#8672=ORIENTED_EDGE('',*,*,#6633,.T.);
#8673=ORIENTED_EDGE('',*,*,#6679,.T.);
#8674=ORIENTED_EDGE('',*,*,#6649,.F.);
#8675=ORIENTED_EDGE('',*,*,#6634,.T.);
#8676=ORIENTED_EDGE('',*,*,#6680,.T.);
#8677=ORIENTED_EDGE('',*,*,#6648,.F.);
#8678=ORIENTED_EDGE('',*,*,#6681,.F.);
#8679=ORIENTED_EDGE('',*,*,#6682,.F.);
#8680=ORIENTED_EDGE('',*,*,#6683,.T.);
#8681=ORIENTED_EDGE('',*,*,#6684,.F.);
#8682=ORIENTED_EDGE('',*,*,#6685,.F.);
#8683=ORIENTED_EDGE('',*,*,#6686,.T.);
#8684=ORIENTED_EDGE('',*,*,#6687,.T.);
#8685=ORIENTED_EDGE('',*,*,#6635,.T.);
#8686=ORIENTED_EDGE('',*,*,#6683,.F.);
#8687=ORIENTED_EDGE('',*,*,#6636,.T.);
#8688=ORIENTED_EDGE('',*,*,#6687,.F.);
#8689=ORIENTED_EDGE('',*,*,#6688,.T.);
#8690=ORIENTED_EDGE('',*,*,#6689,.T.);
#8691=ORIENTED_EDGE('',*,*,#6646,.F.);
#8692=ORIENTED_EDGE('',*,*,#6690,.F.);
#8693=ORIENTED_EDGE('',*,*,#6691,.F.);
#8694=ORIENTED_EDGE('',*,*,#6637,.T.);
#8695=ORIENTED_EDGE('',*,*,#6690,.T.);
#8696=ORIENTED_EDGE('',*,*,#6645,.F.);
#8697=ORIENTED_EDGE('',*,*,#6638,.T.);
#8698=ORIENTED_EDGE('',*,*,#6691,.T.);
#8699=ORIENTED_EDGE('',*,*,#6644,.F.);
#8700=ORIENTED_EDGE('',*,*,#6692,.F.);
#8701=ORIENTED_EDGE('',*,*,#6639,.T.);
#8702=ORIENTED_EDGE('',*,*,#6692,.T.);
#8703=ORIENTED_EDGE('',*,*,#6643,.F.);
#8704=ORIENTED_EDGE('',*,*,#6641,.F.);
#8705=ORIENTED_EDGE('',*,*,#6693,.T.);
#8706=ORIENTED_EDGE('',*,*,#6681,.T.);
#8707=ORIENTED_EDGE('',*,*,#6647,.F.);
#8708=ORIENTED_EDGE('',*,*,#6689,.F.);
#8709=ORIENTED_EDGE('',*,*,#6694,.F.);
#8710=ORIENTED_EDGE('',*,*,#6695,.T.);
#8711=ORIENTED_EDGE('',*,*,#6655,.F.);
#8712=ORIENTED_EDGE('',*,*,#6677,.T.);
#8713=ORIENTED_EDGE('',*,*,#6675,.T.);
#8714=ORIENTED_EDGE('',*,*,#6696,.F.);
#8715=ORIENTED_EDGE('',*,*,#6656,.T.);
#8716=ORIENTED_EDGE('',*,*,#6696,.T.);
#8717=ORIENTED_EDGE('',*,*,#6674,.F.);
#8718=ORIENTED_EDGE('',*,*,#6697,.F.);
#8719=ORIENTED_EDGE('',*,*,#6698,.F.);
#8720=ORIENTED_EDGE('',*,*,#6657,.T.);
#8721=ORIENTED_EDGE('',*,*,#6697,.T.);
#8722=ORIENTED_EDGE('',*,*,#6673,.F.);
#8723=ORIENTED_EDGE('',*,*,#6658,.T.);
#8724=ORIENTED_EDGE('',*,*,#6698,.T.);
#8725=ORIENTED_EDGE('',*,*,#6672,.F.);
#8726=ORIENTED_EDGE('',*,*,#6699,.F.);
#8727=ORIENTED_EDGE('',*,*,#6700,.F.);
#8728=ORIENTED_EDGE('',*,*,#6701,.T.);
#8729=ORIENTED_EDGE('',*,*,#6702,.F.);
#8730=ORIENTED_EDGE('',*,*,#6703,.F.);
#8731=ORIENTED_EDGE('',*,*,#6704,.T.);
#8732=ORIENTED_EDGE('',*,*,#6705,.T.);
#8733=ORIENTED_EDGE('',*,*,#6659,.T.);
#8734=ORIENTED_EDGE('',*,*,#6701,.F.);
#8735=ORIENTED_EDGE('',*,*,#6660,.T.);
#8736=ORIENTED_EDGE('',*,*,#6705,.F.);
#8737=ORIENTED_EDGE('',*,*,#6706,.T.);
#8738=ORIENTED_EDGE('',*,*,#6707,.T.);
#8739=ORIENTED_EDGE('',*,*,#6670,.F.);
#8740=ORIENTED_EDGE('',*,*,#6708,.F.);
#8741=ORIENTED_EDGE('',*,*,#6709,.F.);
#8742=ORIENTED_EDGE('',*,*,#6661,.T.);
#8743=ORIENTED_EDGE('',*,*,#6708,.T.);
#8744=ORIENTED_EDGE('',*,*,#6669,.F.);
#8745=ORIENTED_EDGE('',*,*,#6662,.T.);
#8746=ORIENTED_EDGE('',*,*,#6709,.T.);
#8747=ORIENTED_EDGE('',*,*,#6668,.F.);
#8748=ORIENTED_EDGE('',*,*,#6710,.F.);
#8749=ORIENTED_EDGE('',*,*,#6663,.T.);
#8750=ORIENTED_EDGE('',*,*,#6710,.T.);
#8751=ORIENTED_EDGE('',*,*,#6667,.F.);
#8752=ORIENTED_EDGE('',*,*,#6665,.F.);
#8753=ORIENTED_EDGE('',*,*,#6711,.T.);
#8754=ORIENTED_EDGE('',*,*,#6699,.T.);
#8755=ORIENTED_EDGE('',*,*,#6671,.F.);
#8756=ORIENTED_EDGE('',*,*,#6707,.F.);
#8757=ORIENTED_EDGE('',*,*,#6712,.F.);
#8758=ORIENTED_EDGE('',*,*,#6713,.T.);
#8759=ORIENTED_EDGE('',*,*,#6684,.T.);
#8760=ORIENTED_EDGE('',*,*,#6682,.T.);
#8761=ORIENTED_EDGE('',*,*,#6693,.F.);
#8762=ORIENTED_EDGE('',*,*,#6714,.F.);
#8763=ORIENTED_EDGE('',*,*,#6714,.T.);
#8764=ORIENTED_EDGE('',*,*,#6695,.F.);
#8765=ORIENTED_EDGE('',*,*,#6715,.F.);
#8766=ORIENTED_EDGE('',*,*,#6685,.T.);
#8767=ORIENTED_EDGE('',*,*,#6686,.F.);
#8768=ORIENTED_EDGE('',*,*,#6715,.T.);
#8769=ORIENTED_EDGE('',*,*,#6694,.T.);
#8770=ORIENTED_EDGE('',*,*,#6688,.F.);
#8771=ORIENTED_EDGE('',*,*,#6702,.T.);
#8772=ORIENTED_EDGE('',*,*,#6700,.T.);
#8773=ORIENTED_EDGE('',*,*,#6711,.F.);
#8774=ORIENTED_EDGE('',*,*,#6716,.F.);
#8775=ORIENTED_EDGE('',*,*,#6716,.T.);
#8776=ORIENTED_EDGE('',*,*,#6713,.F.);
#8777=ORIENTED_EDGE('',*,*,#6717,.F.);
#8778=ORIENTED_EDGE('',*,*,#6703,.T.);
#8779=ORIENTED_EDGE('',*,*,#6704,.F.);
#8780=ORIENTED_EDGE('',*,*,#6717,.T.);
#8781=ORIENTED_EDGE('',*,*,#6712,.T.);
#8782=ORIENTED_EDGE('',*,*,#6706,.F.);
#8783=ORIENTED_EDGE('',*,*,#6718,.F.);
#8784=ORIENTED_EDGE('',*,*,#6719,.F.);
#8785=ORIENTED_EDGE('',*,*,#6719,.T.);
#8786=ORIENTED_EDGE('',*,*,#6720,.F.);
#8787=ORIENTED_EDGE('',*,*,#6721,.T.);
#8788=ORIENTED_EDGE('',*,*,#6718,.T.);
#8789=ORIENTED_EDGE('',*,*,#6721,.F.);
#8790=ORIENTED_EDGE('',*,*,#6722,.T.);
#8791=ORIENTED_EDGE('',*,*,#6723,.F.);
#8792=ORIENTED_EDGE('',*,*,#6720,.T.);
#8793=ORIENTED_EDGE('',*,*,#6724,.T.);
#8794=ORIENTED_EDGE('',*,*,#6725,.T.);
#8795=ORIENTED_EDGE('',*,*,#6722,.F.);
#8796=ORIENTED_EDGE('',*,*,#6726,.F.);
#8797=ORIENTED_EDGE('',*,*,#6726,.T.);
#8798=ORIENTED_EDGE('',*,*,#6723,.T.);
#8799=ORIENTED_EDGE('',*,*,#6725,.F.);
#8800=ORIENTED_EDGE('',*,*,#6727,.F.);
#8801=ORIENTED_EDGE('',*,*,#6724,.F.);
#8802=ORIENTED_EDGE('',*,*,#6727,.T.);
#8803=ORIENTED_EDGE('',*,*,#6728,.T.);
#8804=ORIENTED_EDGE('',*,*,#6729,.T.);
#8805=ORIENTED_EDGE('',*,*,#6730,.T.);
#8806=ORIENTED_EDGE('',*,*,#6731,.T.);
#8807=ORIENTED_EDGE('',*,*,#6732,.T.);
#8808=ORIENTED_EDGE('',*,*,#6733,.T.);
#8809=ORIENTED_EDGE('',*,*,#6734,.T.);
#8810=ORIENTED_EDGE('',*,*,#6735,.T.);
#8811=ORIENTED_EDGE('',*,*,#6728,.F.);
#8812=ORIENTED_EDGE('',*,*,#6736,.T.);
#8813=ORIENTED_EDGE('',*,*,#6737,.F.);
#8814=ORIENTED_EDGE('',*,*,#6738,.F.);
#8815=ORIENTED_EDGE('',*,*,#6731,.F.);
#8816=ORIENTED_EDGE('',*,*,#6739,.T.);
#8817=ORIENTED_EDGE('',*,*,#6740,.F.);
#8818=ORIENTED_EDGE('',*,*,#6736,.F.);
#8819=ORIENTED_EDGE('',*,*,#6730,.F.);
#8820=ORIENTED_EDGE('',*,*,#6741,.T.);
#8821=ORIENTED_EDGE('',*,*,#6742,.F.);
#8822=ORIENTED_EDGE('',*,*,#6739,.F.);
#8823=ORIENTED_EDGE('',*,*,#6729,.F.);
#8824=ORIENTED_EDGE('',*,*,#6738,.T.);
#8825=ORIENTED_EDGE('',*,*,#6743,.F.);
#8826=ORIENTED_EDGE('',*,*,#6741,.F.);
#8827=ORIENTED_EDGE('',*,*,#6732,.F.);
#8828=ORIENTED_EDGE('',*,*,#6744,.T.);
#8829=ORIENTED_EDGE('',*,*,#6745,.F.);
#8830=ORIENTED_EDGE('',*,*,#6746,.F.);
#8831=ORIENTED_EDGE('',*,*,#6735,.F.);
#8832=ORIENTED_EDGE('',*,*,#6747,.T.);
#8833=ORIENTED_EDGE('',*,*,#6748,.F.);
#8834=ORIENTED_EDGE('',*,*,#6744,.F.);
#8835=ORIENTED_EDGE('',*,*,#6734,.F.);
#8836=ORIENTED_EDGE('',*,*,#6749,.T.);
#8837=ORIENTED_EDGE('',*,*,#6750,.F.);
#8838=ORIENTED_EDGE('',*,*,#6747,.F.);
#8839=ORIENTED_EDGE('',*,*,#6733,.F.);
#8840=ORIENTED_EDGE('',*,*,#6746,.T.);
#8841=ORIENTED_EDGE('',*,*,#6751,.F.);
#8842=ORIENTED_EDGE('',*,*,#6749,.F.);
#8843=ORIENTED_EDGE('',*,*,#6742,.T.);
#8844=ORIENTED_EDGE('',*,*,#6743,.T.);
#8845=ORIENTED_EDGE('',*,*,#6737,.T.);
#8846=ORIENTED_EDGE('',*,*,#6740,.T.);
#8847=ORIENTED_EDGE('',*,*,#6748,.T.);
#8848=ORIENTED_EDGE('',*,*,#6750,.T.);
#8849=ORIENTED_EDGE('',*,*,#6751,.T.);
#8850=ORIENTED_EDGE('',*,*,#6745,.T.);
#8851=ORIENTED_EDGE('',*,*,#6752,.F.);
#8852=ORIENTED_EDGE('',*,*,#6753,.F.);
#8853=ORIENTED_EDGE('',*,*,#6754,.T.);
#8854=ORIENTED_EDGE('',*,*,#6755,.T.);
#8855=ORIENTED_EDGE('',*,*,#6756,.F.);
#8856=ORIENTED_EDGE('',*,*,#6757,.F.);
#8857=ORIENTED_EDGE('',*,*,#6758,.T.);
#8858=ORIENTED_EDGE('',*,*,#6752,.T.);
#8859=ORIENTED_EDGE('',*,*,#6759,.F.);
#8860=ORIENTED_EDGE('',*,*,#6759,.T.);
#8861=ORIENTED_EDGE('',*,*,#6756,.T.);
#8862=ORIENTED_EDGE('',*,*,#6760,.F.);
#8863=ORIENTED_EDGE('',*,*,#6761,.F.);
#8864=ORIENTED_EDGE('',*,*,#6762,.F.);
#8865=ORIENTED_EDGE('',*,*,#6763,.T.);
#8866=ORIENTED_EDGE('',*,*,#6753,.T.);
#8867=ORIENTED_EDGE('',*,*,#6764,.F.);
#8868=ORIENTED_EDGE('',*,*,#6765,.T.);
#8869=ORIENTED_EDGE('',*,*,#6760,.T.);
#8870=ORIENTED_EDGE('',*,*,#6755,.F.);
#8871=ORIENTED_EDGE('',*,*,#6766,.F.);
#8872=ORIENTED_EDGE('',*,*,#6767,.T.);
#8873=ORIENTED_EDGE('',*,*,#6768,.T.);
#8874=ORIENTED_EDGE('',*,*,#6769,.F.);
#8875=ORIENTED_EDGE('',*,*,#6754,.F.);
#8876=ORIENTED_EDGE('',*,*,#6757,.T.);
#8877=ORIENTED_EDGE('',*,*,#6761,.T.);
#8878=ORIENTED_EDGE('',*,*,#6765,.F.);
#8879=ORIENTED_EDGE('',*,*,#6770,.F.);
#8880=ORIENTED_EDGE('',*,*,#6771,.T.);
#8881=ORIENTED_EDGE('',*,*,#6758,.F.);
#8882=ORIENTED_EDGE('',*,*,#6772,.T.);
#8883=ORIENTED_EDGE('',*,*,#6773,.T.);
#8884=ORIENTED_EDGE('',*,*,#6774,.T.);
#8885=ORIENTED_EDGE('',*,*,#6775,.T.);
#8886=ORIENTED_EDGE('',*,*,#6776,.T.);
#8887=ORIENTED_EDGE('',*,*,#6777,.T.);
#8888=ORIENTED_EDGE('',*,*,#6778,.T.);
#8889=ORIENTED_EDGE('',*,*,#6779,.T.);
#8890=ORIENTED_EDGE('',*,*,#6780,.T.);
#8891=ORIENTED_EDGE('',*,*,#6781,.F.);
#8892=ORIENTED_EDGE('',*,*,#6764,.T.);
#8893=ORIENTED_EDGE('',*,*,#6782,.T.);
#8894=ORIENTED_EDGE('',*,*,#6783,.T.);
#8895=ORIENTED_EDGE('',*,*,#6784,.T.);
#8896=ORIENTED_EDGE('',*,*,#6785,.T.);
#8897=ORIENTED_EDGE('',*,*,#6762,.T.);
#8898=ORIENTED_EDGE('',*,*,#6781,.T.);
#8899=ORIENTED_EDGE('',*,*,#6786,.F.);
#8900=ORIENTED_EDGE('',*,*,#6787,.F.);
#8901=ORIENTED_EDGE('',*,*,#6788,.T.);
#8902=ORIENTED_EDGE('',*,*,#6763,.F.);
#8903=ORIENTED_EDGE('',*,*,#6787,.T.);
#8904=ORIENTED_EDGE('',*,*,#6789,.F.);
#8905=ORIENTED_EDGE('',*,*,#6790,.F.);
#8906=ORIENTED_EDGE('',*,*,#6791,.F.);
#8907=ORIENTED_EDGE('',*,*,#6792,.F.);
#8908=ORIENTED_EDGE('',*,*,#6793,.F.);
#8909=ORIENTED_EDGE('',*,*,#6794,.F.);
#8910=ORIENTED_EDGE('',*,*,#6795,.F.);
#8911=ORIENTED_EDGE('',*,*,#6796,.F.);
#8912=ORIENTED_EDGE('',*,*,#6797,.F.);
#8913=ORIENTED_EDGE('',*,*,#6798,.F.);
#8914=ORIENTED_EDGE('',*,*,#6799,.F.);
#8915=ORIENTED_EDGE('',*,*,#6800,.F.);
#8916=ORIENTED_EDGE('',*,*,#6801,.F.);
#8917=ORIENTED_EDGE('',*,*,#6802,.F.);
#8918=ORIENTED_EDGE('',*,*,#6766,.T.);
#8919=ORIENTED_EDGE('',*,*,#6769,.T.);
#8920=ORIENTED_EDGE('',*,*,#6803,.F.);
#8921=ORIENTED_EDGE('',*,*,#6804,.T.);
#8922=ORIENTED_EDGE('',*,*,#6805,.T.);
#8923=ORIENTED_EDGE('',*,*,#6767,.F.);
#8924=ORIENTED_EDGE('',*,*,#6788,.F.);
#8925=ORIENTED_EDGE('',*,*,#6806,.T.);
#8926=ORIENTED_EDGE('',*,*,#6807,.T.);
#8927=ORIENTED_EDGE('',*,*,#6808,.F.);
#8928=ORIENTED_EDGE('',*,*,#6768,.F.);
#8929=ORIENTED_EDGE('',*,*,#6771,.F.);
#8930=ORIENTED_EDGE('',*,*,#6797,.T.);
#8931=ORIENTED_EDGE('',*,*,#6809,.T.);
#8932=ORIENTED_EDGE('',*,*,#6772,.F.);
#8933=ORIENTED_EDGE('',*,*,#6804,.F.);
#8934=ORIENTED_EDGE('',*,*,#6770,.T.);
#8935=ORIENTED_EDGE('',*,*,#6802,.T.);
#8936=ORIENTED_EDGE('',*,*,#6810,.F.);
#8937=ORIENTED_EDGE('',*,*,#6809,.F.);
#8938=ORIENTED_EDGE('',*,*,#6796,.T.);
#8939=ORIENTED_EDGE('',*,*,#6811,.T.);
#8940=ORIENTED_EDGE('',*,*,#6773,.F.);
#8941=ORIENTED_EDGE('',*,*,#6812,.T.);
#8942=ORIENTED_EDGE('',*,*,#6813,.T.);
#8943=ORIENTED_EDGE('',*,*,#6814,.F.);
#8944=ORIENTED_EDGE('',*,*,#6774,.F.);
#8945=ORIENTED_EDGE('',*,*,#6815,.T.);
#8946=ORIENTED_EDGE('',*,*,#6816,.T.);
#8947=ORIENTED_EDGE('',*,*,#6817,.F.);
#8948=ORIENTED_EDGE('',*,*,#6780,.F.);
#8949=ORIENTED_EDGE('',*,*,#6818,.F.);
#8950=ORIENTED_EDGE('',*,*,#6794,.T.);
#8951=ORIENTED_EDGE('',*,*,#6819,.T.);
#8952=ORIENTED_EDGE('',*,*,#6775,.F.);
#8953=ORIENTED_EDGE('',*,*,#6820,.F.);
#8954=ORIENTED_EDGE('',*,*,#6790,.T.);
#8955=ORIENTED_EDGE('',*,*,#6821,.T.);
#8956=ORIENTED_EDGE('',*,*,#6779,.F.);
#8957=ORIENTED_EDGE('',*,*,#6819,.F.);
#8958=ORIENTED_EDGE('',*,*,#6793,.T.);
#8959=ORIENTED_EDGE('',*,*,#6822,.T.);
#8960=ORIENTED_EDGE('',*,*,#6776,.F.);
#8961=ORIENTED_EDGE('',*,*,#6823,.F.);
#8962=ORIENTED_EDGE('',*,*,#6791,.T.);
#8963=ORIENTED_EDGE('',*,*,#6820,.T.);
#8964=ORIENTED_EDGE('',*,*,#6778,.F.);
#8965=ORIENTED_EDGE('',*,*,#6824,.T.);
#8966=ORIENTED_EDGE('',*,*,#6825,.T.);
#8967=ORIENTED_EDGE('',*,*,#6826,.F.);
#8968=ORIENTED_EDGE('',*,*,#6777,.F.);
#8969=ORIENTED_EDGE('',*,*,#6782,.F.);
#8970=ORIENTED_EDGE('',*,*,#6827,.T.);
#8971=ORIENTED_EDGE('',*,*,#6798,.T.);
#8972=ORIENTED_EDGE('',*,*,#6828,.F.);
#8973=ORIENTED_EDGE('',*,*,#6785,.F.);
#8974=ORIENTED_EDGE('',*,*,#6829,.T.);
#8975=ORIENTED_EDGE('',*,*,#6799,.T.);
#8976=ORIENTED_EDGE('',*,*,#6827,.F.);
#8977=ORIENTED_EDGE('',*,*,#6784,.F.);
#8978=ORIENTED_EDGE('',*,*,#6830,.T.);
#8979=ORIENTED_EDGE('',*,*,#6800,.T.);
#8980=ORIENTED_EDGE('',*,*,#6829,.F.);
#8981=ORIENTED_EDGE('',*,*,#6783,.F.);
#8982=ORIENTED_EDGE('',*,*,#6828,.T.);
#8983=ORIENTED_EDGE('',*,*,#6801,.T.);
#8984=ORIENTED_EDGE('',*,*,#6830,.F.);
#8985=ORIENTED_EDGE('',*,*,#6817,.T.);
#8986=ORIENTED_EDGE('',*,*,#6831,.T.);
#8987=ORIENTED_EDGE('',*,*,#6832,.F.);
#8988=ORIENTED_EDGE('',*,*,#6833,.F.);
#8989=ORIENTED_EDGE('',*,*,#6786,.T.);
#8990=ORIENTED_EDGE('',*,*,#6834,.F.);
#8991=ORIENTED_EDGE('',*,*,#6795,.T.);
#8992=ORIENTED_EDGE('',*,*,#6835,.T.);
#8993=ORIENTED_EDGE('',*,*,#6836,.F.);
#8994=ORIENTED_EDGE('',*,*,#6837,.F.);
#8995=ORIENTED_EDGE('',*,*,#6838,.F.);
#8996=ORIENTED_EDGE('',*,*,#6839,.T.);
#8997=ORIENTED_EDGE('',*,*,#6840,.T.);
#8998=ORIENTED_EDGE('',*,*,#6841,.T.);
#8999=ORIENTED_EDGE('',*,*,#6842,.T.);
#9000=ORIENTED_EDGE('',*,*,#6843,.F.);
#9001=ORIENTED_EDGE('',*,*,#6844,.F.);
#9002=ORIENTED_EDGE('',*,*,#6845,.F.);
#9003=ORIENTED_EDGE('',*,*,#6846,.F.);
#9004=ORIENTED_EDGE('',*,*,#6847,.F.);
#9005=ORIENTED_EDGE('',*,*,#6789,.T.);
#9006=ORIENTED_EDGE('',*,*,#6848,.T.);
#9007=ORIENTED_EDGE('',*,*,#6849,.F.);
#9008=ORIENTED_EDGE('',*,*,#6850,.F.);
#9009=ORIENTED_EDGE('',*,*,#6851,.F.);
#9010=ORIENTED_EDGE('',*,*,#6852,.F.);
#9011=ORIENTED_EDGE('',*,*,#6792,.T.);
#9012=ORIENTED_EDGE('',*,*,#6853,.T.);
#9013=ORIENTED_EDGE('',*,*,#6854,.F.);
#9014=ORIENTED_EDGE('',*,*,#6803,.T.);
#9015=ORIENTED_EDGE('',*,*,#6855,.T.);
#9016=ORIENTED_EDGE('',*,*,#6856,.F.);
#9017=ORIENTED_EDGE('',*,*,#6857,.F.);
#9018=ORIENTED_EDGE('',*,*,#6858,.F.);
#9019=ORIENTED_EDGE('',*,*,#6859,.F.);
#9020=ORIENTED_EDGE('',*,*,#6860,.F.);
#9021=ORIENTED_EDGE('',*,*,#6861,.F.);
#9022=ORIENTED_EDGE('',*,*,#6805,.F.);
#9023=ORIENTED_EDGE('',*,*,#6862,.T.);
#9024=ORIENTED_EDGE('',*,*,#6863,.T.);
#9025=ORIENTED_EDGE('',*,*,#6864,.T.);
#9026=ORIENTED_EDGE('',*,*,#6865,.T.);
#9027=ORIENTED_EDGE('',*,*,#6866,.T.);
#9028=ORIENTED_EDGE('',*,*,#6867,.T.);
#9029=ORIENTED_EDGE('',*,*,#6868,.F.);
#9030=ORIENTED_EDGE('',*,*,#6806,.F.);
#9031=ORIENTED_EDGE('',*,*,#6868,.T.);
#9032=ORIENTED_EDGE('',*,*,#6869,.T.);
#9033=ORIENTED_EDGE('',*,*,#6870,.F.);
#9034=ORIENTED_EDGE('',*,*,#6808,.T.);
#9035=ORIENTED_EDGE('',*,*,#6871,.T.);
#9036=ORIENTED_EDGE('',*,*,#6872,.F.);
#9037=ORIENTED_EDGE('',*,*,#6855,.F.);
#9038=ORIENTED_EDGE('',*,*,#6870,.T.);
#9039=ORIENTED_EDGE('',*,*,#6873,.T.);
#9040=ORIENTED_EDGE('',*,*,#6871,.F.);
#9041=ORIENTED_EDGE('',*,*,#6807,.F.);
#9042=ORIENTED_EDGE('',*,*,#6874,.F.);
#9043=ORIENTED_EDGE('',*,*,#6810,.T.);
#9044=ORIENTED_EDGE('',*,*,#6875,.T.);
#9045=ORIENTED_EDGE('',*,*,#6876,.F.);
#9046=ORIENTED_EDGE('',*,*,#6812,.F.);
#9047=ORIENTED_EDGE('',*,*,#6811,.F.);
#9048=ORIENTED_EDGE('',*,*,#6877,.T.);
#9049=ORIENTED_EDGE('',*,*,#6878,.T.);
#9050=ORIENTED_EDGE('',*,*,#6879,.F.);
#9051=ORIENTED_EDGE('',*,*,#6879,.T.);
#9052=ORIENTED_EDGE('',*,*,#6880,.T.);
#9053=ORIENTED_EDGE('',*,*,#6881,.F.);
#9054=ORIENTED_EDGE('',*,*,#6813,.F.);
#9055=ORIENTED_EDGE('',*,*,#6814,.T.);
#9056=ORIENTED_EDGE('',*,*,#6881,.T.);
#9057=ORIENTED_EDGE('',*,*,#6882,.F.);
#9058=ORIENTED_EDGE('',*,*,#6883,.F.);
#9059=ORIENTED_EDGE('',*,*,#6818,.T.);
#9060=ORIENTED_EDGE('',*,*,#6815,.F.);
#9061=ORIENTED_EDGE('',*,*,#6821,.F.);
#9062=ORIENTED_EDGE('',*,*,#6884,.T.);
#9063=ORIENTED_EDGE('',*,*,#6885,.T.);
#9064=ORIENTED_EDGE('',*,*,#6886,.F.);
#9065=ORIENTED_EDGE('',*,*,#6886,.T.);
#9066=ORIENTED_EDGE('',*,*,#6887,.T.);
#9067=ORIENTED_EDGE('',*,*,#6831,.F.);
#9068=ORIENTED_EDGE('',*,*,#6816,.F.);
#9069=ORIENTED_EDGE('',*,*,#6824,.F.);
#9070=ORIENTED_EDGE('',*,*,#6822,.F.);
#9071=ORIENTED_EDGE('',*,*,#6888,.T.);
#9072=ORIENTED_EDGE('',*,*,#6889,.T.);
#9073=ORIENTED_EDGE('',*,*,#6890,.F.);
#9074=ORIENTED_EDGE('',*,*,#6826,.T.);
#9075=ORIENTED_EDGE('',*,*,#6891,.T.);
#9076=ORIENTED_EDGE('',*,*,#6892,.F.);
#9077=ORIENTED_EDGE('',*,*,#6893,.F.);
#9078=ORIENTED_EDGE('',*,*,#6823,.T.);
#9079=ORIENTED_EDGE('',*,*,#6890,.T.);
#9080=ORIENTED_EDGE('',*,*,#6894,.T.);
#9081=ORIENTED_EDGE('',*,*,#6891,.F.);
#9082=ORIENTED_EDGE('',*,*,#6825,.F.);
#9083=ORIENTED_EDGE('',*,*,#6885,.F.);
#9084=ORIENTED_EDGE('',*,*,#6895,.T.);
#9085=ORIENTED_EDGE('',*,*,#6832,.T.);
#9086=ORIENTED_EDGE('',*,*,#6887,.F.);
#9087=ORIENTED_EDGE('',*,*,#6848,.F.);
#9088=ORIENTED_EDGE('',*,*,#6833,.T.);
#9089=ORIENTED_EDGE('',*,*,#6896,.T.);
#9090=ORIENTED_EDGE('',*,*,#6897,.F.);
#9091=ORIENTED_EDGE('',*,*,#6834,.T.);
#9092=ORIENTED_EDGE('',*,*,#6898,.T.);
#9093=ORIENTED_EDGE('',*,*,#6899,.F.);
#9094=ORIENTED_EDGE('',*,*,#6877,.F.);
#9095=ORIENTED_EDGE('',*,*,#6900,.F.);
#9096=ORIENTED_EDGE('',*,*,#6838,.T.);
#9097=ORIENTED_EDGE('',*,*,#6901,.T.);
#9098=ORIENTED_EDGE('',*,*,#6902,.F.);
#9099=ORIENTED_EDGE('',*,*,#6835,.F.);
#9100=ORIENTED_EDGE('',*,*,#6883,.T.);
#9101=ORIENTED_EDGE('',*,*,#6903,.T.);
#9102=ORIENTED_EDGE('',*,*,#6904,.F.);
#9103=ORIENTED_EDGE('',*,*,#6837,.T.);
#9104=ORIENTED_EDGE('',*,*,#6905,.F.);
#9105=ORIENTED_EDGE('',*,*,#6906,.F.);
#9106=ORIENTED_EDGE('',*,*,#6907,.F.);
#9107=ORIENTED_EDGE('',*,*,#6908,.F.);
#9108=ORIENTED_EDGE('',*,*,#6836,.T.);
#9109=ORIENTED_EDGE('',*,*,#6909,.T.);
#9110=ORIENTED_EDGE('',*,*,#6910,.F.);
#9111=ORIENTED_EDGE('',*,*,#6911,.F.);
#9112=ORIENTED_EDGE('',*,*,#6912,.T.);
#9113=ORIENTED_EDGE('',*,*,#6839,.F.);
#9114=ORIENTED_EDGE('',*,*,#6913,.F.);
#9115=ORIENTED_EDGE('',*,*,#6914,.F.);
#9116=ORIENTED_EDGE('',*,*,#6915,.T.);
#9117=ORIENTED_EDGE('',*,*,#6840,.F.);
#9118=ORIENTED_EDGE('',*,*,#6912,.F.);
#9119=ORIENTED_EDGE('',*,*,#6916,.F.);
#9120=ORIENTED_EDGE('',*,*,#6917,.T.);
#9121=ORIENTED_EDGE('',*,*,#6841,.F.);
#9122=ORIENTED_EDGE('',*,*,#6915,.F.);
#9123=ORIENTED_EDGE('',*,*,#6918,.F.);
#9124=ORIENTED_EDGE('',*,*,#6913,.T.);
#9125=ORIENTED_EDGE('',*,*,#6842,.F.);
#9126=ORIENTED_EDGE('',*,*,#6917,.F.);
#9127=ORIENTED_EDGE('',*,*,#6919,.F.);
#9128=ORIENTED_EDGE('',*,*,#6920,.T.);
#9129=ORIENTED_EDGE('',*,*,#6843,.T.);
#9130=ORIENTED_EDGE('',*,*,#6921,.F.);
#9131=ORIENTED_EDGE('',*,*,#6922,.F.);
#9132=ORIENTED_EDGE('',*,*,#6923,.T.);
#9133=ORIENTED_EDGE('',*,*,#6844,.T.);
#9134=ORIENTED_EDGE('',*,*,#6920,.F.);
#9135=ORIENTED_EDGE('',*,*,#6924,.F.);
#9136=ORIENTED_EDGE('',*,*,#6921,.T.);
#9137=ORIENTED_EDGE('',*,*,#6846,.T.);
#9138=ORIENTED_EDGE('',*,*,#6925,.F.);
#9139=ORIENTED_EDGE('',*,*,#6926,.F.);
#9140=ORIENTED_EDGE('',*,*,#6925,.T.);
#9141=ORIENTED_EDGE('',*,*,#6845,.T.);
#9142=ORIENTED_EDGE('',*,*,#6923,.F.);
#9143=ORIENTED_EDGE('',*,*,#6847,.T.);
#9144=ORIENTED_EDGE('',*,*,#6927,.T.);
#9145=ORIENTED_EDGE('',*,*,#6928,.F.);
#9146=ORIENTED_EDGE('',*,*,#6884,.F.);
#9147=ORIENTED_EDGE('',*,*,#6929,.F.);
#9148=ORIENTED_EDGE('',*,*,#6851,.T.);
#9149=ORIENTED_EDGE('',*,*,#6930,.T.);
#9150=ORIENTED_EDGE('',*,*,#6931,.F.);
#9151=ORIENTED_EDGE('',*,*,#6850,.T.);
#9152=ORIENTED_EDGE('',*,*,#6932,.F.);
#9153=ORIENTED_EDGE('',*,*,#6933,.F.);
#9154=ORIENTED_EDGE('',*,*,#6934,.F.);
#9155=ORIENTED_EDGE('',*,*,#6935,.F.);
#9156=ORIENTED_EDGE('',*,*,#6849,.T.);
#9157=ORIENTED_EDGE('',*,*,#6936,.T.);
#9158=ORIENTED_EDGE('',*,*,#6937,.F.);
#9159=ORIENTED_EDGE('',*,*,#6852,.T.);
#9160=ORIENTED_EDGE('',*,*,#6938,.T.);
#9161=ORIENTED_EDGE('',*,*,#6939,.F.);
#9162=ORIENTED_EDGE('',*,*,#6888,.F.);
#9163=ORIENTED_EDGE('',*,*,#6853,.F.);
#9164=ORIENTED_EDGE('',*,*,#6893,.T.);
#9165=ORIENTED_EDGE('',*,*,#6940,.T.);
#9166=ORIENTED_EDGE('',*,*,#6941,.F.);
#9167=ORIENTED_EDGE('',*,*,#6854,.T.);
#9168=ORIENTED_EDGE('',*,*,#6942,.T.);
#9169=ORIENTED_EDGE('',*,*,#6943,.F.);
#9170=ORIENTED_EDGE('',*,*,#6944,.F.);
#9171=ORIENTED_EDGE('',*,*,#6945,.F.);
#9172=ORIENTED_EDGE('',*,*,#6946,.F.);
#9173=ORIENTED_EDGE('',*,*,#6947,.F.);
#9174=ORIENTED_EDGE('',*,*,#6948,.F.);
#9175=ORIENTED_EDGE('',*,*,#6949,.F.);
#9176=ORIENTED_EDGE('',*,*,#6867,.F.);
#9177=ORIENTED_EDGE('',*,*,#6950,.F.);
#9178=ORIENTED_EDGE('',*,*,#6856,.T.);
#9179=ORIENTED_EDGE('',*,*,#6857,.T.);
#9180=ORIENTED_EDGE('',*,*,#6950,.T.);
#9181=ORIENTED_EDGE('',*,*,#6866,.F.);
#9182=ORIENTED_EDGE('',*,*,#6951,.F.);
#9183=ORIENTED_EDGE('',*,*,#6952,.T.);
#9184=ORIENTED_EDGE('',*,*,#6953,.T.);
#9185=ORIENTED_EDGE('',*,*,#6858,.T.);
#9186=ORIENTED_EDGE('',*,*,#6954,.T.);
#9187=ORIENTED_EDGE('',*,*,#6955,.T.);
#9188=ORIENTED_EDGE('',*,*,#6956,.T.);
#9189=ORIENTED_EDGE('',*,*,#6859,.T.);
#9190=ORIENTED_EDGE('',*,*,#6957,.T.);
#9191=ORIENTED_EDGE('',*,*,#6864,.F.);
#9192=ORIENTED_EDGE('',*,*,#6958,.F.);
#9193=ORIENTED_EDGE('',*,*,#6860,.T.);
#9194=ORIENTED_EDGE('',*,*,#6958,.T.);
#9195=ORIENTED_EDGE('',*,*,#6863,.F.);
#9196=ORIENTED_EDGE('',*,*,#6959,.T.);
#9197=ORIENTED_EDGE('',*,*,#6875,.F.);
#9198=ORIENTED_EDGE('',*,*,#6861,.T.);
#9199=ORIENTED_EDGE('',*,*,#6960,.T.);
#9200=ORIENTED_EDGE('',*,*,#6961,.F.);
#9201=ORIENTED_EDGE('',*,*,#6962,.T.);
#9202=ORIENTED_EDGE('',*,*,#6963,.T.);
#9203=ORIENTED_EDGE('',*,*,#6964,.T.);
#9204=ORIENTED_EDGE('',*,*,#6965,.T.);
#9205=ORIENTED_EDGE('',*,*,#6865,.F.);
#9206=ORIENTED_EDGE('',*,*,#6966,.T.);
#9207=ORIENTED_EDGE('',*,*,#6874,.T.);
#9208=ORIENTED_EDGE('',*,*,#6967,.T.);
#9209=ORIENTED_EDGE('',*,*,#6968,.F.);
#9210=ORIENTED_EDGE('',*,*,#6862,.F.);
#9211=ORIENTED_EDGE('',*,*,#6869,.F.);
#9212=ORIENTED_EDGE('',*,*,#6949,.T.);
#9213=ORIENTED_EDGE('',*,*,#6872,.T.);
#9214=ORIENTED_EDGE('',*,*,#6873,.F.);
#9215=ORIENTED_EDGE('',*,*,#6967,.F.);
#9216=ORIENTED_EDGE('',*,*,#6876,.T.);
#9217=ORIENTED_EDGE('',*,*,#6961,.T.);
#9218=ORIENTED_EDGE('',*,*,#6969,.F.);
#9219=ORIENTED_EDGE('',*,*,#6878,.F.);
#9220=ORIENTED_EDGE('',*,*,#6970,.T.);
#9221=ORIENTED_EDGE('',*,*,#6882,.T.);
#9222=ORIENTED_EDGE('',*,*,#6880,.F.);
#9223=ORIENTED_EDGE('',*,*,#6889,.F.);
#9224=ORIENTED_EDGE('',*,*,#6971,.T.);
#9225=ORIENTED_EDGE('',*,*,#6892,.T.);
#9226=ORIENTED_EDGE('',*,*,#6894,.F.);
#9227=ORIENTED_EDGE('',*,*,#6928,.T.);
#9228=ORIENTED_EDGE('',*,*,#6972,.T.);
#9229=ORIENTED_EDGE('',*,*,#6933,.T.);
#9230=ORIENTED_EDGE('',*,*,#6973,.T.);
#9231=ORIENTED_EDGE('',*,*,#6896,.F.);
#9232=ORIENTED_EDGE('',*,*,#6895,.F.);
#9233=ORIENTED_EDGE('',*,*,#6936,.F.);
#9234=ORIENTED_EDGE('',*,*,#6897,.T.);
#9235=ORIENTED_EDGE('',*,*,#6974,.T.);
#9236=ORIENTED_EDGE('',*,*,#6975,.F.);
#9237=ORIENTED_EDGE('',*,*,#6899,.T.);
#9238=ORIENTED_EDGE('',*,*,#6976,.T.);
#9239=ORIENTED_EDGE('',*,*,#6906,.T.);
#9240=ORIENTED_EDGE('',*,*,#6977,.T.);
#9241=ORIENTED_EDGE('',*,*,#6903,.F.);
#9242=ORIENTED_EDGE('',*,*,#6970,.F.);
#9243=ORIENTED_EDGE('',*,*,#6914,.T.);
#9244=ORIENTED_EDGE('',*,*,#6911,.T.);
#9245=ORIENTED_EDGE('',*,*,#6918,.T.);
#9246=ORIENTED_EDGE('',*,*,#6916,.T.);
#9247=ORIENTED_EDGE('',*,*,#6919,.T.);
#9248=ORIENTED_EDGE('',*,*,#6924,.T.);
#9249=ORIENTED_EDGE('',*,*,#6926,.T.);
#9250=ORIENTED_EDGE('',*,*,#6922,.T.);
#9251=ORIENTED_EDGE('',*,*,#6978,.F.);
#9252=ORIENTED_EDGE('',*,*,#6898,.F.);
#9253=ORIENTED_EDGE('',*,*,#6900,.T.);
#9254=ORIENTED_EDGE('',*,*,#6979,.F.);
#9255=ORIENTED_EDGE('',*,*,#6901,.F.);
#9256=ORIENTED_EDGE('',*,*,#6907,.T.);
#9257=ORIENTED_EDGE('',*,*,#6980,.T.);
#9258=ORIENTED_EDGE('',*,*,#6981,.F.);
#9259=ORIENTED_EDGE('',*,*,#6982,.F.);
#9260=ORIENTED_EDGE('',*,*,#6902,.T.);
#9261=ORIENTED_EDGE('',*,*,#6983,.T.);
#9262=ORIENTED_EDGE('',*,*,#6984,.F.);
#9263=ORIENTED_EDGE('',*,*,#6909,.F.);
#9264=ORIENTED_EDGE('',*,*,#6904,.T.);
#9265=ORIENTED_EDGE('',*,*,#6985,.T.);
#9266=ORIENTED_EDGE('',*,*,#6986,.F.);
#9267=ORIENTED_EDGE('',*,*,#6987,.F.);
#9268=ORIENTED_EDGE('',*,*,#6905,.T.);
#9269=ORIENTED_EDGE('',*,*,#6908,.T.);
#9270=ORIENTED_EDGE('',*,*,#6988,.F.);
#9271=ORIENTED_EDGE('',*,*,#6989,.F.);
#9272=ORIENTED_EDGE('',*,*,#6910,.T.);
#9273=ORIENTED_EDGE('',*,*,#6990,.T.);
#9274=ORIENTED_EDGE('',*,*,#6991,.F.);
#9275=ORIENTED_EDGE('',*,*,#6992,.F.);
#9276=ORIENTED_EDGE('',*,*,#6927,.F.);
#9277=ORIENTED_EDGE('',*,*,#6929,.T.);
#9278=ORIENTED_EDGE('',*,*,#6993,.F.);
#9279=ORIENTED_EDGE('',*,*,#6930,.F.);
#9280=ORIENTED_EDGE('',*,*,#6934,.T.);
#9281=ORIENTED_EDGE('',*,*,#6994,.T.);
#9282=ORIENTED_EDGE('',*,*,#6995,.F.);
#9283=ORIENTED_EDGE('',*,*,#6996,.F.);
#9284=ORIENTED_EDGE('',*,*,#6931,.T.);
#9285=ORIENTED_EDGE('',*,*,#6997,.T.);
#9286=ORIENTED_EDGE('',*,*,#6998,.F.);
#9287=ORIENTED_EDGE('',*,*,#6999,.F.);
#9288=ORIENTED_EDGE('',*,*,#6932,.T.);
#9289=ORIENTED_EDGE('',*,*,#6935,.T.);
#9290=ORIENTED_EDGE('',*,*,#7000,.F.);
#9291=ORIENTED_EDGE('',*,*,#7001,.F.);
#9292=ORIENTED_EDGE('',*,*,#6937,.T.);
#9293=ORIENTED_EDGE('',*,*,#7002,.T.);
#9294=ORIENTED_EDGE('',*,*,#7003,.F.);
#9295=ORIENTED_EDGE('',*,*,#6939,.T.);
#9296=ORIENTED_EDGE('',*,*,#7004,.T.);
#9297=ORIENTED_EDGE('',*,*,#6940,.F.);
#9298=ORIENTED_EDGE('',*,*,#6971,.F.);
#9299=ORIENTED_EDGE('',*,*,#7005,.T.);
#9300=ORIENTED_EDGE('',*,*,#7006,.T.);
#9301=ORIENTED_EDGE('',*,*,#7007,.F.);
#9302=ORIENTED_EDGE('',*,*,#6938,.F.);
#9303=ORIENTED_EDGE('',*,*,#7008,.F.);
#9304=ORIENTED_EDGE('',*,*,#6941,.T.);
#9305=ORIENTED_EDGE('',*,*,#7009,.T.);
#9306=ORIENTED_EDGE('',*,*,#7010,.F.);
#9307=ORIENTED_EDGE('',*,*,#7008,.T.);
#9308=ORIENTED_EDGE('',*,*,#7011,.T.);
#9309=ORIENTED_EDGE('',*,*,#7012,.F.);
#9310=ORIENTED_EDGE('',*,*,#6942,.F.);
#9311=ORIENTED_EDGE('',*,*,#6943,.T.);
#9312=ORIENTED_EDGE('',*,*,#7013,.T.);
#9313=ORIENTED_EDGE('',*,*,#7014,.F.);
#9314=ORIENTED_EDGE('',*,*,#7015,.F.);
#9315=ORIENTED_EDGE('',*,*,#6944,.T.);
#9316=ORIENTED_EDGE('',*,*,#7015,.T.);
#9317=ORIENTED_EDGE('',*,*,#7016,.F.);
#9318=ORIENTED_EDGE('',*,*,#7017,.F.);
#9319=ORIENTED_EDGE('',*,*,#7018,.F.);
#9320=ORIENTED_EDGE('',*,*,#7019,.F.);
#9321=ORIENTED_EDGE('',*,*,#6945,.T.);
#9322=ORIENTED_EDGE('',*,*,#7020,.F.);
#9323=ORIENTED_EDGE('',*,*,#7021,.F.);
#9324=ORIENTED_EDGE('',*,*,#7022,.F.);
#9325=ORIENTED_EDGE('',*,*,#6946,.T.);
#9326=ORIENTED_EDGE('',*,*,#7023,.T.);
#9327=ORIENTED_EDGE('',*,*,#7024,.F.);
#9328=ORIENTED_EDGE('',*,*,#7025,.F.);
#9329=ORIENTED_EDGE('',*,*,#6947,.T.);
#9330=ORIENTED_EDGE('',*,*,#7025,.T.);
#9331=ORIENTED_EDGE('',*,*,#7026,.F.);
#9332=ORIENTED_EDGE('',*,*,#7027,.F.);
#9333=ORIENTED_EDGE('',*,*,#7005,.F.);
#9334=ORIENTED_EDGE('',*,*,#6948,.T.);
#9335=ORIENTED_EDGE('',*,*,#7028,.T.);
#9336=ORIENTED_EDGE('',*,*,#7029,.F.);
#9337=ORIENTED_EDGE('',*,*,#6954,.F.);
#9338=ORIENTED_EDGE('',*,*,#6951,.T.);
#9339=ORIENTED_EDGE('',*,*,#6965,.F.);
#9340=ORIENTED_EDGE('',*,*,#7030,.F.);
#9341=ORIENTED_EDGE('',*,*,#6952,.F.);
#9342=ORIENTED_EDGE('',*,*,#7031,.T.);
#9343=ORIENTED_EDGE('',*,*,#6962,.F.);
#9344=ORIENTED_EDGE('',*,*,#7032,.F.);
#9345=ORIENTED_EDGE('',*,*,#6953,.F.);
#9346=ORIENTED_EDGE('',*,*,#7032,.T.);
#9347=ORIENTED_EDGE('',*,*,#6966,.F.);
#9348=ORIENTED_EDGE('',*,*,#6957,.F.);
#9349=ORIENTED_EDGE('',*,*,#6955,.F.);
#9350=ORIENTED_EDGE('',*,*,#7030,.T.);
#9351=ORIENTED_EDGE('',*,*,#6964,.F.);
#9352=ORIENTED_EDGE('',*,*,#7033,.F.);
#9353=ORIENTED_EDGE('',*,*,#6963,.F.);
#9354=ORIENTED_EDGE('',*,*,#7031,.F.);
#9355=ORIENTED_EDGE('',*,*,#6956,.F.);
#9356=ORIENTED_EDGE('',*,*,#7033,.T.);
#9357=ORIENTED_EDGE('',*,*,#6968,.T.);
#9358=ORIENTED_EDGE('',*,*,#6969,.T.);
#9359=ORIENTED_EDGE('',*,*,#6960,.F.);
#9360=ORIENTED_EDGE('',*,*,#6959,.F.);
#9361=ORIENTED_EDGE('',*,*,#6994,.F.);
#9362=ORIENTED_EDGE('',*,*,#6972,.F.);
#9363=ORIENTED_EDGE('',*,*,#6992,.T.);
#9364=ORIENTED_EDGE('',*,*,#7034,.F.);
#9365=ORIENTED_EDGE('',*,*,#6974,.F.);
#9366=ORIENTED_EDGE('',*,*,#6973,.F.);
#9367=ORIENTED_EDGE('',*,*,#6999,.T.);
#9368=ORIENTED_EDGE('',*,*,#7035,.F.);
#9369=ORIENTED_EDGE('',*,*,#7036,.T.);
#9370=ORIENTED_EDGE('',*,*,#7037,.T.);
#9371=ORIENTED_EDGE('',*,*,#7038,.F.);
#9372=ORIENTED_EDGE('',*,*,#7039,.F.);
#9373=ORIENTED_EDGE('',*,*,#6975,.T.);
#9374=ORIENTED_EDGE('',*,*,#6980,.F.);
#9375=ORIENTED_EDGE('',*,*,#6976,.F.);
#9376=ORIENTED_EDGE('',*,*,#6978,.T.);
#9377=ORIENTED_EDGE('',*,*,#7040,.F.);
#9378=ORIENTED_EDGE('',*,*,#6985,.F.);
#9379=ORIENTED_EDGE('',*,*,#6977,.F.);
#9380=ORIENTED_EDGE('',*,*,#6987,.T.);
#9381=ORIENTED_EDGE('',*,*,#7041,.F.);
#9382=ORIENTED_EDGE('',*,*,#7042,.F.);
#9383=ORIENTED_EDGE('',*,*,#6979,.T.);
#9384=ORIENTED_EDGE('',*,*,#7043,.T.);
#9385=ORIENTED_EDGE('',*,*,#7044,.F.);
#9386=ORIENTED_EDGE('',*,*,#7045,.F.);
#9387=ORIENTED_EDGE('',*,*,#7046,.T.);
#9388=ORIENTED_EDGE('',*,*,#7047,.T.);
#9389=ORIENTED_EDGE('',*,*,#7048,.F.);
#9390=ORIENTED_EDGE('',*,*,#7049,.F.);
#9391=ORIENTED_EDGE('',*,*,#6981,.T.);
#9392=ORIENTED_EDGE('',*,*,#6982,.T.);
#9393=ORIENTED_EDGE('',*,*,#7050,.T.);
#9394=ORIENTED_EDGE('',*,*,#7051,.F.);
#9395=ORIENTED_EDGE('',*,*,#7043,.F.);
#9396=ORIENTED_EDGE('',*,*,#6983,.F.);
#9397=ORIENTED_EDGE('',*,*,#7049,.T.);
#9398=ORIENTED_EDGE('',*,*,#7052,.T.);
#9399=ORIENTED_EDGE('',*,*,#7053,.F.);
#9400=ORIENTED_EDGE('',*,*,#7050,.F.);
#9401=ORIENTED_EDGE('',*,*,#6984,.T.);
#9402=ORIENTED_EDGE('',*,*,#7053,.T.);
#9403=ORIENTED_EDGE('',*,*,#7054,.F.);
#9404=ORIENTED_EDGE('',*,*,#7055,.T.);
#9405=ORIENTED_EDGE('',*,*,#7056,.T.);
#9406=ORIENTED_EDGE('',*,*,#7057,.F.);
#9407=ORIENTED_EDGE('',*,*,#7058,.F.);
#9408=ORIENTED_EDGE('',*,*,#6986,.T.);
#9409=ORIENTED_EDGE('',*,*,#7059,.F.);
#9410=ORIENTED_EDGE('',*,*,#6988,.T.);
#9411=ORIENTED_EDGE('',*,*,#7060,.T.);
#9412=ORIENTED_EDGE('',*,*,#7061,.F.);
#9413=ORIENTED_EDGE('',*,*,#7062,.F.);
#9414=ORIENTED_EDGE('',*,*,#6989,.T.);
#9415=ORIENTED_EDGE('',*,*,#7063,.T.);
#9416=ORIENTED_EDGE('',*,*,#7064,.F.);
#9417=ORIENTED_EDGE('',*,*,#7060,.F.);
#9418=ORIENTED_EDGE('',*,*,#6990,.F.);
#9419=ORIENTED_EDGE('',*,*,#7058,.T.);
#9420=ORIENTED_EDGE('',*,*,#7065,.T.);
#9421=ORIENTED_EDGE('',*,*,#7066,.F.);
#9422=ORIENTED_EDGE('',*,*,#7063,.F.);
#9423=ORIENTED_EDGE('',*,*,#6991,.T.);
#9424=ORIENTED_EDGE('',*,*,#7066,.T.);
#9425=ORIENTED_EDGE('',*,*,#7067,.F.);
#9426=ORIENTED_EDGE('',*,*,#7068,.F.);
#9427=ORIENTED_EDGE('',*,*,#6993,.T.);
#9428=ORIENTED_EDGE('',*,*,#7069,.T.);
#9429=ORIENTED_EDGE('',*,*,#7070,.F.);
#9430=ORIENTED_EDGE('',*,*,#7071,.F.);
#9431=ORIENTED_EDGE('',*,*,#7072,.T.);
#9432=ORIENTED_EDGE('',*,*,#7073,.T.);
#9433=ORIENTED_EDGE('',*,*,#7074,.F.);
#9434=ORIENTED_EDGE('',*,*,#7075,.F.);
#9435=ORIENTED_EDGE('',*,*,#6995,.T.);
#9436=ORIENTED_EDGE('',*,*,#6996,.T.);
#9437=ORIENTED_EDGE('',*,*,#7076,.T.);
#9438=ORIENTED_EDGE('',*,*,#7077,.F.);
#9439=ORIENTED_EDGE('',*,*,#7069,.F.);
#9440=ORIENTED_EDGE('',*,*,#6997,.F.);
#9441=ORIENTED_EDGE('',*,*,#7075,.T.);
#9442=ORIENTED_EDGE('',*,*,#7078,.T.);
#9443=ORIENTED_EDGE('',*,*,#7079,.F.);
#9444=ORIENTED_EDGE('',*,*,#7076,.F.);
#9445=ORIENTED_EDGE('',*,*,#6998,.T.);
#9446=ORIENTED_EDGE('',*,*,#7079,.T.);
#9447=ORIENTED_EDGE('',*,*,#7080,.F.);
#9448=ORIENTED_EDGE('',*,*,#7081,.F.);
#9449=ORIENTED_EDGE('',*,*,#7000,.T.);
#9450=ORIENTED_EDGE('',*,*,#7082,.T.);
#9451=ORIENTED_EDGE('',*,*,#7083,.F.);
#9452=ORIENTED_EDGE('',*,*,#7084,.F.);
#9453=ORIENTED_EDGE('',*,*,#7001,.T.);
#9454=ORIENTED_EDGE('',*,*,#7085,.T.);
#9455=ORIENTED_EDGE('',*,*,#7086,.F.);
#9456=ORIENTED_EDGE('',*,*,#7082,.F.);
#9457=ORIENTED_EDGE('',*,*,#7002,.F.);
#9458=ORIENTED_EDGE('',*,*,#7039,.T.);
#9459=ORIENTED_EDGE('',*,*,#7087,.T.);
#9460=ORIENTED_EDGE('',*,*,#7088,.F.);
#9461=ORIENTED_EDGE('',*,*,#7085,.F.);
#9462=ORIENTED_EDGE('',*,*,#7003,.T.);
#9463=ORIENTED_EDGE('',*,*,#7088,.T.);
#9464=ORIENTED_EDGE('',*,*,#7089,.F.);
#9465=ORIENTED_EDGE('',*,*,#7004,.F.);
#9466=ORIENTED_EDGE('',*,*,#7090,.T.);
#9467=ORIENTED_EDGE('',*,*,#7026,.T.);
#9468=ORIENTED_EDGE('',*,*,#7024,.T.);
#9469=ORIENTED_EDGE('',*,*,#7091,.T.);
#9470=ORIENTED_EDGE('',*,*,#7016,.T.);
#9471=ORIENTED_EDGE('',*,*,#7014,.T.);
#9472=ORIENTED_EDGE('',*,*,#7092,.F.);
#9473=ORIENTED_EDGE('',*,*,#7007,.T.);
#9474=ORIENTED_EDGE('',*,*,#7093,.T.);
#9475=ORIENTED_EDGE('',*,*,#7094,.F.);
#9476=ORIENTED_EDGE('',*,*,#7090,.F.);
#9477=ORIENTED_EDGE('',*,*,#7029,.T.);
#9478=ORIENTED_EDGE('',*,*,#7095,.T.);
#9479=ORIENTED_EDGE('',*,*,#7093,.F.);
#9480=ORIENTED_EDGE('',*,*,#7006,.F.);
#9481=ORIENTED_EDGE('',*,*,#7009,.F.);
#9482=ORIENTED_EDGE('',*,*,#7092,.T.);
#9483=ORIENTED_EDGE('',*,*,#7096,.T.);
#9484=ORIENTED_EDGE('',*,*,#7097,.F.);
#9485=ORIENTED_EDGE('',*,*,#7011,.F.);
#9486=ORIENTED_EDGE('',*,*,#7010,.T.);
#9487=ORIENTED_EDGE('',*,*,#7097,.T.);
#9488=ORIENTED_EDGE('',*,*,#7098,.F.);
#9489=ORIENTED_EDGE('',*,*,#7012,.T.);
#9490=ORIENTED_EDGE('',*,*,#7098,.T.);
#9491=ORIENTED_EDGE('',*,*,#7096,.F.);
#9492=ORIENTED_EDGE('',*,*,#7013,.F.);
#9493=ORIENTED_EDGE('',*,*,#7020,.T.);
#9494=ORIENTED_EDGE('',*,*,#7017,.T.);
#9495=ORIENTED_EDGE('',*,*,#7099,.F.);
#9496=ORIENTED_EDGE('',*,*,#7100,.F.);
#9497=ORIENTED_EDGE('',*,*,#7018,.T.);
#9498=ORIENTED_EDGE('',*,*,#7101,.T.);
#9499=ORIENTED_EDGE('',*,*,#7102,.F.);
#9500=ORIENTED_EDGE('',*,*,#7103,.F.);
#9501=ORIENTED_EDGE('',*,*,#7019,.T.);
#9502=ORIENTED_EDGE('',*,*,#7103,.T.);
#9503=ORIENTED_EDGE('',*,*,#7104,.F.);
#9504=ORIENTED_EDGE('',*,*,#7023,.F.);
#9505=ORIENTED_EDGE('',*,*,#7021,.T.);
#9506=ORIENTED_EDGE('',*,*,#7100,.T.);
#9507=ORIENTED_EDGE('',*,*,#7105,.F.);
#9508=ORIENTED_EDGE('',*,*,#7106,.F.);
#9509=ORIENTED_EDGE('',*,*,#7022,.T.);
#9510=ORIENTED_EDGE('',*,*,#7106,.T.);
#9511=ORIENTED_EDGE('',*,*,#7107,.F.);
#9512=ORIENTED_EDGE('',*,*,#7101,.F.);
#9513=ORIENTED_EDGE('',*,*,#7028,.F.);
#9514=ORIENTED_EDGE('',*,*,#7027,.T.);
#9515=ORIENTED_EDGE('',*,*,#7094,.T.);
#9516=ORIENTED_EDGE('',*,*,#7095,.F.);
#9517=ORIENTED_EDGE('',*,*,#7072,.F.);
#9518=ORIENTED_EDGE('',*,*,#7034,.T.);
#9519=ORIENTED_EDGE('',*,*,#7068,.T.);
#9520=ORIENTED_EDGE('',*,*,#7108,.F.);
#9521=ORIENTED_EDGE('',*,*,#7036,.F.);
#9522=ORIENTED_EDGE('',*,*,#7035,.T.);
#9523=ORIENTED_EDGE('',*,*,#7081,.T.);
#9524=ORIENTED_EDGE('',*,*,#7109,.F.);
#9525=ORIENTED_EDGE('',*,*,#7109,.T.);
#9526=ORIENTED_EDGE('',*,*,#7084,.T.);
#9527=ORIENTED_EDGE('',*,*,#7110,.F.);
#9528=ORIENTED_EDGE('',*,*,#7037,.F.);
#9529=ORIENTED_EDGE('',*,*,#7083,.T.);
#9530=ORIENTED_EDGE('',*,*,#7111,.T.);
#9531=ORIENTED_EDGE('',*,*,#7038,.T.);
#9532=ORIENTED_EDGE('',*,*,#7110,.T.);
#9533=ORIENTED_EDGE('',*,*,#7046,.F.);
#9534=ORIENTED_EDGE('',*,*,#7040,.T.);
#9535=ORIENTED_EDGE('',*,*,#7042,.T.);
#9536=ORIENTED_EDGE('',*,*,#7112,.F.);
#9537=ORIENTED_EDGE('',*,*,#7055,.F.);
#9538=ORIENTED_EDGE('',*,*,#7041,.T.);
#9539=ORIENTED_EDGE('',*,*,#7059,.T.);
#9540=ORIENTED_EDGE('',*,*,#7113,.F.);
#9541=ORIENTED_EDGE('',*,*,#7112,.T.);
#9542=ORIENTED_EDGE('',*,*,#7045,.T.);
#9543=ORIENTED_EDGE('',*,*,#7114,.F.);
#9544=ORIENTED_EDGE('',*,*,#7047,.F.);
#9545=ORIENTED_EDGE('',*,*,#7048,.T.);
#9546=ORIENTED_EDGE('',*,*,#7114,.T.);
#9547=ORIENTED_EDGE('',*,*,#7044,.T.);
#9548=ORIENTED_EDGE('',*,*,#7115,.T.);
#9549=ORIENTED_EDGE('',*,*,#7051,.T.);
#9550=ORIENTED_EDGE('',*,*,#7054,.T.);
#9551=ORIENTED_EDGE('',*,*,#7052,.F.);
#9552=ORIENTED_EDGE('',*,*,#7115,.F.);
#9553=ORIENTED_EDGE('',*,*,#7113,.T.);
#9554=ORIENTED_EDGE('',*,*,#7062,.T.);
#9555=ORIENTED_EDGE('',*,*,#7116,.F.);
#9556=ORIENTED_EDGE('',*,*,#7056,.F.);
#9557=ORIENTED_EDGE('',*,*,#7057,.T.);
#9558=ORIENTED_EDGE('',*,*,#7116,.T.);
#9559=ORIENTED_EDGE('',*,*,#7061,.T.);
#9560=ORIENTED_EDGE('',*,*,#7117,.T.);
#9561=ORIENTED_EDGE('',*,*,#7064,.T.);
#9562=ORIENTED_EDGE('',*,*,#7067,.T.);
#9563=ORIENTED_EDGE('',*,*,#7065,.F.);
#9564=ORIENTED_EDGE('',*,*,#7117,.F.);
#9565=ORIENTED_EDGE('',*,*,#7108,.T.);
#9566=ORIENTED_EDGE('',*,*,#7071,.T.);
#9567=ORIENTED_EDGE('',*,*,#7118,.F.);
#9568=ORIENTED_EDGE('',*,*,#7073,.F.);
#9569=ORIENTED_EDGE('',*,*,#7070,.T.);
#9570=ORIENTED_EDGE('',*,*,#7119,.T.);
#9571=ORIENTED_EDGE('',*,*,#7074,.T.);
#9572=ORIENTED_EDGE('',*,*,#7118,.T.);
#9573=ORIENTED_EDGE('',*,*,#7077,.T.);
#9574=ORIENTED_EDGE('',*,*,#7080,.T.);
#9575=ORIENTED_EDGE('',*,*,#7078,.F.);
#9576=ORIENTED_EDGE('',*,*,#7119,.F.);
#9577=ORIENTED_EDGE('',*,*,#7086,.T.);
#9578=ORIENTED_EDGE('',*,*,#7089,.T.);
#9579=ORIENTED_EDGE('',*,*,#7087,.F.);
#9580=ORIENTED_EDGE('',*,*,#7111,.F.);
#9581=ORIENTED_EDGE('',*,*,#7102,.T.);
#9582=ORIENTED_EDGE('',*,*,#7107,.T.);
#9583=ORIENTED_EDGE('',*,*,#7105,.T.);
#9584=ORIENTED_EDGE('',*,*,#7099,.T.);
#9585=ORIENTED_EDGE('',*,*,#7091,.F.);
#9586=ORIENTED_EDGE('',*,*,#7104,.T.);
#9587=ORIENTED_EDGE('',*,*,#7120,.T.);
#9588=ORIENTED_EDGE('',*,*,#7121,.T.);
#9589=ORIENTED_EDGE('',*,*,#7122,.F.);
#9590=ORIENTED_EDGE('',*,*,#7123,.F.);
#9591=ORIENTED_EDGE('',*,*,#7122,.T.);
#9592=ORIENTED_EDGE('',*,*,#7124,.T.);
#9593=ORIENTED_EDGE('',*,*,#7125,.F.);
#9594=ORIENTED_EDGE('',*,*,#7126,.F.);
#9595=ORIENTED_EDGE('',*,*,#7125,.T.);
#9596=ORIENTED_EDGE('',*,*,#7127,.T.);
#9597=ORIENTED_EDGE('',*,*,#7128,.F.);
#9598=ORIENTED_EDGE('',*,*,#7129,.F.);
#9599=ORIENTED_EDGE('',*,*,#7128,.T.);
#9600=ORIENTED_EDGE('',*,*,#7130,.T.);
#9601=ORIENTED_EDGE('',*,*,#7131,.F.);
#9602=ORIENTED_EDGE('',*,*,#7132,.F.);
#9603=ORIENTED_EDGE('',*,*,#7131,.T.);
#9604=ORIENTED_EDGE('',*,*,#7133,.T.);
#9605=ORIENTED_EDGE('',*,*,#7134,.F.);
#9606=ORIENTED_EDGE('',*,*,#7135,.F.);
#9607=ORIENTED_EDGE('',*,*,#7134,.T.);
#9608=ORIENTED_EDGE('',*,*,#7136,.T.);
#9609=ORIENTED_EDGE('',*,*,#7137,.F.);
#9610=ORIENTED_EDGE('',*,*,#7138,.F.);
#9611=ORIENTED_EDGE('',*,*,#7137,.T.);
#9612=ORIENTED_EDGE('',*,*,#7139,.T.);
#9613=ORIENTED_EDGE('',*,*,#7140,.F.);
#9614=ORIENTED_EDGE('',*,*,#7141,.F.);
#9615=ORIENTED_EDGE('',*,*,#7140,.T.);
#9616=ORIENTED_EDGE('',*,*,#7142,.T.);
#9617=ORIENTED_EDGE('',*,*,#7143,.F.);
#9618=ORIENTED_EDGE('',*,*,#7144,.F.);
#9619=ORIENTED_EDGE('',*,*,#7143,.T.);
#9620=ORIENTED_EDGE('',*,*,#7145,.T.);
#9621=ORIENTED_EDGE('',*,*,#7146,.F.);
#9622=ORIENTED_EDGE('',*,*,#7147,.F.);
#9623=ORIENTED_EDGE('',*,*,#7146,.T.);
#9624=ORIENTED_EDGE('',*,*,#7148,.T.);
#9625=ORIENTED_EDGE('',*,*,#7149,.F.);
#9626=ORIENTED_EDGE('',*,*,#7150,.F.);
#9627=ORIENTED_EDGE('',*,*,#7149,.T.);
#9628=ORIENTED_EDGE('',*,*,#7151,.T.);
#9629=ORIENTED_EDGE('',*,*,#7152,.F.);
#9630=ORIENTED_EDGE('',*,*,#7153,.F.);
#9631=ORIENTED_EDGE('',*,*,#7152,.T.);
#9632=ORIENTED_EDGE('',*,*,#7154,.T.);
#9633=ORIENTED_EDGE('',*,*,#7120,.F.);
#9634=ORIENTED_EDGE('',*,*,#7155,.F.);
#9635=ORIENTED_EDGE('',*,*,#7123,.T.);
#9636=ORIENTED_EDGE('',*,*,#7126,.T.);
#9637=ORIENTED_EDGE('',*,*,#7129,.T.);
#9638=ORIENTED_EDGE('',*,*,#7132,.T.);
#9639=ORIENTED_EDGE('',*,*,#7135,.T.);
#9640=ORIENTED_EDGE('',*,*,#7138,.T.);
#9641=ORIENTED_EDGE('',*,*,#7141,.T.);
#9642=ORIENTED_EDGE('',*,*,#7144,.T.);
#9643=ORIENTED_EDGE('',*,*,#7147,.T.);
#9644=ORIENTED_EDGE('',*,*,#7150,.T.);
#9645=ORIENTED_EDGE('',*,*,#7153,.T.);
#9646=ORIENTED_EDGE('',*,*,#7155,.T.);
#9647=ORIENTED_EDGE('',*,*,#7121,.F.);
#9648=ORIENTED_EDGE('',*,*,#7154,.F.);
#9649=ORIENTED_EDGE('',*,*,#7151,.F.);
#9650=ORIENTED_EDGE('',*,*,#7148,.F.);
#9651=ORIENTED_EDGE('',*,*,#7145,.F.);
#9652=ORIENTED_EDGE('',*,*,#7142,.F.);
#9653=ORIENTED_EDGE('',*,*,#7139,.F.);
#9654=ORIENTED_EDGE('',*,*,#7136,.F.);
#9655=ORIENTED_EDGE('',*,*,#7133,.F.);
#9656=ORIENTED_EDGE('',*,*,#7130,.F.);
#9657=ORIENTED_EDGE('',*,*,#7127,.F.);
#9658=ORIENTED_EDGE('',*,*,#7124,.F.);
#9659=ORIENTED_EDGE('',*,*,#7156,.F.);
#9660=ORIENTED_EDGE('',*,*,#7157,.T.);
#9661=ORIENTED_EDGE('',*,*,#7158,.T.);
#9662=ORIENTED_EDGE('',*,*,#7159,.T.);
#9663=ORIENTED_EDGE('',*,*,#7160,.F.);
#9664=ORIENTED_EDGE('',*,*,#7161,.F.);
#9665=ORIENTED_EDGE('',*,*,#7162,.F.);
#9666=ORIENTED_EDGE('',*,*,#7163,.T.);
#9667=ORIENTED_EDGE('',*,*,#7156,.T.);
#9668=ORIENTED_EDGE('',*,*,#7164,.F.);
#9669=ORIENTED_EDGE('',*,*,#7165,.F.);
#9670=ORIENTED_EDGE('',*,*,#7164,.T.);
#9671=ORIENTED_EDGE('',*,*,#7161,.T.);
#9672=ORIENTED_EDGE('',*,*,#7166,.F.);
#9673=ORIENTED_EDGE('',*,*,#7157,.F.);
#9674=ORIENTED_EDGE('',*,*,#7163,.F.);
#9675=ORIENTED_EDGE('',*,*,#7167,.F.);
#9676=ORIENTED_EDGE('',*,*,#7168,.F.);
#9677=ORIENTED_EDGE('',*,*,#7160,.T.);
#9678=ORIENTED_EDGE('',*,*,#7169,.T.);
#9679=ORIENTED_EDGE('',*,*,#7170,.T.);
#9680=ORIENTED_EDGE('',*,*,#7166,.T.);
#9681=ORIENTED_EDGE('',*,*,#7158,.F.);
#9682=ORIENTED_EDGE('',*,*,#7168,.T.);
#9683=ORIENTED_EDGE('',*,*,#7171,.T.);
#9684=ORIENTED_EDGE('',*,*,#7172,.F.);
#9685=ORIENTED_EDGE('',*,*,#7159,.F.);
#9686=ORIENTED_EDGE('',*,*,#7172,.T.);
#9687=ORIENTED_EDGE('',*,*,#7173,.T.);
#9688=ORIENTED_EDGE('',*,*,#7169,.F.);
#9689=ORIENTED_EDGE('',*,*,#7171,.F.);
#9690=ORIENTED_EDGE('',*,*,#7167,.T.);
#9691=ORIENTED_EDGE('',*,*,#7162,.T.);
#9692=ORIENTED_EDGE('',*,*,#7165,.T.);
#9693=ORIENTED_EDGE('',*,*,#7170,.F.);
#9694=ORIENTED_EDGE('',*,*,#7173,.F.);
#9695=ORIENTED_EDGE('',*,*,#7174,.F.);
#9696=ORIENTED_EDGE('',*,*,#7175,.T.);
#9697=ORIENTED_EDGE('',*,*,#7176,.T.);
#9698=ORIENTED_EDGE('',*,*,#7177,.T.);
#9699=ORIENTED_EDGE('',*,*,#7178,.F.);
#9700=ORIENTED_EDGE('',*,*,#7179,.F.);
#9701=ORIENTED_EDGE('',*,*,#7180,.F.);
#9702=ORIENTED_EDGE('',*,*,#7181,.T.);
#9703=ORIENTED_EDGE('',*,*,#7174,.T.);
#9704=ORIENTED_EDGE('',*,*,#7182,.F.);
#9705=ORIENTED_EDGE('',*,*,#7183,.F.);
#9706=ORIENTED_EDGE('',*,*,#7182,.T.);
#9707=ORIENTED_EDGE('',*,*,#7179,.T.);
#9708=ORIENTED_EDGE('',*,*,#7184,.F.);
#9709=ORIENTED_EDGE('',*,*,#7175,.F.);
#9710=ORIENTED_EDGE('',*,*,#7181,.F.);
#9711=ORIENTED_EDGE('',*,*,#7185,.F.);
#9712=ORIENTED_EDGE('',*,*,#7186,.F.);
#9713=ORIENTED_EDGE('',*,*,#7178,.T.);
#9714=ORIENTED_EDGE('',*,*,#7187,.T.);
#9715=ORIENTED_EDGE('',*,*,#7188,.T.);
#9716=ORIENTED_EDGE('',*,*,#7184,.T.);
#9717=ORIENTED_EDGE('',*,*,#7176,.F.);
#9718=ORIENTED_EDGE('',*,*,#7186,.T.);
#9719=ORIENTED_EDGE('',*,*,#7189,.T.);
#9720=ORIENTED_EDGE('',*,*,#7190,.F.);
#9721=ORIENTED_EDGE('',*,*,#7177,.F.);
#9722=ORIENTED_EDGE('',*,*,#7190,.T.);
#9723=ORIENTED_EDGE('',*,*,#7191,.T.);
#9724=ORIENTED_EDGE('',*,*,#7187,.F.);
#9725=ORIENTED_EDGE('',*,*,#7189,.F.);
#9726=ORIENTED_EDGE('',*,*,#7185,.T.);
#9727=ORIENTED_EDGE('',*,*,#7180,.T.);
#9728=ORIENTED_EDGE('',*,*,#7183,.T.);
#9729=ORIENTED_EDGE('',*,*,#7188,.F.);
#9730=ORIENTED_EDGE('',*,*,#7191,.F.);
#9731=ORIENTED_EDGE('',*,*,#7192,.F.);
#9732=ORIENTED_EDGE('',*,*,#7193,.T.);
#9733=ORIENTED_EDGE('',*,*,#7194,.T.);
#9734=ORIENTED_EDGE('',*,*,#7195,.T.);
#9735=ORIENTED_EDGE('',*,*,#7196,.F.);
#9736=ORIENTED_EDGE('',*,*,#7197,.F.);
#9737=ORIENTED_EDGE('',*,*,#7198,.F.);
#9738=ORIENTED_EDGE('',*,*,#7199,.T.);
#9739=ORIENTED_EDGE('',*,*,#7192,.T.);
#9740=ORIENTED_EDGE('',*,*,#7200,.F.);
#9741=ORIENTED_EDGE('',*,*,#7201,.F.);
#9742=ORIENTED_EDGE('',*,*,#7200,.T.);
#9743=ORIENTED_EDGE('',*,*,#7197,.T.);
#9744=ORIENTED_EDGE('',*,*,#7202,.F.);
#9745=ORIENTED_EDGE('',*,*,#7193,.F.);
#9746=ORIENTED_EDGE('',*,*,#7199,.F.);
#9747=ORIENTED_EDGE('',*,*,#7203,.F.);
#9748=ORIENTED_EDGE('',*,*,#7204,.F.);
#9749=ORIENTED_EDGE('',*,*,#7196,.T.);
#9750=ORIENTED_EDGE('',*,*,#7205,.T.);
#9751=ORIENTED_EDGE('',*,*,#7206,.T.);
#9752=ORIENTED_EDGE('',*,*,#7202,.T.);
#9753=ORIENTED_EDGE('',*,*,#7194,.F.);
#9754=ORIENTED_EDGE('',*,*,#7204,.T.);
#9755=ORIENTED_EDGE('',*,*,#7207,.T.);
#9756=ORIENTED_EDGE('',*,*,#7208,.F.);
#9757=ORIENTED_EDGE('',*,*,#7195,.F.);
#9758=ORIENTED_EDGE('',*,*,#7208,.T.);
#9759=ORIENTED_EDGE('',*,*,#7209,.T.);
#9760=ORIENTED_EDGE('',*,*,#7205,.F.);
#9761=ORIENTED_EDGE('',*,*,#7207,.F.);
#9762=ORIENTED_EDGE('',*,*,#7203,.T.);
#9763=ORIENTED_EDGE('',*,*,#7198,.T.);
#9764=ORIENTED_EDGE('',*,*,#7201,.T.);
#9765=ORIENTED_EDGE('',*,*,#7206,.F.);
#9766=ORIENTED_EDGE('',*,*,#7209,.F.);
#9767=ORIENTED_EDGE('',*,*,#7210,.T.);
#9768=ORIENTED_EDGE('',*,*,#7211,.T.);
#9769=ORIENTED_EDGE('',*,*,#7212,.F.);
#9770=ORIENTED_EDGE('',*,*,#7213,.F.);
#9771=ORIENTED_EDGE('',*,*,#7214,.T.);
#9772=ORIENTED_EDGE('',*,*,#7215,.T.);
#9773=ORIENTED_EDGE('',*,*,#7216,.F.);
#9774=ORIENTED_EDGE('',*,*,#7210,.F.);
#9775=ORIENTED_EDGE('',*,*,#7217,.F.);
#9776=ORIENTED_EDGE('',*,*,#7212,.T.);
#9777=ORIENTED_EDGE('',*,*,#7218,.T.);
#9778=ORIENTED_EDGE('',*,*,#7219,.F.);
#9779=ORIENTED_EDGE('',*,*,#7213,.T.);
#9780=ORIENTED_EDGE('',*,*,#7220,.T.);
#9781=ORIENTED_EDGE('',*,*,#7221,.T.);
#9782=ORIENTED_EDGE('',*,*,#7222,.T.);
#9783=ORIENTED_EDGE('',*,*,#7211,.F.);
#9784=ORIENTED_EDGE('',*,*,#7223,.T.);
#9785=ORIENTED_EDGE('',*,*,#7224,.T.);
#9786=ORIENTED_EDGE('',*,*,#7225,.F.);
#9787=ORIENTED_EDGE('',*,*,#7226,.F.);
#9788=ORIENTED_EDGE('',*,*,#7227,.T.);
#9789=ORIENTED_EDGE('',*,*,#7228,.F.);
#9790=ORIENTED_EDGE('',*,*,#7229,.T.);
#9791=ORIENTED_EDGE('',*,*,#7230,.T.);
#9792=ORIENTED_EDGE('',*,*,#7214,.F.);
#9793=ORIENTED_EDGE('',*,*,#7222,.F.);
#9794=ORIENTED_EDGE('',*,*,#7231,.F.);
#9795=ORIENTED_EDGE('',*,*,#7232,.T.);
#9796=ORIENTED_EDGE('',*,*,#7216,.T.);
#9797=ORIENTED_EDGE('',*,*,#7233,.F.);
#9798=ORIENTED_EDGE('',*,*,#7234,.T.);
#9799=ORIENTED_EDGE('',*,*,#7233,.T.);
#9800=ORIENTED_EDGE('',*,*,#7215,.F.);
#9801=ORIENTED_EDGE('',*,*,#7230,.F.);
#9802=ORIENTED_EDGE('',*,*,#7217,.T.);
#9803=ORIENTED_EDGE('',*,*,#7235,.T.);
#9804=ORIENTED_EDGE('',*,*,#7236,.F.);
#9805=ORIENTED_EDGE('',*,*,#7220,.F.);
#9806=ORIENTED_EDGE('',*,*,#7218,.F.);
#9807=ORIENTED_EDGE('',*,*,#7237,.T.);
#9808=ORIENTED_EDGE('',*,*,#7238,.T.);
#9809=ORIENTED_EDGE('',*,*,#7239,.F.);
#9810=ORIENTED_EDGE('',*,*,#7219,.T.);
#9811=ORIENTED_EDGE('',*,*,#7239,.T.);
#9812=ORIENTED_EDGE('',*,*,#7240,.F.);
#9813=ORIENTED_EDGE('',*,*,#7235,.F.);
#9814=ORIENTED_EDGE('',*,*,#7241,.T.);
#9815=ORIENTED_EDGE('',*,*,#7242,.T.);
#9816=ORIENTED_EDGE('',*,*,#7243,.F.);
#9817=ORIENTED_EDGE('',*,*,#7221,.F.);
#9818=ORIENTED_EDGE('',*,*,#7228,.T.);
#9819=ORIENTED_EDGE('',*,*,#7244,.T.);
#9820=ORIENTED_EDGE('',*,*,#7245,.F.);
#9821=ORIENTED_EDGE('',*,*,#7237,.F.);
#9822=ORIENTED_EDGE('',*,*,#7227,.F.);
#9823=ORIENTED_EDGE('',*,*,#7246,.F.);
#9824=ORIENTED_EDGE('',*,*,#7247,.F.);
#9825=ORIENTED_EDGE('',*,*,#7244,.F.);
#9826=ORIENTED_EDGE('',*,*,#7248,.T.);
#9827=ORIENTED_EDGE('',*,*,#7246,.T.);
#9828=ORIENTED_EDGE('',*,*,#7226,.T.);
#9829=ORIENTED_EDGE('',*,*,#7249,.F.);
#9830=ORIENTED_EDGE('',*,*,#7250,.T.);
#9831=ORIENTED_EDGE('',*,*,#7249,.T.);
#9832=ORIENTED_EDGE('',*,*,#7225,.T.);
#9833=ORIENTED_EDGE('',*,*,#7251,.F.);
#9834=ORIENTED_EDGE('',*,*,#7224,.F.);
#9835=ORIENTED_EDGE('',*,*,#7252,.F.);
#9836=ORIENTED_EDGE('',*,*,#7253,.F.);
#9837=ORIENTED_EDGE('',*,*,#7251,.T.);
#9838=ORIENTED_EDGE('',*,*,#7254,.T.);
#9839=ORIENTED_EDGE('',*,*,#7252,.T.);
#9840=ORIENTED_EDGE('',*,*,#7223,.F.);
#9841=ORIENTED_EDGE('',*,*,#7232,.F.);
#9842=ORIENTED_EDGE('',*,*,#7229,.F.);
#9843=ORIENTED_EDGE('',*,*,#7243,.T.);
#9844=ORIENTED_EDGE('',*,*,#7231,.T.);
#9845=ORIENTED_EDGE('',*,*,#7234,.F.);
#9846=ORIENTED_EDGE('',*,*,#7236,.T.);
#9847=ORIENTED_EDGE('',*,*,#7240,.T.);
#9848=ORIENTED_EDGE('',*,*,#7238,.F.);
#9849=ORIENTED_EDGE('',*,*,#7241,.F.);
#9850=ORIENTED_EDGE('',*,*,#7242,.F.);
#9851=ORIENTED_EDGE('',*,*,#7245,.T.);
#9852=ORIENTED_EDGE('',*,*,#7247,.T.);
#9853=ORIENTED_EDGE('',*,*,#7248,.F.);
#9854=ORIENTED_EDGE('',*,*,#7250,.F.);
#9855=ORIENTED_EDGE('',*,*,#7253,.T.);
#9856=ORIENTED_EDGE('',*,*,#7254,.F.);
#9857=ORIENTED_EDGE('',*,*,#7255,.T.);
#9858=ORIENTED_EDGE('',*,*,#7256,.F.);
#9859=ORIENTED_EDGE('',*,*,#7257,.T.);
#9860=ORIENTED_EDGE('',*,*,#7255,.F.);
#9861=ORIENTED_EDGE('',*,*,#7257,.F.);
#9862=ORIENTED_EDGE('',*,*,#7258,.T.);
#9863=ORIENTED_EDGE('',*,*,#7259,.T.);
#9864=ORIENTED_EDGE('',*,*,#7260,.T.);
#9865=ORIENTED_EDGE('',*,*,#7261,.T.);
#9866=ORIENTED_EDGE('',*,*,#7262,.T.);
#9867=ORIENTED_EDGE('',*,*,#7263,.T.);
#9868=ORIENTED_EDGE('',*,*,#7264,.T.);
#9869=ORIENTED_EDGE('',*,*,#7265,.F.);
#9870=ORIENTED_EDGE('',*,*,#7266,.T.);
#9871=ORIENTED_EDGE('',*,*,#7267,.T.);
#9872=ORIENTED_EDGE('',*,*,#7268,.T.);
#9873=ORIENTED_EDGE('',*,*,#7269,.T.);
#9874=ORIENTED_EDGE('',*,*,#7256,.T.);
#9875=ORIENTED_EDGE('',*,*,#7270,.T.);
#9876=ORIENTED_EDGE('',*,*,#7271,.T.);
#9877=ORIENTED_EDGE('',*,*,#7258,.F.);
#9878=ORIENTED_EDGE('',*,*,#7272,.F.);
#9879=ORIENTED_EDGE('',*,*,#7272,.T.);
#9880=ORIENTED_EDGE('',*,*,#7265,.T.);
#9881=ORIENTED_EDGE('',*,*,#7273,.F.);
#9882=ORIENTED_EDGE('',*,*,#7274,.F.);
#9883=ORIENTED_EDGE('',*,*,#7275,.T.);
#9884=ORIENTED_EDGE('',*,*,#7276,.T.);
#9885=ORIENTED_EDGE('',*,*,#7259,.F.);
#9886=ORIENTED_EDGE('',*,*,#7271,.F.);
#9887=ORIENTED_EDGE('',*,*,#7277,.T.);
#9888=ORIENTED_EDGE('',*,*,#7273,.T.);
#9889=ORIENTED_EDGE('',*,*,#7264,.F.);
#9890=ORIENTED_EDGE('',*,*,#7278,.F.);
#9891=ORIENTED_EDGE('',*,*,#7279,.T.);
#9892=ORIENTED_EDGE('',*,*,#7280,.T.);
#9893=ORIENTED_EDGE('',*,*,#7260,.F.);
#9894=ORIENTED_EDGE('',*,*,#7276,.F.);
#9895=ORIENTED_EDGE('',*,*,#7281,.T.);
#9896=ORIENTED_EDGE('',*,*,#7278,.T.);
#9897=ORIENTED_EDGE('',*,*,#7263,.F.);
#9898=ORIENTED_EDGE('',*,*,#7282,.F.);
#9899=ORIENTED_EDGE('',*,*,#7283,.T.);
#9900=ORIENTED_EDGE('',*,*,#7284,.T.);
#9901=ORIENTED_EDGE('',*,*,#7261,.F.);
#9902=ORIENTED_EDGE('',*,*,#7280,.F.);
#9903=ORIENTED_EDGE('',*,*,#7285,.T.);
#9904=ORIENTED_EDGE('',*,*,#7282,.T.);
#9905=ORIENTED_EDGE('',*,*,#7262,.F.);
#9906=ORIENTED_EDGE('',*,*,#7284,.F.);
#9907=ORIENTED_EDGE('',*,*,#7266,.F.);
#9908=ORIENTED_EDGE('',*,*,#7286,.T.);
#9909=ORIENTED_EDGE('',*,*,#7287,.F.);
#9910=ORIENTED_EDGE('',*,*,#7286,.F.);
#9911=ORIENTED_EDGE('',*,*,#7267,.F.);
#9912=ORIENTED_EDGE('',*,*,#7288,.T.);
#9913=ORIENTED_EDGE('',*,*,#7289,.F.);
#9914=ORIENTED_EDGE('',*,*,#7288,.F.);
#9915=ORIENTED_EDGE('',*,*,#7268,.F.);
#9916=ORIENTED_EDGE('',*,*,#7290,.T.);
#9917=ORIENTED_EDGE('',*,*,#7291,.F.);
#9918=ORIENTED_EDGE('',*,*,#7290,.F.);
#9919=ORIENTED_EDGE('',*,*,#7269,.F.);
#9920=ORIENTED_EDGE('',*,*,#7292,.T.);
#9921=ORIENTED_EDGE('',*,*,#7293,.F.);
#9922=ORIENTED_EDGE('',*,*,#7292,.F.);
#9923=ORIENTED_EDGE('',*,*,#7294,.T.);
#9924=ORIENTED_EDGE('',*,*,#7295,.T.);
#9925=ORIENTED_EDGE('',*,*,#7270,.F.);
#9926=ORIENTED_EDGE('',*,*,#7296,.F.);
#9927=ORIENTED_EDGE('',*,*,#7296,.T.);
#9928=ORIENTED_EDGE('',*,*,#7274,.T.);
#9929=ORIENTED_EDGE('',*,*,#7297,.F.);
#9930=ORIENTED_EDGE('',*,*,#7298,.F.);
#9931=ORIENTED_EDGE('',*,*,#7299,.T.);
#9932=ORIENTED_EDGE('',*,*,#7300,.T.);
#9933=ORIENTED_EDGE('',*,*,#7275,.F.);
#9934=ORIENTED_EDGE('',*,*,#7295,.F.);
#9935=ORIENTED_EDGE('',*,*,#7301,.T.);
#9936=ORIENTED_EDGE('',*,*,#7302,.F.);
#9937=ORIENTED_EDGE('',*,*,#7303,.F.);
#9938=ORIENTED_EDGE('',*,*,#7304,.T.);
#9939=ORIENTED_EDGE('',*,*,#7305,.T.);
#9940=ORIENTED_EDGE('',*,*,#7306,.F.);
#9941=ORIENTED_EDGE('',*,*,#7307,.F.);
#9942=ORIENTED_EDGE('',*,*,#7308,.T.);
#9943=ORIENTED_EDGE('',*,*,#7309,.T.);
#9944=ORIENTED_EDGE('',*,*,#7297,.T.);
#9945=ORIENTED_EDGE('',*,*,#7277,.F.);
#9946=ORIENTED_EDGE('',*,*,#7310,.F.);
#9947=ORIENTED_EDGE('',*,*,#7311,.T.);
#9948=ORIENTED_EDGE('',*,*,#7312,.F.);
#9949=ORIENTED_EDGE('',*,*,#7313,.T.);
#9950=ORIENTED_EDGE('',*,*,#7314,.T.);
#9951=ORIENTED_EDGE('',*,*,#7315,.T.);
#9952=ORIENTED_EDGE('',*,*,#7316,.F.);
#9953=ORIENTED_EDGE('',*,*,#7317,.T.);
#9954=ORIENTED_EDGE('',*,*,#7318,.T.);
#9955=ORIENTED_EDGE('',*,*,#7319,.T.);
#9956=ORIENTED_EDGE('',*,*,#7320,.T.);
#9957=ORIENTED_EDGE('',*,*,#7279,.F.);
#9958=ORIENTED_EDGE('',*,*,#7300,.F.);
#9959=ORIENTED_EDGE('',*,*,#7321,.T.);
#9960=ORIENTED_EDGE('',*,*,#7310,.T.);
#9961=ORIENTED_EDGE('',*,*,#7281,.F.);
#9962=ORIENTED_EDGE('',*,*,#7322,.F.);
#9963=ORIENTED_EDGE('',*,*,#7323,.T.);
#9964=ORIENTED_EDGE('',*,*,#7324,.T.);
#9965=ORIENTED_EDGE('',*,*,#7283,.F.);
#9966=ORIENTED_EDGE('',*,*,#7320,.F.);
#9967=ORIENTED_EDGE('',*,*,#7325,.T.);
#9968=ORIENTED_EDGE('',*,*,#7322,.T.);
#9969=ORIENTED_EDGE('',*,*,#7285,.F.);
#9970=ORIENTED_EDGE('',*,*,#7324,.F.);
#9971=ORIENTED_EDGE('',*,*,#7287,.T.);
#9972=ORIENTED_EDGE('',*,*,#7289,.T.);
#9973=ORIENTED_EDGE('',*,*,#7326,.T.);
#9974=ORIENTED_EDGE('',*,*,#7327,.F.);
#9975=ORIENTED_EDGE('',*,*,#7326,.F.);
#9976=ORIENTED_EDGE('',*,*,#7291,.T.);
#9977=ORIENTED_EDGE('',*,*,#7293,.T.);
#9978=ORIENTED_EDGE('',*,*,#7294,.F.);
#9979=ORIENTED_EDGE('',*,*,#7298,.T.);
#9980=ORIENTED_EDGE('',*,*,#7309,.F.);
#9981=ORIENTED_EDGE('',*,*,#7328,.F.);
#9982=ORIENTED_EDGE('',*,*,#7305,.F.);
#9983=ORIENTED_EDGE('',*,*,#7329,.F.);
#9984=ORIENTED_EDGE('',*,*,#7301,.F.);
#9985=ORIENTED_EDGE('',*,*,#7321,.F.);
#9986=ORIENTED_EDGE('',*,*,#7325,.F.);
#9987=ORIENTED_EDGE('',*,*,#7323,.F.);
#9988=ORIENTED_EDGE('',*,*,#7319,.F.);
#9989=ORIENTED_EDGE('',*,*,#7330,.F.);
#9990=ORIENTED_EDGE('',*,*,#7315,.F.);
#9991=ORIENTED_EDGE('',*,*,#7331,.F.);
#9992=ORIENTED_EDGE('',*,*,#7311,.F.);
#9993=ORIENTED_EDGE('',*,*,#7299,.F.);
#9994=ORIENTED_EDGE('',*,*,#7332,.F.);
#9995=ORIENTED_EDGE('',*,*,#7333,.T.);
#9996=ORIENTED_EDGE('',*,*,#7334,.T.);
#9997=ORIENTED_EDGE('',*,*,#7335,.T.);
#9998=ORIENTED_EDGE('',*,*,#7336,.T.);
#9999=ORIENTED_EDGE('',*,*,#7302,.T.);
#10000=ORIENTED_EDGE('',*,*,#7337,.T.);
#10001=ORIENTED_EDGE('',*,*,#7338,.T.);
#10002=ORIENTED_EDGE('',*,*,#7339,.F.);
#10003=ORIENTED_EDGE('',*,*,#7340,.T.);
#10004=ORIENTED_EDGE('',*,*,#7341,.F.);
#10005=ORIENTED_EDGE('',*,*,#7342,.T.);
#10006=ORIENTED_EDGE('',*,*,#7343,.T.);
#10007=ORIENTED_EDGE('',*,*,#7344,.T.);
#10008=ORIENTED_EDGE('',*,*,#7345,.T.);
#10009=ORIENTED_EDGE('',*,*,#7346,.T.);
#10010=ORIENTED_EDGE('',*,*,#7347,.F.);
#10011=ORIENTED_EDGE('',*,*,#7348,.F.);
#10012=ORIENTED_EDGE('',*,*,#7349,.T.);
#10013=ORIENTED_EDGE('',*,*,#7303,.T.);
#10014=ORIENTED_EDGE('',*,*,#7336,.F.);
#10015=ORIENTED_EDGE('',*,*,#7350,.F.);
#10016=ORIENTED_EDGE('',*,*,#7351,.T.);
#10017=ORIENTED_EDGE('',*,*,#7352,.T.);
#10018=ORIENTED_EDGE('',*,*,#7353,.T.);
#10019=ORIENTED_EDGE('',*,*,#7354,.F.);
#10020=ORIENTED_EDGE('',*,*,#7355,.F.);
#10021=ORIENTED_EDGE('',*,*,#7356,.F.);
#10022=ORIENTED_EDGE('',*,*,#7357,.F.);
#10023=ORIENTED_EDGE('',*,*,#7358,.F.);
#10024=ORIENTED_EDGE('',*,*,#7359,.T.);
#10025=ORIENTED_EDGE('',*,*,#7360,.F.);
#10026=ORIENTED_EDGE('',*,*,#7361,.T.);
#10027=ORIENTED_EDGE('',*,*,#7362,.F.);
#10028=ORIENTED_EDGE('',*,*,#7363,.F.);
#10029=ORIENTED_EDGE('',*,*,#7304,.F.);
#10030=ORIENTED_EDGE('',*,*,#7349,.F.);
#10031=ORIENTED_EDGE('',*,*,#7364,.F.);
#10032=ORIENTED_EDGE('',*,*,#7365,.F.);
#10033=ORIENTED_EDGE('',*,*,#7366,.F.);
#10034=ORIENTED_EDGE('',*,*,#7367,.T.);
#10035=ORIENTED_EDGE('',*,*,#7368,.T.);
#10036=ORIENTED_EDGE('',*,*,#7369,.T.);
#10037=ORIENTED_EDGE('',*,*,#7370,.F.);
#10038=ORIENTED_EDGE('',*,*,#7371,.F.);
#10039=ORIENTED_EDGE('',*,*,#7372,.F.);
#10040=ORIENTED_EDGE('',*,*,#7373,.F.);
#10041=ORIENTED_EDGE('',*,*,#7374,.F.);
#10042=ORIENTED_EDGE('',*,*,#7375,.T.);
#10043=ORIENTED_EDGE('',*,*,#7376,.F.);
#10044=ORIENTED_EDGE('',*,*,#7377,.T.);
#10045=ORIENTED_EDGE('',*,*,#7378,.F.);
#10046=ORIENTED_EDGE('',*,*,#7379,.F.);
#10047=ORIENTED_EDGE('',*,*,#7308,.F.);
#10048=ORIENTED_EDGE('',*,*,#7380,.F.);
#10049=ORIENTED_EDGE('',*,*,#7381,.F.);
#10050=ORIENTED_EDGE('',*,*,#7382,.F.);
#10051=ORIENTED_EDGE('',*,*,#7383,.F.);
#10052=ORIENTED_EDGE('',*,*,#7384,.F.);
#10053=ORIENTED_EDGE('',*,*,#7385,.T.);
#10054=ORIENTED_EDGE('',*,*,#7386,.T.);
#10055=ORIENTED_EDGE('',*,*,#7387,.T.);
#10056=ORIENTED_EDGE('',*,*,#7388,.T.);
#10057=ORIENTED_EDGE('',*,*,#7306,.T.);
#10058=ORIENTED_EDGE('',*,*,#7389,.T.);
#10059=ORIENTED_EDGE('',*,*,#7390,.T.);
#10060=ORIENTED_EDGE('',*,*,#7391,.F.);
#10061=ORIENTED_EDGE('',*,*,#7392,.T.);
#10062=ORIENTED_EDGE('',*,*,#7393,.F.);
#10063=ORIENTED_EDGE('',*,*,#7394,.T.);
#10064=ORIENTED_EDGE('',*,*,#7395,.T.);
#10065=ORIENTED_EDGE('',*,*,#7396,.T.);
#10066=ORIENTED_EDGE('',*,*,#7397,.T.);
#10067=ORIENTED_EDGE('',*,*,#7398,.T.);
#10068=ORIENTED_EDGE('',*,*,#7399,.F.);
#10069=ORIENTED_EDGE('',*,*,#7400,.F.);
#10070=ORIENTED_EDGE('',*,*,#7380,.T.);
#10071=ORIENTED_EDGE('',*,*,#7307,.T.);
#10072=ORIENTED_EDGE('',*,*,#7388,.F.);
#10073=ORIENTED_EDGE('',*,*,#7401,.F.);
#10074=ORIENTED_EDGE('',*,*,#7402,.F.);
#10075=ORIENTED_EDGE('',*,*,#7403,.T.);
#10076=ORIENTED_EDGE('',*,*,#7404,.T.);
#10077=ORIENTED_EDGE('',*,*,#7405,.T.);
#10078=ORIENTED_EDGE('',*,*,#7406,.T.);
#10079=ORIENTED_EDGE('',*,*,#7312,.T.);
#10080=ORIENTED_EDGE('',*,*,#7407,.T.);
#10081=ORIENTED_EDGE('',*,*,#7408,.T.);
#10082=ORIENTED_EDGE('',*,*,#7409,.F.);
#10083=ORIENTED_EDGE('',*,*,#7410,.T.);
#10084=ORIENTED_EDGE('',*,*,#7411,.F.);
#10085=ORIENTED_EDGE('',*,*,#7412,.T.);
#10086=ORIENTED_EDGE('',*,*,#7413,.T.);
#10087=ORIENTED_EDGE('',*,*,#7414,.T.);
#10088=ORIENTED_EDGE('',*,*,#7415,.T.);
#10089=ORIENTED_EDGE('',*,*,#7416,.T.);
#10090=ORIENTED_EDGE('',*,*,#7417,.F.);
#10091=ORIENTED_EDGE('',*,*,#7418,.F.);
#10092=ORIENTED_EDGE('',*,*,#7406,.F.);
#10093=ORIENTED_EDGE('',*,*,#7419,.T.);
#10094=ORIENTED_EDGE('',*,*,#7420,.T.);
#10095=ORIENTED_EDGE('',*,*,#7313,.F.);
#10096=ORIENTED_EDGE('',*,*,#7421,.T.);
#10097=ORIENTED_EDGE('',*,*,#7422,.T.);
#10098=ORIENTED_EDGE('',*,*,#7423,.T.);
#10099=ORIENTED_EDGE('',*,*,#7424,.F.);
#10100=ORIENTED_EDGE('',*,*,#7425,.F.);
#10101=ORIENTED_EDGE('',*,*,#7426,.F.);
#10102=ORIENTED_EDGE('',*,*,#7427,.F.);
#10103=ORIENTED_EDGE('',*,*,#7428,.F.);
#10104=ORIENTED_EDGE('',*,*,#7429,.T.);
#10105=ORIENTED_EDGE('',*,*,#7430,.F.);
#10106=ORIENTED_EDGE('',*,*,#7431,.T.);
#10107=ORIENTED_EDGE('',*,*,#7432,.F.);
#10108=ORIENTED_EDGE('',*,*,#7433,.F.);
#10109=ORIENTED_EDGE('',*,*,#7314,.F.);
#10110=ORIENTED_EDGE('',*,*,#7420,.F.);
#10111=ORIENTED_EDGE('',*,*,#7434,.F.);
#10112=ORIENTED_EDGE('',*,*,#7435,.F.);
#10113=ORIENTED_EDGE('',*,*,#7436,.F.);
#10114=ORIENTED_EDGE('',*,*,#7437,.T.);
#10115=ORIENTED_EDGE('',*,*,#7438,.T.);
#10116=ORIENTED_EDGE('',*,*,#7439,.T.);
#10117=ORIENTED_EDGE('',*,*,#7440,.F.);
#10118=ORIENTED_EDGE('',*,*,#7441,.F.);
#10119=ORIENTED_EDGE('',*,*,#7442,.F.);
#10120=ORIENTED_EDGE('',*,*,#7443,.F.);
#10121=ORIENTED_EDGE('',*,*,#7444,.F.);
#10122=ORIENTED_EDGE('',*,*,#7445,.T.);
#10123=ORIENTED_EDGE('',*,*,#7446,.F.);
#10124=ORIENTED_EDGE('',*,*,#7447,.T.);
#10125=ORIENTED_EDGE('',*,*,#7448,.F.);
#10126=ORIENTED_EDGE('',*,*,#7449,.F.);
#10127=ORIENTED_EDGE('',*,*,#7318,.F.);
#10128=ORIENTED_EDGE('',*,*,#7450,.F.);
#10129=ORIENTED_EDGE('',*,*,#7451,.F.);
#10130=ORIENTED_EDGE('',*,*,#7452,.F.);
#10131=ORIENTED_EDGE('',*,*,#7453,.F.);
#10132=ORIENTED_EDGE('',*,*,#7454,.F.);
#10133=ORIENTED_EDGE('',*,*,#7455,.T.);
#10134=ORIENTED_EDGE('',*,*,#7456,.T.);
#10135=ORIENTED_EDGE('',*,*,#7457,.T.);
#10136=ORIENTED_EDGE('',*,*,#7458,.T.);
#10137=ORIENTED_EDGE('',*,*,#7316,.T.);
#10138=ORIENTED_EDGE('',*,*,#7459,.T.);
#10139=ORIENTED_EDGE('',*,*,#7460,.T.);
#10140=ORIENTED_EDGE('',*,*,#7461,.F.);
#10141=ORIENTED_EDGE('',*,*,#7462,.T.);
#10142=ORIENTED_EDGE('',*,*,#7463,.F.);
#10143=ORIENTED_EDGE('',*,*,#7464,.T.);
#10144=ORIENTED_EDGE('',*,*,#7465,.T.);
#10145=ORIENTED_EDGE('',*,*,#7466,.T.);
#10146=ORIENTED_EDGE('',*,*,#7467,.T.);
#10147=ORIENTED_EDGE('',*,*,#7468,.T.);
#10148=ORIENTED_EDGE('',*,*,#7469,.F.);
#10149=ORIENTED_EDGE('',*,*,#7470,.F.);
#10150=ORIENTED_EDGE('',*,*,#7458,.F.);
#10151=ORIENTED_EDGE('',*,*,#7471,.T.);
#10152=ORIENTED_EDGE('',*,*,#7450,.T.);
#10153=ORIENTED_EDGE('',*,*,#7317,.F.);
#10154=ORIENTED_EDGE('',*,*,#7327,.T.);
#10155=ORIENTED_EDGE('',*,*,#7379,.T.);
#10156=ORIENTED_EDGE('',*,*,#7472,.T.);
#10157=ORIENTED_EDGE('',*,*,#7389,.F.);
#10158=ORIENTED_EDGE('',*,*,#7328,.T.);
#10159=ORIENTED_EDGE('',*,*,#7407,.F.);
#10160=ORIENTED_EDGE('',*,*,#7331,.T.);
#10161=ORIENTED_EDGE('',*,*,#7433,.T.);
#10162=ORIENTED_EDGE('',*,*,#7473,.F.);
#10163=ORIENTED_EDGE('',*,*,#7363,.T.);
#10164=ORIENTED_EDGE('',*,*,#7474,.T.);
#10165=ORIENTED_EDGE('',*,*,#7337,.F.);
#10166=ORIENTED_EDGE('',*,*,#7329,.T.);
#10167=ORIENTED_EDGE('',*,*,#7459,.F.);
#10168=ORIENTED_EDGE('',*,*,#7330,.T.);
#10169=ORIENTED_EDGE('',*,*,#7449,.T.);
#10170=ORIENTED_EDGE('',*,*,#7475,.F.);
#10171=ORIENTED_EDGE('',*,*,#7351,.F.);
#10172=ORIENTED_EDGE('',*,*,#7476,.T.);
#10173=ORIENTED_EDGE('',*,*,#7332,.T.);
#10174=ORIENTED_EDGE('',*,*,#7477,.F.);
#10175=ORIENTED_EDGE('',*,*,#7476,.F.);
#10176=ORIENTED_EDGE('',*,*,#7366,.T.);
#10177=ORIENTED_EDGE('',*,*,#7478,.T.);
#10178=ORIENTED_EDGE('',*,*,#7333,.F.);
#10179=ORIENTED_EDGE('',*,*,#7477,.T.);
#10180=ORIENTED_EDGE('',*,*,#7348,.T.);
#10181=ORIENTED_EDGE('',*,*,#7479,.F.);
#10182=ORIENTED_EDGE('',*,*,#7352,.F.);
#10183=ORIENTED_EDGE('',*,*,#7365,.T.);
#10184=ORIENTED_EDGE('',*,*,#7480,.T.);
#10185=ORIENTED_EDGE('',*,*,#7334,.F.);
#10186=ORIENTED_EDGE('',*,*,#7478,.F.);
#10187=ORIENTED_EDGE('',*,*,#7353,.F.);
#10188=ORIENTED_EDGE('',*,*,#7479,.T.);
#10189=ORIENTED_EDGE('',*,*,#7347,.T.);
#10190=ORIENTED_EDGE('',*,*,#7481,.F.);
#10191=ORIENTED_EDGE('',*,*,#7364,.T.);
#10192=ORIENTED_EDGE('',*,*,#7350,.T.);
#10193=ORIENTED_EDGE('',*,*,#7335,.F.);
#10194=ORIENTED_EDGE('',*,*,#7480,.F.);
#10195=ORIENTED_EDGE('',*,*,#7482,.F.);
#10196=ORIENTED_EDGE('',*,*,#7354,.T.);
#10197=ORIENTED_EDGE('',*,*,#7481,.T.);
#10198=ORIENTED_EDGE('',*,*,#7346,.F.);
#10199=ORIENTED_EDGE('',*,*,#7355,.T.);
#10200=ORIENTED_EDGE('',*,*,#7482,.T.);
#10201=ORIENTED_EDGE('',*,*,#7345,.F.);
#10202=ORIENTED_EDGE('',*,*,#7483,.F.);
#10203=ORIENTED_EDGE('',*,*,#7484,.F.);
#10204=ORIENTED_EDGE('',*,*,#7356,.T.);
#10205=ORIENTED_EDGE('',*,*,#7483,.T.);
#10206=ORIENTED_EDGE('',*,*,#7344,.F.);
#10207=ORIENTED_EDGE('',*,*,#7357,.T.);
#10208=ORIENTED_EDGE('',*,*,#7484,.T.);
#10209=ORIENTED_EDGE('',*,*,#7343,.F.);
#10210=ORIENTED_EDGE('',*,*,#7485,.F.);
#10211=ORIENTED_EDGE('',*,*,#7362,.T.);
#10212=ORIENTED_EDGE('',*,*,#7486,.T.);
#10213=ORIENTED_EDGE('',*,*,#7338,.F.);
#10214=ORIENTED_EDGE('',*,*,#7474,.F.);
#10215=ORIENTED_EDGE('',*,*,#7358,.T.);
#10216=ORIENTED_EDGE('',*,*,#7485,.T.);
#10217=ORIENTED_EDGE('',*,*,#7342,.F.);
#10218=ORIENTED_EDGE('',*,*,#7487,.F.);
#10219=ORIENTED_EDGE('',*,*,#7361,.F.);
#10220=ORIENTED_EDGE('',*,*,#7488,.T.);
#10221=ORIENTED_EDGE('',*,*,#7339,.T.);
#10222=ORIENTED_EDGE('',*,*,#7486,.F.);
#10223=ORIENTED_EDGE('',*,*,#7359,.F.);
#10224=ORIENTED_EDGE('',*,*,#7487,.T.);
#10225=ORIENTED_EDGE('',*,*,#7341,.T.);
#10226=ORIENTED_EDGE('',*,*,#7489,.F.);
#10227=ORIENTED_EDGE('',*,*,#7488,.F.);
#10228=ORIENTED_EDGE('',*,*,#7360,.T.);
#10229=ORIENTED_EDGE('',*,*,#7489,.T.);
#10230=ORIENTED_EDGE('',*,*,#7340,.F.);
#10231=ORIENTED_EDGE('',*,*,#7367,.F.);
#10232=ORIENTED_EDGE('',*,*,#7490,.T.);
#10233=ORIENTED_EDGE('',*,*,#7384,.T.);
#10234=ORIENTED_EDGE('',*,*,#7491,.F.);
#10235=ORIENTED_EDGE('',*,*,#7490,.F.);
#10236=ORIENTED_EDGE('',*,*,#7383,.T.);
#10237=ORIENTED_EDGE('',*,*,#7492,.T.);
#10238=ORIENTED_EDGE('',*,*,#7385,.F.);
#10239=ORIENTED_EDGE('',*,*,#7491,.T.);
#10240=ORIENTED_EDGE('',*,*,#7400,.T.);
#10241=ORIENTED_EDGE('',*,*,#7493,.F.);
#10242=ORIENTED_EDGE('',*,*,#7368,.F.);
#10243=ORIENTED_EDGE('',*,*,#7382,.T.);
#10244=ORIENTED_EDGE('',*,*,#7494,.T.);
#10245=ORIENTED_EDGE('',*,*,#7386,.F.);
#10246=ORIENTED_EDGE('',*,*,#7492,.F.);
#10247=ORIENTED_EDGE('',*,*,#7369,.F.);
#10248=ORIENTED_EDGE('',*,*,#7493,.T.);
#10249=ORIENTED_EDGE('',*,*,#7399,.T.);
#10250=ORIENTED_EDGE('',*,*,#7495,.F.);
#10251=ORIENTED_EDGE('',*,*,#7381,.T.);
#10252=ORIENTED_EDGE('',*,*,#7401,.T.);
#10253=ORIENTED_EDGE('',*,*,#7387,.F.);
#10254=ORIENTED_EDGE('',*,*,#7494,.F.);
#10255=ORIENTED_EDGE('',*,*,#7496,.F.);
#10256=ORIENTED_EDGE('',*,*,#7370,.T.);
#10257=ORIENTED_EDGE('',*,*,#7495,.T.);
#10258=ORIENTED_EDGE('',*,*,#7398,.F.);
#10259=ORIENTED_EDGE('',*,*,#7371,.T.);
#10260=ORIENTED_EDGE('',*,*,#7496,.T.);
#10261=ORIENTED_EDGE('',*,*,#7397,.F.);
#10262=ORIENTED_EDGE('',*,*,#7497,.F.);
#10263=ORIENTED_EDGE('',*,*,#7498,.F.);
#10264=ORIENTED_EDGE('',*,*,#7372,.T.);
#10265=ORIENTED_EDGE('',*,*,#7497,.T.);
#10266=ORIENTED_EDGE('',*,*,#7396,.F.);
#10267=ORIENTED_EDGE('',*,*,#7373,.T.);
#10268=ORIENTED_EDGE('',*,*,#7498,.T.);
#10269=ORIENTED_EDGE('',*,*,#7395,.F.);
#10270=ORIENTED_EDGE('',*,*,#7499,.F.);
#10271=ORIENTED_EDGE('',*,*,#7378,.T.);
#10272=ORIENTED_EDGE('',*,*,#7500,.T.);
#10273=ORIENTED_EDGE('',*,*,#7390,.F.);
#10274=ORIENTED_EDGE('',*,*,#7472,.F.);
#10275=ORIENTED_EDGE('',*,*,#7374,.T.);
#10276=ORIENTED_EDGE('',*,*,#7499,.T.);
#10277=ORIENTED_EDGE('',*,*,#7394,.F.);
#10278=ORIENTED_EDGE('',*,*,#7501,.F.);
#10279=ORIENTED_EDGE('',*,*,#7377,.F.);
#10280=ORIENTED_EDGE('',*,*,#7502,.T.);
#10281=ORIENTED_EDGE('',*,*,#7391,.T.);
#10282=ORIENTED_EDGE('',*,*,#7500,.F.);
#10283=ORIENTED_EDGE('',*,*,#7375,.F.);
#10284=ORIENTED_EDGE('',*,*,#7501,.T.);
#10285=ORIENTED_EDGE('',*,*,#7393,.T.);
#10286=ORIENTED_EDGE('',*,*,#7503,.F.);
#10287=ORIENTED_EDGE('',*,*,#7502,.F.);
#10288=ORIENTED_EDGE('',*,*,#7376,.T.);
#10289=ORIENTED_EDGE('',*,*,#7503,.T.);
#10290=ORIENTED_EDGE('',*,*,#7392,.F.);
#10291=ORIENTED_EDGE('',*,*,#7402,.T.);
#10292=ORIENTED_EDGE('',*,*,#7504,.T.);
#10293=ORIENTED_EDGE('',*,*,#7421,.F.);
#10294=ORIENTED_EDGE('',*,*,#7505,.F.);
#10295=ORIENTED_EDGE('',*,*,#7403,.F.);
#10296=ORIENTED_EDGE('',*,*,#7505,.T.);
#10297=ORIENTED_EDGE('',*,*,#7436,.T.);
#10298=ORIENTED_EDGE('',*,*,#7506,.F.);
#10299=ORIENTED_EDGE('',*,*,#7418,.T.);
#10300=ORIENTED_EDGE('',*,*,#7507,.T.);
#10301=ORIENTED_EDGE('',*,*,#7422,.F.);
#10302=ORIENTED_EDGE('',*,*,#7504,.F.);
#10303=ORIENTED_EDGE('',*,*,#7404,.F.);
#10304=ORIENTED_EDGE('',*,*,#7506,.T.);
#10305=ORIENTED_EDGE('',*,*,#7435,.T.);
#10306=ORIENTED_EDGE('',*,*,#7508,.F.);
#10307=ORIENTED_EDGE('',*,*,#7417,.T.);
#10308=ORIENTED_EDGE('',*,*,#7509,.T.);
#10309=ORIENTED_EDGE('',*,*,#7423,.F.);
#10310=ORIENTED_EDGE('',*,*,#7507,.F.);
#10311=ORIENTED_EDGE('',*,*,#7508,.T.);
#10312=ORIENTED_EDGE('',*,*,#7434,.T.);
#10313=ORIENTED_EDGE('',*,*,#7419,.F.);
#10314=ORIENTED_EDGE('',*,*,#7405,.F.);
#10315=ORIENTED_EDGE('',*,*,#7416,.F.);
#10316=ORIENTED_EDGE('',*,*,#7510,.T.);
#10317=ORIENTED_EDGE('',*,*,#7424,.T.);
#10318=ORIENTED_EDGE('',*,*,#7509,.F.);
#10319=ORIENTED_EDGE('',*,*,#7415,.F.);
#10320=ORIENTED_EDGE('',*,*,#7511,.T.);
#10321=ORIENTED_EDGE('',*,*,#7425,.T.);
#10322=ORIENTED_EDGE('',*,*,#7510,.F.);
#10323=ORIENTED_EDGE('',*,*,#7512,.T.);
#10324=ORIENTED_EDGE('',*,*,#7426,.T.);
#10325=ORIENTED_EDGE('',*,*,#7511,.F.);
#10326=ORIENTED_EDGE('',*,*,#7414,.F.);
#10327=ORIENTED_EDGE('',*,*,#7413,.F.);
#10328=ORIENTED_EDGE('',*,*,#7513,.T.);
#10329=ORIENTED_EDGE('',*,*,#7427,.T.);
#10330=ORIENTED_EDGE('',*,*,#7512,.F.);
#10331=ORIENTED_EDGE('',*,*,#7473,.T.);
#10332=ORIENTED_EDGE('',*,*,#7432,.T.);
#10333=ORIENTED_EDGE('',*,*,#7514,.F.);
#10334=ORIENTED_EDGE('',*,*,#7408,.F.);
#10335=ORIENTED_EDGE('',*,*,#7515,.T.);
#10336=ORIENTED_EDGE('',*,*,#7428,.T.);
#10337=ORIENTED_EDGE('',*,*,#7513,.F.);
#10338=ORIENTED_EDGE('',*,*,#7412,.F.);
#10339=ORIENTED_EDGE('',*,*,#7409,.T.);
#10340=ORIENTED_EDGE('',*,*,#7514,.T.);
#10341=ORIENTED_EDGE('',*,*,#7431,.F.);
#10342=ORIENTED_EDGE('',*,*,#7516,.F.);
#10343=ORIENTED_EDGE('',*,*,#7411,.T.);
#10344=ORIENTED_EDGE('',*,*,#7517,.T.);
#10345=ORIENTED_EDGE('',*,*,#7429,.F.);
#10346=ORIENTED_EDGE('',*,*,#7515,.F.);
#10347=ORIENTED_EDGE('',*,*,#7410,.F.);
#10348=ORIENTED_EDGE('',*,*,#7516,.T.);
#10349=ORIENTED_EDGE('',*,*,#7430,.T.);
#10350=ORIENTED_EDGE('',*,*,#7517,.F.);
#10351=ORIENTED_EDGE('',*,*,#7454,.T.);
#10352=ORIENTED_EDGE('',*,*,#7518,.T.);
#10353=ORIENTED_EDGE('',*,*,#7437,.F.);
#10354=ORIENTED_EDGE('',*,*,#7519,.F.);
#10355=ORIENTED_EDGE('',*,*,#7455,.F.);
#10356=ORIENTED_EDGE('',*,*,#7519,.T.);
#10357=ORIENTED_EDGE('',*,*,#7453,.T.);
#10358=ORIENTED_EDGE('',*,*,#7520,.F.);
#10359=ORIENTED_EDGE('',*,*,#7470,.T.);
#10360=ORIENTED_EDGE('',*,*,#7521,.T.);
#10361=ORIENTED_EDGE('',*,*,#7438,.F.);
#10362=ORIENTED_EDGE('',*,*,#7518,.F.);
#10363=ORIENTED_EDGE('',*,*,#7456,.F.);
#10364=ORIENTED_EDGE('',*,*,#7520,.T.);
#10365=ORIENTED_EDGE('',*,*,#7452,.T.);
#10366=ORIENTED_EDGE('',*,*,#7522,.F.);
#10367=ORIENTED_EDGE('',*,*,#7469,.T.);
#10368=ORIENTED_EDGE('',*,*,#7523,.T.);
#10369=ORIENTED_EDGE('',*,*,#7439,.F.);
#10370=ORIENTED_EDGE('',*,*,#7521,.F.);
#10371=ORIENTED_EDGE('',*,*,#7522,.T.);
#10372=ORIENTED_EDGE('',*,*,#7451,.T.);
#10373=ORIENTED_EDGE('',*,*,#7471,.F.);
#10374=ORIENTED_EDGE('',*,*,#7457,.F.);
#10375=ORIENTED_EDGE('',*,*,#7468,.F.);
#10376=ORIENTED_EDGE('',*,*,#7524,.T.);
#10377=ORIENTED_EDGE('',*,*,#7440,.T.);
#10378=ORIENTED_EDGE('',*,*,#7523,.F.);
#10379=ORIENTED_EDGE('',*,*,#7467,.F.);
#10380=ORIENTED_EDGE('',*,*,#7525,.T.);
#10381=ORIENTED_EDGE('',*,*,#7441,.T.);
#10382=ORIENTED_EDGE('',*,*,#7524,.F.);
#10383=ORIENTED_EDGE('',*,*,#7526,.T.);
#10384=ORIENTED_EDGE('',*,*,#7442,.T.);
#10385=ORIENTED_EDGE('',*,*,#7525,.F.);
#10386=ORIENTED_EDGE('',*,*,#7466,.F.);
#10387=ORIENTED_EDGE('',*,*,#7465,.F.);
#10388=ORIENTED_EDGE('',*,*,#7527,.T.);
#10389=ORIENTED_EDGE('',*,*,#7443,.T.);
#10390=ORIENTED_EDGE('',*,*,#7526,.F.);
#10391=ORIENTED_EDGE('',*,*,#7475,.T.);
#10392=ORIENTED_EDGE('',*,*,#7448,.T.);
#10393=ORIENTED_EDGE('',*,*,#7528,.F.);
#10394=ORIENTED_EDGE('',*,*,#7460,.F.);
#10395=ORIENTED_EDGE('',*,*,#7529,.T.);
#10396=ORIENTED_EDGE('',*,*,#7444,.T.);
#10397=ORIENTED_EDGE('',*,*,#7527,.F.);
#10398=ORIENTED_EDGE('',*,*,#7464,.F.);
#10399=ORIENTED_EDGE('',*,*,#7461,.T.);
#10400=ORIENTED_EDGE('',*,*,#7528,.T.);
#10401=ORIENTED_EDGE('',*,*,#7447,.F.);
#10402=ORIENTED_EDGE('',*,*,#7530,.F.);
#10403=ORIENTED_EDGE('',*,*,#7463,.T.);
#10404=ORIENTED_EDGE('',*,*,#7531,.T.);
#10405=ORIENTED_EDGE('',*,*,#7445,.F.);
#10406=ORIENTED_EDGE('',*,*,#7529,.F.);
#10407=ORIENTED_EDGE('',*,*,#7462,.F.);
#10408=ORIENTED_EDGE('',*,*,#7530,.T.);
#10409=ORIENTED_EDGE('',*,*,#7446,.T.);
#10410=ORIENTED_EDGE('',*,*,#7531,.F.);
#10411=ORIENTED_EDGE('',*,*,#7532,.T.);
#10412=ORIENTED_EDGE('',*,*,#7533,.T.);
#10413=ORIENTED_EDGE('',*,*,#7534,.F.);
#10414=ORIENTED_EDGE('',*,*,#7535,.F.);
#10415=ORIENTED_EDGE('',*,*,#7536,.T.);
#10416=ORIENTED_EDGE('',*,*,#7537,.T.);
#10417=ORIENTED_EDGE('',*,*,#7532,.F.);
#10418=ORIENTED_EDGE('',*,*,#7538,.F.);
#10419=ORIENTED_EDGE('',*,*,#7534,.T.);
#10420=ORIENTED_EDGE('',*,*,#7539,.T.);
#10421=ORIENTED_EDGE('',*,*,#7540,.F.);
#10422=ORIENTED_EDGE('',*,*,#7541,.F.);
#10423=ORIENTED_EDGE('',*,*,#7535,.T.);
#10424=ORIENTED_EDGE('',*,*,#7541,.T.);
#10425=ORIENTED_EDGE('',*,*,#7542,.T.);
#10426=ORIENTED_EDGE('',*,*,#7543,.T.);
#10427=ORIENTED_EDGE('',*,*,#7544,.T.);
#10428=ORIENTED_EDGE('',*,*,#7545,.T.);
#10429=ORIENTED_EDGE('',*,*,#7546,.T.);
#10430=ORIENTED_EDGE('',*,*,#7538,.T.);
#10431=ORIENTED_EDGE('',*,*,#7547,.F.);
#10432=ORIENTED_EDGE('',*,*,#7548,.F.);
#10433=ORIENTED_EDGE('',*,*,#7549,.F.);
#10434=ORIENTED_EDGE('',*,*,#7550,.F.);
#10435=ORIENTED_EDGE('',*,*,#7551,.F.);
#10436=ORIENTED_EDGE('',*,*,#7552,.F.);
#10437=ORIENTED_EDGE('',*,*,#7553,.F.);
#10438=ORIENTED_EDGE('',*,*,#7554,.F.);
#10439=ORIENTED_EDGE('',*,*,#7555,.F.);
#10440=ORIENTED_EDGE('',*,*,#7556,.F.);
#10441=ORIENTED_EDGE('',*,*,#7557,.T.);
#10442=ORIENTED_EDGE('',*,*,#7558,.F.);
#10443=ORIENTED_EDGE('',*,*,#7559,.F.);
#10444=ORIENTED_EDGE('',*,*,#7560,.F.);
#10445=ORIENTED_EDGE('',*,*,#7561,.F.);
#10446=ORIENTED_EDGE('',*,*,#7562,.F.);
#10447=ORIENTED_EDGE('',*,*,#7563,.F.);
#10448=ORIENTED_EDGE('',*,*,#7564,.F.);
#10449=ORIENTED_EDGE('',*,*,#7565,.F.);
#10450=ORIENTED_EDGE('',*,*,#7566,.F.);
#10451=ORIENTED_EDGE('',*,*,#7567,.F.);
#10452=ORIENTED_EDGE('',*,*,#7568,.T.);
#10453=ORIENTED_EDGE('',*,*,#7569,.F.);
#10454=ORIENTED_EDGE('',*,*,#7570,.F.);
#10455=ORIENTED_EDGE('',*,*,#7571,.T.);
#10456=ORIENTED_EDGE('',*,*,#7572,.F.);
#10457=ORIENTED_EDGE('',*,*,#7573,.T.);
#10458=ORIENTED_EDGE('',*,*,#7574,.F.);
#10459=ORIENTED_EDGE('',*,*,#7575,.F.);
#10460=ORIENTED_EDGE('',*,*,#7576,.F.);
#10461=ORIENTED_EDGE('',*,*,#7577,.F.);
#10462=ORIENTED_EDGE('',*,*,#7578,.F.);
#10463=ORIENTED_EDGE('',*,*,#7579,.F.);
#10464=ORIENTED_EDGE('',*,*,#7580,.F.);
#10465=ORIENTED_EDGE('',*,*,#7581,.F.);
#10466=ORIENTED_EDGE('',*,*,#7582,.F.);
#10467=ORIENTED_EDGE('',*,*,#7583,.F.);
#10468=ORIENTED_EDGE('',*,*,#7584,.F.);
#10469=ORIENTED_EDGE('',*,*,#7585,.F.);
#10470=ORIENTED_EDGE('',*,*,#7586,.F.);
#10471=ORIENTED_EDGE('',*,*,#7587,.F.);
#10472=ORIENTED_EDGE('',*,*,#7533,.F.);
#10473=ORIENTED_EDGE('',*,*,#7537,.F.);
#10474=ORIENTED_EDGE('',*,*,#7588,.F.);
#10475=ORIENTED_EDGE('',*,*,#7589,.F.);
#10476=ORIENTED_EDGE('',*,*,#7590,.F.);
#10477=ORIENTED_EDGE('',*,*,#7591,.F.);
#10478=ORIENTED_EDGE('',*,*,#7592,.F.);
#10479=ORIENTED_EDGE('',*,*,#7539,.F.);
#10480=ORIENTED_EDGE('',*,*,#7593,.T.);
#10481=ORIENTED_EDGE('',*,*,#7594,.T.);
#10482=ORIENTED_EDGE('',*,*,#7595,.T.);
#10483=ORIENTED_EDGE('',*,*,#7596,.T.);
#10484=ORIENTED_EDGE('',*,*,#7597,.T.);
#10485=ORIENTED_EDGE('',*,*,#7598,.T.);
#10486=ORIENTED_EDGE('',*,*,#7599,.T.);
#10487=ORIENTED_EDGE('',*,*,#7600,.T.);
#10488=ORIENTED_EDGE('',*,*,#7601,.T.);
#10489=ORIENTED_EDGE('',*,*,#7602,.T.);
#10490=ORIENTED_EDGE('',*,*,#7603,.F.);
#10491=ORIENTED_EDGE('',*,*,#7604,.T.);
#10492=ORIENTED_EDGE('',*,*,#7605,.T.);
#10493=ORIENTED_EDGE('',*,*,#7606,.T.);
#10494=ORIENTED_EDGE('',*,*,#7607,.T.);
#10495=ORIENTED_EDGE('',*,*,#7608,.T.);
#10496=ORIENTED_EDGE('',*,*,#7609,.T.);
#10497=ORIENTED_EDGE('',*,*,#7610,.T.);
#10498=ORIENTED_EDGE('',*,*,#7611,.T.);
#10499=ORIENTED_EDGE('',*,*,#7612,.T.);
#10500=ORIENTED_EDGE('',*,*,#7613,.T.);
#10501=ORIENTED_EDGE('',*,*,#7614,.F.);
#10502=ORIENTED_EDGE('',*,*,#7615,.T.);
#10503=ORIENTED_EDGE('',*,*,#7616,.T.);
#10504=ORIENTED_EDGE('',*,*,#7617,.F.);
#10505=ORIENTED_EDGE('',*,*,#7618,.T.);
#10506=ORIENTED_EDGE('',*,*,#7619,.F.);
#10507=ORIENTED_EDGE('',*,*,#7620,.T.);
#10508=ORIENTED_EDGE('',*,*,#7621,.T.);
#10509=ORIENTED_EDGE('',*,*,#7622,.T.);
#10510=ORIENTED_EDGE('',*,*,#7623,.T.);
#10511=ORIENTED_EDGE('',*,*,#7624,.T.);
#10512=ORIENTED_EDGE('',*,*,#7625,.T.);
#10513=ORIENTED_EDGE('',*,*,#7626,.T.);
#10514=ORIENTED_EDGE('',*,*,#7627,.T.);
#10515=ORIENTED_EDGE('',*,*,#7628,.T.);
#10516=ORIENTED_EDGE('',*,*,#7629,.T.);
#10517=ORIENTED_EDGE('',*,*,#7630,.T.);
#10518=ORIENTED_EDGE('',*,*,#7631,.T.);
#10519=ORIENTED_EDGE('',*,*,#7632,.T.);
#10520=ORIENTED_EDGE('',*,*,#7633,.T.);
#10521=ORIENTED_EDGE('',*,*,#7634,.T.);
#10522=ORIENTED_EDGE('',*,*,#7588,.T.);
#10523=ORIENTED_EDGE('',*,*,#7536,.F.);
#10524=ORIENTED_EDGE('',*,*,#7546,.F.);
#10525=ORIENTED_EDGE('',*,*,#7540,.T.);
#10526=ORIENTED_EDGE('',*,*,#7592,.T.);
#10527=ORIENTED_EDGE('',*,*,#7635,.F.);
#10528=ORIENTED_EDGE('',*,*,#7542,.F.);
#10529=ORIENTED_EDGE('',*,*,#7636,.T.);
#10530=ORIENTED_EDGE('',*,*,#7589,.T.);
#10531=ORIENTED_EDGE('',*,*,#7634,.F.);
#10532=ORIENTED_EDGE('',*,*,#7545,.F.);
#10533=ORIENTED_EDGE('',*,*,#7635,.T.);
#10534=ORIENTED_EDGE('',*,*,#7591,.T.);
#10535=ORIENTED_EDGE('',*,*,#7637,.F.);
#10536=ORIENTED_EDGE('',*,*,#7543,.F.);
#10537=ORIENTED_EDGE('',*,*,#7637,.T.);
#10538=ORIENTED_EDGE('',*,*,#7590,.T.);
#10539=ORIENTED_EDGE('',*,*,#7636,.F.);
#10540=ORIENTED_EDGE('',*,*,#7544,.F.);
#10541=ORIENTED_EDGE('',*,*,#7593,.F.);
#10542=ORIENTED_EDGE('',*,*,#7638,.T.);
#10543=ORIENTED_EDGE('',*,*,#7547,.T.);
#10544=ORIENTED_EDGE('',*,*,#7638,.F.);
#10545=ORIENTED_EDGE('',*,*,#7594,.F.);
#10546=ORIENTED_EDGE('',*,*,#7639,.T.);
#10547=ORIENTED_EDGE('',*,*,#7548,.T.);
#10548=ORIENTED_EDGE('',*,*,#7639,.F.);
#10549=ORIENTED_EDGE('',*,*,#7595,.F.);
#10550=ORIENTED_EDGE('',*,*,#7640,.T.);
#10551=ORIENTED_EDGE('',*,*,#7549,.T.);
#10552=ORIENTED_EDGE('',*,*,#7640,.F.);
#10553=ORIENTED_EDGE('',*,*,#7596,.F.);
#10554=ORIENTED_EDGE('',*,*,#7641,.T.);
#10555=ORIENTED_EDGE('',*,*,#7550,.T.);
#10556=ORIENTED_EDGE('',*,*,#7641,.F.);
#10557=ORIENTED_EDGE('',*,*,#7597,.F.);
#10558=ORIENTED_EDGE('',*,*,#7642,.T.);
#10559=ORIENTED_EDGE('',*,*,#7551,.T.);
#10560=ORIENTED_EDGE('',*,*,#7642,.F.);
#10561=ORIENTED_EDGE('',*,*,#7598,.F.);
#10562=ORIENTED_EDGE('',*,*,#7643,.T.);
#10563=ORIENTED_EDGE('',*,*,#7552,.T.);
#10564=ORIENTED_EDGE('',*,*,#7643,.F.);
#10565=ORIENTED_EDGE('',*,*,#7599,.F.);
#10566=ORIENTED_EDGE('',*,*,#7644,.T.);
#10567=ORIENTED_EDGE('',*,*,#7553,.T.);
#10568=ORIENTED_EDGE('',*,*,#7644,.F.);
#10569=ORIENTED_EDGE('',*,*,#7600,.F.);
#10570=ORIENTED_EDGE('',*,*,#7645,.T.);
#10571=ORIENTED_EDGE('',*,*,#7554,.T.);
#10572=ORIENTED_EDGE('',*,*,#7645,.F.);
#10573=ORIENTED_EDGE('',*,*,#7601,.F.);
#10574=ORIENTED_EDGE('',*,*,#7646,.T.);
#10575=ORIENTED_EDGE('',*,*,#7555,.T.);
#10576=ORIENTED_EDGE('',*,*,#7646,.F.);
#10577=ORIENTED_EDGE('',*,*,#7602,.F.);
#10578=ORIENTED_EDGE('',*,*,#7647,.T.);
#10579=ORIENTED_EDGE('',*,*,#7556,.T.);
#10580=ORIENTED_EDGE('',*,*,#7647,.F.);
#10581=ORIENTED_EDGE('',*,*,#7603,.T.);
#10582=ORIENTED_EDGE('',*,*,#7648,.T.);
#10583=ORIENTED_EDGE('',*,*,#7557,.F.);
#10584=ORIENTED_EDGE('',*,*,#7648,.F.);
#10585=ORIENTED_EDGE('',*,*,#7604,.F.);
#10586=ORIENTED_EDGE('',*,*,#7649,.T.);
#10587=ORIENTED_EDGE('',*,*,#7558,.T.);
#10588=ORIENTED_EDGE('',*,*,#7649,.F.);
#10589=ORIENTED_EDGE('',*,*,#7605,.F.);
#10590=ORIENTED_EDGE('',*,*,#7650,.T.);
#10591=ORIENTED_EDGE('',*,*,#7559,.T.);
#10592=ORIENTED_EDGE('',*,*,#7650,.F.);
#10593=ORIENTED_EDGE('',*,*,#7606,.F.);
#10594=ORIENTED_EDGE('',*,*,#7651,.T.);
#10595=ORIENTED_EDGE('',*,*,#7560,.T.);
#10596=ORIENTED_EDGE('',*,*,#7651,.F.);
#10597=ORIENTED_EDGE('',*,*,#7607,.F.);
#10598=ORIENTED_EDGE('',*,*,#7652,.T.);
#10599=ORIENTED_EDGE('',*,*,#7561,.T.);
#10600=ORIENTED_EDGE('',*,*,#7652,.F.);
#10601=ORIENTED_EDGE('',*,*,#7608,.F.);
#10602=ORIENTED_EDGE('',*,*,#7653,.T.);
#10603=ORIENTED_EDGE('',*,*,#7562,.T.);
#10604=ORIENTED_EDGE('',*,*,#7653,.F.);
#10605=ORIENTED_EDGE('',*,*,#7609,.F.);
#10606=ORIENTED_EDGE('',*,*,#7654,.T.);
#10607=ORIENTED_EDGE('',*,*,#7563,.T.);
#10608=ORIENTED_EDGE('',*,*,#7654,.F.);
#10609=ORIENTED_EDGE('',*,*,#7610,.F.);
#10610=ORIENTED_EDGE('',*,*,#7655,.T.);
#10611=ORIENTED_EDGE('',*,*,#7564,.T.);
#10612=ORIENTED_EDGE('',*,*,#7655,.F.);
#10613=ORIENTED_EDGE('',*,*,#7611,.F.);
#10614=ORIENTED_EDGE('',*,*,#7656,.T.);
#10615=ORIENTED_EDGE('',*,*,#7565,.T.);
#10616=ORIENTED_EDGE('',*,*,#7656,.F.);
#10617=ORIENTED_EDGE('',*,*,#7612,.F.);
#10618=ORIENTED_EDGE('',*,*,#7657,.T.);
#10619=ORIENTED_EDGE('',*,*,#7566,.T.);
#10620=ORIENTED_EDGE('',*,*,#7657,.F.);
#10621=ORIENTED_EDGE('',*,*,#7613,.F.);
#10622=ORIENTED_EDGE('',*,*,#7658,.T.);
#10623=ORIENTED_EDGE('',*,*,#7567,.T.);
#10624=ORIENTED_EDGE('',*,*,#7658,.F.);
#10625=ORIENTED_EDGE('',*,*,#7614,.T.);
#10626=ORIENTED_EDGE('',*,*,#7659,.T.);
#10627=ORIENTED_EDGE('',*,*,#7568,.F.);
#10628=ORIENTED_EDGE('',*,*,#7659,.F.);
#10629=ORIENTED_EDGE('',*,*,#7615,.F.);
#10630=ORIENTED_EDGE('',*,*,#7660,.T.);
#10631=ORIENTED_EDGE('',*,*,#7569,.T.);
#10632=ORIENTED_EDGE('',*,*,#7660,.F.);
#10633=ORIENTED_EDGE('',*,*,#7616,.F.);
#10634=ORIENTED_EDGE('',*,*,#7661,.T.);
#10635=ORIENTED_EDGE('',*,*,#7570,.T.);
#10636=ORIENTED_EDGE('',*,*,#7661,.F.);
#10637=ORIENTED_EDGE('',*,*,#7617,.T.);
#10638=ORIENTED_EDGE('',*,*,#7662,.T.);
#10639=ORIENTED_EDGE('',*,*,#7571,.F.);
#10640=ORIENTED_EDGE('',*,*,#7662,.F.);
#10641=ORIENTED_EDGE('',*,*,#7618,.F.);
#10642=ORIENTED_EDGE('',*,*,#7663,.T.);
#10643=ORIENTED_EDGE('',*,*,#7572,.T.);
#10644=ORIENTED_EDGE('',*,*,#7663,.F.);
#10645=ORIENTED_EDGE('',*,*,#7619,.T.);
#10646=ORIENTED_EDGE('',*,*,#7664,.T.);
#10647=ORIENTED_EDGE('',*,*,#7573,.F.);
#10648=ORIENTED_EDGE('',*,*,#7664,.F.);
#10649=ORIENTED_EDGE('',*,*,#7620,.F.);
#10650=ORIENTED_EDGE('',*,*,#7665,.T.);
#10651=ORIENTED_EDGE('',*,*,#7574,.T.);
#10652=ORIENTED_EDGE('',*,*,#7665,.F.);
#10653=ORIENTED_EDGE('',*,*,#7621,.F.);
#10654=ORIENTED_EDGE('',*,*,#7666,.T.);
#10655=ORIENTED_EDGE('',*,*,#7575,.T.);
#10656=ORIENTED_EDGE('',*,*,#7666,.F.);
#10657=ORIENTED_EDGE('',*,*,#7622,.F.);
#10658=ORIENTED_EDGE('',*,*,#7667,.T.);
#10659=ORIENTED_EDGE('',*,*,#7576,.T.);
#10660=ORIENTED_EDGE('',*,*,#7667,.F.);
#10661=ORIENTED_EDGE('',*,*,#7623,.F.);
#10662=ORIENTED_EDGE('',*,*,#7668,.T.);
#10663=ORIENTED_EDGE('',*,*,#7577,.T.);
#10664=ORIENTED_EDGE('',*,*,#7668,.F.);
#10665=ORIENTED_EDGE('',*,*,#7624,.F.);
#10666=ORIENTED_EDGE('',*,*,#7669,.T.);
#10667=ORIENTED_EDGE('',*,*,#7578,.T.);
#10668=ORIENTED_EDGE('',*,*,#7669,.F.);
#10669=ORIENTED_EDGE('',*,*,#7625,.F.);
#10670=ORIENTED_EDGE('',*,*,#7670,.T.);
#10671=ORIENTED_EDGE('',*,*,#7579,.T.);
#10672=ORIENTED_EDGE('',*,*,#7670,.F.);
#10673=ORIENTED_EDGE('',*,*,#7626,.F.);
#10674=ORIENTED_EDGE('',*,*,#7671,.T.);
#10675=ORIENTED_EDGE('',*,*,#7580,.T.);
#10676=ORIENTED_EDGE('',*,*,#7671,.F.);
#10677=ORIENTED_EDGE('',*,*,#7627,.F.);
#10678=ORIENTED_EDGE('',*,*,#7672,.T.);
#10679=ORIENTED_EDGE('',*,*,#7581,.T.);
#10680=ORIENTED_EDGE('',*,*,#7672,.F.);
#10681=ORIENTED_EDGE('',*,*,#7628,.F.);
#10682=ORIENTED_EDGE('',*,*,#7673,.T.);
#10683=ORIENTED_EDGE('',*,*,#7582,.T.);
#10684=ORIENTED_EDGE('',*,*,#7673,.F.);
#10685=ORIENTED_EDGE('',*,*,#7629,.F.);
#10686=ORIENTED_EDGE('',*,*,#7674,.T.);
#10687=ORIENTED_EDGE('',*,*,#7583,.T.);
#10688=ORIENTED_EDGE('',*,*,#7674,.F.);
#10689=ORIENTED_EDGE('',*,*,#7630,.F.);
#10690=ORIENTED_EDGE('',*,*,#7675,.T.);
#10691=ORIENTED_EDGE('',*,*,#7584,.T.);
#10692=ORIENTED_EDGE('',*,*,#7675,.F.);
#10693=ORIENTED_EDGE('',*,*,#7631,.F.);
#10694=ORIENTED_EDGE('',*,*,#7676,.T.);
#10695=ORIENTED_EDGE('',*,*,#7585,.T.);
#10696=ORIENTED_EDGE('',*,*,#7676,.F.);
#10697=ORIENTED_EDGE('',*,*,#7632,.F.);
#10698=ORIENTED_EDGE('',*,*,#7677,.T.);
#10699=ORIENTED_EDGE('',*,*,#7586,.T.);
#10700=ORIENTED_EDGE('',*,*,#7677,.F.);
#10701=ORIENTED_EDGE('',*,*,#7633,.F.);
#10702=ORIENTED_EDGE('',*,*,#7678,.T.);
#10703=ORIENTED_EDGE('',*,*,#7587,.T.);
#10704=ORIENTED_EDGE('',*,*,#7678,.F.);
#10705=ORIENTED_EDGE('',*,*,#7679,.F.);
#10706=ORIENTED_EDGE('',*,*,#7680,.F.);
#10707=ORIENTED_EDGE('',*,*,#7681,.T.);
#10708=ORIENTED_EDGE('',*,*,#7682,.T.);
#10709=ORIENTED_EDGE('',*,*,#7681,.F.);
#10710=ORIENTED_EDGE('',*,*,#7683,.T.);
#10711=ORIENTED_EDGE('',*,*,#7684,.T.);
#10712=ORIENTED_EDGE('',*,*,#7685,.T.);
#10713=ORIENTED_EDGE('',*,*,#7679,.T.);
#10714=ORIENTED_EDGE('',*,*,#7680,.T.);
#10715=ORIENTED_EDGE('',*,*,#7685,.F.);
#10716=ORIENTED_EDGE('',*,*,#7686,.F.);
#10717=ORIENTED_EDGE('',*,*,#7687,.F.);
#10718=ORIENTED_EDGE('',*,*,#7688,.T.);
#10719=ORIENTED_EDGE('',*,*,#7683,.F.);
#10720=ORIENTED_EDGE('',*,*,#7684,.F.);
#10721=ORIENTED_EDGE('',*,*,#7688,.F.);
#10722=ORIENTED_EDGE('',*,*,#7689,.T.);
#10723=ORIENTED_EDGE('',*,*,#7690,.T.);
#10724=ORIENTED_EDGE('',*,*,#7691,.T.);
#10725=ORIENTED_EDGE('',*,*,#7686,.T.);
#10726=ORIENTED_EDGE('',*,*,#7687,.T.);
#10727=ORIENTED_EDGE('',*,*,#7691,.F.);
#10728=ORIENTED_EDGE('',*,*,#7692,.F.);
#10729=ORIENTED_EDGE('',*,*,#7693,.T.);
#10730=ORIENTED_EDGE('',*,*,#7689,.F.);
#10731=ORIENTED_EDGE('',*,*,#7690,.F.);
#10732=ORIENTED_EDGE('',*,*,#7693,.F.);
#10733=ORIENTED_EDGE('',*,*,#7682,.F.);
#10734=ORIENTED_EDGE('',*,*,#7692,.T.);
#10735=ORIENTED_EDGE('',*,*,#7694,.F.);
#10736=ORIENTED_EDGE('',*,*,#7695,.T.);
#10737=ORIENTED_EDGE('',*,*,#7696,.T.);
#10738=ORIENTED_EDGE('',*,*,#7695,.F.);
#10739=ORIENTED_EDGE('',*,*,#7696,.F.);
#10740=ORIENTED_EDGE('',*,*,#7697,.T.);
#10741=ORIENTED_EDGE('',*,*,#7694,.T.);
#10742=ORIENTED_EDGE('',*,*,#7698,.F.);
#10743=ORIENTED_EDGE('',*,*,#7697,.F.);
#10744=ORIENTED_EDGE('',*,*,#7699,.T.);
#10745=ORIENTED_EDGE('',*,*,#7700,.T.);
#10746=ORIENTED_EDGE('',*,*,#7699,.F.);
#10747=ORIENTED_EDGE('',*,*,#7701,.F.);
#10748=ORIENTED_EDGE('',*,*,#7702,.T.);
#10749=ORIENTED_EDGE('',*,*,#7698,.T.);
#10750=ORIENTED_EDGE('',*,*,#7702,.F.);
#10751=ORIENTED_EDGE('',*,*,#7703,.T.);
#10752=ORIENTED_EDGE('',*,*,#7704,.T.);
#10753=ORIENTED_EDGE('',*,*,#7700,.F.);
#10754=ORIENTED_EDGE('',*,*,#7704,.F.);
#10755=ORIENTED_EDGE('',*,*,#7701,.T.);
#10756=ORIENTED_EDGE('',*,*,#7705,.T.);
#10757=ORIENTED_EDGE('',*,*,#7706,.F.);
#10758=ORIENTED_EDGE('',*,*,#7705,.F.);
#10759=ORIENTED_EDGE('',*,*,#7703,.F.);
#10760=ORIENTED_EDGE('',*,*,#7706,.T.);
#10761=ORIENTED_EDGE('',*,*,#7707,.T.);
#10762=ORIENTED_EDGE('',*,*,#7708,.T.);
#10763=ORIENTED_EDGE('',*,*,#7709,.T.);
#10764=ORIENTED_EDGE('',*,*,#7710,.F.);
#10765=ORIENTED_EDGE('',*,*,#7711,.F.);
#10766=ORIENTED_EDGE('',*,*,#7712,.T.);
#10767=ORIENTED_EDGE('',*,*,#7713,.F.);
#10768=ORIENTED_EDGE('',*,*,#7714,.F.);
#10769=ORIENTED_EDGE('',*,*,#7715,.T.);
#10770=ORIENTED_EDGE('',*,*,#7716,.F.);
#10771=ORIENTED_EDGE('',*,*,#7707,.F.);
#10772=ORIENTED_EDGE('',*,*,#7717,.T.);
#10773=ORIENTED_EDGE('',*,*,#7714,.T.);
#10774=ORIENTED_EDGE('',*,*,#7718,.T.);
#10775=ORIENTED_EDGE('',*,*,#7719,.F.);
#10776=ORIENTED_EDGE('',*,*,#7717,.F.);
#10777=ORIENTED_EDGE('',*,*,#7716,.T.);
#10778=ORIENTED_EDGE('',*,*,#7720,.T.);
#10779=ORIENTED_EDGE('',*,*,#7721,.F.);
#10780=ORIENTED_EDGE('',*,*,#7708,.F.);
#10781=ORIENTED_EDGE('',*,*,#7713,.T.);
#10782=ORIENTED_EDGE('',*,*,#7722,.T.);
#10783=ORIENTED_EDGE('',*,*,#7723,.F.);
#10784=ORIENTED_EDGE('',*,*,#7718,.F.);
#10785=ORIENTED_EDGE('',*,*,#7709,.F.);
#10786=ORIENTED_EDGE('',*,*,#7721,.T.);
#10787=ORIENTED_EDGE('',*,*,#7724,.T.);
#10788=ORIENTED_EDGE('',*,*,#7725,.F.);
#10789=ORIENTED_EDGE('',*,*,#7726,.T.);
#10790=ORIENTED_EDGE('',*,*,#7727,.T.);
#10791=ORIENTED_EDGE('',*,*,#7722,.F.);
#10792=ORIENTED_EDGE('',*,*,#7712,.F.);
#10793=ORIENTED_EDGE('',*,*,#7710,.T.);
#10794=ORIENTED_EDGE('',*,*,#7725,.T.);
#10795=ORIENTED_EDGE('',*,*,#7728,.F.);
#10796=ORIENTED_EDGE('',*,*,#7729,.F.);
#10797=ORIENTED_EDGE('',*,*,#7730,.F.);
#10798=ORIENTED_EDGE('',*,*,#7726,.F.);
#10799=ORIENTED_EDGE('',*,*,#7711,.T.);
#10800=ORIENTED_EDGE('',*,*,#7729,.T.);
#10801=ORIENTED_EDGE('',*,*,#7715,.F.);
#10802=ORIENTED_EDGE('',*,*,#7719,.T.);
#10803=ORIENTED_EDGE('',*,*,#7723,.T.);
#10804=ORIENTED_EDGE('',*,*,#7727,.F.);
#10805=ORIENTED_EDGE('',*,*,#7730,.T.);
#10806=ORIENTED_EDGE('',*,*,#7728,.T.);
#10807=ORIENTED_EDGE('',*,*,#7724,.F.);
#10808=ORIENTED_EDGE('',*,*,#7720,.F.);
#10809=ORIENTED_EDGE('',*,*,#7731,.F.);
#10810=ORIENTED_EDGE('',*,*,#7732,.T.);
#10811=ORIENTED_EDGE('',*,*,#7733,.T.);
#10812=ORIENTED_EDGE('',*,*,#7734,.T.);
#10813=ORIENTED_EDGE('',*,*,#7735,.F.);
#10814=ORIENTED_EDGE('',*,*,#7736,.F.);
#10815=ORIENTED_EDGE('',*,*,#7737,.T.);
#10816=ORIENTED_EDGE('',*,*,#7738,.F.);
#10817=ORIENTED_EDGE('',*,*,#7731,.T.);
#10818=ORIENTED_EDGE('',*,*,#7739,.T.);
#10819=ORIENTED_EDGE('',*,*,#7740,.F.);
#10820=ORIENTED_EDGE('',*,*,#7741,.F.);
#10821=ORIENTED_EDGE('',*,*,#7738,.T.);
#10822=ORIENTED_EDGE('',*,*,#7742,.T.);
#10823=ORIENTED_EDGE('',*,*,#7743,.F.);
#10824=ORIENTED_EDGE('',*,*,#7739,.F.);
#10825=ORIENTED_EDGE('',*,*,#7744,.T.);
#10826=ORIENTED_EDGE('',*,*,#7745,.T.);
#10827=ORIENTED_EDGE('',*,*,#7742,.F.);
#10828=ORIENTED_EDGE('',*,*,#7737,.F.);
#10829=ORIENTED_EDGE('',*,*,#7746,.F.);
#10830=ORIENTED_EDGE('',*,*,#7744,.F.);
#10831=ORIENTED_EDGE('',*,*,#7736,.T.);
#10832=ORIENTED_EDGE('',*,*,#7747,.T.);
#10833=ORIENTED_EDGE('',*,*,#7735,.T.);
#10834=ORIENTED_EDGE('',*,*,#7748,.T.);
#10835=ORIENTED_EDGE('',*,*,#7749,.F.);
#10836=ORIENTED_EDGE('',*,*,#7747,.F.);
#10837=ORIENTED_EDGE('',*,*,#7734,.F.);
#10838=ORIENTED_EDGE('',*,*,#7750,.T.);
#10839=ORIENTED_EDGE('',*,*,#7751,.T.);
#10840=ORIENTED_EDGE('',*,*,#7748,.F.);
#10841=ORIENTED_EDGE('',*,*,#7752,.T.);
#10842=ORIENTED_EDGE('',*,*,#7753,.T.);
#10843=ORIENTED_EDGE('',*,*,#7750,.F.);
#10844=ORIENTED_EDGE('',*,*,#7733,.F.);
#10845=ORIENTED_EDGE('',*,*,#7754,.T.);
#10846=ORIENTED_EDGE('',*,*,#7752,.F.);
#10847=ORIENTED_EDGE('',*,*,#7732,.F.);
#10848=ORIENTED_EDGE('',*,*,#7741,.T.);
#10849=ORIENTED_EDGE('',*,*,#7755,.T.);
#10850=ORIENTED_EDGE('',*,*,#7756,.T.);
#10851=ORIENTED_EDGE('',*,*,#7757,.T.);
#10852=ORIENTED_EDGE('',*,*,#7758,.F.);
#10853=ORIENTED_EDGE('',*,*,#7759,.F.);
#10854=ORIENTED_EDGE('',*,*,#7760,.T.);
#10855=ORIENTED_EDGE('',*,*,#7761,.F.);
#10856=ORIENTED_EDGE('',*,*,#7762,.F.);
#10857=ORIENTED_EDGE('',*,*,#7740,.T.);
#10858=ORIENTED_EDGE('',*,*,#7743,.T.);
#10859=ORIENTED_EDGE('',*,*,#7745,.F.);
#10860=ORIENTED_EDGE('',*,*,#7746,.T.);
#10861=ORIENTED_EDGE('',*,*,#7749,.T.);
#10862=ORIENTED_EDGE('',*,*,#7751,.F.);
#10863=ORIENTED_EDGE('',*,*,#7753,.F.);
#10864=ORIENTED_EDGE('',*,*,#7754,.F.);
#10865=ORIENTED_EDGE('',*,*,#7763,.T.);
#10866=ORIENTED_EDGE('',*,*,#7764,.F.);
#10867=ORIENTED_EDGE('',*,*,#7755,.F.);
#10868=ORIENTED_EDGE('',*,*,#7765,.T.);
#10869=ORIENTED_EDGE('',*,*,#7762,.T.);
#10870=ORIENTED_EDGE('',*,*,#7766,.T.);
#10871=ORIENTED_EDGE('',*,*,#7767,.F.);
#10872=ORIENTED_EDGE('',*,*,#7765,.F.);
#10873=ORIENTED_EDGE('',*,*,#7764,.T.);
#10874=ORIENTED_EDGE('',*,*,#7768,.T.);
#10875=ORIENTED_EDGE('',*,*,#7769,.F.);
#10876=ORIENTED_EDGE('',*,*,#7756,.F.);
#10877=ORIENTED_EDGE('',*,*,#7761,.T.);
#10878=ORIENTED_EDGE('',*,*,#7770,.T.);
#10879=ORIENTED_EDGE('',*,*,#7771,.F.);
#10880=ORIENTED_EDGE('',*,*,#7766,.F.);
#10881=ORIENTED_EDGE('',*,*,#7757,.F.);
#10882=ORIENTED_EDGE('',*,*,#7769,.T.);
#10883=ORIENTED_EDGE('',*,*,#7772,.T.);
#10884=ORIENTED_EDGE('',*,*,#7773,.F.);
#10885=ORIENTED_EDGE('',*,*,#7774,.T.);
#10886=ORIENTED_EDGE('',*,*,#7775,.T.);
#10887=ORIENTED_EDGE('',*,*,#7770,.F.);
#10888=ORIENTED_EDGE('',*,*,#7760,.F.);
#10889=ORIENTED_EDGE('',*,*,#7758,.T.);
#10890=ORIENTED_EDGE('',*,*,#7773,.T.);
#10891=ORIENTED_EDGE('',*,*,#7776,.F.);
#10892=ORIENTED_EDGE('',*,*,#7777,.F.);
#10893=ORIENTED_EDGE('',*,*,#7778,.F.);
#10894=ORIENTED_EDGE('',*,*,#7774,.F.);
#10895=ORIENTED_EDGE('',*,*,#7759,.T.);
#10896=ORIENTED_EDGE('',*,*,#7777,.T.);
#10897=ORIENTED_EDGE('',*,*,#7763,.F.);
#10898=ORIENTED_EDGE('',*,*,#7767,.T.);
#10899=ORIENTED_EDGE('',*,*,#7771,.T.);
#10900=ORIENTED_EDGE('',*,*,#7775,.F.);
#10901=ORIENTED_EDGE('',*,*,#7778,.T.);
#10902=ORIENTED_EDGE('',*,*,#7776,.T.);
#10903=ORIENTED_EDGE('',*,*,#7772,.F.);
#10904=ORIENTED_EDGE('',*,*,#7768,.F.);
#10905=ORIENTED_EDGE('',*,*,#7779,.T.);
#10906=ORIENTED_EDGE('',*,*,#7780,.T.);
#10907=ORIENTED_EDGE('',*,*,#7781,.F.);
#10908=ORIENTED_EDGE('',*,*,#7782,.F.);
#10909=ORIENTED_EDGE('',*,*,#7783,.T.);
#10910=ORIENTED_EDGE('',*,*,#7784,.F.);
#10911=ORIENTED_EDGE('',*,*,#7785,.F.);
#10912=ORIENTED_EDGE('',*,*,#7786,.T.);
#10913=ORIENTED_EDGE('',*,*,#7787,.T.);
#10914=ORIENTED_EDGE('',*,*,#7788,.T.);
#10915=ORIENTED_EDGE('',*,*,#7789,.F.);
#10916=ORIENTED_EDGE('',*,*,#7790,.F.);
#10917=ORIENTED_EDGE('',*,*,#7779,.F.);
#10918=ORIENTED_EDGE('',*,*,#7791,.T.);
#10919=ORIENTED_EDGE('',*,*,#7782,.T.);
#10920=ORIENTED_EDGE('',*,*,#7792,.T.);
#10921=ORIENTED_EDGE('',*,*,#7793,.F.);
#10922=ORIENTED_EDGE('',*,*,#7791,.F.);
#10923=ORIENTED_EDGE('',*,*,#7790,.T.);
#10924=ORIENTED_EDGE('',*,*,#7794,.T.);
#10925=ORIENTED_EDGE('',*,*,#7795,.F.);
#10926=ORIENTED_EDGE('',*,*,#7780,.F.);
#10927=ORIENTED_EDGE('',*,*,#7796,.F.);
#10928=ORIENTED_EDGE('',*,*,#7792,.F.);
#10929=ORIENTED_EDGE('',*,*,#7781,.T.);
#10930=ORIENTED_EDGE('',*,*,#7795,.T.);
#10931=ORIENTED_EDGE('',*,*,#7797,.T.);
#10932=ORIENTED_EDGE('',*,*,#7798,.F.);
#10933=ORIENTED_EDGE('',*,*,#7799,.F.);
#10934=ORIENTED_EDGE('',*,*,#7800,.F.);
#10935=ORIENTED_EDGE('',*,*,#7801,.T.);
#10936=ORIENTED_EDGE('',*,*,#7802,.T.);
#10937=ORIENTED_EDGE('',*,*,#7796,.T.);
#10938=ORIENTED_EDGE('',*,*,#7803,.F.);
#10939=ORIENTED_EDGE('',*,*,#7783,.F.);
#10940=ORIENTED_EDGE('',*,*,#7793,.T.);
#10941=ORIENTED_EDGE('',*,*,#7784,.T.);
#10942=ORIENTED_EDGE('',*,*,#7803,.T.);
#10943=ORIENTED_EDGE('',*,*,#7802,.F.);
#10944=ORIENTED_EDGE('',*,*,#7804,.F.);
#10945=ORIENTED_EDGE('',*,*,#7785,.T.);
#10946=ORIENTED_EDGE('',*,*,#7805,.T.);
#10947=ORIENTED_EDGE('',*,*,#7806,.T.);
#10948=ORIENTED_EDGE('',*,*,#7807,.T.);
#10949=ORIENTED_EDGE('',*,*,#7808,.F.);
#10950=ORIENTED_EDGE('',*,*,#7809,.F.);
#10951=ORIENTED_EDGE('',*,*,#7787,.F.);
#10952=ORIENTED_EDGE('',*,*,#7786,.F.);
#10953=ORIENTED_EDGE('',*,*,#7797,.F.);
#10954=ORIENTED_EDGE('',*,*,#7794,.F.);
#10955=ORIENTED_EDGE('',*,*,#7789,.T.);
#10956=ORIENTED_EDGE('',*,*,#7810,.T.);
#10957=ORIENTED_EDGE('',*,*,#7811,.T.);
#10958=ORIENTED_EDGE('',*,*,#7798,.T.);
#10959=ORIENTED_EDGE('',*,*,#7810,.F.);
#10960=ORIENTED_EDGE('',*,*,#7788,.F.);
#10961=ORIENTED_EDGE('',*,*,#7801,.F.);
#10962=ORIENTED_EDGE('',*,*,#7800,.T.);
#10963=ORIENTED_EDGE('',*,*,#7799,.T.);
#10964=ORIENTED_EDGE('',*,*,#7812,.T.);
#10965=ORIENTED_EDGE('',*,*,#7813,.T.);
#10966=ORIENTED_EDGE('',*,*,#7814,.F.);
#10967=ORIENTED_EDGE('',*,*,#7815,.F.);
#10968=ORIENTED_EDGE('',*,*,#7816,.F.);
#10969=ORIENTED_EDGE('',*,*,#7804,.T.);
#10970=ORIENTED_EDGE('',*,*,#7816,.T.);
#10971=ORIENTED_EDGE('',*,*,#7817,.F.);
#10972=ORIENTED_EDGE('',*,*,#7805,.F.);
#10973=ORIENTED_EDGE('',*,*,#7818,.T.);
#10974=ORIENTED_EDGE('',*,*,#7819,.F.);
#10975=ORIENTED_EDGE('',*,*,#7820,.T.);
#10976=ORIENTED_EDGE('',*,*,#7821,.T.);
#10977=ORIENTED_EDGE('',*,*,#7822,.F.);
#10978=ORIENTED_EDGE('',*,*,#7823,.F.);
#10979=ORIENTED_EDGE('',*,*,#7808,.T.);
#10980=ORIENTED_EDGE('',*,*,#7807,.F.);
#10981=ORIENTED_EDGE('',*,*,#7806,.F.);
#10982=ORIENTED_EDGE('',*,*,#7824,.T.);
#10983=ORIENTED_EDGE('',*,*,#7809,.T.);
#10984=ORIENTED_EDGE('',*,*,#7825,.T.);
#10985=ORIENTED_EDGE('',*,*,#7826,.F.);
#10986=ORIENTED_EDGE('',*,*,#7827,.F.);
#10987=ORIENTED_EDGE('',*,*,#7827,.T.);
#10988=ORIENTED_EDGE('',*,*,#7828,.T.);
#10989=ORIENTED_EDGE('',*,*,#7829,.F.);
#10990=ORIENTED_EDGE('',*,*,#7811,.F.);
#10991=ORIENTED_EDGE('',*,*,#7830,.F.);
#10992=ORIENTED_EDGE('',*,*,#7831,.F.);
#10993=ORIENTED_EDGE('',*,*,#7815,.T.);
#10994=ORIENTED_EDGE('',*,*,#7814,.T.);
#10995=ORIENTED_EDGE('',*,*,#7813,.F.);
#10996=ORIENTED_EDGE('',*,*,#7832,.T.);
#10997=ORIENTED_EDGE('',*,*,#7833,.T.);
#10998=ORIENTED_EDGE('',*,*,#7834,.F.);
#10999=ORIENTED_EDGE('',*,*,#7835,.F.);
#11000=ORIENTED_EDGE('',*,*,#7836,.T.);
#11001=ORIENTED_EDGE('',*,*,#7812,.F.);
#11002=ORIENTED_EDGE('',*,*,#7829,.T.);
#11003=ORIENTED_EDGE('',*,*,#7837,.T.);
#11004=ORIENTED_EDGE('',*,*,#7838,.F.);
#11005=ORIENTED_EDGE('',*,*,#7817,.T.);
#11006=ORIENTED_EDGE('',*,*,#7831,.T.);
#11007=ORIENTED_EDGE('',*,*,#7839,.F.);
#11008=ORIENTED_EDGE('',*,*,#7824,.F.);
#11009=ORIENTED_EDGE('',*,*,#7830,.T.);
#11010=ORIENTED_EDGE('',*,*,#7840,.F.);
#11011=ORIENTED_EDGE('',*,*,#7818,.F.);
#11012=ORIENTED_EDGE('',*,*,#7839,.T.);
#11013=ORIENTED_EDGE('',*,*,#7819,.T.);
#11014=ORIENTED_EDGE('',*,*,#7840,.T.);
#11015=ORIENTED_EDGE('',*,*,#7836,.F.);
#11016=ORIENTED_EDGE('',*,*,#7841,.F.);
#11017=ORIENTED_EDGE('',*,*,#7820,.F.);
#11018=ORIENTED_EDGE('',*,*,#7841,.T.);
#11019=ORIENTED_EDGE('',*,*,#7835,.T.);
#11020=ORIENTED_EDGE('',*,*,#7842,.F.);
#11021=ORIENTED_EDGE('',*,*,#7842,.T.);
#11022=ORIENTED_EDGE('',*,*,#7834,.T.);
#11023=ORIENTED_EDGE('',*,*,#7843,.F.);
#11024=ORIENTED_EDGE('',*,*,#7821,.F.);
#11025=ORIENTED_EDGE('',*,*,#7833,.F.);
#11026=ORIENTED_EDGE('',*,*,#7844,.F.);
#11027=ORIENTED_EDGE('',*,*,#7822,.T.);
#11028=ORIENTED_EDGE('',*,*,#7843,.T.);
#11029=ORIENTED_EDGE('',*,*,#7823,.T.);
#11030=ORIENTED_EDGE('',*,*,#7844,.T.);
#11031=ORIENTED_EDGE('',*,*,#7832,.F.);
#11032=ORIENTED_EDGE('',*,*,#7845,.F.);
#11033=ORIENTED_EDGE('',*,*,#7825,.F.);
#11034=ORIENTED_EDGE('',*,*,#7845,.T.);
#11035=ORIENTED_EDGE('',*,*,#7838,.T.);
#11036=ORIENTED_EDGE('',*,*,#7846,.F.);
#11037=ORIENTED_EDGE('',*,*,#7828,.F.);
#11038=ORIENTED_EDGE('',*,*,#7826,.T.);
#11039=ORIENTED_EDGE('',*,*,#7846,.T.);
#11040=ORIENTED_EDGE('',*,*,#7837,.F.);
#11041=PLANE('',#12280);
#11042=PLANE('',#12281);
#11043=PLANE('',#12282);
#11044=PLANE('',#12283);
#11045=PLANE('',#12284);
#11046=PLANE('',#12286);
#11047=PLANE('',#12288);
#11048=PLANE('',#12290);
#11049=PLANE('',#12295);
#11050=PLANE('',#12300);
#11051=PLANE('',#12305);
#11052=PLANE('',#12310);
#11053=PLANE('',#12312);
#11054=PLANE('',#12313);
#11055=PLANE('',#12314);
#11056=PLANE('',#12315);
#11057=PLANE('',#12316);
#11058=PLANE('',#12320);
#11059=PLANE('',#12324);
#11060=PLANE('',#12328);
#11061=PLANE('',#12332);
#11062=PLANE('',#12341);
#11063=PLANE('',#12344);
#11064=PLANE('',#12347);
#11065=PLANE('',#12350);
#11066=PLANE('',#12353);
#11067=PLANE('',#12354);
#11068=PLANE('',#12371);
#11069=PLANE('',#12378);
#11070=PLANE('',#12394);
#11071=PLANE('',#12398);
#11072=PLANE('',#12402);
#11073=PLANE('',#12406);
#11074=PLANE('',#12410);
#11075=PLANE('',#12411);
#11076=PLANE('',#12414);
#11077=PLANE('',#12415);
#11078=PLANE('',#12417);
#11079=PLANE('',#12418);
#11080=PLANE('',#12421);
#11081=PLANE('',#12422);
#11082=PLANE('',#12423);
#11083=PLANE('',#12424);
#11084=PLANE('',#12425);
#11085=PLANE('',#12426);
#11086=PLANE('',#12427);
#11087=PLANE('',#12428);
#11088=PLANE('',#12429);
#11089=PLANE('',#12430);
#11090=PLANE('',#12431);
#11091=PLANE('',#12433);
#11092=PLANE('',#12434);
#11093=PLANE('',#12436);
#11094=PLANE('',#12437);
#11095=PLANE('',#12438);
#11096=PLANE('',#12439);
#11097=PLANE('',#12440);
#11098=PLANE('',#12441);
#11099=PLANE('',#12442);
#11100=PLANE('',#12443);
#11101=PLANE('',#12444);
#11102=PLANE('',#12445);
#11103=PLANE('',#12446);
#11104=PLANE('',#12447);
#11105=PLANE('',#12448);
#11106=PLANE('',#12449);
#11107=PLANE('',#12450);
#11108=PLANE('',#12451);
#11109=PLANE('',#12452);
#11110=PLANE('',#12453);
#11111=PLANE('',#12454);
#11112=PLANE('',#12455);
#11113=PLANE('',#12456);
#11114=PLANE('',#12457);
#11115=PLANE('',#12458);
#11116=PLANE('',#12459);
#11117=PLANE('',#12460);
#11118=PLANE('',#12461);
#11119=PLANE('',#12462);
#11120=PLANE('',#12463);
#11121=PLANE('',#12464);
#11122=PLANE('',#12466);
#11123=PLANE('',#12467);
#11124=PLANE('',#12468);
#11125=PLANE('',#12469);
#11126=PLANE('',#12470);
#11127=PLANE('',#12471);
#11128=PLANE('',#12472);
#11129=PLANE('',#12473);
#11130=PLANE('',#12474);
#11131=PLANE('',#12475);
#11132=PLANE('',#12476);
#11133=PLANE('',#12477);
#11134=PLANE('',#12478);
#11135=PLANE('',#12479);
#11136=PLANE('',#12480);
#11137=PLANE('',#12481);
#11138=PLANE('',#12482);
#11139=PLANE('',#12483);
#11140=PLANE('',#12484);
#11141=PLANE('',#12485);
#11142=PLANE('',#12486);
#11143=PLANE('',#12487);
#11144=PLANE('',#12488);
#11145=PLANE('',#12489);
#11146=PLANE('',#12490);
#11147=PLANE('',#12491);
#11148=PLANE('',#12492);
#11149=PLANE('',#12495);
#11150=PLANE('',#12496);
#11151=PLANE('',#12499);
#11152=PLANE('',#12500);
#11153=PLANE('',#12503);
#11154=PLANE('',#12504);
#11155=PLANE('',#12507);
#11156=PLANE('',#12508);
#11157=PLANE('',#12509);
#11158=PLANE('',#12511);
#11159=PLANE('',#12512);
#11160=PLANE('',#12513);
#11161=PLANE('',#12514);
#11162=PLANE('',#12515);
#11163=PLANE('',#12516);
#11164=PLANE('',#12517);
#11165=PLANE('',#12519);
#11166=PLANE('',#12521);
#11167=PLANE('',#12522);
#11168=PLANE('',#12523);
#11169=PLANE('',#12524);
#11170=PLANE('',#12525);
#11171=PLANE('',#12526);
#11172=PLANE('',#12527);
#11173=PLANE('',#12529);
#11174=PLANE('',#12530);
#11175=PLANE('',#12531);
#11176=PLANE('',#12532);
#11177=PLANE('',#12533);
#11178=PLANE('',#12534);
#11179=PLANE('',#12535);
#11180=PLANE('',#12542);
#11181=PLANE('',#12546);
#11182=PLANE('',#12547);
#11183=PLANE('',#12548);
#11184=PLANE('',#12549);
#11185=PLANE('',#12550);
#11186=PLANE('',#12551);
#11187=PLANE('',#12552);
#11188=PLANE('',#12553);
#11189=PLANE('',#12554);
#11190=PLANE('',#12555);
#11191=PLANE('',#12556);
#11192=PLANE('',#12557);
#11193=PLANE('',#12559);
#11194=PLANE('',#12561);
#11195=PLANE('',#12564);
#11196=PLANE('',#12565);
#11197=PLANE('',#12566);
#11198=PLANE('',#12567);
#11199=PLANE('',#12568);
#11200=PLANE('',#12569);
#11201=PLANE('',#12570);
#11202=PLANE('',#12571);
#11203=PLANE('',#12572);
#11204=PLANE('',#12573);
#11205=PLANE('',#12574);
#11206=PLANE('',#12575);
#11207=PLANE('',#12576);
#11208=PLANE('',#12577);
#11209=PLANE('',#12578);
#11210=PLANE('',#12579);
#11211=PLANE('',#12580);
#11212=PLANE('',#12581);
#11213=PLANE('',#12582);
#11214=PLANE('',#12583);
#11215=PLANE('',#12584);
#11216=PLANE('',#12585);
#11217=PLANE('',#12586);
#11218=PLANE('',#12587);
#11219=PLANE('',#12588);
#11220=PLANE('',#12590);
#11221=PLANE('',#12591);
#11222=PLANE('',#12592);
#11223=PLANE('',#12593);
#11224=PLANE('',#12596);
#11225=PLANE('',#12599);
#11226=PLANE('',#12600);
#11227=PLANE('',#12601);
#11228=PLANE('',#12602);
#11229=PLANE('',#12603);
#11230=PLANE('',#12607);
#11231=PLANE('',#12608);
#11232=PLANE('',#12611);
#11233=PLANE('',#12613);
#11234=PLANE('',#12616);
#11235=PLANE('',#12617);
#11236=PLANE('',#12618);
#11237=PLANE('',#12619);
#11238=PLANE('',#12620);
#11239=PLANE('',#12621);
#11240=PLANE('',#12622);
#11241=PLANE('',#12623);
#11242=PLANE('',#12624);
#11243=PLANE('',#12625);
#11244=PLANE('',#12626);
#11245=PLANE('',#12627);
#11246=PLANE('',#12628);
#11247=PLANE('',#12629);
#11248=PLANE('',#12630);
#11249=PLANE('',#12631);
#11250=PLANE('',#12632);
#11251=PLANE('',#12633);
#11252=PLANE('',#12634);
#11253=PLANE('',#12635);
#11254=PLANE('',#12636);
#11255=PLANE('',#12637);
#11256=PLANE('',#12640);
#11257=PLANE('',#12642);
#11258=PLANE('',#12644);
#11259=PLANE('',#12645);
#11260=PLANE('',#12646);
#11261=PLANE('',#12647);
#11262=PLANE('',#12648);
#11263=PLANE('',#12649);
#11264=PLANE('',#12650);
#11265=PLANE('',#12651);
#11266=PLANE('',#12652);
#11267=PLANE('',#12653);
#11268=PLANE('',#12654);
#11269=PLANE('',#12655);
#11270=PLANE('',#12656);
#11271=PLANE('',#12657);
#11272=PLANE('',#12658);
#11273=PLANE('',#12659);
#11274=PLANE('',#12660);
#11275=PLANE('',#12661);
#11276=PLANE('',#12662);
#11277=PLANE('',#12663);
#11278=PLANE('',#12664);
#11279=PLANE('',#12665);
#11280=PLANE('',#12666);
#11281=PLANE('',#12667);
#11282=PLANE('',#12668);
#11283=PLANE('',#12669);
#11284=PLANE('',#12670);
#11285=PLANE('',#12673);
#11286=PLANE('',#12676);
#11287=PLANE('',#12677);
#11288=PLANE('',#12678);
#11289=PLANE('',#12679);
#11290=PLANE('',#12680);
#11291=PLANE('',#12681);
#11292=PLANE('',#12682);
#11293=PLANE('',#12683);
#11294=PLANE('',#12684);
#11295=PLANE('',#12685);
#11296=PLANE('',#12686);
#11297=PLANE('',#12688);
#11298=PLANE('',#12689);
#11299=PLANE('',#12690);
#11300=PLANE('',#12692);
#11301=PLANE('',#12694);
#11302=PLANE('',#12695);
#11303=PLANE('',#12696);
#11304=PLANE('',#12697);
#11305=PLANE('',#12699);
#11306=PLANE('',#12701);
#11307=PLANE('',#12702);
#11308=PLANE('',#12703);
#11309=PLANE('',#12704);
#11310=PLANE('',#12706);
#11311=PLANE('',#12708);
#11312=PLANE('',#12709);
#11313=PLANE('',#12710);
#11314=PLANE('',#12711);
#11315=PLANE('',#12713);
#11316=PLANE('',#12714);
#11317=PLANE('',#12715);
#11318=PLANE('',#12716);
#11319=PLANE('',#12717);
#11320=PLANE('',#12718);
#11321=PLANE('',#12719);
#11322=PLANE('',#12720);
#11323=PLANE('',#12721);
#11324=PLANE('',#12722);
#11325=PLANE('',#12723);
#11326=PLANE('',#12724);
#11327=PLANE('',#12725);
#11328=PLANE('',#12726);
#11329=PLANE('',#12727);
#11330=PLANE('',#12728);
#11331=PLANE('',#12729);
#11332=PLANE('',#12731);
#11333=PLANE('',#12732);
#11334=PLANE('',#12733);
#11335=PLANE('',#12735);
#11336=PLANE('',#12736);
#11337=PLANE('',#12738);
#11338=PLANE('',#12739);
#11339=PLANE('',#12741);
#11340=PLANE('',#12742);
#11341=PLANE('',#12743);
#11342=PLANE('',#12744);
#11343=PLANE('',#12745);
#11344=PLANE('',#12746);
#11345=PLANE('',#12747);
#11346=PLANE('',#12748);
#11347=PLANE('',#12749);
#11348=PLANE('',#12750);
#11349=PLANE('',#12751);
#11350=PLANE('',#12752);
#11351=PLANE('',#12753);
#11352=PLANE('',#12754);
#11353=PLANE('',#12755);
#11354=PLANE('',#12756);
#11355=PLANE('',#12757);
#11356=PLANE('',#12758);
#11357=PLANE('',#12759);
#11358=PLANE('',#12760);
#11359=PLANE('',#12761);
#11360=PLANE('',#12762);
#11361=PLANE('',#12763);
#11362=PLANE('',#12764);
#11363=PLANE('',#12765);
#11364=PLANE('',#12766);
#11365=PLANE('',#12767);
#11366=PLANE('',#12768);
#11367=PLANE('',#12769);
#11368=PLANE('',#12770);
#11369=PLANE('',#12771);
#11370=PLANE('',#12772);
#11371=PLANE('',#12773);
#11372=PLANE('',#12774);
#11373=PLANE('',#12775);
#11374=PLANE('',#12776);
#11375=PLANE('',#12777);
#11376=PLANE('',#12778);
#11377=PLANE('',#12779);
#11378=PLANE('',#12780);
#11379=PLANE('',#12781);
#11380=PLANE('',#12782);
#11381=PLANE('',#12783);
#11382=PLANE('',#12784);
#11383=PLANE('',#12785);
#11384=PLANE('',#12786);
#11385=PLANE('',#12787);
#11386=PLANE('',#12788);
#11387=PLANE('',#12789);
#11388=PLANE('',#12790);
#11389=PLANE('',#12791);
#11390=PLANE('',#12792);
#11391=PLANE('',#12793);
#11392=PLANE('',#12794);
#11393=PLANE('',#12795);
#11394=PLANE('',#12796);
#11395=PLANE('',#12797);
#11396=PLANE('',#12798);
#11397=PLANE('',#12799);
#11398=PLANE('',#12800);
#11399=PLANE('',#12801);
#11400=PLANE('',#12802);
#11401=PLANE('',#12803);
#11402=PLANE('',#12805);
#11403=PLANE('',#12809);
#11404=PLANE('',#12818);
#11405=PLANE('',#12823);
#11406=PLANE('',#12824);
#11407=PLANE('',#12829);
#11408=PLANE('',#12838);
#11409=PLANE('',#12843);
#11410=PLANE('',#12844);
#11411=PLANE('',#12849);
#11412=PLANE('',#12850);
#11413=PLANE('',#12854);
#11414=PLANE('',#12855);
#11415=PLANE('',#12856);
#11416=PLANE('',#12857);
#11417=PLANE('',#12865);
#11418=PLANE('',#12866);
#11419=PLANE('',#12874);
#11420=PLANE('',#12882);
#11421=PLANE('',#12890);
#11422=PLANE('',#12891);
#11423=PLANE('',#12899);
#11424=PLANE('',#12900);
#11425=PLANE('',#12908);
#11426=PLANE('',#12916);
#11427=PLANE('',#12924);
#11428=PLANE('',#12925);
#11429=PLANE('',#12926);
#11430=PLANE('',#12927);
#11431=PLANE('',#12928);
#11432=PLANE('',#12929);
#11433=PLANE('',#12930);
#11434=PLANE('',#12933);
#11435=PLANE('',#12934);
#11436=PLANE('',#12937);
#11437=PLANE('',#12938);
#11438=PLANE('',#12939);
#11439=PLANE('',#12942);
#11440=PLANE('',#12943);
#11441=PLANE('',#12945);
#11442=PLANE('',#12948);
#11443=PLANE('',#12949);
#11444=PLANE('',#12952);
#11445=PLANE('',#12953);
#11446=PLANE('',#12954);
#11447=PLANE('',#12957);
#11448=PLANE('',#12958);
#11449=PLANE('',#12960);
#11450=PLANE('',#12963);
#11451=PLANE('',#12964);
#11452=PLANE('',#12967);
#11453=PLANE('',#12968);
#11454=PLANE('',#12969);
#11455=PLANE('',#12972);
#11456=PLANE('',#12973);
#11457=PLANE('',#12975);
#11458=PLANE('',#12978);
#11459=PLANE('',#12979);
#11460=PLANE('',#12982);
#11461=PLANE('',#12983);
#11462=PLANE('',#12984);
#11463=PLANE('',#12987);
#11464=PLANE('',#12988);
#11465=PLANE('',#12994);
#11466=PLANE('',#12995);
#11467=PLANE('',#12996);
#11468=PLANE('',#13041);
#11469=PLANE('',#13088);
#11470=PLANE('',#13089);
#11471=PLANE('',#13150);
#11472=PLANE('',#13151);
#11473=PLANE('',#13155);
#11474=PLANE('',#13157);
#11475=PLANE('',#13169);
#11476=PLANE('',#13170);
#11477=PLANE('',#13172);
#11478=PLANE('',#13177);
#11479=PLANE('',#13182);
#11480=PLANE('',#13183);
#11481=PLANE('',#13188);
#11482=PLANE('',#13189);
#11483=PLANE('',#13196);
#11484=PLANE('',#13199);
#11485=PLANE('',#13202);
#11486=PLANE('',#13205);
#11487=PLANE('',#13206);
#11488=PLANE('',#13211);
#11489=PLANE('',#13216);
#11490=PLANE('',#13217);
#11491=PLANE('',#13222);
#11492=PLANE('',#13223);
#11493=PLANE('',#13225);
#11494=PLANE('',#13226);
#11495=PLANE('',#13235);
#11496=PLANE('',#13238);
#11497=PLANE('',#13240);
#11498=PLANE('',#13241);
#11499=PLANE('',#13243);
#11500=PLANE('',#13244);
#11501=PLANE('',#13245);
#11502=PLANE('',#13250);
#11503=PLANE('',#13251);
#11504=PLANE('',#13252);
#11505=PLANE('',#13257);
#11506=PLANE('',#13259);
#11507=PLANE('',#13261);
#11508=PLANE('',#13263);
#11509=PLANE('',#13265);
#11510=PLANE('',#13266);
#11511=ADVANCED_FACE('',(#1305),#11041,.F.);
#11512=ADVANCED_FACE('',(#1306),#11042,.F.);
#11513=ADVANCED_FACE('',(#1307),#11043,.F.);
#11514=ADVANCED_FACE('',(#1308),#11044,.F.);
#11515=ADVANCED_FACE('',(#1309),#11045,.F.);
#11516=ADVANCED_FACE('',(#1310),#11046,.F.);
#11517=ADVANCED_FACE('',(#1311),#11047,.F.);
#11518=ADVANCED_FACE('',(#1312),#11048,.F.);
#11519=ADVANCED_FACE('',(#1313),#804,.T.);
#11520=ADVANCED_FACE('',(#1314,#671),#11049,.T.);
#11521=ADVANCED_FACE('',(#1315),#805,.T.);
#11522=ADVANCED_FACE('',(#1316,#672),#11050,.T.);
#11523=ADVANCED_FACE('',(#1317),#806,.T.);
#11524=ADVANCED_FACE('',(#1318,#673),#11051,.T.);
#11525=ADVANCED_FACE('',(#1319),#807,.T.);
#11526=ADVANCED_FACE('',(#1320,#674),#11052,.T.);
#11527=ADVANCED_FACE('',(#1321),#11053,.F.);
#11528=ADVANCED_FACE('',(#1322),#11054,.F.);
#11529=ADVANCED_FACE('',(#1323),#11055,.F.);
#11530=ADVANCED_FACE('',(#1324),#11056,.F.);
#11531=ADVANCED_FACE('',(#1325,#675),#11057,.T.);
#11532=ADVANCED_FACE('',(#1326),#808,.F.);
#11533=ADVANCED_FACE('',(#1327),#11058,.T.);
#11534=ADVANCED_FACE('',(#1328),#809,.F.);
#11535=ADVANCED_FACE('',(#1329,#676),#11059,.T.);
#11536=ADVANCED_FACE('',(#1330),#810,.F.);
#11537=ADVANCED_FACE('',(#1331),#11060,.T.);
#11538=ADVANCED_FACE('',(#1332),#811,.F.);
#11539=ADVANCED_FACE('',(#1333,#677),#11061,.T.);
#11540=ADVANCED_FACE('',(#1334),#812,.F.);
#11541=ADVANCED_FACE('',(#1335),#813,.F.);
#11542=ADVANCED_FACE('',(#1336),#814,.F.);
#11543=ADVANCED_FACE('',(#1337),#815,.F.);
#11544=ADVANCED_FACE('',(#1338,#678),#11062,.T.);
#11545=ADVANCED_FACE('',(#1339),#816,.T.);
#11546=ADVANCED_FACE('',(#1340),#11063,.T.);
#11547=ADVANCED_FACE('',(#1341),#817,.T.);
#11548=ADVANCED_FACE('',(#1342,#679),#11064,.T.);
#11549=ADVANCED_FACE('',(#1343),#818,.T.);
#11550=ADVANCED_FACE('',(#1344),#11065,.T.);
#11551=ADVANCED_FACE('',(#1345),#819,.T.);
#11552=ADVANCED_FACE('',(#1346,#680,#681,#682,#683),#11066,.T.);
#11553=ADVANCED_FACE('',(#1347),#11067,.F.);
#11554=ADVANCED_FACE('',(#1348),#820,.T.);
#11555=ADVANCED_FACE('',(#1349),#821,.F.);
#11556=ADVANCED_FACE('',(#1350),#822,.F.);
#11557=ADVANCED_FACE('',(#1351),#823,.F.);
#11558=ADVANCED_FACE('',(#1352),#824,.F.);
#11559=ADVANCED_FACE('',(#1353,#684),#11068,.T.);
#11560=ADVANCED_FACE('',(#1354),#825,.F.);
#11561=ADVANCED_FACE('',(#1355),#826,.F.);
#11562=ADVANCED_FACE('',(#1356,#685),#11069,.T.);
#11563=ADVANCED_FACE('',(#1357),#827,.F.);
#11564=ADVANCED_FACE('',(#1358),#828,.F.);
#11565=ADVANCED_FACE('',(#1359),#829,.F.);
#11566=ADVANCED_FACE('',(#1360),#830,.F.);
#11567=ADVANCED_FACE('',(#1361),#831,.F.);
#11568=ADVANCED_FACE('',(#1362),#11070,.T.);
#11569=ADVANCED_FACE('',(#1363),#832,.T.);
#11570=ADVANCED_FACE('',(#1364),#11071,.T.);
#11571=ADVANCED_FACE('',(#1365),#833,.T.);
#11572=ADVANCED_FACE('',(#1366),#11072,.T.);
#11573=ADVANCED_FACE('',(#1367),#834,.T.);
#11574=ADVANCED_FACE('',(#1368),#11073,.T.);
#11575=ADVANCED_FACE('',(#1369),#835,.T.);
#11576=ADVANCED_FACE('',(#1370,#686,#687,#688,#689,#690,#691,#692),#11074,
 .T.);
#11577=ADVANCED_FACE('',(#1371,#693,#694,#695,#696,#697,#698,#699),#11075,
 .F.);
#11578=ADVANCED_FACE('',(#1372),#11076,.T.);
#11579=ADVANCED_FACE('',(#1373),#11077,.T.);
#11580=ADVANCED_FACE('',(#1374),#11078,.T.);
#11581=ADVANCED_FACE('',(#1375),#11079,.F.);
#11582=ADVANCED_FACE('',(#1376),#836,.F.);
#11583=ADVANCED_FACE('',(#1377),#11080,.F.);
#11584=ADVANCED_FACE('',(#1378),#11081,.F.);
#11585=ADVANCED_FACE('',(#1379),#11082,.F.);
#11586=ADVANCED_FACE('',(#1380),#11083,.F.);
#11587=ADVANCED_FACE('',(#1381),#11084,.F.);
#11588=ADVANCED_FACE('',(#1382),#11085,.T.);
#11589=ADVANCED_FACE('',(#1383),#11086,.T.);
#11590=ADVANCED_FACE('',(#1384),#11087,.F.);
#11591=ADVANCED_FACE('',(#1385),#11088,.T.);
#11592=ADVANCED_FACE('',(#1386),#11089,.F.);
#11593=ADVANCED_FACE('',(#1387),#11090,.F.);
#11594=ADVANCED_FACE('',(#1388),#11091,.T.);
#11595=ADVANCED_FACE('',(#1389),#11092,.T.);
#11596=ADVANCED_FACE('',(#1390),#11093,.F.);
#11597=ADVANCED_FACE('',(#1391),#11094,.F.);
#11598=ADVANCED_FACE('',(#1392),#11095,.F.);
#11599=ADVANCED_FACE('',(#1393,#700,#701),#11096,.T.);
#11600=ADVANCED_FACE('',(#1394),#11097,.F.);
#11601=ADVANCED_FACE('',(#1395),#11098,.T.);
#11602=ADVANCED_FACE('',(#1396),#11099,.F.);
#11603=ADVANCED_FACE('',(#1397),#11100,.F.);
#11604=ADVANCED_FACE('',(#1398),#11101,.F.);
#11605=ADVANCED_FACE('',(#1399),#11102,.F.);
#11606=ADVANCED_FACE('',(#1400),#11103,.T.);
#11607=ADVANCED_FACE('',(#1401),#11104,.F.);
#11608=ADVANCED_FACE('',(#1402),#11105,.F.);
#11609=ADVANCED_FACE('',(#1403),#11106,.F.);
#11610=ADVANCED_FACE('',(#1404),#11107,.T.);
#11611=ADVANCED_FACE('',(#1405),#11108,.T.);
#11612=ADVANCED_FACE('',(#1406),#11109,.F.);
#11613=ADVANCED_FACE('',(#1407),#11110,.T.);
#11614=ADVANCED_FACE('',(#1408),#11111,.F.);
#11615=ADVANCED_FACE('',(#1409),#11112,.F.);
#11616=ADVANCED_FACE('',(#1410),#11113,.F.);
#11617=ADVANCED_FACE('',(#1411),#11114,.F.);
#11618=ADVANCED_FACE('',(#1412),#11115,.T.);
#11619=ADVANCED_FACE('',(#1413),#11116,.F.);
#11620=ADVANCED_FACE('',(#1414),#11117,.F.);
#11621=ADVANCED_FACE('',(#1415),#11118,.F.);
#11622=ADVANCED_FACE('',(#1416),#11119,.T.);
#11623=ADVANCED_FACE('',(#1417),#11120,.F.);
#11624=ADVANCED_FACE('',(#1418),#11121,.T.);
#11625=ADVANCED_FACE('',(#1419),#837,.F.);
#11626=ADVANCED_FACE('',(#1420),#11122,.F.);
#11627=ADVANCED_FACE('',(#1421),#11123,.F.);
#11628=ADVANCED_FACE('',(#1422),#11124,.F.);
#11629=ADVANCED_FACE('',(#1423),#11125,.T.);
#11630=ADVANCED_FACE('',(#1424),#11126,.F.);
#11631=ADVANCED_FACE('',(#1425),#11127,.F.);
#11632=ADVANCED_FACE('',(#1426),#11128,.F.);
#11633=ADVANCED_FACE('',(#1427),#11129,.F.);
#11634=ADVANCED_FACE('',(#1428),#11130,.T.);
#11635=ADVANCED_FACE('',(#1429),#11131,.F.);
#11636=ADVANCED_FACE('',(#1430),#11132,.F.);
#11637=ADVANCED_FACE('',(#1431),#11133,.F.);
#11638=ADVANCED_FACE('',(#1432),#11134,.T.);
#11639=ADVANCED_FACE('',(#1433),#11135,.F.);
#11640=ADVANCED_FACE('',(#1434,#702),#11136,.F.);
#11641=ADVANCED_FACE('',(#1435,#703),#11137,.F.);
#11642=ADVANCED_FACE('',(#1436),#11138,.F.);
#11643=ADVANCED_FACE('',(#1437),#11139,.F.);
#11644=ADVANCED_FACE('',(#1438),#11140,.T.);
#11645=ADVANCED_FACE('',(#1439),#11141,.T.);
#11646=ADVANCED_FACE('',(#1440),#11142,.F.);
#11647=ADVANCED_FACE('',(#1441),#11143,.T.);
#11648=ADVANCED_FACE('',(#1442),#11144,.T.);
#11649=ADVANCED_FACE('',(#1443),#11145,.T.);
#11650=ADVANCED_FACE('',(#1444),#11146,.F.);
#11651=ADVANCED_FACE('',(#1445),#11147,.T.);
#11652=ADVANCED_FACE('',(#1446),#11148,.F.);
#11653=ADVANCED_FACE('',(#1447),#11149,.F.);
#11654=ADVANCED_FACE('',(#1448),#11150,.T.);
#11655=ADVANCED_FACE('',(#1449),#11151,.F.);
#11656=ADVANCED_FACE('',(#1450),#11152,.F.);
#11657=ADVANCED_FACE('',(#1451),#11153,.F.);
#11658=ADVANCED_FACE('',(#1452),#11154,.T.);
#11659=ADVANCED_FACE('',(#1453),#11155,.F.);
#11660=ADVANCED_FACE('',(#1454),#11156,.F.);
#11661=ADVANCED_FACE('',(#1455),#11157,.F.);
#11662=ADVANCED_FACE('',(#1456),#838,.F.);
#11663=ADVANCED_FACE('',(#1457),#11158,.F.);
#11664=ADVANCED_FACE('',(#1458),#11159,.F.);
#11665=ADVANCED_FACE('',(#1459),#11160,.F.);
#11666=ADVANCED_FACE('',(#1460),#11161,.T.);
#11667=ADVANCED_FACE('',(#1461),#11162,.F.);
#11668=ADVANCED_FACE('',(#1462),#11163,.F.);
#11669=ADVANCED_FACE('',(#1463),#11164,.F.);
#11670=ADVANCED_FACE('',(#1464),#839,.T.);
#11671=ADVANCED_FACE('',(#1465),#11165,.F.);
#11672=ADVANCED_FACE('',(#1466),#840,.F.);
#11673=ADVANCED_FACE('',(#1467),#11166,.F.);
#11674=ADVANCED_FACE('',(#1468),#11167,.F.);
#11675=ADVANCED_FACE('',(#1469),#11168,.F.);
#11676=ADVANCED_FACE('',(#1470),#11169,.T.);
#11677=ADVANCED_FACE('',(#1471),#11170,.F.);
#11678=ADVANCED_FACE('',(#1472),#11171,.F.);
#11679=ADVANCED_FACE('',(#1473),#11172,.F.);
#11680=ADVANCED_FACE('',(#1474),#841,.T.);
#11681=ADVANCED_FACE('',(#1475),#11173,.F.);
#11682=ADVANCED_FACE('',(#1476),#11174,.T.);
#11683=ADVANCED_FACE('',(#1477),#11175,.F.);
#11684=ADVANCED_FACE('',(#1478),#11176,.T.);
#11685=ADVANCED_FACE('',(#1479),#11177,.T.);
#11686=ADVANCED_FACE('',(#1480),#11178,.F.);
#11687=ADVANCED_FACE('',(#1481),#11179,.T.);
#11688=ADVANCED_FACE('',(#1482),#96,.T.);
#11689=ADVANCED_FACE('',(#1483),#842,.T.);
#11690=ADVANCED_FACE('',(#1484,#704),#11180,.F.);
#11691=ADVANCED_FACE('',(#1485),#843,.T.);
#11692=ADVANCED_FACE('',(#1486),#11181,.T.);
#11693=ADVANCED_FACE('',(#1487,#705,#706),#11182,.T.);
#11694=ADVANCED_FACE('',(#1488),#11183,.F.);
#11695=ADVANCED_FACE('',(#1489),#11184,.F.);
#11696=ADVANCED_FACE('',(#1490),#11185,.F.);
#11697=ADVANCED_FACE('',(#1491),#11186,.F.);
#11698=ADVANCED_FACE('',(#1492),#11187,.F.);
#11699=ADVANCED_FACE('',(#1493),#11188,.F.);
#11700=ADVANCED_FACE('',(#1494),#11189,.F.);
#11701=ADVANCED_FACE('',(#1495),#11190,.F.);
#11702=ADVANCED_FACE('',(#1496),#11191,.F.);
#11703=ADVANCED_FACE('',(#1497),#11192,.F.);
#11704=ADVANCED_FACE('',(#1498),#11193,.T.);
#11705=ADVANCED_FACE('',(#1499),#11194,.F.);
#11706=ADVANCED_FACE('',(#1500),#844,.T.);
#11707=ADVANCED_FACE('',(#1501),#11195,.F.);
#11708=ADVANCED_FACE('',(#1502),#11196,.T.);
#11709=ADVANCED_FACE('',(#1503),#11197,.T.);
#11710=ADVANCED_FACE('',(#1504),#11198,.F.);
#11711=ADVANCED_FACE('',(#1505,#707),#11199,.T.);
#11712=ADVANCED_FACE('',(#1506),#11200,.T.);
#11713=ADVANCED_FACE('',(#1507,#708),#11201,.F.);
#11714=ADVANCED_FACE('',(#1508),#11202,.F.);
#11715=ADVANCED_FACE('',(#1509),#11203,.T.);
#11716=ADVANCED_FACE('',(#1510),#11204,.T.);
#11717=ADVANCED_FACE('',(#1511),#11205,.F.);
#11718=ADVANCED_FACE('',(#1512),#11206,.F.);
#11719=ADVANCED_FACE('',(#1513),#11207,.F.);
#11720=ADVANCED_FACE('',(#1514),#11208,.T.);
#11721=ADVANCED_FACE('',(#1515),#11209,.T.);
#11722=ADVANCED_FACE('',(#1516),#11210,.F.);
#11723=ADVANCED_FACE('',(#1517),#11211,.F.);
#11724=ADVANCED_FACE('',(#1518),#11212,.F.);
#11725=ADVANCED_FACE('',(#1519),#11213,.F.);
#11726=ADVANCED_FACE('',(#1520),#11214,.T.);
#11727=ADVANCED_FACE('',(#1521),#11215,.T.);
#11728=ADVANCED_FACE('',(#1522),#11216,.T.);
#11729=ADVANCED_FACE('',(#1523),#11217,.T.);
#11730=ADVANCED_FACE('',(#1524),#11218,.T.);
#11731=ADVANCED_FACE('',(#1525),#11219,.F.);
#11732=ADVANCED_FACE('',(#1526,#709,#710),#11220,.F.);
#11733=ADVANCED_FACE('',(#1527),#11221,.F.);
#11734=ADVANCED_FACE('',(#1528),#11222,.F.);
#11735=ADVANCED_FACE('',(#1529),#11223,.F.);
#11736=ADVANCED_FACE('',(#1530),#11224,.T.);
#11737=ADVANCED_FACE('',(#1531),#11225,.F.);
#11738=ADVANCED_FACE('',(#1532),#11226,.T.);
#11739=ADVANCED_FACE('',(#1533),#11227,.T.);
#11740=ADVANCED_FACE('',(#1534),#11228,.F.);
#11741=ADVANCED_FACE('',(#1535),#11229,.T.);
#11742=ADVANCED_FACE('',(#1536),#845,.T.);
#11743=ADVANCED_FACE('',(#1537),#11230,.F.);
#11744=ADVANCED_FACE('',(#1538),#11231,.T.);
#11745=ADVANCED_FACE('',(#1539),#846,.T.);
#11746=ADVANCED_FACE('',(#1540),#11232,.T.);
#11747=ADVANCED_FACE('',(#1541),#11233,.F.);
#11748=ADVANCED_FACE('',(#1542),#847,.T.);
#11749=ADVANCED_FACE('',(#1543),#11234,.F.);
#11750=ADVANCED_FACE('',(#1544),#11235,.F.);
#11751=ADVANCED_FACE('',(#1545),#11236,.T.);
#11752=ADVANCED_FACE('',(#1546),#11237,.F.);
#11753=ADVANCED_FACE('',(#1547),#11238,.F.);
#11754=ADVANCED_FACE('',(#1548),#11239,.F.);
#11755=ADVANCED_FACE('',(#1549),#11240,.F.);
#11756=ADVANCED_FACE('',(#1550),#11241,.T.);
#11757=ADVANCED_FACE('',(#1551),#11242,.T.);
#11758=ADVANCED_FACE('',(#1552),#11243,.T.);
#11759=ADVANCED_FACE('',(#1553),#11244,.T.);
#11760=ADVANCED_FACE('',(#1554),#11245,.T.);
#11761=ADVANCED_FACE('',(#1555),#11246,.T.);
#11762=ADVANCED_FACE('',(#1556),#11247,.T.);
#11763=ADVANCED_FACE('',(#1557),#11248,.T.);
#11764=ADVANCED_FACE('',(#1558),#11249,.T.);
#11765=ADVANCED_FACE('',(#1559),#11250,.F.);
#11766=ADVANCED_FACE('',(#1560),#11251,.F.);
#11767=ADVANCED_FACE('',(#1561),#11252,.F.);
#11768=ADVANCED_FACE('',(#1562),#11253,.T.);
#11769=ADVANCED_FACE('',(#1563),#11254,.F.);
#11770=ADVANCED_FACE('',(#1564),#11255,.F.);
#11771=ADVANCED_FACE('',(#1565),#11256,.T.);
#11772=ADVANCED_FACE('',(#1566),#848,.F.);
#11773=ADVANCED_FACE('',(#1567),#11257,.F.);
#11774=ADVANCED_FACE('',(#1568),#849,.F.);
#11775=ADVANCED_FACE('',(#1569),#11258,.T.);
#11776=ADVANCED_FACE('',(#1570),#11259,.F.);
#11777=ADVANCED_FACE('',(#1571),#11260,.T.);
#11778=ADVANCED_FACE('',(#1572),#11261,.T.);
#11779=ADVANCED_FACE('',(#1573),#11262,.F.);
#11780=ADVANCED_FACE('',(#1574),#11263,.F.);
#11781=ADVANCED_FACE('',(#1575),#11264,.F.);
#11782=ADVANCED_FACE('',(#1576),#11265,.F.);
#11783=ADVANCED_FACE('',(#1577),#11266,.T.);
#11784=ADVANCED_FACE('',(#1578),#11267,.F.);
#11785=ADVANCED_FACE('',(#1579,#711,#712),#11268,.T.);
#11786=ADVANCED_FACE('',(#1580),#11269,.F.);
#11787=ADVANCED_FACE('',(#1581),#11270,.F.);
#11788=ADVANCED_FACE('',(#1582),#11271,.F.);
#11789=ADVANCED_FACE('',(#1583),#11272,.F.);
#11790=ADVANCED_FACE('',(#1584),#11273,.F.);
#11791=ADVANCED_FACE('',(#1585),#11274,.F.);
#11792=ADVANCED_FACE('',(#1586),#11275,.F.);
#11793=ADVANCED_FACE('',(#1587),#11276,.F.);
#11794=ADVANCED_FACE('',(#1588),#11277,.F.);
#11795=ADVANCED_FACE('',(#1589),#11278,.F.);
#11796=ADVANCED_FACE('',(#1590),#11279,.F.);
#11797=ADVANCED_FACE('',(#1591),#11280,.T.);
#11798=ADVANCED_FACE('',(#1592),#11281,.T.);
#11799=ADVANCED_FACE('',(#1593),#11282,.F.);
#11800=ADVANCED_FACE('',(#1594),#11283,.T.);
#11801=ADVANCED_FACE('',(#1595),#11284,.T.);
#11802=ADVANCED_FACE('',(#1596),#850,.F.);
#11803=ADVANCED_FACE('',(#1597),#11285,.F.);
#11804=ADVANCED_FACE('',(#1598),#851,.F.);
#11805=ADVANCED_FACE('',(#1599),#11286,.T.);
#11806=ADVANCED_FACE('',(#1600),#11287,.F.);
#11807=ADVANCED_FACE('',(#1601),#11288,.T.);
#11808=ADVANCED_FACE('',(#1602),#11289,.T.);
#11809=ADVANCED_FACE('',(#1603),#11290,.T.);
#11810=ADVANCED_FACE('',(#1604),#11291,.T.);
#11811=ADVANCED_FACE('',(#1605),#11292,.T.);
#11812=ADVANCED_FACE('',(#1606),#11293,.T.);
#11813=ADVANCED_FACE('',(#1607),#11294,.F.);
#11814=ADVANCED_FACE('',(#1608),#11295,.F.);
#11815=ADVANCED_FACE('',(#1609),#11296,.F.);
#11816=ADVANCED_FACE('',(#1610),#11297,.F.);
#11817=ADVANCED_FACE('',(#1611),#11298,.F.);
#11818=ADVANCED_FACE('',(#1612),#11299,.F.);
#11819=ADVANCED_FACE('',(#1613),#11300,.F.);
#11820=ADVANCED_FACE('',(#1614),#11301,.T.);
#11821=ADVANCED_FACE('',(#1615),#11302,.F.);
#11822=ADVANCED_FACE('',(#1616),#11303,.F.);
#11823=ADVANCED_FACE('',(#1617),#11304,.F.);
#11824=ADVANCED_FACE('',(#1618),#11305,.F.);
#11825=ADVANCED_FACE('',(#1619),#11306,.T.);
#11826=ADVANCED_FACE('',(#1620),#11307,.F.);
#11827=ADVANCED_FACE('',(#1621),#11308,.F.);
#11828=ADVANCED_FACE('',(#1622),#11309,.F.);
#11829=ADVANCED_FACE('',(#1623),#11310,.F.);
#11830=ADVANCED_FACE('',(#1624),#11311,.T.);
#11831=ADVANCED_FACE('',(#1625),#11312,.F.);
#11832=ADVANCED_FACE('',(#1626),#11313,.F.);
#11833=ADVANCED_FACE('',(#1627),#11314,.F.);
#11834=ADVANCED_FACE('',(#1628),#11315,.T.);
#11835=ADVANCED_FACE('',(#1629),#11316,.F.);
#11836=ADVANCED_FACE('',(#1630),#11317,.F.);
#11837=ADVANCED_FACE('',(#1631),#11318,.T.);
#11838=ADVANCED_FACE('',(#1632),#11319,.T.);
#11839=ADVANCED_FACE('',(#1633),#11320,.T.);
#11840=ADVANCED_FACE('',(#1634),#11321,.F.);
#11841=ADVANCED_FACE('',(#1635),#11322,.F.);
#11842=ADVANCED_FACE('',(#1636),#11323,.T.);
#11843=ADVANCED_FACE('',(#1637),#11324,.T.);
#11844=ADVANCED_FACE('',(#1638),#11325,.T.);
#11845=ADVANCED_FACE('',(#1639),#11326,.T.);
#11846=ADVANCED_FACE('',(#1640),#11327,.T.);
#11847=ADVANCED_FACE('',(#1641),#11328,.F.);
#11848=ADVANCED_FACE('',(#1642),#11329,.F.);
#11849=ADVANCED_FACE('',(#1643),#11330,.F.);
#11850=ADVANCED_FACE('',(#1644),#11331,.F.);
#11851=ADVANCED_FACE('',(#1645),#852,.T.);
#11852=ADVANCED_FACE('',(#1646),#11332,.F.);
#11853=ADVANCED_FACE('',(#1647),#11333,.F.);
#11854=ADVANCED_FACE('',(#1648),#11334,.F.);
#11855=ADVANCED_FACE('',(#1649),#853,.T.);
#11856=ADVANCED_FACE('',(#1650),#11335,.F.);
#11857=ADVANCED_FACE('',(#1651),#11336,.T.);
#11858=ADVANCED_FACE('',(#1652),#854,.T.);
#11859=ADVANCED_FACE('',(#1653),#11337,.F.);
#11860=ADVANCED_FACE('',(#1654),#11338,.T.);
#11861=ADVANCED_FACE('',(#1655),#855,.T.);
#11862=ADVANCED_FACE('',(#1656),#11339,.F.);
#11863=ADVANCED_FACE('',(#1657),#11340,.T.);
#11864=ADVANCED_FACE('',(#1658),#11341,.T.);
#11865=ADVANCED_FACE('',(#1659),#11342,.T.);
#11866=ADVANCED_FACE('',(#1660),#11343,.T.);
#11867=ADVANCED_FACE('',(#1661),#11344,.T.);
#11868=ADVANCED_FACE('',(#1662),#11345,.T.);
#11869=ADVANCED_FACE('',(#1663),#11346,.T.);
#11870=ADVANCED_FACE('',(#1664),#11347,.T.);
#11871=ADVANCED_FACE('',(#1665),#11348,.T.);
#11872=ADVANCED_FACE('',(#1666),#11349,.T.);
#11873=ADVANCED_FACE('',(#1667),#11350,.T.);
#11874=ADVANCED_FACE('',(#1668),#11351,.T.);
#11875=ADVANCED_FACE('',(#1669),#11352,.T.);
#11876=ADVANCED_FACE('',(#1670),#11353,.T.);
#11877=ADVANCED_FACE('',(#1671),#11354,.T.);
#11878=ADVANCED_FACE('',(#1672),#11355,.F.);
#11879=ADVANCED_FACE('',(#1673),#11356,.T.);
#11880=ADVANCED_FACE('',(#1674),#11357,.F.);
#11881=ADVANCED_FACE('',(#1675),#11358,.F.);
#11882=ADVANCED_FACE('',(#1676),#11359,.T.);
#11883=ADVANCED_FACE('',(#1677),#11360,.T.);
#11884=ADVANCED_FACE('',(#1678),#11361,.F.);
#11885=ADVANCED_FACE('',(#1679),#11362,.F.);
#11886=ADVANCED_FACE('',(#1680),#11363,.T.);
#11887=ADVANCED_FACE('',(#1681),#11364,.F.);
#11888=ADVANCED_FACE('',(#1682),#11365,.F.);
#11889=ADVANCED_FACE('',(#1683),#11366,.F.);
#11890=ADVANCED_FACE('',(#1684),#11367,.T.);
#11891=ADVANCED_FACE('',(#1685),#11368,.T.);
#11892=ADVANCED_FACE('',(#1686),#11369,.F.);
#11893=ADVANCED_FACE('',(#1687),#11370,.F.);
#11894=ADVANCED_FACE('',(#1688),#11371,.T.);
#11895=ADVANCED_FACE('',(#1689),#11372,.F.);
#11896=ADVANCED_FACE('',(#1690),#11373,.F.);
#11897=ADVANCED_FACE('',(#1691),#11374,.F.);
#11898=ADVANCED_FACE('',(#1692),#11375,.T.);
#11899=ADVANCED_FACE('',(#1693),#11376,.T.);
#11900=ADVANCED_FACE('',(#1694),#11377,.F.);
#11901=ADVANCED_FACE('',(#1695),#11378,.F.);
#11902=ADVANCED_FACE('',(#1696),#11379,.T.);
#11903=ADVANCED_FACE('',(#1697),#11380,.F.);
#11904=ADVANCED_FACE('',(#1698),#11381,.T.);
#11905=ADVANCED_FACE('',(#1699),#11382,.T.);
#11906=ADVANCED_FACE('',(#1700),#11383,.F.);
#11907=ADVANCED_FACE('',(#1701),#11384,.F.);
#11908=ADVANCED_FACE('',(#1702),#11385,.T.);
#11909=ADVANCED_FACE('',(#1703),#11386,.T.);
#11910=ADVANCED_FACE('',(#1704),#11387,.F.);
#11911=ADVANCED_FACE('',(#1705),#11388,.T.);
#11912=ADVANCED_FACE('',(#1706),#11389,.T.);
#11913=ADVANCED_FACE('',(#1707),#11390,.F.);
#11914=ADVANCED_FACE('',(#1708),#11391,.T.);
#11915=ADVANCED_FACE('',(#1709),#11392,.T.);
#11916=ADVANCED_FACE('',(#1710),#11393,.T.);
#11917=ADVANCED_FACE('',(#1711),#11394,.T.);
#11918=ADVANCED_FACE('',(#1712),#11395,.F.);
#11919=ADVANCED_FACE('',(#1713),#11396,.F.);
#11920=ADVANCED_FACE('',(#1714),#11397,.T.);
#11921=ADVANCED_FACE('',(#1715),#11398,.T.);
#11922=ADVANCED_FACE('',(#1716),#11399,.F.);
#11923=ADVANCED_FACE('',(#1717),#11400,.T.);
#11924=ADVANCED_FACE('',(#1718),#11401,.T.);
#11925=ADVANCED_FACE('',(#1719),#11402,.F.);
#11926=ADVANCED_FACE('',(#1720),#856,.T.);
#11927=ADVANCED_FACE('',(#1721,#713,#714,#715,#716,#717),#11403,.F.);
#11928=ADVANCED_FACE('',(#1722),#11404,.F.);
#11929=ADVANCED_FACE('',(#1723),#857,.T.);
#11930=ADVANCED_FACE('',(#1724),#858,.T.);
#11931=ADVANCED_FACE('',(#1725),#11405,.F.);
#11932=ADVANCED_FACE('',(#1726),#11406,.F.);
#11933=ADVANCED_FACE('',(#1727),#859,.T.);
#11934=ADVANCED_FACE('',(#1728),#860,.T.);
#11935=ADVANCED_FACE('',(#1729),#11407,.F.);
#11936=ADVANCED_FACE('',(#1730),#861,.T.);
#11937=ADVANCED_FACE('',(#1731),#862,.T.);
#11938=ADVANCED_FACE('',(#1732),#863,.T.);
#11939=ADVANCED_FACE('',(#1733),#864,.T.);
#11940=ADVANCED_FACE('',(#1734),#11408,.F.);
#11941=ADVANCED_FACE('',(#1735),#865,.T.);
#11942=ADVANCED_FACE('',(#1736),#866,.T.);
#11943=ADVANCED_FACE('',(#1737),#11409,.F.);
#11944=ADVANCED_FACE('',(#1738),#11410,.F.);
#11945=ADVANCED_FACE('',(#1739),#867,.T.);
#11946=ADVANCED_FACE('',(#1740),#868,.T.);
#11947=ADVANCED_FACE('',(#1741),#11411,.F.);
#11948=ADVANCED_FACE('',(#1742),#11412,.F.);
#11949=ADVANCED_FACE('',(#1743),#91,.T.);
#11950=ADVANCED_FACE('',(#1744),#11413,.F.);
#11951=ADVANCED_FACE('',(#1745),#11414,.F.);
#11952=ADVANCED_FACE('',(#1746),#11415,.T.);
#11953=ADVANCED_FACE('',(#1747),#11416,.F.);
#11954=ADVANCED_FACE('',(#1748),#11417,.F.);
#11955=ADVANCED_FACE('',(#1749),#11418,.T.);
#11956=ADVANCED_FACE('',(#1750),#11419,.T.);
#11957=ADVANCED_FACE('',(#1751),#11420,.F.);
#11958=ADVANCED_FACE('',(#1752),#11421,.F.);
#11959=ADVANCED_FACE('',(#1753),#11422,.F.);
#11960=ADVANCED_FACE('',(#1754),#11423,.T.);
#11961=ADVANCED_FACE('',(#1755),#11424,.T.);
#11962=ADVANCED_FACE('',(#1756),#11425,.T.);
#11963=ADVANCED_FACE('',(#1757),#11426,.F.);
#11964=ADVANCED_FACE('',(#1758),#11427,.T.);
#11965=ADVANCED_FACE('',(#1759),#11428,.F.);
#11966=ADVANCED_FACE('',(#1760),#11429,.F.);
#11967=ADVANCED_FACE('',(#1761),#11430,.T.);
#11968=ADVANCED_FACE('',(#1762),#11431,.F.);
#11969=ADVANCED_FACE('',(#1763),#11432,.T.);
#11970=ADVANCED_FACE('',(#1764),#11433,.T.);
#11971=ADVANCED_FACE('',(#1765),#869,.F.);
#11972=ADVANCED_FACE('',(#1766),#870,.T.);
#11973=ADVANCED_FACE('',(#1767),#11434,.F.);
#11974=ADVANCED_FACE('',(#1768),#11435,.T.);
#11975=ADVANCED_FACE('',(#1769),#871,.T.);
#11976=ADVANCED_FACE('',(#1770),#872,.F.);
#11977=ADVANCED_FACE('',(#1771),#11436,.F.);
#11978=ADVANCED_FACE('',(#1772),#11437,.F.);
#11979=ADVANCED_FACE('',(#1773),#11438,.F.);
#11980=ADVANCED_FACE('',(#1774),#873,.T.);
#11981=ADVANCED_FACE('',(#1775),#874,.T.);
#11982=ADVANCED_FACE('',(#1776),#11439,.T.);
#11983=ADVANCED_FACE('',(#1777),#11440,.T.);
#11984=ADVANCED_FACE('',(#1778),#875,.F.);
#11985=ADVANCED_FACE('',(#1779),#11441,.T.);
#11986=ADVANCED_FACE('',(#1780),#876,.F.);
#11987=ADVANCED_FACE('',(#1781),#877,.T.);
#11988=ADVANCED_FACE('',(#1782),#11442,.F.);
#11989=ADVANCED_FACE('',(#1783),#11443,.T.);
#11990=ADVANCED_FACE('',(#1784),#878,.T.);
#11991=ADVANCED_FACE('',(#1785),#879,.F.);
#11992=ADVANCED_FACE('',(#1786),#11444,.F.);
#11993=ADVANCED_FACE('',(#1787),#11445,.F.);
#11994=ADVANCED_FACE('',(#1788),#11446,.F.);
#11995=ADVANCED_FACE('',(#1789),#880,.T.);
#11996=ADVANCED_FACE('',(#1790),#881,.T.);
#11997=ADVANCED_FACE('',(#1791),#11447,.T.);
#11998=ADVANCED_FACE('',(#1792),#11448,.T.);
#11999=ADVANCED_FACE('',(#1793),#882,.F.);
#12000=ADVANCED_FACE('',(#1794),#11449,.F.);
#12001=ADVANCED_FACE('',(#1795),#883,.F.);
#12002=ADVANCED_FACE('',(#1796),#884,.T.);
#12003=ADVANCED_FACE('',(#1797),#11450,.T.);
#12004=ADVANCED_FACE('',(#1798),#11451,.F.);
#12005=ADVANCED_FACE('',(#1799),#885,.T.);
#12006=ADVANCED_FACE('',(#1800),#886,.F.);
#12007=ADVANCED_FACE('',(#1801),#11452,.T.);
#12008=ADVANCED_FACE('',(#1802),#11453,.T.);
#12009=ADVANCED_FACE('',(#1803),#11454,.T.);
#12010=ADVANCED_FACE('',(#1804),#887,.T.);
#12011=ADVANCED_FACE('',(#1805),#888,.T.);
#12012=ADVANCED_FACE('',(#1806),#11455,.F.);
#12013=ADVANCED_FACE('',(#1807),#11456,.F.);
#12014=ADVANCED_FACE('',(#1808),#889,.F.);
#12015=ADVANCED_FACE('',(#1809),#11457,.F.);
#12016=ADVANCED_FACE('',(#1810),#890,.F.);
#12017=ADVANCED_FACE('',(#1811),#891,.T.);
#12018=ADVANCED_FACE('',(#1812),#11458,.T.);
#12019=ADVANCED_FACE('',(#1813),#11459,.F.);
#12020=ADVANCED_FACE('',(#1814),#892,.T.);
#12021=ADVANCED_FACE('',(#1815),#893,.F.);
#12022=ADVANCED_FACE('',(#1816),#11460,.T.);
#12023=ADVANCED_FACE('',(#1817),#11461,.T.);
#12024=ADVANCED_FACE('',(#1818),#11462,.T.);
#12025=ADVANCED_FACE('',(#1819),#894,.T.);
#12026=ADVANCED_FACE('',(#1820),#895,.T.);
#12027=ADVANCED_FACE('',(#1821),#11463,.F.);
#12028=ADVANCED_FACE('',(#1822),#11464,.F.);
#12029=ADVANCED_FACE('',(#1823),#896,.F.);
#12030=ADVANCED_FACE('',(#1824),#897,.T.);
#12031=ADVANCED_FACE('',(#1825),#11465,.T.);
#12032=ADVANCED_FACE('',(#1826),#11466,.T.);
#12033=ADVANCED_FACE('',(#1827,#718,#719,#720,#721,#722,#723,#724,#725,
#726,#727,#728,#729,#730,#731,#732,#733,#734,#735,#736,#737,#738,#739,#740,
#741,#742,#743,#744,#745,#746,#747,#748,#749,#750,#751,#752,#753,#754,#755,
#756,#757,#758),#11467,.F.);
#12034=ADVANCED_FACE('',(#1828,#759,#760,#761,#762,#763,#764,#765,#766,
#767,#768,#769,#770,#771,#772,#773,#774,#775,#776,#777,#778,#779,#780,#781,
#782,#783,#784,#785,#786,#787,#788,#789,#790,#791,#792,#793,#794,#795,#796,
#797,#798,#799),#11468,.T.);
#12035=ADVANCED_FACE('',(#1829),#898,.T.);
#12036=ADVANCED_FACE('',(#1830),#899,.T.);
#12037=ADVANCED_FACE('',(#1831),#11469,.T.);
#12038=ADVANCED_FACE('',(#1832),#11470,.T.);
#12039=ADVANCED_FACE('',(#1833),#900,.T.);
#12040=ADVANCED_FACE('',(#1834),#901,.F.);
#12041=ADVANCED_FACE('',(#1835),#902,.F.);
#12042=ADVANCED_FACE('',(#1836),#903,.F.);
#12043=ADVANCED_FACE('',(#1837),#904,.F.);
#12044=ADVANCED_FACE('',(#1838),#905,.F.);
#12045=ADVANCED_FACE('',(#1839),#906,.F.);
#12046=ADVANCED_FACE('',(#1840),#907,.F.);
#12047=ADVANCED_FACE('',(#1841),#908,.F.);
#12048=ADVANCED_FACE('',(#1842),#909,.F.);
#12049=ADVANCED_FACE('',(#1843),#910,.F.);
#12050=ADVANCED_FACE('',(#1844),#911,.F.);
#12051=ADVANCED_FACE('',(#1845),#912,.F.);
#12052=ADVANCED_FACE('',(#1846),#913,.F.);
#12053=ADVANCED_FACE('',(#1847),#914,.F.);
#12054=ADVANCED_FACE('',(#1848),#915,.F.);
#12055=ADVANCED_FACE('',(#1849),#916,.F.);
#12056=ADVANCED_FACE('',(#1850),#917,.F.);
#12057=ADVANCED_FACE('',(#1851),#918,.F.);
#12058=ADVANCED_FACE('',(#1852),#919,.F.);
#12059=ADVANCED_FACE('',(#1853),#920,.F.);
#12060=ADVANCED_FACE('',(#1854),#921,.F.);
#12061=ADVANCED_FACE('',(#1855),#922,.F.);
#12062=ADVANCED_FACE('',(#1856),#923,.F.);
#12063=ADVANCED_FACE('',(#1857),#924,.F.);
#12064=ADVANCED_FACE('',(#1858),#925,.F.);
#12065=ADVANCED_FACE('',(#1859),#926,.F.);
#12066=ADVANCED_FACE('',(#1860),#927,.F.);
#12067=ADVANCED_FACE('',(#1861),#928,.F.);
#12068=ADVANCED_FACE('',(#1862),#929,.F.);
#12069=ADVANCED_FACE('',(#1863),#930,.F.);
#12070=ADVANCED_FACE('',(#1864),#931,.F.);
#12071=ADVANCED_FACE('',(#1865),#932,.F.);
#12072=ADVANCED_FACE('',(#1866),#933,.F.);
#12073=ADVANCED_FACE('',(#1867),#934,.F.);
#12074=ADVANCED_FACE('',(#1868),#935,.F.);
#12075=ADVANCED_FACE('',(#1869),#936,.F.);
#12076=ADVANCED_FACE('',(#1870),#937,.F.);
#12077=ADVANCED_FACE('',(#1871),#938,.F.);
#12078=ADVANCED_FACE('',(#1872),#939,.F.);
#12079=ADVANCED_FACE('',(#1873),#940,.F.);
#12080=ADVANCED_FACE('',(#1874),#941,.F.);
#12081=ADVANCED_FACE('',(#1875),#942,.T.);
#12082=ADVANCED_FACE('',(#1876),#92,.T.);
#12083=ADVANCED_FACE('',(#1877),#943,.T.);
#12084=ADVANCED_FACE('',(#1878),#93,.T.);
#12085=ADVANCED_FACE('',(#1879),#944,.T.);
#12086=ADVANCED_FACE('',(#1880),#11471,.T.);
#12087=ADVANCED_FACE('',(#1881),#11472,.F.);
#12088=ADVANCED_FACE('',(#1882),#945,.T.);
#12089=ADVANCED_FACE('',(#1883,#800),#11473,.F.);
#12090=ADVANCED_FACE('',(#1884,#801),#11474,.T.);
#12091=ADVANCED_FACE('',(#1885),#946,.T.);
#12092=ADVANCED_FACE('',(#1886),#947,.T.);
#12093=ADVANCED_FACE('',(#1887),#94,.T.);
#12094=ADVANCED_FACE('',(#1888),#95,.T.);
#12095=ADVANCED_FACE('',(#1889),#11475,.F.);
#12096=ADVANCED_FACE('',(#1890),#11476,.T.);
#12097=ADVANCED_FACE('',(#1891),#11477,.F.);
#12098=ADVANCED_FACE('',(#1892),#11478,.F.);
#12099=ADVANCED_FACE('',(#1893),#948,.T.);
#12100=ADVANCED_FACE('',(#1894),#949,.T.);
#12101=ADVANCED_FACE('',(#1895),#11479,.F.);
#12102=ADVANCED_FACE('',(#1896),#11480,.T.);
#12103=ADVANCED_FACE('',(#1897),#950,.T.);
#12104=ADVANCED_FACE('',(#1898),#951,.T.);
#12105=ADVANCED_FACE('',(#1899),#11481,.T.);
#12106=ADVANCED_FACE('',(#1900,#802),#11482,.T.);
#12107=ADVANCED_FACE('',(#1901),#952,.T.);
#12108=ADVANCED_FACE('',(#1902),#11483,.F.);
#12109=ADVANCED_FACE('',(#1903),#953,.T.);
#12110=ADVANCED_FACE('',(#1904),#11484,.T.);
#12111=ADVANCED_FACE('',(#1905),#954,.T.);
#12112=ADVANCED_FACE('',(#1906),#11485,.T.);
#12113=ADVANCED_FACE('',(#1907),#955,.T.);
#12114=ADVANCED_FACE('',(#1908),#11486,.F.);
#12115=ADVANCED_FACE('',(#1909,#803),#11487,.F.);
#12116=ADVANCED_FACE('',(#1910),#11488,.F.);
#12117=ADVANCED_FACE('',(#1911),#956,.T.);
#12118=ADVANCED_FACE('',(#1912),#957,.T.);
#12119=ADVANCED_FACE('',(#1913),#11489,.F.);
#12120=ADVANCED_FACE('',(#1914),#11490,.T.);
#12121=ADVANCED_FACE('',(#1915),#958,.T.);
#12122=ADVANCED_FACE('',(#1916),#959,.T.);
#12123=ADVANCED_FACE('',(#1917),#11491,.T.);
#12124=ADVANCED_FACE('',(#1918),#11492,.T.);
#12125=ADVANCED_FACE('',(#1919),#11493,.F.);
#12126=ADVANCED_FACE('',(#1920),#11494,.F.);
#12127=ADVANCED_FACE('',(#1921),#960,.T.);
#12128=ADVANCED_FACE('',(#1922),#961,.T.);
#12129=ADVANCED_FACE('',(#1923),#11495,.T.);
#12130=ADVANCED_FACE('',(#1924),#11496,.F.);
#12131=ADVANCED_FACE('',(#1925),#962,.T.);
#12132=ADVANCED_FACE('',(#1926),#11497,.F.);
#12133=ADVANCED_FACE('',(#1927),#11498,.T.);
#12134=ADVANCED_FACE('',(#1928),#963,.T.);
#12135=ADVANCED_FACE('',(#1929),#11499,.T.);
#12136=ADVANCED_FACE('',(#1930),#11500,.F.);
#12137=ADVANCED_FACE('',(#1931),#11501,.F.);
#12138=ADVANCED_FACE('',(#1932),#11502,.F.);
#12139=ADVANCED_FACE('',(#1933),#11503,.F.);
#12140=ADVANCED_FACE('',(#1934),#11504,.T.);
#12141=ADVANCED_FACE('',(#1935),#11505,.T.);
#12142=ADVANCED_FACE('',(#1936),#964,.T.);
#12143=ADVANCED_FACE('',(#1937),#11506,.F.);
#12144=ADVANCED_FACE('',(#1938),#965,.T.);
#12145=ADVANCED_FACE('',(#1939),#11507,.T.);
#12146=ADVANCED_FACE('',(#1940),#966,.T.);
#12147=ADVANCED_FACE('',(#1941),#11508,.T.);
#12148=ADVANCED_FACE('',(#1942),#967,.T.);
#12149=ADVANCED_FACE('',(#1943),#11509,.T.);
#12150=ADVANCED_FACE('',(#1944),#11510,.T.);
#12151=CLOSED_SHELL('',(#11511,#11512,#11513,#11514,#11515,#11516,#11517,
#11518,#11519,#11520,#11521,#11522,#11523,#11524,#11525,#11526,#11527,#11528,
#11529,#11530,#11531,#11532,#11533,#11534,#11535,#11536,#11537,#11538,#11539,
#11540,#11541,#11542,#11543,#11544,#11545,#11546,#11547,#11548,#11549,#11550,
#11551,#11552,#11553));
#12152=CLOSED_SHELL('',(#11554,#11555,#11556,#11557,#11558,#11559,#11560,
#11561,#11562,#11563,#11564,#11565,#11566,#11567,#11568,#11569,#11570,#11571,
#11572,#11573,#11574,#11575,#11576,#11577));
#12153=CLOSED_SHELL('',(#11578,#11579,#11580,#11581,#11582,#11583,#11584,
#11585,#11586,#11587,#11588,#11589,#11590,#11591,#11592,#11593,#11594,#11595,
#11596,#11597,#11598,#11599,#11600,#11601,#11602,#11603,#11604,#11605,#11606,
#11607,#11608,#11609,#11610,#11611,#11612,#11613,#11614,#11615,#11616,#11617,
#11618,#11619,#11620,#11621,#11622,#11623,#11624,#11625,#11626,#11627,#11628,
#11629,#11630,#11631,#11632,#11633,#11634,#11635,#11636,#11637,#11638,#11639,
#11640,#11641,#11642,#11643,#11644,#11645,#11646,#11647,#11648,#11649,#11650,
#11651,#11652,#11653,#11654,#11655,#11656,#11657,#11658,#11659,#11660,#11661,
#11662,#11663,#11664,#11665,#11666,#11667,#11668,#11669,#11670,#11671,#11672,
#11673,#11674,#11675,#11676,#11677,#11678,#11679,#11680,#11681,#11682,#11683,
#11684,#11685,#11686,#11687));
#12154=CLOSED_SHELL('',(#11688,#11689,#11690,#11691,#11692,#11693,#11694,
#11695,#11696,#11697,#11698,#11699,#11700,#11701,#11702,#11703));
#12155=CLOSED_SHELL('',(#11704,#11705,#11706,#11707,#11708,#11709,#11710,
#11711,#11712,#11713,#11714,#11715,#11716,#11717,#11718,#11719,#11720,#11721,
#11722,#11723,#11724,#11725,#11726,#11727,#11728,#11729,#11730,#11731,#11732,
#11733,#11734,#11735,#11736,#11737,#11738,#11739,#11740,#11741,#11742,#11743,
#11744,#11745,#11746,#11747,#11748,#11749,#11750,#11751,#11752,#11753,#11754,
#11755,#11756,#11757,#11758,#11759,#11760,#11761,#11762,#11763,#11764,#11765,
#11766,#11767,#11768,#11769,#11770,#11771,#11772,#11773,#11774,#11775,#11776,
#11777,#11778,#11779,#11780,#11781,#11782,#11783,#11784,#11785,#11786,#11787,
#11788,#11789,#11790,#11791,#11792,#11793,#11794,#11795,#11796,#11797,#11798,
#11799,#11800,#11801,#11802,#11803,#11804,#11805,#11806,#11807,#11808,#11809,
#11810,#11811,#11812,#11813,#11814,#11815,#11816,#11817,#11818,#11819,#11820,
#11821,#11822,#11823,#11824,#11825,#11826,#11827,#11828,#11829,#11830,#11831,
#11832,#11833,#11834,#11835,#11836,#11837,#11838,#11839,#11840,#11841,#11842,
#11843,#11844,#11845,#11846,#11847,#11848,#11849,#11850,#11851,#11852,#11853,
#11854,#11855,#11856,#11857,#11858,#11859,#11860,#11861,#11862,#11863,#11864,
#11865));
#12156=CLOSED_SHELL('',(#11866,#11867,#11868,#11869,#11870,#11871,#11872,
#11873,#11874,#11875,#11876,#11877,#11878,#11879));
#12157=CLOSED_SHELL('',(#11880,#11881,#11882,#11883,#11884,#11885,#11886,
#11887));
#12158=CLOSED_SHELL('',(#11888,#11889,#11890,#11891,#11892,#11893,#11894,
#11895));
#12159=CLOSED_SHELL('',(#11896,#11897,#11898,#11899,#11900,#11901,#11902,
#11903));
#12160=CLOSED_SHELL('',(#11904,#11905,#11906,#11907,#11908,#11909,#11910,
#11911,#11912,#11913,#11914,#11915,#11916,#11917,#11918,#11919,#11920,#11921,
#11922,#11923,#11924));
#12161=CLOSED_SHELL('',(#11925,#11926,#11927,#11928,#11929,#11930,#11931,
#11932,#11933,#11934,#11935,#11936,#11937,#11938,#11939,#11940,#11941,#11942,
#11943,#11944,#11945,#11946,#11947,#11948,#11949,#11950,#11951,#11952,#11953,
#11954,#11955,#11956,#11957,#11958,#11959,#11960,#11961,#11962,#11963,#11964,
#11965,#11966,#11967,#11968,#11969,#11970,#11971,#11972,#11973,#11974,#11975,
#11976,#11977,#11978,#11979,#11980,#11981,#11982,#11983,#11984,#11985,#11986,
#11987,#11988,#11989,#11990,#11991,#11992,#11993,#11994,#11995,#11996,#11997,
#11998,#11999,#12000,#12001,#12002,#12003,#12004,#12005,#12006,#12007,#12008,
#12009,#12010,#12011,#12012,#12013,#12014,#12015,#12016,#12017,#12018,#12019,
#12020,#12021,#12022,#12023,#12024,#12025,#12026,#12027,#12028,#12029));
#12162=CLOSED_SHELL('',(#12030,#12031,#12032,#12033,#12034,#12035,#12036,
#12037,#12038,#12039,#12040,#12041,#12042,#12043,#12044,#12045,#12046,#12047,
#12048,#12049,#12050,#12051,#12052,#12053,#12054,#12055,#12056,#12057,#12058,
#12059,#12060,#12061,#12062,#12063,#12064,#12065,#12066,#12067,#12068,#12069,
#12070,#12071,#12072,#12073,#12074,#12075,#12076,#12077,#12078,#12079,#12080));
#12163=CLOSED_SHELL('',(#12081,#12082,#12083,#12084,#12085,#12086,#12087));
#12164=CLOSED_SHELL('',(#12088,#12089,#12090,#12091,#12092,#12093,#12094,
#12095,#12096));
#12165=CLOSED_SHELL('',(#12097,#12098,#12099,#12100,#12101,#12102,#12103,
#12104,#12105,#12106,#12107,#12108,#12109,#12110,#12111,#12112,#12113,#12114,
#12115,#12116,#12117,#12118,#12119,#12120,#12121,#12122,#12123,#12124));
#12166=CLOSED_SHELL('',(#12125,#12126,#12127,#12128,#12129,#12130,#12131,
#12132,#12133,#12134,#12135,#12136,#12137,#12138,#12139,#12140,#12141,#12142,
#12143,#12144,#12145,#12146,#12147,#12148,#12149,#12150));
#12167=DERIVED_UNIT_ELEMENT(#12187,1.);
#12168=DERIVED_UNIT_ELEMENT(#19873,-3.);
#12169=DERIVED_UNIT_ELEMENT(#12187,1.);
#12170=DERIVED_UNIT_ELEMENT(#19873,-3.);
#12171=DERIVED_UNIT_ELEMENT(#12187,1.);
#12172=DERIVED_UNIT_ELEMENT(#19873,-3.);
#12173=DERIVED_UNIT_ELEMENT(#12187,1.);
#12174=DERIVED_UNIT_ELEMENT(#19873,-3.);
#12175=DERIVED_UNIT_ELEMENT(#12187,1.);
#12176=DERIVED_UNIT_ELEMENT(#19873,-3.);
#12177=DERIVED_UNIT_ELEMENT(#12187,1.);
#12178=DERIVED_UNIT_ELEMENT(#19873,-3.);
#12179=DERIVED_UNIT_ELEMENT(#12187,1.);
#12180=DERIVED_UNIT_ELEMENT(#19873,-3.);
#12181=DERIVED_UNIT_ELEMENT(#12187,1.);
#12182=DERIVED_UNIT_ELEMENT(#19873,-3.);
#12183=DERIVED_UNIT_ELEMENT(#12187,1.);
#12184=DERIVED_UNIT_ELEMENT(#19873,-3.);
#12185=DERIVED_UNIT_ELEMENT(#12187,1.);
#12186=DERIVED_UNIT_ELEMENT(#19873,-3.);
#12187=(
MASS_UNIT()
NAMED_UNIT(*)
SI_UNIT(.KILO.,.GRAM.)
);
#12188=DERIVED_UNIT((#12167,#12168));
#12189=DERIVED_UNIT((#12169,#12170));
#12190=DERIVED_UNIT((#12171,#12172));
#12191=DERIVED_UNIT((#12173,#12174));
#12192=DERIVED_UNIT((#12175,#12176));
#12193=DERIVED_UNIT((#12177,#12178));
#12194=DERIVED_UNIT((#12179,#12180));
#12195=DERIVED_UNIT((#12181,#12182));
#12196=DERIVED_UNIT((#12183,#12184));
#12197=DERIVED_UNIT((#12185,#12186));
#12198=MEASURE_REPRESENTATION_ITEM('density measure',
POSITIVE_RATIO_MEASURE(7850.),#12188);
#12199=MEASURE_REPRESENTATION_ITEM('density measure',
POSITIVE_RATIO_MEASURE(7850.),#12189);
#12200=MEASURE_REPRESENTATION_ITEM('density measure',
POSITIVE_RATIO_MEASURE(7850.),#12190);
#12201=MEASURE_REPRESENTATION_ITEM('density measure',
POSITIVE_RATIO_MEASURE(7850.),#12191);
#12202=MEASURE_REPRESENTATION_ITEM('density measure',
POSITIVE_RATIO_MEASURE(7850.),#12192);
#12203=MEASURE_REPRESENTATION_ITEM('density measure',
POSITIVE_RATIO_MEASURE(7850.),#12193);
#12204=MEASURE_REPRESENTATION_ITEM('density measure',
POSITIVE_RATIO_MEASURE(7850.),#12194);
#12205=MEASURE_REPRESENTATION_ITEM('density measure',
POSITIVE_RATIO_MEASURE(7850.),#12195);
#12206=MEASURE_REPRESENTATION_ITEM('density measure',
POSITIVE_RATIO_MEASURE(7850.),#12196);
#12207=MEASURE_REPRESENTATION_ITEM('density measure',
POSITIVE_RATIO_MEASURE(7850.),#12197);
#12208=PROPERTY_DEFINITION_REPRESENTATION(#12258,#12228);
#12209=PROPERTY_DEFINITION_REPRESENTATION(#12259,#12229);
#12210=PROPERTY_DEFINITION_REPRESENTATION(#12260,#12230);
#12211=PROPERTY_DEFINITION_REPRESENTATION(#12261,#12231);
#12212=PROPERTY_DEFINITION_REPRESENTATION(#12262,#12232);
#12213=PROPERTY_DEFINITION_REPRESENTATION(#12263,#12233);
#12214=PROPERTY_DEFINITION_REPRESENTATION(#12264,#12234);
#12215=PROPERTY_DEFINITION_REPRESENTATION(#12265,#12235);
#12216=PROPERTY_DEFINITION_REPRESENTATION(#12266,#12236);
#12217=PROPERTY_DEFINITION_REPRESENTATION(#12267,#12237);
#12218=PROPERTY_DEFINITION_REPRESENTATION(#12268,#12238);
#12219=PROPERTY_DEFINITION_REPRESENTATION(#12269,#12239);
#12220=PROPERTY_DEFINITION_REPRESENTATION(#12270,#12240);
#12221=PROPERTY_DEFINITION_REPRESENTATION(#12271,#12241);
#12222=PROPERTY_DEFINITION_REPRESENTATION(#12272,#12242);
#12223=PROPERTY_DEFINITION_REPRESENTATION(#12273,#12243);
#12224=PROPERTY_DEFINITION_REPRESENTATION(#12274,#12244);
#12225=PROPERTY_DEFINITION_REPRESENTATION(#12275,#12245);
#12226=PROPERTY_DEFINITION_REPRESENTATION(#12276,#12246);
#12227=PROPERTY_DEFINITION_REPRESENTATION(#12277,#12247);
#12228=REPRESENTATION('material name',(#12248),#19860);
#12229=REPRESENTATION('density',(#12198),#19860);
#12230=REPRESENTATION('material name',(#12249),#19861);
#12231=REPRESENTATION('density',(#12199),#19861);
#12232=REPRESENTATION('material name',(#12250),#19863);
#12233=REPRESENTATION('density',(#12200),#19863);
#12234=REPRESENTATION('material name',(#12251),#19864);
#12235=REPRESENTATION('density',(#12201),#19864);
#12236=REPRESENTATION('material name',(#12252),#19865);
#12237=REPRESENTATION('density',(#12202),#19865);
#12238=REPRESENTATION('material name',(#12253),#19866);
#12239=REPRESENTATION('density',(#12203),#19866);
#12240=REPRESENTATION('material name',(#12254),#19867);
#12241=REPRESENTATION('density',(#12204),#19867);
#12242=REPRESENTATION('material name',(#12255),#19868);
#12243=REPRESENTATION('density',(#12205),#19868);
#12244=REPRESENTATION('material name',(#12256),#19869);
#12245=REPRESENTATION('density',(#12206),#19869);
#12246=REPRESENTATION('material name',(#12257),#19870);
#12247=REPRESENTATION('density',(#12207),#19870);
#12248=DESCRIPTIVE_REPRESENTATION_ITEM('Steel','Steel');
#12249=DESCRIPTIVE_REPRESENTATION_ITEM('Steel','Steel');
#12250=DESCRIPTIVE_REPRESENTATION_ITEM('Steel','Steel');
#12251=DESCRIPTIVE_REPRESENTATION_ITEM('Steel','Steel');
#12252=DESCRIPTIVE_REPRESENTATION_ITEM('Steel','Steel');
#12253=DESCRIPTIVE_REPRESENTATION_ITEM('Steel','Steel');
#12254=DESCRIPTIVE_REPRESENTATION_ITEM('Steel','Steel');
#12255=DESCRIPTIVE_REPRESENTATION_ITEM('Steel','Steel');
#12256=DESCRIPTIVE_REPRESENTATION_ITEM('Steel','Steel');
#12257=DESCRIPTIVE_REPRESENTATION_ITEM('Steel','Steel');
#12258=PROPERTY_DEFINITION('material property','material name',#19934);
#12259=PROPERTY_DEFINITION('material property','density of part',#19934);
#12260=PROPERTY_DEFINITION('material property','material name',#19935);
#12261=PROPERTY_DEFINITION('material property','density of part',#19935);
#12262=PROPERTY_DEFINITION('material property','material name',#19937);
#12263=PROPERTY_DEFINITION('material property','density of part',#19937);
#12264=PROPERTY_DEFINITION('material property','material name',#19938);
#12265=PROPERTY_DEFINITION('material property','density of part',#19938);
#12266=PROPERTY_DEFINITION('material property','material name',#19939);
#12267=PROPERTY_DEFINITION('material property','density of part',#19939);
#12268=PROPERTY_DEFINITION('material property','material name',#19940);
#12269=PROPERTY_DEFINITION('material property','density of part',#19940);
#12270=PROPERTY_DEFINITION('material property','material name',#19941);
#12271=PROPERTY_DEFINITION('material property','density of part',#19941);
#12272=PROPERTY_DEFINITION('material property','material name',#19942);
#12273=PROPERTY_DEFINITION('material property','density of part',#19942);
#12274=PROPERTY_DEFINITION('material property','material name',#19943);
#12275=PROPERTY_DEFINITION('material property','density of part',#19943);
#12276=PROPERTY_DEFINITION('material property','material name',#19944);
#12277=PROPERTY_DEFINITION('material property','density of part',#19944);
#12278=AXIS2_PLACEMENT_3D('',#16565,#13287,#13288);
#12279=AXIS2_PLACEMENT_3D('',#16566,#13289,#13290);
#12280=AXIS2_PLACEMENT_3D('',#16567,#13291,#13292);
#12281=AXIS2_PLACEMENT_3D('',#16576,#13297,#13298);
#12282=AXIS2_PLACEMENT_3D('',#16582,#13302,#13303);
#12283=AXIS2_PLACEMENT_3D('',#16588,#13307,#13308);
#12284=AXIS2_PLACEMENT_3D('',#16591,#13311,#13312);
#12285=AXIS2_PLACEMENT_3D('',#16593,#13313,#13314);
#12286=AXIS2_PLACEMENT_3D('',#16594,#13315,#13316);
#12287=AXIS2_PLACEMENT_3D('',#16596,#13317,#13318);
#12288=AXIS2_PLACEMENT_3D('',#16597,#13319,#13320);
#12289=AXIS2_PLACEMENT_3D('',#16599,#13321,#13322);
#12290=AXIS2_PLACEMENT_3D('',#16600,#13323,#13324);
#12291=AXIS2_PLACEMENT_3D('',#16602,#13325,#13326);
#12292=AXIS2_PLACEMENT_3D('',#16603,#13327,#13328);
#12293=AXIS2_PLACEMENT_3D('',#16605,#13329,#13330);
#12294=AXIS2_PLACEMENT_3D('',#16608,#13332,#13333);
#12295=AXIS2_PLACEMENT_3D('',#16609,#13334,#13335);
#12296=AXIS2_PLACEMENT_3D('',#16611,#13336,#13337);
#12297=AXIS2_PLACEMENT_3D('',#16612,#13338,#13339);
#12298=AXIS2_PLACEMENT_3D('',#16614,#13340,#13341);
#12299=AXIS2_PLACEMENT_3D('',#16617,#13343,#13344);
#12300=AXIS2_PLACEMENT_3D('',#16618,#13345,#13346);
#12301=AXIS2_PLACEMENT_3D('',#16620,#13347,#13348);
#12302=AXIS2_PLACEMENT_3D('',#16621,#13349,#13350);
#12303=AXIS2_PLACEMENT_3D('',#16623,#13351,#13352);
#12304=AXIS2_PLACEMENT_3D('',#16626,#13354,#13355);
#12305=AXIS2_PLACEMENT_3D('',#16627,#13356,#13357);
#12306=AXIS2_PLACEMENT_3D('',#16629,#13358,#13359);
#12307=AXIS2_PLACEMENT_3D('',#16630,#13360,#13361);
#12308=AXIS2_PLACEMENT_3D('',#16632,#13362,#13363);
#12309=AXIS2_PLACEMENT_3D('',#16635,#13365,#13366);
#12310=AXIS2_PLACEMENT_3D('',#16636,#13367,#13368);
#12311=AXIS2_PLACEMENT_3D('',#16638,#13369,#13370);
#12312=AXIS2_PLACEMENT_3D('',#16639,#13371,#13372);
#12313=AXIS2_PLACEMENT_3D('',#16648,#13377,#13378);
#12314=AXIS2_PLACEMENT_3D('',#16654,#13382,#13383);
#12315=AXIS2_PLACEMENT_3D('',#16660,#13387,#13388);
#12316=AXIS2_PLACEMENT_3D('',#16663,#13391,#13392);
#12317=AXIS2_PLACEMENT_3D('',#16672,#13397,#13398);
#12318=AXIS2_PLACEMENT_3D('',#16674,#13399,#13400);
#12319=AXIS2_PLACEMENT_3D('',#16676,#13401,#13402);
#12320=AXIS2_PLACEMENT_3D('',#16678,#13404,#13405);
#12321=AXIS2_PLACEMENT_3D('',#16684,#13409,#13410);
#12322=AXIS2_PLACEMENT_3D('',#16686,#13411,#13412);
#12323=AXIS2_PLACEMENT_3D('',#16688,#13413,#13414);
#12324=AXIS2_PLACEMENT_3D('',#16690,#13416,#13417);
#12325=AXIS2_PLACEMENT_3D('',#16696,#13421,#13422);
#12326=AXIS2_PLACEMENT_3D('',#16698,#13423,#13424);
#12327=AXIS2_PLACEMENT_3D('',#16700,#13425,#13426);
#12328=AXIS2_PLACEMENT_3D('',#16702,#13428,#13429);
#12329=AXIS2_PLACEMENT_3D('',#16708,#13433,#13434);
#12330=AXIS2_PLACEMENT_3D('',#16709,#13435,#13436);
#12331=AXIS2_PLACEMENT_3D('',#16710,#13437,#13438);
#12332=AXIS2_PLACEMENT_3D('',#16711,#13439,#13440);
#12333=AXIS2_PLACEMENT_3D('',#16714,#13441,#13442);
#12334=AXIS2_PLACEMENT_3D('',#16718,#13444,#13445);
#12335=AXIS2_PLACEMENT_3D('',#16722,#13447,#13448);
#12336=AXIS2_PLACEMENT_3D('',#16726,#13450,#13451);
#12337=AXIS2_PLACEMENT_3D('',#16728,#13453,#13454);
#12338=AXIS2_PLACEMENT_3D('',#16730,#13456,#13457);
#12339=AXIS2_PLACEMENT_3D('',#16732,#13459,#13460);
#12340=AXIS2_PLACEMENT_3D('',#16734,#13462,#13463);
#12341=AXIS2_PLACEMENT_3D('',#16736,#13465,#13466);
#12342=AXIS2_PLACEMENT_3D('',#16742,#13470,#13471);
#12343=AXIS2_PLACEMENT_3D('',#16744,#13472,#13473);
#12344=AXIS2_PLACEMENT_3D('',#16746,#13475,#13476);
#12345=AXIS2_PLACEMENT_3D('',#16750,#13479,#13480);
#12346=AXIS2_PLACEMENT_3D('',#16752,#13481,#13482);
#12347=AXIS2_PLACEMENT_3D('',#16754,#13484,#13485);
#12348=AXIS2_PLACEMENT_3D('',#16758,#13488,#13489);
#12349=AXIS2_PLACEMENT_3D('',#16760,#13490,#13491);
#12350=AXIS2_PLACEMENT_3D('',#16762,#13493,#13494);
#12351=AXIS2_PLACEMENT_3D('',#16766,#13497,#13498);
#12352=AXIS2_PLACEMENT_3D('',#16767,#13499,#13500);
#12353=AXIS2_PLACEMENT_3D('',#16768,#13501,#13502);
#12354=AXIS2_PLACEMENT_3D('',#16769,#13503,#13504);
#12355=AXIS2_PLACEMENT_3D('',#16770,#13505,#13506);
#12356=AXIS2_PLACEMENT_3D('',#16771,#13507,#13508);
#12357=AXIS2_PLACEMENT_3D('',#16774,#13509,#13510);
#12358=AXIS2_PLACEMENT_3D('',#16778,#13512,#13513);
#12359=AXIS2_PLACEMENT_3D('',#16780,#13515,#13516);
#12360=AXIS2_PLACEMENT_3D('',#16782,#13517,#13518);
#12361=AXIS2_PLACEMENT_3D('',#16784,#13519,#13520);
#12362=AXIS2_PLACEMENT_3D('',#16786,#13522,#13523);
#12363=AXIS2_PLACEMENT_3D('',#16788,#13524,#13525);
#12364=AXIS2_PLACEMENT_3D('',#16790,#13526,#13527);
#12365=AXIS2_PLACEMENT_3D('',#16792,#13529,#13530);
#12366=AXIS2_PLACEMENT_3D('',#16793,#13531,#13532);
#12367=AXIS2_PLACEMENT_3D('',#16794,#13533,#13534);
#12368=AXIS2_PLACEMENT_3D('',#16795,#13535,#13536);
#12369=AXIS2_PLACEMENT_3D('',#16797,#13537,#13538);
#12370=AXIS2_PLACEMENT_3D('',#16800,#13540,#13541);
#12371=AXIS2_PLACEMENT_3D('',#16801,#13542,#13543);
#12372=AXIS2_PLACEMENT_3D('',#16803,#13544,#13545);
#12373=AXIS2_PLACEMENT_3D('',#16804,#13546,#13547);
#12374=AXIS2_PLACEMENT_3D('',#16807,#13549,#13550);
#12375=AXIS2_PLACEMENT_3D('',#16808,#13551,#13552);
#12376=AXIS2_PLACEMENT_3D('',#16810,#13553,#13554);
#12377=AXIS2_PLACEMENT_3D('',#16813,#13556,#13557);
#12378=AXIS2_PLACEMENT_3D('',#16814,#13558,#13559);
#12379=AXIS2_PLACEMENT_3D('',#16816,#13560,#13561);
#12380=AXIS2_PLACEMENT_3D('',#16817,#13562,#13563);
#12381=AXIS2_PLACEMENT_3D('',#16820,#13565,#13566);
#12382=AXIS2_PLACEMENT_3D('',#16821,#13567,#13568);
#12383=AXIS2_PLACEMENT_3D('',#16823,#13569,#13570);
#12384=AXIS2_PLACEMENT_3D('',#16826,#13572,#13573);
#12385=AXIS2_PLACEMENT_3D('',#16827,#13574,#13575);
#12386=AXIS2_PLACEMENT_3D('',#16829,#13576,#13577);
#12387=AXIS2_PLACEMENT_3D('',#16832,#13579,#13580);
#12388=AXIS2_PLACEMENT_3D('',#16833,#13581,#13582);
#12389=AXIS2_PLACEMENT_3D('',#16835,#13583,#13584);
#12390=AXIS2_PLACEMENT_3D('',#16838,#13586,#13587);
#12391=AXIS2_PLACEMENT_3D('',#16839,#13588,#13589);
#12392=AXIS2_PLACEMENT_3D('',#16841,#13590,#13591);
#12393=AXIS2_PLACEMENT_3D('',#16844,#13593,#13594);
#12394=AXIS2_PLACEMENT_3D('',#16845,#13595,#13596);
#12395=AXIS2_PLACEMENT_3D('',#16854,#13601,#13602);
#12396=AXIS2_PLACEMENT_3D('',#16856,#13603,#13604);
#12397=AXIS2_PLACEMENT_3D('',#16858,#13605,#13606);
#12398=AXIS2_PLACEMENT_3D('',#16860,#13608,#13609);
#12399=AXIS2_PLACEMENT_3D('',#16866,#13613,#13614);
#12400=AXIS2_PLACEMENT_3D('',#16868,#13615,#13616);
#12401=AXIS2_PLACEMENT_3D('',#16870,#13617,#13618);
#12402=AXIS2_PLACEMENT_3D('',#16872,#13620,#13621);
#12403=AXIS2_PLACEMENT_3D('',#16878,#13625,#13626);
#12404=AXIS2_PLACEMENT_3D('',#16880,#13627,#13628);
#12405=AXIS2_PLACEMENT_3D('',#16882,#13629,#13630);
#12406=AXIS2_PLACEMENT_3D('',#16884,#13632,#13633);
#12407=AXIS2_PLACEMENT_3D('',#16890,#13637,#13638);
#12408=AXIS2_PLACEMENT_3D('',#16891,#13639,#13640);
#12409=AXIS2_PLACEMENT_3D('',#16892,#13641,#13642);
#12410=AXIS2_PLACEMENT_3D('',#16893,#13643,#13644);
#12411=AXIS2_PLACEMENT_3D('',#16894,#13645,#13646);
#12412=AXIS2_PLACEMENT_3D('',#16895,#13647,#13648);
#12413=AXIS2_PLACEMENT_3D('',#16896,#13649,#13650);
#12414=AXIS2_PLACEMENT_3D('',#16897,#13651,#13652);
#12415=AXIS2_PLACEMENT_3D('',#16906,#13657,#13658);
#12416=AXIS2_PLACEMENT_3D('',#16923,#13667,#13668);
#12417=AXIS2_PLACEMENT_3D('',#16924,#13669,#13670);
#12418=AXIS2_PLACEMENT_3D('',#16944,#13681,#13682);
#12419=AXIS2_PLACEMENT_3D('',#16946,#13683,#13684);
#12420=AXIS2_PLACEMENT_3D('',#16956,#13690,#13691);
#12421=AXIS2_PLACEMENT_3D('',#16958,#13693,#13694);
#12422=AXIS2_PLACEMENT_3D('',#16962,#13697,#13698);
#12423=AXIS2_PLACEMENT_3D('',#16966,#13701,#13702);
#12424=AXIS2_PLACEMENT_3D('',#16970,#13705,#13706);
#12425=AXIS2_PLACEMENT_3D('',#16982,#13713,#13714);
#12426=AXIS2_PLACEMENT_3D('',#17014,#13731,#13732);
#12427=AXIS2_PLACEMENT_3D('',#17019,#13736,#13737);
#12428=AXIS2_PLACEMENT_3D('',#17020,#13738,#13739);
#12429=AXIS2_PLACEMENT_3D('',#17039,#13750,#13751);
#12430=AXIS2_PLACEMENT_3D('',#17040,#13752,#13753);
#12431=AXIS2_PLACEMENT_3D('',#17052,#13760,#13761);
#12432=AXIS2_PLACEMENT_3D('',#17059,#13764,#13765);
#12433=AXIS2_PLACEMENT_3D('',#17064,#13769,#13770);
#12434=AXIS2_PLACEMENT_3D('',#17068,#13773,#13774);
#12435=AXIS2_PLACEMENT_3D('',#17078,#13779,#13780);
#12436=AXIS2_PLACEMENT_3D('',#17084,#13784,#13785);
#12437=AXIS2_PLACEMENT_3D('',#17088,#13788,#13789);
#12438=AXIS2_PLACEMENT_3D('',#17094,#13793,#13794);
#12439=AXIS2_PLACEMENT_3D('',#17119,#13808,#13809);
#12440=AXIS2_PLACEMENT_3D('',#17143,#13823,#13824);
#12441=AXIS2_PLACEMENT_3D('',#17151,#13829,#13830);
#12442=AXIS2_PLACEMENT_3D('',#17156,#13834,#13835);
#12443=AXIS2_PLACEMENT_3D('',#17158,#13837,#13838);
#12444=AXIS2_PLACEMENT_3D('',#17160,#13840,#13841);
#12445=AXIS2_PLACEMENT_3D('',#17162,#13843,#13844);
#12446=AXIS2_PLACEMENT_3D('',#17166,#13847,#13848);
#12447=AXIS2_PLACEMENT_3D('',#17171,#13852,#13853);
#12448=AXIS2_PLACEMENT_3D('',#17173,#13855,#13856);
#12449=AXIS2_PLACEMENT_3D('',#17179,#13860,#13861);
#12450=AXIS2_PLACEMENT_3D('',#17187,#13866,#13867);
#12451=AXIS2_PLACEMENT_3D('',#17190,#13870,#13871);
#12452=AXIS2_PLACEMENT_3D('',#17200,#13877,#13878);
#12453=AXIS2_PLACEMENT_3D('',#17204,#13881,#13882);
#12454=AXIS2_PLACEMENT_3D('',#17212,#13888,#13889);
#12455=AXIS2_PLACEMENT_3D('',#17214,#13891,#13892);
#12456=AXIS2_PLACEMENT_3D('',#17216,#13894,#13895);
#12457=AXIS2_PLACEMENT_3D('',#17217,#13896,#13897);
#12458=AXIS2_PLACEMENT_3D('',#17226,#13903,#13904);
#12459=AXIS2_PLACEMENT_3D('',#17231,#13908,#13909);
#12460=AXIS2_PLACEMENT_3D('',#17233,#13911,#13912);
#12461=AXIS2_PLACEMENT_3D('',#17235,#13914,#13915);
#12462=AXIS2_PLACEMENT_3D('',#17239,#13918,#13919);
#12463=AXIS2_PLACEMENT_3D('',#17243,#13922,#13923);
#12464=AXIS2_PLACEMENT_3D('',#17245,#13925,#13926);
#12465=AXIS2_PLACEMENT_3D('',#17247,#13928,#13929);
#12466=AXIS2_PLACEMENT_3D('',#17248,#13930,#13931);
#12467=AXIS2_PLACEMENT_3D('',#17250,#13933,#13934);
#12468=AXIS2_PLACEMENT_3D('',#17251,#13935,#13936);
#12469=AXIS2_PLACEMENT_3D('',#17254,#13939,#13940);
#12470=AXIS2_PLACEMENT_3D('',#17256,#13942,#13943);
#12471=AXIS2_PLACEMENT_3D('',#17257,#13944,#13945);
#12472=AXIS2_PLACEMENT_3D('',#17258,#13946,#13947);
#12473=AXIS2_PLACEMENT_3D('',#17264,#13951,#13952);
#12474=AXIS2_PLACEMENT_3D('',#17268,#13955,#13956);
#12475=AXIS2_PLACEMENT_3D('',#17272,#13959,#13960);
#12476=AXIS2_PLACEMENT_3D('',#17274,#13962,#13963);
#12477=AXIS2_PLACEMENT_3D('',#17280,#13967,#13968);
#12478=AXIS2_PLACEMENT_3D('',#17284,#13971,#13972);
#12479=AXIS2_PLACEMENT_3D('',#17288,#13975,#13976);
#12480=AXIS2_PLACEMENT_3D('',#17290,#13978,#13979);
#12481=AXIS2_PLACEMENT_3D('',#17299,#13984,#13985);
#12482=AXIS2_PLACEMENT_3D('',#17308,#13990,#13991);
#12483=AXIS2_PLACEMENT_3D('',#17310,#13993,#13994);
#12484=AXIS2_PLACEMENT_3D('',#17311,#13995,#13996);
#12485=AXIS2_PLACEMENT_3D('',#17317,#14000,#14001);
#12486=AXIS2_PLACEMENT_3D('',#17321,#14004,#14005);
#12487=AXIS2_PLACEMENT_3D('',#17325,#14008,#14009);
#12488=AXIS2_PLACEMENT_3D('',#17327,#14011,#14012);
#12489=AXIS2_PLACEMENT_3D('',#17333,#14016,#14017);
#12490=AXIS2_PLACEMENT_3D('',#17337,#14020,#14021);
#12491=AXIS2_PLACEMENT_3D('',#17341,#14024,#14025);
#12492=AXIS2_PLACEMENT_3D('',#17343,#14027,#14028);
#12493=AXIS2_PLACEMENT_3D('',#17347,#14030,#14031);
#12494=AXIS2_PLACEMENT_3D('',#17363,#14039,#14040);
#12495=AXIS2_PLACEMENT_3D('',#17365,#14042,#14043);
#12496=AXIS2_PLACEMENT_3D('',#17369,#14046,#14047);
#12497=AXIS2_PLACEMENT_3D('',#17371,#14048,#14049);
#12498=AXIS2_PLACEMENT_3D('',#17387,#14057,#14058);
#12499=AXIS2_PLACEMENT_3D('',#17389,#14060,#14061);
#12500=AXIS2_PLACEMENT_3D('',#17391,#14063,#14064);
#12501=AXIS2_PLACEMENT_3D('',#17395,#14066,#14067);
#12502=AXIS2_PLACEMENT_3D('',#17411,#14075,#14076);
#12503=AXIS2_PLACEMENT_3D('',#17413,#14078,#14079);
#12504=AXIS2_PLACEMENT_3D('',#17417,#14082,#14083);
#12505=AXIS2_PLACEMENT_3D('',#17419,#14084,#14085);
#12506=AXIS2_PLACEMENT_3D('',#17435,#14093,#14094);
#12507=AXIS2_PLACEMENT_3D('',#17437,#14096,#14097);
#12508=AXIS2_PLACEMENT_3D('',#17439,#14099,#14100);
#12509=AXIS2_PLACEMENT_3D('',#17440,#14101,#14102);
#12510=AXIS2_PLACEMENT_3D('',#17441,#14103,#14104);
#12511=AXIS2_PLACEMENT_3D('',#17443,#14106,#14107);
#12512=AXIS2_PLACEMENT_3D('',#17445,#14109,#14110);
#12513=AXIS2_PLACEMENT_3D('',#17447,#14112,#14113);
#12514=AXIS2_PLACEMENT_3D('',#17453,#14117,#14118);
#12515=AXIS2_PLACEMENT_3D('',#17461,#14123,#14124);
#12516=AXIS2_PLACEMENT_3D('',#17466,#14128,#14129);
#12517=AXIS2_PLACEMENT_3D('',#17468,#14131,#14132);
#12518=AXIS2_PLACEMENT_3D('',#17470,#14134,#14135);
#12519=AXIS2_PLACEMENT_3D('',#17471,#14136,#14137);
#12520=AXIS2_PLACEMENT_3D('',#17477,#14141,#14142);
#12521=AXIS2_PLACEMENT_3D('',#17479,#14144,#14145);
#12522=AXIS2_PLACEMENT_3D('',#17481,#14147,#14148);
#12523=AXIS2_PLACEMENT_3D('',#17483,#14150,#14151);
#12524=AXIS2_PLACEMENT_3D('',#17489,#14155,#14156);
#12525=AXIS2_PLACEMENT_3D('',#17497,#14161,#14162);
#12526=AXIS2_PLACEMENT_3D('',#17502,#14166,#14167);
#12527=AXIS2_PLACEMENT_3D('',#17504,#14169,#14170);
#12528=AXIS2_PLACEMENT_3D('',#17506,#14172,#14173);
#12529=AXIS2_PLACEMENT_3D('',#17507,#14174,#14175);
#12530=AXIS2_PLACEMENT_3D('',#17513,#14179,#14180);
#12531=AXIS2_PLACEMENT_3D('',#17515,#14182,#14183);
#12532=AXIS2_PLACEMENT_3D('',#17517,#14185,#14186);
#12533=AXIS2_PLACEMENT_3D('',#17518,#14187,#14188);
#12534=AXIS2_PLACEMENT_3D('',#17520,#14190,#14191);
#12535=AXIS2_PLACEMENT_3D('',#17522,#14193,#14194);
#12536=AXIS2_PLACEMENT_3D('',#17523,#14195,#14196);
#12537=AXIS2_PLACEMENT_3D('',#17524,#14197,#14198);
#12538=AXIS2_PLACEMENT_3D('',#17526,#14199,#14200);
#12539=AXIS2_PLACEMENT_3D('',#17528,#14201,#14202);
#12540=AXIS2_PLACEMENT_3D('',#17529,#14203,#14204);
#12541=AXIS2_PLACEMENT_3D('',#17531,#14205,#14206);
#12542=AXIS2_PLACEMENT_3D('',#17533,#14208,#14209);
#12543=AXIS2_PLACEMENT_3D('',#17536,#14210,#14211);
#12544=AXIS2_PLACEMENT_3D('',#17538,#14213,#14214);
#12545=AXIS2_PLACEMENT_3D('',#17541,#14215,#14216);
#12546=AXIS2_PLACEMENT_3D('',#17544,#14219,#14220);
#12547=AXIS2_PLACEMENT_3D('',#17546,#14222,#14223);
#12548=AXIS2_PLACEMENT_3D('',#17563,#14232,#14233);
#12549=AXIS2_PLACEMENT_3D('',#17569,#14237,#14238);
#12550=AXIS2_PLACEMENT_3D('',#17573,#14241,#14242);
#12551=AXIS2_PLACEMENT_3D('',#17577,#14245,#14246);
#12552=AXIS2_PLACEMENT_3D('',#17579,#14248,#14249);
#12553=AXIS2_PLACEMENT_3D('',#17585,#14253,#14254);
#12554=AXIS2_PLACEMENT_3D('',#17589,#14257,#14258);
#12555=AXIS2_PLACEMENT_3D('',#17593,#14261,#14262);
#12556=AXIS2_PLACEMENT_3D('',#17595,#14264,#14265);
#12557=AXIS2_PLACEMENT_3D('',#17596,#14266,#14267);
#12558=AXIS2_PLACEMENT_3D('',#17597,#14268,#14269);
#12559=AXIS2_PLACEMENT_3D('',#17598,#14270,#14271);
#12560=AXIS2_PLACEMENT_3D('',#17608,#14276,#14277);
#12561=AXIS2_PLACEMENT_3D('',#17609,#14278,#14279);
#12562=AXIS2_PLACEMENT_3D('',#17615,#14283,#14284);
#12563=AXIS2_PLACEMENT_3D('',#17618,#14286,#14287);
#12564=AXIS2_PLACEMENT_3D('',#17619,#14288,#14289);
#12565=AXIS2_PLACEMENT_3D('',#17625,#14293,#14294);
#12566=AXIS2_PLACEMENT_3D('',#17629,#14297,#14298);
#12567=AXIS2_PLACEMENT_3D('',#17635,#14302,#14303);
#12568=AXIS2_PLACEMENT_3D('',#17639,#14306,#14307);
#12569=AXIS2_PLACEMENT_3D('',#17667,#14322,#14323);
#12570=AXIS2_PLACEMENT_3D('',#17671,#14326,#14327);
#12571=AXIS2_PLACEMENT_3D('',#17698,#14342,#14343);
#12572=AXIS2_PLACEMENT_3D('',#17702,#14346,#14347);
#12573=AXIS2_PLACEMENT_3D('',#17706,#14350,#14351);
#12574=AXIS2_PLACEMENT_3D('',#17712,#14355,#14356);
#12575=AXIS2_PLACEMENT_3D('',#17714,#14358,#14359);
#12576=AXIS2_PLACEMENT_3D('',#17716,#14361,#14362);
#12577=AXIS2_PLACEMENT_3D('',#17718,#14364,#14365);
#12578=AXIS2_PLACEMENT_3D('',#17724,#14369,#14370);
#12579=AXIS2_PLACEMENT_3D('',#17730,#14374,#14375);
#12580=AXIS2_PLACEMENT_3D('',#17733,#14378,#14379);
#12581=AXIS2_PLACEMENT_3D('',#17736,#14382,#14383);
#12582=AXIS2_PLACEMENT_3D('',#17738,#14385,#14386);
#12583=AXIS2_PLACEMENT_3D('',#17740,#14388,#14389);
#12584=AXIS2_PLACEMENT_3D('',#17746,#14393,#14394);
#12585=AXIS2_PLACEMENT_3D('',#17749,#14397,#14398);
#12586=AXIS2_PLACEMENT_3D('',#17751,#14400,#14401);
#12587=AXIS2_PLACEMENT_3D('',#17753,#14403,#14404);
#12588=AXIS2_PLACEMENT_3D('',#17754,#14405,#14406);
#12589=AXIS2_PLACEMENT_3D('',#17756,#14407,#14408);
#12590=AXIS2_PLACEMENT_3D('',#17760,#14411,#14412);
#12591=AXIS2_PLACEMENT_3D('',#17786,#14426,#14427);
#12592=AXIS2_PLACEMENT_3D('',#17796,#14433,#14434);
#12593=AXIS2_PLACEMENT_3D('',#17802,#14438,#14439);
#12594=AXIS2_PLACEMENT_3D('',#17808,#14442,#14443);
#12595=AXIS2_PLACEMENT_3D('',#17812,#14445,#14446);
#12596=AXIS2_PLACEMENT_3D('',#17816,#14449,#14450);
#12597=AXIS2_PLACEMENT_3D('',#17822,#14453,#14454);
#12598=AXIS2_PLACEMENT_3D('',#17826,#14456,#14457);
#12599=AXIS2_PLACEMENT_3D('',#17830,#14460,#14461);
#12600=AXIS2_PLACEMENT_3D('',#17834,#14464,#14465);
#12601=AXIS2_PLACEMENT_3D('',#17838,#14468,#14469);
#12602=AXIS2_PLACEMENT_3D('',#17840,#14471,#14472);
#12603=AXIS2_PLACEMENT_3D('',#17846,#14476,#14477);
#12604=AXIS2_PLACEMENT_3D('',#17851,#14480,#14481);
#12605=AXIS2_PLACEMENT_3D('',#17852,#14482,#14483);
#12606=AXIS2_PLACEMENT_3D('',#17855,#14485,#14486);
#12607=AXIS2_PLACEMENT_3D('',#17856,#14487,#14488);
#12608=AXIS2_PLACEMENT_3D('',#17860,#14491,#14492);
#12609=AXIS2_PLACEMENT_3D('',#17865,#14495,#14496);
#12610=AXIS2_PLACEMENT_3D('',#17866,#14497,#14498);
#12611=AXIS2_PLACEMENT_3D('',#17868,#14500,#14501);
#12612=AXIS2_PLACEMENT_3D('',#17873,#14504,#14505);
#12613=AXIS2_PLACEMENT_3D('',#17874,#14506,#14507);
#12614=AXIS2_PLACEMENT_3D('',#17876,#14508,#14509);
#12615=AXIS2_PLACEMENT_3D('',#17880,#14512,#14513);
#12616=AXIS2_PLACEMENT_3D('',#17882,#14515,#14516);
#12617=AXIS2_PLACEMENT_3D('',#17884,#14518,#14519);
#12618=AXIS2_PLACEMENT_3D('',#17888,#14522,#14523);
#12619=AXIS2_PLACEMENT_3D('',#17892,#14526,#14527);
#12620=AXIS2_PLACEMENT_3D('',#17898,#14531,#14532);
#12621=AXIS2_PLACEMENT_3D('',#17902,#14535,#14536);
#12622=AXIS2_PLACEMENT_3D('',#17908,#14540,#14541);
#12623=AXIS2_PLACEMENT_3D('',#17914,#14545,#14546);
#12624=AXIS2_PLACEMENT_3D('',#17920,#14550,#14551);
#12625=AXIS2_PLACEMENT_3D('',#17924,#14554,#14555);
#12626=AXIS2_PLACEMENT_3D('',#17928,#14558,#14559);
#12627=AXIS2_PLACEMENT_3D('',#17930,#14561,#14562);
#12628=AXIS2_PLACEMENT_3D('',#17936,#14566,#14567);
#12629=AXIS2_PLACEMENT_3D('',#17940,#14570,#14571);
#12630=AXIS2_PLACEMENT_3D('',#17944,#14574,#14575);
#12631=AXIS2_PLACEMENT_3D('',#17946,#14577,#14578);
#12632=AXIS2_PLACEMENT_3D('',#17950,#14581,#14582);
#12633=AXIS2_PLACEMENT_3D('',#17956,#14586,#14587);
#12634=AXIS2_PLACEMENT_3D('',#17962,#14591,#14592);
#12635=AXIS2_PLACEMENT_3D('',#17968,#14596,#14597);
#12636=AXIS2_PLACEMENT_3D('',#17972,#14600,#14601);
#12637=AXIS2_PLACEMENT_3D('',#17976,#14604,#14605);
#12638=AXIS2_PLACEMENT_3D('',#17982,#14608,#14609);
#12639=AXIS2_PLACEMENT_3D('',#17986,#14611,#14612);
#12640=AXIS2_PLACEMENT_3D('',#17990,#14615,#14616);
#12641=AXIS2_PLACEMENT_3D('',#17993,#14619,#14620);
#12642=AXIS2_PLACEMENT_3D('',#17995,#14622,#14623);
#12643=AXIS2_PLACEMENT_3D('',#18005,#14629,#14630);
#12644=AXIS2_PLACEMENT_3D('',#18008,#14633,#14634);
#12645=AXIS2_PLACEMENT_3D('',#18010,#14636,#14637);
#12646=AXIS2_PLACEMENT_3D('',#18014,#14640,#14641);
#12647=AXIS2_PLACEMENT_3D('',#18024,#14647,#14648);
#12648=AXIS2_PLACEMENT_3D('',#18028,#14651,#14652);
#12649=AXIS2_PLACEMENT_3D('',#18029,#14653,#14654);
#12650=AXIS2_PLACEMENT_3D('',#18031,#14656,#14657);
#12651=AXIS2_PLACEMENT_3D('',#18033,#14659,#14660);
#12652=AXIS2_PLACEMENT_3D('',#18035,#14662,#14663);
#12653=AXIS2_PLACEMENT_3D('',#18038,#14666,#14667);
#12654=AXIS2_PLACEMENT_3D('',#18042,#14670,#14671);
#12655=AXIS2_PLACEMENT_3D('',#18045,#14674,#14675);
#12656=AXIS2_PLACEMENT_3D('',#18049,#14678,#14679);
#12657=AXIS2_PLACEMENT_3D('',#18053,#14682,#14683);
#12658=AXIS2_PLACEMENT_3D('',#18059,#14687,#14688);
#12659=AXIS2_PLACEMENT_3D('',#18063,#14691,#14692);
#12660=AXIS2_PLACEMENT_3D('',#18067,#14695,#14696);
#12661=AXIS2_PLACEMENT_3D('',#18073,#14700,#14701);
#12662=AXIS2_PLACEMENT_3D('',#18077,#14704,#14705);
#12663=AXIS2_PLACEMENT_3D('',#18081,#14708,#14709);
#12664=AXIS2_PLACEMENT_3D('',#18087,#14713,#14714);
#12665=AXIS2_PLACEMENT_3D('',#18091,#14717,#14718);
#12666=AXIS2_PLACEMENT_3D('',#18097,#14722,#14723);
#12667=AXIS2_PLACEMENT_3D('',#18099,#14725,#14726);
#12668=AXIS2_PLACEMENT_3D('',#18105,#14730,#14731);
#12669=AXIS2_PLACEMENT_3D('',#18111,#14735,#14736);
#12670=AXIS2_PLACEMENT_3D('',#18115,#14739,#14740);
#12671=AXIS2_PLACEMENT_3D('',#18121,#14744,#14745);
#12672=AXIS2_PLACEMENT_3D('',#18123,#14746,#14747);
#12673=AXIS2_PLACEMENT_3D('',#18125,#14749,#14750);
#12674=AXIS2_PLACEMENT_3D('',#18135,#14756,#14757);
#12675=AXIS2_PLACEMENT_3D('',#18139,#14759,#14760);
#12676=AXIS2_PLACEMENT_3D('',#18141,#14762,#14763);
#12677=AXIS2_PLACEMENT_3D('',#18145,#14766,#14767);
#12678=AXIS2_PLACEMENT_3D('',#18149,#14770,#14771);
#12679=AXIS2_PLACEMENT_3D('',#18151,#14773,#14774);
#12680=AXIS2_PLACEMENT_3D('',#18154,#14777,#14778);
#12681=AXIS2_PLACEMENT_3D('',#18155,#14779,#14780);
#12682=AXIS2_PLACEMENT_3D('',#18157,#14782,#14783);
#12683=AXIS2_PLACEMENT_3D('',#18158,#14784,#14785);
#12684=AXIS2_PLACEMENT_3D('',#18159,#14786,#14787);
#12685=AXIS2_PLACEMENT_3D('',#18161,#14789,#14790);
#12686=AXIS2_PLACEMENT_3D('',#18163,#14792,#14793);
#12687=AXIS2_PLACEMENT_3D('',#18167,#14795,#14796);
#12688=AXIS2_PLACEMENT_3D('',#18171,#14799,#14800);
#12689=AXIS2_PLACEMENT_3D('',#18173,#14802,#14803);
#12690=AXIS2_PLACEMENT_3D('',#18175,#14805,#14806);
#12691=AXIS2_PLACEMENT_3D('',#18182,#14810,#14811);
#12692=AXIS2_PLACEMENT_3D('',#18183,#14812,#14813);
#12693=AXIS2_PLACEMENT_3D('',#18187,#14815,#14816);
#12694=AXIS2_PLACEMENT_3D('',#18191,#14819,#14820);
#12695=AXIS2_PLACEMENT_3D('',#18195,#14823,#14824);
#12696=AXIS2_PLACEMENT_3D('',#18199,#14827,#14828);
#12697=AXIS2_PLACEMENT_3D('',#18201,#14830,#14831);
#12698=AXIS2_PLACEMENT_3D('',#18205,#14833,#14834);
#12699=AXIS2_PLACEMENT_3D('',#18209,#14837,#14838);
#12700=AXIS2_PLACEMENT_3D('',#18216,#14842,#14843);
#12701=AXIS2_PLACEMENT_3D('',#18217,#14844,#14845);
#12702=AXIS2_PLACEMENT_3D('',#18221,#14848,#14849);
#12703=AXIS2_PLACEMENT_3D('',#18225,#14852,#14853);
#12704=AXIS2_PLACEMENT_3D('',#18227,#14855,#14856);
#12705=AXIS2_PLACEMENT_3D('',#18234,#14860,#14861);
#12706=AXIS2_PLACEMENT_3D('',#18235,#14862,#14863);
#12707=AXIS2_PLACEMENT_3D('',#18239,#14865,#14866);
#12708=AXIS2_PLACEMENT_3D('',#18243,#14869,#14870);
#12709=AXIS2_PLACEMENT_3D('',#18247,#14873,#14874);
#12710=AXIS2_PLACEMENT_3D('',#18251,#14877,#14878);
#12711=AXIS2_PLACEMENT_3D('',#18253,#14880,#14881);
#12712=AXIS2_PLACEMENT_3D('',#18260,#14885,#14886);
#12713=AXIS2_PLACEMENT_3D('',#18261,#14887,#14888);
#12714=AXIS2_PLACEMENT_3D('',#18265,#14891,#14892);
#12715=AXIS2_PLACEMENT_3D('',#18269,#14895,#14896);
#12716=AXIS2_PLACEMENT_3D('',#18271,#14898,#14899);
#12717=AXIS2_PLACEMENT_3D('',#18275,#14903,#14904);
#12718=AXIS2_PLACEMENT_3D('',#18279,#14907,#14908);
#12719=AXIS2_PLACEMENT_3D('',#18281,#14910,#14911);
#12720=AXIS2_PLACEMENT_3D('',#18285,#14914,#14915);
#12721=AXIS2_PLACEMENT_3D('',#18287,#14917,#14918);
#12722=AXIS2_PLACEMENT_3D('',#18288,#14919,#14920);
#12723=AXIS2_PLACEMENT_3D('',#18292,#14923,#14924);
#12724=AXIS2_PLACEMENT_3D('',#18298,#14928,#14929);
#12725=AXIS2_PLACEMENT_3D('',#18300,#14931,#14932);
#12726=AXIS2_PLACEMENT_3D('',#18304,#14935,#14936);
#12727=AXIS2_PLACEMENT_3D('',#18306,#14938,#14939);
#12728=AXIS2_PLACEMENT_3D('',#18307,#14940,#14941);
#12729=AXIS2_PLACEMENT_3D('',#18309,#14943,#14944);
#12730=AXIS2_PLACEMENT_3D('',#18311,#14946,#14947);
#12731=AXIS2_PLACEMENT_3D('',#18313,#14949,#14950);
#12732=AXIS2_PLACEMENT_3D('',#18315,#14952,#14953);
#12733=AXIS2_PLACEMENT_3D('',#18317,#14955,#14956);
#12734=AXIS2_PLACEMENT_3D('',#18319,#14958,#14959);
#12735=AXIS2_PLACEMENT_3D('',#18321,#14961,#14962);
#12736=AXIS2_PLACEMENT_3D('',#18323,#14964,#14965);
#12737=AXIS2_PLACEMENT_3D('',#18324,#14966,#14967);
#12738=AXIS2_PLACEMENT_3D('',#18326,#14969,#14970);
#12739=AXIS2_PLACEMENT_3D('',#18328,#14972,#14973);
#12740=AXIS2_PLACEMENT_3D('',#18329,#14974,#14975);
#12741=AXIS2_PLACEMENT_3D('',#18331,#14977,#14978);
#12742=AXIS2_PLACEMENT_3D('',#18333,#14980,#14981);
#12743=AXIS2_PLACEMENT_3D('',#18334,#14982,#14983);
#12744=AXIS2_PLACEMENT_3D('',#18335,#14984,#14985);
#12745=AXIS2_PLACEMENT_3D('',#18336,#14986,#14987);
#12746=AXIS2_PLACEMENT_3D('',#18345,#14992,#14993);
#12747=AXIS2_PLACEMENT_3D('',#18351,#14997,#14998);
#12748=AXIS2_PLACEMENT_3D('',#18357,#15002,#15003);
#12749=AXIS2_PLACEMENT_3D('',#18363,#15007,#15008);
#12750=AXIS2_PLACEMENT_3D('',#18369,#15012,#15013);
#12751=AXIS2_PLACEMENT_3D('',#18375,#15017,#15018);
#12752=AXIS2_PLACEMENT_3D('',#18381,#15022,#15023);
#12753=AXIS2_PLACEMENT_3D('',#18387,#15027,#15028);
#12754=AXIS2_PLACEMENT_3D('',#18393,#15032,#15033);
#12755=AXIS2_PLACEMENT_3D('',#18399,#15037,#15038);
#12756=AXIS2_PLACEMENT_3D('',#18405,#15042,#15043);
#12757=AXIS2_PLACEMENT_3D('',#18408,#15046,#15047);
#12758=AXIS2_PLACEMENT_3D('',#18409,#15048,#15049);
#12759=AXIS2_PLACEMENT_3D('',#18410,#15050,#15051);
#12760=AXIS2_PLACEMENT_3D('',#18423,#15058,#15059);
#12761=AXIS2_PLACEMENT_3D('',#18429,#15063,#15064);
#12762=AXIS2_PLACEMENT_3D('',#18433,#15067,#15068);
#12763=AXIS2_PLACEMENT_3D('',#18437,#15071,#15072);
#12764=AXIS2_PLACEMENT_3D('',#18441,#15075,#15076);
#12765=AXIS2_PLACEMENT_3D('',#18445,#15079,#15080);
#12766=AXIS2_PLACEMENT_3D('',#18447,#15082,#15083);
#12767=AXIS2_PLACEMENT_3D('',#18448,#15084,#15085);
#12768=AXIS2_PLACEMENT_3D('',#18461,#15092,#15093);
#12769=AXIS2_PLACEMENT_3D('',#18467,#15097,#15098);
#12770=AXIS2_PLACEMENT_3D('',#18471,#15101,#15102);
#12771=AXIS2_PLACEMENT_3D('',#18475,#15105,#15106);
#12772=AXIS2_PLACEMENT_3D('',#18479,#15109,#15110);
#12773=AXIS2_PLACEMENT_3D('',#18483,#15113,#15114);
#12774=AXIS2_PLACEMENT_3D('',#18485,#15116,#15117);
#12775=AXIS2_PLACEMENT_3D('',#18486,#15118,#15119);
#12776=AXIS2_PLACEMENT_3D('',#18499,#15126,#15127);
#12777=AXIS2_PLACEMENT_3D('',#18505,#15131,#15132);
#12778=AXIS2_PLACEMENT_3D('',#18509,#15135,#15136);
#12779=AXIS2_PLACEMENT_3D('',#18513,#15139,#15140);
#12780=AXIS2_PLACEMENT_3D('',#18517,#15143,#15144);
#12781=AXIS2_PLACEMENT_3D('',#18521,#15147,#15148);
#12782=AXIS2_PLACEMENT_3D('',#18523,#15150,#15151);
#12783=AXIS2_PLACEMENT_3D('',#18524,#15152,#15153);
#12784=AXIS2_PLACEMENT_3D('',#18533,#15158,#15159);
#12785=AXIS2_PLACEMENT_3D('',#18539,#15163,#15164);
#12786=AXIS2_PLACEMENT_3D('',#18545,#15168,#15169);
#12787=AXIS2_PLACEMENT_3D('',#18551,#15173,#15174);
#12788=AXIS2_PLACEMENT_3D('',#18563,#15181,#15182);
#12789=AXIS2_PLACEMENT_3D('',#18567,#15185,#15186);
#12790=AXIS2_PLACEMENT_3D('',#18573,#15190,#15191);
#12791=AXIS2_PLACEMENT_3D('',#18575,#15193,#15194);
#12792=AXIS2_PLACEMENT_3D('',#18579,#15197,#15198);
#12793=AXIS2_PLACEMENT_3D('',#18585,#15202,#15203);
#12794=AXIS2_PLACEMENT_3D('',#18587,#15205,#15206);
#12795=AXIS2_PLACEMENT_3D('',#18591,#15210,#15211);
#12796=AXIS2_PLACEMENT_3D('',#18595,#15214,#15215);
#12797=AXIS2_PLACEMENT_3D('',#18599,#15218,#15219);
#12798=AXIS2_PLACEMENT_3D('',#18603,#15222,#15223);
#12799=AXIS2_PLACEMENT_3D('',#18607,#15226,#15227);
#12800=AXIS2_PLACEMENT_3D('',#18611,#15230,#15231);
#12801=AXIS2_PLACEMENT_3D('',#18613,#15233,#15234);
#12802=AXIS2_PLACEMENT_3D('',#18614,#15235,#15236);
#12803=AXIS2_PLACEMENT_3D('',#18615,#15237,#15238);
#12804=AXIS2_PLACEMENT_3D('',#18616,#15239,#15240);
#12805=AXIS2_PLACEMENT_3D('',#18617,#15241,#15242);
#12806=AXIS2_PLACEMENT_3D('',#18619,#15243,#15244);
#12807=AXIS2_PLACEMENT_3D('',#18620,#15245,#15246);
#12808=AXIS2_PLACEMENT_3D('',#18622,#15247,#15248);
#12809=AXIS2_PLACEMENT_3D('',#18624,#15250,#15251);
#12810=AXIS2_PLACEMENT_3D('',#18629,#15253,#15254);
#12811=AXIS2_PLACEMENT_3D('',#18633,#15256,#15257);
#12812=AXIS2_PLACEMENT_3D('',#18637,#15259,#15260);
#12813=AXIS2_PLACEMENT_3D('',#18640,#15262,#15263);
#12814=AXIS2_PLACEMENT_3D('',#18642,#15264,#15265);
#12815=AXIS2_PLACEMENT_3D('',#18644,#15266,#15267);
#12816=AXIS2_PLACEMENT_3D('',#18646,#15268,#15269);
#12817=AXIS2_PLACEMENT_3D('',#18648,#15270,#15271);
#12818=AXIS2_PLACEMENT_3D('',#18649,#15272,#15273);
#12819=AXIS2_PLACEMENT_3D('',#18655,#15277,#15278);
#12820=AXIS2_PLACEMENT_3D('',#18658,#15280,#15281);
#12821=AXIS2_PLACEMENT_3D('',#18659,#15282,#15283);
#12822=AXIS2_PLACEMENT_3D('',#18661,#15284,#15285);
#12823=AXIS2_PLACEMENT_3D('',#18663,#15287,#15288);
#12824=AXIS2_PLACEMENT_3D('',#18667,#15291,#15292);
#12825=AXIS2_PLACEMENT_3D('',#18671,#15295,#15296);
#12826=AXIS2_PLACEMENT_3D('',#18673,#15297,#15298);
#12827=AXIS2_PLACEMENT_3D('',#18675,#15300,#15301);
#12828=AXIS2_PLACEMENT_3D('',#18677,#15302,#15303);
#12829=AXIS2_PLACEMENT_3D('',#18679,#15305,#15306);
#12830=AXIS2_PLACEMENT_3D('',#18681,#15308,#15309);
#12831=AXIS2_PLACEMENT_3D('',#18684,#15311,#15312);
#12832=AXIS2_PLACEMENT_3D('',#18685,#15313,#15314);
#12833=AXIS2_PLACEMENT_3D('',#18688,#15316,#15317);
#12834=AXIS2_PLACEMENT_3D('',#18689,#15318,#15319);
#12835=AXIS2_PLACEMENT_3D('',#18692,#15321,#15322);
#12836=AXIS2_PLACEMENT_3D('',#18693,#15323,#15324);
#12837=AXIS2_PLACEMENT_3D('',#18696,#15326,#15327);
#12838=AXIS2_PLACEMENT_3D('',#18697,#15328,#15329);
#12839=AXIS2_PLACEMENT_3D('',#18703,#15333,#15334);
#12840=AXIS2_PLACEMENT_3D('',#18706,#15336,#15337);
#12841=AXIS2_PLACEMENT_3D('',#18707,#15338,#15339);
#12842=AXIS2_PLACEMENT_3D('',#18709,#15340,#15341);
#12843=AXIS2_PLACEMENT_3D('',#18711,#15343,#15344);
#12844=AXIS2_PLACEMENT_3D('',#18731,#15355,#15356);
#12845=AXIS2_PLACEMENT_3D('',#18751,#15367,#15368);
#12846=AXIS2_PLACEMENT_3D('',#18753,#15369,#15370);
#12847=AXIS2_PLACEMENT_3D('',#18755,#15372,#15373);
#12848=AXIS2_PLACEMENT_3D('',#18757,#15374,#15375);
#12849=AXIS2_PLACEMENT_3D('',#18759,#15377,#15378);
#12850=AXIS2_PLACEMENT_3D('',#18761,#15380,#15381);
#12851=AXIS2_PLACEMENT_3D('',#18762,#15382,#15383);
#12852=AXIS2_PLACEMENT_3D('',#18764,#15384,#15385);
#12853=AXIS2_PLACEMENT_3D('',#18765,#15386,#15387);
#12854=AXIS2_PLACEMENT_3D('',#18766,#15388,#15389);
#12855=AXIS2_PLACEMENT_3D('',#18767,#15390,#15391);
#12856=AXIS2_PLACEMENT_3D('',#18768,#15392,#15393);
#12857=AXIS2_PLACEMENT_3D('',#18773,#15398,#15399);
#12858=AXIS2_PLACEMENT_3D('',#18778,#15401,#15402);
#12859=AXIS2_PLACEMENT_3D('',#18782,#15404,#15405);
#12860=AXIS2_PLACEMENT_3D('',#18787,#15408,#15409);
#12861=AXIS2_PLACEMENT_3D('',#18791,#15411,#15412);
#12862=AXIS2_PLACEMENT_3D('',#18795,#15414,#15415);
#12863=AXIS2_PLACEMENT_3D('',#18803,#15419,#15420);
#12864=AXIS2_PLACEMENT_3D('',#18806,#15422,#15423);
#12865=AXIS2_PLACEMENT_3D('',#18807,#15424,#15425);
#12866=AXIS2_PLACEMENT_3D('',#18811,#15428,#15429);
#12867=AXIS2_PLACEMENT_3D('',#18816,#15431,#15432);
#12868=AXIS2_PLACEMENT_3D('',#18820,#15434,#15435);
#12869=AXIS2_PLACEMENT_3D('',#18828,#15439,#15440);
#12870=AXIS2_PLACEMENT_3D('',#18832,#15442,#15443);
#12871=AXIS2_PLACEMENT_3D('',#18836,#15445,#15446);
#12872=AXIS2_PLACEMENT_3D('',#18839,#15448,#15449);
#12873=AXIS2_PLACEMENT_3D('',#18842,#15451,#15452);
#12874=AXIS2_PLACEMENT_3D('',#18843,#15453,#15454);
#12875=AXIS2_PLACEMENT_3D('',#18848,#15456,#15457);
#12876=AXIS2_PLACEMENT_3D('',#18852,#15459,#15460);
#12877=AXIS2_PLACEMENT_3D('',#18860,#15464,#15465);
#12878=AXIS2_PLACEMENT_3D('',#18864,#15467,#15468);
#12879=AXIS2_PLACEMENT_3D('',#18868,#15470,#15471);
#12880=AXIS2_PLACEMENT_3D('',#18873,#15474,#15475);
#12881=AXIS2_PLACEMENT_3D('',#18876,#15477,#15478);
#12882=AXIS2_PLACEMENT_3D('',#18877,#15479,#15480);
#12883=AXIS2_PLACEMENT_3D('',#18882,#15482,#15483);
#12884=AXIS2_PLACEMENT_3D('',#18886,#15485,#15486);
#12885=AXIS2_PLACEMENT_3D('',#18891,#15489,#15490);
#12886=AXIS2_PLACEMENT_3D('',#18895,#15492,#15493);
#12887=AXIS2_PLACEMENT_3D('',#18899,#15495,#15496);
#12888=AXIS2_PLACEMENT_3D('',#18907,#15500,#15501);
#12889=AXIS2_PLACEMENT_3D('',#18910,#15503,#15504);
#12890=AXIS2_PLACEMENT_3D('',#18911,#15505,#15506);
#12891=AXIS2_PLACEMENT_3D('',#18913,#15508,#15509);
#12892=AXIS2_PLACEMENT_3D('',#18918,#15511,#15512);
#12893=AXIS2_PLACEMENT_3D('',#18922,#15514,#15515);
#12894=AXIS2_PLACEMENT_3D('',#18927,#15518,#15519);
#12895=AXIS2_PLACEMENT_3D('',#18931,#15521,#15522);
#12896=AXIS2_PLACEMENT_3D('',#18935,#15524,#15525);
#12897=AXIS2_PLACEMENT_3D('',#18943,#15529,#15530);
#12898=AXIS2_PLACEMENT_3D('',#18946,#15532,#15533);
#12899=AXIS2_PLACEMENT_3D('',#18947,#15534,#15535);
#12900=AXIS2_PLACEMENT_3D('',#18951,#15538,#15539);
#12901=AXIS2_PLACEMENT_3D('',#18956,#15541,#15542);
#12902=AXIS2_PLACEMENT_3D('',#18960,#15544,#15545);
#12903=AXIS2_PLACEMENT_3D('',#18968,#15549,#15550);
#12904=AXIS2_PLACEMENT_3D('',#18972,#15552,#15553);
#12905=AXIS2_PLACEMENT_3D('',#18976,#15555,#15556);
#12906=AXIS2_PLACEMENT_3D('',#18979,#15558,#15559);
#12907=AXIS2_PLACEMENT_3D('',#18982,#15561,#15562);
#12908=AXIS2_PLACEMENT_3D('',#18983,#15563,#15564);
#12909=AXIS2_PLACEMENT_3D('',#18988,#15566,#15567);
#12910=AXIS2_PLACEMENT_3D('',#18992,#15569,#15570);
#12911=AXIS2_PLACEMENT_3D('',#19000,#15574,#15575);
#12912=AXIS2_PLACEMENT_3D('',#19004,#15577,#15578);
#12913=AXIS2_PLACEMENT_3D('',#19008,#15580,#15581);
#12914=AXIS2_PLACEMENT_3D('',#19013,#15584,#15585);
#12915=AXIS2_PLACEMENT_3D('',#19016,#15587,#15588);
#12916=AXIS2_PLACEMENT_3D('',#19017,#15589,#15590);
#12917=AXIS2_PLACEMENT_3D('',#19022,#15592,#15593);
#12918=AXIS2_PLACEMENT_3D('',#19026,#15595,#15596);
#12919=AXIS2_PLACEMENT_3D('',#19031,#15599,#15600);
#12920=AXIS2_PLACEMENT_3D('',#19035,#15602,#15603);
#12921=AXIS2_PLACEMENT_3D('',#19039,#15605,#15606);
#12922=AXIS2_PLACEMENT_3D('',#19047,#15610,#15611);
#12923=AXIS2_PLACEMENT_3D('',#19050,#15613,#15614);
#12924=AXIS2_PLACEMENT_3D('',#19051,#15615,#15616);
#12925=AXIS2_PLACEMENT_3D('',#19053,#15618,#15619);
#12926=AXIS2_PLACEMENT_3D('',#19054,#15620,#15621);
#12927=AXIS2_PLACEMENT_3D('',#19056,#15623,#15624);
#12928=AXIS2_PLACEMENT_3D('',#19058,#15626,#15627);
#12929=AXIS2_PLACEMENT_3D('',#19060,#15629,#15630);
#12930=AXIS2_PLACEMENT_3D('',#19062,#15632,#15633);
#12931=AXIS2_PLACEMENT_3D('',#19065,#15636,#15637);
#12932=AXIS2_PLACEMENT_3D('',#19067,#15639,#15640);
#12933=AXIS2_PLACEMENT_3D('',#19069,#15642,#15643);
#12934=AXIS2_PLACEMENT_3D('',#19071,#15645,#15646);
#12935=AXIS2_PLACEMENT_3D('',#19073,#15648,#15649);
#12936=AXIS2_PLACEMENT_3D('',#19074,#15650,#15651);
#12937=AXIS2_PLACEMENT_3D('',#19076,#15653,#15654);
#12938=AXIS2_PLACEMENT_3D('',#19078,#15656,#15657);
#12939=AXIS2_PLACEMENT_3D('',#19080,#15659,#15660);
#12940=AXIS2_PLACEMENT_3D('',#19082,#15662,#15663);
#12941=AXIS2_PLACEMENT_3D('',#19084,#15665,#15666);
#12942=AXIS2_PLACEMENT_3D('',#19086,#15668,#15669);
#12943=AXIS2_PLACEMENT_3D('',#19088,#15671,#15672);
#12944=AXIS2_PLACEMENT_3D('',#19090,#15674,#15675);
#12945=AXIS2_PLACEMENT_3D('',#19091,#15676,#15677);
#12946=AXIS2_PLACEMENT_3D('',#19094,#15680,#15681);
#12947=AXIS2_PLACEMENT_3D('',#19096,#15683,#15684);
#12948=AXIS2_PLACEMENT_3D('',#19098,#15686,#15687);
#12949=AXIS2_PLACEMENT_3D('',#19100,#15689,#15690);
#12950=AXIS2_PLACEMENT_3D('',#19102,#15692,#15693);
#12951=AXIS2_PLACEMENT_3D('',#19103,#15694,#15695);
#12952=AXIS2_PLACEMENT_3D('',#19105,#15697,#15698);
#12953=AXIS2_PLACEMENT_3D('',#19107,#15700,#15701);
#12954=AXIS2_PLACEMENT_3D('',#19109,#15703,#15704);
#12955=AXIS2_PLACEMENT_3D('',#19111,#15706,#15707);
#12956=AXIS2_PLACEMENT_3D('',#19113,#15709,#15710);
#12957=AXIS2_PLACEMENT_3D('',#19115,#15712,#15713);
#12958=AXIS2_PLACEMENT_3D('',#19117,#15715,#15716);
#12959=AXIS2_PLACEMENT_3D('',#19119,#15718,#15719);
#12960=AXIS2_PLACEMENT_3D('',#19120,#15720,#15721);
#12961=AXIS2_PLACEMENT_3D('',#19123,#15724,#15725);
#12962=AXIS2_PLACEMENT_3D('',#19125,#15727,#15728);
#12963=AXIS2_PLACEMENT_3D('',#19127,#15730,#15731);
#12964=AXIS2_PLACEMENT_3D('',#19129,#15733,#15734);
#12965=AXIS2_PLACEMENT_3D('',#19131,#15736,#15737);
#12966=AXIS2_PLACEMENT_3D('',#19132,#15738,#15739);
#12967=AXIS2_PLACEMENT_3D('',#19134,#15741,#15742);
#12968=AXIS2_PLACEMENT_3D('',#19136,#15744,#15745);
#12969=AXIS2_PLACEMENT_3D('',#19138,#15747,#15748);
#12970=AXIS2_PLACEMENT_3D('',#19140,#15750,#15751);
#12971=AXIS2_PLACEMENT_3D('',#19142,#15753,#15754);
#12972=AXIS2_PLACEMENT_3D('',#19144,#15756,#15757);
#12973=AXIS2_PLACEMENT_3D('',#19146,#15759,#15760);
#12974=AXIS2_PLACEMENT_3D('',#19148,#15762,#15763);
#12975=AXIS2_PLACEMENT_3D('',#19149,#15764,#15765);
#12976=AXIS2_PLACEMENT_3D('',#19152,#15768,#15769);
#12977=AXIS2_PLACEMENT_3D('',#19154,#15771,#15772);
#12978=AXIS2_PLACEMENT_3D('',#19156,#15774,#15775);
#12979=AXIS2_PLACEMENT_3D('',#19158,#15777,#15778);
#12980=AXIS2_PLACEMENT_3D('',#19160,#15780,#15781);
#12981=AXIS2_PLACEMENT_3D('',#19161,#15782,#15783);
#12982=AXIS2_PLACEMENT_3D('',#19163,#15785,#15786);
#12983=AXIS2_PLACEMENT_3D('',#19165,#15788,#15789);
#12984=AXIS2_PLACEMENT_3D('',#19167,#15791,#15792);
#12985=AXIS2_PLACEMENT_3D('',#19169,#15794,#15795);
#12986=AXIS2_PLACEMENT_3D('',#19171,#15797,#15798);
#12987=AXIS2_PLACEMENT_3D('',#19173,#15800,#15801);
#12988=AXIS2_PLACEMENT_3D('',#19175,#15803,#15804);
#12989=AXIS2_PLACEMENT_3D('',#19177,#15806,#15807);
#12990=AXIS2_PLACEMENT_3D('',#19178,#15808,#15809);
#12991=AXIS2_PLACEMENT_3D('',#19179,#15810,#15811);
#12992=AXIS2_PLACEMENT_3D('',#19184,#15813,#15814);
#12993=AXIS2_PLACEMENT_3D('',#19187,#15816,#15817);
#12994=AXIS2_PLACEMENT_3D('',#19188,#15818,#15819);
#12995=AXIS2_PLACEMENT_3D('',#19194,#15823,#15824);
#12996=AXIS2_PLACEMENT_3D('',#19200,#15828,#15829);
#12997=AXIS2_PLACEMENT_3D('',#19202,#15830,#15831);
#12998=AXIS2_PLACEMENT_3D('',#19206,#15833,#15834);
#12999=AXIS2_PLACEMENT_3D('',#19209,#15836,#15837);
#13000=AXIS2_PLACEMENT_3D('',#19211,#15838,#15839);
#13001=AXIS2_PLACEMENT_3D('',#19213,#15840,#15841);
#13002=AXIS2_PLACEMENT_3D('',#19215,#15842,#15843);
#13003=AXIS2_PLACEMENT_3D('',#19217,#15844,#15845);
#13004=AXIS2_PLACEMENT_3D('',#19219,#15846,#15847);
#13005=AXIS2_PLACEMENT_3D('',#19221,#15848,#15849);
#13006=AXIS2_PLACEMENT_3D('',#19223,#15850,#15851);
#13007=AXIS2_PLACEMENT_3D('',#19225,#15852,#15853);
#13008=AXIS2_PLACEMENT_3D('',#19227,#15854,#15855);
#13009=AXIS2_PLACEMENT_3D('',#19229,#15856,#15857);
#13010=AXIS2_PLACEMENT_3D('',#19231,#15858,#15859);
#13011=AXIS2_PLACEMENT_3D('',#19233,#15860,#15861);
#13012=AXIS2_PLACEMENT_3D('',#19235,#15862,#15863);
#13013=AXIS2_PLACEMENT_3D('',#19237,#15864,#15865);
#13014=AXIS2_PLACEMENT_3D('',#19239,#15866,#15867);
#13015=AXIS2_PLACEMENT_3D('',#19241,#15868,#15869);
#13016=AXIS2_PLACEMENT_3D('',#19243,#15870,#15871);
#13017=AXIS2_PLACEMENT_3D('',#19245,#15872,#15873);
#13018=AXIS2_PLACEMENT_3D('',#19247,#15874,#15875);
#13019=AXIS2_PLACEMENT_3D('',#19249,#15876,#15877);
#13020=AXIS2_PLACEMENT_3D('',#19251,#15878,#15879);
#13021=AXIS2_PLACEMENT_3D('',#19253,#15880,#15881);
#13022=AXIS2_PLACEMENT_3D('',#19255,#15882,#15883);
#13023=AXIS2_PLACEMENT_3D('',#19257,#15884,#15885);
#13024=AXIS2_PLACEMENT_3D('',#19259,#15886,#15887);
#13025=AXIS2_PLACEMENT_3D('',#19261,#15888,#15889);
#13026=AXIS2_PLACEMENT_3D('',#19263,#15890,#15891);
#13027=AXIS2_PLACEMENT_3D('',#19265,#15892,#15893);
#13028=AXIS2_PLACEMENT_3D('',#19267,#15894,#15895);
#13029=AXIS2_PLACEMENT_3D('',#19269,#15896,#15897);
#13030=AXIS2_PLACEMENT_3D('',#19271,#15898,#15899);
#13031=AXIS2_PLACEMENT_3D('',#19273,#15900,#15901);
#13032=AXIS2_PLACEMENT_3D('',#19275,#15902,#15903);
#13033=AXIS2_PLACEMENT_3D('',#19277,#15904,#15905);
#13034=AXIS2_PLACEMENT_3D('',#19279,#15906,#15907);
#13035=AXIS2_PLACEMENT_3D('',#19281,#15908,#15909);
#13036=AXIS2_PLACEMENT_3D('',#19283,#15910,#15911);
#13037=AXIS2_PLACEMENT_3D('',#19285,#15912,#15913);
#13038=AXIS2_PLACEMENT_3D('',#19287,#15914,#15915);
#13039=AXIS2_PLACEMENT_3D('',#19289,#15916,#15917);
#13040=AXIS2_PLACEMENT_3D('',#19291,#15918,#15919);
#13041=AXIS2_PLACEMENT_3D('',#19292,#15920,#15921);
#13042=AXIS2_PLACEMENT_3D('',#19294,#15922,#15923);
#13043=AXIS2_PLACEMENT_3D('',#19298,#15925,#15926);
#13044=AXIS2_PLACEMENT_3D('',#19301,#15928,#15929);
#13045=AXIS2_PLACEMENT_3D('',#19303,#15930,#15931);
#13046=AXIS2_PLACEMENT_3D('',#19305,#15932,#15933);
#13047=AXIS2_PLACEMENT_3D('',#19307,#15934,#15935);
#13048=AXIS2_PLACEMENT_3D('',#19309,#15936,#15937);
#13049=AXIS2_PLACEMENT_3D('',#19311,#15938,#15939);
#13050=AXIS2_PLACEMENT_3D('',#19313,#15940,#15941);
#13051=AXIS2_PLACEMENT_3D('',#19315,#15942,#15943);
#13052=AXIS2_PLACEMENT_3D('',#19317,#15944,#15945);
#13053=AXIS2_PLACEMENT_3D('',#19319,#15946,#15947);
#13054=AXIS2_PLACEMENT_3D('',#19321,#15948,#15949);
#13055=AXIS2_PLACEMENT_3D('',#19323,#15950,#15951);
#13056=AXIS2_PLACEMENT_3D('',#19325,#15952,#15953);
#13057=AXIS2_PLACEMENT_3D('',#19327,#15954,#15955);
#13058=AXIS2_PLACEMENT_3D('',#19329,#15956,#15957);
#13059=AXIS2_PLACEMENT_3D('',#19331,#15958,#15959);
#13060=AXIS2_PLACEMENT_3D('',#19333,#15960,#15961);
#13061=AXIS2_PLACEMENT_3D('',#19335,#15962,#15963);
#13062=AXIS2_PLACEMENT_3D('',#19337,#15964,#15965);
#13063=AXIS2_PLACEMENT_3D('',#19339,#15966,#15967);
#13064=AXIS2_PLACEMENT_3D('',#19341,#15968,#15969);
#13065=AXIS2_PLACEMENT_3D('',#19343,#15970,#15971);
#13066=AXIS2_PLACEMENT_3D('',#19345,#15972,#15973);
#13067=AXIS2_PLACEMENT_3D('',#19347,#15974,#15975);
#13068=AXIS2_PLACEMENT_3D('',#19349,#15976,#15977);
#13069=AXIS2_PLACEMENT_3D('',#19351,#15978,#15979);
#13070=AXIS2_PLACEMENT_3D('',#19353,#15980,#15981);
#13071=AXIS2_PLACEMENT_3D('',#19355,#15982,#15983);
#13072=AXIS2_PLACEMENT_3D('',#19357,#15984,#15985);
#13073=AXIS2_PLACEMENT_3D('',#19359,#15986,#15987);
#13074=AXIS2_PLACEMENT_3D('',#19361,#15988,#15989);
#13075=AXIS2_PLACEMENT_3D('',#19363,#15990,#15991);
#13076=AXIS2_PLACEMENT_3D('',#19365,#15992,#15993);
#13077=AXIS2_PLACEMENT_3D('',#19367,#15994,#15995);
#13078=AXIS2_PLACEMENT_3D('',#19369,#15996,#15997);
#13079=AXIS2_PLACEMENT_3D('',#19371,#15998,#15999);
#13080=AXIS2_PLACEMENT_3D('',#19373,#16000,#16001);
#13081=AXIS2_PLACEMENT_3D('',#19375,#16002,#16003);
#13082=AXIS2_PLACEMENT_3D('',#19377,#16004,#16005);
#13083=AXIS2_PLACEMENT_3D('',#19379,#16006,#16007);
#13084=AXIS2_PLACEMENT_3D('',#19381,#16008,#16009);
#13085=AXIS2_PLACEMENT_3D('',#19383,#16010,#16011);
#13086=AXIS2_PLACEMENT_3D('',#19384,#16012,#16013);
#13087=AXIS2_PLACEMENT_3D('',#19386,#16015,#16016);
#13088=AXIS2_PLACEMENT_3D('',#19388,#16018,#16019);
#13089=AXIS2_PLACEMENT_3D('',#19390,#16021,#16022);
#13090=AXIS2_PLACEMENT_3D('',#19392,#16024,#16025);
#13091=AXIS2_PLACEMENT_3D('',#19393,#16026,#16027);
#13092=AXIS2_PLACEMENT_3D('',#19395,#16029,#16030);
#13093=AXIS2_PLACEMENT_3D('',#19397,#16032,#16033);
#13094=AXIS2_PLACEMENT_3D('',#19399,#16035,#16036);
#13095=AXIS2_PLACEMENT_3D('',#19401,#16038,#16039);
#13096=AXIS2_PLACEMENT_3D('',#19403,#16041,#16042);
#13097=AXIS2_PLACEMENT_3D('',#19405,#16044,#16045);
#13098=AXIS2_PLACEMENT_3D('',#19407,#16047,#16048);
#13099=AXIS2_PLACEMENT_3D('',#19409,#16050,#16051);
#13100=AXIS2_PLACEMENT_3D('',#19411,#16053,#16054);
#13101=AXIS2_PLACEMENT_3D('',#19413,#16056,#16057);
#13102=AXIS2_PLACEMENT_3D('',#19415,#16059,#16060);
#13103=AXIS2_PLACEMENT_3D('',#19417,#16062,#16063);
#13104=AXIS2_PLACEMENT_3D('',#19419,#16065,#16066);
#13105=AXIS2_PLACEMENT_3D('',#19421,#16068,#16069);
#13106=AXIS2_PLACEMENT_3D('',#19423,#16071,#16072);
#13107=AXIS2_PLACEMENT_3D('',#19425,#16074,#16075);
#13108=AXIS2_PLACEMENT_3D('',#19427,#16077,#16078);
#13109=AXIS2_PLACEMENT_3D('',#19429,#16080,#16081);
#13110=AXIS2_PLACEMENT_3D('',#19431,#16083,#16084);
#13111=AXIS2_PLACEMENT_3D('',#19433,#16086,#16087);
#13112=AXIS2_PLACEMENT_3D('',#19435,#16089,#16090);
#13113=AXIS2_PLACEMENT_3D('',#19437,#16092,#16093);
#13114=AXIS2_PLACEMENT_3D('',#19439,#16095,#16096);
#13115=AXIS2_PLACEMENT_3D('',#19441,#16098,#16099);
#13116=AXIS2_PLACEMENT_3D('',#19443,#16101,#16102);
#13117=AXIS2_PLACEMENT_3D('',#19445,#16104,#16105);
#13118=AXIS2_PLACEMENT_3D('',#19447,#16107,#16108);
#13119=AXIS2_PLACEMENT_3D('',#19449,#16110,#16111);
#13120=AXIS2_PLACEMENT_3D('',#19451,#16113,#16114);
#13121=AXIS2_PLACEMENT_3D('',#19453,#16116,#16117);
#13122=AXIS2_PLACEMENT_3D('',#19455,#16119,#16120);
#13123=AXIS2_PLACEMENT_3D('',#19457,#16122,#16123);
#13124=AXIS2_PLACEMENT_3D('',#19459,#16125,#16126);
#13125=AXIS2_PLACEMENT_3D('',#19461,#16128,#16129);
#13126=AXIS2_PLACEMENT_3D('',#19463,#16131,#16132);
#13127=AXIS2_PLACEMENT_3D('',#19465,#16134,#16135);
#13128=AXIS2_PLACEMENT_3D('',#19467,#16137,#16138);
#13129=AXIS2_PLACEMENT_3D('',#19469,#16140,#16141);
#13130=AXIS2_PLACEMENT_3D('',#19471,#16143,#16144);
#13131=AXIS2_PLACEMENT_3D('',#19473,#16146,#16147);
#13132=AXIS2_PLACEMENT_3D('',#19475,#16149,#16150);
#13133=AXIS2_PLACEMENT_3D('',#19476,#16151,#16152);
#13134=AXIS2_PLACEMENT_3D('',#19479,#16153,#16154);
#13135=AXIS2_PLACEMENT_3D('',#19480,#16155,#16156);
#13136=AXIS2_PLACEMENT_3D('',#19483,#16158,#16159);
#13137=AXIS2_PLACEMENT_3D('',#19484,#16160,#16161);
#13138=AXIS2_PLACEMENT_3D('',#19487,#16162,#16163);
#13139=AXIS2_PLACEMENT_3D('',#19488,#16164,#16165);
#13140=AXIS2_PLACEMENT_3D('',#19489,#16166,#16167);
#13141=AXIS2_PLACEMENT_3D('',#19490,#16168,#16169);
#13142=AXIS2_PLACEMENT_3D('',#19493,#16170,#16171);
#13143=AXIS2_PLACEMENT_3D('',#19494,#16172,#16173);
#13144=AXIS2_PLACEMENT_3D('',#19496,#16175,#16176);
#13145=AXIS2_PLACEMENT_3D('',#19499,#16177,#16178);
#13146=AXIS2_PLACEMENT_3D('',#19500,#16179,#16180);
#13147=AXIS2_PLACEMENT_3D('',#19501,#16181,#16182);
#13148=AXIS2_PLACEMENT_3D('',#19502,#16183,#16184);
#13149=AXIS2_PLACEMENT_3D('',#19504,#16185,#16186);
#13150=AXIS2_PLACEMENT_3D('',#19506,#16188,#16189);
#13151=AXIS2_PLACEMENT_3D('',#19507,#16190,#16191);
#13152=AXIS2_PLACEMENT_3D('',#19508,#16192,#16193);
#13153=AXIS2_PLACEMENT_3D('',#19510,#16194,#16195);
#13154=AXIS2_PLACEMENT_3D('',#19513,#16197,#16198);
#13155=AXIS2_PLACEMENT_3D('',#19514,#16199,#16200);
#13156=AXIS2_PLACEMENT_3D('',#19516,#16201,#16202);
#13157=AXIS2_PLACEMENT_3D('',#19517,#16203,#16204);
#13158=AXIS2_PLACEMENT_3D('',#19519,#16205,#16206);
#13159=AXIS2_PLACEMENT_3D('',#19520,#16207,#16208);
#13160=AXIS2_PLACEMENT_3D('',#19523,#16210,#16211);
#13161=AXIS2_PLACEMENT_3D('',#19524,#16212,#16213);
#13162=AXIS2_PLACEMENT_3D('',#19526,#16214,#16215);
#13163=AXIS2_PLACEMENT_3D('',#19528,#16217,#16218);
#13164=AXIS2_PLACEMENT_3D('',#19530,#16219,#16220);
#13165=AXIS2_PLACEMENT_3D('',#19531,#16221,#16222);
#13166=AXIS2_PLACEMENT_3D('',#19532,#16223,#16224);
#13167=AXIS2_PLACEMENT_3D('',#19534,#16225,#16226);
#13168=AXIS2_PLACEMENT_3D('',#19535,#16227,#16228);
#13169=AXIS2_PLACEMENT_3D('',#19536,#16229,#16230);
#13170=AXIS2_PLACEMENT_3D('',#19537,#16231,#16232);
#13171=AXIS2_PLACEMENT_3D('',#19538,#16233,#16234);
#13172=AXIS2_PLACEMENT_3D('',#19539,#16235,#16236);
#13173=AXIS2_PLACEMENT_3D('',#19544,#16238,#16239);
#13174=AXIS2_PLACEMENT_3D('',#19548,#16241,#16242);
#13175=AXIS2_PLACEMENT_3D('',#19552,#16244,#16245);
#13176=AXIS2_PLACEMENT_3D('',#19555,#16247,#16248);
#13177=AXIS2_PLACEMENT_3D('',#19556,#16249,#16250);
#13178=AXIS2_PLACEMENT_3D('',#19562,#16254,#16255);
#13179=AXIS2_PLACEMENT_3D('',#19565,#16257,#16258);
#13180=AXIS2_PLACEMENT_3D('',#19566,#16259,#16260);
#13181=AXIS2_PLACEMENT_3D('',#19568,#16261,#16262);
#13182=AXIS2_PLACEMENT_3D('',#19570,#16264,#16265);
#13183=AXIS2_PLACEMENT_3D('',#19574,#16268,#16269);
#13184=AXIS2_PLACEMENT_3D('',#19578,#16272,#16273);
#13185=AXIS2_PLACEMENT_3D('',#19581,#16275,#16276);
#13186=AXIS2_PLACEMENT_3D('',#19582,#16277,#16278);
#13187=AXIS2_PLACEMENT_3D('',#19584,#16279,#16280);
#13188=AXIS2_PLACEMENT_3D('',#19586,#16282,#16283);
#13189=AXIS2_PLACEMENT_3D('',#19588,#16285,#16286);
#13190=AXIS2_PLACEMENT_3D('',#19591,#16287,#16288);
#13191=AXIS2_PLACEMENT_3D('',#19595,#16290,#16291);
#13192=AXIS2_PLACEMENT_3D('',#19599,#16293,#16294);
#13193=AXIS2_PLACEMENT_3D('',#19603,#16296,#16297);
#13194=AXIS2_PLACEMENT_3D('',#19605,#16299,#16300);
#13195=AXIS2_PLACEMENT_3D('',#19609,#16302,#16303);
#13196=AXIS2_PLACEMENT_3D('',#19611,#16305,#16306);
#13197=AXIS2_PLACEMENT_3D('',#19615,#16309,#16310);
#13198=AXIS2_PLACEMENT_3D('',#19618,#16312,#16313);
#13199=AXIS2_PLACEMENT_3D('',#19619,#16314,#16315);
#13200=AXIS2_PLACEMENT_3D('',#19623,#16318,#16319);
#13201=AXIS2_PLACEMENT_3D('',#19626,#16321,#16322);
#13202=AXIS2_PLACEMENT_3D('',#19627,#16323,#16324);
#13203=AXIS2_PLACEMENT_3D('',#19631,#16327,#16328);
#13204=AXIS2_PLACEMENT_3D('',#19634,#16330,#16331);
#13205=AXIS2_PLACEMENT_3D('',#19635,#16332,#16333);
#13206=AXIS2_PLACEMENT_3D('',#19637,#16335,#16336);
#13207=AXIS2_PLACEMENT_3D('',#19642,#16338,#16339);
#13208=AXIS2_PLACEMENT_3D('',#19646,#16341,#16342);
#13209=AXIS2_PLACEMENT_3D('',#19650,#16344,#16345);
#13210=AXIS2_PLACEMENT_3D('',#19653,#16347,#16348);
#13211=AXIS2_PLACEMENT_3D('',#19654,#16349,#16350);
#13212=AXIS2_PLACEMENT_3D('',#19660,#16354,#16355);
#13213=AXIS2_PLACEMENT_3D('',#19663,#16357,#16358);
#13214=AXIS2_PLACEMENT_3D('',#19664,#16359,#16360);
#13215=AXIS2_PLACEMENT_3D('',#19666,#16361,#16362);
#13216=AXIS2_PLACEMENT_3D('',#19668,#16364,#16365);
#13217=AXIS2_PLACEMENT_3D('',#19672,#16368,#16369);
#13218=AXIS2_PLACEMENT_3D('',#19676,#16372,#16373);
#13219=AXIS2_PLACEMENT_3D('',#19679,#16375,#16376);
#13220=AXIS2_PLACEMENT_3D('',#19680,#16377,#16378);
#13221=AXIS2_PLACEMENT_3D('',#19682,#16379,#16380);
#13222=AXIS2_PLACEMENT_3D('',#19684,#16382,#16383);
#13223=AXIS2_PLACEMENT_3D('',#19686,#16385,#16386);
#13224=AXIS2_PLACEMENT_3D('',#19687,#16387,#16388);
#13225=AXIS2_PLACEMENT_3D('',#19688,#16389,#16390);
#13226=AXIS2_PLACEMENT_3D('',#19697,#16395,#16396);
#13227=AXIS2_PLACEMENT_3D('',#19702,#16398,#16399);
#13228=AXIS2_PLACEMENT_3D('',#19710,#16403,#16404);
#13229=AXIS2_PLACEMENT_3D('',#19713,#16406,#16407);
#13230=AXIS2_PLACEMENT_3D('',#19714,#16408,#16409);
#13231=AXIS2_PLACEMENT_3D('',#19715,#16410,#16411);
#13232=AXIS2_PLACEMENT_3D('',#19717,#16412,#16413);
#13233=AXIS2_PLACEMENT_3D('',#19719,#16415,#16416);
#13234=AXIS2_PLACEMENT_3D('',#19722,#16418,#16419);
#13235=AXIS2_PLACEMENT_3D('',#19723,#16420,#16421);
#13236=AXIS2_PLACEMENT_3D('',#19729,#16424,#16425);
#13237=AXIS2_PLACEMENT_3D('',#19736,#16429,#16430);
#13238=AXIS2_PLACEMENT_3D('',#19737,#16431,#16432);
#13239=AXIS2_PLACEMENT_3D('',#19739,#16434,#16435);
#13240=AXIS2_PLACEMENT_3D('',#19741,#16437,#16438);
#13241=AXIS2_PLACEMENT_3D('',#19751,#16444,#16445);
#13242=AXIS2_PLACEMENT_3D('',#19753,#16447,#16448);
#13243=AXIS2_PLACEMENT_3D('',#19755,#16450,#16451);
#13244=AXIS2_PLACEMENT_3D('',#19765,#16457,#16458);
#13245=AXIS2_PLACEMENT_3D('',#19767,#16460,#16461);
#13246=AXIS2_PLACEMENT_3D('',#19772,#16463,#16464);
#13247=AXIS2_PLACEMENT_3D('',#19776,#16466,#16467);
#13248=AXIS2_PLACEMENT_3D('',#19779,#16469,#16470);
#13249=AXIS2_PLACEMENT_3D('',#19780,#16471,#16472);
#13250=AXIS2_PLACEMENT_3D('',#19781,#16473,#16474);
#13251=AXIS2_PLACEMENT_3D('',#19787,#16478,#16479);
#13252=AXIS2_PLACEMENT_3D('',#19791,#16482,#16483);
#13253=AXIS2_PLACEMENT_3D('',#19795,#16485,#16486);
#13254=AXIS2_PLACEMENT_3D('',#19797,#16487,#16488);
#13255=AXIS2_PLACEMENT_3D('',#19801,#16490,#16491);
#13256=AXIS2_PLACEMENT_3D('',#19804,#16493,#16494);
#13257=AXIS2_PLACEMENT_3D('',#19805,#16495,#16496);
#13258=AXIS2_PLACEMENT_3D('',#19809,#16499,#16500);
#13259=AXIS2_PLACEMENT_3D('',#19811,#16502,#16503);
#13260=AXIS2_PLACEMENT_3D('',#19813,#16505,#16506);
#13261=AXIS2_PLACEMENT_3D('',#19815,#16508,#16509);
#13262=AXIS2_PLACEMENT_3D('',#19817,#16511,#16512);
#13263=AXIS2_PLACEMENT_3D('',#19819,#16514,#16515);
#13264=AXIS2_PLACEMENT_3D('',#19821,#16517,#16518);
#13265=AXIS2_PLACEMENT_3D('',#19823,#16520,#16521);
#13266=AXIS2_PLACEMENT_3D('',#19825,#16523,#16524);
#13267=AXIS2_PLACEMENT_3D('',#19826,#16525,#16526);
#13268=AXIS2_PLACEMENT_3D('',#19827,#16527,#16528);
#13269=AXIS2_PLACEMENT_3D('',#19828,#16529,#16530);
#13270=AXIS2_PLACEMENT_3D('',#19829,#16531,#16532);
#13271=AXIS2_PLACEMENT_3D('',#19830,#16533,#16534);
#13272=AXIS2_PLACEMENT_3D('',#19831,#16535,#16536);
#13273=AXIS2_PLACEMENT_3D('',#19832,#16537,#16538);
#13274=AXIS2_PLACEMENT_3D('',#19833,#16539,#16540);
#13275=AXIS2_PLACEMENT_3D('',#19834,#16541,#16542);
#13276=AXIS2_PLACEMENT_3D('',#19835,#16543,#16544);
#13277=AXIS2_PLACEMENT_3D('',#19836,#16545,#16546);
#13278=AXIS2_PLACEMENT_3D('',#19837,#16547,#16548);
#13279=AXIS2_PLACEMENT_3D('',#19838,#16549,#16550);
#13280=AXIS2_PLACEMENT_3D('',#19839,#16551,#16552);
#13281=AXIS2_PLACEMENT_3D('',#19840,#16553,#16554);
#13282=AXIS2_PLACEMENT_3D('',#19841,#16555,#16556);
#13283=AXIS2_PLACEMENT_3D('',#19842,#16557,#16558);
#13284=AXIS2_PLACEMENT_3D('',#19843,#16559,#16560);
#13285=AXIS2_PLACEMENT_3D('',#19844,#16561,#16562);
#13286=AXIS2_PLACEMENT_3D('',#19845,#16563,#16564);
#13287=DIRECTION('axis',(0.,0.,1.));
#13288=DIRECTION('refdir',(1.,0.,0.));
#13289=DIRECTION('axis',(0.,0.,1.));
#13290=DIRECTION('refdir',(1.,0.,0.));
#13291=DIRECTION('center_axis',(0.,0.,-1.));
#13292=DIRECTION('ref_axis',(0.,-1.,0.));
#13293=DIRECTION('',(-5.68735657541184E-28,1.,0.));
#13294=DIRECTION('',(-1.,0.,0.));
#13295=DIRECTION('',(0.,-1.,0.));
#13296=DIRECTION('',(-1.,0.,0.));
#13297=DIRECTION('center_axis',(0.,1.,0.));
#13298=DIRECTION('ref_axis',(0.,0.,-1.));
#13299=DIRECTION('',(-1.2806788476874E-12,0.,1.));
#13300=DIRECTION('',(1.26852246010467E-12,0.,-1.));
#13301=DIRECTION('',(-1.,0.,0.));
#13302=DIRECTION('center_axis',(0.,0.,1.));
#13303=DIRECTION('ref_axis',(0.,1.,0.));
#13304=DIRECTION('',(5.68735657541184E-28,-1.,0.));
#13305=DIRECTION('',(0.,1.,0.));
#13306=DIRECTION('',(-1.,0.,0.));
#13307=DIRECTION('center_axis',(0.,-1.,0.));
#13308=DIRECTION('ref_axis',(0.,0.,1.));
#13309=DIRECTION('',(1.2806788476874E-12,0.,-1.));
#13310=DIRECTION('',(-1.26852246010467E-12,0.,1.));
#13311=DIRECTION('center_axis',(-1.94469227433161E-62,1.,-7.49717988229859E-124));
#13312=DIRECTION('ref_axis',(-1.,-1.94469227433161E-62,0.));
#13313=DIRECTION('center_axis',(-1.94469227433161E-62,1.,-7.49717988229859E-124));
#13314=DIRECTION('ref_axis',(1.,0.,0.));
#13315=DIRECTION('center_axis',(-5.83407682299482E-62,1.,-2.24915396468958E-123));
#13316=DIRECTION('ref_axis',(-1.,-5.83407682299482E-62,0.));
#13317=DIRECTION('center_axis',(-5.83407682299482E-62,1.,-2.24915396468958E-123));
#13318=DIRECTION('ref_axis',(1.,0.,4.08385377609635E-61));
#13319=DIRECTION('center_axis',(-5.83407682299482E-62,1.,-2.24915396468958E-123));
#13320=DIRECTION('ref_axis',(-1.,-5.83407682299482E-62,0.));
#13321=DIRECTION('center_axis',(-5.83407682299482E-62,1.,-2.24915396468958E-123));
#13322=DIRECTION('ref_axis',(1.,0.,4.08385377609635E-61));
#13323=DIRECTION('center_axis',(-1.94469227433161E-62,1.,-7.49717988229859E-124));
#13324=DIRECTION('ref_axis',(-1.,-1.94469227433161E-62,0.));
#13325=DIRECTION('center_axis',(-1.94469227433161E-62,1.,-7.49717988229859E-124));
#13326=DIRECTION('ref_axis',(1.,0.,0.));
#13327=DIRECTION('center_axis',(0.,-1.,0.));
#13328=DIRECTION('ref_axis',(1.,0.,0.));
#13329=DIRECTION('center_axis',(0.,-1.,2.91433543964103E-16));
#13330=DIRECTION('ref_axis',(1.,0.,0.));
#13331=DIRECTION('',(0.,1.,0.));
#13332=DIRECTION('center_axis',(1.32284056679517E-46,1.,-2.91433543964103E-16));
#13333=DIRECTION('ref_axis',(1.,0.,0.));
#13334=DIRECTION('center_axis',(0.,-1.,2.91433543964103E-16));
#13335=DIRECTION('ref_axis',(1.,0.,0.));
#13336=DIRECTION('center_axis',(0.,1.,-2.91433543964103E-16));
#13337=DIRECTION('ref_axis',(1.,0.,0.));
#13338=DIRECTION('center_axis',(0.,-1.,0.));
#13339=DIRECTION('ref_axis',(1.,0.,0.));
#13340=DIRECTION('center_axis',(0.,-1.,2.91433543964103E-16));
#13341=DIRECTION('ref_axis',(1.,0.,0.));
#13342=DIRECTION('',(0.,1.,0.));
#13343=DIRECTION('center_axis',(1.32284056679517E-46,1.,-2.91433543964103E-16));
#13344=DIRECTION('ref_axis',(1.,0.,0.));
#13345=DIRECTION('center_axis',(0.,-1.,2.91433543964103E-16));
#13346=DIRECTION('ref_axis',(1.,0.,0.));
#13347=DIRECTION('center_axis',(0.,1.,-2.91433543964103E-16));
#13348=DIRECTION('ref_axis',(1.,0.,0.));
#13349=DIRECTION('center_axis',(0.,-1.,0.));
#13350=DIRECTION('ref_axis',(1.,0.,0.));
#13351=DIRECTION('center_axis',(0.,-1.,2.91433543964103E-16));
#13352=DIRECTION('ref_axis',(1.,0.,0.));
#13353=DIRECTION('',(0.,1.,0.));
#13354=DIRECTION('center_axis',(1.32284056679517E-46,1.,-2.91433543964103E-16));
#13355=DIRECTION('ref_axis',(1.,0.,0.));
#13356=DIRECTION('center_axis',(0.,-1.,2.91433543964103E-16));
#13357=DIRECTION('ref_axis',(1.,0.,0.));
#13358=DIRECTION('center_axis',(0.,1.,-2.91433543964103E-16));
#13359=DIRECTION('ref_axis',(1.,0.,0.));
#13360=DIRECTION('center_axis',(0.,-1.,0.));
#13361=DIRECTION('ref_axis',(1.,0.,0.));
#13362=DIRECTION('center_axis',(0.,-1.,2.91433543964103E-16));
#13363=DIRECTION('ref_axis',(1.,0.,0.));
#13364=DIRECTION('',(0.,1.,0.));
#13365=DIRECTION('center_axis',(1.32284056679517E-46,1.,-2.91433543964103E-16));
#13366=DIRECTION('ref_axis',(1.,0.,0.));
#13367=DIRECTION('center_axis',(0.,-1.,2.91433543964103E-16));
#13368=DIRECTION('ref_axis',(1.,0.,0.));
#13369=DIRECTION('center_axis',(0.,1.,-2.91433543964103E-16));
#13370=DIRECTION('ref_axis',(1.,0.,0.));
#13371=DIRECTION('center_axis',(0.,1.,0.));
#13372=DIRECTION('ref_axis',(1.0515303574469E-13,0.,1.));
#13373=DIRECTION('',(-9.26927025499424E-14,0.,-1.));
#13374=DIRECTION('',(1.,0.,-1.06581410364015E-13));
#13375=DIRECTION('',(1.0515303574469E-13,0.,1.));
#13376=DIRECTION('',(1.,0.,-1.06581410364015E-13));
#13377=DIRECTION('center_axis',(-1.06581410364015E-13,0.,-1.));
#13378=DIRECTION('ref_axis',(0.,1.,0.));
#13379=DIRECTION('',(-4.11638290342708E-29,-1.,4.38729895445577E-42));
#13380=DIRECTION('',(0.,1.,0.));
#13381=DIRECTION('',(1.,0.,-1.06581410364015E-13));
#13382=DIRECTION('center_axis',(0.,-1.,0.));
#13383=DIRECTION('ref_axis',(-1.0515303574469E-13,0.,-1.));
#13384=DIRECTION('',(9.26927025499424E-14,0.,1.));
#13385=DIRECTION('',(-1.0515303574469E-13,0.,-1.));
#13386=DIRECTION('',(1.,0.,-1.06581410364015E-13));
#13387=DIRECTION('center_axis',(1.06581410364015E-13,0.,1.));
#13388=DIRECTION('ref_axis',(0.,-1.,0.));
#13389=DIRECTION('',(4.11638290342708E-29,1.,-4.38729895445577E-42));
#13390=DIRECTION('',(0.,-1.,0.));
#13391=DIRECTION('center_axis',(1.,-4.11638290342708E-29,-9.26927025499424E-14));
#13392=DIRECTION('ref_axis',(9.26927025499424E-14,2.91433543964103E-16,
1.));
#13393=DIRECTION('',(-9.26927025499424E-14,-2.91433543964103E-16,-1.));
#13394=DIRECTION('',(0.,-1.,4.44089209850063E-16));
#13395=DIRECTION('',(9.26927025499424E-14,2.91433543964103E-16,1.));
#13396=DIRECTION('',(0.,-1.,4.44089209850063E-16));
#13397=DIRECTION('center_axis',(0.,-1.,4.44089209850063E-16));
#13398=DIRECTION('ref_axis',(-0.999999999999955,1.32693900224362E-22,2.98800099802387E-7));
#13399=DIRECTION('center_axis',(-1.32284056679517E-46,-1.,2.91433543964103E-16));
#13400=DIRECTION('ref_axis',(-0.999999999999955,1.32693900224362E-22,2.98800099802387E-7));
#13401=DIRECTION('center_axis',(2.38111333647481E-46,1.,-2.91433543964103E-16));
#13402=DIRECTION('ref_axis',(-0.999999999999955,8.70803720222375E-23,2.98800099802387E-7));
#13403=DIRECTION('',(0.,-1.,4.44089209850063E-16));
#13404=DIRECTION('center_axis',(9.55115248927889E-13,4.44089209850063E-16,
1.));
#13405=DIRECTION('ref_axis',(-1.,2.78351060654489E-28,9.55115248927889E-13));
#13406=DIRECTION('',(1.,-2.78352621889212E-28,-9.55115248927889E-13));
#13407=DIRECTION('',(-1.,2.78351060654489E-28,9.55115248927889E-13));
#13408=DIRECTION('',(0.,-1.,4.44089209850063E-16));
#13409=DIRECTION('center_axis',(0.,-1.,4.44089209850063E-16));
#13410=DIRECTION('ref_axis',(-2.98828684936231E-7,-4.44089209850043E-16,
-0.999999999999955));
#13411=DIRECTION('center_axis',(-1.32284056679517E-46,-1.,2.91433543964103E-16));
#13412=DIRECTION('ref_axis',(-2.98828684936231E-7,-4.44089209850043E-16,
-0.999999999999955));
#13413=DIRECTION('center_axis',(2.33092316776383E-52,1.,-2.91433543964103E-16));
#13414=DIRECTION('ref_axis',(-2.98828684936231E-7,-2.9143354396409E-16,
-0.999999999999955));
#13415=DIRECTION('',(0.,-1.,4.44089209850063E-16));
#13416=DIRECTION('center_axis',(-1.,-5.68735657541184E-28,-1.2806788476874E-12));
#13417=DIRECTION('ref_axis',(1.2806788476874E-12,-2.91433543964103E-16,
-1.));
#13418=DIRECTION('',(-1.2806788476874E-12,2.91433543964103E-16,1.));
#13419=DIRECTION('',(1.2806788476874E-12,-2.91433543964103E-16,-1.));
#13420=DIRECTION('',(0.,-1.,4.44089209850063E-16));
#13421=DIRECTION('center_axis',(0.,-1.,4.44089209850063E-16));
#13422=DIRECTION('ref_axis',(0.999999999999955,-1.32708109191249E-22,-2.98832095551376E-7));
#13423=DIRECTION('center_axis',(-1.32284056679517E-46,-1.,2.91433543964103E-16));
#13424=DIRECTION('ref_axis',(0.999999999999955,-1.32708109191249E-22,-2.98832095551376E-7));
#13425=DIRECTION('center_axis',(2.94669222879266E-38,1.,-2.91433543964103E-16));
#13426=DIRECTION('ref_axis',(0.999999999999955,-8.70896966567571E-23,-2.98832095551376E-7));
#13427=DIRECTION('',(0.,-1.,4.44089209850063E-16));
#13428=DIRECTION('center_axis',(5.46744418114136E-14,-4.44089209850063E-16,
-1.));
#13429=DIRECTION('ref_axis',(1.,1.59355275760821E-29,5.46744418114136E-14));
#13430=DIRECTION('',(-1.,-1.59339663413594E-29,-5.46744418114136E-14));
#13431=DIRECTION('',(1.,1.59355275760821E-29,5.46744418114136E-14));
#13432=DIRECTION('',(0.,-1.,4.44089209850063E-16));
#13433=DIRECTION('center_axis',(0.,-1.,4.44089209850063E-16));
#13434=DIRECTION('ref_axis',(2.98830034977386E-7,4.44089209850043E-16,0.999999999999955));
#13435=DIRECTION('center_axis',(-1.32284056679517E-46,-1.,2.91433543964103E-16));
#13436=DIRECTION('ref_axis',(2.98830034977386E-7,4.44089209850043E-16,0.999999999999955));
#13437=DIRECTION('center_axis',(-2.18371683326397E-52,1.,-2.91433543964103E-16));
#13438=DIRECTION('ref_axis',(2.98830034977386E-7,2.9143354396409E-16,0.999999999999955));
#13439=DIRECTION('center_axis',(-1.32284056679517E-46,-1.,2.91433543964103E-16));
#13440=DIRECTION('ref_axis',(1.,-1.32284056679517E-46,3.855201144806E-62));
#13441=DIRECTION('center_axis',(6.79034989028079E-53,-1.,2.91433543964103E-16));
#13442=DIRECTION('ref_axis',(1.66016640364411E-7,2.91433543964099E-16,0.999999999999986));
#13443=DIRECTION('',(-1.0515303574469E-13,-2.91433543964103E-16,-1.));
#13444=DIRECTION('center_axis',(-1.32284056679517E-46,-1.,2.91433543964103E-16));
#13445=DIRECTION('ref_axis',(-0.999999999999986,4.83779895357812E-23,1.66000072873355E-7));
#13446=DIRECTION('',(1.,-2.80975502324679E-28,-9.64115175291172E-13));
#13447=DIRECTION('center_axis',(-7.19422387171449E-53,-1.,2.91433543964103E-16));
#13448=DIRECTION('ref_axis',(-1.6601634035448E-7,-2.91433543964099E-16,
-0.999999999999986));
#13449=DIRECTION('',(-1.26852246010467E-12,2.91433543964103E-16,1.));
#13450=DIRECTION('center_axis',(-1.63705102079589E-38,-1.,2.91433543964103E-16));
#13451=DIRECTION('ref_axis',(0.999999999999986,-4.83829927225605E-23,-1.66017240378204E-7));
#13452=DIRECTION('',(-1.,-1.31799477169768E-29,-4.52245391443346E-14));
#13453=DIRECTION('center_axis',(0.,1.,0.));
#13454=DIRECTION('ref_axis',(1.,0.,4.08385377609635E-61));
#13455=DIRECTION('',(0.,-1.,0.));
#13456=DIRECTION('center_axis',(0.,1.,0.));
#13457=DIRECTION('ref_axis',(1.,0.,0.));
#13458=DIRECTION('',(0.,-1.,0.));
#13459=DIRECTION('center_axis',(0.,1.,0.));
#13460=DIRECTION('ref_axis',(1.,0.,4.08385377609635E-61));
#13461=DIRECTION('',(0.,-1.,0.));
#13462=DIRECTION('center_axis',(0.,1.,0.));
#13463=DIRECTION('ref_axis',(1.,0.,0.));
#13464=DIRECTION('',(0.,-1.,0.));
#13465=DIRECTION('center_axis',(-1.,0.,1.0515303574469E-13));
#13466=DIRECTION('ref_axis',(1.0515303574469E-13,2.91433543964103E-16,1.));
#13467=DIRECTION('',(0.,-1.,4.44089209850063E-16));
#13468=DIRECTION('',(1.0515303574469E-13,2.91433543964103E-16,1.));
#13469=DIRECTION('',(0.,-1.,4.44089209850063E-16));
#13470=DIRECTION('center_axis',(0.,1.,0.));
#13471=DIRECTION('ref_axis',(-0.999999999999986,0.,1.66000072873355E-7));
#13472=DIRECTION('center_axis',(1.32284056679517E-46,1.,-2.91433543964103E-16));
#13473=DIRECTION('ref_axis',(-0.999999999999986,4.83779895357812E-23,1.66000072873355E-7));
#13474=DIRECTION('',(0.,-1.,4.44089209850063E-16));
#13475=DIRECTION('center_axis',(-9.64115175291172E-13,0.,-1.));
#13476=DIRECTION('ref_axis',(-1.,2.80975502324679E-28,9.64115175291172E-13));
#13477=DIRECTION('',(-1.,2.80975502324679E-28,9.64115175291172E-13));
#13478=DIRECTION('',(0.,-1.,4.44089209850063E-16));
#13479=DIRECTION('center_axis',(0.,1.,0.));
#13480=DIRECTION('ref_axis',(-1.6601634035448E-7,0.,-0.999999999999986));
#13481=DIRECTION('center_axis',(7.19422387171449E-53,1.,-2.91433543964103E-16));
#13482=DIRECTION('ref_axis',(-1.6601634035448E-7,-2.91433543964099E-16,
-0.999999999999986));
#13483=DIRECTION('',(0.,-1.,4.44089209850063E-16));
#13484=DIRECTION('center_axis',(1.,0.,1.26852246010467E-12));
#13485=DIRECTION('ref_axis',(1.26852246010467E-12,-2.91433543964103E-16,
-1.));
#13486=DIRECTION('',(1.26852246010467E-12,-2.91433543964103E-16,-1.));
#13487=DIRECTION('',(0.,-1.,4.44089209850063E-16));
#13488=DIRECTION('center_axis',(0.,1.,0.));
#13489=DIRECTION('ref_axis',(0.999999999999986,0.,-1.66017240378204E-7));
#13490=DIRECTION('center_axis',(1.63705102079589E-38,1.,-2.91433543964103E-16));
#13491=DIRECTION('ref_axis',(0.999999999999986,-4.83829927225605E-23,-1.66017240378204E-7));
#13492=DIRECTION('',(0.,-1.,4.44089209850063E-16));
#13493=DIRECTION('center_axis',(-4.52245391443346E-14,0.,1.));
#13494=DIRECTION('ref_axis',(1.,1.31799477169768E-29,4.52245391443346E-14));
#13495=DIRECTION('',(1.,1.31799477169768E-29,4.52245391443346E-14));
#13496=DIRECTION('',(0.,1.,0.));
#13497=DIRECTION('center_axis',(0.,1.,0.));
#13498=DIRECTION('ref_axis',(1.66016640364411E-7,0.,0.999999999999986));
#13499=DIRECTION('center_axis',(-6.79034989028079E-53,1.,-2.91433543964103E-16));
#13500=DIRECTION('ref_axis',(1.66016640364411E-7,2.91433543964099E-16,0.999999999999986));
#13501=DIRECTION('center_axis',(-1.32284056679517E-46,-1.,2.91433543964103E-16));
#13502=DIRECTION('ref_axis',(1.,-1.32284056679517E-46,3.855201144806E-62));
#13503=DIRECTION('center_axis',(-1.32284056679517E-46,-1.,2.91433543964103E-16));
#13504=DIRECTION('ref_axis',(1.,-1.32284056679517E-46,3.855201144806E-62));
#13505=DIRECTION('axis',(0.,0.,1.));
#13506=DIRECTION('refdir',(1.,0.,0.));
#13507=DIRECTION('center_axis',(0.,1.,0.));
#13508=DIRECTION('ref_axis',(-0.00782539327864029,0.,0.99996938114126));
#13509=DIRECTION('center_axis',(-5.60393188209131E-53,1.,-3.37552420492937E-46));
#13510=DIRECTION('ref_axis',(0.941546326403726,0.,-0.336883533636846));
#13511=DIRECTION('',(0.,1.,0.));
#13512=DIRECTION('center_axis',(5.60393188209131E-53,-1.,3.37552420492937E-46));
#13513=DIRECTION('ref_axis',(0.941546326403726,0.,-0.336883533636846));
#13514=DIRECTION('',(0.,1.,0.));
#13515=DIRECTION('center_axis',(0.,1.,0.));
#13516=DIRECTION('ref_axis',(-0.941546326403742,0.,0.336883533636801));
#13517=DIRECTION('center_axis',(5.60393188209131E-53,-1.,3.37552420492937E-46));
#13518=DIRECTION('ref_axis',(-0.941546326403742,0.,0.336883533636801));
#13519=DIRECTION('center_axis',(-5.60393188209131E-53,1.,-3.37552420492937E-46));
#13520=DIRECTION('ref_axis',(-0.941546326403742,0.,0.336883533636801));
#13521=DIRECTION('',(0.,1.,0.));
#13522=DIRECTION('center_axis',(0.,1.,0.));
#13523=DIRECTION('ref_axis',(-0.00782539327864015,0.,0.99996938114126));
#13524=DIRECTION('center_axis',(5.60393188209131E-53,-1.,3.37552420492937E-46));
#13525=DIRECTION('ref_axis',(0.941546326403727,0.,-0.336883533636844));
#13526=DIRECTION('center_axis',(-5.60393188209131E-53,1.,-3.37552420492937E-46));
#13527=DIRECTION('ref_axis',(0.941546326403727,0.,-0.336883533636844));
#13528=DIRECTION('',(0.,1.,0.));
#13529=DIRECTION('center_axis',(0.,1.,0.));
#13530=DIRECTION('ref_axis',(-0.936158681031375,0.,-0.351577763701854));
#13531=DIRECTION('center_axis',(5.60393188209131E-53,-1.,3.37552420492937E-46));
#13532=DIRECTION('ref_axis',(-0.936158681031375,0.,-0.351577763701854));
#13533=DIRECTION('center_axis',(-5.60393188209131E-53,1.,-3.37552420492937E-46));
#13534=DIRECTION('ref_axis',(-0.936158681031375,0.,-0.351577763701854));
#13535=DIRECTION('center_axis',(0.,-1.,0.));
#13536=DIRECTION('ref_axis',(-1.,0.,0.));
#13537=DIRECTION('center_axis',(5.60393188209131E-53,-1.,3.37552420492937E-46));
#13538=DIRECTION('ref_axis',(-1.,0.,0.));
#13539=DIRECTION('',(0.,-1.,0.));
#13540=DIRECTION('center_axis',(0.,-1.,0.));
#13541=DIRECTION('ref_axis',(-1.,0.,0.));
#13542=DIRECTION('center_axis',(0.,1.,0.));
#13543=DIRECTION('ref_axis',(-1.,0.,0.));
#13544=DIRECTION('center_axis',(0.,1.,0.));
#13545=DIRECTION('ref_axis',(-1.,0.,0.));
#13546=DIRECTION('center_axis',(0.,-1.,0.));
#13547=DIRECTION('ref_axis',(-1.,0.,0.));
#13548=DIRECTION('',(0.,-1.,0.));
#13549=DIRECTION('center_axis',(-5.60393188209131E-53,1.,-3.37552420492937E-46));
#13550=DIRECTION('ref_axis',(-1.,0.,0.));
#13551=DIRECTION('center_axis',(0.,-1.,0.));
#13552=DIRECTION('ref_axis',(-1.,0.,0.));
#13553=DIRECTION('center_axis',(5.60393188209131E-53,-1.,3.37552420492937E-46));
#13554=DIRECTION('ref_axis',(-1.,0.,0.));
#13555=DIRECTION('',(0.,-1.,0.));
#13556=DIRECTION('center_axis',(0.,-1.,0.));
#13557=DIRECTION('ref_axis',(-1.,0.,0.));
#13558=DIRECTION('center_axis',(0.,1.,0.));
#13559=DIRECTION('ref_axis',(-1.,0.,0.));
#13560=DIRECTION('center_axis',(0.,1.,0.));
#13561=DIRECTION('ref_axis',(-1.,0.,0.));
#13562=DIRECTION('center_axis',(0.,-1.,0.));
#13563=DIRECTION('ref_axis',(-1.,0.,0.));
#13564=DIRECTION('',(0.,-1.,0.));
#13565=DIRECTION('center_axis',(-5.60393188209131E-53,1.,-3.37552420492937E-46));
#13566=DIRECTION('ref_axis',(-1.,0.,0.));
#13567=DIRECTION('center_axis',(0.,1.,0.));
#13568=DIRECTION('ref_axis',(1.,0.,0.));
#13569=DIRECTION('center_axis',(-5.60393188209131E-53,1.,-3.37552420492937E-46));
#13570=DIRECTION('ref_axis',(1.,0.,0.));
#13571=DIRECTION('',(0.,1.,0.));
#13572=DIRECTION('center_axis',(5.60393188209131E-53,-1.,3.37552420492937E-46));
#13573=DIRECTION('ref_axis',(1.,0.,0.));
#13574=DIRECTION('center_axis',(0.,1.,0.));
#13575=DIRECTION('ref_axis',(1.,0.,0.));
#13576=DIRECTION('center_axis',(-5.60393188209131E-53,1.,-3.37552420492937E-46));
#13577=DIRECTION('ref_axis',(1.,0.,0.));
#13578=DIRECTION('',(0.,1.,0.));
#13579=DIRECTION('center_axis',(5.60393188209131E-53,-1.,3.37552420492937E-46));
#13580=DIRECTION('ref_axis',(1.,0.,0.));
#13581=DIRECTION('center_axis',(0.,1.,0.));
#13582=DIRECTION('ref_axis',(1.,0.,0.));
#13583=DIRECTION('center_axis',(-5.60393188209131E-53,1.,-3.37552420492937E-46));
#13584=DIRECTION('ref_axis',(1.,0.,0.));
#13585=DIRECTION('',(0.,1.,0.));
#13586=DIRECTION('center_axis',(5.60393188209131E-53,-1.,3.37552420492937E-46));
#13587=DIRECTION('ref_axis',(1.,0.,0.));
#13588=DIRECTION('center_axis',(0.,1.,0.));
#13589=DIRECTION('ref_axis',(1.,0.,0.));
#13590=DIRECTION('center_axis',(-5.60393188209131E-53,1.,-3.37552420492937E-46));
#13591=DIRECTION('ref_axis',(1.,0.,0.));
#13592=DIRECTION('',(0.,1.,0.));
#13593=DIRECTION('center_axis',(5.60393188209131E-53,-1.,3.37552420492937E-46));
#13594=DIRECTION('ref_axis',(1.,0.,0.));
#13595=DIRECTION('center_axis',(-4.52245391443346E-14,0.,1.));
#13596=DIRECTION('ref_axis',(-1.,0.,-4.52245391443346E-14));
#13597=DIRECTION('',(-1.,0.,-4.52245391443346E-14));
#13598=DIRECTION('',(0.,-1.,0.));
#13599=DIRECTION('',(-1.,0.,-4.52245391443346E-14));
#13600=DIRECTION('',(0.,-1.,0.));
#13601=DIRECTION('center_axis',(0.,-1.,0.));
#13602=DIRECTION('ref_axis',(0.999999999999986,0.,-1.66017240378204E-7));
#13603=DIRECTION('center_axis',(5.87747175411136E-39,-1.,-9.75761641018424E-46));
#13604=DIRECTION('ref_axis',(0.999999999999986,5.87747175411144E-39,-1.66017240378204E-7));
#13605=DIRECTION('center_axis',(5.87747175411136E-39,-1.,-9.75761641018424E-46));
#13606=DIRECTION('ref_axis',(0.999999999999986,5.87747175411144E-39,-1.66017240378204E-7));
#13607=DIRECTION('',(0.,-1.,0.));
#13608=DIRECTION('center_axis',(1.,0.,1.26852246010467E-12));
#13609=DIRECTION('ref_axis',(-1.26852246010467E-12,4.52499909078677E-40,
1.));
#13610=DIRECTION('',(-1.26852246010467E-12,4.52499909078677E-40,1.));
#13611=DIRECTION('',(-1.26852246010467E-12,4.52499909078677E-40,1.));
#13612=DIRECTION('',(0.,-1.,0.));
#13613=DIRECTION('center_axis',(0.,-1.,0.));
#13614=DIRECTION('ref_axis',(-1.6601634035448E-7,0.,-0.999999999999986));
#13615=DIRECTION('center_axis',(5.87747175411136E-39,-1.,-9.75756350074734E-46));
#13616=DIRECTION('ref_axis',(-1.6601634035448E-7,-1.07967396944281E-54,
-0.999999999999986));
#13617=DIRECTION('center_axis',(5.87747175411136E-39,-1.,-9.75756350074734E-46));
#13618=DIRECTION('ref_axis',(-1.6601634035448E-7,-1.07967396944281E-54,
-0.999999999999986));
#13619=DIRECTION('',(0.,-1.,0.));
#13620=DIRECTION('center_axis',(-9.64115175291172E-13,0.,-1.));
#13621=DIRECTION('ref_axis',(1.,-6.15393611102208E-56,-9.64115175291172E-13));
#13622=DIRECTION('',(1.,-6.15393611102208E-56,-9.64115175291172E-13));
#13623=DIRECTION('',(1.,-6.15393611102208E-56,-9.64115175291172E-13));
#13624=DIRECTION('',(0.,-1.,0.));
#13625=DIRECTION('center_axis',(0.,-1.,0.));
#13626=DIRECTION('ref_axis',(-0.999999999999986,0.,1.66000072873355E-7));
#13627=DIRECTION('center_axis',(-5.87747175411136E-39,-1.,9.75660739493583E-46));
#13628=DIRECTION('ref_axis',(-0.999999999999986,5.87747175411144E-39,1.66000072873355E-7));
#13629=DIRECTION('center_axis',(-5.87747175411136E-39,-1.,9.75660739493583E-46));
#13630=DIRECTION('ref_axis',(-0.999999999999986,5.87747175411144E-39,1.66000072873355E-7));
#13631=DIRECTION('',(0.,-1.,0.));
#13632=DIRECTION('center_axis',(-1.,0.,1.0515303574469E-13));
#13633=DIRECTION('ref_axis',(-1.0515303574469E-13,4.52499909080895E-40,
-1.));
#13634=DIRECTION('',(-1.0515303574469E-13,4.52499909080895E-40,-1.));
#13635=DIRECTION('',(-1.0515303574469E-13,4.52499909080895E-40,-1.));
#13636=DIRECTION('',(0.,-1.,0.));
#13637=DIRECTION('center_axis',(0.,-1.,0.));
#13638=DIRECTION('ref_axis',(1.66016640364411E-7,0.,0.999999999999986));
#13639=DIRECTION('center_axis',(1.63836024180563E-22,-1.,9.8686507461503E-16));
#13640=DIRECTION('ref_axis',(1.66016640364411E-7,9.86865074615043E-16,0.999999999999986));
#13641=DIRECTION('center_axis',(1.63836024180563E-22,-1.,9.8686507461503E-16));
#13642=DIRECTION('ref_axis',(1.66016640364411E-7,9.86865074615043E-16,0.999999999999986));
#13643=DIRECTION('center_axis',(5.60393188209131E-53,-1.,3.37552420492937E-46));
#13644=DIRECTION('ref_axis',(1.,5.60393188209131E-53,0.));
#13645=DIRECTION('center_axis',(5.60393188209131E-53,-1.,3.37552420492937E-46));
#13646=DIRECTION('ref_axis',(1.,5.60393188209131E-53,0.));
#13647=DIRECTION('axis',(0.,0.,1.));
#13648=DIRECTION('refdir',(1.,0.,0.));
#13649=DIRECTION('axis',(0.,0.,1.));
#13650=DIRECTION('refdir',(1.,0.,0.));
#13651=DIRECTION('center_axis',(1.359631073447E-32,1.110223024625E-16,1.));
#13652=DIRECTION('ref_axis',(-1.224646799147E-16,-1.,1.110223024625E-16));
#13653=DIRECTION('',(-1.224646799147E-16,-1.,1.110223024625E-16));
#13654=DIRECTION('',(-1.,1.224646799147E-16,0.));
#13655=DIRECTION('',(-1.224646799147E-16,-1.,1.110223024625E-16));
#13656=DIRECTION('',(-1.,1.224646799147E-16,0.));
#13657=DIRECTION('center_axis',(1.,-1.224646799147E-16,-3.096025220137E-32));
#13658=DIRECTION('ref_axis',(-3.096025220137E-32,3.79153737592E-48,-1.));
#13659=DIRECTION('',(1.359631073447E-32,1.110223024625E-16,1.));
#13660=DIRECTION('',(-1.224646799147E-16,-1.,0.));
#13661=DIRECTION('',(0.,0.,-1.));
#13662=DIRECTION('',(1.06737219175428E-16,0.871575537124229,-0.490261239633129));
#13663=DIRECTION('',(1.359631073447E-32,1.110223024625E-16,1.));
#13664=DIRECTION('',(-1.224646799147E-16,-1.,1.110223024625E-16));
#13665=DIRECTION('',(1.359631073447E-32,1.110223024625E-16,1.));
#13666=DIRECTION('',(1.224646799147E-16,1.,-1.110223024625E-16));
#13667=DIRECTION('center_axis',(-1.,1.224646799147E-16,0.));
#13668=DIRECTION('ref_axis',(1.35963107344631E-32,1.110223024625E-16,1.));
#13669=DIRECTION('center_axis',(-1.224646799147E-16,-1.,-4.111705995194E-31));
#13670=DIRECTION('ref_axis',(-5.03538758605E-47,-4.111705995194E-31,1.));
#13671=DIRECTION('',(1.,-1.224646799147E-16,0.));
#13672=DIRECTION('',(0.,0.,1.));
#13673=DIRECTION('',(-1.,1.224646799147E-16,0.));
#13674=DIRECTION('',(1.359631073447E-32,1.110223024625E-16,1.));
#13675=DIRECTION('',(1.,-1.224646799147E-16,0.));
#13676=DIRECTION('',(-1.359631073447E-32,-1.110223024625E-16,-1.));
#13677=DIRECTION('',(-1.,1.224646799147E-16,0.));
#13678=DIRECTION('',(-1.359631073447E-32,-1.110223024625E-16,-1.));
#13679=DIRECTION('',(-1.,1.224646799147E-16,0.));
#13680=DIRECTION('',(0.,0.,1.));
#13681=DIRECTION('center_axis',(1.,-1.224646799147E-16,0.));
#13682=DIRECTION('ref_axis',(1.35963107344631E-32,1.110223024625E-16,1.));
#13683=DIRECTION('center_axis',(1.,-1.224646799147E-16,0.));
#13684=DIRECTION('ref_axis',(1.35963107344631E-32,1.110223024625E-16,1.));
#13685=DIRECTION('',(1.224646799147E-16,1.,-1.110223024625E-16));
#13686=DIRECTION('',(1.359631073447E-32,1.110223024625E-16,1.));
#13687=DIRECTION('',(1.224646799147E-16,1.,-1.110223024625E-16));
#13688=DIRECTION('',(1.359631073447E-32,1.110223024625E-16,1.));
#13689=DIRECTION('',(1.224646799147E-16,1.,-1.110223024625E-16));
#13690=DIRECTION('center_axis',(1.,-1.224646799147E-16,0.));
#13691=DIRECTION('ref_axis',(1.35963107344631E-32,1.110223024625E-16,1.));
#13692=DIRECTION('',(-1.,1.224646799147E-16,0.));
#13693=DIRECTION('center_axis',(0.,0.,1.));
#13694=DIRECTION('ref_axis',(-1.224646799147E-16,-1.,0.));
#13695=DIRECTION('',(-1.,1.224646799147E-16,0.));
#13696=DIRECTION('',(-1.224646799147E-16,-1.,0.));
#13697=DIRECTION('center_axis',(-1.224646799147E-16,-1.,0.));
#13698=DIRECTION('ref_axis',(0.,0.,-1.));
#13699=DIRECTION('',(-1.,1.224646799147E-16,0.));
#13700=DIRECTION('',(0.,0.,-1.));
#13701=DIRECTION('center_axis',(-6.00396857861758E-17,-0.490261239633129,
-0.871575537124229));
#13702=DIRECTION('ref_axis',(1.06737219175428E-16,0.871575537124229,-0.490261239633129));
#13703=DIRECTION('',(-1.,1.224646799147E-16,0.));
#13704=DIRECTION('',(1.06737219175428E-16,0.871575537124229,-0.490261239633129));
#13705=DIRECTION('center_axis',(-1.224646799147E-16,-1.,1.110223024625E-16));
#13706=DIRECTION('ref_axis',(-1.,1.224646799147E-16,0.));
#13707=DIRECTION('',(1.359631073447E-32,1.110223024625E-16,1.));
#13708=DIRECTION('',(-1.,1.224646799147E-16,0.));
#13709=DIRECTION('',(-1.359631073447E-32,-1.110223024625E-16,-1.));
#13710=DIRECTION('',(-1.,1.224646799147E-16,0.));
#13711=DIRECTION('',(0.,0.,1.));
#13712=DIRECTION('',(1.,-1.224646799147E-16,0.));
#13713=DIRECTION('center_axis',(-1.359631073447E-32,-1.110223024625E-16,
-1.));
#13714=DIRECTION('ref_axis',(-1.,1.224646799147E-16,6.92712190079319E-45));
#13715=DIRECTION('',(1.224646799147E-16,1.,-1.110223024625E-16));
#13716=DIRECTION('',(1.,-1.224646799147E-16,0.));
#13717=DIRECTION('',(-1.224646799147E-16,-1.,1.110223024625E-16));
#13718=DIRECTION('',(-1.,1.224646799147E-16,0.));
#13719=DIRECTION('',(-1.224646799147E-16,-1.,1.110223024625E-16));
#13720=DIRECTION('',(-1.,1.224646799147E-16,0.));
#13721=DIRECTION('',(-1.224646799147E-16,-1.,1.110223024625E-16));
#13722=DIRECTION('',(-1.,1.224646799147E-16,0.));
#13723=DIRECTION('',(-1.224646799147E-16,-1.,1.110223024625E-16));
#13724=DIRECTION('',(-1.,1.224646799147E-16,0.));
#13725=DIRECTION('',(-1.224646799147E-16,-1.,1.110223024625E-16));
#13726=DIRECTION('',(-1.,1.224646799147E-16,0.));
#13727=DIRECTION('',(-1.224646799147E-16,-1.,1.110223024625E-16));
#13728=DIRECTION('',(-1.,1.224646799147E-16,0.));
#13729=DIRECTION('',(1.224646799147E-16,1.,-1.110223024625E-16));
#13730=DIRECTION('',(-1.,1.224646799147E-16,0.));
#13731=DIRECTION('center_axis',(-1.224646799147E-16,-1.,1.110223024625E-16));
#13732=DIRECTION('ref_axis',(-1.,1.224646799147E-16,0.));
#13733=DIRECTION('',(-1.,1.224646799147E-16,0.));
#13734=DIRECTION('',(-1.359631073447E-32,-1.110223024625E-16,-1.));
#13735=DIRECTION('',(-1.,1.224646799147E-16,0.));
#13736=DIRECTION('center_axis',(-1.359631073447E-32,-1.110223024625E-16,
-1.));
#13737=DIRECTION('ref_axis',(1.224646799147E-16,1.,-1.110223024625E-16));
#13738=DIRECTION('center_axis',(1.359631073447E-32,1.110223024625E-16,1.));
#13739=DIRECTION('ref_axis',(1.,-1.224646799147E-16,-6.92712190079319E-45));
#13740=DIRECTION('',(1.,-1.224646799147E-16,0.));
#13741=DIRECTION('',(1.224646799147E-16,1.,-1.110223024625E-16));
#13742=DIRECTION('',(-1.,1.224646799147E-16,0.));
#13743=DIRECTION('',(1.224646799147E-16,1.,-1.110223024625E-16));
#13744=DIRECTION('',(1.,-1.224646799147E-16,0.));
#13745=DIRECTION('',(1.224646799147E-16,1.,-1.110223024625E-16));
#13746=DIRECTION('',(-1.,1.224646799147E-16,0.));
#13747=DIRECTION('',(1.224646799147E-16,1.,-1.110223024625E-16));
#13748=DIRECTION('',(1.224646799147E-16,1.,0.));
#13749=DIRECTION('',(1.224646799147E-16,1.,0.));
#13750=DIRECTION('center_axis',(-1.,1.224646799147E-16,0.));
#13751=DIRECTION('ref_axis',(0.,0.,1.));
#13752=DIRECTION('center_axis',(-1.359631073447E-32,-1.110223024625E-16,
-1.));
#13753=DIRECTION('ref_axis',(1.,-1.224646799147E-16,-6.92712190079319E-45));
#13754=DIRECTION('',(1.,-1.224646799147E-16,0.));
#13755=DIRECTION('',(-1.224646799147E-16,-1.,1.110223024625E-16));
#13756=DIRECTION('',(1.,-1.224646799147E-16,0.));
#13757=DIRECTION('',(-1.224646799147E-16,-1.,1.110223024625E-16));
#13758=DIRECTION('',(1.,-1.224646799147E-16,0.));
#13759=DIRECTION('',(1.224646799147E-16,1.,-1.110223024625E-16));
#13760=DIRECTION('center_axis',(-1.,1.224646799147E-16,0.));
#13761=DIRECTION('ref_axis',(-1.35963107344631E-32,-1.110223024625E-16,
-1.));
#13762=DIRECTION('',(-1.359631073447E-32,-1.110223024625E-16,-1.));
#13763=DIRECTION('',(-1.224646799147E-16,-1.,1.110223024625E-16));
#13764=DIRECTION('center_axis',(1.,-1.224646799147E-16,0.));
#13765=DIRECTION('ref_axis',(1.35963107344631E-32,1.110223024625E-16,1.));
#13766=DIRECTION('',(1.224646799147E-16,1.,-1.110223024625E-16));
#13767=DIRECTION('',(-1.359631073447E-32,-1.110223024625E-16,-1.));
#13768=DIRECTION('',(1.224646799147E-16,1.,-1.110223024625E-16));
#13769=DIRECTION('center_axis',(1.359631073447E-32,1.110223024625E-16,1.));
#13770=DIRECTION('ref_axis',(-1.224646799147E-16,-1.,1.110223024625E-16));
#13771=DIRECTION('',(-1.,1.224646799147E-16,0.));
#13772=DIRECTION('',(-1.224646799147E-16,-1.,1.110223024625E-16));
#13773=DIRECTION('center_axis',(-1.,1.224646799147E-16,-3.525915016947E-32));
#13774=DIRECTION('ref_axis',(-3.525915016947E-32,4.31800053957E-48,1.));
#13775=DIRECTION('',(-1.359631073447E-32,-1.110223024625E-16,-1.));
#13776=DIRECTION('',(1.06737219175428E-16,0.871575537124229,-0.490261239633129));
#13777=DIRECTION('',(0.,0.,-1.));
#13778=DIRECTION('',(-1.224646799147E-16,-1.,0.));
#13779=DIRECTION('center_axis',(1.,-1.224646799147E-16,0.));
#13780=DIRECTION('ref_axis',(1.35963107344631E-32,1.110223024625E-16,1.));
#13781=DIRECTION('',(1.224646799147E-16,1.,-1.110223024625E-16));
#13782=DIRECTION('',(-1.359631073447E-32,-1.110223024625E-16,-1.));
#13783=DIRECTION('',(-1.224646799147E-16,-1.,1.110223024625E-16));
#13784=DIRECTION('center_axis',(0.,0.,1.));
#13785=DIRECTION('ref_axis',(-1.224646799147E-16,-1.,0.));
#13786=DIRECTION('',(-1.,1.224646799147E-16,0.));
#13787=DIRECTION('',(-1.224646799147E-16,-1.,0.));
#13788=DIRECTION('center_axis',(-1.,1.224646799147E-16,0.));
#13789=DIRECTION('ref_axis',(0.,0.,1.));
#13790=DIRECTION('',(0.,0.,1.));
#13791=DIRECTION('',(0.,0.,-1.));
#13792=DIRECTION('',(1.06737219175428E-16,0.871575537124229,-0.490261239633129));
#13793=DIRECTION('center_axis',(1.359631073447E-32,1.110223024625E-16,1.));
#13794=DIRECTION('ref_axis',(-1.,1.224646799147E-16,6.92712190079319E-45));
#13795=DIRECTION('',(1.224646799147E-16,1.,-1.110223024625E-16));
#13796=DIRECTION('',(-1.,1.224646799147E-16,0.));
#13797=DIRECTION('',(-1.224646799147E-16,-1.,1.110223024625E-16));
#13798=DIRECTION('',(-1.,1.224646799147E-16,0.));
#13799=DIRECTION('',(-1.,1.224646799147E-16,0.));
#13800=DIRECTION('',(1.224646799147E-16,1.,-1.110223024625E-16));
#13801=DIRECTION('',(-1.,1.224646799147E-16,0.));
#13802=DIRECTION('',(-1.224646799147E-16,-1.,1.110223024625E-16));
#13803=DIRECTION('',(-1.,1.224646799147E-16,0.));
#13804=DIRECTION('',(-1.224646799147E-16,-1.,1.110223024625E-16));
#13805=DIRECTION('',(1.,-1.224646799147E-16,0.));
#13806=DIRECTION('',(1.224646799147E-16,1.,-1.110223024625E-16));
#13807=DIRECTION('',(-1.,1.224646799147E-16,0.));
#13808=DIRECTION('center_axis',(-1.224646799147E-16,-1.,1.110223024625E-16));
#13809=DIRECTION('ref_axis',(-1.,1.224646799147E-16,0.));
#13810=DIRECTION('',(-1.,1.224646799147E-16,0.));
#13811=DIRECTION('',(-1.,1.224646799147E-16,0.));
#13812=DIRECTION('',(-1.359631073447E-32,-1.110223024625E-16,-1.));
#13813=DIRECTION('',(-1.,1.224646799147E-16,0.));
#13814=DIRECTION('',(1.359631073447E-32,1.110223024625E-16,1.));
#13815=DIRECTION('',(-1.359631073447E-32,-1.110223024625E-16,-1.));
#13816=DIRECTION('',(-1.,1.224646799147E-16,0.));
#13817=DIRECTION('',(-1.359631073447E-32,-1.110223024625E-16,-1.));
#13818=DIRECTION('',(1.,-1.224646799147E-16,0.));
#13819=DIRECTION('',(-1.359631073447E-32,-1.110223024625E-16,-1.));
#13820=DIRECTION('',(-1.,1.224646799147E-16,0.));
#13821=DIRECTION('',(-1.359631073447E-32,-1.110223024625E-16,-1.));
#13822=DIRECTION('',(1.,-1.224646799147E-16,0.));
#13823=DIRECTION('center_axis',(1.,-1.224646799147E-16,0.));
#13824=DIRECTION('ref_axis',(1.224646799147E-16,1.,-1.110223024625E-16));
#13825=DIRECTION('',(-5.31952576738332E-18,-0.0434372242763126,-0.999056158355059));
#13826=DIRECTION('',(-1.359631073447E-32,-1.110223024625E-16,-1.));
#13827=DIRECTION('',(1.01701381086488E-17,0.0830454798537201,-0.996545758244881));
#13828=DIRECTION('',(-1.224646799147E-16,-1.,1.110223024625E-16));
#13829=DIRECTION('center_axis',(1.359631073447E-32,1.110223024625E-16,1.));
#13830=DIRECTION('ref_axis',(1.224646799147E-16,1.,-1.110223024625E-16));
#13831=DIRECTION('',(1.224646799147E-16,1.,-1.110223024625E-16));
#13832=DIRECTION('',(-1.,1.224646799147E-16,0.));
#13833=DIRECTION('',(-1.224646799147E-16,-1.,1.110223024625E-16));
#13834=DIRECTION('center_axis',(1.,-1.224646799147E-16,0.));
#13835=DIRECTION('ref_axis',(1.224646799147E-16,1.,-1.110223024625E-16));
#13836=DIRECTION('',(-1.359631073447E-32,-1.110223024625E-16,-1.));
#13837=DIRECTION('center_axis',(-1.224646799147E-16,-1.,1.110223024625E-16));
#13838=DIRECTION('ref_axis',(1.,-1.224646799147E-16,0.));
#13839=DIRECTION('',(-1.359631073447E-32,-1.110223024625E-16,-1.));
#13840=DIRECTION('center_axis',(-1.,1.224646799147E-16,0.));
#13841=DIRECTION('ref_axis',(-1.224646799147E-16,-1.,1.110223024625E-16));
#13842=DIRECTION('',(1.01701381086488E-17,0.0830454798537201,-0.996545758244881));
#13843=DIRECTION('center_axis',(-1.22041657303785E-16,-0.996545758244881,
-0.0830454798537201));
#13844=DIRECTION('ref_axis',(1.01701381086488E-17,0.0830454798537201,-0.996545758244881));
#13845=DIRECTION('',(-1.,1.224646799147E-16,0.));
#13846=DIRECTION('',(1.01701381086488E-17,0.0830454798537201,-0.996545758244881));
#13847=DIRECTION('center_axis',(1.,-1.224646799147E-16,0.));
#13848=DIRECTION('ref_axis',(1.224646799147E-16,1.,-1.110223024625E-16));
#13849=DIRECTION('',(-1.359631073447E-32,-1.110223024625E-16,-1.));
#13850=DIRECTION('',(-5.31952576738332E-18,-0.0434372242763126,-0.999056158355059));
#13851=DIRECTION('',(1.359631073447E-32,1.110223024625E-16,1.));
#13852=DIRECTION('center_axis',(-1.224646799147E-16,-1.,1.110223024625E-16));
#13853=DIRECTION('ref_axis',(-1.,1.224646799147E-16,0.));
#13854=DIRECTION('',(1.359631073447E-32,1.110223024625E-16,1.));
#13855=DIRECTION('center_axis',(1.,-1.224646799147E-16,0.));
#13856=DIRECTION('ref_axis',(1.224646799147E-16,1.,-1.110223024625E-16));
#13857=DIRECTION('',(-5.31952576738332E-18,-0.0434372242763126,-0.999056158355059));
#13858=DIRECTION('',(-1.359631073447E-32,-1.110223024625E-16,-1.));
#13859=DIRECTION('',(1.01701381086488E-17,0.0830454798537201,-0.996545758244881));
#13860=DIRECTION('center_axis',(-1.22041657303785E-16,-0.996545758244881,
-0.0830454798537201));
#13861=DIRECTION('ref_axis',(1.01701381086488E-17,0.0830454798537201,-0.996545758244881));
#13862=DIRECTION('',(-1.,1.224646799147E-16,0.));
#13863=DIRECTION('',(1.01701381086488E-17,0.0830454798537201,-0.996545758244881));
#13864=DIRECTION('',(1.,-1.224646799147E-16,0.));
#13865=DIRECTION('',(1.01701381086488E-17,0.0830454798537201,-0.996545758244881));
#13866=DIRECTION('center_axis',(-1.,1.224646799147E-16,0.));
#13867=DIRECTION('ref_axis',(-1.224646799147E-16,-1.,1.110223024625E-16));
#13868=DIRECTION('',(-1.224646799147E-16,-1.,1.110223024625E-16));
#13869=DIRECTION('',(-1.359631073447E-32,-1.110223024625E-16,-1.));
#13870=DIRECTION('center_axis',(1.224646799147E-16,1.,-1.110223024625E-16));
#13871=DIRECTION('ref_axis',(1.,-1.224646799147E-16,-2.87375661629113E-46));
#13872=DIRECTION('',(-1.359631073447E-32,-1.110223024625E-16,-1.));
#13873=DIRECTION('',(-1.,1.224646799147E-16,0.));
#13874=DIRECTION('',(-1.359631073447E-32,-1.110223024625E-16,-1.));
#13875=DIRECTION('',(-1.,1.224646799147E-16,0.));
#13876=DIRECTION('',(1.359631073447E-32,1.110223024625E-16,1.));
#13877=DIRECTION('center_axis',(-1.,1.224646799147E-16,0.));
#13878=DIRECTION('ref_axis',(1.35963107344631E-32,1.110223024625E-16,1.));
#13879=DIRECTION('',(-1.224646799147E-16,-1.,1.110223024625E-16));
#13880=DIRECTION('',(1.359631073447E-32,1.110223024625E-16,1.));
#13881=DIRECTION('center_axis',(-1.224646799147E-16,-1.,1.110223024625E-16));
#13882=DIRECTION('ref_axis',(-1.,1.224646799147E-16,0.));
#13883=DIRECTION('',(-1.359631073447E-32,-1.110223024625E-16,-1.));
#13884=DIRECTION('',(-1.,1.224646799147E-16,0.));
#13885=DIRECTION('',(-1.359631073447E-32,-1.110223024625E-16,-1.));
#13886=DIRECTION('',(-1.,1.224646799147E-16,0.));
#13887=DIRECTION('',(-1.,1.224646799147E-16,0.));
#13888=DIRECTION('center_axis',(-1.,1.224646799147E-16,0.));
#13889=DIRECTION('ref_axis',(-1.224646799147E-16,-1.,1.110223024625E-16));
#13890=DIRECTION('',(-1.359631073447E-32,-1.110223024625E-16,-1.));
#13891=DIRECTION('center_axis',(1.224646799147E-16,1.,-1.110223024625E-16));
#13892=DIRECTION('ref_axis',(-1.,1.224646799147E-16,0.));
#13893=DIRECTION('',(-1.359631073447E-32,-1.110223024625E-16,-1.));
#13894=DIRECTION('center_axis',(1.,-1.224646799147E-16,0.));
#13895=DIRECTION('ref_axis',(1.224646799147E-16,1.,-1.110223024625E-16));
#13896=DIRECTION('center_axis',(-1.224646799147E-16,-1.,1.110223024625E-16));
#13897=DIRECTION('ref_axis',(-1.,1.224646799147E-16,0.));
#13898=DIRECTION('',(-1.,1.224646799147E-16,0.));
#13899=DIRECTION('',(-1.359631073447E-32,-1.110223024625E-16,-1.));
#13900=DIRECTION('',(1.,-1.224646799147E-16,0.));
#13901=DIRECTION('',(1.359631073447E-32,1.110223024625E-16,1.));
#13902=DIRECTION('',(-1.,1.224646799147E-16,0.));
#13903=DIRECTION('center_axis',(1.,-1.224646799147E-16,0.));
#13904=DIRECTION('ref_axis',(1.224646799147E-16,1.,-1.110223024625E-16));
#13905=DIRECTION('',(1.224646799147E-16,1.,-1.110223024625E-16));
#13906=DIRECTION('',(-1.359631073447E-32,-1.110223024625E-16,-1.));
#13907=DIRECTION('',(-5.31952576738332E-18,-0.0434372242763126,-0.999056158355059));
#13908=DIRECTION('center_axis',(-1.22349092649807E-16,-0.999056158355059,
0.0434372242763126));
#13909=DIRECTION('ref_axis',(-5.31952576738332E-18,-0.0434372242763126,
-0.999056158355059));
#13910=DIRECTION('',(-1.,1.224646799147E-16,0.));
#13911=DIRECTION('center_axis',(-1.22349092649807E-16,-0.999056158355059,
0.0434372242763126));
#13912=DIRECTION('ref_axis',(-5.31952576738332E-18,-0.0434372242763126,
-0.999056158355059));
#13913=DIRECTION('',(-1.,1.224646799147E-16,0.));
#13914=DIRECTION('center_axis',(-1.,1.224646799147E-16,0.));
#13915=DIRECTION('ref_axis',(1.35963107344631E-32,1.110223024625E-16,1.));
#13916=DIRECTION('',(-1.224646799147E-16,-1.,1.110223024625E-16));
#13917=DIRECTION('',(1.359631073447E-32,1.110223024625E-16,1.));
#13918=DIRECTION('center_axis',(-1.224646799147E-16,-1.,1.110223024625E-16));
#13919=DIRECTION('ref_axis',(-1.,1.224646799147E-16,0.));
#13920=DIRECTION('',(-1.,1.224646799147E-16,0.));
#13921=DIRECTION('',(-1.359631073447E-32,-1.110223024625E-16,-1.));
#13922=DIRECTION('center_axis',(1.,-1.224646799147E-16,0.));
#13923=DIRECTION('ref_axis',(-1.35963107344631E-32,-1.110223024625E-16,
-1.));
#13924=DIRECTION('',(-1.224646799147E-16,-1.,1.110223024625E-16));
#13925=DIRECTION('center_axis',(-1.359631073447E-32,-1.110223024625E-16,
-1.));
#13926=DIRECTION('ref_axis',(1.224646799147E-16,1.,-1.110223024625E-16));
#13927=DIRECTION('',(-1.,1.224646799147E-16,0.));
#13928=DIRECTION('center_axis',(1.,-1.224646799147E-16,0.));
#13929=DIRECTION('ref_axis',(1.35963107344631E-32,1.110223024625E-16,1.));
#13930=DIRECTION('center_axis',(-6.00396857861758E-17,-0.490261239633129,
-0.871575537124229));
#13931=DIRECTION('ref_axis',(1.06737219175428E-16,0.871575537124229,-0.490261239633129));
#13932=DIRECTION('',(-1.,1.224646799147E-16,0.));
#13933=DIRECTION('center_axis',(-1.224646799147E-16,-1.,0.));
#13934=DIRECTION('ref_axis',(0.,0.,-1.));
#13935=DIRECTION('center_axis',(-1.359631073447E-32,-1.110223024625E-16,
-1.));
#13936=DIRECTION('ref_axis',(-1.,1.224646799147E-16,6.92712190079319E-45));
#13937=DIRECTION('',(-1.224646799147E-16,-1.,1.110223024625E-16));
#13938=DIRECTION('',(1.224646799147E-16,1.,-1.110223024625E-16));
#13939=DIRECTION('center_axis',(1.,-1.224646799147E-16,0.));
#13940=DIRECTION('ref_axis',(1.224646799147E-16,1.,-1.110223024625E-16));
#13941=DIRECTION('',(1.224646799147E-16,1.,-1.110223024625E-16));
#13942=DIRECTION('center_axis',(-1.359631073447E-32,-1.110223024625E-16,
-1.));
#13943=DIRECTION('ref_axis',(-1.,1.224646799147E-16,6.92712190079319E-45));
#13944=DIRECTION('center_axis',(-1.359631073447E-32,-1.110223024625E-16,
-1.));
#13945=DIRECTION('ref_axis',(-1.224646799147E-16,-1.,1.110223024625E-16));
#13946=DIRECTION('center_axis',(-1.,1.224646799147E-16,0.));
#13947=DIRECTION('ref_axis',(0.,0.,1.));
#13948=DIRECTION('',(0.,0.,1.));
#13949=DIRECTION('',(-1.224646799147E-16,-1.,0.));
#13950=DIRECTION('',(1.224646799147E-16,1.,0.));
#13951=DIRECTION('center_axis',(0.,0.,-1.));
#13952=DIRECTION('ref_axis',(1.224646799147E-16,1.,0.));
#13953=DIRECTION('',(1.224646799147E-16,1.,0.));
#13954=DIRECTION('',(-1.,1.224646799147E-16,0.));
#13955=DIRECTION('center_axis',(-1.,1.224646799147E-16,0.));
#13956=DIRECTION('ref_axis',(0.,0.,1.));
#13957=DIRECTION('',(0.,0.,1.));
#13958=DIRECTION('',(-1.224646799147E-16,-1.,0.));
#13959=DIRECTION('center_axis',(0.,0.,1.));
#13960=DIRECTION('ref_axis',(-1.224646799147E-16,-1.,0.));
#13961=DIRECTION('',(-1.,1.224646799147E-16,0.));
#13962=DIRECTION('center_axis',(-1.,1.224646799147E-16,0.));
#13963=DIRECTION('ref_axis',(0.,0.,1.));
#13964=DIRECTION('',(0.,0.,1.));
#13965=DIRECTION('',(-1.224646799147E-16,-1.,0.));
#13966=DIRECTION('',(1.224646799147E-16,1.,0.));
#13967=DIRECTION('center_axis',(0.,0.,-1.));
#13968=DIRECTION('ref_axis',(1.224646799147E-16,1.,0.));
#13969=DIRECTION('',(1.224646799147E-16,1.,0.));
#13970=DIRECTION('',(-1.,1.224646799147E-16,0.));
#13971=DIRECTION('center_axis',(-1.,1.224646799147E-16,0.));
#13972=DIRECTION('ref_axis',(0.,0.,1.));
#13973=DIRECTION('',(0.,0.,1.));
#13974=DIRECTION('',(-1.224646799147E-16,-1.,0.));
#13975=DIRECTION('center_axis',(0.,0.,1.));
#13976=DIRECTION('ref_axis',(-1.224646799147E-16,-1.,0.));
#13977=DIRECTION('',(-1.,1.224646799147E-16,0.));
#13978=DIRECTION('center_axis',(-1.224646799147E-16,-1.,1.110223024625E-16));
#13979=DIRECTION('ref_axis',(-1.359631073447E-32,-1.110223024625E-16,-1.));
#13980=DIRECTION('',(-1.359631073447E-32,-1.110223024625E-16,-1.));
#13981=DIRECTION('',(1.,-1.224646799147E-16,0.));
#13982=DIRECTION('',(-1.359631073447E-32,-1.110223024625E-16,-1.));
#13983=DIRECTION('',(-1.,1.224646799147E-16,0.));
#13984=DIRECTION('center_axis',(-1.224646799147E-16,-1.,1.110223024625E-16));
#13985=DIRECTION('ref_axis',(-1.359631073447E-32,-1.110223024625E-16,-1.));
#13986=DIRECTION('',(-1.359631073447E-32,-1.110223024625E-16,-1.));
#13987=DIRECTION('',(1.,-1.224646799147E-16,0.));
#13988=DIRECTION('',(-1.359631073447E-32,-1.110223024625E-16,-1.));
#13989=DIRECTION('',(-1.,1.224646799147E-16,0.));
#13990=DIRECTION('center_axis',(1.,-1.224646799147E-16,0.));
#13991=DIRECTION('ref_axis',(-1.35963107344631E-32,-1.110223024625E-16,
-1.));
#13992=DIRECTION('',(-1.224646799147E-16,-1.,1.110223024625E-16));
#13993=DIRECTION('center_axis',(-1.359631073447E-32,-1.110223024625E-16,
-1.));
#13994=DIRECTION('ref_axis',(-1.,1.224646799147E-16,6.92712190079319E-45));
#13995=DIRECTION('center_axis',(0.707106781186548,-0.707106781186548,-1.73541722664289E-18));
#13996=DIRECTION('ref_axis',(1.22712528914714E-18,-1.22712528914714E-18,
1.));
#13997=DIRECTION('',(-0.577350269189626,-0.577350269189626,0.577350269189626));
#13998=DIRECTION('',(0.577350269189626,0.577350269189626,0.577350269189626));
#13999=DIRECTION('',(0.,0.,1.));
#14000=DIRECTION('center_axis',(-8.65956056234346E-17,-0.707106781186548,
0.707106781186548));
#14001=DIRECTION('ref_axis',(1.,-1.22464679914647E-16,-7.39926877194021E-29));
#14002=DIRECTION('',(0.577350269189626,-0.577350269189626,-0.577350269189626));
#14003=DIRECTION('',(-1.,1.224646799147E-16,0.));
#14004=DIRECTION('center_axis',(0.707106781186548,0.707106781186548,1.73541722664289E-18));
#14005=DIRECTION('ref_axis',(-1.22712528914714E-18,-1.22712528914714E-18,
1.));
#14006=DIRECTION('',(0.577350269189626,-0.577350269189626,0.577350269189626));
#14007=DIRECTION('',(0.,0.,1.));
#14008=DIRECTION('center_axis',(-8.65956056234346E-17,-0.707106781186548,
-0.707106781186548));
#14009=DIRECTION('ref_axis',(1.,-1.22464679914647E-16,7.39926877194021E-29));
#14010=DIRECTION('',(-1.,1.224646799147E-16,0.));
#14011=DIRECTION('center_axis',(0.707106781186548,-0.707106781186548,-1.73541722664289E-18));
#14012=DIRECTION('ref_axis',(1.22712528914714E-18,-1.22712528914714E-18,
1.));
#14013=DIRECTION('',(-0.577350269189626,-0.577350269189626,0.577350269189626));
#14014=DIRECTION('',(0.577350269189626,0.577350269189626,0.577350269189626));
#14015=DIRECTION('',(0.,0.,1.));
#14016=DIRECTION('center_axis',(-8.65956056234346E-17,-0.707106781186548,
0.707106781186548));
#14017=DIRECTION('ref_axis',(1.,-1.22464679914647E-16,-7.39926877194021E-29));
#14018=DIRECTION('',(0.577350269189626,-0.577350269189626,-0.577350269189626));
#14019=DIRECTION('',(-1.,1.224646799147E-16,0.));
#14020=DIRECTION('center_axis',(0.707106781186548,0.707106781186548,1.73541722664289E-18));
#14021=DIRECTION('ref_axis',(-1.22712528914714E-18,-1.22712528914714E-18,
1.));
#14022=DIRECTION('',(0.577350269189626,-0.577350269189626,0.577350269189626));
#14023=DIRECTION('',(0.,0.,1.));
#14024=DIRECTION('center_axis',(-8.65956056234346E-17,-0.707106781186548,
-0.707106781186548));
#14025=DIRECTION('ref_axis',(1.,-1.22464679914647E-16,7.39926877194021E-29));
#14026=DIRECTION('',(-1.,1.224646799147E-16,0.));
#14027=DIRECTION('center_axis',(-1.,1.224646799147E-16,0.));
#14028=DIRECTION('ref_axis',(0.,0.,1.));
#14029=DIRECTION('',(-1.224646799147E-16,-1.,0.));
#14030=DIRECTION('center_axis',(-1.,1.224646799147E-16,0.));
#14031=DIRECTION('ref_axis',(0.,0.,1.));
#14032=DIRECTION('',(0.,0.,1.));
#14033=DIRECTION('',(5.47678698264048E-17,0.447213595499958,0.894427190999916));
#14034=DIRECTION('',(-1.90999066390513E-17,-0.155962573473011,0.987762965329069));
#14035=DIRECTION('',(-1.224646799147E-16,-1.,0.));
#14036=DIRECTION('',(1.90999066390513E-17,0.155962573473011,-0.987762965329069));
#14037=DIRECTION('',(-5.47678698264048E-17,-0.447213595499958,-0.894427190999916));
#14038=DIRECTION('',(0.,0.,-1.));
#14039=DIRECTION('center_axis',(-1.,1.224646799147E-16,0.));
#14040=DIRECTION('ref_axis',(0.,0.,1.));
#14041=DIRECTION('',(1.224646799147E-16,1.,0.));
#14042=DIRECTION('center_axis',(0.,0.,-1.));
#14043=DIRECTION('ref_axis',(1.224646799147E-16,1.,0.));
#14044=DIRECTION('',(-1.,1.224646799147E-16,0.));
#14045=DIRECTION('',(1.224646799147E-16,1.,0.));
#14046=DIRECTION('center_axis',(-1.,1.224646799147E-16,0.));
#14047=DIRECTION('ref_axis',(0.,0.,1.));
#14048=DIRECTION('center_axis',(-1.,1.224646799147E-16,0.));
#14049=DIRECTION('ref_axis',(0.,0.,1.));
#14050=DIRECTION('',(0.,0.,-1.));
#14051=DIRECTION('',(-5.47678698264048E-17,-0.447213595499958,-0.894427190999916));
#14052=DIRECTION('',(1.90999066390513E-17,0.155962573473011,-0.987762965329069));
#14053=DIRECTION('',(-1.224646799147E-16,-1.,0.));
#14054=DIRECTION('',(-1.90999066390513E-17,-0.155962573473011,0.987762965329069));
#14055=DIRECTION('',(5.47678698264048E-17,0.447213595499958,0.894427190999916));
#14056=DIRECTION('',(0.,0.,1.));
#14057=DIRECTION('center_axis',(-1.,1.224646799147E-16,0.));
#14058=DIRECTION('ref_axis',(0.,0.,1.));
#14059=DIRECTION('',(-1.224646799147E-16,-1.,0.));
#14060=DIRECTION('center_axis',(0.,0.,1.));
#14061=DIRECTION('ref_axis',(-1.224646799147E-16,-1.,0.));
#14062=DIRECTION('',(-1.,1.224646799147E-16,0.));
#14063=DIRECTION('center_axis',(-1.,1.224646799147E-16,0.));
#14064=DIRECTION('ref_axis',(0.,0.,1.));
#14065=DIRECTION('',(-1.224646799147E-16,-1.,0.));
#14066=DIRECTION('center_axis',(-1.,1.224646799147E-16,0.));
#14067=DIRECTION('ref_axis',(0.,0.,1.));
#14068=DIRECTION('',(0.,0.,1.));
#14069=DIRECTION('',(5.47678698264048E-17,0.447213595499958,0.894427190999916));
#14070=DIRECTION('',(-1.90999066390513E-17,-0.155962573473011,0.987762965329069));
#14071=DIRECTION('',(-1.224646799147E-16,-1.,0.));
#14072=DIRECTION('',(1.90999066390513E-17,0.155962573473011,-0.987762965329069));
#14073=DIRECTION('',(-5.47678698264048E-17,-0.447213595499958,-0.894427190999916));
#14074=DIRECTION('',(0.,0.,-1.));
#14075=DIRECTION('center_axis',(-1.,1.224646799147E-16,0.));
#14076=DIRECTION('ref_axis',(0.,0.,1.));
#14077=DIRECTION('',(1.224646799147E-16,1.,0.));
#14078=DIRECTION('center_axis',(0.,0.,-1.));
#14079=DIRECTION('ref_axis',(1.224646799147E-16,1.,0.));
#14080=DIRECTION('',(-1.,1.224646799147E-16,0.));
#14081=DIRECTION('',(1.224646799147E-16,1.,0.));
#14082=DIRECTION('center_axis',(-1.,1.224646799147E-16,0.));
#14083=DIRECTION('ref_axis',(0.,0.,1.));
#14084=DIRECTION('center_axis',(-1.,1.224646799147E-16,0.));
#14085=DIRECTION('ref_axis',(0.,0.,1.));
#14086=DIRECTION('',(0.,0.,-1.));
#14087=DIRECTION('',(-5.47678698264048E-17,-0.447213595499958,-0.894427190999916));
#14088=DIRECTION('',(1.90999066390513E-17,0.155962573473011,-0.987762965329069));
#14089=DIRECTION('',(-1.224646799147E-16,-1.,0.));
#14090=DIRECTION('',(-1.90999066390513E-17,-0.155962573473011,0.987762965329069));
#14091=DIRECTION('',(5.47678698264048E-17,0.447213595499958,0.894427190999916));
#14092=DIRECTION('',(0.,0.,1.));
#14093=DIRECTION('center_axis',(-1.,1.224646799147E-16,0.));
#14094=DIRECTION('ref_axis',(0.,0.,1.));
#14095=DIRECTION('',(-1.224646799147E-16,-1.,0.));
#14096=DIRECTION('center_axis',(0.,0.,1.));
#14097=DIRECTION('ref_axis',(-1.224646799147E-16,-1.,0.));
#14098=DIRECTION('',(-1.,1.224646799147E-16,0.));
#14099=DIRECTION('center_axis',(1.224646799147E-16,1.,0.));
#14100=DIRECTION('ref_axis',(0.,0.,1.));
#14101=DIRECTION('center_axis',(1.224646799147E-16,1.,0.));
#14102=DIRECTION('ref_axis',(0.,0.,1.));
#14103=DIRECTION('center_axis',(-1.,1.224646799147E-16,0.));
#14104=DIRECTION('ref_axis',(0.,0.,1.));
#14105=DIRECTION('',(-1.,1.224646799147E-16,0.));
#14106=DIRECTION('center_axis',(1.224646799147E-16,1.,0.));
#14107=DIRECTION('ref_axis',(0.,0.,1.));
#14108=DIRECTION('',(-1.,1.224646799147E-16,0.));
#14109=DIRECTION('center_axis',(1.0953573965279E-16,0.894427190999916,-0.447213595499958));
#14110=DIRECTION('ref_axis',(5.47678698264049E-17,0.447213595499958,0.894427190999916));
#14111=DIRECTION('',(-1.,1.224646799147E-16,0.));
#14112=DIRECTION('center_axis',(1.20966075380708E-16,0.987762965329069,
0.155962573473011));
#14113=DIRECTION('ref_axis',(-1.90999066390513E-17,-0.155962573473011,0.987762965329069));
#14114=DIRECTION('',(-0.702740385382572,-0.110959008217933,0.702740385382572));
#14115=DIRECTION('',(-1.,1.224646799147E-16,0.));
#14116=DIRECTION('',(0.702740385382572,-0.110959008217933,0.702740385382572));
#14117=DIRECTION('center_axis',(0.707106781186548,-8.48601883967957E-17,
-0.707106781186548));
#14118=DIRECTION('ref_axis',(1.2123755462554E-16,1.,1.22712528925579E-18));
#14119=DIRECTION('',(0.544770019248702,-0.637535294909652,0.544770019248702));
#14120=DIRECTION('',(-1.224646799147E-16,-1.,0.));
#14121=DIRECTION('',(0.605209817606649,0.5171480961437,0.605209817606649));
#14122=DIRECTION('',(0.702740385382572,-0.110959008217933,0.702740385382572));
#14123=DIRECTION('center_axis',(-1.20966075380708E-16,-0.987762965329069,
-0.155962573473011));
#14124=DIRECTION('ref_axis',(1.90999066390513E-17,0.155962573473011,-0.987762965329069));
#14125=DIRECTION('',(-1.,1.224646799147E-16,0.));
#14126=DIRECTION('',(-0.702740385382572,-0.110959008217933,0.702740385382572));
#14127=DIRECTION('',(-1.,1.224646799147E-16,0.));
#14128=DIRECTION('center_axis',(-1.0953573965279E-16,-0.894427190999916,
0.447213595499958));
#14129=DIRECTION('ref_axis',(-5.47678698264049E-17,-0.447213595499958,-0.894427190999916));
#14130=DIRECTION('',(-1.,1.224646799147E-16,0.));
#14131=DIRECTION('center_axis',(-1.224646799147E-16,-1.,0.));
#14132=DIRECTION('ref_axis',(0.,0.,-1.));
#14133=DIRECTION('',(-1.,1.224646799147E-16,0.));
#14134=DIRECTION('center_axis',(-1.,1.224646799147E-16,0.));
#14135=DIRECTION('ref_axis',(0.,0.,1.));
#14136=DIRECTION('center_axis',(0.707106781186548,-8.83310228500735E-17,
0.707106781186548));
#14137=DIRECTION('ref_axis',(1.23691805203782E-16,1.,1.22712528907932E-18));
#14138=DIRECTION('',(-0.544770019248702,-0.637535294909652,0.544770019248702));
#14139=DIRECTION('',(-0.605209817606649,0.5171480961437,0.605209817606649));
#14140=DIRECTION('',(-1.224646799147E-16,-1.,0.));
#14141=DIRECTION('center_axis',(-1.,1.224646799147E-16,0.));
#14142=DIRECTION('ref_axis',(0.,0.,1.));
#14143=DIRECTION('',(-1.,1.224646799147E-16,0.));
#14144=DIRECTION('center_axis',(1.224646799147E-16,1.,0.));
#14145=DIRECTION('ref_axis',(0.,0.,1.));
#14146=DIRECTION('',(-1.,1.224646799147E-16,0.));
#14147=DIRECTION('center_axis',(1.0953573965279E-16,0.894427190999916,-0.447213595499958));
#14148=DIRECTION('ref_axis',(5.47678698264049E-17,0.447213595499958,0.894427190999916));
#14149=DIRECTION('',(-1.,1.224646799147E-16,0.));
#14150=DIRECTION('center_axis',(1.20966075380708E-16,0.987762965329069,
0.155962573473011));
#14151=DIRECTION('ref_axis',(-1.90999066390513E-17,-0.155962573473011,0.987762965329069));
#14152=DIRECTION('',(-0.702740385382572,-0.110959008217933,0.702740385382572));
#14153=DIRECTION('',(-1.,1.224646799147E-16,0.));
#14154=DIRECTION('',(0.702740385382572,-0.110959008217933,0.702740385382572));
#14155=DIRECTION('center_axis',(0.707106781186548,-8.48601883967957E-17,
-0.707106781186548));
#14156=DIRECTION('ref_axis',(1.2123755462554E-16,1.,1.22712528925579E-18));
#14157=DIRECTION('',(0.544770019248702,-0.637535294909652,0.544770019248702));
#14158=DIRECTION('',(-1.224646799147E-16,-1.,0.));
#14159=DIRECTION('',(0.605209817606649,0.5171480961437,0.605209817606649));
#14160=DIRECTION('',(0.702740385382572,-0.110959008217933,0.702740385382572));
#14161=DIRECTION('center_axis',(-1.20966075380708E-16,-0.987762965329069,
-0.155962573473011));
#14162=DIRECTION('ref_axis',(1.90999066390513E-17,0.155962573473011,-0.987762965329069));
#14163=DIRECTION('',(-1.,1.224646799147E-16,0.));
#14164=DIRECTION('',(-0.702740385382572,-0.110959008217933,0.702740385382572));
#14165=DIRECTION('',(-1.,1.224646799147E-16,0.));
#14166=DIRECTION('center_axis',(-1.0953573965279E-16,-0.894427190999916,
0.447213595499958));
#14167=DIRECTION('ref_axis',(-5.47678698264049E-17,-0.447213595499958,-0.894427190999916));
#14168=DIRECTION('',(-1.,1.224646799147E-16,0.));
#14169=DIRECTION('center_axis',(-1.224646799147E-16,-1.,0.));
#14170=DIRECTION('ref_axis',(0.,0.,-1.));
#14171=DIRECTION('',(-1.,1.224646799147E-16,0.));
#14172=DIRECTION('center_axis',(-1.,1.224646799147E-16,0.));
#14173=DIRECTION('ref_axis',(0.,0.,1.));
#14174=DIRECTION('center_axis',(0.707106781186548,-8.83310228500735E-17,
0.707106781186548));
#14175=DIRECTION('ref_axis',(1.23691805203782E-16,1.,1.22712528907932E-18));
#14176=DIRECTION('',(-0.544770019248702,-0.637535294909652,0.544770019248702));
#14177=DIRECTION('',(-0.605209817606649,0.5171480961437,0.605209817606649));
#14178=DIRECTION('',(-1.224646799147E-16,-1.,0.));
#14179=DIRECTION('center_axis',(-8.30277408838242E-17,-0.649629673940268,
-0.760250805153313));
#14180=DIRECTION('ref_axis',(1.,-1.24719577515221E-16,-2.63886916665404E-18));
#14181=DIRECTION('',(-1.,1.224646799147E-16,0.));
#14182=DIRECTION('center_axis',(0.,0.,1.));
#14183=DIRECTION('ref_axis',(-1.224646799147E-16,-1.,0.));
#14184=DIRECTION('',(-1.,1.224646799147E-16,0.));
#14185=DIRECTION('center_axis',(9.13685624623577E-17,0.760250805153313,
-0.649629673940268));
#14186=DIRECTION('ref_axis',(-1.,1.21145409815558E-16,1.12730824949274E-18));
#14187=DIRECTION('center_axis',(-8.30277408838242E-17,-0.649629673940268,
-0.760250805153313));
#14188=DIRECTION('ref_axis',(1.,-1.24719577515221E-16,-2.63886916665404E-18));
#14189=DIRECTION('',(-1.,1.224646799147E-16,0.));
#14190=DIRECTION('center_axis',(0.,0.,1.));
#14191=DIRECTION('ref_axis',(-1.224646799147E-16,-1.,0.));
#14192=DIRECTION('',(-1.,1.224646799147E-16,0.));
#14193=DIRECTION('center_axis',(9.13685624623577E-17,0.760250805153313,
-0.649629673940268));
#14194=DIRECTION('ref_axis',(-1.,1.21145409815558E-16,1.12730824949274E-18));
#14195=DIRECTION('axis',(0.,0.,1.));
#14196=DIRECTION('refdir',(1.,0.,0.));
#14197=DIRECTION('center_axis',(9.06304509898087E-17,4.440892098501E-16,
1.));
#14198=DIRECTION('ref_axis',(1.,1.394807543452E-15,0.));
#14199=DIRECTION('center_axis',(-5.585532782092E-47,-4.440892098501E-16,
-1.));
#14200=DIRECTION('ref_axis',(1.,8.292686265567E-16,-3.68269249121043E-31));
#14201=DIRECTION('center_axis',(1.51727222336674E-15,-1.,4.440892098501E-16));
#14202=DIRECTION('ref_axis',(-1.,-1.51727222336674E-15,0.));
#14203=DIRECTION('center_axis',(0.,-4.440892098501E-16,-1.));
#14204=DIRECTION('ref_axis',(1.,8.292686265567E-16,-3.68269249121043E-31));
#14205=DIRECTION('center_axis',(-2.681055735445E-47,-4.440892098501E-16,
-1.));
#14206=DIRECTION('ref_axis',(1.,3.625218039592E-16,-1.60992021473674E-31));
#14207=DIRECTION('',(0.,4.440892098501E-16,1.));
#14208=DIRECTION('center_axis',(0.,0.,-1.));
#14209=DIRECTION('ref_axis',(-1.,0.,0.));
#14210=DIRECTION('center_axis',(0.,0.,1.));
#14211=DIRECTION('ref_axis',(1.,0.,0.));
#14212=DIRECTION('',(0.,1.,0.));
#14213=DIRECTION('center_axis',(0.,0.,-1.));
#14214=DIRECTION('ref_axis',(1.,0.,0.));
#14215=DIRECTION('center_axis',(0.,0.,1.));
#14216=DIRECTION('ref_axis',(1.,0.,0.));
#14217=DIRECTION('',(0.,0.,1.));
#14218=DIRECTION('',(0.,0.,1.));
#14219=DIRECTION('center_axis',(-1.,0.,0.));
#14220=DIRECTION('ref_axis',(0.,1.,0.));
#14221=DIRECTION('',(0.,1.,0.));
#14222=DIRECTION('center_axis',(0.,0.,-1.));
#14223=DIRECTION('ref_axis',(-1.,0.,0.));
#14224=DIRECTION('',(1.,0.,0.));
#14225=DIRECTION('',(0.,1.,0.));
#14226=DIRECTION('',(-1.,0.,0.));
#14227=DIRECTION('',(0.,-1.,0.));
#14228=DIRECTION('',(0.,-1.,0.));
#14229=DIRECTION('',(1.,0.,0.));
#14230=DIRECTION('',(0.,1.,0.));
#14231=DIRECTION('',(-1.,0.,0.));
#14232=DIRECTION('center_axis',(0.,1.,0.));
#14233=DIRECTION('ref_axis',(-1.,0.,0.));
#14234=DIRECTION('',(0.,0.,-1.));
#14235=DIRECTION('',(-1.,0.,0.));
#14236=DIRECTION('',(0.,0.,-1.));
#14237=DIRECTION('center_axis',(1.,0.,0.));
#14238=DIRECTION('ref_axis',(0.,1.,0.));
#14239=DIRECTION('',(0.,0.,-1.));
#14240=DIRECTION('',(0.,1.,0.));
#14241=DIRECTION('center_axis',(0.,-1.,0.));
#14242=DIRECTION('ref_axis',(1.,0.,0.));
#14243=DIRECTION('',(0.,0.,-1.));
#14244=DIRECTION('',(1.,0.,0.));
#14245=DIRECTION('center_axis',(-1.,0.,0.));
#14246=DIRECTION('ref_axis',(0.,-1.,0.));
#14247=DIRECTION('',(0.,-1.,0.));
#14248=DIRECTION('center_axis',(1.,0.,0.));
#14249=DIRECTION('ref_axis',(0.,1.,0.));
#14250=DIRECTION('',(0.,0.,-1.));
#14251=DIRECTION('',(0.,1.,0.));
#14252=DIRECTION('',(0.,0.,-1.));
#14253=DIRECTION('center_axis',(0.,-1.,0.));
#14254=DIRECTION('ref_axis',(1.,0.,0.));
#14255=DIRECTION('',(0.,0.,-1.));
#14256=DIRECTION('',(1.,0.,0.));
#14257=DIRECTION('center_axis',(-1.,0.,0.));
#14258=DIRECTION('ref_axis',(0.,-1.,0.));
#14259=DIRECTION('',(0.,0.,-1.));
#14260=DIRECTION('',(0.,-1.,0.));
#14261=DIRECTION('center_axis',(0.,1.,0.));
#14262=DIRECTION('ref_axis',(-1.,0.,0.));
#14263=DIRECTION('',(-1.,0.,0.));
#14264=DIRECTION('center_axis',(0.,0.,1.));
#14265=DIRECTION('ref_axis',(1.,0.,0.));
#14266=DIRECTION('center_axis',(0.,0.,1.));
#14267=DIRECTION('ref_axis',(1.,0.,0.));
#14268=DIRECTION('axis',(0.,0.,1.));
#14269=DIRECTION('refdir',(1.,0.,0.));
#14270=DIRECTION('center_axis',(0.,1.,0.));
#14271=DIRECTION('ref_axis',(0.,0.,1.));
#14272=DIRECTION('',(-1.,0.,0.));
#14273=DIRECTION('',(0.,0.,1.));
#14274=DIRECTION('',(-1.,0.,0.));
#14275=DIRECTION('',(0.,0.,1.));
#14276=DIRECTION('center_axis',(0.,-1.,0.));
#14277=DIRECTION('ref_axis',(0.,0.,1.));
#14278=DIRECTION('center_axis',(0.,0.,-1.));
#14279=DIRECTION('ref_axis',(0.,1.,0.));
#14280=DIRECTION('',(-1.,0.,0.));
#14281=DIRECTION('',(0.,1.,0.));
#14282=DIRECTION('',(0.,1.,0.));
#14283=DIRECTION('center_axis',(0.,1.,0.));
#14284=DIRECTION('ref_axis',(0.,0.,1.));
#14285=DIRECTION('',(0.,1.,0.));
#14286=DIRECTION('center_axis',(0.,-1.,0.));
#14287=DIRECTION('ref_axis',(0.,0.,1.));
#14288=DIRECTION('center_axis',(0.,-1.,0.));
#14289=DIRECTION('ref_axis',(-1.,0.,0.));
#14290=DIRECTION('',(0.,0.,1.));
#14291=DIRECTION('',(-1.,0.,0.));
#14292=DIRECTION('',(-1.,0.,0.));
#14293=DIRECTION('center_axis',(-1.,0.,0.));
#14294=DIRECTION('ref_axis',(0.,1.,0.));
#14295=DIRECTION('',(0.,0.,1.));
#14296=DIRECTION('',(0.,1.,0.));
#14297=DIRECTION('center_axis',(0.,1.,0.));
#14298=DIRECTION('ref_axis',(-1.,0.,0.));
#14299=DIRECTION('',(0.,0.,-1.));
#14300=DIRECTION('',(-1.,0.,0.));
#14301=DIRECTION('',(0.,0.,-1.));
#14302=DIRECTION('center_axis',(0.,1.,0.));
#14303=DIRECTION('ref_axis',(0.,0.,1.));
#14304=DIRECTION('',(-1.,0.,0.));
#14305=DIRECTION('',(0.,0.,1.));
#14306=DIRECTION('center_axis',(0.,0.,1.));
#14307=DIRECTION('ref_axis',(1.,0.,0.));
#14308=DIRECTION('',(1.,0.,0.));
#14309=DIRECTION('',(0.,-1.,0.));
#14310=DIRECTION('',(1.,0.,0.));
#14311=DIRECTION('',(0.,1.,0.));
#14312=DIRECTION('',(1.,0.,0.));
#14313=DIRECTION('',(0.,1.,0.));
#14314=DIRECTION('',(-1.,0.,0.));
#14315=DIRECTION('',(0.,1.,0.));
#14316=DIRECTION('',(-1.,0.,0.));
#14317=DIRECTION('',(0.,1.,0.));
#14318=DIRECTION('',(0.,1.,0.));
#14319=DIRECTION('',(1.,0.,0.));
#14320=DIRECTION('',(0.,-1.,0.));
#14321=DIRECTION('',(-1.,0.,0.));
#14322=DIRECTION('center_axis',(-1.,0.,0.));
#14323=DIRECTION('ref_axis',(0.,1.,0.));
#14324=DIRECTION('',(0.,0.,1.));
#14325=DIRECTION('',(0.,1.,0.));
#14326=DIRECTION('center_axis',(0.,0.,1.));
#14327=DIRECTION('ref_axis',(1.,0.,0.));
#14328=DIRECTION('',(0.,1.,0.));
#14329=DIRECTION('',(-1.,0.,0.));
#14330=DIRECTION('',(0.,1.,0.));
#14331=DIRECTION('',(-1.,0.,0.));
#14332=DIRECTION('',(0.,1.,0.));
#14333=DIRECTION('',(1.,0.,0.));
#14334=DIRECTION('',(0.,1.,0.));
#14335=DIRECTION('',(1.,0.,0.));
#14336=DIRECTION('',(0.,-1.,0.));
#14337=DIRECTION('',(1.,0.,0.));
#14338=DIRECTION('',(0.,1.,0.));
#14339=DIRECTION('',(-1.,0.,0.));
#14340=DIRECTION('',(0.,-1.,0.));
#14341=DIRECTION('',(1.,0.,0.));
#14342=DIRECTION('center_axis',(1.,0.,0.));
#14343=DIRECTION('ref_axis',(0.,1.,0.));
#14344=DIRECTION('',(0.,0.,-1.));
#14345=DIRECTION('',(0.,1.,0.));
#14346=DIRECTION('center_axis',(1.,0.,0.));
#14347=DIRECTION('ref_axis',(0.,1.,0.));
#14348=DIRECTION('',(0.,0.,-1.));
#14349=DIRECTION('',(0.,1.,0.));
#14350=DIRECTION('center_axis',(0.,0.,1.));
#14351=DIRECTION('ref_axis',(-1.,0.,0.));
#14352=DIRECTION('',(0.,1.,0.));
#14353=DIRECTION('',(-1.,0.,0.));
#14354=DIRECTION('',(0.,1.,0.));
#14355=DIRECTION('center_axis',(0.,1.,0.));
#14356=DIRECTION('ref_axis',(1.,0.,0.));
#14357=DIRECTION('',(0.,0.,1.));
#14358=DIRECTION('center_axis',(0.,1.,0.));
#14359=DIRECTION('ref_axis',(-1.,0.,0.));
#14360=DIRECTION('',(-1.,0.,0.));
#14361=DIRECTION('center_axis',(1.,0.,0.));
#14362=DIRECTION('ref_axis',(0.,-1.,0.));
#14363=DIRECTION('',(0.,0.,1.));
#14364=DIRECTION('center_axis',(0.,0.,1.));
#14365=DIRECTION('ref_axis',(1.,0.,0.));
#14366=DIRECTION('',(0.,-1.,0.));
#14367=DIRECTION('',(1.,0.,0.));
#14368=DIRECTION('',(0.,-1.,0.));
#14369=DIRECTION('center_axis',(0.,0.,1.));
#14370=DIRECTION('ref_axis',(-1.,0.,0.));
#14371=DIRECTION('',(0.,1.,0.));
#14372=DIRECTION('',(-1.,0.,0.));
#14373=DIRECTION('',(0.,1.,0.));
#14374=DIRECTION('center_axis',(-1.,0.,0.));
#14375=DIRECTION('ref_axis',(0.,1.,0.));
#14376=DIRECTION('',(0.,0.,1.));
#14377=DIRECTION('',(0.,0.,1.));
#14378=DIRECTION('center_axis',(-1.,0.,0.));
#14379=DIRECTION('ref_axis',(0.,1.,0.));
#14380=DIRECTION('',(0.,0.,1.));
#14381=DIRECTION('',(0.,0.,1.));
#14382=DIRECTION('center_axis',(0.,1.,0.));
#14383=DIRECTION('ref_axis',(1.,0.,0.));
#14384=DIRECTION('',(0.,0.,1.));
#14385=DIRECTION('center_axis',(0.,-1.,0.));
#14386=DIRECTION('ref_axis',(-1.,0.,0.));
#14387=DIRECTION('',(0.,0.,1.));
#14388=DIRECTION('center_axis',(0.,0.,1.));
#14389=DIRECTION('ref_axis',(0.,1.,0.));
#14390=DIRECTION('',(1.,0.,0.));
#14391=DIRECTION('',(0.,1.,0.));
#14392=DIRECTION('',(1.,0.,0.));
#14393=DIRECTION('center_axis',(1.,0.,0.));
#14394=DIRECTION('ref_axis',(0.,1.,0.));
#14395=DIRECTION('',(0.,0.,-1.));
#14396=DIRECTION('',(0.,0.,-1.));
#14397=DIRECTION('center_axis',(0.,1.,0.));
#14398=DIRECTION('ref_axis',(-1.,0.,0.));
#14399=DIRECTION('',(0.,0.,-1.));
#14400=DIRECTION('center_axis',(-1.,0.,0.));
#14401=DIRECTION('ref_axis',(0.,-1.,0.));
#14402=DIRECTION('',(0.,0.,-1.));
#14403=DIRECTION('center_axis',(0.,-1.,0.));
#14404=DIRECTION('ref_axis',(1.,0.,0.));
#14405=DIRECTION('center_axis',(1.,0.,0.));
#14406=DIRECTION('ref_axis',(0.,0.,1.));
#14407=DIRECTION('center_axis',(-1.,0.,0.));
#14408=DIRECTION('ref_axis',(0.,0.,-1.));
#14409=DIRECTION('',(0.,0.,1.));
#14410=DIRECTION('',(0.,1.,0.));
#14411=DIRECTION('center_axis',(0.,-1.,0.));
#14412=DIRECTION('ref_axis',(1.,0.,0.));
#14413=DIRECTION('',(0.,0.,-1.));
#14414=DIRECTION('',(0.,0.,-1.));
#14415=DIRECTION('',(1.,0.,0.));
#14416=DIRECTION('',(1.,0.,0.));
#14417=DIRECTION('',(1.,0.,0.));
#14418=DIRECTION('',(-1.,0.,0.));
#14419=DIRECTION('',(0.,0.,-1.));
#14420=DIRECTION('',(1.,0.,0.));
#14421=DIRECTION('',(0.,0.,1.));
#14422=DIRECTION('',(0.,0.,1.));
#14423=DIRECTION('',(-1.,0.,0.));
#14424=DIRECTION('',(0.,0.,-1.));
#14425=DIRECTION('',(1.,0.,0.));
#14426=DIRECTION('center_axis',(0.,1.,0.));
#14427=DIRECTION('ref_axis',(-1.,0.,0.));
#14428=DIRECTION('',(0.,0.,-1.));
#14429=DIRECTION('',(0.,0.,-1.));
#14430=DIRECTION('',(-1.,0.,0.));
#14431=DIRECTION('',(-1.,0.,0.));
#14432=DIRECTION('',(-1.,0.,0.));
#14433=DIRECTION('center_axis',(1.,0.,0.));
#14434=DIRECTION('ref_axis',(0.,1.,0.));
#14435=DIRECTION('',(0.,0.,-1.));
#14436=DIRECTION('',(0.,0.,-1.));
#14437=DIRECTION('',(0.,1.,0.));
#14438=DIRECTION('center_axis',(1.,0.,0.));
#14439=DIRECTION('ref_axis',(0.,1.,0.));
#14440=DIRECTION('',(0.,0.,-1.));
#14441=DIRECTION('',(0.,1.,0.));
#14442=DIRECTION('center_axis',(-1.,0.,0.));
#14443=DIRECTION('ref_axis',(0.,-1.,0.));
#14444=DIRECTION('',(0.,1.,0.));
#14445=DIRECTION('center_axis',(-1.,0.,0.));
#14446=DIRECTION('ref_axis',(0.,-1.,0.));
#14447=DIRECTION('',(0.,1.,0.));
#14448=DIRECTION('',(0.,0.,-1.));
#14449=DIRECTION('center_axis',(1.,0.,0.));
#14450=DIRECTION('ref_axis',(0.,1.,0.));
#14451=DIRECTION('',(0.,0.,-1.));
#14452=DIRECTION('',(0.,1.,0.));
#14453=DIRECTION('center_axis',(-1.,0.,0.));
#14454=DIRECTION('ref_axis',(0.,-1.,0.));
#14455=DIRECTION('',(0.,1.,0.));
#14456=DIRECTION('center_axis',(-1.,0.,0.));
#14457=DIRECTION('ref_axis',(0.,-1.,0.));
#14458=DIRECTION('',(0.,1.,0.));
#14459=DIRECTION('',(0.,0.,-1.));
#14460=DIRECTION('center_axis',(-1.,0.,0.));
#14461=DIRECTION('ref_axis',(0.,0.,-1.));
#14462=DIRECTION('',(0.,1.,0.));
#14463=DIRECTION('',(0.,0.,-1.));
#14464=DIRECTION('center_axis',(-1.,0.,0.));
#14465=DIRECTION('ref_axis',(0.,0.,-1.));
#14466=DIRECTION('',(0.,0.,-1.));
#14467=DIRECTION('',(0.,1.,0.));
#14468=DIRECTION('center_axis',(0.,1.,0.));
#14469=DIRECTION('ref_axis',(-1.,0.,0.));
#14470=DIRECTION('',(-1.,0.,0.));
#14471=DIRECTION('center_axis',(0.,0.,-1.));
#14472=DIRECTION('ref_axis',(-1.,0.,0.));
#14473=DIRECTION('',(0.,-1.,0.));
#14474=DIRECTION('',(0.,-1.,0.));
#14475=DIRECTION('',(-1.,0.,0.));
#14476=DIRECTION('center_axis',(-1.,0.,0.));
#14477=DIRECTION('ref_axis',(0.,0.,1.));
#14478=DIRECTION('',(0.,-1.,0.));
#14479=DIRECTION('',(0.,0.,1.));
#14480=DIRECTION('center_axis',(1.,0.,0.));
#14481=DIRECTION('ref_axis',(0.,0.,1.));
#14482=DIRECTION('center_axis',(1.,0.,0.));
#14483=DIRECTION('ref_axis',(0.,0.,1.));
#14484=DIRECTION('',(1.,0.,0.));
#14485=DIRECTION('center_axis',(1.,0.,0.));
#14486=DIRECTION('ref_axis',(0.,0.,1.));
#14487=DIRECTION('center_axis',(-1.,0.,0.));
#14488=DIRECTION('ref_axis',(0.,0.,1.));
#14489=DIRECTION('',(0.,0.,1.));
#14490=DIRECTION('',(0.,-1.,0.));
#14491=DIRECTION('center_axis',(1.,0.,0.));
#14492=DIRECTION('ref_axis',(0.,0.,1.));
#14493=DIRECTION('',(0.,1.,0.));
#14494=DIRECTION('',(0.,0.,1.));
#14495=DIRECTION('center_axis',(-1.,0.,0.));
#14496=DIRECTION('ref_axis',(0.,0.,-1.));
#14497=DIRECTION('center_axis',(-1.,0.,0.));
#14498=DIRECTION('ref_axis',(0.,0.,1.));
#14499=DIRECTION('',(-1.,0.,0.));
#14500=DIRECTION('center_axis',(0.,-1.,0.));
#14501=DIRECTION('ref_axis',(0.,0.,1.));
#14502=DIRECTION('',(1.,0.,0.));
#14503=DIRECTION('',(0.,0.,1.));
#14504=DIRECTION('center_axis',(0.,1.,0.));
#14505=DIRECTION('ref_axis',(0.,0.,1.));
#14506=DIRECTION('center_axis',(0.,-1.,0.));
#14507=DIRECTION('ref_axis',(0.,0.,1.));
#14508=DIRECTION('center_axis',(0.,1.,0.));
#14509=DIRECTION('ref_axis',(0.,0.,1.));
#14510=DIRECTION('',(0.,0.,1.));
#14511=DIRECTION('',(1.,0.,0.));
#14512=DIRECTION('center_axis',(0.,1.,0.));
#14513=DIRECTION('ref_axis',(0.,0.,1.));
#14514=DIRECTION('',(0.,1.,0.));
#14515=DIRECTION('center_axis',(0.,-1.,0.));
#14516=DIRECTION('ref_axis',(-1.,0.,0.));
#14517=DIRECTION('',(-1.,0.,0.));
#14518=DIRECTION('center_axis',(1.,0.,0.));
#14519=DIRECTION('ref_axis',(0.,1.,0.));
#14520=DIRECTION('',(0.,0.,-1.));
#14521=DIRECTION('',(0.,1.,0.));
#14522=DIRECTION('center_axis',(-1.,0.,0.));
#14523=DIRECTION('ref_axis',(0.,-1.,0.));
#14524=DIRECTION('',(0.,-1.,0.));
#14525=DIRECTION('',(0.,0.,-1.));
#14526=DIRECTION('center_axis',(0.,-1.,0.));
#14527=DIRECTION('ref_axis',(1.,0.,0.));
#14528=DIRECTION('',(0.,0.,-1.));
#14529=DIRECTION('',(0.,0.,-1.));
#14530=DIRECTION('',(1.,0.,0.));
#14531=DIRECTION('center_axis',(-1.,0.,0.));
#14532=DIRECTION('ref_axis',(0.,-1.,0.));
#14533=DIRECTION('',(0.,0.,-1.));
#14534=DIRECTION('',(0.,-1.,0.));
#14535=DIRECTION('center_axis',(0.,0.,1.));
#14536=DIRECTION('ref_axis',(1.,0.,0.));
#14537=DIRECTION('',(0.,1.,0.));
#14538=DIRECTION('',(1.,0.,0.));
#14539=DIRECTION('',(0.,-1.,0.));
#14540=DIRECTION('center_axis',(0.,-1.,0.));
#14541=DIRECTION('ref_axis',(1.,0.,0.));
#14542=DIRECTION('',(0.,0.,-1.));
#14543=DIRECTION('',(0.,0.,-1.));
#14544=DIRECTION('',(1.,0.,0.));
#14545=DIRECTION('center_axis',(0.,-2.22044604925E-16,-1.));
#14546=DIRECTION('ref_axis',(1.,0.,0.));
#14547=DIRECTION('',(1.,0.,0.));
#14548=DIRECTION('',(0.,1.,-2.22044604925E-16));
#14549=DIRECTION('',(0.,1.,-2.22044604925E-16));
#14550=DIRECTION('center_axis',(1.,0.,0.));
#14551=DIRECTION('ref_axis',(0.,2.22044604925E-16,1.));
#14552=DIRECTION('',(0.,2.22044604925E-16,1.));
#14553=DIRECTION('',(0.,1.,-2.22044604925E-16));
#14554=DIRECTION('center_axis',(0.,2.22044604925E-16,1.));
#14555=DIRECTION('ref_axis',(-1.,0.,0.));
#14556=DIRECTION('',(-1.,0.,0.));
#14557=DIRECTION('',(0.,1.,-2.22044604925E-16));
#14558=DIRECTION('center_axis',(-1.,0.,0.));
#14559=DIRECTION('ref_axis',(0.,-2.22044604925E-16,-1.));
#14560=DIRECTION('',(0.,-2.22044604925E-16,-1.));
#14561=DIRECTION('center_axis',(1.,0.,0.));
#14562=DIRECTION('ref_axis',(0.,2.22044604925E-16,1.));
#14563=DIRECTION('',(0.,2.22044604925E-16,1.));
#14564=DIRECTION('',(0.,1.,-2.22044604925E-16));
#14565=DIRECTION('',(0.,1.,-2.22044604925E-16));
#14566=DIRECTION('center_axis',(0.,2.22044604925E-16,1.));
#14567=DIRECTION('ref_axis',(-1.,0.,0.));
#14568=DIRECTION('',(-1.,0.,0.));
#14569=DIRECTION('',(0.,1.,-2.22044604925E-16));
#14570=DIRECTION('center_axis',(0.,-2.22044604925E-16,-1.));
#14571=DIRECTION('ref_axis',(1.,0.,0.));
#14572=DIRECTION('',(1.,0.,0.));
#14573=DIRECTION('',(0.,1.,-2.22044604925E-16));
#14574=DIRECTION('center_axis',(-1.,0.,0.));
#14575=DIRECTION('ref_axis',(0.,-2.22044604925E-16,-1.));
#14576=DIRECTION('',(0.,-2.22044604925E-16,-1.));
#14577=DIRECTION('center_axis',(1.,0.,0.));
#14578=DIRECTION('ref_axis',(0.,1.,0.));
#14579=DIRECTION('',(0.,1.,0.));
#14580=DIRECTION('',(0.,0.,-1.));
#14581=DIRECTION('center_axis',(0.,1.,0.));
#14582=DIRECTION('ref_axis',(-1.,0.,0.));
#14583=DIRECTION('',(0.,0.,-1.));
#14584=DIRECTION('',(0.,0.,-1.));
#14585=DIRECTION('',(-1.,0.,0.));
#14586=DIRECTION('center_axis',(0.,0.,1.));
#14587=DIRECTION('ref_axis',(-1.,0.,0.));
#14588=DIRECTION('',(0.,-1.,0.));
#14589=DIRECTION('',(-1.,0.,0.));
#14590=DIRECTION('',(0.,1.,0.));
#14591=DIRECTION('center_axis',(0.,1.,0.));
#14592=DIRECTION('ref_axis',(-1.,0.,0.));
#14593=DIRECTION('',(0.,0.,-1.));
#14594=DIRECTION('',(0.,0.,-1.));
#14595=DIRECTION('',(-1.,0.,0.));
#14596=DIRECTION('center_axis',(0.,-1.,0.));
#14597=DIRECTION('ref_axis',(1.,0.,0.));
#14598=DIRECTION('',(1.,0.,0.));
#14599=DIRECTION('',(0.,0.,-1.));
#14600=DIRECTION('center_axis',(0.,-1.,0.));
#14601=DIRECTION('ref_axis',(1.,0.,0.));
#14602=DIRECTION('',(0.,0.,-1.));
#14603=DIRECTION('',(1.,0.,0.));
#14604=DIRECTION('center_axis',(1.,0.,0.));
#14605=DIRECTION('ref_axis',(0.,1.,0.));
#14606=DIRECTION('',(0.,0.,-1.));
#14607=DIRECTION('',(0.,1.,0.));
#14608=DIRECTION('center_axis',(-1.,0.,0.));
#14609=DIRECTION('ref_axis',(0.,-1.,0.));
#14610=DIRECTION('',(0.,1.,0.));
#14611=DIRECTION('center_axis',(-1.,0.,0.));
#14612=DIRECTION('ref_axis',(0.,-1.,0.));
#14613=DIRECTION('',(0.,1.,0.));
#14614=DIRECTION('',(0.,0.,-1.));
#14615=DIRECTION('center_axis',(0.,0.,-1.));
#14616=DIRECTION('ref_axis',(0.,-1.,0.));
#14617=DIRECTION('',(-1.,0.,0.));
#14618=DIRECTION('',(1.,0.,0.));
#14619=DIRECTION('center_axis',(-1.,0.,0.));
#14620=DIRECTION('ref_axis',(0.,-1.,0.));
#14621=DIRECTION('',(1.,0.,0.));
#14622=DIRECTION('center_axis',(1.,0.,0.));
#14623=DIRECTION('ref_axis',(0.,1.,0.));
#14624=DIRECTION('',(0.,-0.294085848837945,0.95577900872182));
#14625=DIRECTION('',(0.,0.132163720090952,0.991227900682643));
#14626=DIRECTION('',(0.,0.132163720090952,-0.991227900682643));
#14627=DIRECTION('',(0.,-0.294085848837945,-0.95577900872182));
#14628=DIRECTION('',(0.,-1.,0.));
#14629=DIRECTION('center_axis',(-1.,0.,0.));
#14630=DIRECTION('ref_axis',(0.,-1.,0.));
#14631=DIRECTION('',(1.,0.,0.));
#14632=DIRECTION('',(1.,0.,0.));
#14633=DIRECTION('center_axis',(0.,0.,-1.));
#14634=DIRECTION('ref_axis',(0.,-1.,0.));
#14635=DIRECTION('',(-1.,0.,0.));
#14636=DIRECTION('center_axis',(1.,0.,0.));
#14637=DIRECTION('ref_axis',(0.,0.,-1.));
#14638=DIRECTION('',(0.,-1.,0.));
#14639=DIRECTION('',(0.,0.,-1.));
#14640=DIRECTION('center_axis',(1.,0.,0.));
#14641=DIRECTION('ref_axis',(0.,1.,0.));
#14642=DIRECTION('',(0.,0.294085848837945,-0.95577900872182));
#14643=DIRECTION('',(0.,1.,0.));
#14644=DIRECTION('',(0.,0.294085848837945,0.95577900872182));
#14645=DIRECTION('',(0.,-0.132163720090952,0.991227900682643));
#14646=DIRECTION('',(0.,-0.132163720090952,-0.991227900682643));
#14647=DIRECTION('center_axis',(1.,0.,0.));
#14648=DIRECTION('ref_axis',(0.,0.,-1.));
#14649=DIRECTION('',(0.,0.,-1.));
#14650=DIRECTION('',(0.,-1.,0.));
#14651=DIRECTION('center_axis',(0.,0.,1.));
#14652=DIRECTION('ref_axis',(-1.,0.,0.));
#14653=DIRECTION('center_axis',(0.,1.,0.));
#14654=DIRECTION('ref_axis',(-1.,0.,0.));
#14655=DIRECTION('',(-1.,0.,0.));
#14656=DIRECTION('center_axis',(0.,1.,0.));
#14657=DIRECTION('ref_axis',(1.,0.,0.));
#14658=DIRECTION('',(1.,0.,0.));
#14659=DIRECTION('center_axis',(-1.,0.,0.));
#14660=DIRECTION('ref_axis',(0.,1.,0.));
#14661=DIRECTION('',(0.,1.,0.));
#14662=DIRECTION('center_axis',(0.,1.,0.));
#14663=DIRECTION('ref_axis',(-1.,0.,0.));
#14664=DIRECTION('',(-1.,0.,0.));
#14665=DIRECTION('',(-1.,0.,0.));
#14666=DIRECTION('center_axis',(1.,0.,0.));
#14667=DIRECTION('ref_axis',(0.,1.,0.));
#14668=DIRECTION('',(0.,0.,-1.));
#14669=DIRECTION('',(0.,1.,0.));
#14670=DIRECTION('center_axis',(0.,-1.,0.));
#14671=DIRECTION('ref_axis',(1.,0.,0.));
#14672=DIRECTION('',(1.,0.,0.));
#14673=DIRECTION('',(1.,0.,0.));
#14674=DIRECTION('center_axis',(1.,0.,0.));
#14675=DIRECTION('ref_axis',(0.,1.,0.));
#14676=DIRECTION('',(0.,0.,-1.));
#14677=DIRECTION('',(0.,1.,0.));
#14678=DIRECTION('center_axis',(-1.,0.,0.));
#14679=DIRECTION('ref_axis',(0.,-1.,0.));
#14680=DIRECTION('',(0.,0.,-1.));
#14681=DIRECTION('',(0.,-1.,0.));
#14682=DIRECTION('center_axis',(0.,0.,-1.));
#14683=DIRECTION('ref_axis',(1.,0.,0.));
#14684=DIRECTION('',(0.,1.,0.));
#14685=DIRECTION('',(0.,1.,0.));
#14686=DIRECTION('',(1.,0.,0.));
#14687=DIRECTION('center_axis',(-1.,0.,0.));
#14688=DIRECTION('ref_axis',(0.,-1.,0.));
#14689=DIRECTION('',(0.,0.,-1.));
#14690=DIRECTION('',(0.,-1.,0.));
#14691=DIRECTION('center_axis',(1.,0.,0.));
#14692=DIRECTION('ref_axis',(0.,1.,0.));
#14693=DIRECTION('',(0.,0.,-1.));
#14694=DIRECTION('',(0.,1.,0.));
#14695=DIRECTION('center_axis',(0.,0.,-1.));
#14696=DIRECTION('ref_axis',(1.,0.,0.));
#14697=DIRECTION('',(0.,1.,0.));
#14698=DIRECTION('',(0.,1.,0.));
#14699=DIRECTION('',(1.,0.,0.));
#14700=DIRECTION('center_axis',(-1.,0.,0.));
#14701=DIRECTION('ref_axis',(0.,-1.,0.));
#14702=DIRECTION('',(0.,0.,-1.));
#14703=DIRECTION('',(0.,-1.,0.));
#14704=DIRECTION('center_axis',(1.,0.,0.));
#14705=DIRECTION('ref_axis',(0.,1.,0.));
#14706=DIRECTION('',(0.,0.,-1.));
#14707=DIRECTION('',(0.,1.,0.));
#14708=DIRECTION('center_axis',(0.,0.,-1.));
#14709=DIRECTION('ref_axis',(-1.,0.,0.));
#14710=DIRECTION('',(0.,-1.,0.));
#14711=DIRECTION('',(0.,-1.,0.));
#14712=DIRECTION('',(-1.,0.,0.));
#14713=DIRECTION('center_axis',(-1.,0.,0.));
#14714=DIRECTION('ref_axis',(0.,-1.,0.));
#14715=DIRECTION('',(0.,0.,-1.));
#14716=DIRECTION('',(0.,-1.,0.));
#14717=DIRECTION('center_axis',(0.,0.,-1.));
#14718=DIRECTION('ref_axis',(-1.,0.,0.));
#14719=DIRECTION('',(0.,-1.,0.));
#14720=DIRECTION('',(0.,-1.,0.));
#14721=DIRECTION('',(-1.,0.,0.));
#14722=DIRECTION('center_axis',(1.,0.,0.));
#14723=DIRECTION('ref_axis',(0.,1.,0.));
#14724=DIRECTION('',(0.,1.,0.));
#14725=DIRECTION('center_axis',(0.,0.,1.));
#14726=DIRECTION('ref_axis',(1.,0.,0.));
#14727=DIRECTION('',(0.,-1.,0.));
#14728=DIRECTION('',(1.,0.,0.));
#14729=DIRECTION('',(0.,-1.,0.));
#14730=DIRECTION('center_axis',(0.,0.,-1.));
#14731=DIRECTION('ref_axis',(1.,0.,0.));
#14732=DIRECTION('',(0.,1.,0.));
#14733=DIRECTION('',(0.,1.,0.));
#14734=DIRECTION('',(1.,0.,0.));
#14735=DIRECTION('center_axis',(-1.,0.,0.));
#14736=DIRECTION('ref_axis',(0.,0.,-1.));
#14737=DIRECTION('',(0.,0.,-1.));
#14738=DIRECTION('',(0.,1.,0.));
#14739=DIRECTION('center_axis',(0.,0.,-1.));
#14740=DIRECTION('ref_axis',(0.,-1.,0.));
#14741=DIRECTION('',(1.,0.,0.));
#14742=DIRECTION('',(0.,1.,0.));
#14743=DIRECTION('',(1.,0.,0.));
#14744=DIRECTION('center_axis',(-1.,0.,0.));
#14745=DIRECTION('ref_axis',(0.,-1.,0.));
#14746=DIRECTION('center_axis',(-1.,0.,0.));
#14747=DIRECTION('ref_axis',(0.,-1.,0.));
#14748=DIRECTION('',(1.,0.,0.));
#14749=DIRECTION('center_axis',(1.,0.,0.));
#14750=DIRECTION('ref_axis',(0.,1.,0.));
#14751=DIRECTION('',(0.,0.294085848837945,-0.95577900872182));
#14752=DIRECTION('',(0.,-0.132163720090952,-0.991227900682643));
#14753=DIRECTION('',(0.,-0.132163720090952,0.991227900682643));
#14754=DIRECTION('',(0.,0.294085848837945,0.95577900872182));
#14755=DIRECTION('',(0.,1.,0.));
#14756=DIRECTION('center_axis',(-1.,0.,0.));
#14757=DIRECTION('ref_axis',(0.,-1.,0.));
#14758=DIRECTION('',(1.,0.,0.));
#14759=DIRECTION('center_axis',(-1.,0.,0.));
#14760=DIRECTION('ref_axis',(0.,-1.,0.));
#14761=DIRECTION('',(1.,0.,0.));
#14762=DIRECTION('center_axis',(0.,0.,-1.));
#14763=DIRECTION('ref_axis',(0.,-1.,0.));
#14764=DIRECTION('',(0.,1.,0.));
#14765=DIRECTION('',(1.,0.,0.));
#14766=DIRECTION('center_axis',(1.,0.,0.));
#14767=DIRECTION('ref_axis',(0.,0.,-1.));
#14768=DIRECTION('',(0.,-1.,0.));
#14769=DIRECTION('',(0.,0.,-1.));
#14770=DIRECTION('center_axis',(0.,0.991227900682643,0.132163720090952));
#14771=DIRECTION('ref_axis',(0.,0.132163720090952,-0.991227900682644));
#14772=DIRECTION('',(1.,0.,0.));
#14773=DIRECTION('center_axis',(0.,-0.95577900872182,-0.294085848837945));
#14774=DIRECTION('ref_axis',(0.,-0.294085848837945,0.95577900872182));
#14775=DIRECTION('',(1.,0.,0.));
#14776=DIRECTION('',(1.,0.,0.));
#14777=DIRECTION('center_axis',(0.,-0.991227900682643,0.132163720090952));
#14778=DIRECTION('ref_axis',(0.,0.132163720090952,0.991227900682644));
#14779=DIRECTION('center_axis',(0.,0.95577900872182,-0.294085848837945));
#14780=DIRECTION('ref_axis',(0.,-0.294085848837945,-0.95577900872182));
#14781=DIRECTION('',(1.,0.,0.));
#14782=DIRECTION('center_axis',(0.,0.,-1.));
#14783=DIRECTION('ref_axis',(0.,1.,0.));
#14784=DIRECTION('center_axis',(0.,0.,-1.));
#14785=DIRECTION('ref_axis',(-1.,0.,0.));
#14786=DIRECTION('center_axis',(0.,-1.,0.));
#14787=DIRECTION('ref_axis',(1.,0.,0.));
#14788=DIRECTION('',(1.,0.,0.));
#14789=DIRECTION('center_axis',(0.,-1.,0.));
#14790=DIRECTION('ref_axis',(1.,0.,0.));
#14791=DIRECTION('',(1.,0.,0.));
#14792=DIRECTION('center_axis',(1.,0.,0.));
#14793=DIRECTION('ref_axis',(0.,1.,0.));
#14794=DIRECTION('',(0.,0.,-1.));
#14795=DIRECTION('center_axis',(-1.,0.,0.));
#14796=DIRECTION('ref_axis',(0.,0.,1.));
#14797=DIRECTION('',(0.,1.,0.));
#14798=DIRECTION('',(0.,0.,-1.));
#14799=DIRECTION('center_axis',(0.,1.,0.));
#14800=DIRECTION('ref_axis',(-1.,0.,0.));
#14801=DIRECTION('',(-1.,0.,0.));
#14802=DIRECTION('center_axis',(0.,1.,0.));
#14803=DIRECTION('ref_axis',(-1.,0.,0.));
#14804=DIRECTION('',(-1.,0.,0.));
#14805=DIRECTION('center_axis',(1.,0.,0.));
#14806=DIRECTION('ref_axis',(0.,1.,0.));
#14807=DIRECTION('',(0.,0.,-1.));
#14808=DIRECTION('',(0.,0.,-1.));
#14809=DIRECTION('',(0.,1.,0.));
#14810=DIRECTION('center_axis',(1.,0.,0.));
#14811=DIRECTION('ref_axis',(0.,0.,-1.));
#14812=DIRECTION('center_axis',(-1.,0.,0.));
#14813=DIRECTION('ref_axis',(0.,-1.,0.));
#14814=DIRECTION('',(0.,0.,-1.));
#14815=DIRECTION('center_axis',(1.,0.,0.));
#14816=DIRECTION('ref_axis',(0.,0.,-1.));
#14817=DIRECTION('',(0.,-1.,0.));
#14818=DIRECTION('',(0.,0.,-1.));
#14819=DIRECTION('center_axis',(-1.,0.,0.));
#14820=DIRECTION('ref_axis',(0.,0.,-1.));
#14821=DIRECTION('',(0.,0.,-1.));
#14822=DIRECTION('',(0.,1.,0.));
#14823=DIRECTION('center_axis',(-1.,0.,0.));
#14824=DIRECTION('ref_axis',(0.,0.,-1.));
#14825=DIRECTION('',(0.,1.,0.));
#14826=DIRECTION('',(0.,0.,-1.));
#14827=DIRECTION('center_axis',(0.,-1.,0.));
#14828=DIRECTION('ref_axis',(1.,0.,0.));
#14829=DIRECTION('',(1.,0.,0.));
#14830=DIRECTION('center_axis',(-1.,0.,0.));
#14831=DIRECTION('ref_axis',(0.,-1.,0.));
#14832=DIRECTION('',(0.,0.,-1.));
#14833=DIRECTION('center_axis',(1.,0.,0.));
#14834=DIRECTION('ref_axis',(0.,0.,-1.));
#14835=DIRECTION('',(0.,-1.,0.));
#14836=DIRECTION('',(0.,0.,-1.));
#14837=DIRECTION('center_axis',(1.,0.,0.));
#14838=DIRECTION('ref_axis',(0.,1.,0.));
#14839=DIRECTION('',(0.,0.,-1.));
#14840=DIRECTION('',(0.,0.,-1.));
#14841=DIRECTION('',(0.,1.,0.));
#14842=DIRECTION('center_axis',(1.,0.,0.));
#14843=DIRECTION('ref_axis',(0.,0.,-1.));
#14844=DIRECTION('center_axis',(-1.,0.,0.));
#14845=DIRECTION('ref_axis',(0.,0.,-1.));
#14846=DIRECTION('',(0.,0.,-1.));
#14847=DIRECTION('',(0.,1.,0.));
#14848=DIRECTION('center_axis',(-1.,0.,0.));
#14849=DIRECTION('ref_axis',(0.,0.,-1.));
#14850=DIRECTION('',(0.,1.,0.));
#14851=DIRECTION('',(0.,0.,-1.));
#14852=DIRECTION('center_axis',(0.,-1.,0.));
#14853=DIRECTION('ref_axis',(1.,0.,0.));
#14854=DIRECTION('',(1.,0.,0.));
#14855=DIRECTION('center_axis',(-1.,0.,0.));
#14856=DIRECTION('ref_axis',(0.,-1.,0.));
#14857=DIRECTION('',(0.,0.,-1.));
#14858=DIRECTION('',(0.,0.,-1.));
#14859=DIRECTION('',(0.,-1.,0.));
#14860=DIRECTION('center_axis',(-1.,0.,0.));
#14861=DIRECTION('ref_axis',(0.,0.,1.));
#14862=DIRECTION('center_axis',(1.,0.,0.));
#14863=DIRECTION('ref_axis',(0.,1.,0.));
#14864=DIRECTION('',(0.,0.,-1.));
#14865=DIRECTION('center_axis',(-1.,0.,0.));
#14866=DIRECTION('ref_axis',(0.,0.,1.));
#14867=DIRECTION('',(0.,1.,0.));
#14868=DIRECTION('',(0.,0.,-1.));
#14869=DIRECTION('center_axis',(1.,0.,0.));
#14870=DIRECTION('ref_axis',(0.,0.,-1.));
#14871=DIRECTION('',(0.,0.,-1.));
#14872=DIRECTION('',(0.,-1.,0.));
#14873=DIRECTION('center_axis',(1.,0.,0.));
#14874=DIRECTION('ref_axis',(0.,0.,-1.));
#14875=DIRECTION('',(0.,-1.,0.));
#14876=DIRECTION('',(0.,0.,-1.));
#14877=DIRECTION('center_axis',(0.,1.,0.));
#14878=DIRECTION('ref_axis',(-1.,0.,0.));
#14879=DIRECTION('',(-1.,0.,0.));
#14880=DIRECTION('center_axis',(-1.,0.,0.));
#14881=DIRECTION('ref_axis',(0.,-1.,0.));
#14882=DIRECTION('',(0.,0.,-1.));
#14883=DIRECTION('',(0.,0.,-1.));
#14884=DIRECTION('',(0.,-1.,0.));
#14885=DIRECTION('center_axis',(-1.,0.,0.));
#14886=DIRECTION('ref_axis',(0.,0.,1.));
#14887=DIRECTION('center_axis',(1.,0.,0.));
#14888=DIRECTION('ref_axis',(0.,0.,-1.));
#14889=DIRECTION('',(0.,0.,-1.));
#14890=DIRECTION('',(0.,-1.,0.));
#14891=DIRECTION('center_axis',(1.,0.,0.));
#14892=DIRECTION('ref_axis',(0.,0.,-1.));
#14893=DIRECTION('',(0.,-1.,0.));
#14894=DIRECTION('',(0.,0.,-1.));
#14895=DIRECTION('center_axis',(0.,1.,0.));
#14896=DIRECTION('ref_axis',(-1.,0.,0.));
#14897=DIRECTION('',(-1.,0.,0.));
#14898=DIRECTION('center_axis',(1.,0.,0.));
#14899=DIRECTION('ref_axis',(0.,1.,0.));
#14900=DIRECTION('',(0.,0.,-1.));
#14901=DIRECTION('',(0.,1.,0.));
#14902=DIRECTION('',(0.,0.,-1.));
#14903=DIRECTION('center_axis',(1.,0.,0.));
#14904=DIRECTION('ref_axis',(0.,0.,-1.));
#14905=DIRECTION('',(0.,0.,-1.));
#14906=DIRECTION('',(0.,-1.,0.));
#14907=DIRECTION('center_axis',(0.,-1.,0.));
#14908=DIRECTION('ref_axis',(1.,0.,0.));
#14909=DIRECTION('',(1.,0.,0.));
#14910=DIRECTION('center_axis',(-1.,0.,0.));
#14911=DIRECTION('ref_axis',(0.,0.,-1.));
#14912=DIRECTION('',(0.,1.,0.));
#14913=DIRECTION('',(0.,0.,-1.));
#14914=DIRECTION('center_axis',(0.,-1.,0.));
#14915=DIRECTION('ref_axis',(1.,0.,0.));
#14916=DIRECTION('',(1.,0.,0.));
#14917=DIRECTION('center_axis',(0.,0.,-1.));
#14918=DIRECTION('ref_axis',(1.,0.,0.));
#14919=DIRECTION('center_axis',(0.,0.991227900682643,0.132163720090952));
#14920=DIRECTION('ref_axis',(0.,0.132163720090952,-0.991227900682644));
#14921=DIRECTION('',(0.,-0.132163720090952,0.991227900682643));
#14922=DIRECTION('',(1.,0.,0.));
#14923=DIRECTION('center_axis',(0.,-0.95577900872182,-0.294085848837945));
#14924=DIRECTION('ref_axis',(0.,-0.294085848837945,0.95577900872182));
#14925=DIRECTION('',(1.,0.,0.));
#14926=DIRECTION('',(0.,0.294085848837945,-0.95577900872182));
#14927=DIRECTION('',(1.,0.,0.));
#14928=DIRECTION('center_axis',(0.,-0.991227900682643,0.132163720090952));
#14929=DIRECTION('ref_axis',(0.,0.132163720090952,0.991227900682644));
#14930=DIRECTION('',(0.,-0.132163720090952,-0.991227900682643));
#14931=DIRECTION('center_axis',(0.,0.95577900872182,-0.294085848837945));
#14932=DIRECTION('ref_axis',(0.,-0.294085848837945,-0.95577900872182));
#14933=DIRECTION('',(0.,0.294085848837945,0.95577900872182));
#14934=DIRECTION('',(1.,0.,0.));
#14935=DIRECTION('center_axis',(0.,0.,1.));
#14936=DIRECTION('ref_axis',(0.,1.,0.));
#14937=DIRECTION('',(0.,1.,0.));
#14938=DIRECTION('center_axis',(0.,0.,1.));
#14939=DIRECTION('ref_axis',(1.,0.,0.));
#14940=DIRECTION('center_axis',(0.,-1.,0.));
#14941=DIRECTION('ref_axis',(1.,0.,0.));
#14942=DIRECTION('',(1.,0.,0.));
#14943=DIRECTION('center_axis',(0.,-1.,0.));
#14944=DIRECTION('ref_axis',(1.,0.,0.));
#14945=DIRECTION('',(1.,0.,0.));
#14946=DIRECTION('center_axis',(1.,0.,0.));
#14947=DIRECTION('ref_axis',(0.,1.,0.));
#14948=DIRECTION('',(1.,0.,0.));
#14949=DIRECTION('center_axis',(0.,0.,1.));
#14950=DIRECTION('ref_axis',(1.,0.,0.));
#14951=DIRECTION('',(-1.,0.,0.));
#14952=DIRECTION('center_axis',(0.,1.,0.));
#14953=DIRECTION('ref_axis',(-1.,0.,0.));
#14954=DIRECTION('',(-1.,0.,0.));
#14955=DIRECTION('center_axis',(0.,1.,0.));
#14956=DIRECTION('ref_axis',(-1.,0.,0.));
#14957=DIRECTION('',(-1.,0.,0.));
#14958=DIRECTION('center_axis',(-1.,0.,0.));
#14959=DIRECTION('ref_axis',(0.,-1.,0.));
#14960=DIRECTION('',(-1.,0.,0.));
#14961=DIRECTION('center_axis',(0.,0.,1.));
#14962=DIRECTION('ref_axis',(1.,0.,0.));
#14963=DIRECTION('',(1.,0.,0.));
#14964=DIRECTION('center_axis',(0.,0.,-1.));
#14965=DIRECTION('ref_axis',(1.,0.,0.));
#14966=DIRECTION('center_axis',(-1.,0.,0.));
#14967=DIRECTION('ref_axis',(0.,-1.,0.));
#14968=DIRECTION('',(-1.,0.,0.));
#14969=DIRECTION('center_axis',(0.,0.,1.));
#14970=DIRECTION('ref_axis',(1.,0.,0.));
#14971=DIRECTION('',(1.,0.,0.));
#14972=DIRECTION('center_axis',(0.,0.,-1.));
#14973=DIRECTION('ref_axis',(1.,0.,0.));
#14974=DIRECTION('center_axis',(1.,0.,0.));
#14975=DIRECTION('ref_axis',(0.,1.,0.));
#14976=DIRECTION('',(1.,0.,0.));
#14977=DIRECTION('center_axis',(0.,0.,1.));
#14978=DIRECTION('ref_axis',(1.,0.,0.));
#14979=DIRECTION('',(-1.,0.,0.));
#14980=DIRECTION('center_axis',(0.,0.,-1.));
#14981=DIRECTION('ref_axis',(-1.,0.,0.));
#14982=DIRECTION('center_axis',(0.,0.,-1.));
#14983=DIRECTION('ref_axis',(-1.,0.,0.));
#14984=DIRECTION('center_axis',(1.,0.,0.));
#14985=DIRECTION('ref_axis',(0.,1.,0.));
#14986=DIRECTION('center_axis',(0.,1.,0.));
#14987=DIRECTION('ref_axis',(1.,0.,0.));
#14988=DIRECTION('',(0.,0.,1.));
#14989=DIRECTION('',(1.,0.,0.));
#14990=DIRECTION('',(0.,0.,1.));
#14991=DIRECTION('',(1.,0.,0.));
#14992=DIRECTION('center_axis',(-1.,0.,0.));
#14993=DIRECTION('ref_axis',(0.,1.,0.));
#14994=DIRECTION('',(0.,1.,0.));
#14995=DIRECTION('',(0.,0.,1.));
#14996=DIRECTION('',(0.,1.,0.));
#14997=DIRECTION('center_axis',(0.,1.,0.));
#14998=DIRECTION('ref_axis',(1.,0.,0.));
#14999=DIRECTION('',(1.,0.,0.));
#15000=DIRECTION('',(0.,0.,1.));
#15001=DIRECTION('',(1.,0.,0.));
#15002=DIRECTION('center_axis',(1.,0.,0.));
#15003=DIRECTION('ref_axis',(0.,-1.,0.));
#15004=DIRECTION('',(0.,-1.,0.));
#15005=DIRECTION('',(0.,0.,1.));
#15006=DIRECTION('',(0.,-1.,0.));
#15007=DIRECTION('center_axis',(0.,1.,0.));
#15008=DIRECTION('ref_axis',(1.,0.,0.));
#15009=DIRECTION('',(1.,0.,0.));
#15010=DIRECTION('',(0.,0.,1.));
#15011=DIRECTION('',(1.,0.,0.));
#15012=DIRECTION('center_axis',(1.,0.,0.));
#15013=DIRECTION('ref_axis',(0.,-1.,0.));
#15014=DIRECTION('',(0.,-1.,0.));
#15015=DIRECTION('',(0.,0.,1.));
#15016=DIRECTION('',(0.,-1.,0.));
#15017=DIRECTION('center_axis',(0.,-1.,0.));
#15018=DIRECTION('ref_axis',(-1.,0.,0.));
#15019=DIRECTION('',(-1.,0.,0.));
#15020=DIRECTION('',(0.,0.,1.));
#15021=DIRECTION('',(-1.,0.,0.));
#15022=DIRECTION('center_axis',(1.,0.,0.));
#15023=DIRECTION('ref_axis',(0.,-1.,0.));
#15024=DIRECTION('',(0.,-1.,0.));
#15025=DIRECTION('',(0.,0.,1.));
#15026=DIRECTION('',(0.,-1.,0.));
#15027=DIRECTION('center_axis',(0.,-1.,0.));
#15028=DIRECTION('ref_axis',(-1.,0.,0.));
#15029=DIRECTION('',(-1.,0.,0.));
#15030=DIRECTION('',(0.,0.,1.));
#15031=DIRECTION('',(-1.,0.,0.));
#15032=DIRECTION('center_axis',(-1.,0.,0.));
#15033=DIRECTION('ref_axis',(0.,1.,0.));
#15034=DIRECTION('',(0.,1.,0.));
#15035=DIRECTION('',(0.,0.,1.));
#15036=DIRECTION('',(0.,1.,0.));
#15037=DIRECTION('center_axis',(0.,-1.,0.));
#15038=DIRECTION('ref_axis',(-1.,0.,0.));
#15039=DIRECTION('',(-1.,0.,0.));
#15040=DIRECTION('',(0.,0.,1.));
#15041=DIRECTION('',(-1.,0.,0.));
#15042=DIRECTION('center_axis',(-1.,0.,0.));
#15043=DIRECTION('ref_axis',(0.,1.,0.));
#15044=DIRECTION('',(0.,1.,0.));
#15045=DIRECTION('',(0.,1.,0.));
#15046=DIRECTION('center_axis',(0.,0.,1.));
#15047=DIRECTION('ref_axis',(1.,0.,0.));
#15048=DIRECTION('center_axis',(0.,0.,1.));
#15049=DIRECTION('ref_axis',(1.,0.,0.));
#15050=DIRECTION('center_axis',(0.,-1.,0.));
#15051=DIRECTION('ref_axis',(1.,0.,0.));
#15052=DIRECTION('',(0.,0.,-1.));
#15053=DIRECTION('',(1.,0.,0.));
#15054=DIRECTION('',(0.,0.,-1.));
#15055=DIRECTION('',(-0.707106781186548,0.,-0.707106781186548));
#15056=DIRECTION('',(1.,0.,0.));
#15057=DIRECTION('',(0.707106781186548,0.,-0.707106781186548));
#15058=DIRECTION('center_axis',(1.,0.,0.));
#15059=DIRECTION('ref_axis',(0.,1.,0.));
#15060=DIRECTION('',(0.,0.,-1.));
#15061=DIRECTION('',(0.,1.,0.));
#15062=DIRECTION('',(0.,1.,0.));
#15063=DIRECTION('center_axis',(-0.707106781186548,0.,-0.707106781186548));
#15064=DIRECTION('ref_axis',(0.,1.,0.));
#15065=DIRECTION('',(0.707106781186548,0.,-0.707106781186548));
#15066=DIRECTION('',(0.,1.,0.));
#15067=DIRECTION('center_axis',(0.,0.,1.));
#15068=DIRECTION('ref_axis',(1.,0.,0.));
#15069=DIRECTION('',(-1.,0.,0.));
#15070=DIRECTION('',(0.,-1.,0.));
#15071=DIRECTION('center_axis',(0.,0.,1.));
#15072=DIRECTION('ref_axis',(1.,0.,0.));
#15073=DIRECTION('',(0.,-1.,0.));
#15074=DIRECTION('',(-1.,0.,0.));
#15075=DIRECTION('center_axis',(-1.,0.,0.));
#15076=DIRECTION('ref_axis',(0.,-1.,0.));
#15077=DIRECTION('',(0.,0.,-1.));
#15078=DIRECTION('',(0.,-1.,0.));
#15079=DIRECTION('center_axis',(0.707106781186548,0.,-0.707106781186548));
#15080=DIRECTION('ref_axis',(0.,-1.,0.));
#15081=DIRECTION('',(-0.707106781186548,0.,-0.707106781186548));
#15082=DIRECTION('center_axis',(0.,1.,0.));
#15083=DIRECTION('ref_axis',(-1.,0.,0.));
#15084=DIRECTION('center_axis',(0.,-1.,0.));
#15085=DIRECTION('ref_axis',(1.,0.,0.));
#15086=DIRECTION('',(0.,0.,-1.));
#15087=DIRECTION('',(1.,0.,0.));
#15088=DIRECTION('',(0.,0.,-1.));
#15089=DIRECTION('',(-0.707106781186548,0.,-0.707106781186548));
#15090=DIRECTION('',(1.,0.,0.));
#15091=DIRECTION('',(0.707106781186548,0.,-0.707106781186548));
#15092=DIRECTION('center_axis',(1.,0.,0.));
#15093=DIRECTION('ref_axis',(0.,1.,0.));
#15094=DIRECTION('',(0.,0.,-1.));
#15095=DIRECTION('',(0.,1.,0.));
#15096=DIRECTION('',(0.,1.,0.));
#15097=DIRECTION('center_axis',(-0.707106781186548,0.,-0.707106781186548));
#15098=DIRECTION('ref_axis',(0.,1.,0.));
#15099=DIRECTION('',(0.707106781186548,0.,-0.707106781186548));
#15100=DIRECTION('',(0.,1.,0.));
#15101=DIRECTION('center_axis',(0.,0.,1.));
#15102=DIRECTION('ref_axis',(1.,0.,0.));
#15103=DIRECTION('',(-1.,0.,0.));
#15104=DIRECTION('',(0.,-1.,0.));
#15105=DIRECTION('center_axis',(0.,0.,1.));
#15106=DIRECTION('ref_axis',(1.,0.,0.));
#15107=DIRECTION('',(0.,-1.,0.));
#15108=DIRECTION('',(-1.,0.,0.));
#15109=DIRECTION('center_axis',(-1.,0.,0.));
#15110=DIRECTION('ref_axis',(0.,-1.,0.));
#15111=DIRECTION('',(0.,0.,-1.));
#15112=DIRECTION('',(0.,-1.,0.));
#15113=DIRECTION('center_axis',(0.707106781186548,0.,-0.707106781186548));
#15114=DIRECTION('ref_axis',(0.,-1.,0.));
#15115=DIRECTION('',(-0.707106781186548,0.,-0.707106781186548));
#15116=DIRECTION('center_axis',(0.,1.,0.));
#15117=DIRECTION('ref_axis',(-1.,0.,0.));
#15118=DIRECTION('center_axis',(0.,-1.,0.));
#15119=DIRECTION('ref_axis',(1.,0.,0.));
#15120=DIRECTION('',(0.,0.,-1.));
#15121=DIRECTION('',(1.,0.,0.));
#15122=DIRECTION('',(0.,0.,-1.));
#15123=DIRECTION('',(-0.707106781186548,0.,-0.707106781186548));
#15124=DIRECTION('',(1.,0.,0.));
#15125=DIRECTION('',(0.707106781186548,0.,-0.707106781186548));
#15126=DIRECTION('center_axis',(1.,0.,0.));
#15127=DIRECTION('ref_axis',(0.,1.,0.));
#15128=DIRECTION('',(0.,0.,-1.));
#15129=DIRECTION('',(0.,1.,0.));
#15130=DIRECTION('',(0.,1.,0.));
#15131=DIRECTION('center_axis',(-0.707106781186548,0.,-0.707106781186548));
#15132=DIRECTION('ref_axis',(0.,1.,0.));
#15133=DIRECTION('',(0.707106781186548,0.,-0.707106781186548));
#15134=DIRECTION('',(0.,1.,0.));
#15135=DIRECTION('center_axis',(0.,0.,1.));
#15136=DIRECTION('ref_axis',(1.,0.,0.));
#15137=DIRECTION('',(-1.,0.,0.));
#15138=DIRECTION('',(0.,-1.,0.));
#15139=DIRECTION('center_axis',(0.,0.,1.));
#15140=DIRECTION('ref_axis',(1.,0.,0.));
#15141=DIRECTION('',(0.,-1.,0.));
#15142=DIRECTION('',(-1.,0.,0.));
#15143=DIRECTION('center_axis',(-1.,0.,0.));
#15144=DIRECTION('ref_axis',(0.,-1.,0.));
#15145=DIRECTION('',(0.,0.,-1.));
#15146=DIRECTION('',(0.,-1.,0.));
#15147=DIRECTION('center_axis',(0.707106781186548,0.,-0.707106781186548));
#15148=DIRECTION('ref_axis',(0.,-1.,0.));
#15149=DIRECTION('',(-0.707106781186548,0.,-0.707106781186548));
#15150=DIRECTION('center_axis',(0.,1.,0.));
#15151=DIRECTION('ref_axis',(-1.,0.,0.));
#15152=DIRECTION('center_axis',(0.,1.,0.));
#15153=DIRECTION('ref_axis',(1.,0.,0.));
#15154=DIRECTION('',(0.,0.,1.));
#15155=DIRECTION('',(1.,0.,0.));
#15156=DIRECTION('',(0.,0.,1.));
#15157=DIRECTION('',(1.,0.,0.));
#15158=DIRECTION('center_axis',(0.,1.,0.));
#15159=DIRECTION('ref_axis',(0.,0.,1.));
#15160=DIRECTION('',(-1.,0.,0.));
#15161=DIRECTION('',(0.,0.,1.));
#15162=DIRECTION('',(-1.,0.,0.));
#15163=DIRECTION('center_axis',(0.,-1.,0.));
#15164=DIRECTION('ref_axis',(0.,0.,1.));
#15165=DIRECTION('',(1.,0.,0.));
#15166=DIRECTION('',(1.,0.,0.));
#15167=DIRECTION('',(0.,0.,1.));
#15168=DIRECTION('center_axis',(0.,0.,1.));
#15169=DIRECTION('ref_axis',(1.,0.,0.));
#15170=DIRECTION('',(0.,-1.,0.));
#15171=DIRECTION('',(-1.,0.,0.));
#15172=DIRECTION('',(0.,1.,0.));
#15173=DIRECTION('center_axis',(0.,1.,0.));
#15174=DIRECTION('ref_axis',(1.,0.,0.));
#15175=DIRECTION('',(0.,0.,1.));
#15176=DIRECTION('',(1.,0.,0.));
#15177=DIRECTION('',(-0.707106781186548,0.,0.707106781186548));
#15178=DIRECTION('',(-0.707106781186548,0.,-0.707106781186548));
#15179=DIRECTION('',(1.,0.,0.));
#15180=DIRECTION('',(0.,0.,1.));
#15181=DIRECTION('center_axis',(0.,0.,-1.));
#15182=DIRECTION('ref_axis',(0.,1.,0.));
#15183=DIRECTION('',(-1.,0.,0.));
#15184=DIRECTION('',(0.,1.,0.));
#15185=DIRECTION('center_axis',(0.,0.,-1.));
#15186=DIRECTION('ref_axis',(0.,1.,0.));
#15187=DIRECTION('',(-1.,0.,0.));
#15188=DIRECTION('',(0.,1.,0.));
#15189=DIRECTION('',(0.,1.,0.));
#15190=DIRECTION('center_axis',(-1.,0.,0.));
#15191=DIRECTION('ref_axis',(0.,1.,0.));
#15192=DIRECTION('',(0.,0.,1.));
#15193=DIRECTION('center_axis',(0.,0.,-1.));
#15194=DIRECTION('ref_axis',(0.,-1.,0.));
#15195=DIRECTION('',(0.,-1.,0.));
#15196=DIRECTION('',(1.,0.,0.));
#15197=DIRECTION('center_axis',(0.,0.,-1.));
#15198=DIRECTION('ref_axis',(0.,-1.,0.));
#15199=DIRECTION('',(0.,-1.,0.));
#15200=DIRECTION('',(1.,0.,0.));
#15201=DIRECTION('',(0.,-1.,0.));
#15202=DIRECTION('center_axis',(1.,0.,0.));
#15203=DIRECTION('ref_axis',(0.,-1.,0.));
#15204=DIRECTION('',(0.,0.,1.));
#15205=DIRECTION('center_axis',(0.,-1.,0.));
#15206=DIRECTION('ref_axis',(-1.,0.,0.));
#15207=DIRECTION('',(0.,0.,1.));
#15208=DIRECTION('',(-1.,0.,0.));
#15209=DIRECTION('',(0.,0.,1.));
#15210=DIRECTION('center_axis',(1.,0.,0.));
#15211=DIRECTION('ref_axis',(0.,-1.,0.));
#15212=DIRECTION('',(0.,-1.,0.));
#15213=DIRECTION('',(0.,0.,1.));
#15214=DIRECTION('center_axis',(0.,0.,1.));
#15215=DIRECTION('ref_axis',(1.,0.,0.));
#15216=DIRECTION('',(0.,1.,-2.22044604925E-16));
#15217=DIRECTION('',(-1.,0.,0.));
#15218=DIRECTION('center_axis',(0.707106781186548,-1.570092458682E-16,-0.707106781186548));
#15219=DIRECTION('ref_axis',(0.707106781186548,1.570092458682E-16,0.707106781186548));
#15220=DIRECTION('',(0.707106781186548,1.570092458682E-16,0.707106781186548));
#15221=DIRECTION('',(0.,1.,-2.22044604925E-16));
#15222=DIRECTION('center_axis',(-0.707106781186548,-1.570092458682E-16,
-0.707106781186548));
#15223=DIRECTION('ref_axis',(0.707106781186548,-1.570092458682E-16,-0.707106781186548));
#15224=DIRECTION('',(0.707106781186548,-1.570092458682E-16,-0.707106781186548));
#15225=DIRECTION('',(0.,1.,-2.22044604925E-16));
#15226=DIRECTION('center_axis',(0.,0.,1.));
#15227=DIRECTION('ref_axis',(1.,0.,0.));
#15228=DIRECTION('',(0.,1.,0.));
#15229=DIRECTION('',(-1.,0.,0.));
#15230=DIRECTION('center_axis',(-1.,0.,0.));
#15231=DIRECTION('ref_axis',(0.,1.,0.));
#15232=DIRECTION('',(0.,0.,1.));
#15233=DIRECTION('center_axis',(0.,1.,0.));
#15234=DIRECTION('ref_axis',(0.,0.,1.));
#15235=DIRECTION('center_axis',(0.,-1.,0.));
#15236=DIRECTION('ref_axis',(0.,0.,1.));
#15237=DIRECTION('center_axis',(0.,-1.,0.));
#15238=DIRECTION('ref_axis',(-1.,0.,0.));
#15239=DIRECTION('axis',(0.,0.,1.));
#15240=DIRECTION('refdir',(1.,0.,0.));
#15241=DIRECTION('center_axis',(0.,0.,-1.));
#15242=DIRECTION('ref_axis',(-1.,0.,0.));
#15243=DIRECTION('center_axis',(0.,0.,1.));
#15244=DIRECTION('ref_axis',(1.,0.,0.));
#15245=DIRECTION('center_axis',(0.,0.,-1.));
#15246=DIRECTION('ref_axis',(1.,0.,0.));
#15247=DIRECTION('center_axis',(0.,0.,-1.));
#15248=DIRECTION('ref_axis',(1.,0.,0.));
#15249=DIRECTION('',(0.,0.,1.));
#15250=DIRECTION('center_axis',(0.,0.,-1.));
#15251=DIRECTION('ref_axis',(-1.,0.,0.));
#15252=DIRECTION('',(1.,0.,0.));
#15253=DIRECTION('center_axis',(0.,0.,1.));
#15254=DIRECTION('ref_axis',(0.,-1.,0.));
#15255=DIRECTION('',(0.,1.,0.));
#15256=DIRECTION('center_axis',(0.,0.,1.));
#15257=DIRECTION('ref_axis',(0.,-1.,0.));
#15258=DIRECTION('',(-1.,0.,0.));
#15259=DIRECTION('center_axis',(0.,0.,1.));
#15260=DIRECTION('ref_axis',(0.,-1.,0.));
#15261=DIRECTION('',(0.,-1.,0.));
#15262=DIRECTION('center_axis',(0.,0.,-1.));
#15263=DIRECTION('ref_axis',(0.,-1.,0.));
#15264=DIRECTION('center_axis',(0.,0.,-1.));
#15265=DIRECTION('ref_axis',(1.,0.,0.));
#15266=DIRECTION('center_axis',(0.,0.,-1.));
#15267=DIRECTION('ref_axis',(1.,0.,0.));
#15268=DIRECTION('center_axis',(0.,0.,-1.));
#15269=DIRECTION('ref_axis',(1.,0.,0.));
#15270=DIRECTION('center_axis',(0.,0.,-1.));
#15271=DIRECTION('ref_axis',(1.,0.,0.));
#15272=DIRECTION('center_axis',(0.,1.,0.));
#15273=DIRECTION('ref_axis',(1.,0.,0.));
#15274=DIRECTION('',(1.,0.,0.));
#15275=DIRECTION('',(0.,0.,1.));
#15276=DIRECTION('',(0.,0.,1.));
#15277=DIRECTION('center_axis',(0.,0.,1.));
#15278=DIRECTION('ref_axis',(0.,-1.,0.));
#15279=DIRECTION('',(0.,0.,1.));
#15280=DIRECTION('center_axis',(0.,0.,-1.));
#15281=DIRECTION('ref_axis',(0.,-1.,0.));
#15282=DIRECTION('center_axis',(0.,0.,1.));
#15283=DIRECTION('ref_axis',(0.,-1.,0.));
#15284=DIRECTION('center_axis',(0.,0.,1.));
#15285=DIRECTION('ref_axis',(0.,-1.,0.));
#15286=DIRECTION('',(0.,0.,1.));
#15287=DIRECTION('center_axis',(1.,0.,0.));
#15288=DIRECTION('ref_axis',(0.,-1.,0.));
#15289=DIRECTION('',(0.,-1.,0.));
#15290=DIRECTION('',(0.,0.,1.));
#15291=DIRECTION('center_axis',(-1.,0.,0.));
#15292=DIRECTION('ref_axis',(0.,1.,0.));
#15293=DIRECTION('',(0.,1.,0.));
#15294=DIRECTION('',(0.,0.,1.));
#15295=DIRECTION('center_axis',(0.,0.,1.));
#15296=DIRECTION('ref_axis',(0.,1.,0.));
#15297=DIRECTION('center_axis',(0.,0.,1.));
#15298=DIRECTION('ref_axis',(0.,-1.,0.));
#15299=DIRECTION('',(0.,0.,1.));
#15300=DIRECTION('center_axis',(0.,0.,1.));
#15301=DIRECTION('ref_axis',(1.,0.,0.));
#15302=DIRECTION('center_axis',(0.,0.,1.));
#15303=DIRECTION('ref_axis',(0.,-1.,0.));
#15304=DIRECTION('',(0.,0.,1.));
#15305=DIRECTION('center_axis',(0.,-1.,0.));
#15306=DIRECTION('ref_axis',(-1.,0.,0.));
#15307=DIRECTION('',(-1.,0.,0.));
#15308=DIRECTION('center_axis',(0.,0.,-1.));
#15309=DIRECTION('ref_axis',(1.,0.,0.));
#15310=DIRECTION('',(0.,0.,1.));
#15311=DIRECTION('center_axis',(0.,0.,1.));
#15312=DIRECTION('ref_axis',(1.,0.,0.));
#15313=DIRECTION('center_axis',(0.,0.,-1.));
#15314=DIRECTION('ref_axis',(1.,0.,0.));
#15315=DIRECTION('',(0.,0.,1.));
#15316=DIRECTION('center_axis',(0.,0.,1.));
#15317=DIRECTION('ref_axis',(1.,0.,0.));
#15318=DIRECTION('center_axis',(0.,0.,-1.));
#15319=DIRECTION('ref_axis',(1.,0.,0.));
#15320=DIRECTION('',(0.,0.,1.));
#15321=DIRECTION('center_axis',(0.,0.,1.));
#15322=DIRECTION('ref_axis',(1.,0.,0.));
#15323=DIRECTION('center_axis',(0.,0.,-1.));
#15324=DIRECTION('ref_axis',(1.,0.,0.));
#15325=DIRECTION('',(0.,0.,1.));
#15326=DIRECTION('center_axis',(0.,0.,1.));
#15327=DIRECTION('ref_axis',(1.,0.,0.));
#15328=DIRECTION('center_axis',(0.,1.,0.));
#15329=DIRECTION('ref_axis',(1.,0.,0.));
#15330=DIRECTION('',(1.,0.,0.));
#15331=DIRECTION('',(0.,0.,1.));
#15332=DIRECTION('',(0.,0.,1.));
#15333=DIRECTION('center_axis',(0.,0.,1.));
#15334=DIRECTION('ref_axis',(0.,-1.,0.));
#15335=DIRECTION('',(0.,0.,1.));
#15336=DIRECTION('center_axis',(0.,0.,-1.));
#15337=DIRECTION('ref_axis',(0.,-1.,0.));
#15338=DIRECTION('center_axis',(0.,0.,1.));
#15339=DIRECTION('ref_axis',(0.,-1.,0.));
#15340=DIRECTION('center_axis',(0.,0.,1.));
#15341=DIRECTION('ref_axis',(0.,-1.,0.));
#15342=DIRECTION('',(0.,0.,1.));
#15343=DIRECTION('center_axis',(1.,0.,0.));
#15344=DIRECTION('ref_axis',(0.,-1.,0.));
#15345=DIRECTION('',(0.,-1.,0.));
#15346=DIRECTION('',(0.,5.551115123126E-16,-1.));
#15347=DIRECTION('',(0.,1.,3.330669073875E-16));
#15348=DIRECTION('',(0.,5.551115123126E-16,-1.));
#15349=DIRECTION('',(0.,-1.,0.));
#15350=DIRECTION('',(0.,5.551115123126E-16,-1.));
#15351=DIRECTION('',(0.,1.,3.330669073875E-16));
#15352=DIRECTION('',(0.,5.551115123126E-16,-1.));
#15353=DIRECTION('',(0.,-1.,0.));
#15354=DIRECTION('',(0.,0.,1.));
#15355=DIRECTION('center_axis',(-1.,0.,0.));
#15356=DIRECTION('ref_axis',(0.,1.,0.));
#15357=DIRECTION('',(0.,1.,0.));
#15358=DIRECTION('',(0.,5.551115123126E-16,-1.));
#15359=DIRECTION('',(0.,1.,3.330669073875E-16));
#15360=DIRECTION('',(0.,5.551115123126E-16,-1.));
#15361=DIRECTION('',(0.,1.,0.));
#15362=DIRECTION('',(0.,5.551115123126E-16,-1.));
#15363=DIRECTION('',(0.,1.,3.330669073875E-16));
#15364=DIRECTION('',(0.,5.551115123126E-16,-1.));
#15365=DIRECTION('',(0.,1.,0.));
#15366=DIRECTION('',(0.,0.,1.));
#15367=DIRECTION('center_axis',(0.,0.,1.));
#15368=DIRECTION('ref_axis',(0.,1.,0.));
#15369=DIRECTION('center_axis',(0.,0.,1.));
#15370=DIRECTION('ref_axis',(0.,-1.,0.));
#15371=DIRECTION('',(0.,0.,1.));
#15372=DIRECTION('center_axis',(0.,0.,1.));
#15373=DIRECTION('ref_axis',(1.,0.,0.));
#15374=DIRECTION('center_axis',(0.,0.,1.));
#15375=DIRECTION('ref_axis',(0.,-1.,0.));
#15376=DIRECTION('',(0.,0.,1.));
#15377=DIRECTION('center_axis',(0.,-1.,0.));
#15378=DIRECTION('ref_axis',(-1.,0.,0.));
#15379=DIRECTION('',(-1.,0.,0.));
#15380=DIRECTION('center_axis',(0.,0.,-1.));
#15381=DIRECTION('ref_axis',(-1.,0.,0.));
#15382=DIRECTION('center_axis',(0.,0.,-1.));
#15383=DIRECTION('ref_axis',(1.,0.,0.));
#15384=DIRECTION('center_axis',(1.58603289232165E-16,1.,0.));
#15385=DIRECTION('ref_axis',(-1.,1.58603289232165E-16,0.));
#15386=DIRECTION('center_axis',(0.,0.,1.));
#15387=DIRECTION('ref_axis',(1.,0.,0.));
#15388=DIRECTION('center_axis',(0.,0.,-1.));
#15389=DIRECTION('ref_axis',(-1.,0.,0.));
#15390=DIRECTION('center_axis',(0.,0.,-1.));
#15391=DIRECTION('ref_axis',(-1.,0.,0.));
#15392=DIRECTION('center_axis',(0.,0.,-1.));
#15393=DIRECTION('ref_axis',(-1.,0.,0.));
#15394=DIRECTION('',(0.,-1.,0.));
#15395=DIRECTION('',(0.,-1.,0.));
#15396=DIRECTION('',(0.,1.,0.));
#15397=DIRECTION('',(0.,1.,0.));
#15398=DIRECTION('center_axis',(1.64346021921E-31,-1.,-5.551115123126E-16));
#15399=DIRECTION('ref_axis',(0.,5.551115123126E-16,-1.));
#15400=DIRECTION('',(-0.28734788556607,5.3170039772213E-16,-0.957826285221234));
#15401=DIRECTION('center_axis',(0.,-1.,-3.330669073875E-16));
#15402=DIRECTION('ref_axis',(0.,-3.330669073875E-16,1.));
#15403=DIRECTION('',(0.,-5.551115123126E-16,1.));
#15404=DIRECTION('center_axis',(0.,1.,3.330669073875E-16));
#15405=DIRECTION('ref_axis',(0.,-3.330669073875E-16,1.));
#15406=DIRECTION('',(1.,0.,0.));
#15407=DIRECTION('',(0.,5.551115123126E-16,-1.));
#15408=DIRECTION('center_axis',(0.,1.,3.330669073875E-16));
#15409=DIRECTION('ref_axis',(0.,-3.330669073875E-16,1.));
#15410=DIRECTION('',(0.28734788556607,-5.3170039772213E-16,0.957826285221234));
#15411=DIRECTION('center_axis',(0.,-1.,-3.330669073875E-16));
#15412=DIRECTION('ref_axis',(0.,-3.330669073875E-16,1.));
#15413=DIRECTION('',(-0.28734788556607,-5.3170039772213E-16,0.957826285221234));
#15414=DIRECTION('center_axis',(0.,1.,3.330669073875E-16));
#15415=DIRECTION('ref_axis',(0.,-3.330669073875E-16,1.));
#15416=DIRECTION('',(0.,5.551115123126E-16,-1.));
#15417=DIRECTION('',(-1.,0.,0.));
#15418=DIRECTION('',(0.,-5.551115123126E-16,1.));
#15419=DIRECTION('center_axis',(0.,-1.,-3.330669073875E-16));
#15420=DIRECTION('ref_axis',(0.,-3.330669073875E-16,1.));
#15421=DIRECTION('',(0.28734788556607,5.3170039772213E-16,-0.957826285221234));
#15422=DIRECTION('center_axis',(0.,-1.,-3.330669073875E-16));
#15423=DIRECTION('ref_axis',(0.,-3.330669073875E-16,1.));
#15424=DIRECTION('center_axis',(0.,3.330669073875E-16,-1.));
#15425=DIRECTION('ref_axis',(1.,0.,0.));
#15426=DIRECTION('',(1.,0.,0.));
#15427=DIRECTION('',(0.,1.,3.330669073875E-16));
#15428=DIRECTION('center_axis',(1.64346021921E-31,-1.,-5.551115123126E-16));
#15429=DIRECTION('ref_axis',(0.,5.551115123126E-16,-1.));
#15430=DIRECTION('',(-0.28734788556607,5.3170039772213E-16,-0.957826285221234));
#15431=DIRECTION('center_axis',(0.,-1.,-3.330669073875E-16));
#15432=DIRECTION('ref_axis',(0.,-3.330669073875E-16,1.));
#15433=DIRECTION('',(0.28734788556607,5.3170039772213E-16,-0.957826285221234));
#15434=DIRECTION('center_axis',(0.,-1.,-3.330669073875E-16));
#15435=DIRECTION('ref_axis',(0.,-3.330669073875E-16,1.));
#15436=DIRECTION('',(0.,-5.551115123126E-16,1.));
#15437=DIRECTION('',(-1.,0.,0.));
#15438=DIRECTION('',(0.,5.551115123126E-16,-1.));
#15439=DIRECTION('center_axis',(0.,1.,3.330669073875E-16));
#15440=DIRECTION('ref_axis',(0.,-3.330669073875E-16,1.));
#15441=DIRECTION('',(-0.28734788556607,-5.3170039772213E-16,0.957826285221234));
#15442=DIRECTION('center_axis',(0.,-1.,-3.330669073875E-16));
#15443=DIRECTION('ref_axis',(0.,-3.330669073875E-16,1.));
#15444=DIRECTION('',(0.28734788556607,-5.3170039772213E-16,0.957826285221234));
#15445=DIRECTION('center_axis',(0.,1.,3.330669073875E-16));
#15446=DIRECTION('ref_axis',(0.,-3.330669073875E-16,1.));
#15447=DIRECTION('',(0.,5.551115123126E-16,-1.));
#15448=DIRECTION('center_axis',(0.,1.,3.330669073875E-16));
#15449=DIRECTION('ref_axis',(0.,-3.330669073875E-16,1.));
#15450=DIRECTION('',(0.,-5.551115123126E-16,1.));
#15451=DIRECTION('center_axis',(0.,-1.,-3.330669073875E-16));
#15452=DIRECTION('ref_axis',(0.,-3.330669073875E-16,1.));
#15453=DIRECTION('center_axis',(0.,-1.,-3.330669073875E-16));
#15454=DIRECTION('ref_axis',(0.,3.330669073875E-16,-1.));
#15455=DIRECTION('',(-0.28734788556607,5.3170039772213E-16,-0.957826285221234));
#15456=DIRECTION('center_axis',(0.,-1.,-3.330669073875E-16));
#15457=DIRECTION('ref_axis',(0.,-3.330669073875E-16,1.));
#15458=DIRECTION('',(0.28734788556607,5.3170039772213E-16,-0.957826285221234));
#15459=DIRECTION('center_axis',(0.,-1.,-3.330669073875E-16));
#15460=DIRECTION('ref_axis',(0.,-3.330669073875E-16,1.));
#15461=DIRECTION('',(0.,-5.551115123126E-16,1.));
#15462=DIRECTION('',(-1.,0.,0.));
#15463=DIRECTION('',(0.,5.551115123126E-16,-1.));
#15464=DIRECTION('center_axis',(0.,1.,3.330669073875E-16));
#15465=DIRECTION('ref_axis',(0.,-3.330669073875E-16,1.));
#15466=DIRECTION('',(-0.28734788556607,-5.3170039772213E-16,0.957826285221234));
#15467=DIRECTION('center_axis',(0.,-1.,-3.330669073875E-16));
#15468=DIRECTION('ref_axis',(0.,-3.330669073875E-16,1.));
#15469=DIRECTION('',(0.28734788556607,-5.3170039772213E-16,0.957826285221234));
#15470=DIRECTION('center_axis',(0.,1.,3.330669073875E-16));
#15471=DIRECTION('ref_axis',(0.,-3.330669073875E-16,1.));
#15472=DIRECTION('',(0.,5.551115123126E-16,-1.));
#15473=DIRECTION('',(1.,0.,0.));
#15474=DIRECTION('center_axis',(0.,1.,3.330669073875E-16));
#15475=DIRECTION('ref_axis',(0.,-3.330669073875E-16,1.));
#15476=DIRECTION('',(0.,-5.551115123126E-16,1.));
#15477=DIRECTION('center_axis',(0.,-1.,-3.330669073875E-16));
#15478=DIRECTION('ref_axis',(0.,-3.330669073875E-16,1.));
#15479=DIRECTION('center_axis',(0.,-1.,-3.330669073875E-16));
#15480=DIRECTION('ref_axis',(0.,3.330669073875E-16,-1.));
#15481=DIRECTION('',(-0.28734788556607,5.3170039772213E-16,-0.957826285221234));
#15482=DIRECTION('center_axis',(0.,-1.,-3.330669073875E-16));
#15483=DIRECTION('ref_axis',(0.,-3.330669073875E-16,1.));
#15484=DIRECTION('',(0.,-5.551115123126E-16,1.));
#15485=DIRECTION('center_axis',(0.,1.,3.330669073875E-16));
#15486=DIRECTION('ref_axis',(0.,-3.330669073875E-16,1.));
#15487=DIRECTION('',(1.,0.,0.));
#15488=DIRECTION('',(0.,5.551115123126E-16,-1.));
#15489=DIRECTION('center_axis',(0.,1.,3.330669073875E-16));
#15490=DIRECTION('ref_axis',(0.,-3.330669073875E-16,1.));
#15491=DIRECTION('',(0.28734788556607,-5.3170039772213E-16,0.957826285221234));
#15492=DIRECTION('center_axis',(0.,-1.,-3.330669073875E-16));
#15493=DIRECTION('ref_axis',(0.,-3.330669073875E-16,1.));
#15494=DIRECTION('',(-0.28734788556607,-5.3170039772213E-16,0.957826285221234));
#15495=DIRECTION('center_axis',(0.,1.,3.330669073875E-16));
#15496=DIRECTION('ref_axis',(0.,-3.330669073875E-16,1.));
#15497=DIRECTION('',(0.,5.551115123126E-16,-1.));
#15498=DIRECTION('',(-1.,0.,0.));
#15499=DIRECTION('',(0.,-5.551115123126E-16,1.));
#15500=DIRECTION('center_axis',(0.,-1.,-3.330669073875E-16));
#15501=DIRECTION('ref_axis',(0.,-3.330669073875E-16,1.));
#15502=DIRECTION('',(0.28734788556607,5.3170039772213E-16,-0.957826285221234));
#15503=DIRECTION('center_axis',(0.,-1.,-3.330669073875E-16));
#15504=DIRECTION('ref_axis',(0.,-3.330669073875E-16,1.));
#15505=DIRECTION('center_axis',(0.,3.330669073875E-16,-1.));
#15506=DIRECTION('ref_axis',(1.,0.,0.));
#15507=DIRECTION('',(0.,1.,3.330669073875E-16));
#15508=DIRECTION('center_axis',(0.,1.,3.330669073875E-16));
#15509=DIRECTION('ref_axis',(0.,-3.330669073875E-16,1.));
#15510=DIRECTION('',(0.28734788556607,5.3170039772213E-16,-0.957826285221234));
#15511=DIRECTION('center_axis',(0.,1.,3.330669073875E-16));
#15512=DIRECTION('ref_axis',(0.,-3.330669073875E-16,1.));
#15513=DIRECTION('',(0.,-5.551115123126E-16,1.));
#15514=DIRECTION('center_axis',(0.,-1.,-3.330669073875E-16));
#15515=DIRECTION('ref_axis',(0.,-3.330669073875E-16,1.));
#15516=DIRECTION('',(-1.,0.,0.));
#15517=DIRECTION('',(0.,5.551115123126E-16,-1.));
#15518=DIRECTION('center_axis',(0.,-1.,-3.330669073875E-16));
#15519=DIRECTION('ref_axis',(0.,-3.330669073875E-16,1.));
#15520=DIRECTION('',(-0.28734788556607,-5.3170039772213E-16,0.957826285221234));
#15521=DIRECTION('center_axis',(0.,1.,3.330669073875E-16));
#15522=DIRECTION('ref_axis',(0.,-3.330669073875E-16,1.));
#15523=DIRECTION('',(0.28734788556607,-5.3170039772213E-16,0.957826285221234));
#15524=DIRECTION('center_axis',(0.,-1.,-3.330669073875E-16));
#15525=DIRECTION('ref_axis',(0.,-3.330669073875E-16,1.));
#15526=DIRECTION('',(0.,5.551115123126E-16,-1.));
#15527=DIRECTION('',(1.,0.,0.));
#15528=DIRECTION('',(0.,-5.551115123126E-16,1.));
#15529=DIRECTION('center_axis',(0.,1.,3.330669073875E-16));
#15530=DIRECTION('ref_axis',(0.,-3.330669073875E-16,1.));
#15531=DIRECTION('',(-0.28734788556607,5.3170039772213E-16,-0.957826285221234));
#15532=DIRECTION('center_axis',(0.,1.,3.330669073875E-16));
#15533=DIRECTION('ref_axis',(0.,-3.330669073875E-16,1.));
#15534=DIRECTION('center_axis',(0.,-3.330669073875E-16,1.));
#15535=DIRECTION('ref_axis',(-1.,0.,0.));
#15536=DIRECTION('',(0.,1.,3.330669073875E-16));
#15537=DIRECTION('',(-1.,0.,0.));
#15538=DIRECTION('center_axis',(0.,1.,3.330669073875E-16));
#15539=DIRECTION('ref_axis',(0.,-3.330669073875E-16,1.));
#15540=DIRECTION('',(0.28734788556607,5.3170039772213E-16,-0.957826285221234));
#15541=DIRECTION('center_axis',(0.,1.,3.330669073875E-16));
#15542=DIRECTION('ref_axis',(0.,-3.330669073875E-16,1.));
#15543=DIRECTION('',(-0.28734788556607,5.3170039772213E-16,-0.957826285221234));
#15544=DIRECTION('center_axis',(0.,1.,3.330669073875E-16));
#15545=DIRECTION('ref_axis',(0.,-3.330669073875E-16,1.));
#15546=DIRECTION('',(0.,-5.551115123126E-16,1.));
#15547=DIRECTION('',(1.,0.,0.));
#15548=DIRECTION('',(0.,5.551115123126E-16,-1.));
#15549=DIRECTION('center_axis',(0.,-1.,-3.330669073875E-16));
#15550=DIRECTION('ref_axis',(0.,-3.330669073875E-16,1.));
#15551=DIRECTION('',(0.28734788556607,-5.3170039772213E-16,0.957826285221234));
#15552=DIRECTION('center_axis',(0.,1.,3.330669073875E-16));
#15553=DIRECTION('ref_axis',(0.,-3.330669073875E-16,1.));
#15554=DIRECTION('',(-0.28734788556607,-5.3170039772213E-16,0.957826285221234));
#15555=DIRECTION('center_axis',(0.,-1.,-3.330669073875E-16));
#15556=DIRECTION('ref_axis',(0.,-3.330669073875E-16,1.));
#15557=DIRECTION('',(0.,5.551115123126E-16,-1.));
#15558=DIRECTION('center_axis',(0.,-1.,-3.330669073875E-16));
#15559=DIRECTION('ref_axis',(0.,-3.330669073875E-16,1.));
#15560=DIRECTION('',(0.,-5.551115123126E-16,1.));
#15561=DIRECTION('center_axis',(0.,1.,3.330669073875E-16));
#15562=DIRECTION('ref_axis',(0.,-3.330669073875E-16,1.));
#15563=DIRECTION('center_axis',(1.64346021921E-31,1.,5.551115123126E-16));
#15564=DIRECTION('ref_axis',(0.,-5.551115123126E-16,1.));
#15565=DIRECTION('',(0.28734788556607,5.3170039772213E-16,-0.957826285221234));
#15566=DIRECTION('center_axis',(0.,1.,3.330669073875E-16));
#15567=DIRECTION('ref_axis',(0.,-3.330669073875E-16,1.));
#15568=DIRECTION('',(-0.28734788556607,5.3170039772213E-16,-0.957826285221234));
#15569=DIRECTION('center_axis',(0.,1.,3.330669073875E-16));
#15570=DIRECTION('ref_axis',(0.,-3.330669073875E-16,1.));
#15571=DIRECTION('',(0.,-5.551115123126E-16,1.));
#15572=DIRECTION('',(1.,0.,0.));
#15573=DIRECTION('',(0.,5.551115123126E-16,-1.));
#15574=DIRECTION('center_axis',(0.,-1.,-3.330669073875E-16));
#15575=DIRECTION('ref_axis',(0.,-3.330669073875E-16,1.));
#15576=DIRECTION('',(0.28734788556607,-5.3170039772213E-16,0.957826285221234));
#15577=DIRECTION('center_axis',(0.,1.,3.330669073875E-16));
#15578=DIRECTION('ref_axis',(0.,-3.330669073875E-16,1.));
#15579=DIRECTION('',(-0.28734788556607,-5.3170039772213E-16,0.957826285221234));
#15580=DIRECTION('center_axis',(0.,-1.,-3.330669073875E-16));
#15581=DIRECTION('ref_axis',(0.,-3.330669073875E-16,1.));
#15582=DIRECTION('',(0.,5.551115123126E-16,-1.));
#15583=DIRECTION('',(-1.,0.,0.));
#15584=DIRECTION('center_axis',(0.,-1.,-3.330669073875E-16));
#15585=DIRECTION('ref_axis',(0.,-3.330669073875E-16,1.));
#15586=DIRECTION('',(0.,-5.551115123126E-16,1.));
#15587=DIRECTION('center_axis',(0.,1.,3.330669073875E-16));
#15588=DIRECTION('ref_axis',(0.,-3.330669073875E-16,1.));
#15589=DIRECTION('center_axis',(1.64346021921E-31,1.,5.551115123126E-16));
#15590=DIRECTION('ref_axis',(0.,-5.551115123126E-16,1.));
#15591=DIRECTION('',(0.28734788556607,5.3170039772213E-16,-0.957826285221234));
#15592=DIRECTION('center_axis',(0.,1.,3.330669073875E-16));
#15593=DIRECTION('ref_axis',(0.,-3.330669073875E-16,1.));
#15594=DIRECTION('',(0.,-5.551115123126E-16,1.));
#15595=DIRECTION('center_axis',(0.,-1.,-3.330669073875E-16));
#15596=DIRECTION('ref_axis',(0.,-3.330669073875E-16,1.));
#15597=DIRECTION('',(-1.,0.,0.));
#15598=DIRECTION('',(0.,5.551115123126E-16,-1.));
#15599=DIRECTION('center_axis',(0.,-1.,-3.330669073875E-16));
#15600=DIRECTION('ref_axis',(0.,-3.330669073875E-16,1.));
#15601=DIRECTION('',(-0.28734788556607,-5.3170039772213E-16,0.957826285221234));
#15602=DIRECTION('center_axis',(0.,1.,3.330669073875E-16));
#15603=DIRECTION('ref_axis',(0.,-3.330669073875E-16,1.));
#15604=DIRECTION('',(0.28734788556607,-5.3170039772213E-16,0.957826285221234));
#15605=DIRECTION('center_axis',(0.,-1.,-3.330669073875E-16));
#15606=DIRECTION('ref_axis',(0.,-3.330669073875E-16,1.));
#15607=DIRECTION('',(0.,5.551115123126E-16,-1.));
#15608=DIRECTION('',(1.,0.,0.));
#15609=DIRECTION('',(0.,-5.551115123126E-16,1.));
#15610=DIRECTION('center_axis',(0.,1.,3.330669073875E-16));
#15611=DIRECTION('ref_axis',(0.,-3.330669073875E-16,1.));
#15612=DIRECTION('',(-0.28734788556607,5.3170039772213E-16,-0.957826285221234));
#15613=DIRECTION('center_axis',(0.,1.,3.330669073875E-16));
#15614=DIRECTION('ref_axis',(0.,-3.330669073875E-16,1.));
#15615=DIRECTION('center_axis',(0.,-3.330669073875E-16,1.));
#15616=DIRECTION('ref_axis',(-1.,0.,0.));
#15617=DIRECTION('',(0.,1.,3.330669073875E-16));
#15618=DIRECTION('center_axis',(0.,0.,-1.));
#15619=DIRECTION('ref_axis',(-1.,0.,0.));
#15620=DIRECTION('center_axis',(-1.,0.,0.));
#15621=DIRECTION('ref_axis',(0.,5.551115123126E-16,-1.));
#15622=DIRECTION('',(0.,1.,3.330669073875E-16));
#15623=DIRECTION('center_axis',(-1.,0.,0.));
#15624=DIRECTION('ref_axis',(0.,5.551115123126E-16,-1.));
#15625=DIRECTION('',(0.,1.,3.330669073875E-16));
#15626=DIRECTION('center_axis',(-1.,0.,0.));
#15627=DIRECTION('ref_axis',(0.,5.551115123126E-16,-1.));
#15628=DIRECTION('',(0.,1.,3.330669073875E-16));
#15629=DIRECTION('center_axis',(-1.,0.,0.));
#15630=DIRECTION('ref_axis',(0.,5.551115123126E-16,-1.));
#15631=DIRECTION('',(0.,1.,3.330669073875E-16));
#15632=DIRECTION('center_axis',(-0.957826285221234,-9.57060715899734E-17,
0.28734788556607));
#15633=DIRECTION('ref_axis',(-0.28734788556607,5.3170039772213E-16,-0.957826285221234));
#15634=DIRECTION('',(0.,1.,3.330669073875E-16));
#15635=DIRECTION('',(0.,1.,3.330669073875E-16));
#15636=DIRECTION('center_axis',(0.,1.,3.330669073875E-16));
#15637=DIRECTION('ref_axis',(0.957826285221234,9.57060715898283E-17,-0.28734788556607));
#15638=DIRECTION('',(0.,1.,3.330669073875E-16));
#15639=DIRECTION('center_axis',(0.,1.,3.330669073875E-16));
#15640=DIRECTION('ref_axis',(-0.957826285221234,-9.57060715898283E-17,0.28734788556607));
#15641=DIRECTION('',(0.,1.,3.330669073875E-16));
#15642=DIRECTION('center_axis',(1.,0.,0.));
#15643=DIRECTION('ref_axis',(0.,-5.551115123126E-16,1.));
#15644=DIRECTION('',(0.,1.,3.330669073875E-16));
#15645=DIRECTION('center_axis',(-0.957826285221234,9.57060715899734E-17,
-0.28734788556607));
#15646=DIRECTION('ref_axis',(0.28734788556607,5.3170039772213E-16,-0.957826285221234));
#15647=DIRECTION('',(0.,1.,3.330669073875E-16));
#15648=DIRECTION('center_axis',(0.,1.,3.330669073875E-16));
#15649=DIRECTION('ref_axis',(-1.,0.,0.));
#15650=DIRECTION('center_axis',(0.,1.,3.330669073875E-16));
#15651=DIRECTION('ref_axis',(1.,0.,0.));
#15652=DIRECTION('',(0.,1.,3.330669073875E-16));
#15653=DIRECTION('center_axis',(1.,0.,0.));
#15654=DIRECTION('ref_axis',(0.,-5.551115123126E-16,1.));
#15655=DIRECTION('',(0.,1.,3.330669073875E-16));
#15656=DIRECTION('center_axis',(0.,-3.330669073875E-16,1.));
#15657=DIRECTION('ref_axis',(-1.,0.,0.));
#15658=DIRECTION('',(0.,1.,3.330669073875E-16));
#15659=DIRECTION('center_axis',(-1.,0.,0.));
#15660=DIRECTION('ref_axis',(0.,5.551115123126E-16,-1.));
#15661=DIRECTION('',(0.,1.,3.330669073875E-16));
#15662=DIRECTION('center_axis',(0.,1.,3.330669073875E-16));
#15663=DIRECTION('ref_axis',(1.,0.,0.));
#15664=DIRECTION('',(0.,1.,3.330669073875E-16));
#15665=DIRECTION('center_axis',(0.,1.,3.330669073875E-16));
#15666=DIRECTION('ref_axis',(0.957826285221234,-9.57060715898283E-17,0.28734788556607));
#15667=DIRECTION('',(0.,1.,3.330669073875E-16));
#15668=DIRECTION('center_axis',(0.957826285221234,9.57060715899734E-17,
-0.28734788556607));
#15669=DIRECTION('ref_axis',(0.28734788556607,-5.3170039772213E-16,0.957826285221234));
#15670=DIRECTION('',(0.,1.,3.330669073875E-16));
#15671=DIRECTION('center_axis',(0.957826285221234,-9.57060715899734E-17,
0.28734788556607));
#15672=DIRECTION('ref_axis',(-0.28734788556607,-5.3170039772213E-16,0.957826285221234));
#15673=DIRECTION('',(0.,1.,3.330669073875E-16));
#15674=DIRECTION('center_axis',(0.,1.,3.330669073875E-16));
#15675=DIRECTION('ref_axis',(-0.957826285221234,-9.57060715898283E-17,0.28734788556607));
#15676=DIRECTION('center_axis',(-0.957826285221234,-9.57060715899734E-17,
0.28734788556607));
#15677=DIRECTION('ref_axis',(-0.28734788556607,5.3170039772213E-16,-0.957826285221234));
#15678=DIRECTION('',(0.,1.,3.330669073875E-16));
#15679=DIRECTION('',(0.,1.,3.330669073875E-16));
#15680=DIRECTION('center_axis',(0.,1.,3.330669073875E-16));
#15681=DIRECTION('ref_axis',(0.957826285221234,9.57060715898283E-17,-0.28734788556607));
#15682=DIRECTION('',(0.,1.,3.330669073875E-16));
#15683=DIRECTION('center_axis',(0.,1.,3.330669073875E-16));
#15684=DIRECTION('ref_axis',(-0.957826285221234,-9.57060715898283E-17,0.28734788556607));
#15685=DIRECTION('',(0.,1.,3.330669073875E-16));
#15686=DIRECTION('center_axis',(1.,0.,0.));
#15687=DIRECTION('ref_axis',(0.,-5.551115123126E-16,1.));
#15688=DIRECTION('',(0.,1.,3.330669073875E-16));
#15689=DIRECTION('center_axis',(-0.957826285221234,9.57060715899734E-17,
-0.28734788556607));
#15690=DIRECTION('ref_axis',(0.28734788556607,5.3170039772213E-16,-0.957826285221234));
#15691=DIRECTION('',(0.,1.,3.330669073875E-16));
#15692=DIRECTION('center_axis',(0.,1.,3.330669073875E-16));
#15693=DIRECTION('ref_axis',(-1.,0.,0.));
#15694=DIRECTION('center_axis',(0.,1.,3.330669073875E-16));
#15695=DIRECTION('ref_axis',(1.,0.,0.));
#15696=DIRECTION('',(0.,1.,3.330669073875E-16));
#15697=DIRECTION('center_axis',(1.,0.,0.));
#15698=DIRECTION('ref_axis',(0.,-5.551115123126E-16,1.));
#15699=DIRECTION('',(0.,1.,3.330669073875E-16));
#15700=DIRECTION('center_axis',(0.,-3.330669073875E-16,1.));
#15701=DIRECTION('ref_axis',(-1.,0.,0.));
#15702=DIRECTION('',(0.,1.,3.330669073875E-16));
#15703=DIRECTION('center_axis',(-1.,0.,0.));
#15704=DIRECTION('ref_axis',(0.,5.551115123126E-16,-1.));
#15705=DIRECTION('',(0.,1.,3.330669073875E-16));
#15706=DIRECTION('center_axis',(0.,1.,3.330669073875E-16));
#15707=DIRECTION('ref_axis',(1.,0.,0.));
#15708=DIRECTION('',(0.,1.,3.330669073875E-16));
#15709=DIRECTION('center_axis',(0.,1.,3.330669073875E-16));
#15710=DIRECTION('ref_axis',(0.957826285221234,-9.57060715898283E-17,0.28734788556607));
#15711=DIRECTION('',(0.,1.,3.330669073875E-16));
#15712=DIRECTION('center_axis',(0.957826285221234,9.57060715899734E-17,
-0.28734788556607));
#15713=DIRECTION('ref_axis',(0.28734788556607,-5.3170039772213E-16,0.957826285221234));
#15714=DIRECTION('',(0.,1.,3.330669073875E-16));
#15715=DIRECTION('center_axis',(0.957826285221234,-9.57060715899734E-17,
0.28734788556607));
#15716=DIRECTION('ref_axis',(-0.28734788556607,-5.3170039772213E-16,0.957826285221234));
#15717=DIRECTION('',(0.,1.,3.330669073875E-16));
#15718=DIRECTION('center_axis',(0.,1.,3.330669073875E-16));
#15719=DIRECTION('ref_axis',(-0.957826285221234,-9.57060715898283E-17,0.28734788556607));
#15720=DIRECTION('center_axis',(-0.957826285221234,9.57060715899734E-17,
-0.28734788556607));
#15721=DIRECTION('ref_axis',(0.28734788556607,5.3170039772213E-16,-0.957826285221234));
#15722=DIRECTION('',(0.,1.,3.330669073875E-16));
#15723=DIRECTION('',(0.,1.,3.330669073875E-16));
#15724=DIRECTION('center_axis',(0.,1.,3.330669073875E-16));
#15725=DIRECTION('ref_axis',(-0.957826285221234,9.57060715898283E-17,-0.28734788556607));
#15726=DIRECTION('',(0.,1.,3.330669073875E-16));
#15727=DIRECTION('center_axis',(0.,1.,3.330669073875E-16));
#15728=DIRECTION('ref_axis',(0.957826285221234,-9.57060715898283E-17,0.28734788556607));
#15729=DIRECTION('',(0.,1.,3.330669073875E-16));
#15730=DIRECTION('center_axis',(1.,0.,0.));
#15731=DIRECTION('ref_axis',(0.,-5.551115123126E-16,1.));
#15732=DIRECTION('',(0.,1.,3.330669073875E-16));
#15733=DIRECTION('center_axis',(-0.957826285221234,-9.57060715899734E-17,
0.28734788556607));
#15734=DIRECTION('ref_axis',(-0.28734788556607,5.3170039772213E-16,-0.957826285221234));
#15735=DIRECTION('',(0.,1.,3.330669073875E-16));
#15736=DIRECTION('center_axis',(0.,1.,3.330669073875E-16));
#15737=DIRECTION('ref_axis',(1.,0.,0.));
#15738=DIRECTION('center_axis',(0.,1.,3.330669073875E-16));
#15739=DIRECTION('ref_axis',(-1.,0.,0.));
#15740=DIRECTION('',(0.,1.,3.330669073875E-16));
#15741=DIRECTION('center_axis',(1.,0.,0.));
#15742=DIRECTION('ref_axis',(0.,-5.551115123126E-16,1.));
#15743=DIRECTION('',(0.,1.,3.330669073875E-16));
#15744=DIRECTION('center_axis',(0.,3.330669073875E-16,-1.));
#15745=DIRECTION('ref_axis',(1.,0.,0.));
#15746=DIRECTION('',(0.,1.,3.330669073875E-16));
#15747=DIRECTION('center_axis',(-1.,0.,0.));
#15748=DIRECTION('ref_axis',(0.,5.551115123126E-16,-1.));
#15749=DIRECTION('',(0.,1.,3.330669073875E-16));
#15750=DIRECTION('center_axis',(0.,1.,3.330669073875E-16));
#15751=DIRECTION('ref_axis',(-1.,0.,0.));
#15752=DIRECTION('',(0.,1.,3.330669073875E-16));
#15753=DIRECTION('center_axis',(0.,1.,3.330669073875E-16));
#15754=DIRECTION('ref_axis',(-0.957826285221234,-9.57060715898283E-17,0.28734788556607));
#15755=DIRECTION('',(0.,1.,3.330669073875E-16));
#15756=DIRECTION('center_axis',(0.957826285221234,-9.57060715899734E-17,
0.28734788556607));
#15757=DIRECTION('ref_axis',(-0.28734788556607,-5.3170039772213E-16,0.957826285221234));
#15758=DIRECTION('',(0.,1.,3.330669073875E-16));
#15759=DIRECTION('center_axis',(0.957826285221234,9.57060715899734E-17,
-0.28734788556607));
#15760=DIRECTION('ref_axis',(0.28734788556607,-5.3170039772213E-16,0.957826285221234));
#15761=DIRECTION('',(0.,1.,3.330669073875E-16));
#15762=DIRECTION('center_axis',(0.,1.,3.330669073875E-16));
#15763=DIRECTION('ref_axis',(0.957826285221234,-9.57060715898283E-17,0.28734788556607));
#15764=DIRECTION('center_axis',(-0.957826285221234,9.57060715899734E-17,
-0.28734788556607));
#15765=DIRECTION('ref_axis',(0.28734788556607,5.3170039772213E-16,-0.957826285221234));
#15766=DIRECTION('',(0.,1.,3.330669073875E-16));
#15767=DIRECTION('',(0.,1.,3.330669073875E-16));
#15768=DIRECTION('center_axis',(0.,1.,3.330669073875E-16));
#15769=DIRECTION('ref_axis',(-0.957826285221234,9.57060715898283E-17,-0.28734788556607));
#15770=DIRECTION('',(0.,1.,3.330669073875E-16));
#15771=DIRECTION('center_axis',(0.,1.,3.330669073875E-16));
#15772=DIRECTION('ref_axis',(0.957826285221234,-9.57060715898283E-17,0.28734788556607));
#15773=DIRECTION('',(0.,1.,3.330669073875E-16));
#15774=DIRECTION('center_axis',(1.,0.,0.));
#15775=DIRECTION('ref_axis',(0.,-5.551115123126E-16,1.));
#15776=DIRECTION('',(0.,1.,3.330669073875E-16));
#15777=DIRECTION('center_axis',(-0.957826285221234,-9.57060715899734E-17,
0.28734788556607));
#15778=DIRECTION('ref_axis',(-0.28734788556607,5.3170039772213E-16,-0.957826285221234));
#15779=DIRECTION('',(0.,1.,3.330669073875E-16));
#15780=DIRECTION('center_axis',(0.,1.,3.330669073875E-16));
#15781=DIRECTION('ref_axis',(1.,0.,0.));
#15782=DIRECTION('center_axis',(0.,1.,3.330669073875E-16));
#15783=DIRECTION('ref_axis',(-1.,0.,0.));
#15784=DIRECTION('',(0.,1.,3.330669073875E-16));
#15785=DIRECTION('center_axis',(1.,0.,0.));
#15786=DIRECTION('ref_axis',(0.,-5.551115123126E-16,1.));
#15787=DIRECTION('',(0.,1.,3.330669073875E-16));
#15788=DIRECTION('center_axis',(0.,3.330669073875E-16,-1.));
#15789=DIRECTION('ref_axis',(1.,0.,0.));
#15790=DIRECTION('',(0.,1.,3.330669073875E-16));
#15791=DIRECTION('center_axis',(-1.,0.,0.));
#15792=DIRECTION('ref_axis',(0.,5.551115123126E-16,-1.));
#15793=DIRECTION('',(0.,1.,3.330669073875E-16));
#15794=DIRECTION('center_axis',(0.,1.,3.330669073875E-16));
#15795=DIRECTION('ref_axis',(-1.,0.,0.));
#15796=DIRECTION('',(0.,1.,3.330669073875E-16));
#15797=DIRECTION('center_axis',(0.,1.,3.330669073875E-16));
#15798=DIRECTION('ref_axis',(-0.957826285221234,-9.57060715898283E-17,0.28734788556607));
#15799=DIRECTION('',(0.,1.,3.330669073875E-16));
#15800=DIRECTION('center_axis',(0.957826285221234,-9.57060715899734E-17,
0.28734788556607));
#15801=DIRECTION('ref_axis',(-0.28734788556607,-5.3170039772213E-16,0.957826285221234));
#15802=DIRECTION('',(0.,1.,3.330669073875E-16));
#15803=DIRECTION('center_axis',(0.957826285221234,9.57060715899734E-17,
-0.28734788556607));
#15804=DIRECTION('ref_axis',(0.28734788556607,-5.3170039772213E-16,0.957826285221234));
#15805=DIRECTION('',(0.,1.,3.330669073875E-16));
#15806=DIRECTION('center_axis',(0.,1.,3.330669073875E-16));
#15807=DIRECTION('ref_axis',(0.957826285221234,-9.57060715898283E-17,0.28734788556607));
#15808=DIRECTION('axis',(0.,0.,1.));
#15809=DIRECTION('refdir',(1.,0.,0.));
#15810=DIRECTION('center_axis',(0.,0.,-1.));
#15811=DIRECTION('ref_axis',(-7.47075763375392E-7,0.999999999999721,0.));
#15812=DIRECTION('',(0.,0.,1.));
#15813=DIRECTION('center_axis',(0.,0.,-1.));
#15814=DIRECTION('ref_axis',(-7.47075763375392E-7,0.999999999999721,0.));
#15815=DIRECTION('',(0.,0.,1.));
#15816=DIRECTION('center_axis',(0.,0.,-1.));
#15817=DIRECTION('ref_axis',(-7.47075763375392E-7,0.999999999999721,0.));
#15818=DIRECTION('center_axis',(0.,1.,0.));
#15819=DIRECTION('ref_axis',(1.,0.,0.));
#15820=DIRECTION('',(0.,0.,1.));
#15821=DIRECTION('',(1.,0.,0.));
#15822=DIRECTION('',(1.,0.,0.));
#15823=DIRECTION('center_axis',(1.,0.,0.));
#15824=DIRECTION('ref_axis',(0.,-1.,0.));
#15825=DIRECTION('',(0.,-1.,0.));
#15826=DIRECTION('',(0.,0.,1.));
#15827=DIRECTION('',(0.,-1.,0.));
#15828=DIRECTION('center_axis',(0.,0.,1.));
#15829=DIRECTION('ref_axis',(1.,0.,0.));
#15830=DIRECTION('center_axis',(0.,0.,-1.));
#15831=DIRECTION('ref_axis',(0.999999999999721,7.47075734953692E-7,0.));
#15832=DIRECTION('',(-1.,0.,0.));
#15833=DIRECTION('center_axis',(0.,0.,-1.));
#15834=DIRECTION('ref_axis',(7.47075706531892E-7,-0.999999999999721,0.));
#15835=DIRECTION('',(0.,1.,0.));
#15836=DIRECTION('center_axis',(0.,0.,-1.));
#15837=DIRECTION('ref_axis',(-0.999999999999721,-7.47075734953692E-7,0.));
#15838=DIRECTION('center_axis',(0.,0.,-1.));
#15839=DIRECTION('ref_axis',(0.,-1.,0.));
#15840=DIRECTION('center_axis',(0.,0.,-1.));
#15841=DIRECTION('ref_axis',(0.,-1.,0.));
#15842=DIRECTION('center_axis',(0.,0.,-1.));
#15843=DIRECTION('ref_axis',(3.5527136788E-14,-1.,0.));
#15844=DIRECTION('center_axis',(0.,0.,-1.));
#15845=DIRECTION('ref_axis',(3.5527136788E-14,-1.,0.));
#15846=DIRECTION('center_axis',(0.,0.,-1.));
#15847=DIRECTION('ref_axis',(3.5527136788E-14,-1.,0.));
#15848=DIRECTION('center_axis',(0.,0.,-1.));
#15849=DIRECTION('ref_axis',(0.,-1.,0.));
#15850=DIRECTION('center_axis',(0.,0.,-1.));
#15851=DIRECTION('ref_axis',(0.,-1.,0.));
#15852=DIRECTION('center_axis',(0.,0.,-1.));
#15853=DIRECTION('ref_axis',(0.,-1.,0.));
#15854=DIRECTION('center_axis',(0.,0.,-1.));
#15855=DIRECTION('ref_axis',(0.,-1.,0.));
#15856=DIRECTION('center_axis',(0.,0.,-1.));
#15857=DIRECTION('ref_axis',(0.,-1.,0.));
#15858=DIRECTION('center_axis',(0.,0.,1.));
#15859=DIRECTION('ref_axis',(1.,0.,0.));
#15860=DIRECTION('center_axis',(0.,0.,-1.));
#15861=DIRECTION('ref_axis',(0.,-1.,0.));
#15862=DIRECTION('center_axis',(0.,0.,-1.));
#15863=DIRECTION('ref_axis',(0.,-1.,0.));
#15864=DIRECTION('center_axis',(0.,0.,-1.));
#15865=DIRECTION('ref_axis',(-2.706829469562E-14,-1.,0.));
#15866=DIRECTION('center_axis',(0.,0.,-1.));
#15867=DIRECTION('ref_axis',(0.,-1.,0.));
#15868=DIRECTION('center_axis',(0.,0.,-1.));
#15869=DIRECTION('ref_axis',(0.,-1.,0.));
#15870=DIRECTION('center_axis',(0.,0.,-1.));
#15871=DIRECTION('ref_axis',(0.,-1.,0.));
#15872=DIRECTION('center_axis',(0.,0.,-1.));
#15873=DIRECTION('ref_axis',(-3.552713678801E-14,-1.,0.));
#15874=DIRECTION('center_axis',(0.,0.,-1.));
#15875=DIRECTION('ref_axis',(0.,-1.,0.));
#15876=DIRECTION('center_axis',(0.,0.,-1.));
#15877=DIRECTION('ref_axis',(0.,-1.,0.));
#15878=DIRECTION('center_axis',(0.,0.,-1.));
#15879=DIRECTION('ref_axis',(0.,-1.,0.));
#15880=DIRECTION('center_axis',(0.,0.,1.));
#15881=DIRECTION('ref_axis',(1.,0.,0.));
#15882=DIRECTION('center_axis',(0.,0.,-1.));
#15883=DIRECTION('ref_axis',(0.,-1.,0.));
#15884=DIRECTION('center_axis',(0.,0.,-1.));
#15885=DIRECTION('ref_axis',(0.,-1.,0.));
#15886=DIRECTION('center_axis',(0.,0.,1.));
#15887=DIRECTION('ref_axis',(1.,0.,0.));
#15888=DIRECTION('center_axis',(0.,0.,-1.));
#15889=DIRECTION('ref_axis',(0.,-1.,0.));
#15890=DIRECTION('center_axis',(0.,0.,1.));
#15891=DIRECTION('ref_axis',(1.,0.,0.));
#15892=DIRECTION('center_axis',(0.,0.,-1.));
#15893=DIRECTION('ref_axis',(0.,-1.,0.));
#15894=DIRECTION('center_axis',(0.,0.,-1.));
#15895=DIRECTION('ref_axis',(0.,-1.,0.));
#15896=DIRECTION('center_axis',(0.,0.,-1.));
#15897=DIRECTION('ref_axis',(-3.5527136788E-14,-1.,0.));
#15898=DIRECTION('center_axis',(0.,0.,-1.));
#15899=DIRECTION('ref_axis',(0.,-1.,0.));
#15900=DIRECTION('center_axis',(0.,0.,-1.));
#15901=DIRECTION('ref_axis',(0.,-1.,0.));
#15902=DIRECTION('center_axis',(0.,0.,-1.));
#15903=DIRECTION('ref_axis',(0.,-1.,0.));
#15904=DIRECTION('center_axis',(0.,0.,-1.));
#15905=DIRECTION('ref_axis',(0.,-1.,0.));
#15906=DIRECTION('center_axis',(0.,0.,-1.));
#15907=DIRECTION('ref_axis',(0.,-1.,0.));
#15908=DIRECTION('center_axis',(0.,0.,-1.));
#15909=DIRECTION('ref_axis',(0.,-1.,0.));
#15910=DIRECTION('center_axis',(0.,0.,-1.));
#15911=DIRECTION('ref_axis',(0.,-1.,0.));
#15912=DIRECTION('center_axis',(0.,0.,-1.));
#15913=DIRECTION('ref_axis',(0.,-1.,0.));
#15914=DIRECTION('center_axis',(0.,0.,-1.));
#15915=DIRECTION('ref_axis',(0.,-1.,0.));
#15916=DIRECTION('center_axis',(0.,0.,-1.));
#15917=DIRECTION('ref_axis',(0.,-1.,0.));
#15918=DIRECTION('center_axis',(0.,0.,-1.));
#15919=DIRECTION('ref_axis',(-2.706829469562E-14,-1.,0.));
#15920=DIRECTION('center_axis',(0.,0.,1.));
#15921=DIRECTION('ref_axis',(1.,0.,0.));
#15922=DIRECTION('center_axis',(0.,0.,-1.));
#15923=DIRECTION('ref_axis',(-0.999999999999721,-7.47075734953692E-7,0.));
#15924=DIRECTION('',(0.,1.,0.));
#15925=DIRECTION('center_axis',(0.,0.,-1.));
#15926=DIRECTION('ref_axis',(7.47075706531892E-7,-0.999999999999721,0.));
#15927=DIRECTION('',(-1.,0.,0.));
#15928=DIRECTION('center_axis',(0.,0.,-1.));
#15929=DIRECTION('ref_axis',(0.999999999999721,7.47075734953692E-7,0.));
#15930=DIRECTION('center_axis',(0.,0.,-1.));
#15931=DIRECTION('ref_axis',(0.,-1.,0.));
#15932=DIRECTION('center_axis',(0.,0.,-1.));
#15933=DIRECTION('ref_axis',(0.,-1.,0.));
#15934=DIRECTION('center_axis',(0.,0.,-1.));
#15935=DIRECTION('ref_axis',(3.5527136788E-14,-1.,0.));
#15936=DIRECTION('center_axis',(0.,0.,-1.));
#15937=DIRECTION('ref_axis',(3.5527136788E-14,-1.,0.));
#15938=DIRECTION('center_axis',(0.,0.,-1.));
#15939=DIRECTION('ref_axis',(3.5527136788E-14,-1.,0.));
#15940=DIRECTION('center_axis',(0.,0.,-1.));
#15941=DIRECTION('ref_axis',(0.,-1.,0.));
#15942=DIRECTION('center_axis',(0.,0.,-1.));
#15943=DIRECTION('ref_axis',(0.,-1.,0.));
#15944=DIRECTION('center_axis',(0.,0.,-1.));
#15945=DIRECTION('ref_axis',(0.,-1.,0.));
#15946=DIRECTION('center_axis',(0.,0.,-1.));
#15947=DIRECTION('ref_axis',(0.,-1.,0.));
#15948=DIRECTION('center_axis',(0.,0.,-1.));
#15949=DIRECTION('ref_axis',(0.,-1.,0.));
#15950=DIRECTION('center_axis',(0.,0.,1.));
#15951=DIRECTION('ref_axis',(1.,0.,0.));
#15952=DIRECTION('center_axis',(0.,0.,-1.));
#15953=DIRECTION('ref_axis',(0.,-1.,0.));
#15954=DIRECTION('center_axis',(0.,0.,-1.));
#15955=DIRECTION('ref_axis',(0.,-1.,0.));
#15956=DIRECTION('center_axis',(0.,0.,-1.));
#15957=DIRECTION('ref_axis',(-2.706829469562E-14,-1.,0.));
#15958=DIRECTION('center_axis',(0.,0.,-1.));
#15959=DIRECTION('ref_axis',(0.,-1.,0.));
#15960=DIRECTION('center_axis',(0.,0.,-1.));
#15961=DIRECTION('ref_axis',(0.,-1.,0.));
#15962=DIRECTION('center_axis',(0.,0.,-1.));
#15963=DIRECTION('ref_axis',(0.,-1.,0.));
#15964=DIRECTION('center_axis',(0.,0.,-1.));
#15965=DIRECTION('ref_axis',(-3.552713678801E-14,-1.,0.));
#15966=DIRECTION('center_axis',(0.,0.,-1.));
#15967=DIRECTION('ref_axis',(0.,-1.,0.));
#15968=DIRECTION('center_axis',(0.,0.,-1.));
#15969=DIRECTION('ref_axis',(0.,-1.,0.));
#15970=DIRECTION('center_axis',(0.,0.,-1.));
#15971=DIRECTION('ref_axis',(0.,-1.,0.));
#15972=DIRECTION('center_axis',(0.,0.,1.));
#15973=DIRECTION('ref_axis',(1.,0.,0.));
#15974=DIRECTION('center_axis',(0.,0.,-1.));
#15975=DIRECTION('ref_axis',(0.,-1.,0.));
#15976=DIRECTION('center_axis',(0.,0.,-1.));
#15977=DIRECTION('ref_axis',(0.,-1.,0.));
#15978=DIRECTION('center_axis',(0.,0.,1.));
#15979=DIRECTION('ref_axis',(1.,0.,0.));
#15980=DIRECTION('center_axis',(0.,0.,-1.));
#15981=DIRECTION('ref_axis',(0.,-1.,0.));
#15982=DIRECTION('center_axis',(0.,0.,1.));
#15983=DIRECTION('ref_axis',(1.,0.,0.));
#15984=DIRECTION('center_axis',(0.,0.,-1.));
#15985=DIRECTION('ref_axis',(0.,-1.,0.));
#15986=DIRECTION('center_axis',(0.,0.,-1.));
#15987=DIRECTION('ref_axis',(0.,-1.,0.));
#15988=DIRECTION('center_axis',(0.,0.,-1.));
#15989=DIRECTION('ref_axis',(-3.5527136788E-14,-1.,0.));
#15990=DIRECTION('center_axis',(0.,0.,-1.));
#15991=DIRECTION('ref_axis',(0.,-1.,0.));
#15992=DIRECTION('center_axis',(0.,0.,-1.));
#15993=DIRECTION('ref_axis',(0.,-1.,0.));
#15994=DIRECTION('center_axis',(0.,0.,-1.));
#15995=DIRECTION('ref_axis',(0.,-1.,0.));
#15996=DIRECTION('center_axis',(0.,0.,-1.));
#15997=DIRECTION('ref_axis',(0.,-1.,0.));
#15998=DIRECTION('center_axis',(0.,0.,-1.));
#15999=DIRECTION('ref_axis',(0.,-1.,0.));
#16000=DIRECTION('center_axis',(0.,0.,-1.));
#16001=DIRECTION('ref_axis',(0.,-1.,0.));
#16002=DIRECTION('center_axis',(0.,0.,-1.));
#16003=DIRECTION('ref_axis',(0.,-1.,0.));
#16004=DIRECTION('center_axis',(0.,0.,-1.));
#16005=DIRECTION('ref_axis',(0.,-1.,0.));
#16006=DIRECTION('center_axis',(0.,0.,-1.));
#16007=DIRECTION('ref_axis',(0.,-1.,0.));
#16008=DIRECTION('center_axis',(0.,0.,-1.));
#16009=DIRECTION('ref_axis',(0.,-1.,0.));
#16010=DIRECTION('center_axis',(0.,0.,-1.));
#16011=DIRECTION('ref_axis',(-2.706829469562E-14,-1.,0.));
#16012=DIRECTION('center_axis',(0.,0.,-1.));
#16013=DIRECTION('ref_axis',(-0.999999999999721,-7.47075734953692E-7,0.));
#16014=DIRECTION('',(0.,0.,1.));
#16015=DIRECTION('center_axis',(0.,0.,-1.));
#16016=DIRECTION('ref_axis',(0.999999999999721,7.47075734953692E-7,0.));
#16017=DIRECTION('',(0.,0.,1.));
#16018=DIRECTION('center_axis',(-1.,0.,0.));
#16019=DIRECTION('ref_axis',(0.,1.,0.));
#16020=DIRECTION('',(0.,0.,1.));
#16021=DIRECTION('center_axis',(0.,-1.,0.));
#16022=DIRECTION('ref_axis',(-1.,0.,0.));
#16023=DIRECTION('',(0.,0.,1.));
#16024=DIRECTION('center_axis',(0.,0.,-1.));
#16025=DIRECTION('ref_axis',(7.47075706531892E-7,-0.999999999999721,0.));
#16026=DIRECTION('center_axis',(0.,0.,-1.));
#16027=DIRECTION('ref_axis',(0.,-1.,0.));
#16028=DIRECTION('',(0.,0.,-1.));
#16029=DIRECTION('center_axis',(0.,0.,-1.));
#16030=DIRECTION('ref_axis',(0.,-1.,0.));
#16031=DIRECTION('',(0.,0.,-1.));
#16032=DIRECTION('center_axis',(0.,0.,-1.));
#16033=DIRECTION('ref_axis',(3.5527136788E-14,-1.,0.));
#16034=DIRECTION('',(0.,0.,-1.));
#16035=DIRECTION('center_axis',(0.,0.,-1.));
#16036=DIRECTION('ref_axis',(3.5527136788E-14,-1.,0.));
#16037=DIRECTION('',(0.,0.,-1.));
#16038=DIRECTION('center_axis',(0.,0.,-1.));
#16039=DIRECTION('ref_axis',(3.5527136788E-14,-1.,0.));
#16040=DIRECTION('',(0.,0.,-1.));
#16041=DIRECTION('center_axis',(0.,0.,-1.));
#16042=DIRECTION('ref_axis',(0.,-1.,0.));
#16043=DIRECTION('',(0.,0.,-1.));
#16044=DIRECTION('center_axis',(0.,0.,-1.));
#16045=DIRECTION('ref_axis',(0.,-1.,0.));
#16046=DIRECTION('',(0.,0.,-1.));
#16047=DIRECTION('center_axis',(0.,0.,-1.));
#16048=DIRECTION('ref_axis',(0.,-1.,0.));
#16049=DIRECTION('',(0.,0.,-1.));
#16050=DIRECTION('center_axis',(0.,0.,-1.));
#16051=DIRECTION('ref_axis',(0.,-1.,0.));
#16052=DIRECTION('',(0.,0.,-1.));
#16053=DIRECTION('center_axis',(0.,0.,-1.));
#16054=DIRECTION('ref_axis',(0.,-1.,0.));
#16055=DIRECTION('',(0.,0.,-1.));
#16056=DIRECTION('center_axis',(0.,0.,-1.));
#16057=DIRECTION('ref_axis',(1.,0.,0.));
#16058=DIRECTION('',(0.,0.,-1.));
#16059=DIRECTION('center_axis',(0.,0.,-1.));
#16060=DIRECTION('ref_axis',(0.,-1.,0.));
#16061=DIRECTION('',(0.,0.,-1.));
#16062=DIRECTION('center_axis',(0.,0.,-1.));
#16063=DIRECTION('ref_axis',(0.,-1.,0.));
#16064=DIRECTION('',(0.,0.,-1.));
#16065=DIRECTION('center_axis',(0.,0.,-1.));
#16066=DIRECTION('ref_axis',(-2.706829469562E-14,-1.,0.));
#16067=DIRECTION('',(0.,0.,-1.));
#16068=DIRECTION('center_axis',(0.,0.,-1.));
#16069=DIRECTION('ref_axis',(0.,-1.,0.));
#16070=DIRECTION('',(0.,0.,-1.));
#16071=DIRECTION('center_axis',(0.,0.,-1.));
#16072=DIRECTION('ref_axis',(0.,-1.,0.));
#16073=DIRECTION('',(0.,0.,-1.));
#16074=DIRECTION('center_axis',(0.,0.,-1.));
#16075=DIRECTION('ref_axis',(0.,-1.,0.));
#16076=DIRECTION('',(0.,0.,-1.));
#16077=DIRECTION('center_axis',(0.,0.,-1.));
#16078=DIRECTION('ref_axis',(-3.552713678801E-14,-1.,0.));
#16079=DIRECTION('',(0.,0.,-1.));
#16080=DIRECTION('center_axis',(0.,0.,-1.));
#16081=DIRECTION('ref_axis',(0.,-1.,0.));
#16082=DIRECTION('',(0.,0.,-1.));
#16083=DIRECTION('center_axis',(0.,0.,-1.));
#16084=DIRECTION('ref_axis',(0.,-1.,0.));
#16085=DIRECTION('',(0.,0.,-1.));
#16086=DIRECTION('center_axis',(0.,0.,-1.));
#16087=DIRECTION('ref_axis',(0.,-1.,0.));
#16088=DIRECTION('',(0.,0.,-1.));
#16089=DIRECTION('center_axis',(0.,0.,-1.));
#16090=DIRECTION('ref_axis',(1.,0.,0.));
#16091=DIRECTION('',(0.,0.,-1.));
#16092=DIRECTION('center_axis',(0.,0.,-1.));
#16093=DIRECTION('ref_axis',(0.,-1.,0.));
#16094=DIRECTION('',(0.,0.,-1.));
#16095=DIRECTION('center_axis',(0.,0.,-1.));
#16096=DIRECTION('ref_axis',(0.,-1.,0.));
#16097=DIRECTION('',(0.,0.,-1.));
#16098=DIRECTION('center_axis',(0.,0.,-1.));
#16099=DIRECTION('ref_axis',(1.,0.,0.));
#16100=DIRECTION('',(0.,0.,-1.));
#16101=DIRECTION('center_axis',(0.,0.,-1.));
#16102=DIRECTION('ref_axis',(0.,-1.,0.));
#16103=DIRECTION('',(0.,0.,-1.));
#16104=DIRECTION('center_axis',(0.,0.,-1.));
#16105=DIRECTION('ref_axis',(1.,0.,0.));
#16106=DIRECTION('',(0.,0.,-1.));
#16107=DIRECTION('center_axis',(0.,0.,-1.));
#16108=DIRECTION('ref_axis',(0.,-1.,0.));
#16109=DIRECTION('',(0.,0.,-1.));
#16110=DIRECTION('center_axis',(0.,0.,-1.));
#16111=DIRECTION('ref_axis',(0.,-1.,0.));
#16112=DIRECTION('',(0.,0.,-1.));
#16113=DIRECTION('center_axis',(0.,0.,-1.));
#16114=DIRECTION('ref_axis',(-3.5527136788E-14,-1.,0.));
#16115=DIRECTION('',(0.,0.,-1.));
#16116=DIRECTION('center_axis',(0.,0.,-1.));
#16117=DIRECTION('ref_axis',(0.,-1.,0.));
#16118=DIRECTION('',(0.,0.,-1.));
#16119=DIRECTION('center_axis',(0.,0.,-1.));
#16120=DIRECTION('ref_axis',(0.,-1.,0.));
#16121=DIRECTION('',(0.,0.,-1.));
#16122=DIRECTION('center_axis',(0.,0.,-1.));
#16123=DIRECTION('ref_axis',(0.,-1.,0.));
#16124=DIRECTION('',(0.,0.,-1.));
#16125=DIRECTION('center_axis',(0.,0.,-1.));
#16126=DIRECTION('ref_axis',(0.,-1.,0.));
#16127=DIRECTION('',(0.,0.,-1.));
#16128=DIRECTION('center_axis',(0.,0.,-1.));
#16129=DIRECTION('ref_axis',(0.,-1.,0.));
#16130=DIRECTION('',(0.,0.,-1.));
#16131=DIRECTION('center_axis',(0.,0.,-1.));
#16132=DIRECTION('ref_axis',(0.,-1.,0.));
#16133=DIRECTION('',(0.,0.,-1.));
#16134=DIRECTION('center_axis',(0.,0.,-1.));
#16135=DIRECTION('ref_axis',(0.,-1.,0.));
#16136=DIRECTION('',(0.,0.,-1.));
#16137=DIRECTION('center_axis',(0.,0.,-1.));
#16138=DIRECTION('ref_axis',(0.,-1.,0.));
#16139=DIRECTION('',(0.,0.,-1.));
#16140=DIRECTION('center_axis',(0.,0.,-1.));
#16141=DIRECTION('ref_axis',(0.,-1.,0.));
#16142=DIRECTION('',(0.,0.,-1.));
#16143=DIRECTION('center_axis',(0.,0.,-1.));
#16144=DIRECTION('ref_axis',(0.,-1.,0.));
#16145=DIRECTION('',(0.,0.,-1.));
#16146=DIRECTION('center_axis',(0.,0.,-1.));
#16147=DIRECTION('ref_axis',(-2.706829469562E-14,-1.,0.));
#16148=DIRECTION('',(0.,0.,-1.));
#16149=DIRECTION('axis',(0.,0.,1.));
#16150=DIRECTION('refdir',(1.,0.,0.));
#16151=DIRECTION('center_axis',(0.,2.2E-16,1.));
#16152=DIRECTION('ref_axis',(1.,0.,0.));
#16153=DIRECTION('center_axis',(0.,2.2E-16,1.));
#16154=DIRECTION('ref_axis',(1.,0.,0.));
#16155=DIRECTION('center_axis',(0.,2.2E-16,1.));
#16156=DIRECTION('ref_axis',(1.,0.,0.));
#16157=DIRECTION('',(0.,-2.2E-16,-1.));
#16158=DIRECTION('center_axis',(0.,2.2E-16,1.));
#16159=DIRECTION('ref_axis',(1.,0.,0.));
#16160=DIRECTION('center_axis',(0.,1.,-2.2E-16));
#16161=DIRECTION('ref_axis',(1.,0.,0.));
#16162=DIRECTION('center_axis',(-1.,0.,-1.8E-16));
#16163=DIRECTION('ref_axis',(-1.8E-16,2.2E-16,1.));
#16164=DIRECTION('center_axis',(-1.,0.,-1.8E-16));
#16165=DIRECTION('ref_axis',(-1.8E-16,2.2E-16,1.));
#16166=DIRECTION('center_axis',(0.,-1.,2.2E-16));
#16167=DIRECTION('ref_axis',(1.,0.,-2.69422295812418E-32));
#16168=DIRECTION('center_axis',(1.,0.,0.));
#16169=DIRECTION('ref_axis',(0.,-2.2E-16,-1.));
#16170=DIRECTION('center_axis',(1.,0.,0.));
#16171=DIRECTION('ref_axis',(0.,-2.2E-16,-1.));
#16172=DIRECTION('center_axis',(1.,0.,0.));
#16173=DIRECTION('ref_axis',(0.,-2.2E-16,-1.));
#16174=DIRECTION('',(-1.,0.,0.));
#16175=DIRECTION('center_axis',(0.,1.,-2.2E-16));
#16176=DIRECTION('ref_axis',(1.,0.,0.));
#16177=DIRECTION('center_axis',(-2.4E-16,2.2E-16,1.));
#16178=DIRECTION('ref_axis',(1.,0.,2.4E-16));
#16179=DIRECTION('center_axis',(-2.4E-16,2.2E-16,1.));
#16180=DIRECTION('ref_axis',(1.,0.,2.4E-16));
#16181=DIRECTION('center_axis',(0.,-1.,2.2E-16));
#16182=DIRECTION('ref_axis',(1.,0.,-2.69422295812418E-32));
#16183=DIRECTION('center_axis',(0.,-2.2E-16,-1.));
#16184=DIRECTION('ref_axis',(-1.,0.,0.));
#16185=DIRECTION('center_axis',(0.,-2.2E-16,-1.));
#16186=DIRECTION('ref_axis',(-1.,0.,0.));
#16187=DIRECTION('',(0.,2.2E-16,1.));
#16188=DIRECTION('center_axis',(0.,0.,-1.));
#16189=DIRECTION('ref_axis',(-1.,0.,0.));
#16190=DIRECTION('center_axis',(0.,0.,1.));
#16191=DIRECTION('ref_axis',(1.,0.,0.));
#16192=DIRECTION('center_axis',(1.,0.,0.));
#16193=DIRECTION('ref_axis',(0.,9.92044604925E-16,1.));
#16194=DIRECTION('center_axis',(1.,0.,0.));
#16195=DIRECTION('ref_axis',(0.,9.92044604925E-16,1.));
#16196=DIRECTION('',(-1.,0.,0.));
#16197=DIRECTION('center_axis',(1.,0.,0.));
#16198=DIRECTION('ref_axis',(0.,9.92044604925E-16,1.));
#16199=DIRECTION('center_axis',(1.,0.,0.));
#16200=DIRECTION('ref_axis',(0.,1.002044604925E-15,1.));
#16201=DIRECTION('center_axis',(1.,0.,0.));
#16202=DIRECTION('ref_axis',(0.,1.002044604925E-15,1.));
#16203=DIRECTION('center_axis',(1.,0.,0.));
#16204=DIRECTION('ref_axis',(0.,9.92044604925E-16,1.));
#16205=DIRECTION('center_axis',(1.,0.,0.));
#16206=DIRECTION('ref_axis',(0.,1.002044604925E-15,1.));
#16207=DIRECTION('center_axis',(1.,0.,0.));
#16208=DIRECTION('ref_axis',(0.,1.002044604925E-15,1.));
#16209=DIRECTION('',(-1.,0.,0.));
#16210=DIRECTION('center_axis',(1.,0.,0.));
#16211=DIRECTION('ref_axis',(0.,1.002044604925E-15,1.));
#16212=DIRECTION('center_axis',(1.,0.,0.));
#16213=DIRECTION('ref_axis',(0.,1.002044604925E-15,1.));
#16214=DIRECTION('center_axis',(1.,0.,0.));
#16215=DIRECTION('ref_axis',(0.,1.002044604925E-15,1.));
#16216=DIRECTION('',(-1.,0.,0.));
#16217=DIRECTION('center_axis',(-1.,0.,0.));
#16218=DIRECTION('ref_axis',(0.,1.002044604925E-15,1.));
#16219=DIRECTION('center_axis',(1.,0.,0.));
#16220=DIRECTION('ref_axis',(0.,1.002044604925E-15,1.));
#16221=DIRECTION('center_axis',(0.,-1.,1.12450928483974E-15));
#16222=DIRECTION('ref_axis',(0.,-1.12450928483974E-15,-1.));
#16223=DIRECTION('center_axis',(-1.,0.,0.));
#16224=DIRECTION('ref_axis',(0.,1.002044604925E-15,1.));
#16225=DIRECTION('center_axis',(0.,-1.,1.12450928483974E-15));
#16226=DIRECTION('ref_axis',(0.,-1.12450928483974E-15,-1.));
#16227=DIRECTION('center_axis',(1.,0.,0.));
#16228=DIRECTION('ref_axis',(0.,1.002044604925E-15,1.));
#16229=DIRECTION('center_axis',(1.,0.,0.));
#16230=DIRECTION('ref_axis',(0.,1.002044604925E-15,1.));
#16231=DIRECTION('center_axis',(1.,0.,0.));
#16232=DIRECTION('ref_axis',(0.,1.002044604925E-15,1.));
#16233=DIRECTION('axis',(0.,0.,1.));
#16234=DIRECTION('refdir',(1.,0.,0.));
#16235=DIRECTION('center_axis',(1.,0.,0.));
#16236=DIRECTION('ref_axis',(0.,0.,1.));
#16237=DIRECTION('',(0.,0.,1.));
#16238=DIRECTION('center_axis',(-1.,0.,0.));
#16239=DIRECTION('ref_axis',(0.,0.,1.));
#16240=DIRECTION('',(0.,1.,0.));
#16241=DIRECTION('center_axis',(1.,0.,0.));
#16242=DIRECTION('ref_axis',(0.,0.,1.));
#16243=DIRECTION('',(0.,0.,1.));
#16244=DIRECTION('center_axis',(-1.,0.,0.));
#16245=DIRECTION('ref_axis',(0.,0.,1.));
#16246=DIRECTION('',(0.,1.,0.));
#16247=DIRECTION('center_axis',(1.,0.,0.));
#16248=DIRECTION('ref_axis',(0.,0.,1.));
#16249=DIRECTION('center_axis',(0.,1.,0.));
#16250=DIRECTION('ref_axis',(0.,0.,1.));
#16251=DIRECTION('',(0.,0.,1.));
#16252=DIRECTION('',(1.,0.,0.));
#16253=DIRECTION('',(1.,0.,0.));
#16254=DIRECTION('center_axis',(1.,0.,0.));
#16255=DIRECTION('ref_axis',(0.,-1.,0.));
#16256=DIRECTION('',(1.,0.,0.));
#16257=DIRECTION('center_axis',(1.,0.,0.));
#16258=DIRECTION('ref_axis',(0.,0.,1.));
#16259=DIRECTION('center_axis',(1.,0.,0.));
#16260=DIRECTION('ref_axis',(0.,-1.,0.));
#16261=DIRECTION('center_axis',(-1.,0.,0.));
#16262=DIRECTION('ref_axis',(0.,0.,1.));
#16263=DIRECTION('',(1.,0.,0.));
#16264=DIRECTION('center_axis',(0.,0.,1.));
#16265=DIRECTION('ref_axis',(1.,0.,0.));
#16266=DIRECTION('',(1.,0.,0.));
#16267=DIRECTION('',(0.,1.,0.));
#16268=DIRECTION('center_axis',(0.,0.,1.));
#16269=DIRECTION('ref_axis',(1.,0.,0.));
#16270=DIRECTION('',(0.,1.,0.));
#16271=DIRECTION('',(1.,0.,0.));
#16272=DIRECTION('center_axis',(1.,0.,0.));
#16273=DIRECTION('ref_axis',(0.,1.,0.));
#16274=DIRECTION('',(1.,0.,0.));
#16275=DIRECTION('center_axis',(-1.,0.,0.));
#16276=DIRECTION('ref_axis',(0.,0.,1.));
#16277=DIRECTION('center_axis',(1.,0.,0.));
#16278=DIRECTION('ref_axis',(0.,1.,0.));
#16279=DIRECTION('center_axis',(1.,0.,0.));
#16280=DIRECTION('ref_axis',(0.,0.,1.));
#16281=DIRECTION('',(1.,0.,0.));
#16282=DIRECTION('center_axis',(0.,1.,0.));
#16283=DIRECTION('ref_axis',(0.,0.,1.));
#16284=DIRECTION('',(0.,0.,1.));
#16285=DIRECTION('center_axis',(1.,0.,0.));
#16286=DIRECTION('ref_axis',(0.,0.,1.));
#16287=DIRECTION('center_axis',(1.,0.,0.));
#16288=DIRECTION('ref_axis',(0.,0.,1.));
#16289=DIRECTION('',(0.,0.,1.));
#16290=DIRECTION('center_axis',(-1.,0.,0.));
#16291=DIRECTION('ref_axis',(0.,0.,1.));
#16292=DIRECTION('',(0.,1.,0.));
#16293=DIRECTION('center_axis',(1.,0.,0.));
#16294=DIRECTION('ref_axis',(0.,0.,1.));
#16295=DIRECTION('',(0.,0.,1.));
#16296=DIRECTION('center_axis',(-1.,0.,0.));
#16297=DIRECTION('ref_axis',(0.,0.,1.));
#16298=DIRECTION('',(0.,1.,0.));
#16299=DIRECTION('center_axis',(1.,0.,0.));
#16300=DIRECTION('ref_axis',(0.,-1.,0.));
#16301=DIRECTION('',(1.,0.,0.));
#16302=DIRECTION('center_axis',(1.,0.,0.));
#16303=DIRECTION('ref_axis',(0.,0.,1.));
#16304=DIRECTION('',(1.,0.,0.));
#16305=DIRECTION('center_axis',(0.,0.,1.));
#16306=DIRECTION('ref_axis',(1.,0.,0.));
#16307=DIRECTION('',(1.,0.,0.));
#16308=DIRECTION('',(0.,1.,0.));
#16309=DIRECTION('center_axis',(1.,0.,0.));
#16310=DIRECTION('ref_axis',(0.,1.,0.));
#16311=DIRECTION('',(1.,0.,0.));
#16312=DIRECTION('center_axis',(-1.,0.,0.));
#16313=DIRECTION('ref_axis',(0.,0.,1.));
#16314=DIRECTION('center_axis',(0.,1.,0.));
#16315=DIRECTION('ref_axis',(0.,0.,1.));
#16316=DIRECTION('',(0.,0.,1.));
#16317=DIRECTION('',(1.,0.,0.));
#16318=DIRECTION('center_axis',(1.,0.,0.));
#16319=DIRECTION('ref_axis',(0.,1.,0.));
#16320=DIRECTION('',(1.,0.,0.));
#16321=DIRECTION('center_axis',(1.,0.,0.));
#16322=DIRECTION('ref_axis',(0.,0.,1.));
#16323=DIRECTION('center_axis',(0.,0.,1.));
#16324=DIRECTION('ref_axis',(1.,0.,0.));
#16325=DIRECTION('',(1.,0.,0.));
#16326=DIRECTION('',(0.,1.,0.));
#16327=DIRECTION('center_axis',(1.,0.,0.));
#16328=DIRECTION('ref_axis',(0.,-1.,0.));
#16329=DIRECTION('',(1.,0.,0.));
#16330=DIRECTION('center_axis',(-1.,0.,0.));
#16331=DIRECTION('ref_axis',(0.,0.,1.));
#16332=DIRECTION('center_axis',(0.,1.,0.));
#16333=DIRECTION('ref_axis',(0.,0.,1.));
#16334=DIRECTION('',(0.,0.,1.));
#16335=DIRECTION('center_axis',(1.,0.,0.));
#16336=DIRECTION('ref_axis',(0.,0.,1.));
#16337=DIRECTION('',(0.,0.,1.));
#16338=DIRECTION('center_axis',(-1.,0.,0.));
#16339=DIRECTION('ref_axis',(0.,0.,1.));
#16340=DIRECTION('',(0.,1.,0.));
#16341=DIRECTION('center_axis',(1.,0.,0.));
#16342=DIRECTION('ref_axis',(0.,0.,1.));
#16343=DIRECTION('',(0.,0.,1.));
#16344=DIRECTION('center_axis',(-1.,0.,0.));
#16345=DIRECTION('ref_axis',(0.,0.,1.));
#16346=DIRECTION('',(0.,1.,0.));
#16347=DIRECTION('center_axis',(1.,0.,0.));
#16348=DIRECTION('ref_axis',(0.,0.,1.));
#16349=DIRECTION('center_axis',(0.,1.,0.));
#16350=DIRECTION('ref_axis',(0.,0.,1.));
#16351=DIRECTION('',(0.,0.,1.));
#16352=DIRECTION('',(1.,0.,0.));
#16353=DIRECTION('',(1.,0.,0.));
#16354=DIRECTION('center_axis',(1.,0.,0.));
#16355=DIRECTION('ref_axis',(0.,-1.,0.));
#16356=DIRECTION('',(1.,0.,0.));
#16357=DIRECTION('center_axis',(1.,0.,0.));
#16358=DIRECTION('ref_axis',(0.,0.,1.));
#16359=DIRECTION('center_axis',(1.,0.,0.));
#16360=DIRECTION('ref_axis',(0.,-1.,0.));
#16361=DIRECTION('center_axis',(-1.,0.,0.));
#16362=DIRECTION('ref_axis',(0.,0.,1.));
#16363=DIRECTION('',(1.,0.,0.));
#16364=DIRECTION('center_axis',(0.,0.,1.));
#16365=DIRECTION('ref_axis',(1.,0.,0.));
#16366=DIRECTION('',(1.,0.,0.));
#16367=DIRECTION('',(0.,1.,0.));
#16368=DIRECTION('center_axis',(0.,0.,1.));
#16369=DIRECTION('ref_axis',(1.,0.,0.));
#16370=DIRECTION('',(0.,1.,0.));
#16371=DIRECTION('',(1.,0.,0.));
#16372=DIRECTION('center_axis',(1.,0.,0.));
#16373=DIRECTION('ref_axis',(0.,1.,0.));
#16374=DIRECTION('',(1.,0.,0.));
#16375=DIRECTION('center_axis',(-1.,0.,0.));
#16376=DIRECTION('ref_axis',(0.,0.,1.));
#16377=DIRECTION('center_axis',(1.,0.,0.));
#16378=DIRECTION('ref_axis',(0.,1.,0.));
#16379=DIRECTION('center_axis',(1.,0.,0.));
#16380=DIRECTION('ref_axis',(0.,0.,1.));
#16381=DIRECTION('',(1.,0.,0.));
#16382=DIRECTION('center_axis',(0.,1.,0.));
#16383=DIRECTION('ref_axis',(0.,0.,1.));
#16384=DIRECTION('',(0.,0.,1.));
#16385=DIRECTION('center_axis',(1.,0.,0.));
#16386=DIRECTION('ref_axis',(0.,0.,1.));
#16387=DIRECTION('axis',(0.,0.,1.));
#16388=DIRECTION('refdir',(1.,0.,0.));
#16389=DIRECTION('center_axis',(1.,0.,0.));
#16390=DIRECTION('ref_axis',(0.,0.,1.));
#16391=DIRECTION('',(0.,0.,1.));
#16392=DIRECTION('',(0.,1.,0.));
#16393=DIRECTION('',(0.,0.,1.));
#16394=DIRECTION('',(0.,1.,0.));
#16395=DIRECTION('center_axis',(0.,1.,0.));
#16396=DIRECTION('ref_axis',(0.,0.,1.));
#16397=DIRECTION('',(1.,0.,0.));
#16398=DIRECTION('center_axis',(0.,1.,0.));
#16399=DIRECTION('ref_axis',(0.,0.,1.));
#16400=DIRECTION('',(1.,0.,0.));
#16401=DIRECTION('',(0.,0.,1.));
#16402=DIRECTION('',(1.,0.,0.));
#16403=DIRECTION('center_axis',(0.,-1.,0.));
#16404=DIRECTION('ref_axis',(0.,0.,1.));
#16405=DIRECTION('',(1.,0.,0.));
#16406=DIRECTION('center_axis',(0.,1.,0.));
#16407=DIRECTION('ref_axis',(0.,0.,1.));
#16408=DIRECTION('center_axis',(0.,-1.,0.));
#16409=DIRECTION('ref_axis',(0.,0.,1.));
#16410=DIRECTION('center_axis',(0.,1.,0.));
#16411=DIRECTION('ref_axis',(-1.,0.,0.));
#16412=DIRECTION('center_axis',(0.,-1.,0.));
#16413=DIRECTION('ref_axis',(0.,0.,1.));
#16414=DIRECTION('',(0.,1.,0.));
#16415=DIRECTION('center_axis',(0.,1.,0.));
#16416=DIRECTION('ref_axis',(-1.,0.,0.));
#16417=DIRECTION('',(0.,1.,0.));
#16418=DIRECTION('center_axis',(0.,1.,0.));
#16419=DIRECTION('ref_axis',(0.,0.,1.));
#16420=DIRECTION('center_axis',(0.,1.,0.));
#16421=DIRECTION('ref_axis',(0.,0.,1.));
#16422=DIRECTION('',(1.,0.,0.));
#16423=DIRECTION('',(1.,0.,0.));
#16424=DIRECTION('center_axis',(0.,-1.,0.));
#16425=DIRECTION('ref_axis',(0.,0.,1.));
#16426=DIRECTION('',(1.,0.,0.));
#16427=DIRECTION('',(0.,0.,1.));
#16428=DIRECTION('',(1.,0.,0.));
#16429=DIRECTION('center_axis',(0.,1.,0.));
#16430=DIRECTION('ref_axis',(0.,0.,1.));
#16431=DIRECTION('center_axis',(0.,0.,1.));
#16432=DIRECTION('ref_axis',(1.,0.,0.));
#16433=DIRECTION('',(0.,1.,0.));
#16434=DIRECTION('center_axis',(0.,1.,0.));
#16435=DIRECTION('ref_axis',(1.,0.,0.));
#16436=DIRECTION('',(0.,1.,0.));
#16437=DIRECTION('center_axis',(0.,1.,0.));
#16438=DIRECTION('ref_axis',(0.,0.,1.));
#16439=DIRECTION('',(1.,0.,0.));
#16440=DIRECTION('',(1.,0.,0.));
#16441=DIRECTION('',(0.,0.,1.));
#16442=DIRECTION('',(1.,0.,0.));
#16443=DIRECTION('',(1.,0.,0.));
#16444=DIRECTION('center_axis',(0.,0.,1.));
#16445=DIRECTION('ref_axis',(1.,0.,0.));
#16446=DIRECTION('',(0.,1.,0.));
#16447=DIRECTION('center_axis',(0.,1.,0.));
#16448=DIRECTION('ref_axis',(1.,0.,0.));
#16449=DIRECTION('',(0.,1.,0.));
#16450=DIRECTION('center_axis',(0.,1.,0.));
#16451=DIRECTION('ref_axis',(0.,0.,1.));
#16452=DIRECTION('',(1.,0.,0.));
#16453=DIRECTION('',(1.,0.,0.));
#16454=DIRECTION('',(0.,0.,1.));
#16455=DIRECTION('',(1.,0.,0.));
#16456=DIRECTION('',(1.,0.,0.));
#16457=DIRECTION('center_axis',(0.,0.,1.));
#16458=DIRECTION('ref_axis',(1.,0.,0.));
#16459=DIRECTION('',(0.,1.,0.));
#16460=DIRECTION('center_axis',(0.,1.,0.));
#16461=DIRECTION('ref_axis',(0.,0.,1.));
#16462=DIRECTION('',(1.,0.,0.));
#16463=DIRECTION('center_axis',(0.,1.,0.));
#16464=DIRECTION('ref_axis',(0.,0.,1.));
#16465=DIRECTION('',(0.,0.,1.));
#16466=DIRECTION('center_axis',(0.,-1.,0.));
#16467=DIRECTION('ref_axis',(0.,0.,1.));
#16468=DIRECTION('',(1.,0.,0.));
#16469=DIRECTION('center_axis',(0.,1.,0.));
#16470=DIRECTION('ref_axis',(0.,0.,1.));
#16471=DIRECTION('center_axis',(0.,-1.,0.));
#16472=DIRECTION('ref_axis',(0.,0.,1.));
#16473=DIRECTION('center_axis',(0.,1.,0.));
#16474=DIRECTION('ref_axis',(0.,0.,1.));
#16475=DIRECTION('',(0.,0.,1.));
#16476=DIRECTION('',(1.,0.,0.));
#16477=DIRECTION('',(0.,0.,1.));
#16478=DIRECTION('center_axis',(1.,0.,0.));
#16479=DIRECTION('ref_axis',(0.,0.,1.));
#16480=DIRECTION('',(0.,1.,0.));
#16481=DIRECTION('',(0.,0.,1.));
#16482=DIRECTION('center_axis',(0.,1.,0.));
#16483=DIRECTION('ref_axis',(0.,0.,1.));
#16484=DIRECTION('',(1.,0.,0.));
#16485=DIRECTION('center_axis',(0.,-1.,0.));
#16486=DIRECTION('ref_axis',(0.,0.,1.));
#16487=DIRECTION('center_axis',(0.,1.,0.));
#16488=DIRECTION('ref_axis',(0.,0.,1.));
#16489=DIRECTION('',(1.,0.,0.));
#16490=DIRECTION('center_axis',(0.,-1.,0.));
#16491=DIRECTION('ref_axis',(0.,0.,1.));
#16492=DIRECTION('',(0.,0.,1.));
#16493=DIRECTION('center_axis',(0.,1.,0.));
#16494=DIRECTION('ref_axis',(0.,0.,1.));
#16495=DIRECTION('center_axis',(0.,1.,0.));
#16496=DIRECTION('ref_axis',(0.,0.,1.));
#16497=DIRECTION('',(1.,0.,0.));
#16498=DIRECTION('',(0.,0.,1.));
#16499=DIRECTION('center_axis',(0.,1.,0.));
#16500=DIRECTION('ref_axis',(-1.,0.,0.));
#16501=DIRECTION('',(0.,1.,0.));
#16502=DIRECTION('center_axis',(0.,0.,1.));
#16503=DIRECTION('ref_axis',(1.,0.,0.));
#16504=DIRECTION('',(0.,1.,0.));
#16505=DIRECTION('center_axis',(0.,1.,0.));
#16506=DIRECTION('ref_axis',(1.,0.,0.));
#16507=DIRECTION('',(0.,1.,0.));
#16508=DIRECTION('center_axis',(1.,0.,0.));
#16509=DIRECTION('ref_axis',(0.,0.,1.));
#16510=DIRECTION('',(0.,1.,0.));
#16511=DIRECTION('center_axis',(0.,1.,0.));
#16512=DIRECTION('ref_axis',(1.,0.,0.));
#16513=DIRECTION('',(0.,1.,0.));
#16514=DIRECTION('center_axis',(0.,0.,1.));
#16515=DIRECTION('ref_axis',(1.,0.,0.));
#16516=DIRECTION('',(0.,1.,0.));
#16517=DIRECTION('center_axis',(0.,1.,0.));
#16518=DIRECTION('ref_axis',(-1.,0.,0.));
#16519=DIRECTION('',(0.,1.,0.));
#16520=DIRECTION('center_axis',(1.,0.,0.));
#16521=DIRECTION('ref_axis',(0.,0.,1.));
#16522=DIRECTION('',(0.,1.,0.));
#16523=DIRECTION('center_axis',(0.,0.,1.));
#16524=DIRECTION('ref_axis',(1.,0.,0.));
#16525=DIRECTION('',(0.,-4.93038065763132E-32,1.));
#16526=DIRECTION('',(1.110223024625E-16,1.,4.93038065763132E-32));
#16527=DIRECTION('',(0.,-4.93038065763132E-32,1.));
#16528=DIRECTION('',(1.110223024625E-16,-1.,-4.93038065763132E-32));
#16529=DIRECTION('',(0.,-4.93038065763132E-32,1.));
#16530=DIRECTION('',(1.110223024625E-16,-1.,-4.93038065763132E-32));
#16531=DIRECTION('',(0.,-4.93038065763132E-32,1.));
#16532=DIRECTION('',(1.110223024625E-16,1.,4.93038065763132E-32));
#16533=DIRECTION('',(0.,-4.93038065763132E-32,1.));
#16534=DIRECTION('',(1.110223024625E-16,1.,4.93038065763132E-32));
#16535=DIRECTION('',(0.,-4.93038065763132E-32,1.));
#16536=DIRECTION('',(1.110223024625E-16,1.,4.93038065763132E-32));
#16537=DIRECTION('',(0.,-4.93038065763132E-32,1.));
#16538=DIRECTION('',(-1.,1.224646799147E-16,-5.47382212626882E-48));
#16539=DIRECTION('',(0.,-4.93038065763132E-32,1.));
#16540=DIRECTION('',(1.,0.,0.));
#16541=DIRECTION('',(0.,-4.93038065763132E-32,1.));
#16542=DIRECTION('',(1.110223024625E-16,1.,4.93038065763132E-32));
#16543=DIRECTION('',(0.,-4.93038065763132E-32,1.));
#16544=DIRECTION('',(1.110223024625E-16,1.,4.93038065763132E-32));
#16545=DIRECTION('',(0.,-4.93038065763132E-32,1.));
#16546=DIRECTION('',(1.110223024625E-16,-1.,-4.93038065763132E-32));
#16547=DIRECTION('',(0.,-4.93038065763132E-32,1.));
#16548=DIRECTION('',(1.110223024625E-16,1.,4.93038065763132E-32));
#16549=DIRECTION('',(0.,-4.93038065763132E-32,1.));
#16550=DIRECTION('',(1.110223024625E-16,1.,4.93038065763132E-32));
#16551=DIRECTION('',(0.,-4.93038065763132E-32,1.));
#16552=DIRECTION('',(1.110223024625E-16,-1.,-4.93038065763132E-32));
#16553=DIRECTION('',(0.,-4.93038065763132E-32,1.));
#16554=DIRECTION('',(1.110223024625E-16,-1.,-4.93038065763132E-32));
#16555=DIRECTION('',(0.,-4.93038065763132E-32,1.));
#16556=DIRECTION('',(1.110223024625E-16,1.,4.93038065763132E-32));
#16557=DIRECTION('',(0.,-4.93038065763132E-32,1.));
#16558=DIRECTION('',(1.,0.,0.));
#16559=DIRECTION('',(0.,0.,1.));
#16560=DIRECTION('',(1.,0.,0.));
#16561=DIRECTION('',(0.,0.,1.));
#16562=DIRECTION('',(1.,0.,0.));
#16563=DIRECTION('',(0.,-1.,2.91433543964104E-16));
#16564=DIRECTION('',(1.,0.,0.));
#16565=CARTESIAN_POINT('',(0.,0.,0.));
#16566=CARTESIAN_POINT('',(0.,0.,0.));
#16567=CARTESIAN_POINT('Origin',(166.249999999937,-14.51,-74.249999999995));
#16568=CARTESIAN_POINT('',(164.250000000032,-20.2405753423955,-74.249999999995));
#16569=CARTESIAN_POINT('',(164.250000000032,-14.51,-74.249999999995));
#16570=CARTESIAN_POINT('',(164.250000000032,-8.01000000000002,-74.249999999995));
#16571=CARTESIAN_POINT('',(166.249999999937,-20.2405753423955,-74.249999999995));
#16572=CARTESIAN_POINT('',(166.249999999937,-20.2405753423955,-74.249999999995));
#16573=CARTESIAN_POINT('',(166.249999999937,-14.51,-74.249999999995));
#16574=CARTESIAN_POINT('',(166.250000000031,-8.01000000000002,-74.249999999995));
#16575=CARTESIAN_POINT('',(166.249999999937,-14.51,-74.249999999995));
#16576=CARTESIAN_POINT('Origin',(166.249999999937,-14.51,-59.249999999995));
#16577=CARTESIAN_POINT('',(164.250000000013,-14.51,-59.249999999995));
#16578=CARTESIAN_POINT('',(164.250000000004,-14.51,-52.2499999999988));
#16579=CARTESIAN_POINT('',(166.249999999937,-14.51,-59.249999999995));
#16580=CARTESIAN_POINT('',(166.250000000004,-14.51,-52.2499999999962));
#16581=CARTESIAN_POINT('',(166.249999999937,-14.51,-59.249999999995));
#16582=CARTESIAN_POINT('Origin',(166.249999999937,-20.2405753423955,-59.249999999995));
#16583=CARTESIAN_POINT('',(164.250000000013,-20.2405753423955,-59.249999999995));
#16584=CARTESIAN_POINT('',(164.250000000013,-10.8752876711977,-59.249999999995));
#16585=CARTESIAN_POINT('',(166.249999999937,-20.2405753423955,-59.249999999995));
#16586=CARTESIAN_POINT('',(166.250000000012,-10.8752876711977,-59.249999999995));
#16587=CARTESIAN_POINT('',(166.249999999937,-20.2405753423955,-59.249999999995));
#16588=CARTESIAN_POINT('Origin',(166.249999999937,-20.2405753423955,-74.249999999995));
#16589=CARTESIAN_POINT('',(164.250000000013,-20.2405753423955,-59.7499999999988));
#16590=CARTESIAN_POINT('',(166.250000000013,-20.2405753423955,-59.7499999999962));
#16591=CARTESIAN_POINT('Origin',(85.8,-1.51000000000002,-101.));
#16592=CARTESIAN_POINT('',(84.75,-1.51000000000002,-101.));
#16593=CARTESIAN_POINT('Origin',(85.8,-1.51000000000002,-101.));
#16594=CARTESIAN_POINT('Origin',(158.6,-1.51000000000002,-47.6));
#16595=CARTESIAN_POINT('',(157.55,-1.51000000000002,-47.6));
#16596=CARTESIAN_POINT('Origin',(158.6,-1.51000000000002,-47.6));
#16597=CARTESIAN_POINT('Origin',(158.6,-1.51000000000002,-101.4));
#16598=CARTESIAN_POINT('',(157.55,-1.51000000000002,-101.4));
#16599=CARTESIAN_POINT('Origin',(158.6,-1.51000000000002,-101.4));
#16600=CARTESIAN_POINT('Origin',(85.6,-1.51000000000002,-47.4));
#16601=CARTESIAN_POINT('',(84.55,-1.51000000000002,-47.4));
#16602=CARTESIAN_POINT('Origin',(85.6,-1.51000000000002,-47.4));
#16603=CARTESIAN_POINT('Origin',(158.6,-1.51000000000003,-101.4));
#16604=CARTESIAN_POINT('',(156.35,-14.51,-101.4));
#16605=CARTESIAN_POINT('Origin',(158.6,-14.51,-101.4));
#16606=CARTESIAN_POINT('',(156.35,-1.51000000000003,-101.4));
#16607=CARTESIAN_POINT('',(156.35,-1.51000000000003,-101.4));
#16608=CARTESIAN_POINT('Origin',(158.6,-1.51000000000002,-101.4));
#16609=CARTESIAN_POINT('Origin',(158.6,-14.51,-101.4));
#16610=CARTESIAN_POINT('',(157.55,-14.51,-101.4));
#16611=CARTESIAN_POINT('Origin',(158.6,-14.51,-101.4));
#16612=CARTESIAN_POINT('Origin',(85.6,-1.51000000000002,-47.4));
#16613=CARTESIAN_POINT('',(83.35,-14.51,-47.4));
#16614=CARTESIAN_POINT('Origin',(85.6,-14.51,-47.4));
#16615=CARTESIAN_POINT('',(83.35,-1.51000000000002,-47.4));
#16616=CARTESIAN_POINT('',(83.35,-1.51000000000002,-47.4));
#16617=CARTESIAN_POINT('Origin',(85.6,-1.51000000000002,-47.4));
#16618=CARTESIAN_POINT('Origin',(85.6,-14.51,-47.4));
#16619=CARTESIAN_POINT('',(84.55,-14.51,-47.4));
#16620=CARTESIAN_POINT('Origin',(85.6,-14.51,-47.4));
#16621=CARTESIAN_POINT('Origin',(85.8,-1.51000000000003,-101.));
#16622=CARTESIAN_POINT('',(83.55,-14.51,-101.));
#16623=CARTESIAN_POINT('Origin',(85.8,-14.51,-101.));
#16624=CARTESIAN_POINT('',(83.55,-1.51000000000003,-101.));
#16625=CARTESIAN_POINT('',(83.55,-1.51000000000003,-101.));
#16626=CARTESIAN_POINT('Origin',(85.8,-1.51000000000002,-101.));
#16627=CARTESIAN_POINT('Origin',(85.8,-14.51,-101.));
#16628=CARTESIAN_POINT('',(84.75,-14.51,-101.));
#16629=CARTESIAN_POINT('Origin',(85.8,-14.51,-101.));
#16630=CARTESIAN_POINT('Origin',(158.6,-1.51000000000002,-47.6));
#16631=CARTESIAN_POINT('',(156.35,-14.51,-47.6));
#16632=CARTESIAN_POINT('Origin',(158.6,-14.51,-47.6));
#16633=CARTESIAN_POINT('',(156.35,-1.51000000000002,-47.6));
#16634=CARTESIAN_POINT('',(156.35,-1.51000000000002,-47.6));
#16635=CARTESIAN_POINT('Origin',(158.6,-1.51000000000002,-47.6));
#16636=CARTESIAN_POINT('Origin',(158.6,-14.51,-47.6));
#16637=CARTESIAN_POINT('',(157.55,-14.51,-47.6));
#16638=CARTESIAN_POINT('Origin',(158.6,-14.51,-47.6));
#16639=CARTESIAN_POINT('Origin',(78.3000000000009,-2.00045805126859,-95.088309364565));
#16640=CARTESIAN_POINT('',(80.3000000000016,-2.00045805126859,-86.2599823662059));
#16641=CARTESIAN_POINT('',(80.3000000000008,-2.00045805126859,-95.0883093645653));
#16642=CARTESIAN_POINT('',(80.3000000000004,-2.00045805126859,-99.3941546822826));
#16643=CARTESIAN_POINT('',(78.3000000000018,-2.00045805126859,-86.2599823662057));
#16644=CARTESIAN_POINT('',(78.3000000000018,-2.00045805126859,-86.2599823662057));
#16645=CARTESIAN_POINT('',(78.3000000000009,-2.00045805126859,-95.088309364565));
#16646=CARTESIAN_POINT('',(78.3000000000004,-2.00045805126859,-99.3941546822825));
#16647=CARTESIAN_POINT('',(78.3000000000009,-2.00045805126859,-95.088309364565));
#16648=CARTESIAN_POINT('Origin',(78.3000000000009,-7.09844880023562,-95.088309364565));
#16649=CARTESIAN_POINT('',(80.3000000000008,-7.09844880023562,-95.0883093645653));
#16650=CARTESIAN_POINT('',(80.3000000000008,-4.30422440011783,-95.0883093645653));
#16651=CARTESIAN_POINT('',(78.3000000000009,-7.09844880023562,-95.088309364565));
#16652=CARTESIAN_POINT('',(78.3000000000009,-4.30422440011783,-95.088309364565));
#16653=CARTESIAN_POINT('',(78.3000000000009,-7.09844880023562,-95.088309364565));
#16654=CARTESIAN_POINT('Origin',(78.3000000000018,-7.09844880023562,-86.2599823662057));
#16655=CARTESIAN_POINT('',(80.3000000000016,-7.09844880023562,-86.2599823662059));
#16656=CARTESIAN_POINT('',(80.3000000000008,-7.09844880023562,-94.979991183103));
#16657=CARTESIAN_POINT('',(78.3000000000018,-7.09844880023562,-86.2599823662057));
#16658=CARTESIAN_POINT('',(78.3000000000009,-7.09844880023562,-94.9799911831028));
#16659=CARTESIAN_POINT('',(78.3000000000018,-7.09844880023562,-86.2599823662057));
#16660=CARTESIAN_POINT('Origin',(78.3000000000018,-2.00045805126859,-86.2599823662057));
#16661=CARTESIAN_POINT('',(80.3000000000016,-1.75522902563431,-86.2599823662059));
#16662=CARTESIAN_POINT('',(78.3000000000018,-1.75522902563431,-86.2599823662056));
#16663=CARTESIAN_POINT('Origin',(80.3,-1.51000000000003,-103.7));
#16664=CARTESIAN_POINT('',(80.3000000000056,-1.51000000000001,-45.2500011206208));
#16665=CARTESIAN_POINT('',(80.3,-1.51000000000003,-103.7));
#16666=CARTESIAN_POINT('',(80.3000000000013,-1.51000000000003,-89.0874999999969));
#16667=CARTESIAN_POINT('',(80.3000000000056,-21.51,-45.2500011206208));
#16668=CARTESIAN_POINT('',(80.3000000000056,-1.51000000000001,-45.2500011206208));
#16669=CARTESIAN_POINT('',(80.3,-21.51,-103.7));
#16670=CARTESIAN_POINT('',(80.3000000000054,-21.51,-45.2500011206208));
#16671=CARTESIAN_POINT('',(80.3,-1.51000000000003,-103.7));
#16672=CARTESIAN_POINT('Origin',(82.799999252925,-1.51000000000003,-103.700000747));
#16673=CARTESIAN_POINT('',(82.8000011206133,-1.51000000000003,-106.199999999925));
#16674=CARTESIAN_POINT('Origin',(82.799999252925,-1.51000000000004,-103.700000747));
#16675=CARTESIAN_POINT('',(82.8000011206133,-21.51,-106.199999999925));
#16676=CARTESIAN_POINT('Origin',(82.799999252925,-21.51,-103.700000747));
#16677=CARTESIAN_POINT('',(82.8000011206133,-1.51000000000003,-106.199999999925));
#16678=CARTESIAN_POINT('Origin',(161.749999999999,-1.51000000000003,-106.2));
#16679=CARTESIAN_POINT('',(161.749999999999,-1.51000000000003,-106.2));
#16680=CARTESIAN_POINT('',(142.012500000002,-1.51000000000003,-106.199999999981));
#16681=CARTESIAN_POINT('',(161.749999999999,-21.51,-106.2));
#16682=CARTESIAN_POINT('',(82.8000011206133,-21.51,-106.199999999925));
#16683=CARTESIAN_POINT('',(161.749999999999,-1.51000000000003,-106.2));
#16684=CARTESIAN_POINT('Origin',(161.75000074707,-1.51000000000003,-103.700000747));
#16685=CARTESIAN_POINT('',(164.25000000007,-1.51000000000003,-103.699998879499));
#16686=CARTESIAN_POINT('Origin',(161.75000074707,-1.51000000000004,-103.700000747));
#16687=CARTESIAN_POINT('',(164.25000000007,-21.51,-103.699998879499));
#16688=CARTESIAN_POINT('Origin',(161.75000074707,-21.51,-103.700000747));
#16689=CARTESIAN_POINT('',(164.25000000007,-1.51000000000003,-103.699998879499));
#16690=CARTESIAN_POINT('Origin',(164.249999999995,-1.51000000000001,-45.25));
#16691=CARTESIAN_POINT('',(164.249999999995,-1.51000000000001,-45.25));
#16692=CARTESIAN_POINT('',(164.250000000013,-1.51000000000002,-59.862499999972));
#16693=CARTESIAN_POINT('',(164.249999999995,-21.51,-45.25));
#16694=CARTESIAN_POINT('',(164.25000000007,-21.51,-103.699998879499));
#16695=CARTESIAN_POINT('',(164.249999999995,-1.51000000000001,-45.25));
#16696=CARTESIAN_POINT('Origin',(161.75000074707,-1.51000000000001,-45.24999925292));
#16697=CARTESIAN_POINT('',(161.749998879394,-1.51000000000001,-42.7499999999957));
#16698=CARTESIAN_POINT('Origin',(161.75000074707,-1.51000000000001,-45.24999925292));
#16699=CARTESIAN_POINT('',(161.749998879394,-21.51,-42.7499999999957));
#16700=CARTESIAN_POINT('Origin',(161.75000074707,-21.51,-45.24999925292));
#16701=CARTESIAN_POINT('',(161.749998879394,-1.51000000000001,-42.7499999999957));
#16702=CARTESIAN_POINT('Origin',(82.7999999999999,-1.51000000000001,-42.75));
#16703=CARTESIAN_POINT('',(82.7999999999999,-1.51000000000001,-42.75));
#16704=CARTESIAN_POINT('',(102.537500000017,-1.51000000000001,-42.7499999999989));
#16705=CARTESIAN_POINT('',(82.7999999999999,-21.51,-42.75));
#16706=CARTESIAN_POINT('',(161.749998879394,-21.51,-42.7499999999957));
#16707=CARTESIAN_POINT('',(82.7999999999999,-1.51000000000001,-42.75));
#16708=CARTESIAN_POINT('Origin',(82.799999252925,-1.51000000000001,-45.24999925292));
#16709=CARTESIAN_POINT('Origin',(82.799999252925,-1.51000000000001,-45.24999925292));
#16710=CARTESIAN_POINT('Origin',(82.799999252925,-21.51,-45.24999925292));
#16711=CARTESIAN_POINT('Origin',(122.275000000035,-21.51,-74.4749999999977));
#16712=CARTESIAN_POINT('',(82.7999999999998,-21.51,-40.75));
#16713=CARTESIAN_POINT('',(78.3000000000062,-21.51,-45.2500026147819));
#16714=CARTESIAN_POINT('Origin',(82.799999252925,-21.51,-45.24999925292));
#16715=CARTESIAN_POINT('',(78.3,-21.51,-103.7));
#16716=CARTESIAN_POINT('',(78.3000000000061,-21.51,-45.2500026147819));
#16717=CARTESIAN_POINT('',(82.8000026147644,-21.51,-108.199999999924));
#16718=CARTESIAN_POINT('Origin',(82.799999252925,-21.51,-103.700000747));
#16719=CARTESIAN_POINT('',(161.749999999997,-21.51,-108.2));
#16720=CARTESIAN_POINT('',(82.8000026147644,-21.51,-108.199999999924));
#16721=CARTESIAN_POINT('',(166.250000000069,-21.51,-103.699997385498));
#16722=CARTESIAN_POINT('Origin',(161.75000074707,-21.51,-103.700000747));
#16723=CARTESIAN_POINT('',(166.249999999995,-21.51,-45.2499999999975));
#16724=CARTESIAN_POINT('',(166.250000000069,-21.51,-103.699997385498));
#16725=CARTESIAN_POINT('',(161.749997385253,-21.51,-40.7499999999964));
#16726=CARTESIAN_POINT('Origin',(161.75000074707,-21.51,-45.24999925292));
#16727=CARTESIAN_POINT('',(161.749997385253,-21.51,-40.7499999999964));
#16728=CARTESIAN_POINT('Origin',(158.6,-1.51000000000002,-47.6));
#16729=CARTESIAN_POINT('',(157.55,-1.51000000000002,-47.6));
#16730=CARTESIAN_POINT('Origin',(85.6,-1.51000000000002,-47.4));
#16731=CARTESIAN_POINT('',(84.55,-1.51000000000002,-47.4));
#16732=CARTESIAN_POINT('Origin',(158.6,-1.51000000000003,-101.4));
#16733=CARTESIAN_POINT('',(157.55,-1.51000000000003,-101.4));
#16734=CARTESIAN_POINT('Origin',(85.8,-1.51000000000003,-101.));
#16735=CARTESIAN_POINT('',(84.75,-1.51000000000003,-101.));
#16736=CARTESIAN_POINT('Origin',(78.3,-1.51000000000003,-103.7));
#16737=CARTESIAN_POINT('',(78.3000000000062,0.489999999999985,-45.2500026147819));
#16738=CARTESIAN_POINT('',(78.3000000000062,-1.51000000000001,-45.2500026147819));
#16739=CARTESIAN_POINT('',(78.3,0.489999999999969,-103.7));
#16740=CARTESIAN_POINT('',(78.3000000000061,0.489999999999985,-45.2500026147819));
#16741=CARTESIAN_POINT('',(78.3,-1.51000000000003,-103.7));
#16742=CARTESIAN_POINT('Origin',(82.799999252925,-1.51000000000003,-103.700000747));
#16743=CARTESIAN_POINT('',(82.8000026147644,0.489999999999967,-108.199999999924));
#16744=CARTESIAN_POINT('Origin',(82.799999252925,0.489999999999969,-103.700000747));
#16745=CARTESIAN_POINT('',(82.8000026147644,-1.51000000000003,-108.199999999924));
#16746=CARTESIAN_POINT('Origin',(161.749999999997,-1.51000000000003,-108.2));
#16747=CARTESIAN_POINT('',(161.749999999997,0.489999999999967,-108.2));
#16748=CARTESIAN_POINT('',(82.8000026147644,0.489999999999967,-108.199999999924));
#16749=CARTESIAN_POINT('',(161.749999999997,-1.51000000000003,-108.2));
#16750=CARTESIAN_POINT('Origin',(161.75000074707,-1.51000000000003,-103.700000747));
#16751=CARTESIAN_POINT('',(166.250000000069,0.489999999999969,-103.699997385498));
#16752=CARTESIAN_POINT('Origin',(161.75000074707,0.489999999999969,-103.700000747));
#16753=CARTESIAN_POINT('',(166.250000000069,-1.51000000000003,-103.699997385498));
#16754=CARTESIAN_POINT('Origin',(166.249999999995,-1.51000000000001,-45.2499999999975));
#16755=CARTESIAN_POINT('',(166.249999999995,0.489999999999985,-45.2499999999975));
#16756=CARTESIAN_POINT('',(166.250000000069,0.489999999999969,-103.699997385498));
#16757=CARTESIAN_POINT('',(166.249999999995,-1.51000000000001,-45.2499999999975));
#16758=CARTESIAN_POINT('Origin',(161.75000074707,-1.51000000000001,-45.24999925292));
#16759=CARTESIAN_POINT('',(161.749997385253,0.489999999999987,-40.7499999999964));
#16760=CARTESIAN_POINT('Origin',(161.75000074707,0.489999999999985,-45.24999925292));
#16761=CARTESIAN_POINT('',(161.749997385253,-1.51000000000001,-40.7499999999964));
#16762=CARTESIAN_POINT('Origin',(82.7999999999998,-1.51000000000001,-40.75));
#16763=CARTESIAN_POINT('',(82.7999999999998,0.489999999999987,-40.75));
#16764=CARTESIAN_POINT('',(161.749997385253,0.489999999999987,-40.7499999999964));
#16765=CARTESIAN_POINT('',(82.7999999999998,-1.51000000000001,-40.75));
#16766=CARTESIAN_POINT('Origin',(82.799999252925,-1.51000000000001,-45.24999925292));
#16767=CARTESIAN_POINT('Origin',(82.799999252925,0.489999999999985,-45.24999925292));
#16768=CARTESIAN_POINT('Origin',(122.275000000035,-1.51000000000002,-74.4749999999977));
#16769=CARTESIAN_POINT('Origin',(122.275000000035,0.489999999999977,-74.4749999999977));
#16770=CARTESIAN_POINT('',(0.,0.,0.));
#16771=CARTESIAN_POINT('Origin',(110.3,-23.51,-92.75));
#16772=CARTESIAN_POINT('',(105.050044388441,-21.51,-94.7216397346359));
#16773=CARTESIAN_POINT('',(115.580169398632,-21.51,-94.6392348420141));
#16774=CARTESIAN_POINT('Origin',(110.3,-21.51,-92.75));
#16775=CARTESIAN_POINT('',(105.050044388441,-23.51,-94.7216397346359));
#16776=CARTESIAN_POINT('',(105.050044388441,-23.51,-94.7216397346359));
#16777=CARTESIAN_POINT('',(115.580169398632,-23.51,-94.6392348420141));
#16778=CARTESIAN_POINT('Origin',(110.3,-23.51,-92.75));
#16779=CARTESIAN_POINT('',(115.580169398632,-23.51,-94.6392348420141));
#16780=CARTESIAN_POINT('Origin',(116.88171228199,-23.51,-95.1049244777012));
#16781=CARTESIAN_POINT('',(118.183255165348,-21.51,-95.5706141133883));
#16782=CARTESIAN_POINT('Origin',(116.88171228199,-21.51,-95.1049244777012));
#16783=CARTESIAN_POINT('',(118.183255165348,-23.51,-95.5706141133883));
#16784=CARTESIAN_POINT('Origin',(116.88171228199,-23.51,-95.1049244777012));
#16785=CARTESIAN_POINT('',(118.183255165348,-23.51,-95.5706141133883));
#16786=CARTESIAN_POINT('Origin',(110.3,-23.51,-92.75));
#16787=CARTESIAN_POINT('',(102.461853802761,-21.51,-95.6936440289775));
#16788=CARTESIAN_POINT('Origin',(110.3,-21.51,-92.75));
#16789=CARTESIAN_POINT('',(102.461853802761,-23.51,-95.6936440289775));
#16790=CARTESIAN_POINT('Origin',(110.3,-23.51,-92.75));
#16791=CARTESIAN_POINT('',(102.461853802761,-23.51,-95.6936440289775));
#16792=CARTESIAN_POINT('Origin',(103.755949095601,-23.51,-95.2076418818067));
#16793=CARTESIAN_POINT('Origin',(103.755949095601,-21.51,-95.2076418818067));
#16794=CARTESIAN_POINT('Origin',(103.755949095601,-23.51,-95.2076418818067));
#16795=CARTESIAN_POINT('Origin',(133.9135,-21.51,-92.844));
#16796=CARTESIAN_POINT('',(139.1135,-21.51,-92.844));
#16797=CARTESIAN_POINT('Origin',(133.9135,-21.51,-92.844));
#16798=CARTESIAN_POINT('',(139.1135,-22.51,-92.844));
#16799=CARTESIAN_POINT('',(139.1135,-21.51,-92.844));
#16800=CARTESIAN_POINT('Origin',(133.9135,-22.51,-92.844));
#16801=CARTESIAN_POINT('Origin',(133.9135,-22.51,-92.844));
#16802=CARTESIAN_POINT('',(137.9135,-22.51,-92.844));
#16803=CARTESIAN_POINT('Origin',(133.9135,-22.51,-92.844));
#16804=CARTESIAN_POINT('Origin',(133.9135,-21.51,-92.844));
#16805=CARTESIAN_POINT('',(137.9135,-23.51,-92.844));
#16806=CARTESIAN_POINT('',(137.9135,-21.51,-92.844));
#16807=CARTESIAN_POINT('Origin',(133.9135,-23.51,-92.844));
#16808=CARTESIAN_POINT('Origin',(101.57,-21.51,-59.01));
#16809=CARTESIAN_POINT('',(116.27,-21.51,-59.01));
#16810=CARTESIAN_POINT('Origin',(101.57,-21.51,-59.01));
#16811=CARTESIAN_POINT('',(116.27,-22.51,-59.01));
#16812=CARTESIAN_POINT('',(116.27,-21.51,-59.01));
#16813=CARTESIAN_POINT('Origin',(101.57,-22.51,-59.01));
#16814=CARTESIAN_POINT('Origin',(101.57,-22.51,-59.01));
#16815=CARTESIAN_POINT('',(114.57,-22.51,-59.01));
#16816=CARTESIAN_POINT('Origin',(101.57,-22.51,-59.01));
#16817=CARTESIAN_POINT('Origin',(101.57,-21.51,-59.01));
#16818=CARTESIAN_POINT('',(114.57,-23.51,-59.01));
#16819=CARTESIAN_POINT('',(114.57,-21.51,-59.01));
#16820=CARTESIAN_POINT('Origin',(101.57,-23.51,-59.01));
#16821=CARTESIAN_POINT('Origin',(158.6,-23.51,-47.6));
#16822=CARTESIAN_POINT('',(157.55,-23.51,-47.6));
#16823=CARTESIAN_POINT('Origin',(158.6,-23.51,-47.6));
#16824=CARTESIAN_POINT('',(157.55,-21.51,-47.6));
#16825=CARTESIAN_POINT('',(157.55,-23.51,-47.6));
#16826=CARTESIAN_POINT('Origin',(158.6,-21.51,-47.6));
#16827=CARTESIAN_POINT('Origin',(158.6,-23.51,-101.4));
#16828=CARTESIAN_POINT('',(157.55,-23.51,-101.4));
#16829=CARTESIAN_POINT('Origin',(158.6,-23.51,-101.4));
#16830=CARTESIAN_POINT('',(157.55,-21.51,-101.4));
#16831=CARTESIAN_POINT('',(157.55,-23.51,-101.4));
#16832=CARTESIAN_POINT('Origin',(158.6,-21.51,-101.4));
#16833=CARTESIAN_POINT('Origin',(85.6,-23.51,-47.4));
#16834=CARTESIAN_POINT('',(84.55,-23.51,-47.4));
#16835=CARTESIAN_POINT('Origin',(85.6,-23.51,-47.4));
#16836=CARTESIAN_POINT('',(84.55,-21.51,-47.4));
#16837=CARTESIAN_POINT('',(84.55,-23.51,-47.4));
#16838=CARTESIAN_POINT('Origin',(85.6,-21.51,-47.4));
#16839=CARTESIAN_POINT('Origin',(85.8,-23.51,-101.));
#16840=CARTESIAN_POINT('',(84.75,-23.51,-101.));
#16841=CARTESIAN_POINT('Origin',(85.8,-23.51,-101.));
#16842=CARTESIAN_POINT('',(84.75,-21.51,-101.));
#16843=CARTESIAN_POINT('',(84.75,-23.51,-101.));
#16844=CARTESIAN_POINT('Origin',(85.8,-21.51,-101.));
#16845=CARTESIAN_POINT('Origin',(161.749997385253,-21.51,-40.7499999999964));
#16846=CARTESIAN_POINT('',(161.749997385253,-21.51,-40.7499999999965));
#16847=CARTESIAN_POINT('',(82.7999999999998,-21.51,-40.75));
#16848=CARTESIAN_POINT('',(161.749997385253,-21.51,-40.7499999999964));
#16849=CARTESIAN_POINT('',(82.7999999999998,-23.51,-40.75));
#16850=CARTESIAN_POINT('',(82.7999999999998,-21.51,-40.75));
#16851=CARTESIAN_POINT('',(161.749997385253,-23.51,-40.7499999999965));
#16852=CARTESIAN_POINT('',(161.749997385253,-23.51,-40.7499999999964));
#16853=CARTESIAN_POINT('',(161.749997385253,-21.51,-40.7499999999965));
#16854=CARTESIAN_POINT('Origin',(161.75000074707,-21.51,-45.24999925292));
#16855=CARTESIAN_POINT('',(166.249999999995,-21.51,-45.2499999999975));
#16856=CARTESIAN_POINT('Origin',(161.75000074707,-21.51,-45.24999925292));
#16857=CARTESIAN_POINT('',(166.249999999995,-23.51,-45.2499999999975));
#16858=CARTESIAN_POINT('Origin',(161.75000074707,-23.51,-45.24999925292));
#16859=CARTESIAN_POINT('',(166.249999999995,-21.51,-45.2499999999975));
#16860=CARTESIAN_POINT('Origin',(166.250000000069,-21.51,-103.699997385498));
#16861=CARTESIAN_POINT('',(166.250000000069,-21.51,-103.699997385498));
#16862=CARTESIAN_POINT('',(166.250000000069,-21.51,-103.699997385498));
#16863=CARTESIAN_POINT('',(166.250000000069,-23.51,-103.699997385498));
#16864=CARTESIAN_POINT('',(166.250000000069,-23.51,-103.699997385498));
#16865=CARTESIAN_POINT('',(166.250000000069,-21.51,-103.699997385498));
#16866=CARTESIAN_POINT('Origin',(161.75000074707,-21.51,-103.700000747));
#16867=CARTESIAN_POINT('',(161.749999999997,-21.51,-108.2));
#16868=CARTESIAN_POINT('Origin',(161.75000074707,-21.51,-103.700000747));
#16869=CARTESIAN_POINT('',(161.749999999997,-23.51,-108.2));
#16870=CARTESIAN_POINT('Origin',(161.75000074707,-23.51,-103.700000747));
#16871=CARTESIAN_POINT('',(161.749999999997,-21.51,-108.2));
#16872=CARTESIAN_POINT('Origin',(82.8000026147644,-21.51,-108.199999999924));
#16873=CARTESIAN_POINT('',(82.8000026147644,-21.51,-108.199999999924));
#16874=CARTESIAN_POINT('',(82.8000026147644,-21.51,-108.199999999924));
#16875=CARTESIAN_POINT('',(82.8000026147644,-23.51,-108.199999999924));
#16876=CARTESIAN_POINT('',(82.8000026147644,-23.51,-108.199999999924));
#16877=CARTESIAN_POINT('',(82.8000026147644,-21.51,-108.199999999924));
#16878=CARTESIAN_POINT('Origin',(82.799999252925,-21.51,-103.700000747));
#16879=CARTESIAN_POINT('',(78.3,-21.51,-103.7));
#16880=CARTESIAN_POINT('Origin',(82.799999252925,-21.51,-103.700000747));
#16881=CARTESIAN_POINT('',(78.3,-23.51,-103.7));
#16882=CARTESIAN_POINT('Origin',(82.799999252925,-23.51,-103.700000747));
#16883=CARTESIAN_POINT('',(78.3,-21.51,-103.7));
#16884=CARTESIAN_POINT('Origin',(78.3000000000061,-21.51,-45.2500026147819));
#16885=CARTESIAN_POINT('',(78.3000000000062,-21.51,-45.2500026147819));
#16886=CARTESIAN_POINT('',(78.3000000000061,-21.51,-45.2500026147819));
#16887=CARTESIAN_POINT('',(78.3000000000062,-23.51,-45.2500026147819));
#16888=CARTESIAN_POINT('',(78.3000000000061,-23.51,-45.2500026147819));
#16889=CARTESIAN_POINT('',(78.3000000000062,-21.51,-45.2500026147819));
#16890=CARTESIAN_POINT('Origin',(82.799999252925,-21.51,-45.24999925292));
#16891=CARTESIAN_POINT('Origin',(82.799999252925,-21.51,-45.24999925292));
#16892=CARTESIAN_POINT('Origin',(82.799999252925,-23.51,-45.24999925292));
#16893=CARTESIAN_POINT('Origin',(122.275000000035,-23.51,-74.4749999999977));
#16894=CARTESIAN_POINT('Origin',(122.275000000035,-21.51,-74.4749999999977));
#16895=CARTESIAN_POINT('',(0.,0.,0.));
#16896=CARTESIAN_POINT('',(0.,0.,0.));
#16897=CARTESIAN_POINT('Origin',(3.95,-4.65,2.5));
#16898=CARTESIAN_POINT('',(3.95,-4.65,2.5));
#16899=CARTESIAN_POINT('',(3.95,-6.25,2.5));
#16900=CARTESIAN_POINT('',(3.95,-4.65,2.5));
#16901=CARTESIAN_POINT('',(3.45,-4.65,2.5));
#16902=CARTESIAN_POINT('',(3.95,-4.65,2.5));
#16903=CARTESIAN_POINT('',(3.45,-6.25,2.5));
#16904=CARTESIAN_POINT('',(3.45,-5.45,2.5));
#16905=CARTESIAN_POINT('',(3.95,-6.25,2.5));
#16906=CARTESIAN_POINT('Origin',(3.95,-2.909897467985,2.368621550033));
#16907=CARTESIAN_POINT('',(3.95,-6.25,0.));
#16908=CARTESIAN_POINT('',(3.95,-6.25,0.3));
#16909=CARTESIAN_POINT('',(3.95,1.35,0.));
#16910=CARTESIAN_POINT('',(3.95,1.35,0.));
#16911=CARTESIAN_POINT('',(3.95,1.35,3.2));
#16912=CARTESIAN_POINT('',(3.95,1.35,3.2));
#16913=CARTESIAN_POINT('',(3.95,-0.25,4.1));
#16914=CARTESIAN_POINT('',(3.95,-0.25,4.1));
#16915=CARTESIAN_POINT('',(3.95,-0.25,4.8));
#16916=CARTESIAN_POINT('',(3.95,-0.25,0.3));
#16917=CARTESIAN_POINT('',(3.95,-6.25,4.8));
#16918=CARTESIAN_POINT('',(3.95,-0.25,4.8));
#16919=CARTESIAN_POINT('',(3.95,-6.25,3.3));
#16920=CARTESIAN_POINT('',(3.95,-6.25,0.3));
#16921=CARTESIAN_POINT('',(3.95,-4.65,3.3));
#16922=CARTESIAN_POINT('',(3.95,-6.25,3.3));
#16923=CARTESIAN_POINT('Origin',(3.95,-4.65,2.9));
#16924=CARTESIAN_POINT('Origin',(1.,-6.25,0.939423076923));
#16925=CARTESIAN_POINT('',(-0.95,-6.25,0.3));
#16926=CARTESIAN_POINT('',(2.95,-6.25,0.3));
#16927=CARTESIAN_POINT('',(-1.95,-6.25,0.3));
#16928=CARTESIAN_POINT('',(2.95,-6.25,0.));
#16929=CARTESIAN_POINT('',(2.95,-6.25,0.));
#16930=CARTESIAN_POINT('',(3.95,-6.25,0.));
#16931=CARTESIAN_POINT('',(3.45,-6.25,0.8));
#16932=CARTESIAN_POINT('',(3.45,-6.25,0.8));
#16933=CARTESIAN_POINT('',(-1.45,-6.25,0.8));
#16934=CARTESIAN_POINT('',(-1.45,-6.25,0.8));
#16935=CARTESIAN_POINT('',(-1.45,-6.25,2.5));
#16936=CARTESIAN_POINT('',(-1.45,-6.25,4.2));
#16937=CARTESIAN_POINT('',(-1.95,-6.25,2.5));
#16938=CARTESIAN_POINT('',(3.95,-6.25,2.5));
#16939=CARTESIAN_POINT('',(-1.95,-6.25,0.));
#16940=CARTESIAN_POINT('',(-1.95,-6.25,4.8));
#16941=CARTESIAN_POINT('',(-0.95,-6.25,0.));
#16942=CARTESIAN_POINT('',(-0.95,-6.25,0.));
#16943=CARTESIAN_POINT('',(-0.95,-6.25,0.));
#16944=CARTESIAN_POINT('Origin',(3.45,-6.25,0.8));
#16945=CARTESIAN_POINT('',(3.45,-4.65,3.3));
#16946=CARTESIAN_POINT('Origin',(3.45,-4.65,2.9));
#16947=CARTESIAN_POINT('',(3.45,-6.25,3.3));
#16948=CARTESIAN_POINT('',(3.45,-6.25,3.3));
#16949=CARTESIAN_POINT('',(3.45,-6.25,4.2));
#16950=CARTESIAN_POINT('',(3.45,-6.25,0.8));
#16951=CARTESIAN_POINT('',(3.45,-2.05,4.2));
#16952=CARTESIAN_POINT('',(3.45,-6.25,4.2));
#16953=CARTESIAN_POINT('',(3.45,-2.05,0.8));
#16954=CARTESIAN_POINT('',(3.45,-2.05,0.8));
#16955=CARTESIAN_POINT('',(3.45,-6.25,0.8));
#16956=CARTESIAN_POINT('Origin',(3.95,-4.65,2.9));
#16957=CARTESIAN_POINT('',(3.95,-4.65,3.3));
#16958=CARTESIAN_POINT('Origin',(3.95,1.35,0.));
#16959=CARTESIAN_POINT('',(2.95,1.35,0.));
#16960=CARTESIAN_POINT('',(3.95,1.35,0.));
#16961=CARTESIAN_POINT('',(2.95,1.35,0.));
#16962=CARTESIAN_POINT('Origin',(3.95,1.35,3.2));
#16963=CARTESIAN_POINT('',(2.95,1.35,3.2));
#16964=CARTESIAN_POINT('',(3.95,1.35,3.2));
#16965=CARTESIAN_POINT('',(2.95,1.35,3.2));
#16966=CARTESIAN_POINT('Origin',(3.95,-0.25,4.1));
#16967=CARTESIAN_POINT('',(2.95,-0.25,4.1));
#16968=CARTESIAN_POINT('',(3.95,-0.25,4.1));
#16969=CARTESIAN_POINT('',(2.95,-0.25,4.1));
#16970=CARTESIAN_POINT('Origin',(1.,-0.25,2.55));
#16971=CARTESIAN_POINT('',(2.75,-0.25,0.3));
#16972=CARTESIAN_POINT('',(2.75,-0.25,4.2));
#16973=CARTESIAN_POINT('',(2.75,-0.25,0.3));
#16974=CARTESIAN_POINT('',(3.4,-0.25,4.2));
#16975=CARTESIAN_POINT('',(3.4,-0.25,4.2));
#16976=CARTESIAN_POINT('',(3.4,-0.25,4.8));
#16977=CARTESIAN_POINT('',(3.4,-0.25,4.8));
#16978=CARTESIAN_POINT('',(3.95,-0.25,4.8));
#16979=CARTESIAN_POINT('',(2.95,-0.25,0.3));
#16980=CARTESIAN_POINT('',(2.95,-0.25,0.3));
#16981=CARTESIAN_POINT('',(-1.95,-0.25,0.3));
#16982=CARTESIAN_POINT('Origin',(3.95,-0.25,4.8));
#16983=CARTESIAN_POINT('',(3.4,-4.45,4.8));
#16984=CARTESIAN_POINT('',(3.4,-4.45,4.8));
#16985=CARTESIAN_POINT('',(2.4,-4.45,4.8));
#16986=CARTESIAN_POINT('',(2.4,-4.45,4.8));
#16987=CARTESIAN_POINT('',(2.4,-0.45,4.8));
#16988=CARTESIAN_POINT('',(2.4,-0.25,4.8));
#16989=CARTESIAN_POINT('',(1.25,-0.45,4.8));
#16990=CARTESIAN_POINT('',(2.75,-0.45,4.8));
#16991=CARTESIAN_POINT('',(1.25,-0.25,4.8));
#16992=CARTESIAN_POINT('',(1.25,-0.25,4.8));
#16993=CARTESIAN_POINT('',(0.75,-0.25,4.8));
#16994=CARTESIAN_POINT('',(3.95,-0.25,4.8));
#16995=CARTESIAN_POINT('',(0.75,-0.45,4.8));
#16996=CARTESIAN_POINT('',(0.75,-0.25,4.8));
#16997=CARTESIAN_POINT('',(-0.4,-0.45,4.8));
#16998=CARTESIAN_POINT('',(0.75,-0.45,4.8));
#16999=CARTESIAN_POINT('',(-0.4,-4.45,4.8));
#17000=CARTESIAN_POINT('',(-0.4,-0.25,4.8));
#17001=CARTESIAN_POINT('',(-0.45,-4.45,4.8));
#17002=CARTESIAN_POINT('',(-0.4,-4.45,4.8));
#17003=CARTESIAN_POINT('',(-0.45,-6.25,4.8));
#17004=CARTESIAN_POINT('',(-0.45,-4.45,4.8));
#17005=CARTESIAN_POINT('',(0.55,-6.25,4.8));
#17006=CARTESIAN_POINT('',(3.95,-6.25,4.8));
#17007=CARTESIAN_POINT('',(0.55,-2.35,4.8));
#17008=CARTESIAN_POINT('',(0.55,-2.35,4.8));
#17009=CARTESIAN_POINT('',(1.45,-2.35,4.8));
#17010=CARTESIAN_POINT('',(1.45,-2.35,4.8));
#17011=CARTESIAN_POINT('',(1.45,-6.25,4.8));
#17012=CARTESIAN_POINT('',(1.45,-6.25,4.8));
#17013=CARTESIAN_POINT('',(3.95,-6.25,4.8));
#17014=CARTESIAN_POINT('Origin',(1.,-6.25,2.55));
#17015=CARTESIAN_POINT('',(3.95,-6.25,3.3));
#17016=CARTESIAN_POINT('',(1.45,-6.25,4.2));
#17017=CARTESIAN_POINT('',(1.45,-6.25,4.8));
#17018=CARTESIAN_POINT('',(3.45,-6.25,4.2));
#17019=CARTESIAN_POINT('Origin',(3.95,-6.25,3.3));
#17020=CARTESIAN_POINT('Origin',(-1.95,-0.25,0.3));
#17021=CARTESIAN_POINT('',(-0.95,-0.25,0.3));
#17022=CARTESIAN_POINT('',(-0.75,-0.25,0.3));
#17023=CARTESIAN_POINT('',(-1.95,-0.25,0.3));
#17024=CARTESIAN_POINT('',(-0.75,-0.45,0.3));
#17025=CARTESIAN_POINT('',(-0.75,-0.45,0.3));
#17026=CARTESIAN_POINT('',(0.75,-0.45,0.3));
#17027=CARTESIAN_POINT('',(0.75,-0.45,0.3));
#17028=CARTESIAN_POINT('',(0.75,-0.25,0.3));
#17029=CARTESIAN_POINT('',(0.75,-0.45,0.3));
#17030=CARTESIAN_POINT('',(1.25,-0.25,0.3));
#17031=CARTESIAN_POINT('',(-1.95,-0.25,0.3));
#17032=CARTESIAN_POINT('',(1.25,-0.45,0.3));
#17033=CARTESIAN_POINT('',(1.25,-0.45,0.3));
#17034=CARTESIAN_POINT('',(2.75,-0.45,0.3));
#17035=CARTESIAN_POINT('',(2.75,-0.45,0.3));
#17036=CARTESIAN_POINT('',(2.75,-0.45,0.3));
#17037=CARTESIAN_POINT('',(2.95,-6.25,0.3));
#17038=CARTESIAN_POINT('',(-0.95,-6.25,0.3));
#17039=CARTESIAN_POINT('Origin',(2.95,-1.566489992801,0.968760807125));
#17040=CARTESIAN_POINT('Origin',(-1.45,-6.25,0.8));
#17041=CARTESIAN_POINT('',(1.2,-2.05,0.8));
#17042=CARTESIAN_POINT('',(-1.45,-2.05,0.8));
#17043=CARTESIAN_POINT('',(1.2,-3.95,0.8));
#17044=CARTESIAN_POINT('',(1.2,-2.05,0.8));
#17045=CARTESIAN_POINT('',(0.8,-3.95,0.8));
#17046=CARTESIAN_POINT('',(0.8,-3.95,0.8));
#17047=CARTESIAN_POINT('',(0.8,-2.05,0.8));
#17048=CARTESIAN_POINT('',(0.8,-2.05,0.8));
#17049=CARTESIAN_POINT('',(-1.45,-2.05,0.8));
#17050=CARTESIAN_POINT('',(-1.45,-2.05,0.8));
#17051=CARTESIAN_POINT('',(-1.45,-6.25,0.8));
#17052=CARTESIAN_POINT('Origin',(-1.45,-6.25,4.2));
#17053=CARTESIAN_POINT('',(-1.45,-6.25,4.2));
#17054=CARTESIAN_POINT('',(-1.45,-6.25,3.3));
#17055=CARTESIAN_POINT('',(-1.45,-6.25,4.2));
#17056=CARTESIAN_POINT('',(-1.45,-4.65,3.3));
#17057=CARTESIAN_POINT('',(-1.45,-6.25,3.3));
#17058=CARTESIAN_POINT('',(-1.45,-4.65,2.5));
#17059=CARTESIAN_POINT('Origin',(-1.45,-4.65,2.9));
#17060=CARTESIAN_POINT('',(-1.45,-5.45,2.5));
#17061=CARTESIAN_POINT('',(-1.45,-2.05,4.2));
#17062=CARTESIAN_POINT('',(-1.45,-2.05,4.2));
#17063=CARTESIAN_POINT('',(-1.45,-6.25,4.2));
#17064=CARTESIAN_POINT('Origin',(3.95,-4.65,2.5));
#17065=CARTESIAN_POINT('',(-1.95,-4.65,2.5));
#17066=CARTESIAN_POINT('',(3.95,-4.65,2.5));
#17067=CARTESIAN_POINT('',(-1.95,-2.45,2.5));
#17068=CARTESIAN_POINT('Origin',(-1.95,-2.909897467985,2.368621550033));
#17069=CARTESIAN_POINT('',(-1.95,-0.25,4.8));
#17070=CARTESIAN_POINT('',(-1.95,-0.25,4.1));
#17071=CARTESIAN_POINT('',(-1.95,-0.25,4.8));
#17072=CARTESIAN_POINT('',(-1.95,1.35,3.2));
#17073=CARTESIAN_POINT('',(-1.95,-0.25,4.1));
#17074=CARTESIAN_POINT('',(-1.95,1.35,0.));
#17075=CARTESIAN_POINT('',(-1.95,1.35,3.2));
#17076=CARTESIAN_POINT('',(-1.95,1.35,0.));
#17077=CARTESIAN_POINT('',(-1.95,-4.65,3.3));
#17078=CARTESIAN_POINT('Origin',(-1.95,-4.65,2.9));
#17079=CARTESIAN_POINT('',(-1.95,-6.25,3.3));
#17080=CARTESIAN_POINT('',(-1.95,-3.25,3.3));
#17081=CARTESIAN_POINT('',(-1.95,-6.25,4.8));
#17082=CARTESIAN_POINT('',(-1.95,-6.25,4.8));
#17083=CARTESIAN_POINT('',(-1.95,-0.25,4.8));
#17084=CARTESIAN_POINT('Origin',(-0.95,1.35,0.));
#17085=CARTESIAN_POINT('',(-0.95,1.35,0.));
#17086=CARTESIAN_POINT('',(-0.95,1.35,0.));
#17087=CARTESIAN_POINT('',(-0.95,1.35,0.));
#17088=CARTESIAN_POINT('Origin',(-0.95,-1.566489992801,0.968760807125));
#17089=CARTESIAN_POINT('',(-0.95,-0.25,4.1));
#17090=CARTESIAN_POINT('',(-0.95,-0.25,0.3));
#17091=CARTESIAN_POINT('',(-0.95,1.35,3.2));
#17092=CARTESIAN_POINT('',(-0.95,1.35,3.2));
#17093=CARTESIAN_POINT('',(-0.95,-0.25,4.1));
#17094=CARTESIAN_POINT('Origin',(3.45,-6.25,4.2));
#17095=CARTESIAN_POINT('',(1.45,-2.35,4.2));
#17096=CARTESIAN_POINT('',(1.45,-6.25,4.2));
#17097=CARTESIAN_POINT('',(0.55,-2.35,4.2));
#17098=CARTESIAN_POINT('',(2.45,-2.35,4.2));
#17099=CARTESIAN_POINT('',(0.55,-6.25,4.2));
#17100=CARTESIAN_POINT('',(0.55,-4.3,4.2));
#17101=CARTESIAN_POINT('',(3.45,-6.25,4.2));
#17102=CARTESIAN_POINT('',(-1.4,-2.05,4.2));
#17103=CARTESIAN_POINT('',(3.45,-2.05,4.2));
#17104=CARTESIAN_POINT('',(-1.4,-4.45,4.2));
#17105=CARTESIAN_POINT('',(-1.4,-4.45,4.2));
#17106=CARTESIAN_POINT('',(-0.4,-4.45,4.2));
#17107=CARTESIAN_POINT('',(-0.4,-4.45,4.2));
#17108=CARTESIAN_POINT('',(-0.4,-2.05,4.2));
#17109=CARTESIAN_POINT('',(-0.4,-0.25,4.2));
#17110=CARTESIAN_POINT('',(2.4,-2.05,4.2));
#17111=CARTESIAN_POINT('',(3.45,-2.05,4.2));
#17112=CARTESIAN_POINT('',(2.4,-4.45,4.2));
#17113=CARTESIAN_POINT('',(2.4,-0.25,4.2));
#17114=CARTESIAN_POINT('',(3.4,-4.45,4.2));
#17115=CARTESIAN_POINT('',(2.4,-4.45,4.2));
#17116=CARTESIAN_POINT('',(3.4,-2.05,4.2));
#17117=CARTESIAN_POINT('',(3.4,-4.45,4.2));
#17118=CARTESIAN_POINT('',(3.45,-2.05,4.2));
#17119=CARTESIAN_POINT('Origin',(1.,-2.05,2.5));
#17120=CARTESIAN_POINT('',(3.45,-2.05,4.2));
#17121=CARTESIAN_POINT('',(3.45,-2.05,4.2));
#17122=CARTESIAN_POINT('',(0.8,-2.05,1.1));
#17123=CARTESIAN_POINT('',(0.8,-2.05,1.1));
#17124=CARTESIAN_POINT('',(1.2,-2.05,1.1));
#17125=CARTESIAN_POINT('',(1.2,-2.05,1.1));
#17126=CARTESIAN_POINT('',(1.2,-2.05,0.8));
#17127=CARTESIAN_POINT('',(0.25,-2.05,3.35));
#17128=CARTESIAN_POINT('',(0.25,-2.05,2.85));
#17129=CARTESIAN_POINT('',(0.25,-2.05,1.901106711288));
#17130=CARTESIAN_POINT('',(-0.25,-2.05,2.85));
#17131=CARTESIAN_POINT('',(0.625,-2.05,2.85));
#17132=CARTESIAN_POINT('',(-0.25,-2.05,3.35));
#17133=CARTESIAN_POINT('',(-0.25,-2.05,1.901106711288));
#17134=CARTESIAN_POINT('',(0.625,-2.05,3.35));
#17135=CARTESIAN_POINT('',(2.25,-2.05,3.35));
#17136=CARTESIAN_POINT('',(2.25,-2.05,2.85));
#17137=CARTESIAN_POINT('',(2.25,-2.05,1.901106711288));
#17138=CARTESIAN_POINT('',(1.75,-2.05,2.85));
#17139=CARTESIAN_POINT('',(1.625,-2.05,2.85));
#17140=CARTESIAN_POINT('',(1.75,-2.05,3.35));
#17141=CARTESIAN_POINT('',(1.75,-2.05,1.901106711288));
#17142=CARTESIAN_POINT('',(1.625,-2.05,3.35));
#17143=CARTESIAN_POINT('Origin',(2.75,-0.320798035545,2.550475523299));
#17144=CARTESIAN_POINT('',(2.75,-0.35,2.6));
#17145=CARTESIAN_POINT('',(2.75,-0.35,2.6));
#17146=CARTESIAN_POINT('',(2.75,-0.35,3.6));
#17147=CARTESIAN_POINT('',(2.75,-0.35,3.6));
#17148=CARTESIAN_POINT('',(2.75,-0.4,4.2));
#17149=CARTESIAN_POINT('',(2.75,-0.45,4.8));
#17150=CARTESIAN_POINT('',(2.75,-1.335399017773,4.2));
#17151=CARTESIAN_POINT('Origin',(2.9,-2.35,4.2));
#17152=CARTESIAN_POINT('',(3.4,-4.45,4.2));
#17153=CARTESIAN_POINT('',(2.4,-0.4,4.2));
#17154=CARTESIAN_POINT('',(2.825,-0.4,4.2));
#17155=CARTESIAN_POINT('',(2.4,-0.25,4.2));
#17156=CARTESIAN_POINT('Origin',(3.4,-4.45,4.8));
#17157=CARTESIAN_POINT('',(3.4,-4.45,4.8));
#17158=CARTESIAN_POINT('Origin',(2.4,-4.45,4.8));
#17159=CARTESIAN_POINT('',(2.4,-4.45,4.8));
#17160=CARTESIAN_POINT('Origin',(2.4,-0.25,4.8));
#17161=CARTESIAN_POINT('',(2.4,-0.449310344828,4.791724137931));
#17162=CARTESIAN_POINT('Origin',(2.75,-0.45,4.8));
#17163=CARTESIAN_POINT('',(1.25,-0.35,3.6));
#17164=CARTESIAN_POINT('',(2.75,-0.35,3.6));
#17165=CARTESIAN_POINT('',(1.25,-0.45,4.8));
#17166=CARTESIAN_POINT('Origin',(1.25,-0.320798035545,2.550475523299));
#17167=CARTESIAN_POINT('',(1.25,-0.35,2.6));
#17168=CARTESIAN_POINT('',(1.25,-0.35,3.6));
#17169=CARTESIAN_POINT('',(1.25,-0.35,2.6));
#17170=CARTESIAN_POINT('',(1.25,-0.25,0.3));
#17171=CARTESIAN_POINT('Origin',(1.,-0.25,2.55));
#17172=CARTESIAN_POINT('',(0.75,-0.25,0.3));
#17173=CARTESIAN_POINT('Origin',(0.75,-0.320798035545,2.550475523299));
#17174=CARTESIAN_POINT('',(0.75,-0.35,2.6));
#17175=CARTESIAN_POINT('',(0.75,-0.35,2.6));
#17176=CARTESIAN_POINT('',(0.75,-0.35,3.6));
#17177=CARTESIAN_POINT('',(0.75,-0.35,3.6));
#17178=CARTESIAN_POINT('',(0.75,-0.45,4.8));
#17179=CARTESIAN_POINT('Origin',(0.75,-0.45,4.8));
#17180=CARTESIAN_POINT('',(-0.75,-0.35,3.6));
#17181=CARTESIAN_POINT('',(0.75,-0.35,3.6));
#17182=CARTESIAN_POINT('',(-0.75,-0.4,4.2));
#17183=CARTESIAN_POINT('',(-0.75,-0.45,4.8));
#17184=CARTESIAN_POINT('',(-0.4,-0.4,4.2));
#17185=CARTESIAN_POINT('',(-0.075,-0.4,4.2));
#17186=CARTESIAN_POINT('',(-0.4,-0.449310344828,4.791724137931));
#17187=CARTESIAN_POINT('Origin',(-0.4,-0.25,4.8));
#17188=CARTESIAN_POINT('',(-0.4,-0.25,4.2));
#17189=CARTESIAN_POINT('',(-0.4,-4.45,4.8));
#17190=CARTESIAN_POINT('Origin',(-0.893939393939,-4.45,4.517424242424));
#17191=CARTESIAN_POINT('',(-1.4,-4.45,4.8));
#17192=CARTESIAN_POINT('',(-1.4,-4.45,4.8));
#17193=CARTESIAN_POINT('',(-0.95,-4.45,4.8));
#17194=CARTESIAN_POINT('',(-0.4,-4.45,4.8));
#17195=CARTESIAN_POINT('',(-0.95,-4.45,4.85));
#17196=CARTESIAN_POINT('',(-0.95,-4.45,4.85));
#17197=CARTESIAN_POINT('',(-0.45,-4.45,4.85));
#17198=CARTESIAN_POINT('',(-0.45,-4.45,4.85));
#17199=CARTESIAN_POINT('',(-0.45,-4.45,4.8));
#17200=CARTESIAN_POINT('Origin',(-0.45,-4.45,4.8));
#17201=CARTESIAN_POINT('',(-0.45,-6.25,4.85));
#17202=CARTESIAN_POINT('',(-0.45,-4.45,4.85));
#17203=CARTESIAN_POINT('',(-0.45,-6.25,4.8));
#17204=CARTESIAN_POINT('Origin',(-0.922222222222,-6.25,4.28487654321));
#17205=CARTESIAN_POINT('',(0.55,-6.25,4.8));
#17206=CARTESIAN_POINT('',(-0.95,-6.25,4.85));
#17207=CARTESIAN_POINT('',(-0.45,-6.25,4.85));
#17208=CARTESIAN_POINT('',(-0.95,-6.25,4.8));
#17209=CARTESIAN_POINT('',(-0.95,-6.25,4.85));
#17210=CARTESIAN_POINT('',(3.95,-6.25,4.8));
#17211=CARTESIAN_POINT('',(3.95,-6.25,3.3));
#17212=CARTESIAN_POINT('Origin',(0.55,-2.35,4.8));
#17213=CARTESIAN_POINT('',(0.55,-2.35,4.8));
#17214=CARTESIAN_POINT('Origin',(1.45,-2.35,4.8));
#17215=CARTESIAN_POINT('',(1.45,-2.35,4.8));
#17216=CARTESIAN_POINT('Origin',(1.45,-6.25,4.8));
#17217=CARTESIAN_POINT('Origin',(1.,-0.25,2.55));
#17218=CARTESIAN_POINT('',(-1.4,-0.25,4.8));
#17219=CARTESIAN_POINT('',(3.95,-0.25,4.8));
#17220=CARTESIAN_POINT('',(-1.4,-0.25,4.2));
#17221=CARTESIAN_POINT('',(-1.4,-0.25,4.8));
#17222=CARTESIAN_POINT('',(-0.75,-0.25,4.2));
#17223=CARTESIAN_POINT('',(-1.4,-0.25,4.2));
#17224=CARTESIAN_POINT('',(-0.75,-0.25,0.3));
#17225=CARTESIAN_POINT('',(-0.95,-0.25,4.1));
#17226=CARTESIAN_POINT('Origin',(-0.75,-0.320798035545,2.550475523299));
#17227=CARTESIAN_POINT('',(-0.75,-1.335399017773,4.2));
#17228=CARTESIAN_POINT('',(-0.75,-0.35,2.6));
#17229=CARTESIAN_POINT('',(-0.75,-0.35,3.6));
#17230=CARTESIAN_POINT('',(-0.75,-0.35,2.6));
#17231=CARTESIAN_POINT('Origin',(0.75,-0.35,2.6));
#17232=CARTESIAN_POINT('',(0.75,-0.35,2.6));
#17233=CARTESIAN_POINT('Origin',(2.75,-0.35,2.6));
#17234=CARTESIAN_POINT('',(2.75,-0.35,2.6));
#17235=CARTESIAN_POINT('Origin',(1.2,-2.05,0.8));
#17236=CARTESIAN_POINT('',(1.2,-3.95,1.1));
#17237=CARTESIAN_POINT('',(1.2,-2.05,1.1));
#17238=CARTESIAN_POINT('',(1.2,-3.95,0.8));
#17239=CARTESIAN_POINT('Origin',(1.,-3.95,0.95));
#17240=CARTESIAN_POINT('',(0.8,-3.95,1.1));
#17241=CARTESIAN_POINT('',(1.2,-3.95,1.1));
#17242=CARTESIAN_POINT('',(0.8,-3.95,1.1));
#17243=CARTESIAN_POINT('Origin',(0.8,-2.05,1.1));
#17244=CARTESIAN_POINT('',(0.8,-2.05,1.1));
#17245=CARTESIAN_POINT('Origin',(3.95,-6.25,3.3));
#17246=CARTESIAN_POINT('',(3.95,-4.65,3.3));
#17247=CARTESIAN_POINT('Origin',(3.95,-4.65,2.9));
#17248=CARTESIAN_POINT('Origin',(-0.95,-0.25,4.1));
#17249=CARTESIAN_POINT('',(-0.95,1.35,3.2));
#17250=CARTESIAN_POINT('Origin',(-0.95,1.35,3.2));
#17251=CARTESIAN_POINT('Origin',(3.95,-0.25,4.8));
#17252=CARTESIAN_POINT('',(-0.95,-4.45,4.8));
#17253=CARTESIAN_POINT('',(-1.4,-4.45,4.8));
#17254=CARTESIAN_POINT('Origin',(-1.4,-4.45,4.8));
#17255=CARTESIAN_POINT('',(-1.4,-4.45,4.2));
#17256=CARTESIAN_POINT('Origin',(1.2,-2.05,1.1));
#17257=CARTESIAN_POINT('Origin',(-0.9,-2.35,4.2));
#17258=CARTESIAN_POINT('Origin',(0.25,-1.421959173294,1.302213422577));
#17259=CARTESIAN_POINT('',(0.25,-5.55,2.85));
#17260=CARTESIAN_POINT('',(0.25,-5.55,3.35));
#17261=CARTESIAN_POINT('',(0.25,-5.55,2.85));
#17262=CARTESIAN_POINT('',(0.25,-0.25,2.85));
#17263=CARTESIAN_POINT('',(0.25,-5.75,3.35));
#17264=CARTESIAN_POINT('Origin',(0.25,-5.75,3.35));
#17265=CARTESIAN_POINT('',(-0.25,-5.55,3.35));
#17266=CARTESIAN_POINT('',(-0.25,-5.75,3.35));
#17267=CARTESIAN_POINT('',(0.25,-5.55,3.35));
#17268=CARTESIAN_POINT('Origin',(-0.25,-1.421959173294,1.302213422577));
#17269=CARTESIAN_POINT('',(-0.25,-5.55,2.85));
#17270=CARTESIAN_POINT('',(-0.25,-5.55,2.85));
#17271=CARTESIAN_POINT('',(-0.25,-0.25,2.85));
#17272=CARTESIAN_POINT('Origin',(0.25,-0.25,2.85));
#17273=CARTESIAN_POINT('',(0.25,-5.55,2.85));
#17274=CARTESIAN_POINT('Origin',(2.25,-1.421959173294,1.302213422577));
#17275=CARTESIAN_POINT('',(2.25,-5.55,2.85));
#17276=CARTESIAN_POINT('',(2.25,-5.55,3.35));
#17277=CARTESIAN_POINT('',(2.25,-5.55,2.85));
#17278=CARTESIAN_POINT('',(2.25,-0.25,2.85));
#17279=CARTESIAN_POINT('',(2.25,-5.75,3.35));
#17280=CARTESIAN_POINT('Origin',(2.25,-5.75,3.35));
#17281=CARTESIAN_POINT('',(1.75,-5.55,3.35));
#17282=CARTESIAN_POINT('',(1.75,-5.75,3.35));
#17283=CARTESIAN_POINT('',(2.25,-5.55,3.35));
#17284=CARTESIAN_POINT('Origin',(1.75,-1.421959173294,1.302213422577));
#17285=CARTESIAN_POINT('',(1.75,-5.55,2.85));
#17286=CARTESIAN_POINT('',(1.75,-5.55,2.85));
#17287=CARTESIAN_POINT('',(1.75,-0.25,2.85));
#17288=CARTESIAN_POINT('Origin',(2.25,-0.25,2.85));
#17289=CARTESIAN_POINT('',(2.25,-5.55,2.85));
#17290=CARTESIAN_POINT('Origin',(2.75,-0.35,3.6));
#17291=CARTESIAN_POINT('',(2.25,-0.35,3.35));
#17292=CARTESIAN_POINT('',(2.25,-0.35,2.85));
#17293=CARTESIAN_POINT('',(2.25,-0.35,2.451106711288));
#17294=CARTESIAN_POINT('',(1.75,-0.35,3.35));
#17295=CARTESIAN_POINT('',(2.5,-0.35,3.35));
#17296=CARTESIAN_POINT('',(1.75,-0.35,2.85));
#17297=CARTESIAN_POINT('',(1.75,-0.35,2.451106711288));
#17298=CARTESIAN_POINT('',(2.5,-0.35,2.85));
#17299=CARTESIAN_POINT('Origin',(0.75,-0.35,3.6));
#17300=CARTESIAN_POINT('',(0.25,-0.35,3.35));
#17301=CARTESIAN_POINT('',(0.25,-0.35,2.85));
#17302=CARTESIAN_POINT('',(0.25,-0.35,2.451106711288));
#17303=CARTESIAN_POINT('',(-0.25,-0.35,3.35));
#17304=CARTESIAN_POINT('',(0.5,-0.35,3.35));
#17305=CARTESIAN_POINT('',(-0.25,-0.35,2.85));
#17306=CARTESIAN_POINT('',(-0.25,-0.35,2.451106711288));
#17307=CARTESIAN_POINT('',(0.5,-0.35,2.85));
#17308=CARTESIAN_POINT('Origin',(-0.95,-4.45,4.85));
#17309=CARTESIAN_POINT('',(-0.95,-4.45,4.85));
#17310=CARTESIAN_POINT('Origin',(-0.45,-4.45,4.85));
#17311=CARTESIAN_POINT('Origin',(0.15,-5.65,2.85));
#17312=CARTESIAN_POINT('',(0.05,-5.75,3.05));
#17313=CARTESIAN_POINT('',(0.183333333333,-5.616666666667,2.916666666667));
#17314=CARTESIAN_POINT('',(0.05,-5.75,3.15));
#17315=CARTESIAN_POINT('',(0.1,-5.7,3.2));
#17316=CARTESIAN_POINT('',(0.05,-5.75,2.85));
#17317=CARTESIAN_POINT('Origin',(0.25,-5.65,3.25));
#17318=CARTESIAN_POINT('',(-0.05,-5.75,3.15));
#17319=CARTESIAN_POINT('',(-0.01666666666667,-5.783333333333,3.116666666667));
#17320=CARTESIAN_POINT('',(0.25,-5.75,3.15));
#17321=CARTESIAN_POINT('Origin',(-0.15,-5.65,2.85));
#17322=CARTESIAN_POINT('',(-0.05,-5.75,3.05));
#17323=CARTESIAN_POINT('',(-0.1,-5.7,3.));
#17324=CARTESIAN_POINT('',(-0.05,-5.75,2.85));
#17325=CARTESIAN_POINT('Origin',(0.25,-5.65,2.95));
#17326=CARTESIAN_POINT('',(0.25,-5.75,3.05));
#17327=CARTESIAN_POINT('Origin',(2.15,-5.65,2.85));
#17328=CARTESIAN_POINT('',(2.05,-5.75,3.05));
#17329=CARTESIAN_POINT('',(2.183333333333,-5.616666666667,2.916666666667));
#17330=CARTESIAN_POINT('',(2.05,-5.75,3.15));
#17331=CARTESIAN_POINT('',(2.1,-5.7,3.2));
#17332=CARTESIAN_POINT('',(2.05,-5.75,2.85));
#17333=CARTESIAN_POINT('Origin',(2.25,-5.65,3.25));
#17334=CARTESIAN_POINT('',(1.95,-5.75,3.15));
#17335=CARTESIAN_POINT('',(1.983333333333,-5.783333333333,3.116666666667));
#17336=CARTESIAN_POINT('',(2.25,-5.75,3.15));
#17337=CARTESIAN_POINT('Origin',(1.85,-5.65,2.85));
#17338=CARTESIAN_POINT('',(1.95,-5.75,3.05));
#17339=CARTESIAN_POINT('',(1.9,-5.7,3.));
#17340=CARTESIAN_POINT('',(1.95,-5.75,2.85));
#17341=CARTESIAN_POINT('Origin',(2.25,-5.65,2.95));
#17342=CARTESIAN_POINT('',(2.25,-5.75,3.05));
#17343=CARTESIAN_POINT('Origin',(2.25,-1.421959173294,1.302213422577));
#17344=CARTESIAN_POINT('',(2.25,-0.3,2.85));
#17345=CARTESIAN_POINT('',(2.25,-0.25,2.85));
#17346=CARTESIAN_POINT('',(2.25,-0.25,2.8));
#17347=CARTESIAN_POINT('Origin',(2.25,-0.3,2.8));
#17348=CARTESIAN_POINT('',(2.25,-0.25,-0.9));
#17349=CARTESIAN_POINT('',(2.25,-0.25,-0.9));
#17350=CARTESIAN_POINT('',(2.25,-0.55,-1.5));
#17351=CARTESIAN_POINT('',(2.25,-0.55,-1.5));
#17352=CARTESIAN_POINT('',(2.25,-0.281578947368,-3.2));
#17353=CARTESIAN_POINT('',(2.25,-0.25,-3.4));
#17354=CARTESIAN_POINT('',(2.25,0.218421052632,-3.2));
#17355=CARTESIAN_POINT('',(2.25,0.25,-3.2));
#17356=CARTESIAN_POINT('',(2.25,-0.05,-1.5));
#17357=CARTESIAN_POINT('',(2.25,-0.05,-1.5));
#17358=CARTESIAN_POINT('',(2.25,0.25,-0.9));
#17359=CARTESIAN_POINT('',(2.25,0.25,-0.9));
#17360=CARTESIAN_POINT('',(2.25,0.25,2.8));
#17361=CARTESIAN_POINT('',(2.25,0.25,3.35));
#17362=CARTESIAN_POINT('',(2.25,-0.3,3.35));
#17363=CARTESIAN_POINT('Origin',(2.25,-0.3,2.8));
#17364=CARTESIAN_POINT('',(2.25,-5.75,3.35));
#17365=CARTESIAN_POINT('Origin',(2.25,-5.75,3.35));
#17366=CARTESIAN_POINT('',(1.75,-0.3,3.35));
#17367=CARTESIAN_POINT('',(2.25,-0.3,3.35));
#17368=CARTESIAN_POINT('',(1.75,-5.75,3.35));
#17369=CARTESIAN_POINT('Origin',(1.75,-1.421959173294,1.302213422577));
#17370=CARTESIAN_POINT('',(1.75,0.25,2.8));
#17371=CARTESIAN_POINT('Origin',(1.75,-0.3,2.8));
#17372=CARTESIAN_POINT('',(1.75,0.25,-0.9));
#17373=CARTESIAN_POINT('',(1.75,0.25,3.35));
#17374=CARTESIAN_POINT('',(1.75,-0.05,-1.5));
#17375=CARTESIAN_POINT('',(1.75,0.25,-0.9));
#17376=CARTESIAN_POINT('',(1.75,0.218421052632,-3.2));
#17377=CARTESIAN_POINT('',(1.75,-0.05,-1.5));
#17378=CARTESIAN_POINT('',(1.75,-0.281578947368,-3.2));
#17379=CARTESIAN_POINT('',(1.75,0.25,-3.2));
#17380=CARTESIAN_POINT('',(1.75,-0.55,-1.5));
#17381=CARTESIAN_POINT('',(1.75,-0.25,-3.4));
#17382=CARTESIAN_POINT('',(1.75,-0.25,-0.9));
#17383=CARTESIAN_POINT('',(1.75,-0.55,-1.5));
#17384=CARTESIAN_POINT('',(1.75,-0.25,2.8));
#17385=CARTESIAN_POINT('',(1.75,-0.25,-0.9));
#17386=CARTESIAN_POINT('',(1.75,-0.3,2.85));
#17387=CARTESIAN_POINT('Origin',(1.75,-0.3,2.8));
#17388=CARTESIAN_POINT('',(1.75,-0.25,2.85));
#17389=CARTESIAN_POINT('Origin',(2.25,-0.25,2.85));
#17390=CARTESIAN_POINT('',(2.25,-0.3,2.85));
#17391=CARTESIAN_POINT('Origin',(0.25,-1.421959173294,1.302213422577));
#17392=CARTESIAN_POINT('',(0.25,-0.3,2.85));
#17393=CARTESIAN_POINT('',(0.25,-0.25,2.85));
#17394=CARTESIAN_POINT('',(0.25,-0.25,2.8));
#17395=CARTESIAN_POINT('Origin',(0.25,-0.3,2.8));
#17396=CARTESIAN_POINT('',(0.25,-0.25,-0.9));
#17397=CARTESIAN_POINT('',(0.25,-0.25,-0.9));
#17398=CARTESIAN_POINT('',(0.25,-0.55,-1.5));
#17399=CARTESIAN_POINT('',(0.25,-0.55,-1.5));
#17400=CARTESIAN_POINT('',(0.25,-0.281578947368,-3.2));
#17401=CARTESIAN_POINT('',(0.25,-0.25,-3.4));
#17402=CARTESIAN_POINT('',(0.25,0.218421052632,-3.2));
#17403=CARTESIAN_POINT('',(0.25,0.25,-3.2));
#17404=CARTESIAN_POINT('',(0.25,-0.05,-1.5));
#17405=CARTESIAN_POINT('',(0.25,-0.05,-1.5));
#17406=CARTESIAN_POINT('',(0.25,0.25,-0.9));
#17407=CARTESIAN_POINT('',(0.25,0.25,-0.9));
#17408=CARTESIAN_POINT('',(0.25,0.25,2.8));
#17409=CARTESIAN_POINT('',(0.25,0.25,3.35));
#17410=CARTESIAN_POINT('',(0.25,-0.3,3.35));
#17411=CARTESIAN_POINT('Origin',(0.25,-0.3,2.8));
#17412=CARTESIAN_POINT('',(0.25,-5.75,3.35));
#17413=CARTESIAN_POINT('Origin',(0.25,-5.75,3.35));
#17414=CARTESIAN_POINT('',(-0.25,-0.3,3.35));
#17415=CARTESIAN_POINT('',(0.25,-0.3,3.35));
#17416=CARTESIAN_POINT('',(-0.25,-5.75,3.35));
#17417=CARTESIAN_POINT('Origin',(-0.25,-1.421959173294,1.302213422577));
#17418=CARTESIAN_POINT('',(-0.25,0.25,2.8));
#17419=CARTESIAN_POINT('Origin',(-0.25,-0.3,2.8));
#17420=CARTESIAN_POINT('',(-0.25,0.25,-0.9));
#17421=CARTESIAN_POINT('',(-0.25,0.25,3.35));
#17422=CARTESIAN_POINT('',(-0.25,-0.05,-1.5));
#17423=CARTESIAN_POINT('',(-0.25,0.25,-0.9));
#17424=CARTESIAN_POINT('',(-0.25,0.218421052632,-3.2));
#17425=CARTESIAN_POINT('',(-0.25,-0.05,-1.5));
#17426=CARTESIAN_POINT('',(-0.25,-0.281578947368,-3.2));
#17427=CARTESIAN_POINT('',(-0.25,0.25,-3.2));
#17428=CARTESIAN_POINT('',(-0.25,-0.55,-1.5));
#17429=CARTESIAN_POINT('',(-0.25,-0.25,-3.4));
#17430=CARTESIAN_POINT('',(-0.25,-0.25,-0.9));
#17431=CARTESIAN_POINT('',(-0.25,-0.55,-1.5));
#17432=CARTESIAN_POINT('',(-0.25,-0.25,2.8));
#17433=CARTESIAN_POINT('',(-0.25,-0.25,-0.9));
#17434=CARTESIAN_POINT('',(-0.25,-0.3,2.85));
#17435=CARTESIAN_POINT('Origin',(-0.25,-0.3,2.8));
#17436=CARTESIAN_POINT('',(-0.25,-0.25,2.85));
#17437=CARTESIAN_POINT('Origin',(0.25,-0.25,2.85));
#17438=CARTESIAN_POINT('',(0.25,-0.3,2.85));
#17439=CARTESIAN_POINT('Origin',(0.25,-5.75,2.85));
#17440=CARTESIAN_POINT('Origin',(2.25,-5.75,2.85));
#17441=CARTESIAN_POINT('Origin',(2.25,-0.3,2.8));
#17442=CARTESIAN_POINT('',(2.25,-0.25,2.8));
#17443=CARTESIAN_POINT('Origin',(2.25,-0.25,-0.9));
#17444=CARTESIAN_POINT('',(2.25,-0.25,-0.9));
#17445=CARTESIAN_POINT('Origin',(2.25,-0.55,-1.5));
#17446=CARTESIAN_POINT('',(2.25,-0.55,-1.5));
#17447=CARTESIAN_POINT('Origin',(2.25,-0.25,-3.4));
#17448=CARTESIAN_POINT('',(1.752447406934,-0.281192514695,-3.202447406934));
#17449=CARTESIAN_POINT('',(1.994186046512,-0.243023255814,-3.444186046512));
#17450=CARTESIAN_POINT('',(2.247552593066,-0.281192514695,-3.202447406934));
#17451=CARTESIAN_POINT('',(2.25,-0.281192514695,-3.202447406934));
#17452=CARTESIAN_POINT('',(2.1292749658,-0.262517099863,-3.3207250342));
#17453=CARTESIAN_POINT('Origin',(2.15,0.25,-3.3));
#17454=CARTESIAN_POINT('',(2.05,-0.05,-3.4));
#17455=CARTESIAN_POINT('',(2.09198936903,-0.09913946036316,-3.35801063097));
#17456=CARTESIAN_POINT('',(2.05,0.05,-3.4));
#17457=CARTESIAN_POINT('',(2.05,0.25,-3.4));
#17458=CARTESIAN_POINT('',(2.247552593066,0.218807485305,-3.202447406934));
#17459=CARTESIAN_POINT('',(2.185852405654,0.166085051658,-3.264147594346));
#17460=CARTESIAN_POINT('',(2.629616963064,0.158481532148,-2.820383036936));
#17461=CARTESIAN_POINT('Origin',(2.25,-0.05,-1.5));
#17462=CARTESIAN_POINT('',(1.752447406934,0.218807485305,-3.202447406934));
#17463=CARTESIAN_POINT('',(2.25,0.218807485305,-3.202447406934));
#17464=CARTESIAN_POINT('',(1.493844049248,0.177975376197,-2.943844049248));
#17465=CARTESIAN_POINT('',(2.25,-0.05,-1.5));
#17466=CARTESIAN_POINT('Origin',(2.25,0.25,-0.9));
#17467=CARTESIAN_POINT('',(2.25,0.25,-0.9));
#17468=CARTESIAN_POINT('Origin',(2.25,0.25,3.35));
#17469=CARTESIAN_POINT('',(2.25,0.25,2.8));
#17470=CARTESIAN_POINT('Origin',(2.25,-0.3,2.8));
#17471=CARTESIAN_POINT('Origin',(1.85,0.25,-3.3));
#17472=CARTESIAN_POINT('',(1.95,-0.05,-3.4));
#17473=CARTESIAN_POINT('',(1.982204224438,-0.01231193164325,-3.432204224438));
#17474=CARTESIAN_POINT('',(1.95,0.05,-3.4));
#17475=CARTESIAN_POINT('',(1.905717325178,0.08783927542193,-3.355717325178));
#17476=CARTESIAN_POINT('',(1.95,0.25,-3.4));
#17477=CARTESIAN_POINT('Origin',(0.25,-0.3,2.8));
#17478=CARTESIAN_POINT('',(0.25,-0.25,2.8));
#17479=CARTESIAN_POINT('Origin',(0.25,-0.25,-0.9));
#17480=CARTESIAN_POINT('',(0.25,-0.25,-0.9));
#17481=CARTESIAN_POINT('Origin',(0.25,-0.55,-1.5));
#17482=CARTESIAN_POINT('',(0.25,-0.55,-1.5));
#17483=CARTESIAN_POINT('Origin',(0.25,-0.25,-3.4));
#17484=CARTESIAN_POINT('',(-0.247552593066,-0.281192514695,-3.202447406934));
#17485=CARTESIAN_POINT('',(-0.005813953488372,-0.243023255814,-3.444186046512));
#17486=CARTESIAN_POINT('',(0.247552593066,-0.281192514695,-3.202447406934));
#17487=CARTESIAN_POINT('',(0.25,-0.281192514695,-3.202447406934));
#17488=CARTESIAN_POINT('',(0.1292749658,-0.262517099863,-3.3207250342));
#17489=CARTESIAN_POINT('Origin',(0.15,0.25,-3.3));
#17490=CARTESIAN_POINT('',(0.05,-0.05,-3.4));
#17491=CARTESIAN_POINT('',(0.09198936903048,-0.09913946036316,-3.35801063097));
#17492=CARTESIAN_POINT('',(0.05,0.05,-3.4));
#17493=CARTESIAN_POINT('',(0.05,0.25,-3.4));
#17494=CARTESIAN_POINT('',(0.247552593066,0.218807485305,-3.202447406934));
#17495=CARTESIAN_POINT('',(0.185852405654,0.166085051658,-3.264147594346));
#17496=CARTESIAN_POINT('',(0.629616963064,0.158481532148,-2.820383036936));
#17497=CARTESIAN_POINT('Origin',(0.25,-0.05,-1.5));
#17498=CARTESIAN_POINT('',(-0.247552593066,0.218807485305,-3.202447406934));
#17499=CARTESIAN_POINT('',(0.25,0.218807485305,-3.202447406934));
#17500=CARTESIAN_POINT('',(-0.506155950752,0.177975376197,-2.943844049248));
#17501=CARTESIAN_POINT('',(0.25,-0.05,-1.5));
#17502=CARTESIAN_POINT('Origin',(0.25,0.25,-0.9));
#17503=CARTESIAN_POINT('',(0.25,0.25,-0.9));
#17504=CARTESIAN_POINT('Origin',(0.25,0.25,3.35));
#17505=CARTESIAN_POINT('',(0.25,0.25,2.8));
#17506=CARTESIAN_POINT('Origin',(0.25,-0.3,2.8));
#17507=CARTESIAN_POINT('Origin',(-0.15,0.25,-3.3));
#17508=CARTESIAN_POINT('',(-0.05,-0.05,-3.4));
#17509=CARTESIAN_POINT('',(-0.0177957755624,-0.01231193164325,-3.432204224438));
#17510=CARTESIAN_POINT('',(-0.05,0.05,-3.4));
#17511=CARTESIAN_POINT('',(-0.09428267482221,0.08783927542193,-3.355717325178));
#17512=CARTESIAN_POINT('',(-0.05,0.25,-3.4));
#17513=CARTESIAN_POINT('Origin',(2.25,-0.165596257347,-3.301223703467));
#17514=CARTESIAN_POINT('',(2.25,-0.05,-3.4));
#17515=CARTESIAN_POINT('Origin',(2.25,0.25,-3.4));
#17516=CARTESIAN_POINT('',(2.25,0.05,-3.4));
#17517=CARTESIAN_POINT('Origin',(2.25,0.134403742653,-3.301223703467));
#17518=CARTESIAN_POINT('Origin',(0.25,-0.165596257347,-3.301223703467));
#17519=CARTESIAN_POINT('',(0.25,-0.05,-3.4));
#17520=CARTESIAN_POINT('Origin',(0.25,0.25,-3.4));
#17521=CARTESIAN_POINT('',(0.25,0.05,-3.4));
#17522=CARTESIAN_POINT('Origin',(0.25,0.134403742653,-3.301223703467));
#17523=CARTESIAN_POINT('',(0.,0.,0.));
#17524=CARTESIAN_POINT('Origin',(1.27,6.095124405192E-15,9.15));
#17525=CARTESIAN_POINT('',(-1.18,2.3778074579435E-15,9.15));
#17526=CARTESIAN_POINT('Origin',(1.27,4.063416270128E-15,9.15));
#17527=CARTESIAN_POINT('',(1.27,7.18314296932475E-15,11.6));
#17528=CARTESIAN_POINT('Origin',(1.27,6.095124405192E-15,9.15));
#17529=CARTESIAN_POINT('Origin',(1.27,4.063416270128E-15,9.15));
#17530=CARTESIAN_POINT('',(-1.18,4.46871701271715E-17,4.));
#17531=CARTESIAN_POINT('Origin',(1.27,1.7763568394E-15,4.));
#17532=CARTESIAN_POINT('',(-1.18,2.33174660085519E-15,9.15));
#17533=CARTESIAN_POINT('Origin',(-1.229999999999,-1.469693845671,4.));
#17534=CARTESIAN_POINT('',(-1.229999999999,-1.46969384567,4.));
#17535=CARTESIAN_POINT('',(-1.23,1.469693845669,4.));
#17536=CARTESIAN_POINT('Origin',(1.27,0.,4.));
#17537=CARTESIAN_POINT('',(-1.229999999999,-1.46969384567,4.));
#17538=CARTESIAN_POINT('Origin',(1.27,0.,3.));
#17539=CARTESIAN_POINT('',(-1.229999999999,-1.46969384567,3.));
#17540=CARTESIAN_POINT('',(-1.23,1.469693845669,3.));
#17541=CARTESIAN_POINT('Origin',(1.27,0.,3.));
#17542=CARTESIAN_POINT('',(-1.23,1.469693845669,3.));
#17543=CARTESIAN_POINT('',(-1.229999999999,-1.46969384567,3.));
#17544=CARTESIAN_POINT('Origin',(-1.229999999999,-1.46969384567,3.));
#17545=CARTESIAN_POINT('',(-1.229999999999,-1.46969384567,3.));
#17546=CARTESIAN_POINT('Origin',(-1.229999999999,-1.469693845671,3.));
#17547=CARTESIAN_POINT('',(-0.2,-0.2,3.));
#17548=CARTESIAN_POINT('',(0.2,-0.2,3.));
#17549=CARTESIAN_POINT('',(-0.515,-0.2,3.));
#17550=CARTESIAN_POINT('',(0.2,0.2,3.));
#17551=CARTESIAN_POINT('',(0.2,-0.634846922835,3.));
#17552=CARTESIAN_POINT('',(-0.2,0.2,3.));
#17553=CARTESIAN_POINT('',(-0.715,0.2,3.));
#17554=CARTESIAN_POINT('',(-0.2,-0.834846922835,3.));
#17555=CARTESIAN_POINT('',(2.34,0.2,3.));
#17556=CARTESIAN_POINT('',(2.34,-0.2,3.));
#17557=CARTESIAN_POINT('',(2.34,-0.834846922835,3.));
#17558=CARTESIAN_POINT('',(2.74,-0.2,3.));
#17559=CARTESIAN_POINT('',(0.755,-0.2,3.));
#17560=CARTESIAN_POINT('',(2.74,0.2,3.));
#17561=CARTESIAN_POINT('',(2.74,-0.634846922835,3.));
#17562=CARTESIAN_POINT('',(0.555,0.2,3.));
#17563=CARTESIAN_POINT('Origin',(0.2,-0.2,3.5));
#17564=CARTESIAN_POINT('',(-0.2,-0.2,-2.5));
#17565=CARTESIAN_POINT('',(-0.2,-0.2,3.5));
#17566=CARTESIAN_POINT('',(0.2,-0.2,-2.5));
#17567=CARTESIAN_POINT('',(0.2,-0.2,-2.5));
#17568=CARTESIAN_POINT('',(0.2,-0.2,3.5));
#17569=CARTESIAN_POINT('Origin',(-0.2,-0.2,3.5));
#17570=CARTESIAN_POINT('',(-0.2,0.2,-2.5));
#17571=CARTESIAN_POINT('',(-0.2,0.2,3.5));
#17572=CARTESIAN_POINT('',(-0.2,-0.2,-2.5));
#17573=CARTESIAN_POINT('Origin',(-0.2,0.2,3.5));
#17574=CARTESIAN_POINT('',(0.2,0.2,-2.5));
#17575=CARTESIAN_POINT('',(0.2,0.2,3.5));
#17576=CARTESIAN_POINT('',(-0.2,0.2,-2.5));
#17577=CARTESIAN_POINT('Origin',(0.2,0.2,3.5));
#17578=CARTESIAN_POINT('',(0.2,0.2,-2.5));
#17579=CARTESIAN_POINT('Origin',(2.34,-0.2,3.5));
#17580=CARTESIAN_POINT('',(2.34,0.2,-2.5));
#17581=CARTESIAN_POINT('',(2.34,0.2,3.5));
#17582=CARTESIAN_POINT('',(2.34,-0.2,-2.5));
#17583=CARTESIAN_POINT('',(2.34,-0.2,-2.5));
#17584=CARTESIAN_POINT('',(2.34,-0.2,3.5));
#17585=CARTESIAN_POINT('Origin',(2.34,0.2,3.5));
#17586=CARTESIAN_POINT('',(2.74,0.2,-2.5));
#17587=CARTESIAN_POINT('',(2.74,0.2,3.5));
#17588=CARTESIAN_POINT('',(2.34,0.2,-2.5));
#17589=CARTESIAN_POINT('Origin',(2.74,0.2,3.5));
#17590=CARTESIAN_POINT('',(2.74,-0.2,-2.5));
#17591=CARTESIAN_POINT('',(2.74,-0.2,3.5));
#17592=CARTESIAN_POINT('',(2.74,0.2,-2.5));
#17593=CARTESIAN_POINT('Origin',(2.74,-0.2,3.5));
#17594=CARTESIAN_POINT('',(2.74,-0.2,-2.5));
#17595=CARTESIAN_POINT('Origin',(-0.2,0.2,-2.5));
#17596=CARTESIAN_POINT('Origin',(2.34,0.2,-2.5));
#17597=CARTESIAN_POINT('',(0.,0.,0.));
#17598=CARTESIAN_POINT('Origin',(-1.899999999998,1.350000000002,4.3));
#17599=CARTESIAN_POINT('',(-1.899999999998,1.350000000002,4.7));
#17600=CARTESIAN_POINT('',(-1.939999999998,1.350000000002,4.7));
#17601=CARTESIAN_POINT('',(-1.899999999998,1.350000000002,4.7));
#17602=CARTESIAN_POINT('',(-1.899999999998,1.350000000002,4.3));
#17603=CARTESIAN_POINT('',(-1.899999999998,1.350000000002,4.3));
#17604=CARTESIAN_POINT('',(-2.299999999998,1.350000000002,4.3));
#17605=CARTESIAN_POINT('',(-1.899999999998,1.350000000002,4.3));
#17606=CARTESIAN_POINT('',(-2.299999999998,1.350000000002,4.34));
#17607=CARTESIAN_POINT('',(-2.299999999998,1.350000000002,4.3));
#17608=CARTESIAN_POINT('Origin',(-1.939999999998,1.350000000002,4.34));
#17609=CARTESIAN_POINT('Origin',(-1.899999999998,-1.349999999998,4.7));
#17610=CARTESIAN_POINT('',(-1.899999999998,-1.349999999998,4.7));
#17611=CARTESIAN_POINT('',(-1.939999999998,-1.349999999998,4.7));
#17612=CARTESIAN_POINT('',(-1.899999999998,-1.349999999998,4.7));
#17613=CARTESIAN_POINT('',(-1.899999999998,-1.349999999998,4.7));
#17614=CARTESIAN_POINT('',(-1.939999999998,-1.349999999998,4.7));
#17615=CARTESIAN_POINT('Origin',(-1.939999999998,-1.349999999998,4.34));
#17616=CARTESIAN_POINT('',(-2.299999999998,-1.349999999998,4.34));
#17617=CARTESIAN_POINT('',(-2.299999999998,-1.349999999998,4.34));
#17618=CARTESIAN_POINT('Origin',(-1.939999999998,-1.349999999998,4.34));
#17619=CARTESIAN_POINT('Origin',(-1.849999999998,1.350000000002,4.3));
#17620=CARTESIAN_POINT('',(-1.849999999998,1.350000000002,4.3));
#17621=CARTESIAN_POINT('',(-1.849999999998,1.350000000002,4.7));
#17622=CARTESIAN_POINT('',(-1.849999999998,1.350000000002,4.3));
#17623=CARTESIAN_POINT('',(-1.849999999998,1.350000000002,4.3));
#17624=CARTESIAN_POINT('',(-1.849999999998,1.350000000002,4.7));
#17625=CARTESIAN_POINT('Origin',(-2.299999999998,-1.349999999998,4.3));
#17626=CARTESIAN_POINT('',(-2.299999999998,-1.349999999998,4.3));
#17627=CARTESIAN_POINT('',(-2.299999999998,-1.349999999998,4.3));
#17628=CARTESIAN_POINT('',(-2.299999999998,-1.349999999998,4.3));
#17629=CARTESIAN_POINT('Origin',(-1.899999999998,1.350000000002,4.3));
#17630=CARTESIAN_POINT('',(-1.899999999998,1.350000000002,3.9));
#17631=CARTESIAN_POINT('',(-1.899999999998,1.350000000002,4.3));
#17632=CARTESIAN_POINT('',(-2.299999999998,1.350000000002,3.9));
#17633=CARTESIAN_POINT('',(-1.899999999998,1.350000000002,3.9));
#17634=CARTESIAN_POINT('',(-2.299999999998,1.350000000002,4.3));
#17635=CARTESIAN_POINT('Origin',(-1.899999999998,-1.349999999998,4.3));
#17636=CARTESIAN_POINT('',(-1.899999999998,-1.349999999998,4.3));
#17637=CARTESIAN_POINT('',(-1.899999999998,-1.349999999998,4.3));
#17638=CARTESIAN_POINT('',(-1.899999999998,-1.349999999998,4.3));
#17639=CARTESIAN_POINT('Origin',(2.000000000003,2.88258E-12,4.7));
#17640=CARTESIAN_POINT('',(-1.849999999996,-1.349999999998,4.7));
#17641=CARTESIAN_POINT('',(-1.899999999998,-1.349999999998,4.7));
#17642=CARTESIAN_POINT('',(-1.849999999996,-1.749999999998,4.7));
#17643=CARTESIAN_POINT('',(-1.849999999996,-1.349999999998,4.7));
#17644=CARTESIAN_POINT('',(5.849999999996,-1.749999999998,4.7));
#17645=CARTESIAN_POINT('',(-1.849999999996,-1.749999999998,4.7));
#17646=CARTESIAN_POINT('',(5.849999999996,-1.349999999996,4.7));
#17647=CARTESIAN_POINT('',(5.849999999996,-1.749999999998,4.7));
#17648=CARTESIAN_POINT('',(5.900000000002,-1.349999999996,4.7));
#17649=CARTESIAN_POINT('',(5.849999999996,-1.349999999996,4.7));
#17650=CARTESIAN_POINT('',(5.900000000002,1.349999999996,4.7));
#17651=CARTESIAN_POINT('',(5.900000000002,-1.349999999996,4.7));
#17652=CARTESIAN_POINT('',(5.850000000047,1.349999999996,4.7));
#17653=CARTESIAN_POINT('',(5.900000000002,1.349999999996,4.7));
#17654=CARTESIAN_POINT('',(5.850000000047,1.750000000002,4.7));
#17655=CARTESIAN_POINT('',(5.850000000047,1.349999999996,4.7));
#17656=CARTESIAN_POINT('',(-1.849999999998,1.750000000002,4.7));
#17657=CARTESIAN_POINT('',(5.850000000047,1.750000000002,4.7));
#17658=CARTESIAN_POINT('',(-1.849999999998,1.350000000002,4.7));
#17659=CARTESIAN_POINT('',(0.,-1.,4.7));
#17660=CARTESIAN_POINT('',(0.,1.,4.7));
#17661=CARTESIAN_POINT('',(0.,-1.,4.7));
#17662=CARTESIAN_POINT('',(4.,1.,4.7));
#17663=CARTESIAN_POINT('',(0.,1.,4.7));
#17664=CARTESIAN_POINT('',(4.,-1.,4.7));
#17665=CARTESIAN_POINT('',(4.,1.,4.7));
#17666=CARTESIAN_POINT('',(4.,-1.,4.7));
#17667=CARTESIAN_POINT('Origin',(-1.849999999998,1.350000000002,4.3));
#17668=CARTESIAN_POINT('',(-1.849999999998,1.750000000002,4.3));
#17669=CARTESIAN_POINT('',(-1.849999999998,1.750000000002,4.3));
#17670=CARTESIAN_POINT('',(-1.849999999998,1.350000000002,4.3));
#17671=CARTESIAN_POINT('Origin',(2.000000000003,2.88258E-12,4.3));
#17672=CARTESIAN_POINT('',(-1.899999999998,-1.349999999998,4.3));
#17673=CARTESIAN_POINT('',(5.850000000047,1.750000000002,4.3));
#17674=CARTESIAN_POINT('',(5.850000000047,1.750000000002,4.3));
#17675=CARTESIAN_POINT('',(5.850000000047,1.349999999996,4.3));
#17676=CARTESIAN_POINT('',(5.850000000047,1.349999999996,4.3));
#17677=CARTESIAN_POINT('',(5.900000000002,1.349999999996,4.3));
#17678=CARTESIAN_POINT('',(5.900000000002,1.349999999996,4.3));
#17679=CARTESIAN_POINT('',(5.900000000002,-1.349999999996,4.3));
#17680=CARTESIAN_POINT('',(5.900000000002,-1.349999999996,4.3));
#17681=CARTESIAN_POINT('',(5.849999999996,-1.349999999996,4.3));
#17682=CARTESIAN_POINT('',(5.849999999996,-1.349999999996,4.3));
#17683=CARTESIAN_POINT('',(5.849999999996,-1.749999999998,4.3));
#17684=CARTESIAN_POINT('',(5.849999999996,-1.749999999998,4.3));
#17685=CARTESIAN_POINT('',(-1.849999999996,-1.749999999998,4.3));
#17686=CARTESIAN_POINT('',(-1.849999999996,-1.749999999998,4.3));
#17687=CARTESIAN_POINT('',(-1.849999999996,-1.349999999998,4.3));
#17688=CARTESIAN_POINT('',(-1.849999999996,-1.349999999998,4.3));
#17689=CARTESIAN_POINT('',(-1.899999999998,-1.349999999998,4.3));
#17690=CARTESIAN_POINT('',(0.,-1.,4.3));
#17691=CARTESIAN_POINT('',(0.,1.,4.3));
#17692=CARTESIAN_POINT('',(0.,-0.499999999999,4.3));
#17693=CARTESIAN_POINT('',(4.,-1.,4.3));
#17694=CARTESIAN_POINT('',(3.000000000002,-1.,4.3));
#17695=CARTESIAN_POINT('',(4.,1.,4.3));
#17696=CARTESIAN_POINT('',(4.,0.500000000001,4.3));
#17697=CARTESIAN_POINT('',(1.000000000002,1.,4.3));
#17698=CARTESIAN_POINT('Origin',(-2.299999999998,-1.349999999998,4.3));
#17699=CARTESIAN_POINT('',(-2.299999999998,-1.349999999998,3.9));
#17700=CARTESIAN_POINT('',(-2.299999999998,-1.349999999998,4.3));
#17701=CARTESIAN_POINT('',(-2.299999999998,-1.349999999998,3.9));
#17702=CARTESIAN_POINT('Origin',(-1.899999999998,-1.349999999998,4.3));
#17703=CARTESIAN_POINT('',(-1.899999999998,-1.349999999998,3.9));
#17704=CARTESIAN_POINT('',(-1.899999999998,-1.349999999998,4.3));
#17705=CARTESIAN_POINT('',(-1.899999999998,-1.349999999998,3.9));
#17706=CARTESIAN_POINT('Origin',(-1.899999999998,1.350000000002,3.9));
#17707=CARTESIAN_POINT('',(-1.899999999998,2.150000000002,3.9));
#17708=CARTESIAN_POINT('',(-1.899999999998,1.350000000002,3.9));
#17709=CARTESIAN_POINT('',(-2.299999999998,2.150000000002,3.9));
#17710=CARTESIAN_POINT('',(-1.899999999998,2.150000000002,3.9));
#17711=CARTESIAN_POINT('',(-2.299999999998,1.350000000002,3.9));
#17712=CARTESIAN_POINT('Origin',(-1.899999999998,-1.349999999998,4.3));
#17713=CARTESIAN_POINT('',(-1.849999999996,-1.349999999998,4.3));
#17714=CARTESIAN_POINT('Origin',(-1.899999999998,-1.349999999998,4.3));
#17715=CARTESIAN_POINT('',(-1.899999999998,-1.349999999998,3.9));
#17716=CARTESIAN_POINT('Origin',(-1.849999999996,-1.349999999998,4.3));
#17717=CARTESIAN_POINT('',(-1.849999999996,-1.749999999998,4.3));
#17718=CARTESIAN_POINT('Origin',(-1.849999999996,-1.749999999998,4.7));
#17719=CARTESIAN_POINT('',(-1.849999999996,-1.789999999998,4.7));
#17720=CARTESIAN_POINT('',(-1.849999999996,-1.749999999998,4.7));
#17721=CARTESIAN_POINT('',(5.849999999996,-1.789999999998,4.7));
#17722=CARTESIAN_POINT('',(-1.849999999996,-1.789999999998,4.7));
#17723=CARTESIAN_POINT('',(5.849999999996,-1.749999999998,4.7));
#17724=CARTESIAN_POINT('Origin',(5.850000000047,1.750000000002,4.7));
#17725=CARTESIAN_POINT('',(5.850000000047,1.790000000002,4.7));
#17726=CARTESIAN_POINT('',(5.850000000047,1.750000000002,4.7));
#17727=CARTESIAN_POINT('',(-1.849999999998,1.790000000002,4.7));
#17728=CARTESIAN_POINT('',(5.850000000047,1.790000000002,4.7));
#17729=CARTESIAN_POINT('',(-1.849999999998,1.750000000002,4.7));
#17730=CARTESIAN_POINT('Origin',(5.849999999996,-1.749999999998,4.3));
#17731=CARTESIAN_POINT('',(5.849999999996,-1.749999999998,4.3));
#17732=CARTESIAN_POINT('',(5.849999999996,-1.349999999996,4.3));
#17733=CARTESIAN_POINT('Origin',(5.850000000047,1.349999999996,4.3));
#17734=CARTESIAN_POINT('',(5.850000000047,1.349999999996,4.3));
#17735=CARTESIAN_POINT('',(5.850000000047,1.750000000002,4.3));
#17736=CARTESIAN_POINT('Origin',(5.849999999996,-1.349999999996,4.3));
#17737=CARTESIAN_POINT('',(5.900000000002,-1.349999999996,4.3));
#17738=CARTESIAN_POINT('Origin',(5.900000000002,1.349999999996,4.3));
#17739=CARTESIAN_POINT('',(5.900000000002,1.349999999996,4.3));
#17740=CARTESIAN_POINT('Origin',(5.900000000002,-1.349999999996,4.7));
#17741=CARTESIAN_POINT('',(5.940000000002,-1.349999999996,4.7));
#17742=CARTESIAN_POINT('',(5.900000000002,-1.349999999996,4.7));
#17743=CARTESIAN_POINT('',(5.940000000002,1.349999999996,4.7));
#17744=CARTESIAN_POINT('',(5.940000000002,-1.349999999996,4.7));
#17745=CARTESIAN_POINT('',(5.900000000002,1.349999999996,4.7));
#17746=CARTESIAN_POINT('Origin',(0.,-1.,4.7));
#17747=CARTESIAN_POINT('',(0.,-1.,4.7));
#17748=CARTESIAN_POINT('',(0.,1.,4.7));
#17749=CARTESIAN_POINT('Origin',(4.,-1.,4.7));
#17750=CARTESIAN_POINT('',(4.,-1.,4.7));
#17751=CARTESIAN_POINT('Origin',(4.,1.,4.7));
#17752=CARTESIAN_POINT('',(4.,1.,4.7));
#17753=CARTESIAN_POINT('Origin',(0.,1.,4.7));
#17754=CARTESIAN_POINT('Origin',(-1.849999999998,1.750000000002,4.3));
#17755=CARTESIAN_POINT('',(-1.849999999998,2.150000000002,4.34));
#17756=CARTESIAN_POINT('Origin',(-1.849999999998,1.790000000002,4.34));
#17757=CARTESIAN_POINT('',(-1.849999999998,2.150000000002,4.3));
#17758=CARTESIAN_POINT('',(-1.849999999998,2.150000000002,4.3));
#17759=CARTESIAN_POINT('',(-1.849999999998,1.750000000002,4.3));
#17760=CARTESIAN_POINT('Origin',(-1.849999999996,-1.749999999998,4.3));
#17761=CARTESIAN_POINT('',(-1.849999999996,-1.749999999998,1.3));
#17762=CARTESIAN_POINT('',(-1.849999999996,-1.749999999998,4.3));
#17763=CARTESIAN_POINT('',(5.849999999996,-1.749999999998,1.3));
#17764=CARTESIAN_POINT('',(5.849999999996,-1.749999999998,4.3));
#17765=CARTESIAN_POINT('',(4.499999999996,-1.749999999998,1.3));
#17766=CARTESIAN_POINT('',(-1.849999999996,-1.749999999998,1.3));
#17767=CARTESIAN_POINT('',(-0.499999999996,-1.749999999998,1.3));
#17768=CARTESIAN_POINT('',(-1.849999999996,-1.749999999998,1.3));
#17769=CARTESIAN_POINT('',(-1.849999999996,-1.749999999998,1.3));
#17770=CARTESIAN_POINT('',(1.2,-1.749999999998,3.5));
#17771=CARTESIAN_POINT('',(0.6,-1.749999999998,3.5));
#17772=CARTESIAN_POINT('',(-0.624999999998,-1.749999999998,3.5));
#17773=CARTESIAN_POINT('',(0.6,-1.749999999998,2.1));
#17774=CARTESIAN_POINT('',(0.6,-1.749999999998,3.2));
#17775=CARTESIAN_POINT('',(1.2,-1.749999999998,2.1));
#17776=CARTESIAN_POINT('',(-0.324999999998,-1.749999999998,2.1));
#17777=CARTESIAN_POINT('',(1.2,-1.749999999998,3.9));
#17778=CARTESIAN_POINT('',(2.8,-1.749999999998,2.1));
#17779=CARTESIAN_POINT('',(2.8,-1.749999999998,3.5));
#17780=CARTESIAN_POINT('',(2.8,-1.749999999998,3.2));
#17781=CARTESIAN_POINT('',(3.400000000007,-1.749999999998,2.1));
#17782=CARTESIAN_POINT('',(0.775000000005,-1.749999999998,2.1));
#17783=CARTESIAN_POINT('',(3.400000000007,-1.749999999998,3.5));
#17784=CARTESIAN_POINT('',(3.400000000007,-1.749999999998,3.9));
#17785=CARTESIAN_POINT('',(0.475000000002,-1.749999999998,3.5));
#17786=CARTESIAN_POINT('Origin',(5.850000000047,1.750000000002,4.3));
#17787=CARTESIAN_POINT('',(5.850000000047,1.750000000002,1.3));
#17788=CARTESIAN_POINT('',(5.850000000047,1.750000000002,4.3));
#17789=CARTESIAN_POINT('',(-1.849999999997,1.750000000002,1.3));
#17790=CARTESIAN_POINT('',(-1.849999999998,1.750000000002,4.3));
#17791=CARTESIAN_POINT('',(-0.499999999996,1.750000000002,1.3));
#17792=CARTESIAN_POINT('',(5.850000000047,1.750000000002,1.3));
#17793=CARTESIAN_POINT('',(4.499999999996,1.750000000002,1.3));
#17794=CARTESIAN_POINT('',(5.850000000047,1.750000000002,1.3));
#17795=CARTESIAN_POINT('',(5.850000000047,1.750000000002,1.3));
#17796=CARTESIAN_POINT('Origin',(5.900000000002,-1.349999999996,4.3));
#17797=CARTESIAN_POINT('',(5.900000000002,-1.349999999996,3.9));
#17798=CARTESIAN_POINT('',(5.900000000002,-1.349999999996,4.3));
#17799=CARTESIAN_POINT('',(5.900000000002,1.349999999996,3.9));
#17800=CARTESIAN_POINT('',(5.900000000002,1.349999999996,4.3));
#17801=CARTESIAN_POINT('',(5.900000000002,-1.349999999996,3.9));
#17802=CARTESIAN_POINT('Origin',(-2.299999999998,-1.349999999998,3.9));
#17803=CARTESIAN_POINT('',(-2.299999999998,1.350000000002,0.));
#17804=CARTESIAN_POINT('',(-2.299999999998,1.350000000002,3.9));
#17805=CARTESIAN_POINT('',(-2.299999999998,1.250000000002,0.));
#17806=CARTESIAN_POINT('',(-2.299999999998,-1.349999999998,-1.110223024625E-16));
#17807=CARTESIAN_POINT('',(-2.299999999998,0.4,0.));
#17808=CARTESIAN_POINT('Origin',(-2.299999999998,0.825000000001,0.));
#17809=CARTESIAN_POINT('',(-2.299999999998,-0.4,0.));
#17810=CARTESIAN_POINT('',(-2.299999999998,-1.349999999998,-1.110223024625E-16));
#17811=CARTESIAN_POINT('',(-2.299999999998,-1.249999999997,0.));
#17812=CARTESIAN_POINT('Origin',(-2.299999999998,-0.824999999999,0.));
#17813=CARTESIAN_POINT('',(-2.299999999998,-1.349999999998,0.));
#17814=CARTESIAN_POINT('',(-2.299999999998,-1.349999999998,-1.110223024625E-16));
#17815=CARTESIAN_POINT('',(-2.299999999998,-1.349999999998,3.9));
#17816=CARTESIAN_POINT('Origin',(-1.899999999998,-1.349999999998,3.9));
#17817=CARTESIAN_POINT('',(-1.899999999998,-1.349999999998,0.));
#17818=CARTESIAN_POINT('',(-1.899999999998,-1.349999999998,3.9));
#17819=CARTESIAN_POINT('',(-1.899999999998,-1.249999999997,0.));
#17820=CARTESIAN_POINT('',(-1.899999999998,-1.349999999998,-1.110223024625E-16));
#17821=CARTESIAN_POINT('',(-1.899999999998,-0.4,0.));
#17822=CARTESIAN_POINT('Origin',(-1.899999999998,-0.824999999999,0.));
#17823=CARTESIAN_POINT('',(-1.899999999998,0.4,0.));
#17824=CARTESIAN_POINT('',(-1.899999999998,-1.349999999998,-1.110223024625E-16));
#17825=CARTESIAN_POINT('',(-1.899999999998,1.250000000002,0.));
#17826=CARTESIAN_POINT('Origin',(-1.899999999998,0.825000000001,0.));
#17827=CARTESIAN_POINT('',(-1.899999999998,1.350000000002,0.));
#17828=CARTESIAN_POINT('',(-1.899999999998,-1.349999999998,-1.110223024625E-16));
#17829=CARTESIAN_POINT('',(-1.899999999998,1.350000000002,3.9));
#17830=CARTESIAN_POINT('Origin',(-1.899999999998,1.350000000002,3.9));
#17831=CARTESIAN_POINT('',(-1.899999999998,2.150000000002,0.));
#17832=CARTESIAN_POINT('',(-1.899999999998,1.350000000002,0.));
#17833=CARTESIAN_POINT('',(-1.899999999998,2.150000000002,3.9));
#17834=CARTESIAN_POINT('Origin',(-2.299999999998,1.350000000002,3.9));
#17835=CARTESIAN_POINT('',(-2.299999999998,2.150000000002,0.));
#17836=CARTESIAN_POINT('',(-2.299999999998,2.150000000002,3.9));
#17837=CARTESIAN_POINT('',(-2.299999999998,1.350000000002,0.));
#17838=CARTESIAN_POINT('Origin',(-1.899999999998,2.150000000002,3.9));
#17839=CARTESIAN_POINT('',(-1.899999999998,2.150000000002,-1.110223024625E-16));
#17840=CARTESIAN_POINT('Origin',(-1.899999999998,-1.349999999998,3.9));
#17841=CARTESIAN_POINT('',(-1.899999999998,-2.149999999998,3.9));
#17842=CARTESIAN_POINT('',(-1.899999999998,-1.349999999998,3.9));
#17843=CARTESIAN_POINT('',(-2.299999999998,-2.149999999998,3.9));
#17844=CARTESIAN_POINT('',(-2.299999999998,-1.349999999998,3.9));
#17845=CARTESIAN_POINT('',(-1.899999999998,-2.149999999998,3.9));
#17846=CARTESIAN_POINT('Origin',(-1.849999999996,-1.749999999998,4.3));
#17847=CARTESIAN_POINT('',(-1.849999999996,-2.149999999998,4.3));
#17848=CARTESIAN_POINT('',(-1.849999999996,-1.749999999998,4.3));
#17849=CARTESIAN_POINT('',(-1.849999999996,-2.149999999998,4.34));
#17850=CARTESIAN_POINT('',(-1.849999999996,-2.149999999998,4.3));
#17851=CARTESIAN_POINT('Origin',(-1.849999999996,-1.789999999998,4.34));
#17852=CARTESIAN_POINT('Origin',(-1.849999999996,-1.789999999998,4.34));
#17853=CARTESIAN_POINT('',(5.849999999996,-2.149999999998,4.34));
#17854=CARTESIAN_POINT('',(-1.849999999996,-2.149999999998,4.34));
#17855=CARTESIAN_POINT('Origin',(5.849999999996,-1.789999999998,4.34));
#17856=CARTESIAN_POINT('Origin',(5.849999999996,-1.749999999998,4.3));
#17857=CARTESIAN_POINT('',(5.849999999996,-2.149999999998,4.3));
#17858=CARTESIAN_POINT('',(5.849999999996,-2.149999999998,4.3));
#17859=CARTESIAN_POINT('',(5.849999999996,-1.749999999998,4.3));
#17860=CARTESIAN_POINT('Origin',(5.850000000047,1.750000000002,4.3));
#17861=CARTESIAN_POINT('',(5.850000000047,2.150000000002,4.3));
#17862=CARTESIAN_POINT('',(5.850000000047,1.750000000002,4.3));
#17863=CARTESIAN_POINT('',(5.850000000047,2.150000000002,4.34));
#17864=CARTESIAN_POINT('',(5.850000000047,2.150000000002,4.3));
#17865=CARTESIAN_POINT('Origin',(5.850000000047,1.790000000002,4.34));
#17866=CARTESIAN_POINT('Origin',(5.850000000047,1.790000000002,4.34));
#17867=CARTESIAN_POINT('',(5.850000000047,2.150000000002,4.34));
#17868=CARTESIAN_POINT('Origin',(5.900000000002,-1.349999999996,4.3));
#17869=CARTESIAN_POINT('',(6.300000000002,-1.349999999996,4.3));
#17870=CARTESIAN_POINT('',(5.900000000002,-1.349999999996,4.3));
#17871=CARTESIAN_POINT('',(6.300000000002,-1.349999999996,4.34));
#17872=CARTESIAN_POINT('',(6.300000000002,-1.349999999996,4.3));
#17873=CARTESIAN_POINT('Origin',(5.940000000002,-1.349999999996,4.34));
#17874=CARTESIAN_POINT('Origin',(5.900000000002,1.349999999996,4.3));
#17875=CARTESIAN_POINT('',(6.300000000002,1.349999999996,4.34));
#17876=CARTESIAN_POINT('Origin',(5.940000000002,1.349999999996,4.34));
#17877=CARTESIAN_POINT('',(6.300000000002,1.349999999996,4.3));
#17878=CARTESIAN_POINT('',(6.300000000002,1.349999999996,4.3));
#17879=CARTESIAN_POINT('',(5.900000000002,1.349999999996,4.3));
#17880=CARTESIAN_POINT('Origin',(5.940000000002,-1.349999999996,4.34));
#17881=CARTESIAN_POINT('',(6.300000000002,-1.349999999996,4.34));
#17882=CARTESIAN_POINT('Origin',(5.850000000047,2.150000000002,4.3));
#17883=CARTESIAN_POINT('',(5.850000000047,2.150000000002,4.3));
#17884=CARTESIAN_POINT('Origin',(-1.849999999998,1.750000000002,4.3));
#17885=CARTESIAN_POINT('',(-1.849999999997,2.150000000002,1.3));
#17886=CARTESIAN_POINT('',(-1.849999999998,2.150000000002,4.3));
#17887=CARTESIAN_POINT('',(-1.849999999998,1.750000000002,1.3));
#17888=CARTESIAN_POINT('Origin',(-1.849999999996,-1.749999999998,4.3));
#17889=CARTESIAN_POINT('',(-1.849999999996,-2.149999999998,1.3));
#17890=CARTESIAN_POINT('',(-1.849999999996,-1.749999999998,1.3));
#17891=CARTESIAN_POINT('',(-1.849999999996,-2.149999999998,4.3));
#17892=CARTESIAN_POINT('Origin',(-1.849999999996,-1.749999999998,1.3));
#17893=CARTESIAN_POINT('',(-1.849999999996,-1.749999999998,0.7));
#17894=CARTESIAN_POINT('',(-1.849999999996,-1.749999999998,1.3));
#17895=CARTESIAN_POINT('',(-0.499999999996,-1.749999999998,0.7));
#17896=CARTESIAN_POINT('',(-0.499999999996,-1.749999999998,1.3));
#17897=CARTESIAN_POINT('',(-1.849999999996,-1.749999999998,0.7));
#17898=CARTESIAN_POINT('Origin',(5.849999999996,-1.749999999998,4.3));
#17899=CARTESIAN_POINT('',(5.849999999996,-2.149999999998,1.3));
#17900=CARTESIAN_POINT('',(5.849999999996,-2.149999999998,4.3));
#17901=CARTESIAN_POINT('',(5.849999999996,-1.749999999998,1.3));
#17902=CARTESIAN_POINT('Origin',(-1.849999999996,-1.749999999998,1.3));
#17903=CARTESIAN_POINT('',(4.499999999996,-2.149999999998,1.3));
#17904=CARTESIAN_POINT('',(4.499999999996,-2.149999999998,1.3));
#17905=CARTESIAN_POINT('',(-0.499999999996,-2.149999999998,1.3));
#17906=CARTESIAN_POINT('',(-1.849999999996,-2.149999999998,1.3));
#17907=CARTESIAN_POINT('',(-0.499999999996,-1.749999999998,1.3));
#17908=CARTESIAN_POINT('Origin',(4.499999999996,-1.749999999998,1.3));
#17909=CARTESIAN_POINT('',(4.499999999996,-1.749999999998,0.7));
#17910=CARTESIAN_POINT('',(4.499999999996,-1.749999999998,1.3));
#17911=CARTESIAN_POINT('',(5.849999999996,-1.749999999998,0.7));
#17912=CARTESIAN_POINT('',(5.849999999996,-1.749999999998,1.3));
#17913=CARTESIAN_POINT('',(4.499999999996,-1.749999999998,0.7));
#17914=CARTESIAN_POINT('Origin',(0.6,-2.149999999998,3.5));
#17915=CARTESIAN_POINT('',(0.6,-2.149999999998,3.5));
#17916=CARTESIAN_POINT('',(1.2,-2.149999999998,3.5));
#17917=CARTESIAN_POINT('',(0.6,-2.149999999998,3.5));
#17918=CARTESIAN_POINT('',(0.6,-2.149999999998,3.5));
#17919=CARTESIAN_POINT('',(1.2,-2.149999999998,3.5));
#17920=CARTESIAN_POINT('Origin',(0.6,-2.149999999998,2.1));
#17921=CARTESIAN_POINT('',(0.6,-2.149999999998,2.1));
#17922=CARTESIAN_POINT('',(0.6,-2.149999999998,2.1));
#17923=CARTESIAN_POINT('',(0.6,-2.149999999998,2.1));
#17924=CARTESIAN_POINT('Origin',(1.2,-2.149999999998,2.1));
#17925=CARTESIAN_POINT('',(1.2,-2.149999999998,2.1));
#17926=CARTESIAN_POINT('',(1.2,-2.149999999998,2.1));
#17927=CARTESIAN_POINT('',(1.2,-2.149999999998,2.1));
#17928=CARTESIAN_POINT('Origin',(1.2,-2.149999999998,3.5));
#17929=CARTESIAN_POINT('',(1.2,-2.149999999998,3.5));
#17930=CARTESIAN_POINT('Origin',(2.8,-2.149999999998,2.1));
#17931=CARTESIAN_POINT('',(2.8,-2.149999999998,2.1));
#17932=CARTESIAN_POINT('',(2.8,-2.149999999998,3.5));
#17933=CARTESIAN_POINT('',(2.8,-2.149999999998,2.1));
#17934=CARTESIAN_POINT('',(2.8,-2.149999999998,2.1));
#17935=CARTESIAN_POINT('',(2.8,-2.149999999998,3.5));
#17936=CARTESIAN_POINT('Origin',(3.400000000007,-2.149999999998,2.1));
#17937=CARTESIAN_POINT('',(3.400000000007,-2.149999999998,2.1));
#17938=CARTESIAN_POINT('',(3.400000000007,-2.149999999998,2.1));
#17939=CARTESIAN_POINT('',(3.400000000007,-2.149999999998,2.1));
#17940=CARTESIAN_POINT('Origin',(2.8,-2.149999999998,3.5));
#17941=CARTESIAN_POINT('',(3.400000000007,-2.149999999998,3.5));
#17942=CARTESIAN_POINT('',(2.8,-2.149999999998,3.5));
#17943=CARTESIAN_POINT('',(3.400000000007,-2.149999999998,3.5));
#17944=CARTESIAN_POINT('Origin',(3.400000000007,-2.149999999998,3.5));
#17945=CARTESIAN_POINT('',(3.400000000007,-2.149999999998,3.5));
#17946=CARTESIAN_POINT('Origin',(5.850000000047,1.750000000002,4.3));
#17947=CARTESIAN_POINT('',(5.850000000047,2.150000000002,1.3));
#17948=CARTESIAN_POINT('',(5.850000000047,1.750000000002,1.3));
#17949=CARTESIAN_POINT('',(5.850000000047,2.150000000002,4.3));
#17950=CARTESIAN_POINT('Origin',(5.850000000047,1.750000000002,1.3));
#17951=CARTESIAN_POINT('',(5.850000000047,1.750000000002,0.7));
#17952=CARTESIAN_POINT('',(5.850000000047,1.750000000002,1.3));
#17953=CARTESIAN_POINT('',(4.499999999996,1.750000000002,0.7));
#17954=CARTESIAN_POINT('',(4.499999999996,1.750000000002,1.3));
#17955=CARTESIAN_POINT('',(5.850000000047,1.750000000002,0.7));
#17956=CARTESIAN_POINT('Origin',(5.850000000047,1.750000000002,1.3));
#17957=CARTESIAN_POINT('',(-0.499999999996,2.150000000002,1.3));
#17958=CARTESIAN_POINT('',(-0.499999999996,2.150000000002,1.3));
#17959=CARTESIAN_POINT('',(4.499999999996,2.150000000002,1.3));
#17960=CARTESIAN_POINT('',(5.850000000047,2.150000000002,1.3));
#17961=CARTESIAN_POINT('',(4.499999999996,1.750000000002,1.3));
#17962=CARTESIAN_POINT('Origin',(-0.499999999996,1.750000000002,1.3));
#17963=CARTESIAN_POINT('',(-0.499999999996,1.750000000002,0.7));
#17964=CARTESIAN_POINT('',(-0.499999999996,1.750000000002,1.3));
#17965=CARTESIAN_POINT('',(-1.849999999996,1.750000000002,0.7));
#17966=CARTESIAN_POINT('',(-1.849999999996,1.750000000002,1.3));
#17967=CARTESIAN_POINT('',(-0.499999999996,1.750000000002,0.7));
#17968=CARTESIAN_POINT('Origin',(5.900000000002,-1.349999999996,4.3));
#17969=CARTESIAN_POINT('',(6.300000000002,-1.349999999996,3.9));
#17970=CARTESIAN_POINT('',(5.900000000002,-1.349999999996,3.9));
#17971=CARTESIAN_POINT('',(6.300000000002,-1.349999999996,4.3));
#17972=CARTESIAN_POINT('Origin',(5.900000000002,1.349999999996,4.3));
#17973=CARTESIAN_POINT('',(6.300000000002,1.349999999996,3.9));
#17974=CARTESIAN_POINT('',(6.300000000002,1.349999999996,4.3));
#17975=CARTESIAN_POINT('',(5.900000000002,1.349999999996,3.9));
#17976=CARTESIAN_POINT('Origin',(5.900000000002,-1.349999999996,3.9));
#17977=CARTESIAN_POINT('',(5.900000000002,1.349999999996,0.));
#17978=CARTESIAN_POINT('',(5.900000000002,1.349999999996,3.9));
#17979=CARTESIAN_POINT('',(5.900000000002,1.250000000002,0.));
#17980=CARTESIAN_POINT('',(5.900000000002,-1.349999999996,-1.110223024625E-16));
#17981=CARTESIAN_POINT('',(5.900000000002,0.4,0.));
#17982=CARTESIAN_POINT('Origin',(5.900000000002,0.825000000001,0.));
#17983=CARTESIAN_POINT('',(5.900000000002,-0.4,0.));
#17984=CARTESIAN_POINT('',(5.900000000002,-1.349999999996,-1.110223024625E-16));
#17985=CARTESIAN_POINT('',(5.900000000002,-1.249999999997,0.));
#17986=CARTESIAN_POINT('Origin',(5.900000000002,-0.824999999999,0.));
#17987=CARTESIAN_POINT('',(5.900000000002,-1.349999999996,0.));
#17988=CARTESIAN_POINT('',(5.900000000002,-1.349999999996,-1.110223024625E-16));
#17989=CARTESIAN_POINT('',(5.900000000002,-1.349999999996,3.9));
#17990=CARTESIAN_POINT('Origin',(-2.299999999998,1.350000000002,0.));
#17991=CARTESIAN_POINT('',(-1.899999999998,1.350000000002,-1.110223024625E-16));
#17992=CARTESIAN_POINT('',(-2.299999999998,1.250000000002,0.));
#17993=CARTESIAN_POINT('Origin',(-2.299999999998,0.825000000001,0.));
#17994=CARTESIAN_POINT('',(-2.299999999998,0.4,0.));
#17995=CARTESIAN_POINT('Origin',(-2.299999999998,-1.349999999998,0.));
#17996=CARTESIAN_POINT('',(-2.299999999998,-0.2,-2.8));
#17997=CARTESIAN_POINT('',(-2.299999999998,-0.6,-1.5));
#17998=CARTESIAN_POINT('',(-2.299999999998,-0.2,-2.8));
#17999=CARTESIAN_POINT('',(-2.299999999998,-0.6,-1.5));
#18000=CARTESIAN_POINT('',(-2.299999999998,0.6,-1.5));
#18001=CARTESIAN_POINT('',(-2.299999999998,0.4,0.));
#18002=CARTESIAN_POINT('',(-2.299999999998,0.2,-2.8));
#18003=CARTESIAN_POINT('',(-2.299999999998,0.6,-1.5));
#18004=CARTESIAN_POINT('',(-2.299999999998,0.2,-2.8));
#18005=CARTESIAN_POINT('Origin',(-2.299999999998,-0.824999999999,0.));
#18006=CARTESIAN_POINT('',(-2.299999999998,-0.4,0.));
#18007=CARTESIAN_POINT('',(-2.299999999998,-1.249999999997,0.));
#18008=CARTESIAN_POINT('Origin',(-2.299999999998,-1.249999999997,0.));
#18009=CARTESIAN_POINT('',(-1.899999999998,-1.349999999998,-1.110223024625E-16));
#18010=CARTESIAN_POINT('Origin',(-2.299999999998,-1.349999999998,3.9));
#18011=CARTESIAN_POINT('',(-2.299999999998,-2.149999999998,0.));
#18012=CARTESIAN_POINT('',(-2.299999999998,-1.349999999998,0.));
#18013=CARTESIAN_POINT('',(-2.299999999998,-2.149999999998,3.9));
#18014=CARTESIAN_POINT('Origin',(-1.899999999998,-1.349999999998,0.));
#18015=CARTESIAN_POINT('',(-1.899999999998,-0.6,-1.5));
#18016=CARTESIAN_POINT('',(-1.899999999998,-0.2,-2.8));
#18017=CARTESIAN_POINT('',(-1.899999999998,-0.643243243243,-1.35945945946));
#18018=CARTESIAN_POINT('',(-1.899999999998,0.2,-2.8));
#18019=CARTESIAN_POINT('',(-1.899999999998,-1.349999999998,-2.8));
#18020=CARTESIAN_POINT('',(-1.899999999998,0.6,-1.5));
#18021=CARTESIAN_POINT('',(-1.899999999998,0.726486486487,-1.088918918919));
#18022=CARTESIAN_POINT('',(-1.899999999998,0.384716157205,0.114628820961));
#18023=CARTESIAN_POINT('',(-1.899999999998,-0.508296943231,-0.812227074236));
#18024=CARTESIAN_POINT('Origin',(-1.899999999998,-1.349999999998,3.9));
#18025=CARTESIAN_POINT('',(-1.899999999998,-2.149999999998,0.));
#18026=CARTESIAN_POINT('',(-1.899999999998,-2.149999999998,3.9));
#18027=CARTESIAN_POINT('',(-1.899999999998,-1.349999999998,0.));
#18028=CARTESIAN_POINT('Origin',(-1.899999999998,1.350000000002,0.));
#18029=CARTESIAN_POINT('Origin',(-1.899999999998,-2.149999999998,3.9));
#18030=CARTESIAN_POINT('',(-1.899999999998,-2.149999999998,-1.110223024625E-16));
#18031=CARTESIAN_POINT('Origin',(-1.849999999996,-2.149999999998,4.3));
#18032=CARTESIAN_POINT('',(-1.849999999996,-2.149999999998,4.3));
#18033=CARTESIAN_POINT('Origin',(6.300000000002,-1.349999999996,4.3));
#18034=CARTESIAN_POINT('',(6.300000000002,-1.349999999996,4.3));
#18035=CARTESIAN_POINT('Origin',(5.850000000047,2.150000000002,4.3));
#18036=CARTESIAN_POINT('',(5.850000000047,2.150000000002,1.3));
#18037=CARTESIAN_POINT('',(5.850000000047,2.150000000002,1.3));
#18038=CARTESIAN_POINT('Origin',(-1.849999999996,1.750000000002,1.3));
#18039=CARTESIAN_POINT('',(-1.849999999996,2.150000000002,0.7));
#18040=CARTESIAN_POINT('',(-1.849999999996,2.150000000002,1.3));
#18041=CARTESIAN_POINT('',(-1.849999999996,1.750000000002,0.7));
#18042=CARTESIAN_POINT('Origin',(-1.849999999996,-2.149999999998,4.3));
#18043=CARTESIAN_POINT('',(-1.849999999996,-2.149999999998,1.3));
#18044=CARTESIAN_POINT('',(-1.849999999996,-2.149999999998,1.3));
#18045=CARTESIAN_POINT('Origin',(-1.849999999996,-2.149999999998,1.3));
#18046=CARTESIAN_POINT('',(-1.849999999996,-2.149999999998,0.7));
#18047=CARTESIAN_POINT('',(-1.849999999996,-2.149999999998,1.3));
#18048=CARTESIAN_POINT('',(-1.849999999996,-2.149999999998,0.7));
#18049=CARTESIAN_POINT('Origin',(-0.499999999996,-1.749999999998,1.3));
#18050=CARTESIAN_POINT('',(-0.499999999996,-2.149999999998,0.7));
#18051=CARTESIAN_POINT('',(-0.499999999996,-2.149999999998,1.3));
#18052=CARTESIAN_POINT('',(-0.499999999996,-1.749999999998,0.7));
#18053=CARTESIAN_POINT('Origin',(-1.849999999996,-1.749999999998,0.7));
#18054=CARTESIAN_POINT('',(-1.849999999996,-0.749999999998,0.7));
#18055=CARTESIAN_POINT('',(-1.849999999996,-1.749999999998,0.7));
#18056=CARTESIAN_POINT('',(-0.499999999996,-0.749999999998,0.7));
#18057=CARTESIAN_POINT('',(-0.499999999996,-1.749999999998,0.7));
#18058=CARTESIAN_POINT('',(-1.849999999996,-0.749999999998,0.7));
#18059=CARTESIAN_POINT('Origin',(5.849999999996,-1.749999999998,1.3));
#18060=CARTESIAN_POINT('',(5.849999999996,-2.149999999998,0.7));
#18061=CARTESIAN_POINT('',(5.849999999996,-2.149999999998,1.3));
#18062=CARTESIAN_POINT('',(5.849999999996,-1.749999999998,0.7));
#18063=CARTESIAN_POINT('Origin',(4.499999999996,-2.149999999998,1.3));
#18064=CARTESIAN_POINT('',(4.499999999996,-2.149999999998,0.7));
#18065=CARTESIAN_POINT('',(4.499999999996,-2.149999999998,1.3));
#18066=CARTESIAN_POINT('',(4.499999999996,-2.149999999998,0.7));
#18067=CARTESIAN_POINT('Origin',(4.499999999996,-1.749999999998,0.7));
#18068=CARTESIAN_POINT('',(4.499999999996,-0.749999999998,0.7));
#18069=CARTESIAN_POINT('',(4.499999999996,-1.749999999998,0.7));
#18070=CARTESIAN_POINT('',(5.849999999996,-0.749999999998,0.7));
#18071=CARTESIAN_POINT('',(5.849999999996,-1.749999999998,0.7));
#18072=CARTESIAN_POINT('',(4.499999999996,-0.749999999998,0.7));
#18073=CARTESIAN_POINT('Origin',(5.850000000047,2.150000000002,1.3));
#18074=CARTESIAN_POINT('',(5.850000000047,2.150000000002,0.7));
#18075=CARTESIAN_POINT('',(5.850000000047,2.150000000002,1.3));
#18076=CARTESIAN_POINT('',(5.850000000047,2.150000000002,0.7));
#18077=CARTESIAN_POINT('Origin',(4.499999999996,1.750000000002,1.3));
#18078=CARTESIAN_POINT('',(4.499999999996,2.150000000002,0.7));
#18079=CARTESIAN_POINT('',(4.499999999996,2.150000000002,1.3));
#18080=CARTESIAN_POINT('',(4.499999999996,1.750000000002,0.7));
#18081=CARTESIAN_POINT('Origin',(5.850000000047,1.750000000002,0.7));
#18082=CARTESIAN_POINT('',(5.850000000047,0.750000000002,0.7));
#18083=CARTESIAN_POINT('',(5.850000000047,1.750000000002,0.7));
#18084=CARTESIAN_POINT('',(4.499999999996,0.750000000002,0.7));
#18085=CARTESIAN_POINT('',(4.499999999996,1.750000000002,0.7));
#18086=CARTESIAN_POINT('',(5.850000000047,0.750000000002,0.7));
#18087=CARTESIAN_POINT('Origin',(-0.499999999996,2.150000000002,1.3));
#18088=CARTESIAN_POINT('',(-0.499999999996,2.150000000002,0.7));
#18089=CARTESIAN_POINT('',(-0.499999999996,2.150000000002,1.3));
#18090=CARTESIAN_POINT('',(-0.499999999996,2.150000000002,0.7));
#18091=CARTESIAN_POINT('Origin',(-0.499999999996,1.750000000002,0.7));
#18092=CARTESIAN_POINT('',(-0.499999999996,0.750000000002,0.7));
#18093=CARTESIAN_POINT('',(-0.499999999996,1.750000000002,0.7));
#18094=CARTESIAN_POINT('',(-1.849999999996,0.750000000002,0.7));
#18095=CARTESIAN_POINT('',(-1.849999999996,1.750000000002,0.7));
#18096=CARTESIAN_POINT('',(-0.499999999996,0.750000000002,0.7));
#18097=CARTESIAN_POINT('Origin',(6.300000000002,-1.349999999996,4.3));
#18098=CARTESIAN_POINT('',(6.300000000002,-1.349999999996,3.9));
#18099=CARTESIAN_POINT('Origin',(5.900000000002,-1.349999999996,3.9));
#18100=CARTESIAN_POINT('',(5.900000000002,-2.149999999996,3.9));
#18101=CARTESIAN_POINT('',(5.900000000002,-1.349999999996,3.9));
#18102=CARTESIAN_POINT('',(6.300000000002,-2.149999999996,3.9));
#18103=CARTESIAN_POINT('',(5.900000000002,-2.149999999996,3.9));
#18104=CARTESIAN_POINT('',(6.300000000002,-1.349999999996,3.9));
#18105=CARTESIAN_POINT('Origin',(5.900000000002,1.349999999996,3.9));
#18106=CARTESIAN_POINT('',(5.900000000002,2.149999999996,3.9));
#18107=CARTESIAN_POINT('',(5.900000000002,1.349999999996,3.9));
#18108=CARTESIAN_POINT('',(6.300000000002,2.149999999996,3.9));
#18109=CARTESIAN_POINT('',(6.300000000002,1.349999999996,3.9));
#18110=CARTESIAN_POINT('',(5.900000000002,2.149999999996,3.9));
#18111=CARTESIAN_POINT('Origin',(5.900000000002,1.349999999996,3.9));
#18112=CARTESIAN_POINT('',(5.900000000002,2.149999999996,0.));
#18113=CARTESIAN_POINT('',(5.900000000002,2.149999999996,3.9));
#18114=CARTESIAN_POINT('',(5.900000000002,1.349999999996,0.));
#18115=CARTESIAN_POINT('Origin',(-2.299999999998,1.350000000002,0.));
#18116=CARTESIAN_POINT('',(6.300000000002,1.349999999996,0.));
#18117=CARTESIAN_POINT('',(5.900000000002,1.349999999996,-1.110223024625E-16));
#18118=CARTESIAN_POINT('',(6.300000000002,1.250000000002,0.));
#18119=CARTESIAN_POINT('',(6.300000000002,-1.349999999996,-1.110223024625E-16));
#18120=CARTESIAN_POINT('',(-2.299999999998,1.250000000002,0.));
#18121=CARTESIAN_POINT('Origin',(-2.299999999998,0.825000000001,0.));
#18122=CARTESIAN_POINT('',(6.300000000002,0.4,0.));
#18123=CARTESIAN_POINT('Origin',(6.300000000002,0.825000000001,0.));
#18124=CARTESIAN_POINT('',(-2.299999999998,0.4,0.));
#18125=CARTESIAN_POINT('Origin',(5.900000000002,-1.349999999996,0.));
#18126=CARTESIAN_POINT('',(5.900000000002,-0.6,-1.5));
#18127=CARTESIAN_POINT('',(5.900000000002,-0.2,-2.8));
#18128=CARTESIAN_POINT('',(5.900000000002,-0.643243243243,-1.35945945946));
#18129=CARTESIAN_POINT('',(5.900000000002,-0.508296943231,-0.812227074236));
#18130=CARTESIAN_POINT('',(5.900000000002,0.6,-1.5));
#18131=CARTESIAN_POINT('',(5.900000000002,0.384716157205,0.11462882096));
#18132=CARTESIAN_POINT('',(5.900000000002,0.2,-2.8));
#18133=CARTESIAN_POINT('',(5.900000000002,0.726486486487,-1.088918918918));
#18134=CARTESIAN_POINT('',(5.900000000002,-1.349999999996,-2.8));
#18135=CARTESIAN_POINT('Origin',(-2.299999999998,-0.824999999999,0.));
#18136=CARTESIAN_POINT('',(6.300000000002,-0.4,0.));
#18137=CARTESIAN_POINT('',(-2.299999999998,-0.4,0.));
#18138=CARTESIAN_POINT('',(6.300000000002,-1.249999999997,0.));
#18139=CARTESIAN_POINT('Origin',(6.300000000002,-0.824999999999,0.));
#18140=CARTESIAN_POINT('',(-2.299999999998,-1.249999999997,0.));
#18141=CARTESIAN_POINT('Origin',(-2.299999999998,-1.249999999997,0.));
#18142=CARTESIAN_POINT('',(6.300000000002,-1.349999999996,0.));
#18143=CARTESIAN_POINT('',(6.300000000002,-1.349999999996,-1.110223024625E-16));
#18144=CARTESIAN_POINT('',(5.900000000002,-1.349999999996,-1.110223024625E-16));
#18145=CARTESIAN_POINT('Origin',(5.900000000002,-1.349999999996,3.9));
#18146=CARTESIAN_POINT('',(5.900000000002,-2.149999999996,0.));
#18147=CARTESIAN_POINT('',(5.900000000002,-1.349999999996,0.));
#18148=CARTESIAN_POINT('',(5.900000000002,-2.149999999996,3.9));
#18149=CARTESIAN_POINT('Origin',(-2.299999999998,0.4,0.));
#18150=CARTESIAN_POINT('',(-2.299999999998,0.6,-1.5));
#18151=CARTESIAN_POINT('Origin',(-2.299999999998,-0.2,-2.8));
#18152=CARTESIAN_POINT('',(-2.299999999998,-0.2,-2.8));
#18153=CARTESIAN_POINT('',(-2.299999999998,-0.6,-1.5));
#18154=CARTESIAN_POINT('Origin',(-2.299999999998,-0.6,-1.5));
#18155=CARTESIAN_POINT('Origin',(-2.299999999998,0.6,-1.5));
#18156=CARTESIAN_POINT('',(-2.299999999998,0.2,-2.8));
#18157=CARTESIAN_POINT('Origin',(-1.899999999998,-1.349999999998,-2.8));
#18158=CARTESIAN_POINT('Origin',(-1.899999999998,-1.349999999998,0.));
#18159=CARTESIAN_POINT('Origin',(4.499999999996,2.150000000002,1.3));
#18160=CARTESIAN_POINT('',(4.499999999996,2.150000000002,0.7));
#18161=CARTESIAN_POINT('Origin',(-1.849999999996,2.150000000002,1.3));
#18162=CARTESIAN_POINT('',(-1.849999999996,2.150000000002,0.7));
#18163=CARTESIAN_POINT('Origin',(-1.849999999996,1.750000000002,0.7));
#18164=CARTESIAN_POINT('',(-1.849999999996,2.150000000002,0.66));
#18165=CARTESIAN_POINT('',(-1.849999999996,2.150000000002,0.7));
#18166=CARTESIAN_POINT('',(-1.849999999996,1.790000000002,0.3));
#18167=CARTESIAN_POINT('Origin',(-1.849999999996,1.790000000002,0.66));
#18168=CARTESIAN_POINT('',(-1.849999999996,1.750000000002,0.3));
#18169=CARTESIAN_POINT('',(-1.849999999996,1.750000000002,0.3));
#18170=CARTESIAN_POINT('',(-1.849999999996,1.750000000002,0.7));
#18171=CARTESIAN_POINT('Origin',(-0.499999999996,-2.149999999998,1.3));
#18172=CARTESIAN_POINT('',(-0.499999999996,-2.149999999998,0.7));
#18173=CARTESIAN_POINT('Origin',(5.849999999996,-2.149999999998,1.3));
#18174=CARTESIAN_POINT('',(5.849999999996,-2.149999999998,0.7));
#18175=CARTESIAN_POINT('Origin',(-1.849999999996,-2.149999999998,0.7));
#18176=CARTESIAN_POINT('',(-1.849999999996,-2.149999999998,0.66));
#18177=CARTESIAN_POINT('',(-1.849999999996,-2.149999999998,0.7));
#18178=CARTESIAN_POINT('',(-1.849999999996,-1.749999999998,0.3));
#18179=CARTESIAN_POINT('',(-1.849999999996,-1.749999999998,0.7));
#18180=CARTESIAN_POINT('',(-1.849999999996,-1.789999999998,0.3));
#18181=CARTESIAN_POINT('',(-1.849999999996,-2.149999999998,0.3));
#18182=CARTESIAN_POINT('Origin',(-1.849999999996,-1.789999999998,0.66));
#18183=CARTESIAN_POINT('Origin',(-0.499999999996,-1.749999999998,0.7));
#18184=CARTESIAN_POINT('',(-0.499999999996,-2.149999999998,0.66));
#18185=CARTESIAN_POINT('',(-0.499999999996,-2.149999999998,0.7));
#18186=CARTESIAN_POINT('',(-0.499999999996,-1.789999999998,0.3));
#18187=CARTESIAN_POINT('Origin',(-0.499999999996,-1.789999999998,0.66));
#18188=CARTESIAN_POINT('',(-0.499999999996,-1.749999999998,0.3));
#18189=CARTESIAN_POINT('',(-0.499999999996,-1.749999999998,0.3));
#18190=CARTESIAN_POINT('',(-0.499999999996,-1.749999999998,0.7));
#18191=CARTESIAN_POINT('Origin',(-1.849999999996,-1.749999999998,0.7));
#18192=CARTESIAN_POINT('',(-1.849999999996,-0.749999999998,0.3));
#18193=CARTESIAN_POINT('',(-1.849999999996,-0.749999999998,0.7));
#18194=CARTESIAN_POINT('',(-1.849999999996,-1.749999999998,0.3));
#18195=CARTESIAN_POINT('Origin',(-0.499999999996,-1.749999999998,0.7));
#18196=CARTESIAN_POINT('',(-0.499999999996,-0.749999999998,0.3));
#18197=CARTESIAN_POINT('',(-0.499999999996,-1.749999999998,0.3));
#18198=CARTESIAN_POINT('',(-0.499999999996,-0.749999999998,0.7));
#18199=CARTESIAN_POINT('Origin',(-1.849999999996,-0.749999999998,0.7));
#18200=CARTESIAN_POINT('',(-1.849999999996,-0.749999999998,0.3));
#18201=CARTESIAN_POINT('Origin',(5.849999999996,-1.749999999998,0.7));
#18202=CARTESIAN_POINT('',(5.849999999996,-2.149999999998,0.66));
#18203=CARTESIAN_POINT('',(5.849999999996,-2.149999999998,0.7));
#18204=CARTESIAN_POINT('',(5.849999999996,-1.789999999998,0.3));
#18205=CARTESIAN_POINT('Origin',(5.849999999996,-1.789999999998,0.66));
#18206=CARTESIAN_POINT('',(5.849999999996,-1.749999999998,0.3));
#18207=CARTESIAN_POINT('',(5.849999999996,-1.749999999998,0.3));
#18208=CARTESIAN_POINT('',(5.849999999996,-1.749999999998,0.7));
#18209=CARTESIAN_POINT('Origin',(4.499999999996,-2.149999999998,0.7));
#18210=CARTESIAN_POINT('',(4.499999999996,-2.149999999998,0.66));
#18211=CARTESIAN_POINT('',(4.499999999996,-2.149999999998,0.7));
#18212=CARTESIAN_POINT('',(4.499999999996,-1.749999999998,0.3));
#18213=CARTESIAN_POINT('',(4.499999999996,-1.749999999998,0.7));
#18214=CARTESIAN_POINT('',(4.499999999996,-1.789999999998,0.3));
#18215=CARTESIAN_POINT('',(4.499999999996,-2.149999999998,0.3));
#18216=CARTESIAN_POINT('Origin',(4.499999999996,-1.789999999998,0.66));
#18217=CARTESIAN_POINT('Origin',(4.499999999996,-1.749999999998,0.7));
#18218=CARTESIAN_POINT('',(4.499999999996,-0.749999999998,0.3));
#18219=CARTESIAN_POINT('',(4.499999999996,-0.749999999998,0.7));
#18220=CARTESIAN_POINT('',(4.499999999996,-1.749999999998,0.3));
#18221=CARTESIAN_POINT('Origin',(5.849999999996,-1.749999999998,0.7));
#18222=CARTESIAN_POINT('',(5.849999999996,-0.749999999998,0.3));
#18223=CARTESIAN_POINT('',(5.849999999996,-1.749999999998,0.3));
#18224=CARTESIAN_POINT('',(5.849999999996,-0.749999999998,0.7));
#18225=CARTESIAN_POINT('Origin',(4.499999999996,-0.749999999998,0.7));
#18226=CARTESIAN_POINT('',(4.499999999996,-0.749999999998,0.3));
#18227=CARTESIAN_POINT('Origin',(5.850000000047,2.150000000002,0.7));
#18228=CARTESIAN_POINT('',(5.850000000047,2.150000000002,0.66));
#18229=CARTESIAN_POINT('',(5.850000000047,2.150000000002,0.7));
#18230=CARTESIAN_POINT('',(5.850000000047,1.750000000002,0.3));
#18231=CARTESIAN_POINT('',(5.850000000047,1.750000000002,0.7));
#18232=CARTESIAN_POINT('',(5.850000000047,1.790000000002,0.3));
#18233=CARTESIAN_POINT('',(5.850000000047,2.150000000002,0.3));
#18234=CARTESIAN_POINT('Origin',(5.850000000047,1.790000000002,0.66));
#18235=CARTESIAN_POINT('Origin',(4.499999999996,1.750000000002,0.7));
#18236=CARTESIAN_POINT('',(4.499999999996,2.150000000002,0.66));
#18237=CARTESIAN_POINT('',(4.499999999996,2.150000000002,0.7));
#18238=CARTESIAN_POINT('',(4.499999999996,1.790000000002,0.3));
#18239=CARTESIAN_POINT('Origin',(4.499999999996,1.790000000002,0.66));
#18240=CARTESIAN_POINT('',(4.499999999996,1.750000000002,0.3));
#18241=CARTESIAN_POINT('',(4.499999999996,1.750000000002,0.3));
#18242=CARTESIAN_POINT('',(4.499999999996,1.750000000002,0.7));
#18243=CARTESIAN_POINT('Origin',(5.850000000047,1.750000000002,0.7));
#18244=CARTESIAN_POINT('',(5.850000000047,0.750000000002,0.3));
#18245=CARTESIAN_POINT('',(5.850000000047,0.750000000002,0.7));
#18246=CARTESIAN_POINT('',(5.850000000047,1.750000000002,0.3));
#18247=CARTESIAN_POINT('Origin',(4.499999999996,1.750000000002,0.7));
#18248=CARTESIAN_POINT('',(4.499999999996,0.750000000002,0.3));
#18249=CARTESIAN_POINT('',(4.499999999996,1.750000000002,0.3));
#18250=CARTESIAN_POINT('',(4.499999999996,0.750000000002,0.7));
#18251=CARTESIAN_POINT('Origin',(5.850000000047,0.750000000002,0.7));
#18252=CARTESIAN_POINT('',(5.850000000047,0.750000000002,0.3));
#18253=CARTESIAN_POINT('Origin',(-0.499999999996,2.150000000002,0.7));
#18254=CARTESIAN_POINT('',(-0.499999999996,2.150000000002,0.66));
#18255=CARTESIAN_POINT('',(-0.499999999996,2.150000000002,0.7));
#18256=CARTESIAN_POINT('',(-0.499999999996,1.750000000002,0.3));
#18257=CARTESIAN_POINT('',(-0.499999999996,1.750000000002,0.7));
#18258=CARTESIAN_POINT('',(-0.499999999996,1.790000000002,0.3));
#18259=CARTESIAN_POINT('',(-0.499999999996,2.150000000002,0.3));
#18260=CARTESIAN_POINT('Origin',(-0.499999999996,1.790000000002,0.66));
#18261=CARTESIAN_POINT('Origin',(-0.499999999996,1.750000000002,0.7));
#18262=CARTESIAN_POINT('',(-0.499999999996,0.750000000002,0.3));
#18263=CARTESIAN_POINT('',(-0.499999999996,0.750000000002,0.7));
#18264=CARTESIAN_POINT('',(-0.499999999996,1.750000000002,0.3));
#18265=CARTESIAN_POINT('Origin',(-1.849999999996,1.750000000002,0.7));
#18266=CARTESIAN_POINT('',(-1.849999999996,0.750000000002,0.3));
#18267=CARTESIAN_POINT('',(-1.849999999996,1.750000000002,0.3));
#18268=CARTESIAN_POINT('',(-1.849999999996,0.750000000002,0.7));
#18269=CARTESIAN_POINT('Origin',(-0.499999999996,0.750000000002,0.7));
#18270=CARTESIAN_POINT('',(-0.499999999996,0.750000000002,0.3));
#18271=CARTESIAN_POINT('Origin',(6.300000000002,-1.349999999996,3.9));
#18272=CARTESIAN_POINT('',(6.300000000002,-1.349999999996,3.9));
#18273=CARTESIAN_POINT('',(6.300000000002,-1.349999999996,-1.110223024625E-16));
#18274=CARTESIAN_POINT('',(6.300000000002,1.349999999996,3.9));
#18275=CARTESIAN_POINT('Origin',(6.300000000002,-1.349999999996,3.9));
#18276=CARTESIAN_POINT('',(6.300000000002,-2.149999999996,0.));
#18277=CARTESIAN_POINT('',(6.300000000002,-2.149999999996,3.9));
#18278=CARTESIAN_POINT('',(6.300000000002,-1.349999999996,0.));
#18279=CARTESIAN_POINT('Origin',(5.900000000002,-2.149999999996,3.9));
#18280=CARTESIAN_POINT('',(5.900000000002,-2.149999999996,-1.110223024625E-16));
#18281=CARTESIAN_POINT('Origin',(6.300000000002,1.349999999996,3.9));
#18282=CARTESIAN_POINT('',(6.300000000002,2.149999999996,0.));
#18283=CARTESIAN_POINT('',(6.300000000002,1.349999999996,0.));
#18284=CARTESIAN_POINT('',(6.300000000002,2.149999999996,3.9));
#18285=CARTESIAN_POINT('Origin',(5.900000000002,2.149999999996,3.9));
#18286=CARTESIAN_POINT('',(5.900000000002,2.149999999996,-1.110223024625E-16));
#18287=CARTESIAN_POINT('Origin',(5.900000000002,1.349999999996,0.));
#18288=CARTESIAN_POINT('Origin',(-2.299999999998,0.4,0.));
#18289=CARTESIAN_POINT('',(6.300000000002,0.6,-1.5));
#18290=CARTESIAN_POINT('',(6.300000000002,0.384716157205,0.11462882096));
#18291=CARTESIAN_POINT('',(-2.299999999998,0.6,-1.5));
#18292=CARTESIAN_POINT('Origin',(-2.299999999998,-0.2,-2.8));
#18293=CARTESIAN_POINT('',(6.300000000002,-0.2,-2.8));
#18294=CARTESIAN_POINT('',(-2.299999999998,-0.2,-2.8));
#18295=CARTESIAN_POINT('',(6.300000000002,-0.6,-1.5));
#18296=CARTESIAN_POINT('',(6.300000000002,-0.643243243243,-1.35945945946));
#18297=CARTESIAN_POINT('',(-2.299999999998,-0.6,-1.5));
#18298=CARTESIAN_POINT('Origin',(-2.299999999998,-0.6,-1.5));
#18299=CARTESIAN_POINT('',(6.300000000002,-0.508296943231,-0.812227074236));
#18300=CARTESIAN_POINT('Origin',(-2.299999999998,0.6,-1.5));
#18301=CARTESIAN_POINT('',(6.300000000002,0.2,-2.8));
#18302=CARTESIAN_POINT('',(6.300000000002,0.726486486487,-1.088918918918));
#18303=CARTESIAN_POINT('',(-2.299999999998,0.2,-2.8));
#18304=CARTESIAN_POINT('Origin',(5.900000000002,-1.349999999996,-2.8));
#18305=CARTESIAN_POINT('',(6.300000000002,-1.349999999996,-2.8));
#18306=CARTESIAN_POINT('Origin',(5.900000000002,-1.349999999996,0.));
#18307=CARTESIAN_POINT('Origin',(4.499999999996,2.150000000002,0.7));
#18308=CARTESIAN_POINT('',(4.499999999996,2.150000000002,0.66));
#18309=CARTESIAN_POINT('Origin',(-1.849999999996,2.150000000002,0.7));
#18310=CARTESIAN_POINT('',(-1.849999999996,2.150000000002,0.66));
#18311=CARTESIAN_POINT('Origin',(-1.849999999996,1.790000000002,0.66));
#18312=CARTESIAN_POINT('',(-1.849999999996,1.790000000002,0.3));
#18313=CARTESIAN_POINT('Origin',(2.00000000003,1.624186896076E-11,0.3));
#18314=CARTESIAN_POINT('',(-0.499999999996,1.750000000002,0.3));
#18315=CARTESIAN_POINT('Origin',(-0.499999999996,-2.149999999998,0.7));
#18316=CARTESIAN_POINT('',(-0.499999999996,-2.149999999998,0.66));
#18317=CARTESIAN_POINT('Origin',(5.849999999996,-2.149999999998,0.7));
#18318=CARTESIAN_POINT('',(5.849999999996,-2.149999999998,0.66));
#18319=CARTESIAN_POINT('Origin',(-0.499999999996,-1.789999999998,0.66));
#18320=CARTESIAN_POINT('',(-0.499999999996,-1.789999999998,0.3));
#18321=CARTESIAN_POINT('Origin',(2.00000000003,1.624186896076E-11,0.3));
#18322=CARTESIAN_POINT('',(-1.849999999996,-1.749999999998,0.3));
#18323=CARTESIAN_POINT('Origin',(-1.849999999996,-1.749999999998,0.3));
#18324=CARTESIAN_POINT('Origin',(5.849999999996,-1.789999999998,0.66));
#18325=CARTESIAN_POINT('',(5.849999999996,-1.789999999998,0.3));
#18326=CARTESIAN_POINT('Origin',(2.00000000003,1.624186896076E-11,0.3));
#18327=CARTESIAN_POINT('',(4.499999999996,-1.749999999998,0.3));
#18328=CARTESIAN_POINT('Origin',(4.499999999996,-1.749999999998,0.3));
#18329=CARTESIAN_POINT('Origin',(4.499999999996,1.790000000002,0.66));
#18330=CARTESIAN_POINT('',(4.499999999996,1.790000000002,0.3));
#18331=CARTESIAN_POINT('Origin',(2.00000000003,1.624186896076E-11,0.3));
#18332=CARTESIAN_POINT('',(5.850000000047,1.750000000002,0.3));
#18333=CARTESIAN_POINT('Origin',(5.850000000047,1.750000000002,0.3));
#18334=CARTESIAN_POINT('Origin',(-0.499999999996,1.750000000002,0.3));
#18335=CARTESIAN_POINT('Origin',(6.300000000002,-1.349999999996,0.));
#18336=CARTESIAN_POINT('Origin',(-1.85,1.725,0.7));
#18337=CARTESIAN_POINT('',(-1.85,1.725,0.7));
#18338=CARTESIAN_POINT('',(-1.85,1.725,1.3));
#18339=CARTESIAN_POINT('',(-1.85,1.725,0.7));
#18340=CARTESIAN_POINT('',(-0.45,1.725,1.3));
#18341=CARTESIAN_POINT('',(-1.85,1.725,1.3));
#18342=CARTESIAN_POINT('',(-0.45,1.725,0.7));
#18343=CARTESIAN_POINT('',(-0.45,1.725,0.7));
#18344=CARTESIAN_POINT('',(-1.85,1.725,0.7));
#18345=CARTESIAN_POINT('Origin',(-0.45,1.725,0.7));
#18346=CARTESIAN_POINT('',(-0.45,2.125,1.3));
#18347=CARTESIAN_POINT('',(-0.45,1.725,1.3));
#18348=CARTESIAN_POINT('',(-0.45,2.125,0.7));
#18349=CARTESIAN_POINT('',(-0.45,2.125,0.7));
#18350=CARTESIAN_POINT('',(-0.45,1.725,0.7));
#18351=CARTESIAN_POINT('Origin',(-0.45,2.125,0.7));
#18352=CARTESIAN_POINT('',(4.45,2.125,1.3));
#18353=CARTESIAN_POINT('',(-0.45,2.125,1.3));
#18354=CARTESIAN_POINT('',(4.45,2.125,0.7));
#18355=CARTESIAN_POINT('',(4.45,2.125,0.7));
#18356=CARTESIAN_POINT('',(-0.45,2.125,0.7));
#18357=CARTESIAN_POINT('Origin',(4.45,2.125,0.7));
#18358=CARTESIAN_POINT('',(4.45,1.725,1.3));
#18359=CARTESIAN_POINT('',(4.45,2.125,1.3));
#18360=CARTESIAN_POINT('',(4.45,1.725,0.7));
#18361=CARTESIAN_POINT('',(4.45,1.725,0.7));
#18362=CARTESIAN_POINT('',(4.45,2.125,0.7));
#18363=CARTESIAN_POINT('Origin',(4.45,1.725,0.7));
#18364=CARTESIAN_POINT('',(5.850000000004,1.725,1.3));
#18365=CARTESIAN_POINT('',(4.45,1.725,1.3));
#18366=CARTESIAN_POINT('',(5.850000000004,1.725,0.7));
#18367=CARTESIAN_POINT('',(5.850000000004,1.725,0.7));
#18368=CARTESIAN_POINT('',(4.45,1.725,0.7));
#18369=CARTESIAN_POINT('Origin',(5.850000000004,1.725,0.7));
#18370=CARTESIAN_POINT('',(5.850000000004,-1.725,1.3));
#18371=CARTESIAN_POINT('',(5.850000000004,1.725,1.3));
#18372=CARTESIAN_POINT('',(5.850000000004,-1.725,0.7));
#18373=CARTESIAN_POINT('',(5.850000000004,-1.725,0.7));
#18374=CARTESIAN_POINT('',(5.850000000004,1.725,0.7));
#18375=CARTESIAN_POINT('Origin',(5.850000000004,-1.725,0.7));
#18376=CARTESIAN_POINT('',(4.45,-1.725,1.3));
#18377=CARTESIAN_POINT('',(5.850000000004,-1.725,1.3));
#18378=CARTESIAN_POINT('',(4.45,-1.725,0.7));
#18379=CARTESIAN_POINT('',(4.45,-1.725,0.7));
#18380=CARTESIAN_POINT('',(5.850000000004,-1.725,0.7));
#18381=CARTESIAN_POINT('Origin',(4.45,-1.725,0.7));
#18382=CARTESIAN_POINT('',(4.45,-2.125,1.3));
#18383=CARTESIAN_POINT('',(4.45,-1.725,1.3));
#18384=CARTESIAN_POINT('',(4.45,-2.125,0.7));
#18385=CARTESIAN_POINT('',(4.45,-2.125,0.7));
#18386=CARTESIAN_POINT('',(4.45,-1.725,0.7));
#18387=CARTESIAN_POINT('Origin',(4.45,-2.125,0.7));
#18388=CARTESIAN_POINT('',(-0.45,-2.125,1.3));
#18389=CARTESIAN_POINT('',(4.45,-2.125,1.3));
#18390=CARTESIAN_POINT('',(-0.45,-2.125,0.7));
#18391=CARTESIAN_POINT('',(-0.45,-2.125,0.7));
#18392=CARTESIAN_POINT('',(4.45,-2.125,0.7));
#18393=CARTESIAN_POINT('Origin',(-0.45,-2.125,0.7));
#18394=CARTESIAN_POINT('',(-0.45,-1.725,1.3));
#18395=CARTESIAN_POINT('',(-0.45,-2.125,1.3));
#18396=CARTESIAN_POINT('',(-0.45,-1.725,0.7));
#18397=CARTESIAN_POINT('',(-0.45,-1.725,0.7));
#18398=CARTESIAN_POINT('',(-0.45,-2.125,0.7));
#18399=CARTESIAN_POINT('Origin',(-0.45,-1.725,0.7));
#18400=CARTESIAN_POINT('',(-1.85,-1.725,1.3));
#18401=CARTESIAN_POINT('',(-0.45,-1.725,1.3));
#18402=CARTESIAN_POINT('',(-1.85,-1.725,0.7));
#18403=CARTESIAN_POINT('',(-1.85,-1.725,0.7));
#18404=CARTESIAN_POINT('',(-0.45,-1.725,0.7));
#18405=CARTESIAN_POINT('Origin',(-1.85,-1.725,0.7));
#18406=CARTESIAN_POINT('',(-1.85,-1.725,1.3));
#18407=CARTESIAN_POINT('',(-1.85,-1.725,0.7));
#18408=CARTESIAN_POINT('Origin',(2.000000000002,-1.114868309247E-16,0.7));
#18409=CARTESIAN_POINT('Origin',(2.000000000002,-1.114868309247E-16,1.3));
#18410=CARTESIAN_POINT('Origin',(1.75,0.15,0.8));
#18411=CARTESIAN_POINT('',(1.75,0.15,0.8));
#18412=CARTESIAN_POINT('',(1.75,0.15,-2.65));
#18413=CARTESIAN_POINT('',(1.75,0.15,0.8));
#18414=CARTESIAN_POINT('',(2.25,0.15,0.8));
#18415=CARTESIAN_POINT('',(1.75,0.15,0.8));
#18416=CARTESIAN_POINT('',(2.25,0.15,-2.65));
#18417=CARTESIAN_POINT('',(2.25,0.15,0.8));
#18418=CARTESIAN_POINT('',(2.1,0.15,-2.8));
#18419=CARTESIAN_POINT('',(2.95,0.15,-1.95));
#18420=CARTESIAN_POINT('',(1.9,0.15,-2.8));
#18421=CARTESIAN_POINT('',(1.75,0.15,-2.8));
#18422=CARTESIAN_POINT('',(0.925,0.15,-1.825));
#18423=CARTESIAN_POINT('Origin',(1.75,-0.15,0.8));
#18424=CARTESIAN_POINT('',(1.75,-0.15,0.8));
#18425=CARTESIAN_POINT('',(1.75,-0.15,-2.65));
#18426=CARTESIAN_POINT('',(1.75,-0.15,0.8));
#18427=CARTESIAN_POINT('',(1.75,-0.15,0.8));
#18428=CARTESIAN_POINT('',(1.75,-0.15,-2.65));
#18429=CARTESIAN_POINT('Origin',(1.825,-0.15,-2.725));
#18430=CARTESIAN_POINT('',(1.9,-0.15,-2.8));
#18431=CARTESIAN_POINT('',(1.05,-0.15,-1.95));
#18432=CARTESIAN_POINT('',(1.9,-0.15,-2.8));
#18433=CARTESIAN_POINT('Origin',(2.,1.E-17,0.8));
#18434=CARTESIAN_POINT('',(2.25,-0.15,0.8));
#18435=CARTESIAN_POINT('',(2.25,-0.15,0.8));
#18436=CARTESIAN_POINT('',(2.25,0.15,0.8));
#18437=CARTESIAN_POINT('Origin',(2.,1.E-17,-2.8));
#18438=CARTESIAN_POINT('',(2.1,-0.15,-2.8));
#18439=CARTESIAN_POINT('',(2.1,0.15,-2.8));
#18440=CARTESIAN_POINT('',(2.25,-0.15,-2.8));
#18441=CARTESIAN_POINT('Origin',(2.25,0.15,0.8));
#18442=CARTESIAN_POINT('',(2.25,-0.15,-2.65));
#18443=CARTESIAN_POINT('',(2.25,-0.15,0.8));
#18444=CARTESIAN_POINT('',(2.25,0.15,-2.65));
#18445=CARTESIAN_POINT('Origin',(2.175,0.15,-2.725));
#18446=CARTESIAN_POINT('',(3.075,-0.15,-1.825));
#18447=CARTESIAN_POINT('Origin',(2.25,-0.15,0.8));
#18448=CARTESIAN_POINT('Origin',(3.75,0.15,0.8));
#18449=CARTESIAN_POINT('',(3.75,0.15,0.8));
#18450=CARTESIAN_POINT('',(3.75,0.15,-2.65));
#18451=CARTESIAN_POINT('',(3.75,0.15,0.8));
#18452=CARTESIAN_POINT('',(4.25,0.15,0.8));
#18453=CARTESIAN_POINT('',(3.75,0.15,0.8));
#18454=CARTESIAN_POINT('',(4.25,0.15,-2.65));
#18455=CARTESIAN_POINT('',(4.25,0.15,0.8));
#18456=CARTESIAN_POINT('',(4.1,0.15,-2.8));
#18457=CARTESIAN_POINT('',(4.95,0.15,-1.95));
#18458=CARTESIAN_POINT('',(3.9,0.15,-2.8));
#18459=CARTESIAN_POINT('',(3.75,0.15,-2.8));
#18460=CARTESIAN_POINT('',(2.925,0.15,-1.825));
#18461=CARTESIAN_POINT('Origin',(3.75,-0.15,0.8));
#18462=CARTESIAN_POINT('',(3.75,-0.15,0.8));
#18463=CARTESIAN_POINT('',(3.75,-0.15,-2.65));
#18464=CARTESIAN_POINT('',(3.75,-0.15,0.8));
#18465=CARTESIAN_POINT('',(3.75,-0.15,0.8));
#18466=CARTESIAN_POINT('',(3.75,-0.15,-2.65));
#18467=CARTESIAN_POINT('Origin',(3.825,-0.15,-2.725));
#18468=CARTESIAN_POINT('',(3.9,-0.15,-2.8));
#18469=CARTESIAN_POINT('',(3.05,-0.15,-1.95));
#18470=CARTESIAN_POINT('',(3.9,-0.15,-2.8));
#18471=CARTESIAN_POINT('Origin',(4.,1.E-17,0.8));
#18472=CARTESIAN_POINT('',(4.25,-0.15,0.8));
#18473=CARTESIAN_POINT('',(4.25,-0.15,0.8));
#18474=CARTESIAN_POINT('',(4.25,0.15,0.8));
#18475=CARTESIAN_POINT('Origin',(4.,1.E-17,-2.8));
#18476=CARTESIAN_POINT('',(4.1,-0.15,-2.8));
#18477=CARTESIAN_POINT('',(4.1,0.15,-2.8));
#18478=CARTESIAN_POINT('',(4.25,-0.15,-2.8));
#18479=CARTESIAN_POINT('Origin',(4.25,0.15,0.8));
#18480=CARTESIAN_POINT('',(4.25,-0.15,-2.65));
#18481=CARTESIAN_POINT('',(4.25,-0.15,0.8));
#18482=CARTESIAN_POINT('',(4.25,0.15,-2.65));
#18483=CARTESIAN_POINT('Origin',(4.175,0.15,-2.725));
#18484=CARTESIAN_POINT('',(5.075,-0.15,-1.825));
#18485=CARTESIAN_POINT('Origin',(4.25,-0.15,0.8));
#18486=CARTESIAN_POINT('Origin',(-0.25,0.15,0.8));
#18487=CARTESIAN_POINT('',(-0.25,0.15,0.8));
#18488=CARTESIAN_POINT('',(-0.25,0.15,-2.65));
#18489=CARTESIAN_POINT('',(-0.25,0.15,0.8));
#18490=CARTESIAN_POINT('',(0.25,0.15,0.8));
#18491=CARTESIAN_POINT('',(-0.25,0.15,0.8));
#18492=CARTESIAN_POINT('',(0.25,0.15,-2.65));
#18493=CARTESIAN_POINT('',(0.25,0.15,0.8));
#18494=CARTESIAN_POINT('',(0.1,0.15,-2.8));
#18495=CARTESIAN_POINT('',(0.95,0.15,-1.95));
#18496=CARTESIAN_POINT('',(-0.1,0.15,-2.8));
#18497=CARTESIAN_POINT('',(-0.25,0.15,-2.8));
#18498=CARTESIAN_POINT('',(-1.075,0.15,-1.825));
#18499=CARTESIAN_POINT('Origin',(-0.25,-0.15,0.8));
#18500=CARTESIAN_POINT('',(-0.25,-0.15,0.8));
#18501=CARTESIAN_POINT('',(-0.25,-0.15,-2.65));
#18502=CARTESIAN_POINT('',(-0.25,-0.15,0.8));
#18503=CARTESIAN_POINT('',(-0.25,-0.15,0.8));
#18504=CARTESIAN_POINT('',(-0.25,-0.15,-2.65));
#18505=CARTESIAN_POINT('Origin',(-0.175,-0.15,-2.725));
#18506=CARTESIAN_POINT('',(-0.1,-0.15,-2.8));
#18507=CARTESIAN_POINT('',(-0.95,-0.15,-1.95));
#18508=CARTESIAN_POINT('',(-0.1,-0.15,-2.8));
#18509=CARTESIAN_POINT('Origin',(1.E-17,1.E-17,0.8));
#18510=CARTESIAN_POINT('',(0.25,-0.15,0.8));
#18511=CARTESIAN_POINT('',(0.25,-0.15,0.8));
#18512=CARTESIAN_POINT('',(0.25,0.15,0.8));
#18513=CARTESIAN_POINT('Origin',(1.E-17,1.E-17,-2.8));
#18514=CARTESIAN_POINT('',(0.1,-0.15,-2.8));
#18515=CARTESIAN_POINT('',(0.1,0.15,-2.8));
#18516=CARTESIAN_POINT('',(0.25,-0.15,-2.8));
#18517=CARTESIAN_POINT('Origin',(0.25,0.15,0.8));
#18518=CARTESIAN_POINT('',(0.25,-0.15,-2.65));
#18519=CARTESIAN_POINT('',(0.25,-0.15,0.8));
#18520=CARTESIAN_POINT('',(0.25,0.15,-2.65));
#18521=CARTESIAN_POINT('Origin',(0.175,0.15,-2.725));
#18522=CARTESIAN_POINT('',(1.075,-0.15,-1.825));
#18523=CARTESIAN_POINT('Origin',(0.25,-0.15,0.8));
#18524=CARTESIAN_POINT('Origin',(0.,1.000000000003,1.4));
#18525=CARTESIAN_POINT('',(0.,1.000000000003,1.4));
#18526=CARTESIAN_POINT('',(0.,1.000000000003,4.2));
#18527=CARTESIAN_POINT('',(0.,1.000000000003,1.4));
#18528=CARTESIAN_POINT('',(2.,1.000000000003,4.2));
#18529=CARTESIAN_POINT('',(0.,1.000000000003,4.2));
#18530=CARTESIAN_POINT('',(2.,1.000000000003,1.4));
#18531=CARTESIAN_POINT('',(2.,1.000000000003,1.4));
#18532=CARTESIAN_POINT('',(0.,1.000000000003,1.4));
#18533=CARTESIAN_POINT('Origin',(0.,1.000000000003,1.4));
#18534=CARTESIAN_POINT('',(-1.8,1.000000000003,1.4));
#18535=CARTESIAN_POINT('',(0.,1.000000000003,1.4));
#18536=CARTESIAN_POINT('',(-1.8,1.000000000003,4.2));
#18537=CARTESIAN_POINT('',(-1.8,1.000000000003,1.4));
#18538=CARTESIAN_POINT('',(0.,1.000000000003,4.2));
#18539=CARTESIAN_POINT('Origin',(2.,1.000000000003,1.4));
#18540=CARTESIAN_POINT('',(3.8,1.000000000003,1.4));
#18541=CARTESIAN_POINT('',(2.,1.000000000003,1.4));
#18542=CARTESIAN_POINT('',(3.8,1.000000000003,4.2));
#18543=CARTESIAN_POINT('',(2.,1.000000000003,4.2));
#18544=CARTESIAN_POINT('',(3.8,1.000000000003,1.4));
#18545=CARTESIAN_POINT('Origin',(1.,0.,1.4));
#18546=CARTESIAN_POINT('',(2.,-1.000000000003,1.4));
#18547=CARTESIAN_POINT('',(2.,1.000000000003,1.4));
#18548=CARTESIAN_POINT('',(0.,-1.000000000003,1.4));
#18549=CARTESIAN_POINT('',(2.,-1.000000000003,1.4));
#18550=CARTESIAN_POINT('',(0.,-1.000000000003,1.4));
#18551=CARTESIAN_POINT('Origin',(0.,1.000000000003,4.2));
#18552=CARTESIAN_POINT('',(0.,1.000000000003,8.7));
#18553=CARTESIAN_POINT('',(0.,1.000000000003,4.2));
#18554=CARTESIAN_POINT('',(0.6,1.000000000003,8.7));
#18555=CARTESIAN_POINT('',(0.,1.000000000003,8.7));
#18556=CARTESIAN_POINT('',(1.,1.000000000003,8.3));
#18557=CARTESIAN_POINT('',(1.575,1.000000000003,7.725));
#18558=CARTESIAN_POINT('',(1.4,1.000000000003,8.7));
#18559=CARTESIAN_POINT('',(-0.275,1.000000000003,7.025));
#18560=CARTESIAN_POINT('',(2.,1.000000000003,8.7));
#18561=CARTESIAN_POINT('',(0.,1.000000000003,8.7));
#18562=CARTESIAN_POINT('',(2.,1.000000000003,4.2));
#18563=CARTESIAN_POINT('Origin',(0.,-1.000000000003,1.4));
#18564=CARTESIAN_POINT('',(-1.8,-1.000000000003,1.4));
#18565=CARTESIAN_POINT('',(0.,-1.000000000003,1.4));
#18566=CARTESIAN_POINT('',(-1.8,-1.000000000003,1.4));
#18567=CARTESIAN_POINT('Origin',(0.,-1.000000000003,4.2));
#18568=CARTESIAN_POINT('',(0.,-1.000000000003,4.2));
#18569=CARTESIAN_POINT('',(-1.8,-1.000000000003,4.2));
#18570=CARTESIAN_POINT('',(0.,-1.000000000003,4.2));
#18571=CARTESIAN_POINT('',(0.,-1.000000000003,4.2));
#18572=CARTESIAN_POINT('',(-1.8,-1.000000000003,4.2));
#18573=CARTESIAN_POINT('Origin',(-1.8,-1.000000000003,1.4));
#18574=CARTESIAN_POINT('',(-1.8,-1.000000000003,1.4));
#18575=CARTESIAN_POINT('Origin',(2.,1.000000000003,1.4));
#18576=CARTESIAN_POINT('',(3.8,-1.000000000003,1.4));
#18577=CARTESIAN_POINT('',(3.8,1.000000000003,1.4));
#18578=CARTESIAN_POINT('',(2.,-1.000000000003,1.4));
#18579=CARTESIAN_POINT('Origin',(2.,1.000000000003,4.2));
#18580=CARTESIAN_POINT('',(2.,-1.000000000003,4.2));
#18581=CARTESIAN_POINT('',(2.,1.000000000003,4.2));
#18582=CARTESIAN_POINT('',(3.8,-1.000000000003,4.2));
#18583=CARTESIAN_POINT('',(2.,-1.000000000003,4.2));
#18584=CARTESIAN_POINT('',(3.8,1.000000000003,4.2));
#18585=CARTESIAN_POINT('Origin',(3.8,1.000000000003,1.4));
#18586=CARTESIAN_POINT('',(3.8,-1.000000000003,1.4));
#18587=CARTESIAN_POINT('Origin',(2.,-1.000000000003,1.4));
#18588=CARTESIAN_POINT('',(2.,-1.000000000003,1.4));
#18589=CARTESIAN_POINT('',(2.,-1.000000000003,4.2));
#18590=CARTESIAN_POINT('',(0.,-1.000000000003,1.4));
#18591=CARTESIAN_POINT('Origin',(2.,1.000000000003,4.2));
#18592=CARTESIAN_POINT('',(2.,-1.000000000003,8.7));
#18593=CARTESIAN_POINT('',(2.,1.000000000003,8.7));
#18594=CARTESIAN_POINT('',(2.,-1.000000000003,4.2));
#18595=CARTESIAN_POINT('Origin',(1.,0.,8.7));
#18596=CARTESIAN_POINT('',(1.4,-1.000000000002,8.7));
#18597=CARTESIAN_POINT('',(1.4,-1.000000000002,8.7));
#18598=CARTESIAN_POINT('',(2.,-1.000000000003,8.7));
#18599=CARTESIAN_POINT('Origin',(1.,-1.000000000002,8.3));
#18600=CARTESIAN_POINT('',(1.,-1.000000000002,8.3));
#18601=CARTESIAN_POINT('',(1.,-1.000000000002,8.3));
#18602=CARTESIAN_POINT('',(1.,-1.000000000002,8.3));
#18603=CARTESIAN_POINT('Origin',(0.6,-1.000000000002,8.7));
#18604=CARTESIAN_POINT('',(0.6,-1.000000000002,8.7));
#18605=CARTESIAN_POINT('',(0.6,-1.000000000002,8.7));
#18606=CARTESIAN_POINT('',(0.6,-1.000000000002,8.7));
#18607=CARTESIAN_POINT('Origin',(1.,0.,8.7));
#18608=CARTESIAN_POINT('',(0.,-1.000000000003,8.7));
#18609=CARTESIAN_POINT('',(0.,-1.000000000003,8.7));
#18610=CARTESIAN_POINT('',(2.,-1.000000000003,8.7));
#18611=CARTESIAN_POINT('Origin',(0.,-1.000000000003,4.2));
#18612=CARTESIAN_POINT('',(0.,-1.000000000003,4.2));
#18613=CARTESIAN_POINT('Origin',(0.,-1.000000000003,1.4));
#18614=CARTESIAN_POINT('Origin',(2.,-1.000000000003,1.4));
#18615=CARTESIAN_POINT('Origin',(2.,-1.000000000003,4.2));
#18616=CARTESIAN_POINT('',(0.,0.,0.));
#18617=CARTESIAN_POINT('Origin',(1.65,-4.25,4.1));
#18618=CARTESIAN_POINT('',(0.65,-4.25,4.1));
#18619=CARTESIAN_POINT('Origin',(1.15,-4.25,4.1));
#18620=CARTESIAN_POINT('Origin',(1.15,-4.25,3.5));
#18621=CARTESIAN_POINT('',(0.65,-4.25,3.6));
#18622=CARTESIAN_POINT('Origin',(1.15,-4.25,3.6));
#18623=CARTESIAN_POINT('',(0.65,-4.25,3.5));
#18624=CARTESIAN_POINT('Origin',(0.15,-5.25,3.6));
#18625=CARTESIAN_POINT('',(0.45,-5.25,3.6));
#18626=CARTESIAN_POINT('',(5.85,-5.25,3.6));
#18627=CARTESIAN_POINT('',(0.15,-5.25,3.6));
#18628=CARTESIAN_POINT('',(6.15,-4.95,3.6));
#18629=CARTESIAN_POINT('Origin',(5.85,-4.95,3.6));
#18630=CARTESIAN_POINT('',(6.15,0.45,3.6));
#18631=CARTESIAN_POINT('',(6.15,-5.25,3.6));
#18632=CARTESIAN_POINT('',(5.85,0.75,3.6));
#18633=CARTESIAN_POINT('Origin',(5.85,0.45,3.6));
#18634=CARTESIAN_POINT('',(0.45,0.75,3.6));
#18635=CARTESIAN_POINT('',(6.15,0.75,3.6));
#18636=CARTESIAN_POINT('',(0.15,0.45,3.6));
#18637=CARTESIAN_POINT('Origin',(0.45,0.45,3.6));
#18638=CARTESIAN_POINT('',(0.15,-4.95,3.6));
#18639=CARTESIAN_POINT('',(0.15,0.75,3.6));
#18640=CARTESIAN_POINT('Origin',(0.45,-4.95,3.6));
#18641=CARTESIAN_POINT('',(4.65,-4.25,3.6));
#18642=CARTESIAN_POINT('Origin',(5.15,-4.25,3.6));
#18643=CARTESIAN_POINT('',(1.4,-2.25,3.6));
#18644=CARTESIAN_POINT('Origin',(3.15,-2.25,3.6));
#18645=CARTESIAN_POINT('',(0.65,-0.25,3.6));
#18646=CARTESIAN_POINT('Origin',(1.15,-0.25,3.6));
#18647=CARTESIAN_POINT('',(4.65,-0.25,3.6));
#18648=CARTESIAN_POINT('Origin',(5.15,-0.25,3.6));
#18649=CARTESIAN_POINT('Origin',(0.15,-5.25,3.5));
#18650=CARTESIAN_POINT('',(0.45,-5.25,3.5));
#18651=CARTESIAN_POINT('',(5.85,-5.25,3.5));
#18652=CARTESIAN_POINT('',(0.15,-5.25,3.5));
#18653=CARTESIAN_POINT('',(5.85,-5.25,3.5));
#18654=CARTESIAN_POINT('',(0.45,-5.25,3.5));
#18655=CARTESIAN_POINT('Origin',(0.45,-4.95,3.5));
#18656=CARTESIAN_POINT('',(0.15,-4.95,3.5));
#18657=CARTESIAN_POINT('',(0.15,-4.95,3.5));
#18658=CARTESIAN_POINT('Origin',(0.45,-4.95,3.5));
#18659=CARTESIAN_POINT('Origin',(5.85,-4.95,3.5));
#18660=CARTESIAN_POINT('',(6.15,-4.95,3.5));
#18661=CARTESIAN_POINT('Origin',(5.85,-4.95,3.5));
#18662=CARTESIAN_POINT('',(6.15,-4.95,3.5));
#18663=CARTESIAN_POINT('Origin',(0.15,0.75,3.5));
#18664=CARTESIAN_POINT('',(0.15,0.45,3.5));
#18665=CARTESIAN_POINT('',(0.15,0.75,3.5));
#18666=CARTESIAN_POINT('',(0.15,0.45,3.5));
#18667=CARTESIAN_POINT('Origin',(6.15,-5.25,3.5));
#18668=CARTESIAN_POINT('',(6.15,0.45,3.5));
#18669=CARTESIAN_POINT('',(6.15,-5.25,3.5));
#18670=CARTESIAN_POINT('',(6.15,0.45,3.5));
#18671=CARTESIAN_POINT('Origin',(0.45,0.45,3.5));
#18672=CARTESIAN_POINT('',(0.45,0.75,3.5));
#18673=CARTESIAN_POINT('Origin',(0.45,0.45,3.5));
#18674=CARTESIAN_POINT('',(0.45,0.75,3.5));
#18675=CARTESIAN_POINT('Origin',(5.85,0.45,3.5));
#18676=CARTESIAN_POINT('',(5.85,0.75,3.5));
#18677=CARTESIAN_POINT('Origin',(5.85,0.45,3.5));
#18678=CARTESIAN_POINT('',(5.85,0.75,3.5));
#18679=CARTESIAN_POINT('Origin',(6.15,0.75,3.5));
#18680=CARTESIAN_POINT('',(6.15,0.75,3.5));
#18681=CARTESIAN_POINT('Origin',(5.15,-4.25,3.5));
#18682=CARTESIAN_POINT('',(4.65,-4.25,4.1));
#18683=CARTESIAN_POINT('',(4.65,-4.25,3.5));
#18684=CARTESIAN_POINT('Origin',(5.15,-4.25,4.1));
#18685=CARTESIAN_POINT('Origin',(3.15,-2.25,3.5));
#18686=CARTESIAN_POINT('',(1.4,-2.25,4.2));
#18687=CARTESIAN_POINT('',(1.4,-2.25,3.5));
#18688=CARTESIAN_POINT('Origin',(3.15,-2.25,4.2));
#18689=CARTESIAN_POINT('Origin',(1.15,-0.25,3.5));
#18690=CARTESIAN_POINT('',(0.65,-0.25,4.1));
#18691=CARTESIAN_POINT('',(0.65,-0.25,3.5));
#18692=CARTESIAN_POINT('Origin',(1.15,-0.25,4.1));
#18693=CARTESIAN_POINT('Origin',(5.15,-0.25,3.5));
#18694=CARTESIAN_POINT('',(4.65,-0.25,4.1));
#18695=CARTESIAN_POINT('',(4.65,-0.25,3.5));
#18696=CARTESIAN_POINT('Origin',(5.15,-0.25,4.1));
#18697=CARTESIAN_POINT('Origin',(0.15,-5.25,0.));
#18698=CARTESIAN_POINT('',(0.45,-5.25,0.));
#18699=CARTESIAN_POINT('',(5.85,-5.25,0.));
#18700=CARTESIAN_POINT('',(0.15,-5.25,0.));
#18701=CARTESIAN_POINT('',(5.85,-5.25,0.));
#18702=CARTESIAN_POINT('',(0.45,-5.25,0.));
#18703=CARTESIAN_POINT('Origin',(0.45,-4.95,0.));
#18704=CARTESIAN_POINT('',(0.15,-4.95,0.));
#18705=CARTESIAN_POINT('',(0.15,-4.95,0.));
#18706=CARTESIAN_POINT('Origin',(0.45,-4.95,0.));
#18707=CARTESIAN_POINT('Origin',(5.85,-4.95,0.));
#18708=CARTESIAN_POINT('',(6.15,-4.95,0.));
#18709=CARTESIAN_POINT('Origin',(5.85,-4.95,0.));
#18710=CARTESIAN_POINT('',(6.15,-4.95,0.));
#18711=CARTESIAN_POINT('Origin',(0.15,0.75,0.));
#18712=CARTESIAN_POINT('',(0.15,0.45,0.));
#18713=CARTESIAN_POINT('',(0.15,0.35,0.));
#18714=CARTESIAN_POINT('',(0.15,0.75,0.));
#18715=CARTESIAN_POINT('',(0.15,0.35,1.5));
#18716=CARTESIAN_POINT('',(0.15,0.35,1.5));
#18717=CARTESIAN_POINT('',(0.15,-0.35,1.5));
#18718=CARTESIAN_POINT('',(0.15,-0.35,1.5));
#18719=CARTESIAN_POINT('',(0.15,-0.35,0.));
#18720=CARTESIAN_POINT('',(0.15,-0.35,1.5));
#18721=CARTESIAN_POINT('',(0.15,-4.15,0.));
#18722=CARTESIAN_POINT('',(0.15,0.75,0.));
#18723=CARTESIAN_POINT('',(0.15,-4.15,1.5));
#18724=CARTESIAN_POINT('',(0.15,-4.15,1.5));
#18725=CARTESIAN_POINT('',(0.15,-4.85,1.5));
#18726=CARTESIAN_POINT('',(0.15,-4.85,1.5));
#18727=CARTESIAN_POINT('',(0.15,-4.85,0.));
#18728=CARTESIAN_POINT('',(0.15,-4.85,1.5));
#18729=CARTESIAN_POINT('',(0.15,0.75,0.));
#18730=CARTESIAN_POINT('',(0.15,0.45,0.));
#18731=CARTESIAN_POINT('Origin',(6.15,-5.25,0.));
#18732=CARTESIAN_POINT('',(6.15,-4.85,0.));
#18733=CARTESIAN_POINT('',(6.15,-5.25,0.));
#18734=CARTESIAN_POINT('',(6.15,-4.85,1.5));
#18735=CARTESIAN_POINT('',(6.15,-4.85,1.5));
#18736=CARTESIAN_POINT('',(6.15,-4.15,1.5));
#18737=CARTESIAN_POINT('',(6.15,-4.85,1.5));
#18738=CARTESIAN_POINT('',(6.15,-4.15,0.));
#18739=CARTESIAN_POINT('',(6.15,-4.15,1.5));
#18740=CARTESIAN_POINT('',(6.15,-0.35,0.));
#18741=CARTESIAN_POINT('',(6.15,-5.25,0.));
#18742=CARTESIAN_POINT('',(6.15,-0.35,1.5));
#18743=CARTESIAN_POINT('',(6.15,-0.35,1.5));
#18744=CARTESIAN_POINT('',(6.15,0.35,1.5));
#18745=CARTESIAN_POINT('',(6.15,-0.35,1.5));
#18746=CARTESIAN_POINT('',(6.15,0.35,0.));
#18747=CARTESIAN_POINT('',(6.15,0.35,1.5));
#18748=CARTESIAN_POINT('',(6.15,0.45,0.));
#18749=CARTESIAN_POINT('',(6.15,-5.25,0.));
#18750=CARTESIAN_POINT('',(6.15,0.45,0.));
#18751=CARTESIAN_POINT('Origin',(0.45,0.45,0.));
#18752=CARTESIAN_POINT('',(0.45,0.75,0.));
#18753=CARTESIAN_POINT('Origin',(0.45,0.45,0.));
#18754=CARTESIAN_POINT('',(0.45,0.75,0.));
#18755=CARTESIAN_POINT('Origin',(5.85,0.45,0.));
#18756=CARTESIAN_POINT('',(5.85,0.75,0.));
#18757=CARTESIAN_POINT('Origin',(5.85,0.45,0.));
#18758=CARTESIAN_POINT('',(5.85,0.75,0.));
#18759=CARTESIAN_POINT('Origin',(6.15,0.75,0.));
#18760=CARTESIAN_POINT('',(6.15,0.75,0.));
#18761=CARTESIAN_POINT('Origin',(5.65,-4.25,4.1));
#18762=CARTESIAN_POINT('Origin',(3.15,-2.25,4.2));
#18763=CARTESIAN_POINT('',(1.5,-2.25,4.3));
#18764=CARTESIAN_POINT('Origin',(1.5,-2.25,4.2));
#18765=CARTESIAN_POINT('Origin',(3.15,-2.25,4.3));
#18766=CARTESIAN_POINT('Origin',(1.65,-0.25,4.1));
#18767=CARTESIAN_POINT('Origin',(5.65,-0.25,4.1));
#18768=CARTESIAN_POINT('Origin',(0.15,-5.25,0.));
#18769=CARTESIAN_POINT('',(0.15,0.75,0.));
#18770=CARTESIAN_POINT('',(0.15,0.75,0.));
#18771=CARTESIAN_POINT('',(6.15,-5.25,0.));
#18772=CARTESIAN_POINT('',(6.15,-5.25,0.));
#18773=CARTESIAN_POINT('Origin',(-0.15,0.35,-0.5));
#18774=CARTESIAN_POINT('',(-0.162230377286,0.35,-0.540767924286));
#18775=CARTESIAN_POINT('',(-0.425000733956,0.35,-1.416669113186));
#18776=CARTESIAN_POINT('',(-0.15,0.35,-0.5));
#18777=CARTESIAN_POINT('',(-0.15,0.35,-0.457437037472));
#18778=CARTESIAN_POINT('Origin',(-0.44,0.35,-0.457437037472));
#18779=CARTESIAN_POINT('',(-0.15,0.35,1.21));
#18780=CARTESIAN_POINT('',(-0.15,0.35,-0.5));
#18781=CARTESIAN_POINT('',(0.14,0.35,1.5));
#18782=CARTESIAN_POINT('Origin',(0.14,0.35,1.21));
#18783=CARTESIAN_POINT('',(-0.15,0.35,1.5));
#18784=CARTESIAN_POINT('',(0.15,0.35,-0.457437037472));
#18785=CARTESIAN_POINT('',(0.15,0.35,1.5));
#18786=CARTESIAN_POINT('',(0.137769622714,0.35,-0.540767924286));
#18787=CARTESIAN_POINT('Origin',(-0.14,0.35,-0.457437037472));
#18788=CARTESIAN_POINT('',(-0.125000733956,0.35,-1.416669113186));
#18789=CARTESIAN_POINT('',(-0.15,0.35,-1.5));
#18790=CARTESIAN_POINT('',(-0.125000733956,0.35,-1.583330886814));
#18791=CARTESIAN_POINT('Origin',(0.152768888758,0.35,-1.5));
#18792=CARTESIAN_POINT('',(0.137769622714,0.35,-2.459232075714));
#18793=CARTESIAN_POINT('',(0.15,0.35,-2.5));
#18794=CARTESIAN_POINT('',(0.15,0.35,-2.542562962528));
#18795=CARTESIAN_POINT('Origin',(-0.14,0.35,-2.542562962528));
#18796=CARTESIAN_POINT('',(0.15,0.35,-3.5));
#18797=CARTESIAN_POINT('',(0.15,0.35,-2.5));
#18798=CARTESIAN_POINT('',(-0.15,0.35,-3.5));
#18799=CARTESIAN_POINT('',(0.15,0.35,-3.5));
#18800=CARTESIAN_POINT('',(-0.15,0.35,-2.542562962528));
#18801=CARTESIAN_POINT('',(-0.15,0.35,-3.5));
#18802=CARTESIAN_POINT('',(-0.162230377286,0.35,-2.459232075714));
#18803=CARTESIAN_POINT('Origin',(-0.44,0.35,-2.542562962528));
#18804=CARTESIAN_POINT('',(-0.425000733956,0.35,-1.583330886814));
#18805=CARTESIAN_POINT('',(-0.45,0.35,-1.5));
#18806=CARTESIAN_POINT('Origin',(-0.147231111242,0.35,-1.5));
#18807=CARTESIAN_POINT('Origin',(-0.15,-0.35,1.5));
#18808=CARTESIAN_POINT('',(0.14,-0.35,1.5));
#18809=CARTESIAN_POINT('',(-0.15,-0.35,1.5));
#18810=CARTESIAN_POINT('',(0.14,-0.35,1.5));
#18811=CARTESIAN_POINT('Origin',(-0.15,-0.35,-0.5));
#18812=CARTESIAN_POINT('',(-0.162230377286,-0.35,-0.540767924286));
#18813=CARTESIAN_POINT('',(-0.425000733956,-0.35,-1.416669113186));
#18814=CARTESIAN_POINT('',(-0.15,-0.35,-0.5));
#18815=CARTESIAN_POINT('',(-0.425000733956,-0.35,-1.583330886814));
#18816=CARTESIAN_POINT('Origin',(-0.147231111242,-0.35,-1.5));
#18817=CARTESIAN_POINT('',(-0.162230377286,-0.35,-2.459232075714));
#18818=CARTESIAN_POINT('',(-0.45,-0.35,-1.5));
#18819=CARTESIAN_POINT('',(-0.15,-0.35,-2.542562962528));
#18820=CARTESIAN_POINT('Origin',(-0.44,-0.35,-2.542562962528));
#18821=CARTESIAN_POINT('',(-0.15,-0.35,-3.5));
#18822=CARTESIAN_POINT('',(-0.15,-0.35,-3.5));
#18823=CARTESIAN_POINT('',(0.15,-0.35,-3.5));
#18824=CARTESIAN_POINT('',(0.15,-0.35,-3.5));
#18825=CARTESIAN_POINT('',(0.15,-0.35,-2.542562962528));
#18826=CARTESIAN_POINT('',(0.15,-0.35,-2.5));
#18827=CARTESIAN_POINT('',(0.137769622714,-0.35,-2.459232075714));
#18828=CARTESIAN_POINT('Origin',(-0.14,-0.35,-2.542562962528));
#18829=CARTESIAN_POINT('',(-0.125000733956,-0.35,-1.583330886814));
#18830=CARTESIAN_POINT('',(0.15,-0.35,-2.5));
#18831=CARTESIAN_POINT('',(-0.125000733956,-0.35,-1.416669113186));
#18832=CARTESIAN_POINT('Origin',(0.152768888758,-0.35,-1.5));
#18833=CARTESIAN_POINT('',(0.137769622714,-0.35,-0.540767924286));
#18834=CARTESIAN_POINT('',(-0.15,-0.35,-1.5));
#18835=CARTESIAN_POINT('',(0.15,-0.35,-0.457437037472));
#18836=CARTESIAN_POINT('Origin',(-0.14,-0.35,-0.457437037472));
#18837=CARTESIAN_POINT('',(0.15,-0.35,1.5));
#18838=CARTESIAN_POINT('',(-0.15,-0.35,1.21));
#18839=CARTESIAN_POINT('Origin',(0.14,-0.35,1.21));
#18840=CARTESIAN_POINT('',(-0.15,-0.35,-0.457437037472));
#18841=CARTESIAN_POINT('',(-0.15,-0.35,-0.5));
#18842=CARTESIAN_POINT('Origin',(-0.44,-0.35,-0.457437037472));
#18843=CARTESIAN_POINT('Origin',(-0.15,-4.85,-0.5));
#18844=CARTESIAN_POINT('',(-0.162230377286,-4.85,-0.540767924286));
#18845=CARTESIAN_POINT('',(-0.425000733956,-4.85,-1.416669113186));
#18846=CARTESIAN_POINT('',(-0.15,-4.85,-0.5));
#18847=CARTESIAN_POINT('',(-0.425000733956,-4.85,-1.583330886814));
#18848=CARTESIAN_POINT('Origin',(-0.147231111242,-4.85,-1.5));
#18849=CARTESIAN_POINT('',(-0.162230377286,-4.85,-2.459232075714));
#18850=CARTESIAN_POINT('',(-0.45,-4.85,-1.5));
#18851=CARTESIAN_POINT('',(-0.15,-4.85,-2.542562962528));
#18852=CARTESIAN_POINT('Origin',(-0.44,-4.85,-2.542562962528));
#18853=CARTESIAN_POINT('',(-0.15,-4.85,-3.5));
#18854=CARTESIAN_POINT('',(-0.15,-4.85,-3.5));
#18855=CARTESIAN_POINT('',(0.15,-4.85,-3.5));
#18856=CARTESIAN_POINT('',(0.15,-4.85,-3.5));
#18857=CARTESIAN_POINT('',(0.15,-4.85,-2.542562962528));
#18858=CARTESIAN_POINT('',(0.15,-4.85,-2.5));
#18859=CARTESIAN_POINT('',(0.137769622714,-4.85,-2.459232075714));
#18860=CARTESIAN_POINT('Origin',(-0.14,-4.85,-2.542562962528));
#18861=CARTESIAN_POINT('',(-0.125000733956,-4.85,-1.583330886814));
#18862=CARTESIAN_POINT('',(0.15,-4.85,-2.5));
#18863=CARTESIAN_POINT('',(-0.125000733956,-4.85,-1.416669113186));
#18864=CARTESIAN_POINT('Origin',(0.152768888758,-4.85,-1.5));
#18865=CARTESIAN_POINT('',(0.137769622714,-4.85,-0.540767924286));
#18866=CARTESIAN_POINT('',(-0.15,-4.85,-1.5));
#18867=CARTESIAN_POINT('',(0.15,-4.85,-0.457437037472));
#18868=CARTESIAN_POINT('Origin',(-0.14,-4.85,-0.457437037472));
#18869=CARTESIAN_POINT('',(0.15,-4.85,1.5));
#18870=CARTESIAN_POINT('',(0.14,-4.85,1.5));
#18871=CARTESIAN_POINT('',(-0.15,-4.85,1.5));
#18872=CARTESIAN_POINT('',(-0.15,-4.85,1.21));
#18873=CARTESIAN_POINT('Origin',(0.14,-4.85,1.21));
#18874=CARTESIAN_POINT('',(-0.15,-4.85,-0.457437037472));
#18875=CARTESIAN_POINT('',(-0.15,-4.85,-0.5));
#18876=CARTESIAN_POINT('Origin',(-0.44,-4.85,-0.457437037472));
#18877=CARTESIAN_POINT('Origin',(-0.15,-4.15,-0.5));
#18878=CARTESIAN_POINT('',(-0.162230377286,-4.15,-0.540767924286));
#18879=CARTESIAN_POINT('',(-0.425000733956,-4.15,-1.416669113186));
#18880=CARTESIAN_POINT('',(-0.15,-4.15,-0.5));
#18881=CARTESIAN_POINT('',(-0.15,-4.15,-0.457437037472));
#18882=CARTESIAN_POINT('Origin',(-0.44,-4.15,-0.457437037472));
#18883=CARTESIAN_POINT('',(-0.15,-4.15,1.21));
#18884=CARTESIAN_POINT('',(-0.15,-4.15,-0.5));
#18885=CARTESIAN_POINT('',(0.14,-4.15,1.5));
#18886=CARTESIAN_POINT('Origin',(0.14,-4.15,1.21));
#18887=CARTESIAN_POINT('',(-0.15,-4.15,1.5));
#18888=CARTESIAN_POINT('',(0.15,-4.15,-0.457437037472));
#18889=CARTESIAN_POINT('',(0.15,-4.15,1.5));
#18890=CARTESIAN_POINT('',(0.137769622714,-4.15,-0.540767924286));
#18891=CARTESIAN_POINT('Origin',(-0.14,-4.15,-0.457437037472));
#18892=CARTESIAN_POINT('',(-0.125000733956,-4.15,-1.416669113186));
#18893=CARTESIAN_POINT('',(-0.15,-4.15,-1.5));
#18894=CARTESIAN_POINT('',(-0.125000733956,-4.15,-1.583330886814));
#18895=CARTESIAN_POINT('Origin',(0.152768888758,-4.15,-1.5));
#18896=CARTESIAN_POINT('',(0.137769622714,-4.15,-2.459232075714));
#18897=CARTESIAN_POINT('',(0.15,-4.15,-2.5));
#18898=CARTESIAN_POINT('',(0.15,-4.15,-2.542562962528));
#18899=CARTESIAN_POINT('Origin',(-0.14,-4.15,-2.542562962528));
#18900=CARTESIAN_POINT('',(0.15,-4.15,-3.5));
#18901=CARTESIAN_POINT('',(0.15,-4.15,-2.5));
#18902=CARTESIAN_POINT('',(-0.15,-4.15,-3.5));
#18903=CARTESIAN_POINT('',(0.15,-4.15,-3.5));
#18904=CARTESIAN_POINT('',(-0.15,-4.15,-2.542562962528));
#18905=CARTESIAN_POINT('',(-0.15,-4.15,-3.5));
#18906=CARTESIAN_POINT('',(-0.162230377286,-4.15,-2.459232075714));
#18907=CARTESIAN_POINT('Origin',(-0.44,-4.15,-2.542562962528));
#18908=CARTESIAN_POINT('',(-0.425000733956,-4.15,-1.583330886814));
#18909=CARTESIAN_POINT('',(-0.45,-4.15,-1.5));
#18910=CARTESIAN_POINT('Origin',(-0.147231111242,-4.15,-1.5));
#18911=CARTESIAN_POINT('Origin',(-0.15,-4.85,1.5));
#18912=CARTESIAN_POINT('',(0.14,-4.85,1.5));
#18913=CARTESIAN_POINT('Origin',(6.45,-4.85,-0.5));
#18914=CARTESIAN_POINT('',(6.462230377286,-4.85,-0.540767924286));
#18915=CARTESIAN_POINT('',(6.725000733956,-4.85,-1.416669113186));
#18916=CARTESIAN_POINT('',(6.45,-4.85,-0.5));
#18917=CARTESIAN_POINT('',(6.45,-4.85,-0.457437037472));
#18918=CARTESIAN_POINT('Origin',(6.74,-4.85,-0.457437037472));
#18919=CARTESIAN_POINT('',(6.45,-4.85,1.21));
#18920=CARTESIAN_POINT('',(6.45,-4.85,-0.5));
#18921=CARTESIAN_POINT('',(6.16,-4.85,1.5));
#18922=CARTESIAN_POINT('Origin',(6.16,-4.85,1.21));
#18923=CARTESIAN_POINT('',(6.45,-4.85,1.5));
#18924=CARTESIAN_POINT('',(6.15,-4.85,-0.457437037472));
#18925=CARTESIAN_POINT('',(6.15,-4.85,1.5));
#18926=CARTESIAN_POINT('',(6.162230377286,-4.85,-0.540767924286));
#18927=CARTESIAN_POINT('Origin',(6.44,-4.85,-0.457437037472));
#18928=CARTESIAN_POINT('',(6.425000733956,-4.85,-1.416669113186));
#18929=CARTESIAN_POINT('',(6.45,-4.85,-1.5));
#18930=CARTESIAN_POINT('',(6.425000733956,-4.85,-1.583330886814));
#18931=CARTESIAN_POINT('Origin',(6.147231111242,-4.85,-1.5));
#18932=CARTESIAN_POINT('',(6.162230377286,-4.85,-2.459232075714));
#18933=CARTESIAN_POINT('',(6.15,-4.85,-2.5));
#18934=CARTESIAN_POINT('',(6.15,-4.85,-2.542562962528));
#18935=CARTESIAN_POINT('Origin',(6.44,-4.85,-2.542562962528));
#18936=CARTESIAN_POINT('',(6.15,-4.85,-3.5));
#18937=CARTESIAN_POINT('',(6.15,-4.85,-2.5));
#18938=CARTESIAN_POINT('',(6.45,-4.85,-3.5));
#18939=CARTESIAN_POINT('',(6.15,-4.85,-3.5));
#18940=CARTESIAN_POINT('',(6.45,-4.85,-2.542562962528));
#18941=CARTESIAN_POINT('',(6.45,-4.85,-3.5));
#18942=CARTESIAN_POINT('',(6.462230377286,-4.85,-2.459232075714));
#18943=CARTESIAN_POINT('Origin',(6.74,-4.85,-2.542562962528));
#18944=CARTESIAN_POINT('',(6.725000733956,-4.85,-1.583330886814));
#18945=CARTESIAN_POINT('',(6.75,-4.85,-1.5));
#18946=CARTESIAN_POINT('Origin',(6.447231111242,-4.85,-1.5));
#18947=CARTESIAN_POINT('Origin',(6.45,-4.85,1.5));
#18948=CARTESIAN_POINT('',(6.16,-4.15,1.5));
#18949=CARTESIAN_POINT('',(6.16,-4.85,1.5));
#18950=CARTESIAN_POINT('',(6.45,-4.15,1.5));
#18951=CARTESIAN_POINT('Origin',(6.45,-4.15,-0.5));
#18952=CARTESIAN_POINT('',(6.462230377286,-4.15,-0.540767924286));
#18953=CARTESIAN_POINT('',(6.725000733956,-4.15,-1.416669113186));
#18954=CARTESIAN_POINT('',(6.45,-4.15,-0.5));
#18955=CARTESIAN_POINT('',(6.725000733956,-4.15,-1.583330886814));
#18956=CARTESIAN_POINT('Origin',(6.447231111242,-4.15,-1.5));
#18957=CARTESIAN_POINT('',(6.462230377286,-4.15,-2.459232075714));
#18958=CARTESIAN_POINT('',(6.75,-4.15,-1.5));
#18959=CARTESIAN_POINT('',(6.45,-4.15,-2.542562962528));
#18960=CARTESIAN_POINT('Origin',(6.74,-4.15,-2.542562962528));
#18961=CARTESIAN_POINT('',(6.45,-4.15,-3.5));
#18962=CARTESIAN_POINT('',(6.45,-4.15,-3.5));
#18963=CARTESIAN_POINT('',(6.15,-4.15,-3.5));
#18964=CARTESIAN_POINT('',(6.15,-4.15,-3.5));
#18965=CARTESIAN_POINT('',(6.15,-4.15,-2.542562962528));
#18966=CARTESIAN_POINT('',(6.15,-4.15,-2.5));
#18967=CARTESIAN_POINT('',(6.162230377286,-4.15,-2.459232075714));
#18968=CARTESIAN_POINT('Origin',(6.44,-4.15,-2.542562962528));
#18969=CARTESIAN_POINT('',(6.425000733956,-4.15,-1.583330886814));
#18970=CARTESIAN_POINT('',(6.15,-4.15,-2.5));
#18971=CARTESIAN_POINT('',(6.425000733956,-4.15,-1.416669113186));
#18972=CARTESIAN_POINT('Origin',(6.147231111242,-4.15,-1.5));
#18973=CARTESIAN_POINT('',(6.162230377286,-4.15,-0.540767924286));
#18974=CARTESIAN_POINT('',(6.45,-4.15,-1.5));
#18975=CARTESIAN_POINT('',(6.15,-4.15,-0.457437037472));
#18976=CARTESIAN_POINT('Origin',(6.44,-4.15,-0.457437037472));
#18977=CARTESIAN_POINT('',(6.15,-4.15,1.5));
#18978=CARTESIAN_POINT('',(6.45,-4.15,1.21));
#18979=CARTESIAN_POINT('Origin',(6.16,-4.15,1.21));
#18980=CARTESIAN_POINT('',(6.45,-4.15,-0.457437037472));
#18981=CARTESIAN_POINT('',(6.45,-4.15,-0.5));
#18982=CARTESIAN_POINT('Origin',(6.74,-4.15,-0.457437037472));
#18983=CARTESIAN_POINT('Origin',(6.45,0.35,-0.5));
#18984=CARTESIAN_POINT('',(6.462230377286,0.35,-0.540767924286));
#18985=CARTESIAN_POINT('',(6.725000733956,0.35,-1.416669113186));
#18986=CARTESIAN_POINT('',(6.45,0.35,-0.5));
#18987=CARTESIAN_POINT('',(6.725000733956,0.35,-1.583330886814));
#18988=CARTESIAN_POINT('Origin',(6.447231111242,0.35,-1.5));
#18989=CARTESIAN_POINT('',(6.462230377286,0.35,-2.459232075714));
#18990=CARTESIAN_POINT('',(6.75,0.35,-1.5));
#18991=CARTESIAN_POINT('',(6.45,0.35,-2.542562962528));
#18992=CARTESIAN_POINT('Origin',(6.74,0.35,-2.542562962528));
#18993=CARTESIAN_POINT('',(6.45,0.35,-3.5));
#18994=CARTESIAN_POINT('',(6.45,0.35,-3.5));
#18995=CARTESIAN_POINT('',(6.15,0.35,-3.5));
#18996=CARTESIAN_POINT('',(6.15,0.35,-3.5));
#18997=CARTESIAN_POINT('',(6.15,0.35,-2.542562962528));
#18998=CARTESIAN_POINT('',(6.15,0.35,-2.5));
#18999=CARTESIAN_POINT('',(6.162230377286,0.35,-2.459232075714));
#19000=CARTESIAN_POINT('Origin',(6.44,0.35,-2.542562962528));
#19001=CARTESIAN_POINT('',(6.425000733956,0.35,-1.583330886814));
#19002=CARTESIAN_POINT('',(6.15,0.35,-2.5));
#19003=CARTESIAN_POINT('',(6.425000733956,0.35,-1.416669113186));
#19004=CARTESIAN_POINT('Origin',(6.147231111242,0.35,-1.5));
#19005=CARTESIAN_POINT('',(6.162230377286,0.35,-0.540767924286));
#19006=CARTESIAN_POINT('',(6.45,0.35,-1.5));
#19007=CARTESIAN_POINT('',(6.15,0.35,-0.457437037472));
#19008=CARTESIAN_POINT('Origin',(6.44,0.35,-0.457437037472));
#19009=CARTESIAN_POINT('',(6.15,0.35,1.5));
#19010=CARTESIAN_POINT('',(6.16,0.35,1.5));
#19011=CARTESIAN_POINT('',(6.45,0.35,1.5));
#19012=CARTESIAN_POINT('',(6.45,0.35,1.21));
#19013=CARTESIAN_POINT('Origin',(6.16,0.35,1.21));
#19014=CARTESIAN_POINT('',(6.45,0.35,-0.457437037472));
#19015=CARTESIAN_POINT('',(6.45,0.35,-0.5));
#19016=CARTESIAN_POINT('Origin',(6.74,0.35,-0.457437037472));
#19017=CARTESIAN_POINT('Origin',(6.45,-0.35,-0.5));
#19018=CARTESIAN_POINT('',(6.462230377286,-0.35,-0.540767924286));
#19019=CARTESIAN_POINT('',(6.725000733956,-0.35,-1.416669113186));
#19020=CARTESIAN_POINT('',(6.45,-0.35,-0.5));
#19021=CARTESIAN_POINT('',(6.45,-0.35,-0.457437037472));
#19022=CARTESIAN_POINT('Origin',(6.74,-0.35,-0.457437037472));
#19023=CARTESIAN_POINT('',(6.45,-0.35,1.21));
#19024=CARTESIAN_POINT('',(6.45,-0.35,-0.5));
#19025=CARTESIAN_POINT('',(6.16,-0.35,1.5));
#19026=CARTESIAN_POINT('Origin',(6.16,-0.35,1.21));
#19027=CARTESIAN_POINT('',(6.45,-0.35,1.5));
#19028=CARTESIAN_POINT('',(6.15,-0.35,-0.457437037472));
#19029=CARTESIAN_POINT('',(6.15,-0.35,1.5));
#19030=CARTESIAN_POINT('',(6.162230377286,-0.35,-0.540767924286));
#19031=CARTESIAN_POINT('Origin',(6.44,-0.35,-0.457437037472));
#19032=CARTESIAN_POINT('',(6.425000733956,-0.35,-1.416669113186));
#19033=CARTESIAN_POINT('',(6.45,-0.35,-1.5));
#19034=CARTESIAN_POINT('',(6.425000733956,-0.35,-1.583330886814));
#19035=CARTESIAN_POINT('Origin',(6.147231111242,-0.35,-1.5));
#19036=CARTESIAN_POINT('',(6.162230377286,-0.35,-2.459232075714));
#19037=CARTESIAN_POINT('',(6.15,-0.35,-2.5));
#19038=CARTESIAN_POINT('',(6.15,-0.35,-2.542562962528));
#19039=CARTESIAN_POINT('Origin',(6.44,-0.35,-2.542562962528));
#19040=CARTESIAN_POINT('',(6.15,-0.35,-3.5));
#19041=CARTESIAN_POINT('',(6.15,-0.35,-2.5));
#19042=CARTESIAN_POINT('',(6.45,-0.35,-3.5));
#19043=CARTESIAN_POINT('',(6.15,-0.35,-3.5));
#19044=CARTESIAN_POINT('',(6.45,-0.35,-2.542562962528));
#19045=CARTESIAN_POINT('',(6.45,-0.35,-3.5));
#19046=CARTESIAN_POINT('',(6.462230377286,-0.35,-2.459232075714));
#19047=CARTESIAN_POINT('Origin',(6.74,-0.35,-2.542562962528));
#19048=CARTESIAN_POINT('',(6.725000733956,-0.35,-1.583330886814));
#19049=CARTESIAN_POINT('',(6.75,-0.35,-1.5));
#19050=CARTESIAN_POINT('Origin',(6.447231111242,-0.35,-1.5));
#19051=CARTESIAN_POINT('Origin',(6.45,-0.35,1.5));
#19052=CARTESIAN_POINT('',(6.16,-0.35,1.5));
#19053=CARTESIAN_POINT('Origin',(4.9,-2.25,4.3));
#19054=CARTESIAN_POINT('Origin',(0.15,-4.85,1.5));
#19055=CARTESIAN_POINT('',(0.15,-4.85,-0.457437037472));
#19056=CARTESIAN_POINT('Origin',(6.15,-4.85,1.5));
#19057=CARTESIAN_POINT('',(6.15,-4.85,-0.457437037472));
#19058=CARTESIAN_POINT('Origin',(0.15,-0.35,1.5));
#19059=CARTESIAN_POINT('',(0.15,-0.35,-0.457437037472));
#19060=CARTESIAN_POINT('Origin',(6.15,-0.35,1.5));
#19061=CARTESIAN_POINT('',(6.15,-0.35,-0.457437037472));
#19062=CARTESIAN_POINT('Origin',(-0.15,-0.35,-0.5));
#19063=CARTESIAN_POINT('',(-0.162230377286,-0.35,-0.540767924286));
#19064=CARTESIAN_POINT('',(-0.425000733956,-0.35,-1.416669113186));
#19065=CARTESIAN_POINT('Origin',(-0.44,-0.35,-0.457437037472));
#19066=CARTESIAN_POINT('',(-0.15,-0.35,-0.457437037472));
#19067=CARTESIAN_POINT('Origin',(-0.147231111242,-0.35,-1.5));
#19068=CARTESIAN_POINT('',(-0.425000733956,-0.35,-1.583330886814));
#19069=CARTESIAN_POINT('Origin',(-0.15,-0.35,-0.5));
#19070=CARTESIAN_POINT('',(-0.15,-0.35,1.21));
#19071=CARTESIAN_POINT('Origin',(-0.45,-0.35,-1.5));
#19072=CARTESIAN_POINT('',(-0.162230377286,-0.35,-2.459232075714));
#19073=CARTESIAN_POINT('Origin',(0.14,-0.35,1.21));
#19074=CARTESIAN_POINT('Origin',(-0.44,-0.35,-2.542562962528));
#19075=CARTESIAN_POINT('',(-0.15,-0.35,-2.542562962528));
#19076=CARTESIAN_POINT('Origin',(-0.15,-0.35,-3.5));
#19077=CARTESIAN_POINT('',(-0.15,-0.35,-3.5));
#19078=CARTESIAN_POINT('Origin',(0.15,-0.35,-3.5));
#19079=CARTESIAN_POINT('',(0.15,-0.35,-3.5));
#19080=CARTESIAN_POINT('Origin',(0.15,-0.35,-2.5));
#19081=CARTESIAN_POINT('',(0.15,-0.35,-2.542562962528));
#19082=CARTESIAN_POINT('Origin',(-0.14,-0.35,-0.457437037472));
#19083=CARTESIAN_POINT('',(0.137769622714,-0.35,-0.540767924286));
#19084=CARTESIAN_POINT('Origin',(-0.14,-0.35,-2.542562962528));
#19085=CARTESIAN_POINT('',(0.137769622714,-0.35,-2.459232075714));
#19086=CARTESIAN_POINT('Origin',(-0.15,-0.35,-1.5));
#19087=CARTESIAN_POINT('',(-0.125000733956,-0.35,-1.416669113186));
#19088=CARTESIAN_POINT('Origin',(0.15,-0.35,-2.5));
#19089=CARTESIAN_POINT('',(-0.125000733956,-0.35,-1.583330886814));
#19090=CARTESIAN_POINT('Origin',(0.152768888758,-0.35,-1.5));
#19091=CARTESIAN_POINT('Origin',(-0.15,-4.85,-0.5));
#19092=CARTESIAN_POINT('',(-0.162230377286,-4.85,-0.540767924286));
#19093=CARTESIAN_POINT('',(-0.425000733956,-4.85,-1.416669113186));
#19094=CARTESIAN_POINT('Origin',(-0.44,-4.85,-0.457437037472));
#19095=CARTESIAN_POINT('',(-0.15,-4.85,-0.457437037472));
#19096=CARTESIAN_POINT('Origin',(-0.147231111242,-4.85,-1.5));
#19097=CARTESIAN_POINT('',(-0.425000733956,-4.85,-1.583330886814));
#19098=CARTESIAN_POINT('Origin',(-0.15,-4.85,-0.5));
#19099=CARTESIAN_POINT('',(-0.15,-4.85,1.21));
#19100=CARTESIAN_POINT('Origin',(-0.45,-4.85,-1.5));
#19101=CARTESIAN_POINT('',(-0.162230377286,-4.85,-2.459232075714));
#19102=CARTESIAN_POINT('Origin',(0.14,-4.85,1.21));
#19103=CARTESIAN_POINT('Origin',(-0.44,-4.85,-2.542562962528));
#19104=CARTESIAN_POINT('',(-0.15,-4.85,-2.542562962528));
#19105=CARTESIAN_POINT('Origin',(-0.15,-4.85,-3.5));
#19106=CARTESIAN_POINT('',(-0.15,-4.85,-3.5));
#19107=CARTESIAN_POINT('Origin',(0.15,-4.85,-3.5));
#19108=CARTESIAN_POINT('',(0.15,-4.85,-3.5));
#19109=CARTESIAN_POINT('Origin',(0.15,-4.85,-2.5));
#19110=CARTESIAN_POINT('',(0.15,-4.85,-2.542562962528));
#19111=CARTESIAN_POINT('Origin',(-0.14,-4.85,-0.457437037472));
#19112=CARTESIAN_POINT('',(0.137769622714,-4.85,-0.540767924286));
#19113=CARTESIAN_POINT('Origin',(-0.14,-4.85,-2.542562962528));
#19114=CARTESIAN_POINT('',(0.137769622714,-4.85,-2.459232075714));
#19115=CARTESIAN_POINT('Origin',(-0.15,-4.85,-1.5));
#19116=CARTESIAN_POINT('',(-0.125000733956,-4.85,-1.416669113186));
#19117=CARTESIAN_POINT('Origin',(0.15,-4.85,-2.5));
#19118=CARTESIAN_POINT('',(-0.125000733956,-4.85,-1.583330886814));
#19119=CARTESIAN_POINT('Origin',(0.152768888758,-4.85,-1.5));
#19120=CARTESIAN_POINT('Origin',(6.45,-4.85,-0.5));
#19121=CARTESIAN_POINT('',(6.725000733956,-4.85,-1.416669113186));
#19122=CARTESIAN_POINT('',(6.462230377286,-4.85,-0.540767924286));
#19123=CARTESIAN_POINT('Origin',(6.74,-4.85,-0.457437037472));
#19124=CARTESIAN_POINT('',(6.45,-4.85,-0.457437037472));
#19125=CARTESIAN_POINT('Origin',(6.447231111242,-4.85,-1.5));
#19126=CARTESIAN_POINT('',(6.725000733956,-4.85,-1.583330886814));
#19127=CARTESIAN_POINT('Origin',(6.45,-4.85,-0.5));
#19128=CARTESIAN_POINT('',(6.45,-4.85,1.21));
#19129=CARTESIAN_POINT('Origin',(6.75,-4.85,-1.5));
#19130=CARTESIAN_POINT('',(6.462230377286,-4.85,-2.459232075714));
#19131=CARTESIAN_POINT('Origin',(6.16,-4.85,1.21));
#19132=CARTESIAN_POINT('Origin',(6.74,-4.85,-2.542562962528));
#19133=CARTESIAN_POINT('',(6.45,-4.85,-2.542562962528));
#19134=CARTESIAN_POINT('Origin',(6.45,-4.85,-3.5));
#19135=CARTESIAN_POINT('',(6.45,-4.85,-3.5));
#19136=CARTESIAN_POINT('Origin',(6.15,-4.85,-3.5));
#19137=CARTESIAN_POINT('',(6.15,-4.85,-3.5));
#19138=CARTESIAN_POINT('Origin',(6.15,-4.85,-2.5));
#19139=CARTESIAN_POINT('',(6.15,-4.85,-2.542562962528));
#19140=CARTESIAN_POINT('Origin',(6.44,-4.85,-0.457437037472));
#19141=CARTESIAN_POINT('',(6.162230377286,-4.85,-0.540767924286));
#19142=CARTESIAN_POINT('Origin',(6.44,-4.85,-2.542562962528));
#19143=CARTESIAN_POINT('',(6.162230377286,-4.85,-2.459232075714));
#19144=CARTESIAN_POINT('Origin',(6.45,-4.85,-1.5));
#19145=CARTESIAN_POINT('',(6.425000733956,-4.85,-1.416669113186));
#19146=CARTESIAN_POINT('Origin',(6.15,-4.85,-2.5));
#19147=CARTESIAN_POINT('',(6.425000733956,-4.85,-1.583330886814));
#19148=CARTESIAN_POINT('Origin',(6.147231111242,-4.85,-1.5));
#19149=CARTESIAN_POINT('Origin',(6.45,-0.35,-0.5));
#19150=CARTESIAN_POINT('',(6.725000733956,-0.35,-1.416669113186));
#19151=CARTESIAN_POINT('',(6.462230377286,-0.35,-0.540767924286));
#19152=CARTESIAN_POINT('Origin',(6.74,-0.35,-0.457437037472));
#19153=CARTESIAN_POINT('',(6.45,-0.35,-0.457437037472));
#19154=CARTESIAN_POINT('Origin',(6.447231111242,-0.35,-1.5));
#19155=CARTESIAN_POINT('',(6.725000733956,-0.35,-1.583330886814));
#19156=CARTESIAN_POINT('Origin',(6.45,-0.35,-0.5));
#19157=CARTESIAN_POINT('',(6.45,-0.35,1.21));
#19158=CARTESIAN_POINT('Origin',(6.75,-0.35,-1.5));
#19159=CARTESIAN_POINT('',(6.462230377286,-0.35,-2.459232075714));
#19160=CARTESIAN_POINT('Origin',(6.16,-0.35,1.21));
#19161=CARTESIAN_POINT('Origin',(6.74,-0.35,-2.542562962528));
#19162=CARTESIAN_POINT('',(6.45,-0.35,-2.542562962528));
#19163=CARTESIAN_POINT('Origin',(6.45,-0.35,-3.5));
#19164=CARTESIAN_POINT('',(6.45,-0.35,-3.5));
#19165=CARTESIAN_POINT('Origin',(6.15,-0.35,-3.5));
#19166=CARTESIAN_POINT('',(6.15,-0.35,-3.5));
#19167=CARTESIAN_POINT('Origin',(6.15,-0.35,-2.5));
#19168=CARTESIAN_POINT('',(6.15,-0.35,-2.542562962528));
#19169=CARTESIAN_POINT('Origin',(6.44,-0.35,-0.457437037472));
#19170=CARTESIAN_POINT('',(6.162230377286,-0.35,-0.540767924286));
#19171=CARTESIAN_POINT('Origin',(6.44,-0.35,-2.542562962528));
#19172=CARTESIAN_POINT('',(6.162230377286,-0.35,-2.459232075714));
#19173=CARTESIAN_POINT('Origin',(6.45,-0.35,-1.5));
#19174=CARTESIAN_POINT('',(6.425000733956,-0.35,-1.416669113186));
#19175=CARTESIAN_POINT('Origin',(6.15,-0.35,-2.5));
#19176=CARTESIAN_POINT('',(6.425000733956,-0.35,-1.583330886814));
#19177=CARTESIAN_POINT('Origin',(6.147231111242,-0.35,-1.5));
#19178=CARTESIAN_POINT('',(0.,0.,0.));
#19179=CARTESIAN_POINT('Origin',(161.75000074707,-45.24999925292,0.));
#19180=CARTESIAN_POINT('',(161.75,-44.25,0.));
#19181=CARTESIAN_POINT('',(161.75,-44.25,1.51));
#19182=CARTESIAN_POINT('',(161.75,-44.25,0.));
#19183=CARTESIAN_POINT('',(162.75,-45.25,1.51));
#19184=CARTESIAN_POINT('Origin',(161.75000074707,-45.24999925292,1.51));
#19185=CARTESIAN_POINT('',(162.75,-45.25,0.));
#19186=CARTESIAN_POINT('',(162.75,-45.25,0.));
#19187=CARTESIAN_POINT('Origin',(161.75000074707,-45.24999925292,0.));
#19188=CARTESIAN_POINT('Origin',(82.8,-44.25,0.));
#19189=CARTESIAN_POINT('',(82.8,-44.25,0.));
#19190=CARTESIAN_POINT('',(82.8,-44.25,1.51));
#19191=CARTESIAN_POINT('',(82.8,-44.25,0.));
#19192=CARTESIAN_POINT('',(82.8,-44.25,1.51));
#19193=CARTESIAN_POINT('',(82.8,-44.25,0.));
#19194=CARTESIAN_POINT('Origin',(162.75,-45.25,0.));
#19195=CARTESIAN_POINT('',(162.75,-103.7,1.51));
#19196=CARTESIAN_POINT('',(162.75,-45.25,1.51));
#19197=CARTESIAN_POINT('',(162.75,-103.7,0.));
#19198=CARTESIAN_POINT('',(162.75,-103.7,0.));
#19199=CARTESIAN_POINT('',(162.75,-45.25,0.));
#19200=CARTESIAN_POINT('Origin',(0.,0.,0.));
#19201=CARTESIAN_POINT('',(161.75,-104.7,0.));
#19202=CARTESIAN_POINT('Origin',(161.75000074707,-103.700000747,0.));
#19203=CARTESIAN_POINT('',(82.8,-104.7,0.));
#19204=CARTESIAN_POINT('',(161.75,-104.7,0.));
#19205=CARTESIAN_POINT('',(81.8,-103.7,0.));
#19206=CARTESIAN_POINT('Origin',(82.799999252925,-103.700000747,0.));
#19207=CARTESIAN_POINT('',(81.8,-45.25,0.));
#19208=CARTESIAN_POINT('',(81.8,-103.7,0.));
#19209=CARTESIAN_POINT('Origin',(82.799999252925,-45.24999925292,0.));
#19210=CARTESIAN_POINT('',(85.8,-99.95,0.));
#19211=CARTESIAN_POINT('Origin',(85.8,-101.,0.));
#19212=CARTESIAN_POINT('',(85.2,-94.05,0.));
#19213=CARTESIAN_POINT('Origin',(85.2,-94.8,0.));
#19214=CARTESIAN_POINT('',(85.2,-92.3,0.));
#19215=CARTESIAN_POINT('Origin',(85.2,-92.7,0.));
#19216=CARTESIAN_POINT('',(85.2,-90.3,0.));
#19217=CARTESIAN_POINT('Origin',(85.2,-90.7,0.));
#19218=CARTESIAN_POINT('',(85.2,-88.3,0.));
#19219=CARTESIAN_POINT('Origin',(85.2,-88.7,0.));
#19220=CARTESIAN_POINT('',(106.95,-94.45,0.));
#19221=CARTESIAN_POINT('Origin',(106.95,-95.,0.));
#19222=CARTESIAN_POINT('',(106.95,-89.95,0.));
#19223=CARTESIAN_POINT('Origin',(106.95,-90.5,0.));
#19224=CARTESIAN_POINT('',(113.45,-94.45,0.));
#19225=CARTESIAN_POINT('Origin',(113.45,-95.,0.));
#19226=CARTESIAN_POINT('',(113.45,-89.95,0.));
#19227=CARTESIAN_POINT('Origin',(113.45,-90.5,0.));
#19228=CARTESIAN_POINT('',(85.2,-85.85,0.));
#19229=CARTESIAN_POINT('Origin',(85.2,-86.6,0.));
#19230=CARTESIAN_POINT('',(91.27,-78.01,0.));
#19231=CARTESIAN_POINT('Origin',(92.57,-78.01,0.));
#19232=CARTESIAN_POINT('',(133.9135,-93.664,0.));
#19233=CARTESIAN_POINT('Origin',(133.9135,-94.114,0.));
#19234=CARTESIAN_POINT('',(133.9135,-91.124,0.));
#19235=CARTESIAN_POINT('Origin',(133.9135,-91.574,0.));
#19236=CARTESIAN_POINT('',(158.6,-100.35,0.));
#19237=CARTESIAN_POINT('Origin',(158.6,-101.4,0.));
#19238=CARTESIAN_POINT('',(153.95,-94.025,0.));
#19239=CARTESIAN_POINT('Origin',(153.95,-94.4,0.));
#19240=CARTESIAN_POINT('',(153.95,-92.025,0.));
#19241=CARTESIAN_POINT('Origin',(153.95,-92.4,0.));
#19242=CARTESIAN_POINT('',(122.75,-77.59,0.));
#19243=CARTESIAN_POINT('Origin',(122.75,-77.99,0.));
#19244=CARTESIAN_POINT('',(126.3,-77.59,0.));
#19245=CARTESIAN_POINT('Origin',(126.3,-77.99,0.));
#19246=CARTESIAN_POINT('',(129.85,-77.59,0.));
#19247=CARTESIAN_POINT('Origin',(129.85,-77.99,0.));
#19248=CARTESIAN_POINT('',(133.4,-77.59,0.));
#19249=CARTESIAN_POINT('Origin',(133.4,-77.99,0.));
#19250=CARTESIAN_POINT('',(90.14,-72.395,0.));
#19251=CARTESIAN_POINT('Origin',(90.14,-72.82,0.));
#19252=CARTESIAN_POINT('',(87.12,-69.01,0.));
#19253=CARTESIAN_POINT('Origin',(88.07,-69.01,0.));
#19254=CARTESIAN_POINT('',(90.14,-64.775,0.));
#19255=CARTESIAN_POINT('Origin',(90.14,-65.2,0.));
#19256=CARTESIAN_POINT('',(113.,-72.395,0.));
#19257=CARTESIAN_POINT('Origin',(113.,-72.82,0.));
#19258=CARTESIAN_POINT('',(114.12,-69.01,0.));
#19259=CARTESIAN_POINT('Origin',(115.07,-69.01,0.));
#19260=CARTESIAN_POINT('',(113.,-64.775,0.));
#19261=CARTESIAN_POINT('Origin',(113.,-65.2,0.));
#19262=CARTESIAN_POINT('',(99.62,-59.01,0.));
#19263=CARTESIAN_POINT('Origin',(101.57,-59.01,0.));
#19264=CARTESIAN_POINT('',(85.6,-46.35,0.));
#19265=CARTESIAN_POINT('Origin',(85.6,-47.4,0.));
#19266=CARTESIAN_POINT('',(122.75,-69.97,0.));
#19267=CARTESIAN_POINT('Origin',(122.75,-70.37,0.));
#19268=CARTESIAN_POINT('',(126.3,-69.97,0.));
#19269=CARTESIAN_POINT('Origin',(126.3,-70.37,0.));
#19270=CARTESIAN_POINT('',(129.85,-69.97,0.));
#19271=CARTESIAN_POINT('Origin',(129.85,-70.37,0.));
#19272=CARTESIAN_POINT('',(133.4,-69.97,0.));
#19273=CARTESIAN_POINT('Origin',(133.4,-70.37,0.));
#19274=CARTESIAN_POINT('',(122.85,-64.41,0.));
#19275=CARTESIAN_POINT('Origin',(122.85,-64.81,0.));
#19276=CARTESIAN_POINT('',(126.4,-64.41,0.));
#19277=CARTESIAN_POINT('Origin',(126.4,-64.81,0.));
#19278=CARTESIAN_POINT('',(129.95,-64.41,0.));
#19279=CARTESIAN_POINT('Origin',(129.95,-64.81,0.));
#19280=CARTESIAN_POINT('',(133.5,-64.41,0.));
#19281=CARTESIAN_POINT('Origin',(133.5,-64.81,0.));
#19282=CARTESIAN_POINT('',(122.85,-56.79,0.));
#19283=CARTESIAN_POINT('Origin',(122.85,-57.19,0.));
#19284=CARTESIAN_POINT('',(126.4,-56.79,0.));
#19285=CARTESIAN_POINT('Origin',(126.4,-57.19,0.));
#19286=CARTESIAN_POINT('',(129.95,-56.79,0.));
#19287=CARTESIAN_POINT('Origin',(129.95,-57.19,0.));
#19288=CARTESIAN_POINT('',(133.5,-56.79,0.));
#19289=CARTESIAN_POINT('Origin',(133.5,-57.19,0.));
#19290=CARTESIAN_POINT('',(158.6,-46.55,0.));
#19291=CARTESIAN_POINT('Origin',(158.6,-47.6,0.));
#19292=CARTESIAN_POINT('Origin',(0.,0.,1.51));
#19293=CARTESIAN_POINT('',(81.8,-45.25,1.51));
#19294=CARTESIAN_POINT('Origin',(82.799999252925,-45.24999925292,1.51));
#19295=CARTESIAN_POINT('',(81.8,-103.7,1.51));
#19296=CARTESIAN_POINT('',(81.8,-103.7,1.51));
#19297=CARTESIAN_POINT('',(82.8,-104.7,1.51));
#19298=CARTESIAN_POINT('Origin',(82.799999252925,-103.700000747,1.51));
#19299=CARTESIAN_POINT('',(161.75,-104.7,1.51));
#19300=CARTESIAN_POINT('',(161.75,-104.7,1.51));
#19301=CARTESIAN_POINT('Origin',(161.75000074707,-103.700000747,1.51));
#19302=CARTESIAN_POINT('',(85.8,-99.95,1.51));
#19303=CARTESIAN_POINT('Origin',(85.8,-101.,1.51));
#19304=CARTESIAN_POINT('',(85.2,-94.05,1.51));
#19305=CARTESIAN_POINT('Origin',(85.2,-94.8,1.51));
#19306=CARTESIAN_POINT('',(85.2,-92.3,1.51));
#19307=CARTESIAN_POINT('Origin',(85.2,-92.7,1.51));
#19308=CARTESIAN_POINT('',(85.2,-90.3,1.51));
#19309=CARTESIAN_POINT('Origin',(85.2,-90.7,1.51));
#19310=CARTESIAN_POINT('',(85.2,-88.3,1.51));
#19311=CARTESIAN_POINT('Origin',(85.2,-88.7,1.51));
#19312=CARTESIAN_POINT('',(106.95,-94.45,1.51));
#19313=CARTESIAN_POINT('Origin',(106.95,-95.,1.51));
#19314=CARTESIAN_POINT('',(106.95,-89.95,1.51));
#19315=CARTESIAN_POINT('Origin',(106.95,-90.5,1.51));
#19316=CARTESIAN_POINT('',(113.45,-94.45,1.51));
#19317=CARTESIAN_POINT('Origin',(113.45,-95.,1.51));
#19318=CARTESIAN_POINT('',(113.45,-89.95,1.51));
#19319=CARTESIAN_POINT('Origin',(113.45,-90.5,1.51));
#19320=CARTESIAN_POINT('',(85.2,-85.85,1.51));
#19321=CARTESIAN_POINT('Origin',(85.2,-86.6,1.51));
#19322=CARTESIAN_POINT('',(91.27,-78.01,1.51));
#19323=CARTESIAN_POINT('Origin',(92.57,-78.01,1.51));
#19324=CARTESIAN_POINT('',(133.9135,-93.664,1.51));
#19325=CARTESIAN_POINT('Origin',(133.9135,-94.114,1.51));
#19326=CARTESIAN_POINT('',(133.9135,-91.124,1.51));
#19327=CARTESIAN_POINT('Origin',(133.9135,-91.574,1.51));
#19328=CARTESIAN_POINT('',(158.6,-100.35,1.51));
#19329=CARTESIAN_POINT('Origin',(158.6,-101.4,1.51));
#19330=CARTESIAN_POINT('',(153.95,-94.025,1.51));
#19331=CARTESIAN_POINT('Origin',(153.95,-94.4,1.51));
#19332=CARTESIAN_POINT('',(153.95,-92.025,1.51));
#19333=CARTESIAN_POINT('Origin',(153.95,-92.4,1.51));
#19334=CARTESIAN_POINT('',(122.75,-77.59,1.51));
#19335=CARTESIAN_POINT('Origin',(122.75,-77.99,1.51));
#19336=CARTESIAN_POINT('',(126.3,-77.59,1.51));
#19337=CARTESIAN_POINT('Origin',(126.3,-77.99,1.51));
#19338=CARTESIAN_POINT('',(129.85,-77.59,1.51));
#19339=CARTESIAN_POINT('Origin',(129.85,-77.99,1.51));
#19340=CARTESIAN_POINT('',(133.4,-77.59,1.51));
#19341=CARTESIAN_POINT('Origin',(133.4,-77.99,1.51));
#19342=CARTESIAN_POINT('',(90.14,-72.395,1.51));
#19343=CARTESIAN_POINT('Origin',(90.14,-72.82,1.51));
#19344=CARTESIAN_POINT('',(87.12,-69.01,1.51));
#19345=CARTESIAN_POINT('Origin',(88.07,-69.01,1.51));
#19346=CARTESIAN_POINT('',(90.14,-64.775,1.51));
#19347=CARTESIAN_POINT('Origin',(90.14,-65.2,1.51));
#19348=CARTESIAN_POINT('',(113.,-72.395,1.51));
#19349=CARTESIAN_POINT('Origin',(113.,-72.82,1.51));
#19350=CARTESIAN_POINT('',(114.12,-69.01,1.51));
#19351=CARTESIAN_POINT('Origin',(115.07,-69.01,1.51));
#19352=CARTESIAN_POINT('',(113.,-64.775,1.51));
#19353=CARTESIAN_POINT('Origin',(113.,-65.2,1.51));
#19354=CARTESIAN_POINT('',(99.62,-59.01,1.51));
#19355=CARTESIAN_POINT('Origin',(101.57,-59.01,1.51));
#19356=CARTESIAN_POINT('',(85.6,-46.35,1.51));
#19357=CARTESIAN_POINT('Origin',(85.6,-47.4,1.51));
#19358=CARTESIAN_POINT('',(122.75,-69.97,1.51));
#19359=CARTESIAN_POINT('Origin',(122.75,-70.37,1.51));
#19360=CARTESIAN_POINT('',(126.3,-69.97,1.51));
#19361=CARTESIAN_POINT('Origin',(126.3,-70.37,1.51));
#19362=CARTESIAN_POINT('',(129.85,-69.97,1.51));
#19363=CARTESIAN_POINT('Origin',(129.85,-70.37,1.51));
#19364=CARTESIAN_POINT('',(133.4,-69.97,1.51));
#19365=CARTESIAN_POINT('Origin',(133.4,-70.37,1.51));
#19366=CARTESIAN_POINT('',(122.85,-64.41,1.51));
#19367=CARTESIAN_POINT('Origin',(122.85,-64.81,1.51));
#19368=CARTESIAN_POINT('',(126.4,-64.41,1.51));
#19369=CARTESIAN_POINT('Origin',(126.4,-64.81,1.51));
#19370=CARTESIAN_POINT('',(129.95,-64.41,1.51));
#19371=CARTESIAN_POINT('Origin',(129.95,-64.81,1.51));
#19372=CARTESIAN_POINT('',(133.5,-64.41,1.51));
#19373=CARTESIAN_POINT('Origin',(133.5,-64.81,1.51));
#19374=CARTESIAN_POINT('',(122.85,-56.79,1.51));
#19375=CARTESIAN_POINT('Origin',(122.85,-57.19,1.51));
#19376=CARTESIAN_POINT('',(126.4,-56.79,1.51));
#19377=CARTESIAN_POINT('Origin',(126.4,-57.19,1.51));
#19378=CARTESIAN_POINT('',(129.95,-56.79,1.51));
#19379=CARTESIAN_POINT('Origin',(129.95,-57.19,1.51));
#19380=CARTESIAN_POINT('',(133.5,-56.79,1.51));
#19381=CARTESIAN_POINT('Origin',(133.5,-57.19,1.51));
#19382=CARTESIAN_POINT('',(158.6,-46.55,1.51));
#19383=CARTESIAN_POINT('Origin',(158.6,-47.6,1.51));
#19384=CARTESIAN_POINT('Origin',(82.799999252925,-45.24999925292,0.));
#19385=CARTESIAN_POINT('',(81.8,-45.25,0.));
#19386=CARTESIAN_POINT('Origin',(161.75000074707,-103.700000747,0.));
#19387=CARTESIAN_POINT('',(161.75,-104.7,0.));
#19388=CARTESIAN_POINT('Origin',(81.8,-103.7,0.));
#19389=CARTESIAN_POINT('',(81.8,-103.7,0.));
#19390=CARTESIAN_POINT('Origin',(161.75,-104.7,0.));
#19391=CARTESIAN_POINT('',(82.8,-104.7,0.));
#19392=CARTESIAN_POINT('Origin',(82.799999252925,-103.700000747,0.));
#19393=CARTESIAN_POINT('Origin',(85.8,-101.,-0.046));
#19394=CARTESIAN_POINT('',(85.8,-99.95,-0.046));
#19395=CARTESIAN_POINT('Origin',(85.2,-94.8,-0.046));
#19396=CARTESIAN_POINT('',(85.2,-94.05,-0.046));
#19397=CARTESIAN_POINT('Origin',(85.2,-92.7,-0.046));
#19398=CARTESIAN_POINT('',(85.2,-92.3,-0.046));
#19399=CARTESIAN_POINT('Origin',(85.2,-90.7,-0.046));
#19400=CARTESIAN_POINT('',(85.2,-90.3,-0.046));
#19401=CARTESIAN_POINT('Origin',(85.2,-88.7,-0.046));
#19402=CARTESIAN_POINT('',(85.2,-88.3,-0.046));
#19403=CARTESIAN_POINT('Origin',(106.95,-95.,-0.046));
#19404=CARTESIAN_POINT('',(106.95,-94.45,-0.046));
#19405=CARTESIAN_POINT('Origin',(106.95,-90.5,-0.046));
#19406=CARTESIAN_POINT('',(106.95,-89.95,-0.046));
#19407=CARTESIAN_POINT('Origin',(113.45,-95.,-0.046));
#19408=CARTESIAN_POINT('',(113.45,-94.45,-0.046));
#19409=CARTESIAN_POINT('Origin',(113.45,-90.5,-0.046));
#19410=CARTESIAN_POINT('',(113.45,-89.95,-0.046));
#19411=CARTESIAN_POINT('Origin',(85.2,-86.6,-0.046));
#19412=CARTESIAN_POINT('',(85.2,-85.85,-0.046));
#19413=CARTESIAN_POINT('Origin',(92.57,-78.01,0.));
#19414=CARTESIAN_POINT('',(91.27,-78.01,0.));
#19415=CARTESIAN_POINT('Origin',(133.9135,-94.114,-0.046));
#19416=CARTESIAN_POINT('',(133.9135,-93.664,-0.046));
#19417=CARTESIAN_POINT('Origin',(133.9135,-91.574,-0.046));
#19418=CARTESIAN_POINT('',(133.9135,-91.124,-0.046));
#19419=CARTESIAN_POINT('Origin',(158.6,-101.4,-0.046));
#19420=CARTESIAN_POINT('',(158.6,-100.35,-0.046));
#19421=CARTESIAN_POINT('Origin',(153.95,-94.4,-0.046));
#19422=CARTESIAN_POINT('',(153.95,-94.025,-0.046));
#19423=CARTESIAN_POINT('Origin',(153.95,-92.4,-0.046));
#19424=CARTESIAN_POINT('',(153.95,-92.025,-0.046));
#19425=CARTESIAN_POINT('Origin',(122.75,-77.99,-0.046));
#19426=CARTESIAN_POINT('',(122.75,-77.59,-0.046));
#19427=CARTESIAN_POINT('Origin',(126.3,-77.99,-0.046));
#19428=CARTESIAN_POINT('',(126.3,-77.59,-0.046));
#19429=CARTESIAN_POINT('Origin',(129.85,-77.99,-0.046));
#19430=CARTESIAN_POINT('',(129.85,-77.59,-0.046));
#19431=CARTESIAN_POINT('Origin',(133.4,-77.99,-0.046));
#19432=CARTESIAN_POINT('',(133.4,-77.59,-0.046));
#19433=CARTESIAN_POINT('Origin',(90.14,-72.82,-0.046));
#19434=CARTESIAN_POINT('',(90.14,-72.395,-0.046));
#19435=CARTESIAN_POINT('Origin',(88.07,-69.01,0.));
#19436=CARTESIAN_POINT('',(87.12,-69.01,0.));
#19437=CARTESIAN_POINT('Origin',(90.14,-65.2,-0.046));
#19438=CARTESIAN_POINT('',(90.14,-64.775,-0.046));
#19439=CARTESIAN_POINT('Origin',(113.,-72.82,-0.046));
#19440=CARTESIAN_POINT('',(113.,-72.395,-0.046));
#19441=CARTESIAN_POINT('Origin',(115.07,-69.01,0.));
#19442=CARTESIAN_POINT('',(114.12,-69.01,0.));
#19443=CARTESIAN_POINT('Origin',(113.,-65.2,-0.046));
#19444=CARTESIAN_POINT('',(113.,-64.775,-0.046));
#19445=CARTESIAN_POINT('Origin',(101.57,-59.01,0.));
#19446=CARTESIAN_POINT('',(99.62,-59.01,0.));
#19447=CARTESIAN_POINT('Origin',(85.6,-47.4,-0.046));
#19448=CARTESIAN_POINT('',(85.6,-46.35,-0.046));
#19449=CARTESIAN_POINT('Origin',(122.75,-70.37,-0.046));
#19450=CARTESIAN_POINT('',(122.75,-69.97,-0.046));
#19451=CARTESIAN_POINT('Origin',(126.3,-70.37,-0.046));
#19452=CARTESIAN_POINT('',(126.3,-69.97,-0.046));
#19453=CARTESIAN_POINT('Origin',(129.85,-70.37,-0.046));
#19454=CARTESIAN_POINT('',(129.85,-69.97,-0.046));
#19455=CARTESIAN_POINT('Origin',(133.4,-70.37,-0.046));
#19456=CARTESIAN_POINT('',(133.4,-69.97,-0.046));
#19457=CARTESIAN_POINT('Origin',(122.85,-64.81,-0.046));
#19458=CARTESIAN_POINT('',(122.85,-64.41,-0.046));
#19459=CARTESIAN_POINT('Origin',(126.4,-64.81,-0.046));
#19460=CARTESIAN_POINT('',(126.4,-64.41,-0.046));
#19461=CARTESIAN_POINT('Origin',(129.95,-64.81,-0.046));
#19462=CARTESIAN_POINT('',(129.95,-64.41,-0.046));
#19463=CARTESIAN_POINT('Origin',(133.5,-64.81,-0.046));
#19464=CARTESIAN_POINT('',(133.5,-64.41,-0.046));
#19465=CARTESIAN_POINT('Origin',(122.85,-57.19,-0.046));
#19466=CARTESIAN_POINT('',(122.85,-56.79,-0.046));
#19467=CARTESIAN_POINT('Origin',(126.4,-57.19,-0.046));
#19468=CARTESIAN_POINT('',(126.4,-56.79,-0.046));
#19469=CARTESIAN_POINT('Origin',(129.95,-57.19,-0.046));
#19470=CARTESIAN_POINT('',(129.95,-56.79,-0.046));
#19471=CARTESIAN_POINT('Origin',(133.5,-57.19,-0.046));
#19472=CARTESIAN_POINT('',(133.5,-56.79,-0.046));
#19473=CARTESIAN_POINT('Origin',(158.6,-47.6,-0.046));
#19474=CARTESIAN_POINT('',(158.6,-46.55,-0.046));
#19475=CARTESIAN_POINT('',(0.,0.,0.));
#19476=CARTESIAN_POINT('Origin',(0.,6.7E-16,1.));
#19477=CARTESIAN_POINT('',(0.25,1.E-15,1.));
#19478=CARTESIAN_POINT('',(-0.25,6.39383830021316E-16,1.));
#19479=CARTESIAN_POINT('Origin',(0.,6.7E-16,1.));
#19480=CARTESIAN_POINT('Origin',(0.,6.7E-16,1.));
#19481=CARTESIAN_POINT('',(-0.25,-1.30616169978684E-16,-2.5));
#19482=CARTESIAN_POINT('',(-0.25,6.39383830021316E-16,1.));
#19483=CARTESIAN_POINT('Origin',(0.,-1.1E-16,-2.5));
#19484=CARTESIAN_POINT('Origin',(0.5,6.7E-16,1.));
#19485=CARTESIAN_POINT('',(0.5,1.E-15,1.25));
#19486=CARTESIAN_POINT('',(0.5,8.04383830021316E-16,1.75));
#19487=CARTESIAN_POINT('Origin',(0.5,7.8E-16,1.5));
#19488=CARTESIAN_POINT('Origin',(0.5,7.8E-16,1.5));
#19489=CARTESIAN_POINT('Origin',(0.5,6.39383830021316E-16,1.));
#19490=CARTESIAN_POINT('Origin',(0.5,7.8E-16,1.5));
#19491=CARTESIAN_POINT('',(7.12,1.E-15,1.25));
#19492=CARTESIAN_POINT('',(7.12,8.04383830021316E-16,1.75));
#19493=CARTESIAN_POINT('Origin',(7.12,7.8E-16,1.5));
#19494=CARTESIAN_POINT('Origin',(7.12,7.8E-16,1.5));
#19495=CARTESIAN_POINT('',(0.5,8.04383830021316E-16,1.75));
#19496=CARTESIAN_POINT('Origin',(7.12,6.7E-16,1.));
#19497=CARTESIAN_POINT('',(7.37,1.E-15,1.));
#19498=CARTESIAN_POINT('',(7.87,6.39383830021316E-16,1.));
#19499=CARTESIAN_POINT('Origin',(7.62,6.7E-16,1.));
#19500=CARTESIAN_POINT('Origin',(7.62,6.7E-16,1.));
#19501=CARTESIAN_POINT('Origin',(7.12,6.39383830021316E-16,1.));
#19502=CARTESIAN_POINT('Origin',(7.62,6.7E-16,1.));
#19503=CARTESIAN_POINT('',(7.87,-1.30616169978684E-16,-2.5));
#19504=CARTESIAN_POINT('Origin',(7.62,-1.1E-16,-2.5));
#19505=CARTESIAN_POINT('',(7.87,6.39383830021316E-16,1.));
#19506=CARTESIAN_POINT('Origin',(0.25,-1.1E-16,-2.5));
#19507=CARTESIAN_POINT('Origin',(7.37,-1.1E-16,-2.5));
#19508=CARTESIAN_POINT('Origin',(2.41,6.630669073875E-16,1.5));
#19509=CARTESIAN_POINT('',(3.41,-2.15208816872867E-16,0.49));
#19510=CARTESIAN_POINT('Origin',(3.41,6.630669073875E-16,1.5));
#19511=CARTESIAN_POINT('',(2.41,-2.15208816872867E-16,0.49));
#19512=CARTESIAN_POINT('',(2.41,-2.15208816872867E-16,0.49));
#19513=CARTESIAN_POINT('Origin',(2.41,6.630669073875E-16,1.5));
#19514=CARTESIAN_POINT('Origin',(2.41,6.630669073875E-16,1.5));
#19515=CARTESIAN_POINT('',(2.41,-2.16513017622765E-16,0.5));
#19516=CARTESIAN_POINT('Origin',(2.41,6.630669073875E-16,1.5));
#19517=CARTESIAN_POINT('Origin',(3.41,6.630669073875E-16,1.5));
#19518=CARTESIAN_POINT('',(3.41,-2.16513017622765E-16,0.5));
#19519=CARTESIAN_POINT('Origin',(3.41,6.630669073875E-16,1.5));
#19520=CARTESIAN_POINT('Origin',(1.81,6.630669073875E-16,1.5));
#19521=CARTESIAN_POINT('',(2.21,-2.16513017622765E-16,0.5));
#19522=CARTESIAN_POINT('',(1.81,-2.16513017622765E-16,0.5));
#19523=CARTESIAN_POINT('Origin',(2.21,6.630669073875E-16,1.5));
#19524=CARTESIAN_POINT('Origin',(1.81,6.630669073875E-16,1.5));
#19525=CARTESIAN_POINT('',(5.41,-2.16513017622765E-16,0.5));
#19526=CARTESIAN_POINT('Origin',(5.41,6.630669073875E-16,1.5));
#19527=CARTESIAN_POINT('',(1.81,-2.16513017622765E-16,0.5));
#19528=CARTESIAN_POINT('Origin',(2.21,6.630669073875E-16,1.5));
#19529=CARTESIAN_POINT('',(1.81,-1.16386635163412E-17,0.9));
#19530=CARTESIAN_POINT('Origin',(1.81,6.630669073875E-16,1.5));
#19531=CARTESIAN_POINT('Origin',(2.21,-1.16386635163412E-17,0.9));
#19532=CARTESIAN_POINT('Origin',(5.41,6.630669073875E-16,1.5));
#19533=CARTESIAN_POINT('',(5.81,-1.16386635163412E-17,0.9));
#19534=CARTESIAN_POINT('Origin',(5.41,-1.16386635163412E-17,0.9));
#19535=CARTESIAN_POINT('Origin',(5.81,6.630669073875E-16,1.5));
#19536=CARTESIAN_POINT('Origin',(1.81,6.630669073875E-16,1.5));
#19537=CARTESIAN_POINT('Origin',(5.81,6.630669073875E-16,1.5));
#19538=CARTESIAN_POINT('',(0.,0.,0.));
#19539=CARTESIAN_POINT('Origin',(-1.,-0.625,0.));
#19540=CARTESIAN_POINT('',(-1.,-0.625,0.04));
#19541=CARTESIAN_POINT('',(-1.,-0.625,1.21));
#19542=CARTESIAN_POINT('',(-1.,-0.625,0.));
#19543=CARTESIAN_POINT('',(-1.,-0.585,1.25));
#19544=CARTESIAN_POINT('Origin',(-1.,-0.585,1.21));
#19545=CARTESIAN_POINT('',(-1.,0.585,1.25));
#19546=CARTESIAN_POINT('',(-1.,-0.625,1.25));
#19547=CARTESIAN_POINT('',(-1.,0.625,1.21));
#19548=CARTESIAN_POINT('Origin',(-1.,0.585,1.21));
#19549=CARTESIAN_POINT('',(-1.,0.625,0.04));
#19550=CARTESIAN_POINT('',(-1.,0.625,0.));
#19551=CARTESIAN_POINT('',(-1.,0.585,0.));
#19552=CARTESIAN_POINT('Origin',(-1.,0.585,0.04));
#19553=CARTESIAN_POINT('',(-1.,-0.585,0.));
#19554=CARTESIAN_POINT('',(-1.,-0.625,0.));
#19555=CARTESIAN_POINT('Origin',(-1.,-0.585,0.04));
#19556=CARTESIAN_POINT('Origin',(-1.,-0.625,0.));
#19557=CARTESIAN_POINT('',(-0.6,-0.625,0.04));
#19558=CARTESIAN_POINT('',(-0.6,-0.625,1.21));
#19559=CARTESIAN_POINT('',(-0.6,-0.625,0.));
#19560=CARTESIAN_POINT('',(-1.,-0.625,1.21));
#19561=CARTESIAN_POINT('',(-1.,-0.625,0.04));
#19562=CARTESIAN_POINT('Origin',(-1.,-0.585,0.04));
#19563=CARTESIAN_POINT('',(-0.6,-0.585,0.));
#19564=CARTESIAN_POINT('',(-1.,-0.585,0.));
#19565=CARTESIAN_POINT('Origin',(-0.6,-0.585,0.04));
#19566=CARTESIAN_POINT('Origin',(-1.,-0.585,1.21));
#19567=CARTESIAN_POINT('',(-0.6,-0.585,1.25));
#19568=CARTESIAN_POINT('Origin',(-0.6,-0.585,1.21));
#19569=CARTESIAN_POINT('',(-1.,-0.585,1.25));
#19570=CARTESIAN_POINT('Origin',(-1.,-0.625,0.));
#19571=CARTESIAN_POINT('',(-0.6,0.585,0.));
#19572=CARTESIAN_POINT('',(-1.,0.585,0.));
#19573=CARTESIAN_POINT('',(-0.6,-0.625,0.));
#19574=CARTESIAN_POINT('Origin',(-1.,-0.625,1.25));
#19575=CARTESIAN_POINT('',(-0.6,0.585,1.25));
#19576=CARTESIAN_POINT('',(-0.6,-0.625,1.25));
#19577=CARTESIAN_POINT('',(-1.,0.585,1.25));
#19578=CARTESIAN_POINT('Origin',(-1.,0.585,0.04));
#19579=CARTESIAN_POINT('',(-0.6,0.625,0.04));
#19580=CARTESIAN_POINT('',(-1.,0.625,0.04));
#19581=CARTESIAN_POINT('Origin',(-0.6,0.585,0.04));
#19582=CARTESIAN_POINT('Origin',(-1.,0.585,1.21));
#19583=CARTESIAN_POINT('',(-0.6,0.625,1.21));
#19584=CARTESIAN_POINT('Origin',(-0.6,0.585,1.21));
#19585=CARTESIAN_POINT('',(-1.,0.625,1.21));
#19586=CARTESIAN_POINT('Origin',(-1.,0.625,0.));
#19587=CARTESIAN_POINT('',(-0.6,0.625,0.));
#19588=CARTESIAN_POINT('Origin',(-0.6,-0.625,0.));
#19589=CARTESIAN_POINT('',(-0.6,-0.585,0.08));
#19590=CARTESIAN_POINT('',(-0.6,-0.545,0.04));
#19591=CARTESIAN_POINT('Origin',(-0.6,-0.545,0.08));
#19592=CARTESIAN_POINT('',(-0.6,-0.585,1.17));
#19593=CARTESIAN_POINT('',(-0.6,-0.585,0.04));
#19594=CARTESIAN_POINT('',(-0.6,-0.545,1.21));
#19595=CARTESIAN_POINT('Origin',(-0.6,-0.545,1.17));
#19596=CARTESIAN_POINT('',(-0.6,0.545,1.21));
#19597=CARTESIAN_POINT('',(-0.6,-0.585,1.21));
#19598=CARTESIAN_POINT('',(-0.6,0.585,1.17));
#19599=CARTESIAN_POINT('Origin',(-0.6,0.545,1.17));
#19600=CARTESIAN_POINT('',(-0.6,0.585,0.08));
#19601=CARTESIAN_POINT('',(-0.6,0.585,0.04));
#19602=CARTESIAN_POINT('',(-0.6,0.545,0.04));
#19603=CARTESIAN_POINT('Origin',(-0.6,0.545,0.08));
#19604=CARTESIAN_POINT('',(-0.6,-0.585,0.04));
#19605=CARTESIAN_POINT('Origin',(-0.6,-0.545,0.08));
#19606=CARTESIAN_POINT('',(0.6,-0.545,0.04));
#19607=CARTESIAN_POINT('',(-0.6,-0.545,0.04));
#19608=CARTESIAN_POINT('',(0.6,-0.585,0.08));
#19609=CARTESIAN_POINT('Origin',(0.6,-0.545,0.08));
#19610=CARTESIAN_POINT('',(-0.6,-0.585,0.08));
#19611=CARTESIAN_POINT('Origin',(-0.6,-0.585,0.04));
#19612=CARTESIAN_POINT('',(0.6,0.545,0.04));
#19613=CARTESIAN_POINT('',(-0.6,0.545,0.04));
#19614=CARTESIAN_POINT('',(0.6,-0.585,0.04));
#19615=CARTESIAN_POINT('Origin',(-0.6,0.545,0.08));
#19616=CARTESIAN_POINT('',(0.6,0.585,0.08));
#19617=CARTESIAN_POINT('',(-0.6,0.585,0.08));
#19618=CARTESIAN_POINT('Origin',(0.6,0.545,0.08));
#19619=CARTESIAN_POINT('Origin',(-0.6,0.585,0.04));
#19620=CARTESIAN_POINT('',(0.6,0.585,1.17));
#19621=CARTESIAN_POINT('',(0.6,0.585,0.04));
#19622=CARTESIAN_POINT('',(-0.6,0.585,1.17));
#19623=CARTESIAN_POINT('Origin',(-0.6,0.545,1.17));
#19624=CARTESIAN_POINT('',(0.6,0.545,1.21));
#19625=CARTESIAN_POINT('',(-0.6,0.545,1.21));
#19626=CARTESIAN_POINT('Origin',(0.6,0.545,1.17));
#19627=CARTESIAN_POINT('Origin',(-0.6,-0.585,1.21));
#19628=CARTESIAN_POINT('',(0.6,-0.545,1.21));
#19629=CARTESIAN_POINT('',(-0.6,-0.545,1.21));
#19630=CARTESIAN_POINT('',(0.6,-0.585,1.21));
#19631=CARTESIAN_POINT('Origin',(-0.6,-0.545,1.17));
#19632=CARTESIAN_POINT('',(0.6,-0.585,1.17));
#19633=CARTESIAN_POINT('',(-0.6,-0.585,1.17));
#19634=CARTESIAN_POINT('Origin',(0.6,-0.545,1.17));
#19635=CARTESIAN_POINT('Origin',(-0.6,-0.585,0.04));
#19636=CARTESIAN_POINT('',(0.6,-0.585,0.04));
#19637=CARTESIAN_POINT('Origin',(0.6,-0.625,0.));
#19638=CARTESIAN_POINT('',(0.6,-0.625,0.04));
#19639=CARTESIAN_POINT('',(0.6,-0.625,1.21));
#19640=CARTESIAN_POINT('',(0.6,-0.625,0.));
#19641=CARTESIAN_POINT('',(0.6,-0.585,1.25));
#19642=CARTESIAN_POINT('Origin',(0.6,-0.585,1.21));
#19643=CARTESIAN_POINT('',(0.6,0.585,1.25));
#19644=CARTESIAN_POINT('',(0.6,-0.625,1.25));
#19645=CARTESIAN_POINT('',(0.6,0.625,1.21));
#19646=CARTESIAN_POINT('Origin',(0.6,0.585,1.21));
#19647=CARTESIAN_POINT('',(0.6,0.625,0.04));
#19648=CARTESIAN_POINT('',(0.6,0.625,0.));
#19649=CARTESIAN_POINT('',(0.6,0.585,0.));
#19650=CARTESIAN_POINT('Origin',(0.6,0.585,0.04));
#19651=CARTESIAN_POINT('',(0.6,-0.585,0.));
#19652=CARTESIAN_POINT('',(0.6,-0.625,0.));
#19653=CARTESIAN_POINT('Origin',(0.6,-0.585,0.04));
#19654=CARTESIAN_POINT('Origin',(0.6,-0.625,0.));
#19655=CARTESIAN_POINT('',(1.,-0.625,0.04));
#19656=CARTESIAN_POINT('',(1.,-0.625,1.21));
#19657=CARTESIAN_POINT('',(1.,-0.625,0.));
#19658=CARTESIAN_POINT('',(0.6,-0.625,1.21));
#19659=CARTESIAN_POINT('',(0.6,-0.625,0.04));
#19660=CARTESIAN_POINT('Origin',(0.6,-0.585,0.04));
#19661=CARTESIAN_POINT('',(1.,-0.585,0.));
#19662=CARTESIAN_POINT('',(0.6,-0.585,0.));
#19663=CARTESIAN_POINT('Origin',(1.,-0.585,0.04));
#19664=CARTESIAN_POINT('Origin',(0.6,-0.585,1.21));
#19665=CARTESIAN_POINT('',(1.,-0.585,1.25));
#19666=CARTESIAN_POINT('Origin',(1.,-0.585,1.21));
#19667=CARTESIAN_POINT('',(0.6,-0.585,1.25));
#19668=CARTESIAN_POINT('Origin',(0.6,-0.625,0.));
#19669=CARTESIAN_POINT('',(1.,0.585,0.));
#19670=CARTESIAN_POINT('',(0.6,0.585,0.));
#19671=CARTESIAN_POINT('',(1.,-0.625,0.));
#19672=CARTESIAN_POINT('Origin',(0.6,-0.625,1.25));
#19673=CARTESIAN_POINT('',(1.,0.585,1.25));
#19674=CARTESIAN_POINT('',(1.,-0.625,1.25));
#19675=CARTESIAN_POINT('',(0.6,0.585,1.25));
#19676=CARTESIAN_POINT('Origin',(0.6,0.585,0.04));
#19677=CARTESIAN_POINT('',(1.,0.625,0.04));
#19678=CARTESIAN_POINT('',(0.6,0.625,0.04));
#19679=CARTESIAN_POINT('Origin',(1.,0.585,0.04));
#19680=CARTESIAN_POINT('Origin',(0.6,0.585,1.21));
#19681=CARTESIAN_POINT('',(1.,0.625,1.21));
#19682=CARTESIAN_POINT('Origin',(1.,0.585,1.21));
#19683=CARTESIAN_POINT('',(0.6,0.625,1.21));
#19684=CARTESIAN_POINT('Origin',(0.6,0.625,0.));
#19685=CARTESIAN_POINT('',(1.,0.625,0.));
#19686=CARTESIAN_POINT('Origin',(1.,-0.625,0.));
#19687=CARTESIAN_POINT('',(0.,0.,0.));
#19688=CARTESIAN_POINT('Origin',(-1.,-0.6,0.));
#19689=CARTESIAN_POINT('',(-1.,-0.6,0.045));
#19690=CARTESIAN_POINT('',(-1.,-0.6,0.405));
#19691=CARTESIAN_POINT('',(-1.,-0.6,0.));
#19692=CARTESIAN_POINT('',(-1.,0.6,0.405));
#19693=CARTESIAN_POINT('',(-1.,-0.6,0.405));
#19694=CARTESIAN_POINT('',(-1.,0.6,0.045));
#19695=CARTESIAN_POINT('',(-1.,0.6,0.));
#19696=CARTESIAN_POINT('',(-1.,-0.6,0.045));
#19697=CARTESIAN_POINT('Origin',(-1.,-0.6,0.));
#19698=CARTESIAN_POINT('',(-0.955,-0.6,-2.775557561563E-17));
#19699=CARTESIAN_POINT('',(-0.745,-0.6,-2.775557561563E-17));
#19700=CARTESIAN_POINT('',(-1.,-0.6,0.));
#19701=CARTESIAN_POINT('',(-0.7,-0.6,0.045));
#19702=CARTESIAN_POINT('Origin',(-0.745,-0.6,0.045));
#19703=CARTESIAN_POINT('',(-0.955,-0.6,0.045));
#19704=CARTESIAN_POINT('',(-0.955,-0.6,0.045));
#19705=CARTESIAN_POINT('',(-0.955,-0.6,0.405));
#19706=CARTESIAN_POINT('',(-0.955,-0.6,0.045));
#19707=CARTESIAN_POINT('',(-0.7,-0.6,0.405));
#19708=CARTESIAN_POINT('',(-0.955,-0.6,0.405));
#19709=CARTESIAN_POINT('',(-0.745,-0.6,0.45));
#19710=CARTESIAN_POINT('Origin',(-0.745,-0.6,0.405));
#19711=CARTESIAN_POINT('',(-0.955,-0.6,0.45));
#19712=CARTESIAN_POINT('',(-1.,-0.6,0.45));
#19713=CARTESIAN_POINT('Origin',(-0.955,-0.6,0.405));
#19714=CARTESIAN_POINT('Origin',(-0.955,-0.6,0.045));
#19715=CARTESIAN_POINT('Origin',(-0.955,-0.6,0.045));
#19716=CARTESIAN_POINT('',(-0.955,0.6,-2.775557561563E-17));
#19717=CARTESIAN_POINT('Origin',(-0.955,0.6,0.045));
#19718=CARTESIAN_POINT('',(-0.955,-0.6,-2.775557561563E-17));
#19719=CARTESIAN_POINT('Origin',(-0.955,-0.6,0.405));
#19720=CARTESIAN_POINT('',(-0.955,0.6,0.45));
#19721=CARTESIAN_POINT('',(-0.955,-0.6,0.45));
#19722=CARTESIAN_POINT('Origin',(-0.955,0.6,0.405));
#19723=CARTESIAN_POINT('Origin',(-1.,0.6,0.));
#19724=CARTESIAN_POINT('',(-0.745,0.6,-2.775557561563E-17));
#19725=CARTESIAN_POINT('',(-1.,0.6,0.));
#19726=CARTESIAN_POINT('',(-0.745,0.6,0.45));
#19727=CARTESIAN_POINT('',(-1.,0.6,0.45));
#19728=CARTESIAN_POINT('',(-0.7,0.6,0.405));
#19729=CARTESIAN_POINT('Origin',(-0.745,0.6,0.405));
#19730=CARTESIAN_POINT('',(-0.955,0.6,0.405));
#19731=CARTESIAN_POINT('',(-0.955,0.6,0.405));
#19732=CARTESIAN_POINT('',(-0.955,0.6,0.045));
#19733=CARTESIAN_POINT('',(-0.955,0.6,0.045));
#19734=CARTESIAN_POINT('',(-0.7,0.6,0.045));
#19735=CARTESIAN_POINT('',(-0.955,0.6,0.045));
#19736=CARTESIAN_POINT('Origin',(-0.745,0.6,0.045));
#19737=CARTESIAN_POINT('Origin',(-1.,-0.6,0.));
#19738=CARTESIAN_POINT('',(-0.745,-0.6,-2.775557561563E-17));
#19739=CARTESIAN_POINT('Origin',(-0.745,-0.6,0.045));
#19740=CARTESIAN_POINT('',(-0.7,-0.6,0.045));
#19741=CARTESIAN_POINT('Origin',(-0.955,-0.6,0.045));
#19742=CARTESIAN_POINT('',(0.7,-0.6,0.045));
#19743=CARTESIAN_POINT('',(-0.955,-0.6,0.045));
#19744=CARTESIAN_POINT('',(0.955,-0.6,0.045));
#19745=CARTESIAN_POINT('',(-0.955,-0.6,0.045));
#19746=CARTESIAN_POINT('',(0.955,-0.6,0.405));
#19747=CARTESIAN_POINT('',(0.955,-0.6,0.045));
#19748=CARTESIAN_POINT('',(0.7,-0.6,0.405));
#19749=CARTESIAN_POINT('',(-0.955,-0.6,0.405));
#19750=CARTESIAN_POINT('',(-0.7,-0.6,0.405));
#19751=CARTESIAN_POINT('Origin',(-1.,-0.6,0.45));
#19752=CARTESIAN_POINT('',(-0.745,-0.6,0.45));
#19753=CARTESIAN_POINT('Origin',(-0.745,-0.6,0.405));
#19754=CARTESIAN_POINT('',(-0.7,-0.6,0.405));
#19755=CARTESIAN_POINT('Origin',(-0.955,0.6,0.045));
#19756=CARTESIAN_POINT('',(0.7,0.6,0.405));
#19757=CARTESIAN_POINT('',(-0.7,0.6,0.405));
#19758=CARTESIAN_POINT('',(0.955,0.6,0.405));
#19759=CARTESIAN_POINT('',(-0.955,0.6,0.405));
#19760=CARTESIAN_POINT('',(0.955,0.6,0.045));
#19761=CARTESIAN_POINT('',(0.955,0.6,0.045));
#19762=CARTESIAN_POINT('',(0.7,0.6,0.045));
#19763=CARTESIAN_POINT('',(-0.955,0.6,0.045));
#19764=CARTESIAN_POINT('',(-0.955,0.6,0.045));
#19765=CARTESIAN_POINT('Origin',(-0.955,-0.6,0.045));
#19766=CARTESIAN_POINT('',(0.7,-0.6,0.045));
#19767=CARTESIAN_POINT('Origin',(0.7,-0.6,0.));
#19768=CARTESIAN_POINT('',(0.745,-0.6,-2.775557561563E-17));
#19769=CARTESIAN_POINT('',(0.955,-0.6,-2.775557561563E-17));
#19770=CARTESIAN_POINT('',(0.7,-0.6,0.));
#19771=CARTESIAN_POINT('',(1.,-0.6,0.045));
#19772=CARTESIAN_POINT('Origin',(0.955,-0.6,0.045));
#19773=CARTESIAN_POINT('',(1.,-0.6,0.405));
#19774=CARTESIAN_POINT('',(1.,-0.6,0.));
#19775=CARTESIAN_POINT('',(0.955,-0.6,0.45));
#19776=CARTESIAN_POINT('Origin',(0.955,-0.6,0.405));
#19777=CARTESIAN_POINT('',(0.745,-0.6,0.45));
#19778=CARTESIAN_POINT('',(0.7,-0.6,0.45));
#19779=CARTESIAN_POINT('Origin',(0.745,-0.6,0.405));
#19780=CARTESIAN_POINT('Origin',(0.745,-0.6,0.045));
#19781=CARTESIAN_POINT('Origin',(-0.7,-0.6,0.405));
#19782=CARTESIAN_POINT('',(0.7,-0.6,0.45));
#19783=CARTESIAN_POINT('',(0.7,-0.6,0.405));
#19784=CARTESIAN_POINT('',(-0.7,-0.6,0.45));
#19785=CARTESIAN_POINT('',(-0.7,-0.6,0.45));
#19786=CARTESIAN_POINT('',(-0.7,-0.6,0.405));
#19787=CARTESIAN_POINT('Origin',(-0.7,-0.6,0.405));
#19788=CARTESIAN_POINT('',(-0.7,0.6,0.45));
#19789=CARTESIAN_POINT('',(-0.7,-0.6,0.45));
#19790=CARTESIAN_POINT('',(-0.7,0.6,0.405));
#19791=CARTESIAN_POINT('Origin',(0.7,0.6,0.));
#19792=CARTESIAN_POINT('',(0.745,0.6,-2.775557561563E-17));
#19793=CARTESIAN_POINT('',(0.955,0.6,-2.775557561563E-17));
#19794=CARTESIAN_POINT('',(0.7,0.6,0.));
#19795=CARTESIAN_POINT('Origin',(0.745,0.6,0.045));
#19796=CARTESIAN_POINT('',(0.745,0.6,0.45));
#19797=CARTESIAN_POINT('Origin',(0.745,0.6,0.405));
#19798=CARTESIAN_POINT('',(0.955,0.6,0.45));
#19799=CARTESIAN_POINT('',(0.7,0.6,0.45));
#19800=CARTESIAN_POINT('',(1.,0.6,0.405));
#19801=CARTESIAN_POINT('Origin',(0.955,0.6,0.405));
#19802=CARTESIAN_POINT('',(1.,0.6,0.045));
#19803=CARTESIAN_POINT('',(1.,0.6,0.));
#19804=CARTESIAN_POINT('Origin',(0.955,0.6,0.045));
#19805=CARTESIAN_POINT('Origin',(-0.7,0.6,0.405));
#19806=CARTESIAN_POINT('',(0.7,0.6,0.45));
#19807=CARTESIAN_POINT('',(-0.7,0.6,0.45));
#19808=CARTESIAN_POINT('',(0.7,0.6,0.405));
#19809=CARTESIAN_POINT('Origin',(0.745,-0.6,0.045));
#19810=CARTESIAN_POINT('',(0.745,-0.6,-2.775557561563E-17));
#19811=CARTESIAN_POINT('Origin',(0.7,-0.6,0.));
#19812=CARTESIAN_POINT('',(0.955,-0.6,-2.775557561563E-17));
#19813=CARTESIAN_POINT('Origin',(0.955,-0.6,0.045));
#19814=CARTESIAN_POINT('',(1.,-0.6,0.045));
#19815=CARTESIAN_POINT('Origin',(1.,-0.6,0.));
#19816=CARTESIAN_POINT('',(1.,-0.6,0.405));
#19817=CARTESIAN_POINT('Origin',(0.955,-0.6,0.405));
#19818=CARTESIAN_POINT('',(0.955,-0.6,0.45));
#19819=CARTESIAN_POINT('Origin',(0.7,-0.6,0.45));
#19820=CARTESIAN_POINT('',(0.745,-0.6,0.45));
#19821=CARTESIAN_POINT('Origin',(0.745,-0.6,0.405));
#19822=CARTESIAN_POINT('',(0.7,-0.6,0.405));
#19823=CARTESIAN_POINT('Origin',(0.7,-0.6,0.405));
#19824=CARTESIAN_POINT('',(0.7,-0.6,0.45));
#19825=CARTESIAN_POINT('Origin',(-0.7,-0.6,0.45));
#19826=CARTESIAN_POINT('',(143.5,-84.95,1.595));
#19827=CARTESIAN_POINT('',(101.45,-93.5,1.595));
#19828=CARTESIAN_POINT('',(126.4,-57.19,1.595));
#19829=CARTESIAN_POINT('',(153.95,-94.4,1.595));
#19830=CARTESIAN_POINT('',(133.9135,-94.114,1.595));
#19831=CARTESIAN_POINT('',(85.2,-92.7,1.595));
#19832=CARTESIAN_POINT('',(113.45,-95.,1.595));
#19833=CARTESIAN_POINT('',(0.,-8.75811540203011E-47,-2.22044604925031E-16));
#19834=CARTESIAN_POINT('',(126.3,-77.99,1.595));
#19835=CARTESIAN_POINT('',(133.4,-77.99,1.595));
#19836=CARTESIAN_POINT('',(129.95,-57.19,1.595));
#19837=CARTESIAN_POINT('',(122.75,-77.99,1.595));
#19838=CARTESIAN_POINT('',(129.85,-77.99,1.595));
#19839=CARTESIAN_POINT('',(122.85,-57.19,1.595));
#19840=CARTESIAN_POINT('',(133.5,-57.19,1.595));
#19841=CARTESIAN_POINT('',(147.,-84.95,1.595));
#19842=CARTESIAN_POINT('',(143.5875,-92.5875,1.595));
#19843=CARTESIAN_POINT('',(0.,0.,0.));
#19844=CARTESIAN_POINT('',(0.,0.,0.));
#19845=CARTESIAN_POINT('',(0.,-13.,3.78863607153335E-15));
#19846=UNCERTAINTY_MEASURE_WITH_UNIT(LENGTH_MEASURE(0.01),#19872,
'DISTANCE_ACCURACY_VALUE',
'Maximum model space distance between geometric entities at asserted c
onnectivities');
#19847=UNCERTAINTY_MEASURE_WITH_UNIT(LENGTH_MEASURE(0.01),#19872,
'DISTANCE_ACCURACY_VALUE',
'Maximum model space distance between geometric entities at asserted c
onnectivities');
#19848=UNCERTAINTY_MEASURE_WITH_UNIT(LENGTH_MEASURE(0.01),#19872,
'DISTANCE_ACCURACY_VALUE',
'Maximum model space distance between geometric entities at asserted c
onnectivities');
#19849=UNCERTAINTY_MEASURE_WITH_UNIT(LENGTH_MEASURE(0.01),#19872,
'DISTANCE_ACCURACY_VALUE',
'Maximum model space distance between geometric entities at asserted c
onnectivities');
#19850=UNCERTAINTY_MEASURE_WITH_UNIT(LENGTH_MEASURE(0.01),#19872,
'DISTANCE_ACCURACY_VALUE',
'Maximum model space distance between geometric entities at asserted c
onnectivities');
#19851=UNCERTAINTY_MEASURE_WITH_UNIT(LENGTH_MEASURE(0.01),#19872,
'DISTANCE_ACCURACY_VALUE',
'Maximum model space distance between geometric entities at asserted c
onnectivities');
#19852=UNCERTAINTY_MEASURE_WITH_UNIT(LENGTH_MEASURE(0.01),#19872,
'DISTANCE_ACCURACY_VALUE',
'Maximum model space distance between geometric entities at asserted c
onnectivities');
#19853=UNCERTAINTY_MEASURE_WITH_UNIT(LENGTH_MEASURE(0.01),#19872,
'DISTANCE_ACCURACY_VALUE',
'Maximum model space distance between geometric entities at asserted c
onnectivities');
#19854=UNCERTAINTY_MEASURE_WITH_UNIT(LENGTH_MEASURE(0.01),#19872,
'DISTANCE_ACCURACY_VALUE',
'Maximum model space distance between geometric entities at asserted c
onnectivities');
#19855=UNCERTAINTY_MEASURE_WITH_UNIT(LENGTH_MEASURE(0.01),#19872,
'DISTANCE_ACCURACY_VALUE',
'Maximum model space distance between geometric entities at asserted c
onnectivities');
#19856=UNCERTAINTY_MEASURE_WITH_UNIT(LENGTH_MEASURE(0.01),#19872,
'DISTANCE_ACCURACY_VALUE',
'Maximum model space distance between geometric entities at asserted c
onnectivities');
#19857=UNCERTAINTY_MEASURE_WITH_UNIT(LENGTH_MEASURE(0.01),#19872,
'DISTANCE_ACCURACY_VALUE',
'Maximum model space distance between geometric entities at asserted c
onnectivities');
#19858=UNCERTAINTY_MEASURE_WITH_UNIT(LENGTH_MEASURE(0.01),#19872,
'DISTANCE_ACCURACY_VALUE',
'Maximum model space distance between geometric entities at asserted c
onnectivities');
#19859=(
GEOMETRIC_REPRESENTATION_CONTEXT(3)
GLOBAL_UNCERTAINTY_ASSIGNED_CONTEXT((#19846))
GLOBAL_UNIT_ASSIGNED_CONTEXT((#19872,#19874,#19875))
REPRESENTATION_CONTEXT('','3D')
);
#19860=(
GEOMETRIC_REPRESENTATION_CONTEXT(3)
GLOBAL_UNCERTAINTY_ASSIGNED_CONTEXT((#19847))
GLOBAL_UNIT_ASSIGNED_CONTEXT((#19872,#19874,#19875))
REPRESENTATION_CONTEXT('','3D')
);
#19861=(
GEOMETRIC_REPRESENTATION_CONTEXT(3)
GLOBAL_UNCERTAINTY_ASSIGNED_CONTEXT((#19848))
GLOBAL_UNIT_ASSIGNED_CONTEXT((#19872,#19874,#19875))
REPRESENTATION_CONTEXT('','3D')
);
#19862=(
GEOMETRIC_REPRESENTATION_CONTEXT(3)
GLOBAL_UNCERTAINTY_ASSIGNED_CONTEXT((#19849))
GLOBAL_UNIT_ASSIGNED_CONTEXT((#19872,#19874,#19875))
REPRESENTATION_CONTEXT('','3D')
);
#19863=(
GEOMETRIC_REPRESENTATION_CONTEXT(3)
GLOBAL_UNCERTAINTY_ASSIGNED_CONTEXT((#19850))
GLOBAL_UNIT_ASSIGNED_CONTEXT((#19872,#19874,#19875))
REPRESENTATION_CONTEXT('','3D')
);
#19864=(
GEOMETRIC_REPRESENTATION_CONTEXT(3)
GLOBAL_UNCERTAINTY_ASSIGNED_CONTEXT((#19851))
GLOBAL_UNIT_ASSIGNED_CONTEXT((#19872,#19874,#19875))
REPRESENTATION_CONTEXT('','3D')
);
#19865=(
GEOMETRIC_REPRESENTATION_CONTEXT(3)
GLOBAL_UNCERTAINTY_ASSIGNED_CONTEXT((#19852))
GLOBAL_UNIT_ASSIGNED_CONTEXT((#19872,#19874,#19875))
REPRESENTATION_CONTEXT('','3D')
);
#19866=(
GEOMETRIC_REPRESENTATION_CONTEXT(3)
GLOBAL_UNCERTAINTY_ASSIGNED_CONTEXT((#19853))
GLOBAL_UNIT_ASSIGNED_CONTEXT((#19872,#19874,#19875))
REPRESENTATION_CONTEXT('','3D')
);
#19867=(
GEOMETRIC_REPRESENTATION_CONTEXT(3)
GLOBAL_UNCERTAINTY_ASSIGNED_CONTEXT((#19854))
GLOBAL_UNIT_ASSIGNED_CONTEXT((#19872,#19874,#19875))
REPRESENTATION_CONTEXT('','3D')
);
#19868=(
GEOMETRIC_REPRESENTATION_CONTEXT(3)
GLOBAL_UNCERTAINTY_ASSIGNED_CONTEXT((#19855))
GLOBAL_UNIT_ASSIGNED_CONTEXT((#19872,#19874,#19875))
REPRESENTATION_CONTEXT('','3D')
);
#19869=(
GEOMETRIC_REPRESENTATION_CONTEXT(3)
GLOBAL_UNCERTAINTY_ASSIGNED_CONTEXT((#19856))
GLOBAL_UNIT_ASSIGNED_CONTEXT((#19872,#19874,#19875))
REPRESENTATION_CONTEXT('','3D')
);
#19870=(
GEOMETRIC_REPRESENTATION_CONTEXT(3)
GLOBAL_UNCERTAINTY_ASSIGNED_CONTEXT((#19857))
GLOBAL_UNIT_ASSIGNED_CONTEXT((#19872,#19874,#19875))
REPRESENTATION_CONTEXT('','3D')
);
#19871=(
GEOMETRIC_REPRESENTATION_CONTEXT(3)
GLOBAL_UNCERTAINTY_ASSIGNED_CONTEXT((#19858))
GLOBAL_UNIT_ASSIGNED_CONTEXT((#19872,#19874,#19875))
REPRESENTATION_CONTEXT('','3D')
);
#19872=(
LENGTH_UNIT()
NAMED_UNIT(*)
SI_UNIT(.MILLI.,.METRE.)
);
#19873=(
LENGTH_UNIT()
NAMED_UNIT(*)
SI_UNIT($,.METRE.)
);
#19874=(
NAMED_UNIT(*)
PLANE_ANGLE_UNIT()
SI_UNIT($,.RADIAN.)
);
#19875=(
NAMED_UNIT(*)
SI_UNIT($,.STERADIAN.)
SOLID_ANGLE_UNIT()
);
#19876=SHAPE_DEFINITION_REPRESENTATION(#19888,#19920);
#19877=SHAPE_DEFINITION_REPRESENTATION(#19889,#19921);
#19878=SHAPE_DEFINITION_REPRESENTATION(#19890,#19922);
#19879=SHAPE_DEFINITION_REPRESENTATION(#19891,#19923);
#19880=SHAPE_DEFINITION_REPRESENTATION(#19892,#19924);
#19881=SHAPE_DEFINITION_REPRESENTATION(#19893,#19925);
#19882=SHAPE_DEFINITION_REPRESENTATION(#19894,#19926);
#19883=SHAPE_DEFINITION_REPRESENTATION(#19895,#19927);
#19884=SHAPE_DEFINITION_REPRESENTATION(#19896,#19928);
#19885=SHAPE_DEFINITION_REPRESENTATION(#19897,#19929);
#19886=SHAPE_DEFINITION_REPRESENTATION(#19898,#19930);
#19887=SHAPE_DEFINITION_REPRESENTATION(#19899,#19931);
#19888=PRODUCT_DEFINITION_SHAPE('',$,#19933);
#19889=PRODUCT_DEFINITION_SHAPE('',$,#19934);
#19890=PRODUCT_DEFINITION_SHAPE('',$,#19935);
#19891=PRODUCT_DEFINITION_SHAPE('',$,#19936);
#19892=PRODUCT_DEFINITION_SHAPE('',$,#19937);
#19893=PRODUCT_DEFINITION_SHAPE('',$,#19938);
#19894=PRODUCT_DEFINITION_SHAPE('',$,#19939);
#19895=PRODUCT_DEFINITION_SHAPE('',$,#19940);
#19896=PRODUCT_DEFINITION_SHAPE('',$,#19941);
#19897=PRODUCT_DEFINITION_SHAPE('',$,#19942);
#19898=PRODUCT_DEFINITION_SHAPE('',$,#19943);
#19899=PRODUCT_DEFINITION_SHAPE('',$,#19944);
#19900=PRODUCT_DEFINITION_SHAPE($,$,#71);
#19901=PRODUCT_DEFINITION_SHAPE($,$,#72);
#19902=PRODUCT_DEFINITION_SHAPE($,$,#73);
#19903=PRODUCT_DEFINITION_SHAPE($,$,#74);
#19904=PRODUCT_DEFINITION_SHAPE($,$,#75);
#19905=PRODUCT_DEFINITION_SHAPE($,$,#76);
#19906=PRODUCT_DEFINITION_SHAPE($,$,#77);
#19907=PRODUCT_DEFINITION_SHAPE($,$,#78);
#19908=PRODUCT_DEFINITION_SHAPE($,$,#79);
#19909=PRODUCT_DEFINITION_SHAPE($,$,#80);
#19910=PRODUCT_DEFINITION_SHAPE($,$,#81);
#19911=PRODUCT_DEFINITION_SHAPE($,$,#82);
#19912=PRODUCT_DEFINITION_SHAPE($,$,#83);
#19913=PRODUCT_DEFINITION_SHAPE($,$,#84);
#19914=PRODUCT_DEFINITION_SHAPE($,$,#85);
#19915=PRODUCT_DEFINITION_SHAPE($,$,#86);
#19916=PRODUCT_DEFINITION_SHAPE($,$,#87);
#19917=PRODUCT_DEFINITION_SHAPE($,$,#88);
#19918=PRODUCT_DEFINITION_SHAPE($,$,#89);
#19919=PRODUCT_DEFINITION_SHAPE($,$,#90);
#19920=SHAPE_REPRESENTATION('',(#12278,#13284,#13285,#13286),#19859);
#19921=SHAPE_REPRESENTATION('',(#12279),#19860);
#19922=SHAPE_REPRESENTATION('',(#12355),#19861);
#19923=SHAPE_REPRESENTATION('',(#12412,#13267,#13268,#13269,#13270,#13271,
#13272,#13273,#13274,#13275,#13276,#13277,#13278,#13279,#13280,#13281,#13282,
#13283),#19862);
#19924=SHAPE_REPRESENTATION('',(#12413),#19863);
#19925=SHAPE_REPRESENTATION('',(#12536),#19864);
#19926=SHAPE_REPRESENTATION('',(#12558),#19865);
#19927=SHAPE_REPRESENTATION('',(#12804),#19866);
#19928=SHAPE_REPRESENTATION('',(#12990),#19867);
#19929=SHAPE_REPRESENTATION('',(#13132),#19868);
#19930=SHAPE_REPRESENTATION('',(#13171),#19869);
#19931=SHAPE_REPRESENTATION('',(#13224),#19870);
#19932=PRODUCT_DEFINITION_CONTEXT('part definition',#19970,'design');
#19933=PRODUCT_DEFINITION('2026-02-20-22-02-29-797',
'Enclosure-Display-formal',#19945,#19932);
#19934=PRODUCT_DEFINITION('2026-02-20-22-31-29-627','Bottom_Case',#19946,
#19932);
#19935=PRODUCT_DEFINITION('2026-02-20-23-18-33-939','Top case',#19947,#19932);
#19936=PRODUCT_DEFINITION('2026-02-21-00-43-46-773','PCB Source_v3',#19948,
#19932);
#19937=PRODUCT_DEFINITION('2026-02-21-00-43-46-773_1',
'JST_PH_S2B-PH-K_1x02_P2.00mm_Horizontal',#19949,#19932);
#19938=PRODUCT_DEFINITION('2026-02-21-00-43-46-773_2','LED_D5.0mm',#19950,
#19932);
#19939=PRODUCT_DEFINITION('2026-02-21-00-43-46-773_3',
'SW_Slide_SPDT_Straight_CK_OS102011MS2Q',#19951,#19932);
#19940=PRODUCT_DEFINITION('2026-02-21-00-43-46-773_4','SW_PUSH_6mm',#19952,
#19932);
#19941=PRODUCT_DEFINITION('2026-02-21-00-43-46-774',
'SnoreSense_Display_PCB_v1_PCB',#19953,#19932);
#19942=PRODUCT_DEFINITION('2026-02-21-00-43-46-773_5',
'D_DO-35_SOD27_P7.62mm_Horizontal',#19954,#19932);
#19943=PRODUCT_DEFINITION('2026-02-21-00-43-46-773_6',
'C_0805_2012Metric',#19955,#19932);
#19944=PRODUCT_DEFINITION('2026-02-21-00-43-46-773_7',
'R_0805_2012Metric',#19956,#19932);
#19945=PRODUCT_DEFINITION_FORMATION('',$,#19972);
#19946=PRODUCT_DEFINITION_FORMATION('',$,#19973);
#19947=PRODUCT_DEFINITION_FORMATION('',$,#19974);
#19948=PRODUCT_DEFINITION_FORMATION('',$,#19975);
#19949=PRODUCT_DEFINITION_FORMATION('',$,#19976);
#19950=PRODUCT_DEFINITION_FORMATION('',$,#19977);
#19951=PRODUCT_DEFINITION_FORMATION('',$,#19978);
#19952=PRODUCT_DEFINITION_FORMATION('',$,#19979);
#19953=PRODUCT_DEFINITION_FORMATION('',$,#19980);
#19954=PRODUCT_DEFINITION_FORMATION('',$,#19981);
#19955=PRODUCT_DEFINITION_FORMATION('',$,#19982);
#19956=PRODUCT_DEFINITION_FORMATION('',$,#19983);
#19957=PRODUCT_RELATED_PRODUCT_CATEGORY('Enclosure-Display-formal',
'Enclosure-Display-formal',(#19972));
#19958=PRODUCT_RELATED_PRODUCT_CATEGORY('Bottom_Case','Bottom_Case',(#19973));
#19959=PRODUCT_RELATED_PRODUCT_CATEGORY('Top case','Top case',(#19974));
#19960=PRODUCT_RELATED_PRODUCT_CATEGORY('PCB Source_v3','PCB Source_v3',
(#19975));
#19961=PRODUCT_RELATED_PRODUCT_CATEGORY(
'JST_PH_S2B-PH-K_1x02_P2.00mm_Horizontal',
'JST_PH_S2B-PH-K_1x02_P2.00mm_Horizontal',(#19976));
#19962=PRODUCT_RELATED_PRODUCT_CATEGORY('LED_D5.0mm','LED_D5.0mm',(#19977));
#19963=PRODUCT_RELATED_PRODUCT_CATEGORY(
'SW_Slide_SPDT_Straight_CK_OS102011MS2Q',
'SW_Slide_SPDT_Straight_CK_OS102011MS2Q',(#19978));
#19964=PRODUCT_RELATED_PRODUCT_CATEGORY('SW_PUSH_6mm','SW_PUSH_6mm',(#19979));
#19965=PRODUCT_RELATED_PRODUCT_CATEGORY('SnoreSense_Display_PCB_v1_PCB',
'SnoreSense_Display_PCB_v1_PCB',(#19980));
#19966=PRODUCT_RELATED_PRODUCT_CATEGORY(
'D_DO-35_SOD27_P7.62mm_Horizontal','D_DO-35_SOD27_P7.62mm_Horizontal',(#19981));
#19967=PRODUCT_RELATED_PRODUCT_CATEGORY('C_0805_2012Metric',
'C_0805_2012Metric',(#19982));
#19968=PRODUCT_RELATED_PRODUCT_CATEGORY('R_0805_2012Metric',
'R_0805_2012Metric',(#19983));
#19969=APPLICATION_PROTOCOL_DEFINITION('international standard',
'automotive_design',2009,#19970);
#19970=APPLICATION_CONTEXT(
'Core Data for Automotive Mechanical Design Process');
#19971=PRODUCT_CONTEXT('part definition',#19970,'mechanical');
#19972=PRODUCT('2026-02-20-22-02-29-797','Enclosure-Display-formal',$,(#19971));
#19973=PRODUCT('2026-02-20-22-31-29-627','Bottom_Case',$,(#19971));
#19974=PRODUCT('2026-02-20-23-18-33-939','Top case',$,(#19971));
#19975=PRODUCT('2026-02-21-00-43-46-773','PCB Source_v3',$,(#19971));
#19976=PRODUCT('2026-02-21-00-43-46-773_1',
'JST_PH_S2B-PH-K_1x02_P2.00mm_Horizontal',$,(#19971));
#19977=PRODUCT('2026-02-21-00-43-46-773_2','LED_D5.0mm',$,(#19971));
#19978=PRODUCT('2026-02-21-00-43-46-773_3',
'SW_Slide_SPDT_Straight_CK_OS102011MS2Q',$,(#19971));
#19979=PRODUCT('2026-02-21-00-43-46-773_4','SW_PUSH_6mm',$,(#19971));
#19980=PRODUCT('2026-02-21-00-43-46-774',
'SnoreSense_Display_PCB_v1_PCB',$,(#19971));
#19981=PRODUCT('2026-02-21-00-43-46-773_5',
'D_DO-35_SOD27_P7.62mm_Horizontal',$,(#19971));
#19982=PRODUCT('2026-02-21-00-43-46-773_6','C_0805_2012Metric',$,(#19971));
#19983=PRODUCT('2026-02-21-00-43-46-773_7','R_0805_2012Metric',$,(#19971));
#19984=PRESENTATION_STYLE_ASSIGNMENT((#19996));
#19985=PRESENTATION_STYLE_ASSIGNMENT((#19997));
#19986=PRESENTATION_STYLE_ASSIGNMENT((#19998));
#19987=PRESENTATION_STYLE_ASSIGNMENT((#19999));
#19988=PRESENTATION_STYLE_ASSIGNMENT((#20000));
#19989=PRESENTATION_STYLE_ASSIGNMENT((#20001));
#19990=PRESENTATION_STYLE_ASSIGNMENT((#20002));
#19991=PRESENTATION_STYLE_ASSIGNMENT((#20003));
#19992=PRESENTATION_STYLE_ASSIGNMENT((#20004));
#19993=PRESENTATION_STYLE_ASSIGNMENT((#20005));
#19994=PRESENTATION_STYLE_ASSIGNMENT((#20006));
#19995=PRESENTATION_STYLE_ASSIGNMENT((#20007));
#19996=SURFACE_STYLE_USAGE(.BOTH.,#20008);
#19997=SURFACE_STYLE_USAGE(.BOTH.,#20009);
#19998=SURFACE_STYLE_USAGE(.BOTH.,#20010);
#19999=SURFACE_STYLE_USAGE(.BOTH.,#20011);
#20000=SURFACE_STYLE_USAGE(.BOTH.,#20012);
#20001=SURFACE_STYLE_USAGE(.BOTH.,#20013);
#20002=SURFACE_STYLE_USAGE(.BOTH.,#20014);
#20003=SURFACE_STYLE_USAGE(.BOTH.,#20015);
#20004=SURFACE_STYLE_USAGE(.BOTH.,#20016);
#20005=SURFACE_STYLE_USAGE(.BOTH.,#20017);
#20006=SURFACE_STYLE_USAGE(.BOTH.,#20018);
#20007=SURFACE_STYLE_USAGE(.BOTH.,#20019);
#20008=SURFACE_SIDE_STYLE('',(#20020));
#20009=SURFACE_SIDE_STYLE('',(#20021));
#20010=SURFACE_SIDE_STYLE('',(#20022));
#20011=SURFACE_SIDE_STYLE('',(#20023));
#20012=SURFACE_SIDE_STYLE('',(#20024));
#20013=SURFACE_SIDE_STYLE('',(#20025));
#20014=SURFACE_SIDE_STYLE('',(#20026));
#20015=SURFACE_SIDE_STYLE('',(#20027));
#20016=SURFACE_SIDE_STYLE('',(#20028));
#20017=SURFACE_SIDE_STYLE('',(#20029));
#20018=SURFACE_SIDE_STYLE('',(#20030));
#20019=SURFACE_SIDE_STYLE('',(#20031));
#20020=SURFACE_STYLE_FILL_AREA(#20032);
#20021=SURFACE_STYLE_FILL_AREA(#20033);
#20022=SURFACE_STYLE_FILL_AREA(#20034);
#20023=SURFACE_STYLE_FILL_AREA(#20035);
#20024=SURFACE_STYLE_FILL_AREA(#20036);
#20025=SURFACE_STYLE_FILL_AREA(#20037);
#20026=SURFACE_STYLE_FILL_AREA(#20038);
#20027=SURFACE_STYLE_FILL_AREA(#20039);
#20028=SURFACE_STYLE_FILL_AREA(#20040);
#20029=SURFACE_STYLE_FILL_AREA(#20041);
#20030=SURFACE_STYLE_FILL_AREA(#20042);
#20031=SURFACE_STYLE_FILL_AREA(#20043);
#20032=FILL_AREA_STYLE('Steel - Satin',(#20044));
#20033=FILL_AREA_STYLE('Opaque(228,227,207)',(#20045));
#20034=FILL_AREA_STYLE('Opaque(210,209,199)',(#20046));
#20035=FILL_AREA_STYLE('Opaque(178,25,13)',(#20047));
#20036=FILL_AREA_STYLE('Opaque(204,204,204)',(#20048));
#20037=FILL_AREA_STYLE('Opaque(212,173,17)',(#20049));
#20038=FILL_AREA_STYLE('Opaque(70,70,70)',(#20050));
#20039=FILL_AREA_STYLE('Opaque(38,37,37)',(#20051));
#20040=FILL_AREA_STYLE('Opaque(80,124,105)',(#20052));
#20041=FILL_AREA_STYLE('Opaque(0,161,191)',(#20053));
#20042=FILL_AREA_STYLE('Opaque(97,69,55)',(#20054));
#20043=FILL_AREA_STYLE('Opaque(21,22,24)',(#20055));
#20044=FILL_AREA_STYLE_COLOUR('Steel - Satin',#20056);
#20045=FILL_AREA_STYLE_COLOUR('Opaque(228,227,207)',#20057);
#20046=FILL_AREA_STYLE_COLOUR('Opaque(210,209,199)',#20058);
#20047=FILL_AREA_STYLE_COLOUR('Opaque(178,25,13)',#20059);
#20048=FILL_AREA_STYLE_COLOUR('Opaque(204,204,204)',#20060);
#20049=FILL_AREA_STYLE_COLOUR('Opaque(212,173,17)',#20061);
#20050=FILL_AREA_STYLE_COLOUR('Opaque(70,70,70)',#20062);
#20051=FILL_AREA_STYLE_COLOUR('Opaque(38,37,37)',#20063);
#20052=FILL_AREA_STYLE_COLOUR('Opaque(80,124,105)',#20064);
#20053=FILL_AREA_STYLE_COLOUR('Opaque(0,161,191)',#20065);
#20054=FILL_AREA_STYLE_COLOUR('Opaque(97,69,55)',#20066);
#20055=FILL_AREA_STYLE_COLOUR('Opaque(21,22,24)',#20067);
#20056=COLOUR_RGB('Steel - Satin',0.627450980392157,0.627450980392157,0.627450980392157);
#20057=COLOUR_RGB('Opaque(228,227,207)',0.894117647058824,0.890196078431372,
0.811764705882353);
#20058=COLOUR_RGB('Opaque(210,209,199)',0.823529411764706,0.819607843137255,
0.780392156862745);
#20059=COLOUR_RGB('Opaque(178,25,13)',0.698039215686274,0.0980392156862745,
0.0509803921568627);
#20060=COLOUR_RGB('Opaque(204,204,204)',0.8,0.8,0.8);
#20061=COLOUR_RGB('Opaque(212,173,17)',0.831372549019608,0.67843137254902,
0.0666666666666667);
#20062=COLOUR_RGB('Opaque(70,70,70)',0.274509803921569,0.274509803921569,
0.274509803921569);
#20063=COLOUR_RGB('Opaque(38,37,37)',0.149019607843137,0.145098039215686,
0.145098039215686);
#20064=COLOUR_RGB('Opaque(80,124,105)',0.313725490196078,0.486274509803922,
0.411764705882353);
#20065=COLOUR_RGB('Opaque(0,161,191)',0.,0.631372549019608,0.749019607843137);
#20066=COLOUR_RGB('Opaque(97,69,55)',0.380392156862745,0.270588235294118,
0.215686274509804);
#20067=COLOUR_RGB('Opaque(21,22,24)',0.0823529411764706,0.0862745098039216,
0.0941176470588235);
ENDSEC;
END-ISO-10303-21;
