ISO-10303-21;
HEADER;
FILE_DESCRIPTION(('KiCad electronic assembly'),'2;1');
FILE_NAME('_autosave-SnoreSense_Display_PCB_v3.step',
  '2026-02-20T21:57:29',('Pcbnew'),('Kicad'),
  'Open CASCADE STEP processor 7.8','KiCad to STEP converter','Unknown'
  );
FILE_SCHEMA(('AUTOMOTIVE_DESIGN { 1 0 10303 214 1 1 1 1 }'));
ENDSEC;
DATA;
#1 = APPLICATION_PROTOCOL_DEFINITION('international standard',
  'automotive_design',2000,#2);
#2 = APPLICATION_CONTEXT(
  'core data for automotive mechanical design processes');
#3 = SHAPE_DEFINITION_REPRESENTATION(#4,#10);
#4 = PRODUCT_DEFINITION_SHAPE('','',#5);
#5 = PRODUCT_DEFINITION('design','',#6,#9);
#6 = PRODUCT_DEFINITION_FORMATION('','',#7);
#7 = PRODUCT('_autosave-SnoreSense_Display_PCB_v3 1',
  '_autosave-SnoreSense_Display_PCB_v3 1','',(#8));
#8 = PRODUCT_CONTEXT('',#2,'mechanical');
#9 = PRODUCT_DEFINITION_CONTEXT('part definition',#2,'design');
#10 = SHAPE_REPRESENTATION('',(#11,#15,#19,#23,#27,#31,#35,#39,#43,#47,
    #51,#55,#59,#63,#67,#71,#75,#79),#83);
#11 = AXIS2_PLACEMENT_3D('',#12,#13,#14);
#12 = CARTESIAN_POINT('',(0.,0.,0.));
#13 = DIRECTION('',(0.,0.,1.));
#14 = DIRECTION('',(1.,0.,-0.));
#15 = AXIS2_PLACEMENT_3D('',#16,#17,#18);
#16 = CARTESIAN_POINT('',(143.5,-84.95,1.595));
#17 = DIRECTION('',(0.,-0.,1.));
#18 = DIRECTION('',(1.110223024625E-16,1.,0.));
#19 = AXIS2_PLACEMENT_3D('',#20,#21,#22);
#20 = CARTESIAN_POINT('',(101.45,-93.5,1.595));
#21 = DIRECTION('',(-0.,0.,1.));
#22 = DIRECTION('',(1.110223024625E-16,-1.,0.));
#23 = AXIS2_PLACEMENT_3D('',#24,#25,#26);
#24 = CARTESIAN_POINT('',(126.4,-57.19,1.595));
#25 = DIRECTION('',(-0.,0.,1.));
#26 = DIRECTION('',(1.110223024625E-16,-1.,0.));
#27 = AXIS2_PLACEMENT_3D('',#28,#29,#30);
#28 = CARTESIAN_POINT('',(126.3,-77.99,1.595));
#29 = DIRECTION('',(0.,-0.,1.));
#30 = DIRECTION('',(1.110223024625E-16,1.,0.));
#31 = AXIS2_PLACEMENT_3D('',#32,#33,#34);
#32 = CARTESIAN_POINT('',(133.4,-77.99,1.595));
#33 = DIRECTION('',(0.,-0.,1.));
#34 = DIRECTION('',(1.110223024625E-16,1.,0.));
#35 = AXIS2_PLACEMENT_3D('',#36,#37,#38);
#36 = CARTESIAN_POINT('',(129.95,-57.19,1.595));
#37 = DIRECTION('',(-0.,0.,1.));
#38 = DIRECTION('',(1.110223024625E-16,-1.,0.));
#39 = AXIS2_PLACEMENT_3D('',#40,#41,#42);
#40 = CARTESIAN_POINT('',(122.75,-77.99,1.595));
#41 = DIRECTION('',(0.,-0.,1.));
#42 = DIRECTION('',(1.110223024625E-16,1.,0.));
#43 = AXIS2_PLACEMENT_3D('',#44,#45,#46);
#44 = CARTESIAN_POINT('',(153.95,-94.4,1.595));
#45 = DIRECTION('',(0.,-0.,1.));
#46 = DIRECTION('',(1.110223024625E-16,1.,0.));
#47 = AXIS2_PLACEMENT_3D('',#48,#49,#50);
#48 = CARTESIAN_POINT('',(133.9135,-94.114,1.595));
#49 = DIRECTION('',(0.,-0.,1.));
#50 = DIRECTION('',(1.110223024625E-16,1.,0.));
#51 = AXIS2_PLACEMENT_3D('',#52,#53,#54);
#52 = CARTESIAN_POINT('',(85.2,-92.7,1.595));
#53 = DIRECTION('',(0.,-0.,1.));
#54 = DIRECTION('',(1.110223024625E-16,1.,0.));
#55 = AXIS2_PLACEMENT_3D('',#56,#57,#58);
#56 = CARTESIAN_POINT('',(129.85,-77.99,1.595));
#57 = DIRECTION('',(0.,-0.,1.));
#58 = DIRECTION('',(1.110223024625E-16,1.,0.));
#59 = AXIS2_PLACEMENT_3D('',#60,#61,#62);
#60 = CARTESIAN_POINT('',(122.85,-57.19,1.595));
#61 = DIRECTION('',(-0.,0.,1.));
#62 = DIRECTION('',(1.110223024625E-16,-1.,0.));
#63 = AXIS2_PLACEMENT_3D('',#64,#65,#66);
#64 = CARTESIAN_POINT('',(113.45,-95.,1.595));
#65 = DIRECTION('',(0.,0.,1.));
#66 = DIRECTION('',(-1.,1.224646799147E-16,0.));
#67 = AXIS2_PLACEMENT_3D('',#68,#69,#70);
#68 = CARTESIAN_POINT('',(133.5,-57.19,1.595));
#69 = DIRECTION('',(-0.,0.,1.));
#70 = DIRECTION('',(1.110223024625E-16,-1.,0.));
#71 = AXIS2_PLACEMENT_3D('',#72,#73,#74);
#72 = CARTESIAN_POINT('',(147.,-84.95,1.595));
#73 = DIRECTION('',(0.,-0.,1.));
#74 = DIRECTION('',(1.110223024625E-16,1.,0.));
#75 = AXIS2_PLACEMENT_3D('',#76,#77,#78);
#76 = CARTESIAN_POINT('',(143.5875,-92.5875,1.595));
#77 = DIRECTION('',(0.,0.,1.));
#78 = DIRECTION('',(1.,0.,0.));
#79 = AXIS2_PLACEMENT_3D('',#80,#81,#82);
#80 = CARTESIAN_POINT('',(0.,0.,0.));
#81 = DIRECTION('',(0.,0.,1.));
#82 = DIRECTION('',(1.,0.,-0.));
#83 = ( GEOMETRIC_REPRESENTATION_CONTEXT(3) 
GLOBAL_UNCERTAINTY_ASSIGNED_CONTEXT((#87)) GLOBAL_UNIT_ASSIGNED_CONTEXT(
(#84,#85,#86)) REPRESENTATION_CONTEXT('Context #1',
  '3D Context with UNIT and UNCERTAINTY') );
#84 = ( LENGTH_UNIT() NAMED_UNIT(*) SI_UNIT(.MILLI.,.METRE.) );
#85 = ( NAMED_UNIT(*) PLANE_ANGLE_UNIT() SI_UNIT($,.RADIAN.) );
#86 = ( NAMED_UNIT(*) SI_UNIT($,.STERADIAN.) SOLID_ANGLE_UNIT() );
#87 = UNCERTAINTY_MEASURE_WITH_UNIT(LENGTH_MEASURE(1.E-07),#84,
  'distance_accuracy_value','confusion accuracy');
#88 = PRODUCT_RELATED_PRODUCT_CATEGORY('part',$,(#7));
#89 = SHAPE_DEFINITION_REPRESENTATION(#90,#96);
#90 = PRODUCT_DEFINITION_SHAPE('','',#91);
#91 = PRODUCT_DEFINITION('design','',#92,#95);
#92 = PRODUCT_DEFINITION_FORMATION('','',#93);
#93 = PRODUCT('C_0805_2012Metric','C_0805_2012Metric','',(#94));
#94 = PRODUCT_CONTEXT('',#2,'mechanical');
#95 = PRODUCT_DEFINITION_CONTEXT('part definition',#2,'design');
#96 = ADVANCED_BREP_SHAPE_REPRESENTATION('',(#11,#97),#951);
#97 = MANIFOLD_SOLID_BREP('',#98);
#98 = CLOSED_SHELL('',(#99,#175,#206,#231,#256,#280,#304,#329,#354,#371,
    #457,#489,#513,#538,#562,#587,#611,#636,#653,#739,#770,#795,#820,
    #844,#868,#893,#918,#935));
#99 = ADVANCED_FACE('',(#100),#170,.F.);
#100 = FACE_BOUND('',#101,.F.);
#101 = EDGE_LOOP('',(#102,#112,#121,#129,#138,#146,#155,#163));
#102 = ORIENTED_EDGE('',*,*,#103,.F.);
#103 = EDGE_CURVE('',#104,#106,#108,.T.);
#104 = VERTEX_POINT('',#105);
#105 = CARTESIAN_POINT('',(-1.,-0.625,4.E-02));
#106 = VERTEX_POINT('',#107);
#107 = CARTESIAN_POINT('',(-1.,-0.625,1.21));
#108 = LINE('',#109,#110);
#109 = CARTESIAN_POINT('',(-1.,-0.625,0.));
#110 = VECTOR('',#111,1.);
#111 = DIRECTION('',(0.,0.,1.));
#112 = ORIENTED_EDGE('',*,*,#113,.T.);
#113 = EDGE_CURVE('',#104,#114,#116,.T.);
#114 = VERTEX_POINT('',#115);
#115 = CARTESIAN_POINT('',(-1.,-0.585,0.));
#116 = CIRCLE('',#117,4.E-02);
#117 = AXIS2_PLACEMENT_3D('',#118,#119,#120);
#118 = CARTESIAN_POINT('',(-1.,-0.585,4.E-02));
#119 = DIRECTION('',(1.,0.,-0.));
#120 = DIRECTION('',(0.,0.,1.));
#121 = ORIENTED_EDGE('',*,*,#122,.T.);
#122 = EDGE_CURVE('',#114,#123,#125,.T.);
#123 = VERTEX_POINT('',#124);
#124 = CARTESIAN_POINT('',(-1.,0.585,0.));
#125 = LINE('',#126,#127);
#126 = CARTESIAN_POINT('',(-1.,-0.625,0.));
#127 = VECTOR('',#128,1.);
#128 = DIRECTION('',(0.,1.,0.));
#129 = ORIENTED_EDGE('',*,*,#130,.F.);
#130 = EDGE_CURVE('',#131,#123,#133,.T.);
#131 = VERTEX_POINT('',#132);
#132 = CARTESIAN_POINT('',(-1.,0.625,4.E-02));
#133 = CIRCLE('',#134,4.E-02);
#134 = AXIS2_PLACEMENT_3D('',#135,#136,#137);
#135 = CARTESIAN_POINT('',(-1.,0.585,4.E-02));
#136 = DIRECTION('',(-1.,0.,0.));
#137 = DIRECTION('',(0.,0.,1.));
#138 = ORIENTED_EDGE('',*,*,#139,.T.);
#139 = EDGE_CURVE('',#131,#140,#142,.T.);
#140 = VERTEX_POINT('',#141);
#141 = CARTESIAN_POINT('',(-1.,0.625,1.21));
#142 = LINE('',#143,#144);
#143 = CARTESIAN_POINT('',(-1.,0.625,0.));
#144 = VECTOR('',#145,1.);
#145 = DIRECTION('',(0.,0.,1.));
#146 = ORIENTED_EDGE('',*,*,#147,.T.);
#147 = EDGE_CURVE('',#140,#148,#150,.T.);
#148 = VERTEX_POINT('',#149);
#149 = CARTESIAN_POINT('',(-1.,0.585,1.25));
#150 = CIRCLE('',#151,4.E-02);
#151 = AXIS2_PLACEMENT_3D('',#152,#153,#154);
#152 = CARTESIAN_POINT('',(-1.,0.585,1.21));
#153 = DIRECTION('',(1.,0.,-0.));
#154 = DIRECTION('',(0.,0.,1.));
#155 = ORIENTED_EDGE('',*,*,#156,.F.);
#156 = EDGE_CURVE('',#157,#148,#159,.T.);
#157 = VERTEX_POINT('',#158);
#158 = CARTESIAN_POINT('',(-1.,-0.585,1.25));
#159 = LINE('',#160,#161);
#160 = CARTESIAN_POINT('',(-1.,-0.625,1.25));
#161 = VECTOR('',#162,1.);
#162 = DIRECTION('',(0.,1.,0.));
#163 = ORIENTED_EDGE('',*,*,#164,.F.);
#164 = EDGE_CURVE('',#106,#157,#165,.T.);
#165 = CIRCLE('',#166,4.E-02);
#166 = AXIS2_PLACEMENT_3D('',#167,#168,#169);
#167 = CARTESIAN_POINT('',(-1.,-0.585,1.21));
#168 = DIRECTION('',(-1.,0.,0.));
#169 = DIRECTION('',(0.,0.,1.));
#170 = PLANE('',#171);
#171 = AXIS2_PLACEMENT_3D('',#172,#173,#174);
#172 = CARTESIAN_POINT('',(-1.,-0.625,0.));
#173 = DIRECTION('',(1.,0.,0.));
#174 = DIRECTION('',(0.,0.,1.));
#175 = ADVANCED_FACE('',(#176),#201,.F.);
#176 = FACE_BOUND('',#177,.F.);
#177 = EDGE_LOOP('',(#178,#188,#194,#195));
#178 = ORIENTED_EDGE('',*,*,#179,.F.);
#179 = EDGE_CURVE('',#180,#182,#184,.T.);
#180 = VERTEX_POINT('',#181);
#181 = CARTESIAN_POINT('',(-0.6,-0.625,4.E-02));
#182 = VERTEX_POINT('',#183);
#183 = CARTESIAN_POINT('',(-0.6,-0.625,1.21));
#184 = LINE('',#185,#186);
#185 = CARTESIAN_POINT('',(-0.6,-0.625,0.));
#186 = VECTOR('',#187,1.);
#187 = DIRECTION('',(0.,0.,1.));
#188 = ORIENTED_EDGE('',*,*,#189,.F.);
#189 = EDGE_CURVE('',#104,#180,#190,.T.);
#190 = LINE('',#191,#192);
#191 = CARTESIAN_POINT('',(-1.,-0.625,4.E-02));
#192 = VECTOR('',#193,1.);
#193 = DIRECTION('',(1.,0.,0.));
#194 = ORIENTED_EDGE('',*,*,#103,.T.);
#195 = ORIENTED_EDGE('',*,*,#196,.T.);
#196 = EDGE_CURVE('',#106,#182,#197,.T.);
#197 = LINE('',#198,#199);
#198 = CARTESIAN_POINT('',(-1.,-0.625,1.21));
#199 = VECTOR('',#200,1.);
#200 = DIRECTION('',(1.,0.,0.));
#201 = PLANE('',#202);
#202 = AXIS2_PLACEMENT_3D('',#203,#204,#205);
#203 = CARTESIAN_POINT('',(-1.,-0.625,0.));
#204 = DIRECTION('',(0.,1.,0.));
#205 = DIRECTION('',(0.,-0.,1.));
#206 = ADVANCED_FACE('',(#207),#226,.T.);
#207 = FACE_BOUND('',#208,.T.);
#208 = EDGE_LOOP('',(#209,#210,#218,#225));
#209 = ORIENTED_EDGE('',*,*,#113,.T.);
#210 = ORIENTED_EDGE('',*,*,#211,.T.);
#211 = EDGE_CURVE('',#114,#212,#214,.T.);
#212 = VERTEX_POINT('',#213);
#213 = CARTESIAN_POINT('',(-0.6,-0.585,0.));
#214 = LINE('',#215,#216);
#215 = CARTESIAN_POINT('',(-1.,-0.585,0.));
#216 = VECTOR('',#217,1.);
#217 = DIRECTION('',(1.,0.,0.));
#218 = ORIENTED_EDGE('',*,*,#219,.F.);
#219 = EDGE_CURVE('',#180,#212,#220,.T.);
#220 = CIRCLE('',#221,4.E-02);
#221 = AXIS2_PLACEMENT_3D('',#222,#223,#224);
#222 = CARTESIAN_POINT('',(-0.6,-0.585,4.E-02));
#223 = DIRECTION('',(1.,0.,-0.));
#224 = DIRECTION('',(0.,0.,1.));
#225 = ORIENTED_EDGE('',*,*,#189,.F.);
#226 = CYLINDRICAL_SURFACE('',#227,4.E-02);
#227 = AXIS2_PLACEMENT_3D('',#228,#229,#230);
#228 = CARTESIAN_POINT('',(-1.,-0.585,4.E-02));
#229 = DIRECTION('',(1.,0.,0.));
#230 = DIRECTION('',(0.,-1.,0.));
#231 = ADVANCED_FACE('',(#232),#251,.T.);
#232 = FACE_BOUND('',#233,.T.);
#233 = EDGE_LOOP('',(#234,#235,#244,#250));
#234 = ORIENTED_EDGE('',*,*,#196,.T.);
#235 = ORIENTED_EDGE('',*,*,#236,.T.);
#236 = EDGE_CURVE('',#182,#237,#239,.T.);
#237 = VERTEX_POINT('',#238);
#238 = CARTESIAN_POINT('',(-0.6,-0.585,1.25));
#239 = CIRCLE('',#240,4.E-02);
#240 = AXIS2_PLACEMENT_3D('',#241,#242,#243);
#241 = CARTESIAN_POINT('',(-0.6,-0.585,1.21));
#242 = DIRECTION('',(-1.,0.,0.));
#243 = DIRECTION('',(0.,0.,1.));
#244 = ORIENTED_EDGE('',*,*,#245,.F.);
#245 = EDGE_CURVE('',#157,#237,#246,.T.);
#246 = LINE('',#247,#248);
#247 = CARTESIAN_POINT('',(-1.,-0.585,1.25));
#248 = VECTOR('',#249,1.);
#249 = DIRECTION('',(1.,0.,0.));
#250 = ORIENTED_EDGE('',*,*,#164,.F.);
#251 = CYLINDRICAL_SURFACE('',#252,4.E-02);
#252 = AXIS2_PLACEMENT_3D('',#253,#254,#255);
#253 = CARTESIAN_POINT('',(-1.,-0.585,1.21));
#254 = DIRECTION('',(1.,0.,0.));
#255 = DIRECTION('',(0.,-1.,0.));
#256 = ADVANCED_FACE('',(#257),#275,.F.);
#257 = FACE_BOUND('',#258,.F.);
#258 = EDGE_LOOP('',(#259,#260,#261,#269));
#259 = ORIENTED_EDGE('',*,*,#122,.F.);
#260 = ORIENTED_EDGE('',*,*,#211,.T.);
#261 = ORIENTED_EDGE('',*,*,#262,.T.);
#262 = EDGE_CURVE('',#212,#263,#265,.T.);
#263 = VERTEX_POINT('',#264);
#264 = CARTESIAN_POINT('',(-0.6,0.585,0.));
#265 = LINE('',#266,#267);
#266 = CARTESIAN_POINT('',(-0.6,-0.625,0.));
#267 = VECTOR('',#268,1.);
#268 = DIRECTION('',(0.,1.,0.));
#269 = ORIENTED_EDGE('',*,*,#270,.F.);
#270 = EDGE_CURVE('',#123,#263,#271,.T.);
#271 = LINE('',#272,#273);
#272 = CARTESIAN_POINT('',(-1.,0.585,0.));
#273 = VECTOR('',#274,1.);
#274 = DIRECTION('',(1.,0.,0.));
#275 = PLANE('',#276);
#276 = AXIS2_PLACEMENT_3D('',#277,#278,#279);
#277 = CARTESIAN_POINT('',(-1.,-0.625,0.));
#278 = DIRECTION('',(0.,0.,1.));
#279 = DIRECTION('',(1.,0.,-0.));
#280 = ADVANCED_FACE('',(#281),#299,.T.);
#281 = FACE_BOUND('',#282,.T.);
#282 = EDGE_LOOP('',(#283,#284,#285,#293));
#283 = ORIENTED_EDGE('',*,*,#156,.F.);
#284 = ORIENTED_EDGE('',*,*,#245,.T.);
#285 = ORIENTED_EDGE('',*,*,#286,.T.);
#286 = EDGE_CURVE('',#237,#287,#289,.T.);
#287 = VERTEX_POINT('',#288);
#288 = CARTESIAN_POINT('',(-0.6,0.585,1.25));
#289 = LINE('',#290,#291);
#290 = CARTESIAN_POINT('',(-0.6,-0.625,1.25));
#291 = VECTOR('',#292,1.);
#292 = DIRECTION('',(0.,1.,0.));
#293 = ORIENTED_EDGE('',*,*,#294,.F.);
#294 = EDGE_CURVE('',#148,#287,#295,.T.);
#295 = LINE('',#296,#297);
#296 = CARTESIAN_POINT('',(-1.,0.585,1.25));
#297 = VECTOR('',#298,1.);
#298 = DIRECTION('',(1.,0.,0.));
#299 = PLANE('',#300);
#300 = AXIS2_PLACEMENT_3D('',#301,#302,#303);
#301 = CARTESIAN_POINT('',(-1.,-0.625,1.25));
#302 = DIRECTION('',(0.,0.,1.));
#303 = DIRECTION('',(1.,0.,-0.));
#304 = ADVANCED_FACE('',(#305),#324,.T.);
#305 = FACE_BOUND('',#306,.T.);
#306 = EDGE_LOOP('',(#307,#315,#322,#323));
#307 = ORIENTED_EDGE('',*,*,#308,.T.);
#308 = EDGE_CURVE('',#131,#309,#311,.T.);
#309 = VERTEX_POINT('',#310);
#310 = CARTESIAN_POINT('',(-0.6,0.625,4.E-02));
#311 = LINE('',#312,#313);
#312 = CARTESIAN_POINT('',(-1.,0.625,4.E-02));
#313 = VECTOR('',#314,1.);
#314 = DIRECTION('',(1.,0.,0.));
#315 = ORIENTED_EDGE('',*,*,#316,.T.);
#316 = EDGE_CURVE('',#309,#263,#317,.T.);
#317 = CIRCLE('',#318,4.E-02);
#318 = AXIS2_PLACEMENT_3D('',#319,#320,#321);
#319 = CARTESIAN_POINT('',(-0.6,0.585,4.E-02));
#320 = DIRECTION('',(-1.,0.,0.));
#321 = DIRECTION('',(0.,0.,1.));
#322 = ORIENTED_EDGE('',*,*,#270,.F.);
#323 = ORIENTED_EDGE('',*,*,#130,.F.);
#324 = CYLINDRICAL_SURFACE('',#325,4.E-02);
#325 = AXIS2_PLACEMENT_3D('',#326,#327,#328);
#326 = CARTESIAN_POINT('',(-1.,0.585,4.E-02));
#327 = DIRECTION('',(1.,0.,0.));
#328 = DIRECTION('',(-0.,1.,0.));
#329 = ADVANCED_FACE('',(#330),#349,.T.);
#330 = FACE_BOUND('',#331,.T.);
#331 = EDGE_LOOP('',(#332,#333,#334,#343));
#332 = ORIENTED_EDGE('',*,*,#147,.T.);
#333 = ORIENTED_EDGE('',*,*,#294,.T.);
#334 = ORIENTED_EDGE('',*,*,#335,.F.);
#335 = EDGE_CURVE('',#336,#287,#338,.T.);
#336 = VERTEX_POINT('',#337);
#337 = CARTESIAN_POINT('',(-0.6,0.625,1.21));
#338 = CIRCLE('',#339,4.E-02);
#339 = AXIS2_PLACEMENT_3D('',#340,#341,#342);
#340 = CARTESIAN_POINT('',(-0.6,0.585,1.21));
#341 = DIRECTION('',(1.,0.,-0.));
#342 = DIRECTION('',(0.,0.,1.));
#343 = ORIENTED_EDGE('',*,*,#344,.F.);
#344 = EDGE_CURVE('',#140,#336,#345,.T.);
#345 = LINE('',#346,#347);
#346 = CARTESIAN_POINT('',(-1.,0.625,1.21));
#347 = VECTOR('',#348,1.);
#348 = DIRECTION('',(1.,0.,0.));
#349 = CYLINDRICAL_SURFACE('',#350,4.E-02);
#350 = AXIS2_PLACEMENT_3D('',#351,#352,#353);
#351 = CARTESIAN_POINT('',(-1.,0.585,1.21));
#352 = DIRECTION('',(1.,0.,0.));
#353 = DIRECTION('',(-0.,1.,0.));
#354 = ADVANCED_FACE('',(#355),#366,.T.);
#355 = FACE_BOUND('',#356,.T.);
#356 = EDGE_LOOP('',(#357,#363,#364,#365));
#357 = ORIENTED_EDGE('',*,*,#358,.F.);
#358 = EDGE_CURVE('',#309,#336,#359,.T.);
#359 = LINE('',#360,#361);
#360 = CARTESIAN_POINT('',(-0.6,0.625,0.));
#361 = VECTOR('',#362,1.);
#362 = DIRECTION('',(0.,0.,1.));
#363 = ORIENTED_EDGE('',*,*,#308,.F.);
#364 = ORIENTED_EDGE('',*,*,#139,.T.);
#365 = ORIENTED_EDGE('',*,*,#344,.T.);
#366 = PLANE('',#367);
#367 = AXIS2_PLACEMENT_3D('',#368,#369,#370);
#368 = CARTESIAN_POINT('',(-1.,0.625,0.));
#369 = DIRECTION('',(0.,1.,0.));
#370 = DIRECTION('',(0.,-0.,1.));
#371 = ADVANCED_FACE('',(#372,#382),#452,.T.);
#372 = FACE_BOUND('',#373,.T.);
#373 = EDGE_LOOP('',(#374,#375,#376,#377,#378,#379,#380,#381));
#374 = ORIENTED_EDGE('',*,*,#179,.F.);
#375 = ORIENTED_EDGE('',*,*,#219,.T.);
#376 = ORIENTED_EDGE('',*,*,#262,.T.);
#377 = ORIENTED_EDGE('',*,*,#316,.F.);
#378 = ORIENTED_EDGE('',*,*,#358,.T.);
#379 = ORIENTED_EDGE('',*,*,#335,.T.);
#380 = ORIENTED_EDGE('',*,*,#286,.F.);
#381 = ORIENTED_EDGE('',*,*,#236,.F.);
#382 = FACE_BOUND('',#383,.T.);
#383 = EDGE_LOOP('',(#384,#395,#403,#412,#420,#429,#437,#446));
#384 = ORIENTED_EDGE('',*,*,#385,.F.);
#385 = EDGE_CURVE('',#386,#388,#390,.T.);
#386 = VERTEX_POINT('',#387);
#387 = CARTESIAN_POINT('',(-0.6,-0.585,8.E-02));
#388 = VERTEX_POINT('',#389);
#389 = CARTESIAN_POINT('',(-0.6,-0.545,4.E-02));
#390 = CIRCLE('',#391,4.E-02);
#391 = AXIS2_PLACEMENT_3D('',#392,#393,#394);
#392 = CARTESIAN_POINT('',(-0.6,-0.545,8.E-02));
#393 = DIRECTION('',(1.,0.,-0.));
#394 = DIRECTION('',(0.,0.,1.));
#395 = ORIENTED_EDGE('',*,*,#396,.T.);
#396 = EDGE_CURVE('',#386,#397,#399,.T.);
#397 = VERTEX_POINT('',#398);
#398 = CARTESIAN_POINT('',(-0.6,-0.585,1.17));
#399 = LINE('',#400,#401);
#400 = CARTESIAN_POINT('',(-0.6,-0.585,4.E-02));
#401 = VECTOR('',#402,1.);
#402 = DIRECTION('',(0.,0.,1.));
#403 = ORIENTED_EDGE('',*,*,#404,.T.);
#404 = EDGE_CURVE('',#397,#405,#407,.T.);
#405 = VERTEX_POINT('',#406);
#406 = CARTESIAN_POINT('',(-0.6,-0.545,1.21));
#407 = CIRCLE('',#408,4.E-02);
#408 = AXIS2_PLACEMENT_3D('',#409,#410,#411);
#409 = CARTESIAN_POINT('',(-0.6,-0.545,1.17));
#410 = DIRECTION('',(-1.,0.,0.));
#411 = DIRECTION('',(0.,0.,1.));
#412 = ORIENTED_EDGE('',*,*,#413,.T.);
#413 = EDGE_CURVE('',#405,#414,#416,.T.);
#414 = VERTEX_POINT('',#415);
#415 = CARTESIAN_POINT('',(-0.6,0.545,1.21));
#416 = LINE('',#417,#418);
#417 = CARTESIAN_POINT('',(-0.6,-0.585,1.21));
#418 = VECTOR('',#419,1.);
#419 = DIRECTION('',(0.,1.,0.));
#420 = ORIENTED_EDGE('',*,*,#421,.F.);
#421 = EDGE_CURVE('',#422,#414,#424,.T.);
#422 = VERTEX_POINT('',#423);
#423 = CARTESIAN_POINT('',(-0.6,0.585,1.17));
#424 = CIRCLE('',#425,4.E-02);
#425 = AXIS2_PLACEMENT_3D('',#426,#427,#428);
#426 = CARTESIAN_POINT('',(-0.6,0.545,1.17));
#427 = DIRECTION('',(1.,0.,-0.));
#428 = DIRECTION('',(0.,0.,1.));
#429 = ORIENTED_EDGE('',*,*,#430,.F.);
#430 = EDGE_CURVE('',#431,#422,#433,.T.);
#431 = VERTEX_POINT('',#432);
#432 = CARTESIAN_POINT('',(-0.6,0.585,8.E-02));
#433 = LINE('',#434,#435);
#434 = CARTESIAN_POINT('',(-0.6,0.585,4.E-02));
#435 = VECTOR('',#436,1.);
#436 = DIRECTION('',(0.,0.,1.));
#437 = ORIENTED_EDGE('',*,*,#438,.T.);
#438 = EDGE_CURVE('',#431,#439,#441,.T.);
#439 = VERTEX_POINT('',#440);
#440 = CARTESIAN_POINT('',(-0.6,0.545,4.E-02));
#441 = CIRCLE('',#442,4.E-02);
#442 = AXIS2_PLACEMENT_3D('',#443,#444,#445);
#443 = CARTESIAN_POINT('',(-0.6,0.545,8.E-02));
#444 = DIRECTION('',(-1.,0.,0.));
#445 = DIRECTION('',(0.,0.,1.));
#446 = ORIENTED_EDGE('',*,*,#447,.F.);
#447 = EDGE_CURVE('',#388,#439,#448,.T.);
#448 = LINE('',#449,#450);
#449 = CARTESIAN_POINT('',(-0.6,-0.585,4.E-02));
#450 = VECTOR('',#451,1.);
#451 = DIRECTION('',(0.,1.,0.));
#452 = PLANE('',#453);
#453 = AXIS2_PLACEMENT_3D('',#454,#455,#456);
#454 = CARTESIAN_POINT('',(-0.6,-0.625,0.));
#455 = DIRECTION('',(1.,0.,0.));
#456 = DIRECTION('',(0.,0.,1.));
#457 = ADVANCED_FACE('',(#458),#484,.T.);
#458 = FACE_BOUND('',#459,.T.);
#459 = EDGE_LOOP('',(#460,#461,#469,#478));
#460 = ORIENTED_EDGE('',*,*,#385,.T.);
#461 = ORIENTED_EDGE('',*,*,#462,.T.);
#462 = EDGE_CURVE('',#388,#463,#465,.T.);
#463 = VERTEX_POINT('',#464);
#464 = CARTESIAN_POINT('',(0.6,-0.545,4.E-02));
#465 = LINE('',#466,#467);
#466 = CARTESIAN_POINT('',(-0.6,-0.545,4.E-02));
#467 = VECTOR('',#468,1.);
#468 = DIRECTION('',(1.,0.,0.));
#469 = ORIENTED_EDGE('',*,*,#470,.F.);
#470 = EDGE_CURVE('',#471,#463,#473,.T.);
#471 = VERTEX_POINT('',#472);
#472 = CARTESIAN_POINT('',(0.6,-0.585,8.E-02));
#473 = CIRCLE('',#474,4.E-02);
#474 = AXIS2_PLACEMENT_3D('',#475,#476,#477);
#475 = CARTESIAN_POINT('',(0.6,-0.545,8.E-02));
#476 = DIRECTION('',(1.,0.,-0.));
#477 = DIRECTION('',(0.,0.,1.));
#478 = ORIENTED_EDGE('',*,*,#479,.F.);
#479 = EDGE_CURVE('',#386,#471,#480,.T.);
#480 = LINE('',#481,#482);
#481 = CARTESIAN_POINT('',(-0.6,-0.585,8.E-02));
#482 = VECTOR('',#483,1.);
#483 = DIRECTION('',(1.,0.,0.));
#484 = CYLINDRICAL_SURFACE('',#485,4.E-02);
#485 = AXIS2_PLACEMENT_3D('',#486,#487,#488);
#486 = CARTESIAN_POINT('',(-0.6,-0.545,8.E-02));
#487 = DIRECTION('',(1.,0.,0.));
#488 = DIRECTION('',(0.,-1.,0.));
#489 = ADVANCED_FACE('',(#490),#508,.F.);
#490 = FACE_BOUND('',#491,.F.);
#491 = EDGE_LOOP('',(#492,#493,#494,#502));
#492 = ORIENTED_EDGE('',*,*,#447,.F.);
#493 = ORIENTED_EDGE('',*,*,#462,.T.);
#494 = ORIENTED_EDGE('',*,*,#495,.T.);
#495 = EDGE_CURVE('',#463,#496,#498,.T.);
#496 = VERTEX_POINT('',#497);
#497 = CARTESIAN_POINT('',(0.6,0.545,4.E-02));
#498 = LINE('',#499,#500);
#499 = CARTESIAN_POINT('',(0.6,-0.585,4.E-02));
#500 = VECTOR('',#501,1.);
#501 = DIRECTION('',(0.,1.,0.));
#502 = ORIENTED_EDGE('',*,*,#503,.F.);
#503 = EDGE_CURVE('',#439,#496,#504,.T.);
#504 = LINE('',#505,#506);
#505 = CARTESIAN_POINT('',(-0.6,0.545,4.E-02));
#506 = VECTOR('',#507,1.);
#507 = DIRECTION('',(1.,0.,0.));
#508 = PLANE('',#509);
#509 = AXIS2_PLACEMENT_3D('',#510,#511,#512);
#510 = CARTESIAN_POINT('',(-0.6,-0.585,4.E-02));
#511 = DIRECTION('',(0.,0.,1.));
#512 = DIRECTION('',(1.,0.,-0.));
#513 = ADVANCED_FACE('',(#514),#533,.T.);
#514 = FACE_BOUND('',#515,.T.);
#515 = EDGE_LOOP('',(#516,#524,#531,#532));
#516 = ORIENTED_EDGE('',*,*,#517,.T.);
#517 = EDGE_CURVE('',#431,#518,#520,.T.);
#518 = VERTEX_POINT('',#519);
#519 = CARTESIAN_POINT('',(0.6,0.585,8.E-02));
#520 = LINE('',#521,#522);
#521 = CARTESIAN_POINT('',(-0.6,0.585,8.E-02));
#522 = VECTOR('',#523,1.);
#523 = DIRECTION('',(1.,0.,0.));
#524 = ORIENTED_EDGE('',*,*,#525,.T.);
#525 = EDGE_CURVE('',#518,#496,#526,.T.);
#526 = CIRCLE('',#527,4.E-02);
#527 = AXIS2_PLACEMENT_3D('',#528,#529,#530);
#528 = CARTESIAN_POINT('',(0.6,0.545,8.E-02));
#529 = DIRECTION('',(-1.,0.,0.));
#530 = DIRECTION('',(0.,0.,1.));
#531 = ORIENTED_EDGE('',*,*,#503,.F.);
#532 = ORIENTED_EDGE('',*,*,#438,.F.);
#533 = CYLINDRICAL_SURFACE('',#534,4.E-02);
#534 = AXIS2_PLACEMENT_3D('',#535,#536,#537);
#535 = CARTESIAN_POINT('',(-0.6,0.545,8.E-02));
#536 = DIRECTION('',(1.,0.,0.));
#537 = DIRECTION('',(-0.,1.,0.));
#538 = ADVANCED_FACE('',(#539),#557,.T.);
#539 = FACE_BOUND('',#540,.T.);
#540 = EDGE_LOOP('',(#541,#549,#550,#551));
#541 = ORIENTED_EDGE('',*,*,#542,.F.);
#542 = EDGE_CURVE('',#518,#543,#545,.T.);
#543 = VERTEX_POINT('',#544);
#544 = CARTESIAN_POINT('',(0.6,0.585,1.17));
#545 = LINE('',#546,#547);
#546 = CARTESIAN_POINT('',(0.6,0.585,4.E-02));
#547 = VECTOR('',#548,1.);
#548 = DIRECTION('',(0.,0.,1.));
#549 = ORIENTED_EDGE('',*,*,#517,.F.);
#550 = ORIENTED_EDGE('',*,*,#430,.T.);
#551 = ORIENTED_EDGE('',*,*,#552,.T.);
#552 = EDGE_CURVE('',#422,#543,#553,.T.);
#553 = LINE('',#554,#555);
#554 = CARTESIAN_POINT('',(-0.6,0.585,1.17));
#555 = VECTOR('',#556,1.);
#556 = DIRECTION('',(1.,0.,0.));
#557 = PLANE('',#558);
#558 = AXIS2_PLACEMENT_3D('',#559,#560,#561);
#559 = CARTESIAN_POINT('',(-0.6,0.585,4.E-02));
#560 = DIRECTION('',(0.,1.,0.));
#561 = DIRECTION('',(0.,-0.,1.));
#562 = ADVANCED_FACE('',(#563),#582,.T.);
#563 = FACE_BOUND('',#564,.T.);
#564 = EDGE_LOOP('',(#565,#566,#574,#581));
#565 = ORIENTED_EDGE('',*,*,#421,.T.);
#566 = ORIENTED_EDGE('',*,*,#567,.T.);
#567 = EDGE_CURVE('',#414,#568,#570,.T.);
#568 = VERTEX_POINT('',#569);
#569 = CARTESIAN_POINT('',(0.6,0.545,1.21));
#570 = LINE('',#571,#572);
#571 = CARTESIAN_POINT('',(-0.6,0.545,1.21));
#572 = VECTOR('',#573,1.);
#573 = DIRECTION('',(1.,0.,0.));
#574 = ORIENTED_EDGE('',*,*,#575,.F.);
#575 = EDGE_CURVE('',#543,#568,#576,.T.);
#576 = CIRCLE('',#577,4.E-02);
#577 = AXIS2_PLACEMENT_3D('',#578,#579,#580);
#578 = CARTESIAN_POINT('',(0.6,0.545,1.17));
#579 = DIRECTION('',(1.,0.,-0.));
#580 = DIRECTION('',(0.,0.,1.));
#581 = ORIENTED_EDGE('',*,*,#552,.F.);
#582 = CYLINDRICAL_SURFACE('',#583,4.E-02);
#583 = AXIS2_PLACEMENT_3D('',#584,#585,#586);
#584 = CARTESIAN_POINT('',(-0.6,0.545,1.17));
#585 = DIRECTION('',(1.,0.,0.));
#586 = DIRECTION('',(-0.,1.,0.));
#587 = ADVANCED_FACE('',(#588),#606,.T.);
#588 = FACE_BOUND('',#589,.T.);
#589 = EDGE_LOOP('',(#590,#591,#599,#605));
#590 = ORIENTED_EDGE('',*,*,#413,.F.);
#591 = ORIENTED_EDGE('',*,*,#592,.T.);
#592 = EDGE_CURVE('',#405,#593,#595,.T.);
#593 = VERTEX_POINT('',#594);
#594 = CARTESIAN_POINT('',(0.6,-0.545,1.21));
#595 = LINE('',#596,#597);
#596 = CARTESIAN_POINT('',(-0.6,-0.545,1.21));
#597 = VECTOR('',#598,1.);
#598 = DIRECTION('',(1.,0.,0.));
#599 = ORIENTED_EDGE('',*,*,#600,.T.);
#600 = EDGE_CURVE('',#593,#568,#601,.T.);
#601 = LINE('',#602,#603);
#602 = CARTESIAN_POINT('',(0.6,-0.585,1.21));
#603 = VECTOR('',#604,1.);
#604 = DIRECTION('',(0.,1.,0.));
#605 = ORIENTED_EDGE('',*,*,#567,.F.);
#606 = PLANE('',#607);
#607 = AXIS2_PLACEMENT_3D('',#608,#609,#610);
#608 = CARTESIAN_POINT('',(-0.6,-0.585,1.21));
#609 = DIRECTION('',(0.,0.,1.));
#610 = DIRECTION('',(1.,0.,-0.));
#611 = ADVANCED_FACE('',(#612),#631,.T.);
#612 = FACE_BOUND('',#613,.T.);
#613 = EDGE_LOOP('',(#614,#622,#629,#630));
#614 = ORIENTED_EDGE('',*,*,#615,.T.);
#615 = EDGE_CURVE('',#397,#616,#618,.T.);
#616 = VERTEX_POINT('',#617);
#617 = CARTESIAN_POINT('',(0.6,-0.585,1.17));
#618 = LINE('',#619,#620);
#619 = CARTESIAN_POINT('',(-0.6,-0.585,1.17));
#620 = VECTOR('',#621,1.);
#621 = DIRECTION('',(1.,0.,0.));
#622 = ORIENTED_EDGE('',*,*,#623,.T.);
#623 = EDGE_CURVE('',#616,#593,#624,.T.);
#624 = CIRCLE('',#625,4.E-02);
#625 = AXIS2_PLACEMENT_3D('',#626,#627,#628);
#626 = CARTESIAN_POINT('',(0.6,-0.545,1.17));
#627 = DIRECTION('',(-1.,0.,0.));
#628 = DIRECTION('',(0.,0.,1.));
#629 = ORIENTED_EDGE('',*,*,#592,.F.);
#630 = ORIENTED_EDGE('',*,*,#404,.F.);
#631 = CYLINDRICAL_SURFACE('',#632,4.E-02);
#632 = AXIS2_PLACEMENT_3D('',#633,#634,#635);
#633 = CARTESIAN_POINT('',(-0.6,-0.545,1.17));
#634 = DIRECTION('',(1.,0.,0.));
#635 = DIRECTION('',(0.,-1.,0.));
#636 = ADVANCED_FACE('',(#637),#648,.F.);
#637 = FACE_BOUND('',#638,.F.);
#638 = EDGE_LOOP('',(#639,#645,#646,#647));
#639 = ORIENTED_EDGE('',*,*,#640,.F.);
#640 = EDGE_CURVE('',#471,#616,#641,.T.);
#641 = LINE('',#642,#643);
#642 = CARTESIAN_POINT('',(0.6,-0.585,4.E-02));
#643 = VECTOR('',#644,1.);
#644 = DIRECTION('',(0.,0.,1.));
#645 = ORIENTED_EDGE('',*,*,#479,.F.);
#646 = ORIENTED_EDGE('',*,*,#396,.T.);
#647 = ORIENTED_EDGE('',*,*,#615,.T.);
#648 = PLANE('',#649);
#649 = AXIS2_PLACEMENT_3D('',#650,#651,#652);
#650 = CARTESIAN_POINT('',(-0.6,-0.585,4.E-02));
#651 = DIRECTION('',(0.,1.,0.));
#652 = DIRECTION('',(0.,-0.,1.));
#653 = ADVANCED_FACE('',(#654,#724),#734,.F.);
#654 = FACE_BOUND('',#655,.F.);
#655 = EDGE_LOOP('',(#656,#666,#675,#683,#692,#700,#709,#717));
#656 = ORIENTED_EDGE('',*,*,#657,.F.);
#657 = EDGE_CURVE('',#658,#660,#662,.T.);
#658 = VERTEX_POINT('',#659);
#659 = CARTESIAN_POINT('',(0.6,-0.625,4.E-02));
#660 = VERTEX_POINT('',#661);
#661 = CARTESIAN_POINT('',(0.6,-0.625,1.21));
#662 = LINE('',#663,#664);
#663 = CARTESIAN_POINT('',(0.6,-0.625,0.));
#664 = VECTOR('',#665,1.);
#665 = DIRECTION('',(0.,0.,1.));
#666 = ORIENTED_EDGE('',*,*,#667,.T.);
#667 = EDGE_CURVE('',#658,#668,#670,.T.);
#668 = VERTEX_POINT('',#669);
#669 = CARTESIAN_POINT('',(0.6,-0.585,0.));
#670 = CIRCLE('',#671,4.E-02);
#671 = AXIS2_PLACEMENT_3D('',#672,#673,#674);
#672 = CARTESIAN_POINT('',(0.6,-0.585,4.E-02));
#673 = DIRECTION('',(1.,0.,-0.));
#674 = DIRECTION('',(0.,0.,1.));
#675 = ORIENTED_EDGE('',*,*,#676,.T.);
#676 = EDGE_CURVE('',#668,#677,#679,.T.);
#677 = VERTEX_POINT('',#678);
#678 = CARTESIAN_POINT('',(0.6,0.585,0.));
#679 = LINE('',#680,#681);
#680 = CARTESIAN_POINT('',(0.6,-0.625,0.));
#681 = VECTOR('',#682,1.);
#682 = DIRECTION('',(0.,1.,0.));
#683 = ORIENTED_EDGE('',*,*,#684,.F.);
#684 = EDGE_CURVE('',#685,#677,#687,.T.);
#685 = VERTEX_POINT('',#686);
#686 = CARTESIAN_POINT('',(0.6,0.625,4.E-02));
#687 = CIRCLE('',#688,4.E-02);
#688 = AXIS2_PLACEMENT_3D('',#689,#690,#691);
#689 = CARTESIAN_POINT('',(0.6,0.585,4.E-02));
#690 = DIRECTION('',(-1.,0.,0.));
#691 = DIRECTION('',(0.,0.,1.));
#692 = ORIENTED_EDGE('',*,*,#693,.T.);
#693 = EDGE_CURVE('',#685,#694,#696,.T.);
#694 = VERTEX_POINT('',#695);
#695 = CARTESIAN_POINT('',(0.6,0.625,1.21));
#696 = LINE('',#697,#698);
#697 = CARTESIAN_POINT('',(0.6,0.625,0.));
#698 = VECTOR('',#699,1.);
#699 = DIRECTION('',(0.,0.,1.));
#700 = ORIENTED_EDGE('',*,*,#701,.T.);
#701 = EDGE_CURVE('',#694,#702,#704,.T.);
#702 = VERTEX_POINT('',#703);
#703 = CARTESIAN_POINT('',(0.6,0.585,1.25));
#704 = CIRCLE('',#705,4.E-02);
#705 = AXIS2_PLACEMENT_3D('',#706,#707,#708);
#706 = CARTESIAN_POINT('',(0.6,0.585,1.21));
#707 = DIRECTION('',(1.,0.,-0.));
#708 = DIRECTION('',(0.,0.,1.));
#709 = ORIENTED_EDGE('',*,*,#710,.F.);
#710 = EDGE_CURVE('',#711,#702,#713,.T.);
#711 = VERTEX_POINT('',#712);
#712 = CARTESIAN_POINT('',(0.6,-0.585,1.25));
#713 = LINE('',#714,#715);
#714 = CARTESIAN_POINT('',(0.6,-0.625,1.25));
#715 = VECTOR('',#716,1.);
#716 = DIRECTION('',(0.,1.,0.));
#717 = ORIENTED_EDGE('',*,*,#718,.F.);
#718 = EDGE_CURVE('',#660,#711,#719,.T.);
#719 = CIRCLE('',#720,4.E-02);
#720 = AXIS2_PLACEMENT_3D('',#721,#722,#723);
#721 = CARTESIAN_POINT('',(0.6,-0.585,1.21));
#722 = DIRECTION('',(-1.,0.,0.));
#723 = DIRECTION('',(0.,0.,1.));
#724 = FACE_BOUND('',#725,.F.);
#725 = EDGE_LOOP('',(#726,#727,#728,#729,#730,#731,#732,#733));
#726 = ORIENTED_EDGE('',*,*,#470,.F.);
#727 = ORIENTED_EDGE('',*,*,#640,.T.);
#728 = ORIENTED_EDGE('',*,*,#623,.T.);
#729 = ORIENTED_EDGE('',*,*,#600,.T.);
#730 = ORIENTED_EDGE('',*,*,#575,.F.);
#731 = ORIENTED_EDGE('',*,*,#542,.F.);
#732 = ORIENTED_EDGE('',*,*,#525,.T.);
#733 = ORIENTED_EDGE('',*,*,#495,.F.);
#734 = PLANE('',#735);
#735 = AXIS2_PLACEMENT_3D('',#736,#737,#738);
#736 = CARTESIAN_POINT('',(0.6,-0.625,0.));
#737 = DIRECTION('',(1.,0.,0.));
#738 = DIRECTION('',(0.,0.,1.));
#739 = ADVANCED_FACE('',(#740),#765,.F.);
#740 = FACE_BOUND('',#741,.F.);
#741 = EDGE_LOOP('',(#742,#752,#758,#759));
#742 = ORIENTED_EDGE('',*,*,#743,.F.);
#743 = EDGE_CURVE('',#744,#746,#748,.T.);
#744 = VERTEX_POINT('',#745);
#745 = CARTESIAN_POINT('',(1.,-0.625,4.E-02));
#746 = VERTEX_POINT('',#747);
#747 = CARTESIAN_POINT('',(1.,-0.625,1.21));
#748 = LINE('',#749,#750);
#749 = CARTESIAN_POINT('',(1.,-0.625,0.));
#750 = VECTOR('',#751,1.);
#751 = DIRECTION('',(0.,0.,1.));
#752 = ORIENTED_EDGE('',*,*,#753,.F.);
#753 = EDGE_CURVE('',#658,#744,#754,.T.);
#754 = LINE('',#755,#756);
#755 = CARTESIAN_POINT('',(0.6,-0.625,4.E-02));
#756 = VECTOR('',#757,1.);
#757 = DIRECTION('',(1.,0.,0.));
#758 = ORIENTED_EDGE('',*,*,#657,.T.);
#759 = ORIENTED_EDGE('',*,*,#760,.T.);
#760 = EDGE_CURVE('',#660,#746,#761,.T.);
#761 = LINE('',#762,#763);
#762 = CARTESIAN_POINT('',(0.6,-0.625,1.21));
#763 = VECTOR('',#764,1.);
#764 = DIRECTION('',(1.,0.,0.));
#765 = PLANE('',#766);
#766 = AXIS2_PLACEMENT_3D('',#767,#768,#769);
#767 = CARTESIAN_POINT('',(0.6,-0.625,0.));
#768 = DIRECTION('',(0.,1.,0.));
#769 = DIRECTION('',(0.,-0.,1.));
#770 = ADVANCED_FACE('',(#771),#790,.T.);
#771 = FACE_BOUND('',#772,.T.);
#772 = EDGE_LOOP('',(#773,#774,#782,#789));
#773 = ORIENTED_EDGE('',*,*,#667,.T.);
#774 = ORIENTED_EDGE('',*,*,#775,.T.);
#775 = EDGE_CURVE('',#668,#776,#778,.T.);
#776 = VERTEX_POINT('',#777);
#777 = CARTESIAN_POINT('',(1.,-0.585,0.));
#778 = LINE('',#779,#780);
#779 = CARTESIAN_POINT('',(0.6,-0.585,0.));
#780 = VECTOR('',#781,1.);
#781 = DIRECTION('',(1.,0.,0.));
#782 = ORIENTED_EDGE('',*,*,#783,.F.);
#783 = EDGE_CURVE('',#744,#776,#784,.T.);
#784 = CIRCLE('',#785,4.E-02);
#785 = AXIS2_PLACEMENT_3D('',#786,#787,#788);
#786 = CARTESIAN_POINT('',(1.,-0.585,4.E-02));
#787 = DIRECTION('',(1.,0.,-0.));
#788 = DIRECTION('',(0.,0.,1.));
#789 = ORIENTED_EDGE('',*,*,#753,.F.);
#790 = CYLINDRICAL_SURFACE('',#791,4.E-02);
#791 = AXIS2_PLACEMENT_3D('',#792,#793,#794);
#792 = CARTESIAN_POINT('',(0.6,-0.585,4.E-02));
#793 = DIRECTION('',(1.,0.,0.));
#794 = DIRECTION('',(0.,-1.,0.));
#795 = ADVANCED_FACE('',(#796),#815,.T.);
#796 = FACE_BOUND('',#797,.T.);
#797 = EDGE_LOOP('',(#798,#799,#808,#814));
#798 = ORIENTED_EDGE('',*,*,#760,.T.);
#799 = ORIENTED_EDGE('',*,*,#800,.T.);
#800 = EDGE_CURVE('',#746,#801,#803,.T.);
#801 = VERTEX_POINT('',#802);
#802 = CARTESIAN_POINT('',(1.,-0.585,1.25));
#803 = CIRCLE('',#804,4.E-02);
#804 = AXIS2_PLACEMENT_3D('',#805,#806,#807);
#805 = CARTESIAN_POINT('',(1.,-0.585,1.21));
#806 = DIRECTION('',(-1.,0.,0.));
#807 = DIRECTION('',(0.,0.,1.));
#808 = ORIENTED_EDGE('',*,*,#809,.F.);
#809 = EDGE_CURVE('',#711,#801,#810,.T.);
#810 = LINE('',#811,#812);
#811 = CARTESIAN_POINT('',(0.6,-0.585,1.25));
#812 = VECTOR('',#813,1.);
#813 = DIRECTION('',(1.,0.,0.));
#814 = ORIENTED_EDGE('',*,*,#718,.F.);
#815 = CYLINDRICAL_SURFACE('',#816,4.E-02);
#816 = AXIS2_PLACEMENT_3D('',#817,#818,#819);
#817 = CARTESIAN_POINT('',(0.6,-0.585,1.21));
#818 = DIRECTION('',(1.,0.,0.));
#819 = DIRECTION('',(0.,-1.,0.));
#820 = ADVANCED_FACE('',(#821),#839,.F.);
#821 = FACE_BOUND('',#822,.F.);
#822 = EDGE_LOOP('',(#823,#824,#825,#833));
#823 = ORIENTED_EDGE('',*,*,#676,.F.);
#824 = ORIENTED_EDGE('',*,*,#775,.T.);
#825 = ORIENTED_EDGE('',*,*,#826,.T.);
#826 = EDGE_CURVE('',#776,#827,#829,.T.);
#827 = VERTEX_POINT('',#828);
#828 = CARTESIAN_POINT('',(1.,0.585,0.));
#829 = LINE('',#830,#831);
#830 = CARTESIAN_POINT('',(1.,-0.625,0.));
#831 = VECTOR('',#832,1.);
#832 = DIRECTION('',(0.,1.,0.));
#833 = ORIENTED_EDGE('',*,*,#834,.F.);
#834 = EDGE_CURVE('',#677,#827,#835,.T.);
#835 = LINE('',#836,#837);
#836 = CARTESIAN_POINT('',(0.6,0.585,0.));
#837 = VECTOR('',#838,1.);
#838 = DIRECTION('',(1.,0.,0.));
#839 = PLANE('',#840);
#840 = AXIS2_PLACEMENT_3D('',#841,#842,#843);
#841 = CARTESIAN_POINT('',(0.6,-0.625,0.));
#842 = DIRECTION('',(0.,0.,1.));
#843 = DIRECTION('',(1.,0.,-0.));
#844 = ADVANCED_FACE('',(#845),#863,.T.);
#845 = FACE_BOUND('',#846,.T.);
#846 = EDGE_LOOP('',(#847,#848,#849,#857));
#847 = ORIENTED_EDGE('',*,*,#710,.F.);
#848 = ORIENTED_EDGE('',*,*,#809,.T.);
#849 = ORIENTED_EDGE('',*,*,#850,.T.);
#850 = EDGE_CURVE('',#801,#851,#853,.T.);
#851 = VERTEX_POINT('',#852);
#852 = CARTESIAN_POINT('',(1.,0.585,1.25));
#853 = LINE('',#854,#855);
#854 = CARTESIAN_POINT('',(1.,-0.625,1.25));
#855 = VECTOR('',#856,1.);
#856 = DIRECTION('',(0.,1.,0.));
#857 = ORIENTED_EDGE('',*,*,#858,.F.);
#858 = EDGE_CURVE('',#702,#851,#859,.T.);
#859 = LINE('',#860,#861);
#860 = CARTESIAN_POINT('',(0.6,0.585,1.25));
#861 = VECTOR('',#862,1.);
#862 = DIRECTION('',(1.,0.,0.));
#863 = PLANE('',#864);
#864 = AXIS2_PLACEMENT_3D('',#865,#866,#867);
#865 = CARTESIAN_POINT('',(0.6,-0.625,1.25));
#866 = DIRECTION('',(0.,0.,1.));
#867 = DIRECTION('',(1.,0.,-0.));
#868 = ADVANCED_FACE('',(#869),#888,.T.);
#869 = FACE_BOUND('',#870,.T.);
#870 = EDGE_LOOP('',(#871,#879,#886,#887));
#871 = ORIENTED_EDGE('',*,*,#872,.T.);
#872 = EDGE_CURVE('',#685,#873,#875,.T.);
#873 = VERTEX_POINT('',#874);
#874 = CARTESIAN_POINT('',(1.,0.625,4.E-02));
#875 = LINE('',#876,#877);
#876 = CARTESIAN_POINT('',(0.6,0.625,4.E-02));
#877 = VECTOR('',#878,1.);
#878 = DIRECTION('',(1.,0.,0.));
#879 = ORIENTED_EDGE('',*,*,#880,.T.);
#880 = EDGE_CURVE('',#873,#827,#881,.T.);
#881 = CIRCLE('',#882,4.E-02);
#882 = AXIS2_PLACEMENT_3D('',#883,#884,#885);
#883 = CARTESIAN_POINT('',(1.,0.585,4.E-02));
#884 = DIRECTION('',(-1.,0.,0.));
#885 = DIRECTION('',(0.,0.,1.));
#886 = ORIENTED_EDGE('',*,*,#834,.F.);
#887 = ORIENTED_EDGE('',*,*,#684,.F.);
#888 = CYLINDRICAL_SURFACE('',#889,4.E-02);
#889 = AXIS2_PLACEMENT_3D('',#890,#891,#892);
#890 = CARTESIAN_POINT('',(0.6,0.585,4.E-02));
#891 = DIRECTION('',(1.,0.,0.));
#892 = DIRECTION('',(-0.,1.,0.));
#893 = ADVANCED_FACE('',(#894),#913,.T.);
#894 = FACE_BOUND('',#895,.T.);
#895 = EDGE_LOOP('',(#896,#897,#898,#907));
#896 = ORIENTED_EDGE('',*,*,#701,.T.);
#897 = ORIENTED_EDGE('',*,*,#858,.T.);
#898 = ORIENTED_EDGE('',*,*,#899,.F.);
#899 = EDGE_CURVE('',#900,#851,#902,.T.);
#900 = VERTEX_POINT('',#901);
#901 = CARTESIAN_POINT('',(1.,0.625,1.21));
#902 = CIRCLE('',#903,4.E-02);
#903 = AXIS2_PLACEMENT_3D('',#904,#905,#906);
#904 = CARTESIAN_POINT('',(1.,0.585,1.21));
#905 = DIRECTION('',(1.,0.,-0.));
#906 = DIRECTION('',(0.,0.,1.));
#907 = ORIENTED_EDGE('',*,*,#908,.F.);
#908 = EDGE_CURVE('',#694,#900,#909,.T.);
#909 = LINE('',#910,#911);
#910 = CARTESIAN_POINT('',(0.6,0.625,1.21));
#911 = VECTOR('',#912,1.);
#912 = DIRECTION('',(1.,0.,0.));
#913 = CYLINDRICAL_SURFACE('',#914,4.E-02);
#914 = AXIS2_PLACEMENT_3D('',#915,#916,#917);
#915 = CARTESIAN_POINT('',(0.6,0.585,1.21));
#916 = DIRECTION('',(1.,0.,0.));
#917 = DIRECTION('',(-0.,1.,0.));
#918 = ADVANCED_FACE('',(#919),#930,.T.);
#919 = FACE_BOUND('',#920,.T.);
#920 = EDGE_LOOP('',(#921,#927,#928,#929));
#921 = ORIENTED_EDGE('',*,*,#922,.F.);
#922 = EDGE_CURVE('',#873,#900,#923,.T.);
#923 = LINE('',#924,#925);
#924 = CARTESIAN_POINT('',(1.,0.625,0.));
#925 = VECTOR('',#926,1.);
#926 = DIRECTION('',(0.,0.,1.));
#927 = ORIENTED_EDGE('',*,*,#872,.F.);
#928 = ORIENTED_EDGE('',*,*,#693,.T.);
#929 = ORIENTED_EDGE('',*,*,#908,.T.);
#930 = PLANE('',#931);
#931 = AXIS2_PLACEMENT_3D('',#932,#933,#934);
#932 = CARTESIAN_POINT('',(0.6,0.625,0.));
#933 = DIRECTION('',(0.,1.,0.));
#934 = DIRECTION('',(0.,-0.,1.));
#935 = ADVANCED_FACE('',(#936),#946,.T.);
#936 = FACE_BOUND('',#937,.T.);
#937 = EDGE_LOOP('',(#938,#939,#940,#941,#942,#943,#944,#945));
#938 = ORIENTED_EDGE('',*,*,#743,.F.);
#939 = ORIENTED_EDGE('',*,*,#783,.T.);
#940 = ORIENTED_EDGE('',*,*,#826,.T.);
#941 = ORIENTED_EDGE('',*,*,#880,.F.);
#942 = ORIENTED_EDGE('',*,*,#922,.T.);
#943 = ORIENTED_EDGE('',*,*,#899,.T.);
#944 = ORIENTED_EDGE('',*,*,#850,.F.);
#945 = ORIENTED_EDGE('',*,*,#800,.F.);
#946 = PLANE('',#947);
#947 = AXIS2_PLACEMENT_3D('',#948,#949,#950);
#948 = CARTESIAN_POINT('',(1.,-0.625,0.));
#949 = DIRECTION('',(1.,0.,0.));
#950 = DIRECTION('',(0.,0.,1.));
#951 = ( GEOMETRIC_REPRESENTATION_CONTEXT(3) 
GLOBAL_UNCERTAINTY_ASSIGNED_CONTEXT((#955)) GLOBAL_UNIT_ASSIGNED_CONTEXT
((#952,#953,#954)) REPRESENTATION_CONTEXT('Context #1',
  '3D Context with UNIT and UNCERTAINTY') );
#952 = ( LENGTH_UNIT() NAMED_UNIT(*) SI_UNIT(.MILLI.,.METRE.) );
#953 = ( NAMED_UNIT(*) PLANE_ANGLE_UNIT() SI_UNIT($,.RADIAN.) );
#954 = ( NAMED_UNIT(*) SI_UNIT($,.STERADIAN.) SOLID_ANGLE_UNIT() );
#955 = UNCERTAINTY_MEASURE_WITH_UNIT(LENGTH_MEASURE(1.E-07),#952,
  'distance_accuracy_value','confusion accuracy');
#956 = CONTEXT_DEPENDENT_SHAPE_REPRESENTATION(#957,#959);
#957 = ( REPRESENTATION_RELATIONSHIP('','',#96,#10) 
REPRESENTATION_RELATIONSHIP_WITH_TRANSFORMATION(#958) 
SHAPE_REPRESENTATION_RELATIONSHIP() );
#958 = ITEM_DEFINED_TRANSFORMATION('','',#11,#15);
#959 = PRODUCT_DEFINITION_SHAPE('Placement','Placement of an item',#960
  );
#960 = NEXT_ASSEMBLY_USAGE_OCCURRENCE('1','C2','',#5,#91,$);
#961 = PRODUCT_RELATED_PRODUCT_CATEGORY('part',$,(#93));
#962 = SHAPE_DEFINITION_REPRESENTATION(#963,#969);
#963 = PRODUCT_DEFINITION_SHAPE('','',#964);
#964 = PRODUCT_DEFINITION('design','',#965,#968);
#965 = PRODUCT_DEFINITION_FORMATION('','',#966);
#966 = PRODUCT('R_0805_2012Metric','R_0805_2012Metric','',(#967));
#967 = PRODUCT_CONTEXT('',#2,'mechanical');
#968 = PRODUCT_DEFINITION_CONTEXT('part definition',#2,'design');
#969 = ADVANCED_BREP_SHAPE_REPRESENTATION('',(#11,#970),#1760);
#970 = MANIFOLD_SOLID_BREP('',#971);
#971 = CLOSED_SHELL('',(#972,#1012,#1095,#1120,#1145,#1212,#1229,#1246,
    #1295,#1312,#1329,#1378,#1395,#1464,#1495,#1519,#1588,#1612,#1629,
    #1646,#1663,#1680,#1697,#1714,#1731,#1748));
#972 = ADVANCED_FACE('',(#973),#1007,.F.);
#973 = FACE_BOUND('',#974,.F.);
#974 = EDGE_LOOP('',(#975,#985,#993,#1001));
#975 = ORIENTED_EDGE('',*,*,#976,.F.);
#976 = EDGE_CURVE('',#977,#979,#981,.T.);
#977 = VERTEX_POINT('',#978);
#978 = CARTESIAN_POINT('',(-1.,-0.6,4.5E-02));
#979 = VERTEX_POINT('',#980);
#980 = CARTESIAN_POINT('',(-1.,-0.6,0.405));
#981 = LINE('',#982,#983);
#982 = CARTESIAN_POINT('',(-1.,-0.6,0.));
#983 = VECTOR('',#984,1.);
#984 = DIRECTION('',(0.,0.,1.));
#985 = ORIENTED_EDGE('',*,*,#986,.T.);
#986 = EDGE_CURVE('',#977,#987,#989,.T.);
#987 = VERTEX_POINT('',#988);
#988 = CARTESIAN_POINT('',(-1.,0.6,4.5E-02));
#989 = LINE('',#990,#991);
#990 = CARTESIAN_POINT('',(-1.,-0.6,4.5E-02));
#991 = VECTOR('',#992,1.);
#992 = DIRECTION('',(0.,1.,0.));
#993 = ORIENTED_EDGE('',*,*,#994,.T.);
#994 = EDGE_CURVE('',#987,#995,#997,.T.);
#995 = VERTEX_POINT('',#996);
#996 = CARTESIAN_POINT('',(-1.,0.6,0.405));
#997 = LINE('',#998,#999);
#998 = CARTESIAN_POINT('',(-1.,0.6,0.));
#999 = VECTOR('',#1000,1.);
#1000 = DIRECTION('',(0.,0.,1.));
#1001 = ORIENTED_EDGE('',*,*,#1002,.F.);
#1002 = EDGE_CURVE('',#979,#995,#1003,.T.);
#1003 = LINE('',#1004,#1005);
#1004 = CARTESIAN_POINT('',(-1.,-0.6,0.405));
#1005 = VECTOR('',#1006,1.);
#1006 = DIRECTION('',(0.,1.,0.));
#1007 = PLANE('',#1008);
#1008 = AXIS2_PLACEMENT_3D('',#1009,#1010,#1011);
#1009 = CARTESIAN_POINT('',(-1.,-0.6,0.));
#1010 = DIRECTION('',(1.,0.,0.));
#1011 = DIRECTION('',(0.,0.,1.));
#1012 = ADVANCED_FACE('',(#1013),#1090,.F.);
#1013 = FACE_BOUND('',#1014,.F.);
#1014 = EDGE_LOOP('',(#1015,#1025,#1032,#1033,#1042,#1050,#1059,#1067,
    #1075,#1083));
#1015 = ORIENTED_EDGE('',*,*,#1016,.F.);
#1016 = EDGE_CURVE('',#1017,#1019,#1021,.T.);
#1017 = VERTEX_POINT('',#1018);
#1018 = CARTESIAN_POINT('',(-0.955,-0.6,-2.775557561563E-17));
#1019 = VERTEX_POINT('',#1020);
#1020 = CARTESIAN_POINT('',(-0.745,-0.6,-2.775557561563E-17));
#1021 = LINE('',#1022,#1023);
#1022 = CARTESIAN_POINT('',(-1.,-0.6,0.));
#1023 = VECTOR('',#1024,1.);
#1024 = DIRECTION('',(1.,0.,0.));
#1025 = ORIENTED_EDGE('',*,*,#1026,.F.);
#1026 = EDGE_CURVE('',#977,#1017,#1027,.T.);
#1027 = CIRCLE('',#1028,4.5E-02);
#1028 = AXIS2_PLACEMENT_3D('',#1029,#1030,#1031);
#1029 = CARTESIAN_POINT('',(-0.955,-0.6,4.5E-02));
#1030 = DIRECTION('',(0.,-1.,0.));
#1031 = DIRECTION('',(0.,0.,1.));
#1032 = ORIENTED_EDGE('',*,*,#976,.T.);
#1033 = ORIENTED_EDGE('',*,*,#1034,.T.);
#1034 = EDGE_CURVE('',#979,#1035,#1037,.T.);
#1035 = VERTEX_POINT('',#1036);
#1036 = CARTESIAN_POINT('',(-0.955,-0.6,0.45));
#1037 = CIRCLE('',#1038,4.5E-02);
#1038 = AXIS2_PLACEMENT_3D('',#1039,#1040,#1041);
#1039 = CARTESIAN_POINT('',(-0.955,-0.6,0.405));
#1040 = DIRECTION('',(0.,1.,0.));
#1041 = DIRECTION('',(0.,-0.,1.));
#1042 = ORIENTED_EDGE('',*,*,#1043,.T.);
#1043 = EDGE_CURVE('',#1035,#1044,#1046,.T.);
#1044 = VERTEX_POINT('',#1045);
#1045 = CARTESIAN_POINT('',(-0.745,-0.6,0.45));
#1046 = LINE('',#1047,#1048);
#1047 = CARTESIAN_POINT('',(-1.,-0.6,0.45));
#1048 = VECTOR('',#1049,1.);
#1049 = DIRECTION('',(1.,0.,0.));
#1050 = ORIENTED_EDGE('',*,*,#1051,.F.);
#1051 = EDGE_CURVE('',#1052,#1044,#1054,.T.);
#1052 = VERTEX_POINT('',#1053);
#1053 = CARTESIAN_POINT('',(-0.7,-0.6,0.405));
#1054 = CIRCLE('',#1055,4.5E-02);
#1055 = AXIS2_PLACEMENT_3D('',#1056,#1057,#1058);
#1056 = CARTESIAN_POINT('',(-0.745,-0.6,0.405));
#1057 = DIRECTION('',(0.,-1.,0.));
#1058 = DIRECTION('',(0.,0.,1.));
#1059 = ORIENTED_EDGE('',*,*,#1060,.F.);
#1060 = EDGE_CURVE('',#1061,#1052,#1063,.T.);
#1061 = VERTEX_POINT('',#1062);
#1062 = CARTESIAN_POINT('',(-0.955,-0.6,0.405));
#1063 = LINE('',#1064,#1065);
#1064 = CARTESIAN_POINT('',(-0.955,-0.6,0.405));
#1065 = VECTOR('',#1066,1.);
#1066 = DIRECTION('',(1.,0.,0.));
#1067 = ORIENTED_EDGE('',*,*,#1068,.F.);
#1068 = EDGE_CURVE('',#1069,#1061,#1071,.T.);
#1069 = VERTEX_POINT('',#1070);
#1070 = CARTESIAN_POINT('',(-0.955,-0.6,4.5E-02));
#1071 = LINE('',#1072,#1073);
#1072 = CARTESIAN_POINT('',(-0.955,-0.6,4.5E-02));
#1073 = VECTOR('',#1074,1.);
#1074 = DIRECTION('',(0.,0.,1.));
#1075 = ORIENTED_EDGE('',*,*,#1076,.T.);
#1076 = EDGE_CURVE('',#1069,#1077,#1079,.T.);
#1077 = VERTEX_POINT('',#1078);
#1078 = CARTESIAN_POINT('',(-0.7,-0.6,4.5E-02));
#1079 = LINE('',#1080,#1081);
#1080 = CARTESIAN_POINT('',(-0.955,-0.6,4.5E-02));
#1081 = VECTOR('',#1082,1.);
#1082 = DIRECTION('',(1.,0.,0.));
#1083 = ORIENTED_EDGE('',*,*,#1084,.T.);
#1084 = EDGE_CURVE('',#1077,#1019,#1085,.T.);
#1085 = CIRCLE('',#1086,4.5E-02);
#1086 = AXIS2_PLACEMENT_3D('',#1087,#1088,#1089);
#1087 = CARTESIAN_POINT('',(-0.745,-0.6,4.5E-02));
#1088 = DIRECTION('',(0.,1.,0.));
#1089 = DIRECTION('',(0.,-0.,1.));
#1090 = PLANE('',#1091);
#1091 = AXIS2_PLACEMENT_3D('',#1092,#1093,#1094);
#1092 = CARTESIAN_POINT('',(-1.,-0.6,0.));
#1093 = DIRECTION('',(0.,1.,0.));
#1094 = DIRECTION('',(0.,-0.,1.));
#1095 = ADVANCED_FACE('',(#1096),#1115,.T.);
#1096 = FACE_BOUND('',#1097,.T.);
#1097 = EDGE_LOOP('',(#1098,#1099,#1108,#1114));
#1098 = ORIENTED_EDGE('',*,*,#986,.T.);
#1099 = ORIENTED_EDGE('',*,*,#1100,.T.);
#1100 = EDGE_CURVE('',#987,#1101,#1103,.T.);
#1101 = VERTEX_POINT('',#1102);
#1102 = CARTESIAN_POINT('',(-0.955,0.6,-2.775557561563E-17));
#1103 = CIRCLE('',#1104,4.5E-02);
#1104 = AXIS2_PLACEMENT_3D('',#1105,#1106,#1107);
#1105 = CARTESIAN_POINT('',(-0.955,0.6,4.5E-02));
#1106 = DIRECTION('',(0.,-1.,0.));
#1107 = DIRECTION('',(0.,0.,1.));
#1108 = ORIENTED_EDGE('',*,*,#1109,.F.);
#1109 = EDGE_CURVE('',#1017,#1101,#1110,.T.);
#1110 = LINE('',#1111,#1112);
#1111 = CARTESIAN_POINT('',(-0.955,-0.6,-2.775557561563E-17));
#1112 = VECTOR('',#1113,1.);
#1113 = DIRECTION('',(0.,1.,0.));
#1114 = ORIENTED_EDGE('',*,*,#1026,.F.);
#1115 = CYLINDRICAL_SURFACE('',#1116,4.5E-02);
#1116 = AXIS2_PLACEMENT_3D('',#1117,#1118,#1119);
#1117 = CARTESIAN_POINT('',(-0.955,-0.6,4.5E-02));
#1118 = DIRECTION('',(0.,1.,0.));
#1119 = DIRECTION('',(-1.,0.,0.));
#1120 = ADVANCED_FACE('',(#1121),#1140,.T.);
#1121 = FACE_BOUND('',#1122,.T.);
#1122 = EDGE_LOOP('',(#1123,#1124,#1132,#1139));
#1123 = ORIENTED_EDGE('',*,*,#1034,.T.);
#1124 = ORIENTED_EDGE('',*,*,#1125,.T.);
#1125 = EDGE_CURVE('',#1035,#1126,#1128,.T.);
#1126 = VERTEX_POINT('',#1127);
#1127 = CARTESIAN_POINT('',(-0.955,0.6,0.45));
#1128 = LINE('',#1129,#1130);
#1129 = CARTESIAN_POINT('',(-0.955,-0.6,0.45));
#1130 = VECTOR('',#1131,1.);
#1131 = DIRECTION('',(0.,1.,0.));
#1132 = ORIENTED_EDGE('',*,*,#1133,.F.);
#1133 = EDGE_CURVE('',#995,#1126,#1134,.T.);
#1134 = CIRCLE('',#1135,4.5E-02);
#1135 = AXIS2_PLACEMENT_3D('',#1136,#1137,#1138);
#1136 = CARTESIAN_POINT('',(-0.955,0.6,0.405));
#1137 = DIRECTION('',(0.,1.,0.));
#1138 = DIRECTION('',(0.,-0.,1.));
#1139 = ORIENTED_EDGE('',*,*,#1002,.F.);
#1140 = CYLINDRICAL_SURFACE('',#1141,4.5E-02);
#1141 = AXIS2_PLACEMENT_3D('',#1142,#1143,#1144);
#1142 = CARTESIAN_POINT('',(-0.955,-0.6,0.405));
#1143 = DIRECTION('',(0.,1.,0.));
#1144 = DIRECTION('',(-1.,0.,0.));
#1145 = ADVANCED_FACE('',(#1146),#1207,.T.);
#1146 = FACE_BOUND('',#1147,.T.);
#1147 = EDGE_LOOP('',(#1148,#1156,#1157,#1158,#1159,#1167,#1176,#1184,
    #1192,#1200));
#1148 = ORIENTED_EDGE('',*,*,#1149,.F.);
#1149 = EDGE_CURVE('',#1101,#1150,#1152,.T.);
#1150 = VERTEX_POINT('',#1151);
#1151 = CARTESIAN_POINT('',(-0.745,0.6,-2.775557561563E-17));
#1152 = LINE('',#1153,#1154);
#1153 = CARTESIAN_POINT('',(-1.,0.6,0.));
#1154 = VECTOR('',#1155,1.);
#1155 = DIRECTION('',(1.,0.,0.));
#1156 = ORIENTED_EDGE('',*,*,#1100,.F.);
#1157 = ORIENTED_EDGE('',*,*,#994,.T.);
#1158 = ORIENTED_EDGE('',*,*,#1133,.T.);
#1159 = ORIENTED_EDGE('',*,*,#1160,.T.);
#1160 = EDGE_CURVE('',#1126,#1161,#1163,.T.);
#1161 = VERTEX_POINT('',#1162);
#1162 = CARTESIAN_POINT('',(-0.745,0.6,0.45));
#1163 = LINE('',#1164,#1165);
#1164 = CARTESIAN_POINT('',(-1.,0.6,0.45));
#1165 = VECTOR('',#1166,1.);
#1166 = DIRECTION('',(1.,0.,0.));
#1167 = ORIENTED_EDGE('',*,*,#1168,.F.);
#1168 = EDGE_CURVE('',#1169,#1161,#1171,.T.);
#1169 = VERTEX_POINT('',#1170);
#1170 = CARTESIAN_POINT('',(-0.7,0.6,0.405));
#1171 = CIRCLE('',#1172,4.5E-02);
#1172 = AXIS2_PLACEMENT_3D('',#1173,#1174,#1175);
#1173 = CARTESIAN_POINT('',(-0.745,0.6,0.405));
#1174 = DIRECTION('',(0.,-1.,0.));
#1175 = DIRECTION('',(0.,0.,1.));
#1176 = ORIENTED_EDGE('',*,*,#1177,.F.);
#1177 = EDGE_CURVE('',#1178,#1169,#1180,.T.);
#1178 = VERTEX_POINT('',#1179);
#1179 = CARTESIAN_POINT('',(-0.955,0.6,0.405));
#1180 = LINE('',#1181,#1182);
#1181 = CARTESIAN_POINT('',(-0.955,0.6,0.405));
#1182 = VECTOR('',#1183,1.);
#1183 = DIRECTION('',(1.,0.,0.));
#1184 = ORIENTED_EDGE('',*,*,#1185,.F.);
#1185 = EDGE_CURVE('',#1186,#1178,#1188,.T.);
#1186 = VERTEX_POINT('',#1187);
#1187 = CARTESIAN_POINT('',(-0.955,0.6,4.5E-02));
#1188 = LINE('',#1189,#1190);
#1189 = CARTESIAN_POINT('',(-0.955,0.6,4.5E-02));
#1190 = VECTOR('',#1191,1.);
#1191 = DIRECTION('',(0.,0.,1.));
#1192 = ORIENTED_EDGE('',*,*,#1193,.T.);
#1193 = EDGE_CURVE('',#1186,#1194,#1196,.T.);
#1194 = VERTEX_POINT('',#1195);
#1195 = CARTESIAN_POINT('',(-0.7,0.6,4.5E-02));
#1196 = LINE('',#1197,#1198);
#1197 = CARTESIAN_POINT('',(-0.955,0.6,4.5E-02));
#1198 = VECTOR('',#1199,1.);
#1199 = DIRECTION('',(1.,0.,0.));
#1200 = ORIENTED_EDGE('',*,*,#1201,.T.);
#1201 = EDGE_CURVE('',#1194,#1150,#1202,.T.);
#1202 = CIRCLE('',#1203,4.5E-02);
#1203 = AXIS2_PLACEMENT_3D('',#1204,#1205,#1206);
#1204 = CARTESIAN_POINT('',(-0.745,0.6,4.5E-02));
#1205 = DIRECTION('',(0.,1.,0.));
#1206 = DIRECTION('',(0.,-0.,1.));
#1207 = PLANE('',#1208);
#1208 = AXIS2_PLACEMENT_3D('',#1209,#1210,#1211);
#1209 = CARTESIAN_POINT('',(-1.,0.6,0.));
#1210 = DIRECTION('',(0.,1.,0.));
#1211 = DIRECTION('',(0.,-0.,1.));
#1212 = ADVANCED_FACE('',(#1213),#1224,.F.);
#1213 = FACE_BOUND('',#1214,.F.);
#1214 = EDGE_LOOP('',(#1215,#1216,#1217,#1218));
#1215 = ORIENTED_EDGE('',*,*,#1149,.F.);
#1216 = ORIENTED_EDGE('',*,*,#1109,.F.);
#1217 = ORIENTED_EDGE('',*,*,#1016,.T.);
#1218 = ORIENTED_EDGE('',*,*,#1219,.T.);
#1219 = EDGE_CURVE('',#1019,#1150,#1220,.T.);
#1220 = LINE('',#1221,#1222);
#1221 = CARTESIAN_POINT('',(-0.745,-0.6,-2.775557561563E-17));
#1222 = VECTOR('',#1223,1.);
#1223 = DIRECTION('',(0.,1.,0.));
#1224 = PLANE('',#1225);
#1225 = AXIS2_PLACEMENT_3D('',#1226,#1227,#1228);
#1226 = CARTESIAN_POINT('',(-1.,-0.6,0.));
#1227 = DIRECTION('',(0.,0.,1.));
#1228 = DIRECTION('',(1.,0.,-0.));
#1229 = ADVANCED_FACE('',(#1230),#1241,.T.);
#1230 = FACE_BOUND('',#1231,.T.);
#1231 = EDGE_LOOP('',(#1232,#1233,#1234,#1235));
#1232 = ORIENTED_EDGE('',*,*,#1084,.T.);
#1233 = ORIENTED_EDGE('',*,*,#1219,.T.);
#1234 = ORIENTED_EDGE('',*,*,#1201,.F.);
#1235 = ORIENTED_EDGE('',*,*,#1236,.F.);
#1236 = EDGE_CURVE('',#1077,#1194,#1237,.T.);
#1237 = LINE('',#1238,#1239);
#1238 = CARTESIAN_POINT('',(-0.7,-0.6,4.5E-02));
#1239 = VECTOR('',#1240,1.);
#1240 = DIRECTION('',(0.,1.,0.));
#1241 = CYLINDRICAL_SURFACE('',#1242,4.5E-02);
#1242 = AXIS2_PLACEMENT_3D('',#1243,#1244,#1245);
#1243 = CARTESIAN_POINT('',(-0.745,-0.6,4.5E-02));
#1244 = DIRECTION('',(0.,1.,0.));
#1245 = DIRECTION('',(1.,0.,0.));
#1246 = ADVANCED_FACE('',(#1247),#1290,.F.);
#1247 = FACE_BOUND('',#1248,.F.);
#1248 = EDGE_LOOP('',(#1249,#1250,#1251,#1252,#1260,#1268,#1276,#1284));
#1249 = ORIENTED_EDGE('',*,*,#1076,.F.);
#1250 = ORIENTED_EDGE('',*,*,#1068,.T.);
#1251 = ORIENTED_EDGE('',*,*,#1060,.T.);
#1252 = ORIENTED_EDGE('',*,*,#1253,.T.);
#1253 = EDGE_CURVE('',#1052,#1254,#1256,.T.);
#1254 = VERTEX_POINT('',#1255);
#1255 = CARTESIAN_POINT('',(0.7,-0.6,0.405));
#1256 = LINE('',#1257,#1258);
#1257 = CARTESIAN_POINT('',(-0.7,-0.6,0.405));
#1258 = VECTOR('',#1259,1.);
#1259 = DIRECTION('',(1.,0.,0.));
#1260 = ORIENTED_EDGE('',*,*,#1261,.T.);
#1261 = EDGE_CURVE('',#1254,#1262,#1264,.T.);
#1262 = VERTEX_POINT('',#1263);
#1263 = CARTESIAN_POINT('',(0.955,-0.6,0.405));
#1264 = LINE('',#1265,#1266);
#1265 = CARTESIAN_POINT('',(-0.955,-0.6,0.405));
#1266 = VECTOR('',#1267,1.);
#1267 = DIRECTION('',(1.,0.,0.));
#1268 = ORIENTED_EDGE('',*,*,#1269,.F.);
#1269 = EDGE_CURVE('',#1270,#1262,#1272,.T.);
#1270 = VERTEX_POINT('',#1271);
#1271 = CARTESIAN_POINT('',(0.955,-0.6,4.5E-02));
#1272 = LINE('',#1273,#1274);
#1273 = CARTESIAN_POINT('',(0.955,-0.6,4.5E-02));
#1274 = VECTOR('',#1275,1.);
#1275 = DIRECTION('',(0.,0.,1.));
#1276 = ORIENTED_EDGE('',*,*,#1277,.F.);
#1277 = EDGE_CURVE('',#1278,#1270,#1280,.T.);
#1278 = VERTEX_POINT('',#1279);
#1279 = CARTESIAN_POINT('',(0.7,-0.6,4.5E-02));
#1280 = LINE('',#1281,#1282);
#1281 = CARTESIAN_POINT('',(-0.955,-0.6,4.5E-02));
#1282 = VECTOR('',#1283,1.);
#1283 = DIRECTION('',(1.,0.,0.));
#1284 = ORIENTED_EDGE('',*,*,#1285,.F.);
#1285 = EDGE_CURVE('',#1077,#1278,#1286,.T.);
#1286 = LINE('',#1287,#1288);
#1287 = CARTESIAN_POINT('',(-0.955,-0.6,4.5E-02));
#1288 = VECTOR('',#1289,1.);
#1289 = DIRECTION('',(1.,0.,0.));
#1290 = PLANE('',#1291);
#1291 = AXIS2_PLACEMENT_3D('',#1292,#1293,#1294);
#1292 = CARTESIAN_POINT('',(-0.955,-0.6,4.5E-02));
#1293 = DIRECTION('',(0.,1.,0.));
#1294 = DIRECTION('',(0.,-0.,1.));
#1295 = ADVANCED_FACE('',(#1296),#1307,.T.);
#1296 = FACE_BOUND('',#1297,.T.);
#1297 = EDGE_LOOP('',(#1298,#1299,#1300,#1301));
#1298 = ORIENTED_EDGE('',*,*,#1160,.F.);
#1299 = ORIENTED_EDGE('',*,*,#1125,.F.);
#1300 = ORIENTED_EDGE('',*,*,#1043,.T.);
#1301 = ORIENTED_EDGE('',*,*,#1302,.T.);
#1302 = EDGE_CURVE('',#1044,#1161,#1303,.T.);
#1303 = LINE('',#1304,#1305);
#1304 = CARTESIAN_POINT('',(-0.745,-0.6,0.45));
#1305 = VECTOR('',#1306,1.);
#1306 = DIRECTION('',(0.,1.,0.));
#1307 = PLANE('',#1308);
#1308 = AXIS2_PLACEMENT_3D('',#1309,#1310,#1311);
#1309 = CARTESIAN_POINT('',(-1.,-0.6,0.45));
#1310 = DIRECTION('',(0.,0.,1.));
#1311 = DIRECTION('',(1.,0.,-0.));
#1312 = ADVANCED_FACE('',(#1313),#1324,.T.);
#1313 = FACE_BOUND('',#1314,.T.);
#1314 = EDGE_LOOP('',(#1315,#1321,#1322,#1323));
#1315 = ORIENTED_EDGE('',*,*,#1316,.T.);
#1316 = EDGE_CURVE('',#1052,#1169,#1317,.T.);
#1317 = LINE('',#1318,#1319);
#1318 = CARTESIAN_POINT('',(-0.7,-0.6,0.405));
#1319 = VECTOR('',#1320,1.);
#1320 = DIRECTION('',(0.,1.,0.));
#1321 = ORIENTED_EDGE('',*,*,#1168,.T.);
#1322 = ORIENTED_EDGE('',*,*,#1302,.F.);
#1323 = ORIENTED_EDGE('',*,*,#1051,.F.);
#1324 = CYLINDRICAL_SURFACE('',#1325,4.5E-02);
#1325 = AXIS2_PLACEMENT_3D('',#1326,#1327,#1328);
#1326 = CARTESIAN_POINT('',(-0.745,-0.6,0.405));
#1327 = DIRECTION('',(0.,1.,0.));
#1328 = DIRECTION('',(1.,0.,0.));
#1329 = ADVANCED_FACE('',(#1330),#1373,.T.);
#1330 = FACE_BOUND('',#1331,.T.);
#1331 = EDGE_LOOP('',(#1332,#1333,#1334,#1335,#1343,#1351,#1359,#1367));
#1332 = ORIENTED_EDGE('',*,*,#1193,.F.);
#1333 = ORIENTED_EDGE('',*,*,#1185,.T.);
#1334 = ORIENTED_EDGE('',*,*,#1177,.T.);
#1335 = ORIENTED_EDGE('',*,*,#1336,.T.);
#1336 = EDGE_CURVE('',#1169,#1337,#1339,.T.);
#1337 = VERTEX_POINT('',#1338);
#1338 = CARTESIAN_POINT('',(0.7,0.6,0.405));
#1339 = LINE('',#1340,#1341);
#1340 = CARTESIAN_POINT('',(-0.7,0.6,0.405));
#1341 = VECTOR('',#1342,1.);
#1342 = DIRECTION('',(1.,0.,0.));
#1343 = ORIENTED_EDGE('',*,*,#1344,.T.);
#1344 = EDGE_CURVE('',#1337,#1345,#1347,.T.);
#1345 = VERTEX_POINT('',#1346);
#1346 = CARTESIAN_POINT('',(0.955,0.6,0.405));
#1347 = LINE('',#1348,#1349);
#1348 = CARTESIAN_POINT('',(-0.955,0.6,0.405));
#1349 = VECTOR('',#1350,1.);
#1350 = DIRECTION('',(1.,0.,0.));
#1351 = ORIENTED_EDGE('',*,*,#1352,.F.);
#1352 = EDGE_CURVE('',#1353,#1345,#1355,.T.);
#1353 = VERTEX_POINT('',#1354);
#1354 = CARTESIAN_POINT('',(0.955,0.6,4.5E-02));
#1355 = LINE('',#1356,#1357);
#1356 = CARTESIAN_POINT('',(0.955,0.6,4.5E-02));
#1357 = VECTOR('',#1358,1.);
#1358 = DIRECTION('',(0.,0.,1.));
#1359 = ORIENTED_EDGE('',*,*,#1360,.F.);
#1360 = EDGE_CURVE('',#1361,#1353,#1363,.T.);
#1361 = VERTEX_POINT('',#1362);
#1362 = CARTESIAN_POINT('',(0.7,0.6,4.5E-02));
#1363 = LINE('',#1364,#1365);
#1364 = CARTESIAN_POINT('',(-0.955,0.6,4.5E-02));
#1365 = VECTOR('',#1366,1.);
#1366 = DIRECTION('',(1.,0.,0.));
#1367 = ORIENTED_EDGE('',*,*,#1368,.F.);
#1368 = EDGE_CURVE('',#1194,#1361,#1369,.T.);
#1369 = LINE('',#1370,#1371);
#1370 = CARTESIAN_POINT('',(-0.955,0.6,4.5E-02));
#1371 = VECTOR('',#1372,1.);
#1372 = DIRECTION('',(1.,0.,0.));
#1373 = PLANE('',#1374);
#1374 = AXIS2_PLACEMENT_3D('',#1375,#1376,#1377);
#1375 = CARTESIAN_POINT('',(-0.955,0.6,4.5E-02));
#1376 = DIRECTION('',(0.,1.,0.));
#1377 = DIRECTION('',(0.,-0.,1.));
#1378 = ADVANCED_FACE('',(#1379),#1390,.F.);
#1379 = FACE_BOUND('',#1380,.F.);
#1380 = EDGE_LOOP('',(#1381,#1382,#1383,#1389));
#1381 = ORIENTED_EDGE('',*,*,#1236,.F.);
#1382 = ORIENTED_EDGE('',*,*,#1285,.T.);
#1383 = ORIENTED_EDGE('',*,*,#1384,.T.);
#1384 = EDGE_CURVE('',#1278,#1361,#1385,.T.);
#1385 = LINE('',#1386,#1387);
#1386 = CARTESIAN_POINT('',(0.7,-0.6,4.5E-02));
#1387 = VECTOR('',#1388,1.);
#1388 = DIRECTION('',(0.,1.,0.));
#1389 = ORIENTED_EDGE('',*,*,#1368,.F.);
#1390 = PLANE('',#1391);
#1391 = AXIS2_PLACEMENT_3D('',#1392,#1393,#1394);
#1392 = CARTESIAN_POINT('',(-0.955,-0.6,4.5E-02));
#1393 = DIRECTION('',(0.,0.,1.));
#1394 = DIRECTION('',(1.,0.,-0.));
#1395 = ADVANCED_FACE('',(#1396),#1459,.F.);
#1396 = FACE_BOUND('',#1397,.F.);
#1397 = EDGE_LOOP('',(#1398,#1408,#1415,#1416,#1417,#1418,#1427,#1435,
    #1444,#1452));
#1398 = ORIENTED_EDGE('',*,*,#1399,.F.);
#1399 = EDGE_CURVE('',#1400,#1402,#1404,.T.);
#1400 = VERTEX_POINT('',#1401);
#1401 = CARTESIAN_POINT('',(0.745,-0.6,-2.775557561563E-17));
#1402 = VERTEX_POINT('',#1403);
#1403 = CARTESIAN_POINT('',(0.955,-0.6,-2.775557561563E-17));
#1404 = LINE('',#1405,#1406);
#1405 = CARTESIAN_POINT('',(0.7,-0.6,0.));
#1406 = VECTOR('',#1407,1.);
#1407 = DIRECTION('',(1.,0.,0.));
#1408 = ORIENTED_EDGE('',*,*,#1409,.F.);
#1409 = EDGE_CURVE('',#1278,#1400,#1410,.T.);
#1410 = CIRCLE('',#1411,4.5E-02);
#1411 = AXIS2_PLACEMENT_3D('',#1412,#1413,#1414);
#1412 = CARTESIAN_POINT('',(0.745,-0.6,4.5E-02));
#1413 = DIRECTION('',(0.,-1.,0.));
#1414 = DIRECTION('',(0.,0.,1.));
#1415 = ORIENTED_EDGE('',*,*,#1277,.T.);
#1416 = ORIENTED_EDGE('',*,*,#1269,.T.);
#1417 = ORIENTED_EDGE('',*,*,#1261,.F.);
#1418 = ORIENTED_EDGE('',*,*,#1419,.T.);
#1419 = EDGE_CURVE('',#1254,#1420,#1422,.T.);
#1420 = VERTEX_POINT('',#1421);
#1421 = CARTESIAN_POINT('',(0.745,-0.6,0.45));
#1422 = CIRCLE('',#1423,4.5E-02);
#1423 = AXIS2_PLACEMENT_3D('',#1424,#1425,#1426);
#1424 = CARTESIAN_POINT('',(0.745,-0.6,0.405));
#1425 = DIRECTION('',(0.,1.,0.));
#1426 = DIRECTION('',(0.,-0.,1.));
#1427 = ORIENTED_EDGE('',*,*,#1428,.T.);
#1428 = EDGE_CURVE('',#1420,#1429,#1431,.T.);
#1429 = VERTEX_POINT('',#1430);
#1430 = CARTESIAN_POINT('',(0.955,-0.6,0.45));
#1431 = LINE('',#1432,#1433);
#1432 = CARTESIAN_POINT('',(0.7,-0.6,0.45));
#1433 = VECTOR('',#1434,1.);
#1434 = DIRECTION('',(1.,0.,0.));
#1435 = ORIENTED_EDGE('',*,*,#1436,.F.);
#1436 = EDGE_CURVE('',#1437,#1429,#1439,.T.);
#1437 = VERTEX_POINT('',#1438);
#1438 = CARTESIAN_POINT('',(1.,-0.6,0.405));
#1439 = CIRCLE('',#1440,4.5E-02);
#1440 = AXIS2_PLACEMENT_3D('',#1441,#1442,#1443);
#1441 = CARTESIAN_POINT('',(0.955,-0.6,0.405));
#1442 = DIRECTION('',(0.,-1.,0.));
#1443 = DIRECTION('',(0.,0.,1.));
#1444 = ORIENTED_EDGE('',*,*,#1445,.F.);
#1445 = EDGE_CURVE('',#1446,#1437,#1448,.T.);
#1446 = VERTEX_POINT('',#1447);
#1447 = CARTESIAN_POINT('',(1.,-0.6,4.5E-02));
#1448 = LINE('',#1449,#1450);
#1449 = CARTESIAN_POINT('',(1.,-0.6,0.));
#1450 = VECTOR('',#1451,1.);
#1451 = DIRECTION('',(0.,0.,1.));
#1452 = ORIENTED_EDGE('',*,*,#1453,.T.);
#1453 = EDGE_CURVE('',#1446,#1402,#1454,.T.);
#1454 = CIRCLE('',#1455,4.5E-02);
#1455 = AXIS2_PLACEMENT_3D('',#1456,#1457,#1458);
#1456 = CARTESIAN_POINT('',(0.955,-0.6,4.5E-02));
#1457 = DIRECTION('',(0.,1.,0.));
#1458 = DIRECTION('',(0.,-0.,1.));
#1459 = PLANE('',#1460);
#1460 = AXIS2_PLACEMENT_3D('',#1461,#1462,#1463);
#1461 = CARTESIAN_POINT('',(0.7,-0.6,0.));
#1462 = DIRECTION('',(0.,1.,0.));
#1463 = DIRECTION('',(0.,-0.,1.));
#1464 = ADVANCED_FACE('',(#1465),#1490,.F.);
#1465 = FACE_BOUND('',#1466,.F.);
#1466 = EDGE_LOOP('',(#1467,#1468,#1476,#1484));
#1467 = ORIENTED_EDGE('',*,*,#1253,.F.);
#1468 = ORIENTED_EDGE('',*,*,#1469,.T.);
#1469 = EDGE_CURVE('',#1052,#1470,#1472,.T.);
#1470 = VERTEX_POINT('',#1471);
#1471 = CARTESIAN_POINT('',(-0.7,-0.6,0.45));
#1472 = LINE('',#1473,#1474);
#1473 = CARTESIAN_POINT('',(-0.7,-0.6,0.405));
#1474 = VECTOR('',#1475,1.);
#1475 = DIRECTION('',(0.,0.,1.));
#1476 = ORIENTED_EDGE('',*,*,#1477,.T.);
#1477 = EDGE_CURVE('',#1470,#1478,#1480,.T.);
#1478 = VERTEX_POINT('',#1479);
#1479 = CARTESIAN_POINT('',(0.7,-0.6,0.45));
#1480 = LINE('',#1481,#1482);
#1481 = CARTESIAN_POINT('',(-0.7,-0.6,0.45));
#1482 = VECTOR('',#1483,1.);
#1483 = DIRECTION('',(1.,0.,0.));
#1484 = ORIENTED_EDGE('',*,*,#1485,.F.);
#1485 = EDGE_CURVE('',#1254,#1478,#1486,.T.);
#1486 = LINE('',#1487,#1488);
#1487 = CARTESIAN_POINT('',(0.7,-0.6,0.405));
#1488 = VECTOR('',#1489,1.);
#1489 = DIRECTION('',(0.,0.,1.));
#1490 = PLANE('',#1491);
#1491 = AXIS2_PLACEMENT_3D('',#1492,#1493,#1494);
#1492 = CARTESIAN_POINT('',(-0.7,-0.6,0.405));
#1493 = DIRECTION('',(0.,1.,0.));
#1494 = DIRECTION('',(0.,-0.,1.));
#1495 = ADVANCED_FACE('',(#1496),#1514,.F.);
#1496 = FACE_BOUND('',#1497,.F.);
#1497 = EDGE_LOOP('',(#1498,#1499,#1500,#1508));
#1498 = ORIENTED_EDGE('',*,*,#1469,.F.);
#1499 = ORIENTED_EDGE('',*,*,#1316,.T.);
#1500 = ORIENTED_EDGE('',*,*,#1501,.T.);
#1501 = EDGE_CURVE('',#1169,#1502,#1504,.T.);
#1502 = VERTEX_POINT('',#1503);
#1503 = CARTESIAN_POINT('',(-0.7,0.6,0.45));
#1504 = LINE('',#1505,#1506);
#1505 = CARTESIAN_POINT('',(-0.7,0.6,0.405));
#1506 = VECTOR('',#1507,1.);
#1507 = DIRECTION('',(0.,0.,1.));
#1508 = ORIENTED_EDGE('',*,*,#1509,.F.);
#1509 = EDGE_CURVE('',#1470,#1502,#1510,.T.);
#1510 = LINE('',#1511,#1512);
#1511 = CARTESIAN_POINT('',(-0.7,-0.6,0.45));
#1512 = VECTOR('',#1513,1.);
#1513 = DIRECTION('',(0.,1.,0.));
#1514 = PLANE('',#1515);
#1515 = AXIS2_PLACEMENT_3D('',#1516,#1517,#1518);
#1516 = CARTESIAN_POINT('',(-0.7,-0.6,0.405));
#1517 = DIRECTION('',(1.,0.,0.));
#1518 = DIRECTION('',(0.,0.,1.));
#1519 = ADVANCED_FACE('',(#1520),#1583,.T.);
#1520 = FACE_BOUND('',#1521,.T.);
#1521 = EDGE_LOOP('',(#1522,#1532,#1539,#1540,#1541,#1542,#1551,#1559,
    #1568,#1576));
#1522 = ORIENTED_EDGE('',*,*,#1523,.F.);
#1523 = EDGE_CURVE('',#1524,#1526,#1528,.T.);
#1524 = VERTEX_POINT('',#1525);
#1525 = CARTESIAN_POINT('',(0.745,0.6,-2.775557561563E-17));
#1526 = VERTEX_POINT('',#1527);
#1527 = CARTESIAN_POINT('',(0.955,0.6,-2.775557561563E-17));
#1528 = LINE('',#1529,#1530);
#1529 = CARTESIAN_POINT('',(0.7,0.6,0.));
#1530 = VECTOR('',#1531,1.);
#1531 = DIRECTION('',(1.,0.,0.));
#1532 = ORIENTED_EDGE('',*,*,#1533,.F.);
#1533 = EDGE_CURVE('',#1361,#1524,#1534,.T.);
#1534 = CIRCLE('',#1535,4.5E-02);
#1535 = AXIS2_PLACEMENT_3D('',#1536,#1537,#1538);
#1536 = CARTESIAN_POINT('',(0.745,0.6,4.5E-02));
#1537 = DIRECTION('',(0.,-1.,0.));
#1538 = DIRECTION('',(0.,0.,1.));
#1539 = ORIENTED_EDGE('',*,*,#1360,.T.);
#1540 = ORIENTED_EDGE('',*,*,#1352,.T.);
#1541 = ORIENTED_EDGE('',*,*,#1344,.F.);
#1542 = ORIENTED_EDGE('',*,*,#1543,.T.);
#1543 = EDGE_CURVE('',#1337,#1544,#1546,.T.);
#1544 = VERTEX_POINT('',#1545);
#1545 = CARTESIAN_POINT('',(0.745,0.6,0.45));
#1546 = CIRCLE('',#1547,4.5E-02);
#1547 = AXIS2_PLACEMENT_3D('',#1548,#1549,#1550);
#1548 = CARTESIAN_POINT('',(0.745,0.6,0.405));
#1549 = DIRECTION('',(0.,1.,0.));
#1550 = DIRECTION('',(0.,-0.,1.));
#1551 = ORIENTED_EDGE('',*,*,#1552,.T.);
#1552 = EDGE_CURVE('',#1544,#1553,#1555,.T.);
#1553 = VERTEX_POINT('',#1554);
#1554 = CARTESIAN_POINT('',(0.955,0.6,0.45));
#1555 = LINE('',#1556,#1557);
#1556 = CARTESIAN_POINT('',(0.7,0.6,0.45));
#1557 = VECTOR('',#1558,1.);
#1558 = DIRECTION('',(1.,0.,0.));
#1559 = ORIENTED_EDGE('',*,*,#1560,.F.);
#1560 = EDGE_CURVE('',#1561,#1553,#1563,.T.);
#1561 = VERTEX_POINT('',#1562);
#1562 = CARTESIAN_POINT('',(1.,0.6,0.405));
#1563 = CIRCLE('',#1564,4.5E-02);
#1564 = AXIS2_PLACEMENT_3D('',#1565,#1566,#1567);
#1565 = CARTESIAN_POINT('',(0.955,0.6,0.405));
#1566 = DIRECTION('',(0.,-1.,0.));
#1567 = DIRECTION('',(0.,0.,1.));
#1568 = ORIENTED_EDGE('',*,*,#1569,.F.);
#1569 = EDGE_CURVE('',#1570,#1561,#1572,.T.);
#1570 = VERTEX_POINT('',#1571);
#1571 = CARTESIAN_POINT('',(1.,0.6,4.5E-02));
#1572 = LINE('',#1573,#1574);
#1573 = CARTESIAN_POINT('',(1.,0.6,0.));
#1574 = VECTOR('',#1575,1.);
#1575 = DIRECTION('',(0.,0.,1.));
#1576 = ORIENTED_EDGE('',*,*,#1577,.T.);
#1577 = EDGE_CURVE('',#1570,#1526,#1578,.T.);
#1578 = CIRCLE('',#1579,4.5E-02);
#1579 = AXIS2_PLACEMENT_3D('',#1580,#1581,#1582);
#1580 = CARTESIAN_POINT('',(0.955,0.6,4.5E-02));
#1581 = DIRECTION('',(0.,1.,0.));
#1582 = DIRECTION('',(0.,-0.,1.));
#1583 = PLANE('',#1584);
#1584 = AXIS2_PLACEMENT_3D('',#1585,#1586,#1587);
#1585 = CARTESIAN_POINT('',(0.7,0.6,0.));
#1586 = DIRECTION('',(0.,1.,0.));
#1587 = DIRECTION('',(0.,-0.,1.));
#1588 = ADVANCED_FACE('',(#1589),#1607,.T.);
#1589 = FACE_BOUND('',#1590,.T.);
#1590 = EDGE_LOOP('',(#1591,#1592,#1593,#1601));
#1591 = ORIENTED_EDGE('',*,*,#1336,.F.);
#1592 = ORIENTED_EDGE('',*,*,#1501,.T.);
#1593 = ORIENTED_EDGE('',*,*,#1594,.T.);
#1594 = EDGE_CURVE('',#1502,#1595,#1597,.T.);
#1595 = VERTEX_POINT('',#1596);
#1596 = CARTESIAN_POINT('',(0.7,0.6,0.45));
#1597 = LINE('',#1598,#1599);
#1598 = CARTESIAN_POINT('',(-0.7,0.6,0.45));
#1599 = VECTOR('',#1600,1.);
#1600 = DIRECTION('',(1.,0.,0.));
#1601 = ORIENTED_EDGE('',*,*,#1602,.F.);
#1602 = EDGE_CURVE('',#1337,#1595,#1603,.T.);
#1603 = LINE('',#1604,#1605);
#1604 = CARTESIAN_POINT('',(0.7,0.6,0.405));
#1605 = VECTOR('',#1606,1.);
#1606 = DIRECTION('',(0.,0.,1.));
#1607 = PLANE('',#1608);
#1608 = AXIS2_PLACEMENT_3D('',#1609,#1610,#1611);
#1609 = CARTESIAN_POINT('',(-0.7,0.6,0.405));
#1610 = DIRECTION('',(0.,1.,0.));
#1611 = DIRECTION('',(0.,-0.,1.));
#1612 = ADVANCED_FACE('',(#1613),#1624,.T.);
#1613 = FACE_BOUND('',#1614,.T.);
#1614 = EDGE_LOOP('',(#1615,#1616,#1617,#1623));
#1615 = ORIENTED_EDGE('',*,*,#1384,.T.);
#1616 = ORIENTED_EDGE('',*,*,#1533,.T.);
#1617 = ORIENTED_EDGE('',*,*,#1618,.F.);
#1618 = EDGE_CURVE('',#1400,#1524,#1619,.T.);
#1619 = LINE('',#1620,#1621);
#1620 = CARTESIAN_POINT('',(0.745,-0.6,-2.775557561563E-17));
#1621 = VECTOR('',#1622,1.);
#1622 = DIRECTION('',(0.,1.,0.));
#1623 = ORIENTED_EDGE('',*,*,#1409,.F.);
#1624 = CYLINDRICAL_SURFACE('',#1625,4.5E-02);
#1625 = AXIS2_PLACEMENT_3D('',#1626,#1627,#1628);
#1626 = CARTESIAN_POINT('',(0.745,-0.6,4.5E-02));
#1627 = DIRECTION('',(0.,1.,0.));
#1628 = DIRECTION('',(-1.,0.,0.));
#1629 = ADVANCED_FACE('',(#1630),#1641,.F.);
#1630 = FACE_BOUND('',#1631,.F.);
#1631 = EDGE_LOOP('',(#1632,#1633,#1634,#1635));
#1632 = ORIENTED_EDGE('',*,*,#1523,.F.);
#1633 = ORIENTED_EDGE('',*,*,#1618,.F.);
#1634 = ORIENTED_EDGE('',*,*,#1399,.T.);
#1635 = ORIENTED_EDGE('',*,*,#1636,.T.);
#1636 = EDGE_CURVE('',#1402,#1526,#1637,.T.);
#1637 = LINE('',#1638,#1639);
#1638 = CARTESIAN_POINT('',(0.955,-0.6,-2.775557561563E-17));
#1639 = VECTOR('',#1640,1.);
#1640 = DIRECTION('',(0.,1.,0.));
#1641 = PLANE('',#1642);
#1642 = AXIS2_PLACEMENT_3D('',#1643,#1644,#1645);
#1643 = CARTESIAN_POINT('',(0.7,-0.6,0.));
#1644 = DIRECTION('',(0.,0.,1.));
#1645 = DIRECTION('',(1.,0.,-0.));
#1646 = ADVANCED_FACE('',(#1647),#1658,.T.);
#1647 = FACE_BOUND('',#1648,.T.);
#1648 = EDGE_LOOP('',(#1649,#1650,#1651,#1652));
#1649 = ORIENTED_EDGE('',*,*,#1453,.T.);
#1650 = ORIENTED_EDGE('',*,*,#1636,.T.);
#1651 = ORIENTED_EDGE('',*,*,#1577,.F.);
#1652 = ORIENTED_EDGE('',*,*,#1653,.F.);
#1653 = EDGE_CURVE('',#1446,#1570,#1654,.T.);
#1654 = LINE('',#1655,#1656);
#1655 = CARTESIAN_POINT('',(1.,-0.6,4.5E-02));
#1656 = VECTOR('',#1657,1.);
#1657 = DIRECTION('',(0.,1.,0.));
#1658 = CYLINDRICAL_SURFACE('',#1659,4.5E-02);
#1659 = AXIS2_PLACEMENT_3D('',#1660,#1661,#1662);
#1660 = CARTESIAN_POINT('',(0.955,-0.6,4.5E-02));
#1661 = DIRECTION('',(0.,1.,0.));
#1662 = DIRECTION('',(1.,0.,0.));
#1663 = ADVANCED_FACE('',(#1664),#1675,.T.);
#1664 = FACE_BOUND('',#1665,.T.);
#1665 = EDGE_LOOP('',(#1666,#1667,#1668,#1669));
#1666 = ORIENTED_EDGE('',*,*,#1445,.F.);
#1667 = ORIENTED_EDGE('',*,*,#1653,.T.);
#1668 = ORIENTED_EDGE('',*,*,#1569,.T.);
#1669 = ORIENTED_EDGE('',*,*,#1670,.F.);
#1670 = EDGE_CURVE('',#1437,#1561,#1671,.T.);
#1671 = LINE('',#1672,#1673);
#1672 = CARTESIAN_POINT('',(1.,-0.6,0.405));
#1673 = VECTOR('',#1674,1.);
#1674 = DIRECTION('',(0.,1.,0.));
#1675 = PLANE('',#1676);
#1676 = AXIS2_PLACEMENT_3D('',#1677,#1678,#1679);
#1677 = CARTESIAN_POINT('',(1.,-0.6,0.));
#1678 = DIRECTION('',(1.,0.,0.));
#1679 = DIRECTION('',(0.,0.,1.));
#1680 = ADVANCED_FACE('',(#1681),#1692,.T.);
#1681 = FACE_BOUND('',#1682,.T.);
#1682 = EDGE_LOOP('',(#1683,#1684,#1685,#1691));
#1683 = ORIENTED_EDGE('',*,*,#1670,.T.);
#1684 = ORIENTED_EDGE('',*,*,#1560,.T.);
#1685 = ORIENTED_EDGE('',*,*,#1686,.F.);
#1686 = EDGE_CURVE('',#1429,#1553,#1687,.T.);
#1687 = LINE('',#1688,#1689);
#1688 = CARTESIAN_POINT('',(0.955,-0.6,0.45));
#1689 = VECTOR('',#1690,1.);
#1690 = DIRECTION('',(0.,1.,0.));
#1691 = ORIENTED_EDGE('',*,*,#1436,.F.);
#1692 = CYLINDRICAL_SURFACE('',#1693,4.5E-02);
#1693 = AXIS2_PLACEMENT_3D('',#1694,#1695,#1696);
#1694 = CARTESIAN_POINT('',(0.955,-0.6,0.405));
#1695 = DIRECTION('',(0.,1.,0.));
#1696 = DIRECTION('',(1.,0.,0.));
#1697 = ADVANCED_FACE('',(#1698),#1709,.T.);
#1698 = FACE_BOUND('',#1699,.T.);
#1699 = EDGE_LOOP('',(#1700,#1701,#1707,#1708));
#1700 = ORIENTED_EDGE('',*,*,#1552,.F.);
#1701 = ORIENTED_EDGE('',*,*,#1702,.F.);
#1702 = EDGE_CURVE('',#1420,#1544,#1703,.T.);
#1703 = LINE('',#1704,#1705);
#1704 = CARTESIAN_POINT('',(0.745,-0.6,0.45));
#1705 = VECTOR('',#1706,1.);
#1706 = DIRECTION('',(0.,1.,0.));
#1707 = ORIENTED_EDGE('',*,*,#1428,.T.);
#1708 = ORIENTED_EDGE('',*,*,#1686,.T.);
#1709 = PLANE('',#1710);
#1710 = AXIS2_PLACEMENT_3D('',#1711,#1712,#1713);
#1711 = CARTESIAN_POINT('',(0.7,-0.6,0.45));
#1712 = DIRECTION('',(0.,0.,1.));
#1713 = DIRECTION('',(1.,0.,-0.));
#1714 = ADVANCED_FACE('',(#1715),#1726,.T.);
#1715 = FACE_BOUND('',#1716,.T.);
#1716 = EDGE_LOOP('',(#1717,#1718,#1719,#1720));
#1717 = ORIENTED_EDGE('',*,*,#1419,.T.);
#1718 = ORIENTED_EDGE('',*,*,#1702,.T.);
#1719 = ORIENTED_EDGE('',*,*,#1543,.F.);
#1720 = ORIENTED_EDGE('',*,*,#1721,.F.);
#1721 = EDGE_CURVE('',#1254,#1337,#1722,.T.);
#1722 = LINE('',#1723,#1724);
#1723 = CARTESIAN_POINT('',(0.7,-0.6,0.405));
#1724 = VECTOR('',#1725,1.);
#1725 = DIRECTION('',(0.,1.,0.));
#1726 = CYLINDRICAL_SURFACE('',#1727,4.5E-02);
#1727 = AXIS2_PLACEMENT_3D('',#1728,#1729,#1730);
#1728 = CARTESIAN_POINT('',(0.745,-0.6,0.405));
#1729 = DIRECTION('',(0.,1.,0.));
#1730 = DIRECTION('',(-1.,0.,0.));
#1731 = ADVANCED_FACE('',(#1732),#1743,.T.);
#1732 = FACE_BOUND('',#1733,.T.);
#1733 = EDGE_LOOP('',(#1734,#1735,#1736,#1737));
#1734 = ORIENTED_EDGE('',*,*,#1485,.F.);
#1735 = ORIENTED_EDGE('',*,*,#1721,.T.);
#1736 = ORIENTED_EDGE('',*,*,#1602,.T.);
#1737 = ORIENTED_EDGE('',*,*,#1738,.F.);
#1738 = EDGE_CURVE('',#1478,#1595,#1739,.T.);
#1739 = LINE('',#1740,#1741);
#1740 = CARTESIAN_POINT('',(0.7,-0.6,0.45));
#1741 = VECTOR('',#1742,1.);
#1742 = DIRECTION('',(0.,1.,0.));
#1743 = PLANE('',#1744);
#1744 = AXIS2_PLACEMENT_3D('',#1745,#1746,#1747);
#1745 = CARTESIAN_POINT('',(0.7,-0.6,0.405));
#1746 = DIRECTION('',(1.,0.,0.));
#1747 = DIRECTION('',(0.,0.,1.));
#1748 = ADVANCED_FACE('',(#1749),#1755,.T.);
#1749 = FACE_BOUND('',#1750,.T.);
#1750 = EDGE_LOOP('',(#1751,#1752,#1753,#1754));
#1751 = ORIENTED_EDGE('',*,*,#1509,.F.);
#1752 = ORIENTED_EDGE('',*,*,#1477,.T.);
#1753 = ORIENTED_EDGE('',*,*,#1738,.T.);
#1754 = ORIENTED_EDGE('',*,*,#1594,.F.);
#1755 = PLANE('',#1756);
#1756 = AXIS2_PLACEMENT_3D('',#1757,#1758,#1759);
#1757 = CARTESIAN_POINT('',(-0.7,-0.6,0.45));
#1758 = DIRECTION('',(0.,0.,1.));
#1759 = DIRECTION('',(1.,0.,-0.));
#1760 = ( GEOMETRIC_REPRESENTATION_CONTEXT(3) 
GLOBAL_UNCERTAINTY_ASSIGNED_CONTEXT((#1764)) 
GLOBAL_UNIT_ASSIGNED_CONTEXT((#1761,#1762,#1763)) REPRESENTATION_CONTEXT
('Context #1','3D Context with UNIT and UNCERTAINTY') );
#1761 = ( LENGTH_UNIT() NAMED_UNIT(*) SI_UNIT(.MILLI.,.METRE.) );
#1762 = ( NAMED_UNIT(*) PLANE_ANGLE_UNIT() SI_UNIT($,.RADIAN.) );
#1763 = ( NAMED_UNIT(*) SI_UNIT($,.STERADIAN.) SOLID_ANGLE_UNIT() );
#1764 = UNCERTAINTY_MEASURE_WITH_UNIT(LENGTH_MEASURE(1.E-07),#1761,
  'distance_accuracy_value','confusion accuracy');
#1765 = CONTEXT_DEPENDENT_SHAPE_REPRESENTATION(#1766,#1768);
#1766 = ( REPRESENTATION_RELATIONSHIP('','',#969,#10) 
REPRESENTATION_RELATIONSHIP_WITH_TRANSFORMATION(#1767) 
SHAPE_REPRESENTATION_RELATIONSHIP() );
#1767 = ITEM_DEFINED_TRANSFORMATION('','',#11,#19);
#1768 = PRODUCT_DEFINITION_SHAPE('Placement','Placement of an item',
  #1769);
#1769 = NEXT_ASSEMBLY_USAGE_OCCURRENCE('2','R2','',#5,#964,$);
#1770 = PRODUCT_RELATED_PRODUCT_CATEGORY('part',$,(#966));
#1771 = SHAPE_DEFINITION_REPRESENTATION(#1772,#1778);
#1772 = PRODUCT_DEFINITION_SHAPE('','',#1773);
#1773 = PRODUCT_DEFINITION('design','',#1774,#1777);
#1774 = PRODUCT_DEFINITION_FORMATION('','',#1775);
#1775 = PRODUCT('D_DO-35_SOD27_P7.62mm_Horizontal',
  'D_DO-35_SOD27_P7.62mm_Horizontal','',(#1776));
#1776 = PRODUCT_CONTEXT('',#2,'mechanical');
#1777 = PRODUCT_DEFINITION_CONTEXT('part definition',#2,'design');
#1778 = SHAPE_REPRESENTATION('',(#11,#1779,#1934),#2129);
#1779 = MANIFOLD_SOLID_BREP('',#1780);
#1780 = CLOSED_SHELL('',(#1781,#1814,#1840,#1865,#1891,#1916,#1925));
#1781 = ADVANCED_FACE('',(#1782),#1809,.T.);
#1782 = FACE_BOUND('',#1783,.T.);
#1783 = EDGE_LOOP('',(#1784,#1794,#1801,#1802));
#1784 = ORIENTED_EDGE('',*,*,#1785,.T.);
#1785 = EDGE_CURVE('',#1786,#1788,#1790,.T.);
#1786 = VERTEX_POINT('',#1787);
#1787 = CARTESIAN_POINT('',(0.25,0.,-2.5));
#1788 = VERTEX_POINT('',#1789);
#1789 = CARTESIAN_POINT('',(0.25,1.E-15,1.));
#1790 = LINE('',#1791,#1792);
#1791 = CARTESIAN_POINT('',(0.25,6.7E-16,1.));
#1792 = VECTOR('',#1793,1.);
#1793 = DIRECTION('',(0.,2.2E-16,1.));
#1794 = ORIENTED_EDGE('',*,*,#1795,.F.);
#1795 = EDGE_CURVE('',#1788,#1788,#1796,.T.);
#1796 = CIRCLE('',#1797,0.25);
#1797 = AXIS2_PLACEMENT_3D('',#1798,#1799,#1800);
#1798 = CARTESIAN_POINT('',(0.,6.7E-16,1.));
#1799 = DIRECTION('',(-0.,2.2E-16,1.));
#1800 = DIRECTION('',(1.,0.,0.));
#1801 = ORIENTED_EDGE('',*,*,#1785,.F.);
#1802 = ORIENTED_EDGE('',*,*,#1803,.T.);
#1803 = EDGE_CURVE('',#1786,#1786,#1804,.T.);
#1804 = CIRCLE('',#1805,0.25);
#1805 = AXIS2_PLACEMENT_3D('',#1806,#1807,#1808);
#1806 = CARTESIAN_POINT('',(0.,-1.1E-16,-2.5));
#1807 = DIRECTION('',(-0.,2.2E-16,1.));
#1808 = DIRECTION('',(1.,0.,0.));
#1809 = CYLINDRICAL_SURFACE('',#1810,0.25);
#1810 = AXIS2_PLACEMENT_3D('',#1811,#1812,#1813);
#1811 = CARTESIAN_POINT('',(0.,6.7E-16,1.));
#1812 = DIRECTION('',(0.,2.2E-16,1.));
#1813 = DIRECTION('',(1.,0.,-0.));
#1814 = ADVANCED_FACE('',(#1815),#1835,.T.);
#1815 = FACE_BOUND('',#1816,.T.);
#1816 = EDGE_LOOP('',(#1817,#1826,#1833,#1834));
#1817 = ORIENTED_EDGE('',*,*,#1818,.T.);
#1818 = EDGE_CURVE('',#1788,#1819,#1821,.T.);
#1819 = VERTEX_POINT('',#1820);
#1820 = CARTESIAN_POINT('',(0.5,1.E-15,1.25));
#1821 = CIRCLE('',#1822,0.25);
#1822 = AXIS2_PLACEMENT_3D('',#1823,#1824,#1825);
#1823 = CARTESIAN_POINT('',(0.5,7.6E-16,1.));
#1824 = DIRECTION('',(0.,1.,-2.2E-16));
#1825 = DIRECTION('',(1.,0.,0.));
#1826 = ORIENTED_EDGE('',*,*,#1827,.T.);
#1827 = EDGE_CURVE('',#1819,#1819,#1828,.T.);
#1828 = CIRCLE('',#1829,0.25);
#1829 = AXIS2_PLACEMENT_3D('',#1830,#1831,#1832);
#1830 = CARTESIAN_POINT('',(0.5,7.8E-16,1.5));
#1831 = DIRECTION('',(-1.,0.,-1.8E-16));
#1832 = DIRECTION('',(-1.8E-16,2.2E-16,1.));
#1833 = ORIENTED_EDGE('',*,*,#1818,.F.);
#1834 = ORIENTED_EDGE('',*,*,#1795,.T.);
#1835 = TOROIDAL_SURFACE('',#1836,0.5,0.25);
#1836 = AXIS2_PLACEMENT_3D('',#1837,#1838,#1839);
#1837 = CARTESIAN_POINT('',(0.5,6.7E-16,1.));
#1838 = DIRECTION('',(0.,1.,-2.2E-16));
#1839 = DIRECTION('',(1.,0.,0.));
#1840 = ADVANCED_FACE('',(#1841),#1860,.T.);
#1841 = FACE_BOUND('',#1842,.T.);
#1842 = EDGE_LOOP('',(#1843,#1851,#1858,#1859));
#1843 = ORIENTED_EDGE('',*,*,#1844,.T.);
#1844 = EDGE_CURVE('',#1819,#1845,#1847,.T.);
#1845 = VERTEX_POINT('',#1846);
#1846 = CARTESIAN_POINT('',(7.12,1.E-15,1.25));
#1847 = LINE('',#1848,#1849);
#1848 = CARTESIAN_POINT('',(0.5,7.2E-16,1.25));
#1849 = VECTOR('',#1850,1.);
#1850 = DIRECTION('',(1.,0.,0.));
#1851 = ORIENTED_EDGE('',*,*,#1852,.F.);
#1852 = EDGE_CURVE('',#1845,#1845,#1853,.T.);
#1853 = CIRCLE('',#1854,0.25);
#1854 = AXIS2_PLACEMENT_3D('',#1855,#1856,#1857);
#1855 = CARTESIAN_POINT('',(7.12,7.8E-16,1.5));
#1856 = DIRECTION('',(1.,0.,0.));
#1857 = DIRECTION('',(0.,-2.2E-16,-1.));
#1858 = ORIENTED_EDGE('',*,*,#1844,.F.);
#1859 = ORIENTED_EDGE('',*,*,#1827,.F.);
#1860 = CYLINDRICAL_SURFACE('',#1861,0.25);
#1861 = AXIS2_PLACEMENT_3D('',#1862,#1863,#1864);
#1862 = CARTESIAN_POINT('',(0.5,7.8E-16,1.5));
#1863 = DIRECTION('',(1.,0.,0.));
#1864 = DIRECTION('',(0.,-2.2E-16,-1.));
#1865 = ADVANCED_FACE('',(#1866),#1886,.T.);
#1866 = FACE_BOUND('',#1867,.T.);
#1867 = EDGE_LOOP('',(#1868,#1877,#1884,#1885));
#1868 = ORIENTED_EDGE('',*,*,#1869,.T.);
#1869 = EDGE_CURVE('',#1845,#1870,#1872,.T.);
#1870 = VERTEX_POINT('',#1871);
#1871 = CARTESIAN_POINT('',(7.37,1.E-15,1.));
#1872 = CIRCLE('',#1873,0.25);
#1873 = AXIS2_PLACEMENT_3D('',#1874,#1875,#1876);
#1874 = CARTESIAN_POINT('',(7.12,7.6E-16,1.));
#1875 = DIRECTION('',(0.,1.,-2.2E-16));
#1876 = DIRECTION('',(1.,0.,0.));
#1877 = ORIENTED_EDGE('',*,*,#1878,.T.);
#1878 = EDGE_CURVE('',#1870,#1870,#1879,.T.);
#1879 = CIRCLE('',#1880,0.25);
#1880 = AXIS2_PLACEMENT_3D('',#1881,#1882,#1883);
#1881 = CARTESIAN_POINT('',(7.62,6.7E-16,1.));
#1882 = DIRECTION('',(-2.4E-16,2.2E-16,1.));
#1883 = DIRECTION('',(1.,0.,2.4E-16));
#1884 = ORIENTED_EDGE('',*,*,#1869,.F.);
#1885 = ORIENTED_EDGE('',*,*,#1852,.T.);
#1886 = TOROIDAL_SURFACE('',#1887,0.5,0.25);
#1887 = AXIS2_PLACEMENT_3D('',#1888,#1889,#1890);
#1888 = CARTESIAN_POINT('',(7.12,6.7E-16,1.));
#1889 = DIRECTION('',(0.,1.,-2.2E-16));
#1890 = DIRECTION('',(1.,0.,0.));
#1891 = ADVANCED_FACE('',(#1892),#1911,.T.);
#1892 = FACE_BOUND('',#1893,.T.);
#1893 = EDGE_LOOP('',(#1894,#1902,#1909,#1910));
#1894 = ORIENTED_EDGE('',*,*,#1895,.T.);
#1895 = EDGE_CURVE('',#1870,#1896,#1898,.T.);
#1896 = VERTEX_POINT('',#1897);
#1897 = CARTESIAN_POINT('',(7.37,0.,-2.5));
#1898 = LINE('',#1899,#1900);
#1899 = CARTESIAN_POINT('',(7.37,6.7E-16,1.));
#1900 = VECTOR('',#1901,1.);
#1901 = DIRECTION('',(0.,-2.2E-16,-1.));
#1902 = ORIENTED_EDGE('',*,*,#1903,.F.);
#1903 = EDGE_CURVE('',#1896,#1896,#1904,.T.);
#1904 = CIRCLE('',#1905,0.25);
#1905 = AXIS2_PLACEMENT_3D('',#1906,#1907,#1908);
#1906 = CARTESIAN_POINT('',(7.62,-1.1E-16,-2.5));
#1907 = DIRECTION('',(-0.,-2.2E-16,-1.));
#1908 = DIRECTION('',(-1.,0.,0.));
#1909 = ORIENTED_EDGE('',*,*,#1895,.F.);
#1910 = ORIENTED_EDGE('',*,*,#1878,.F.);
#1911 = CYLINDRICAL_SURFACE('',#1912,0.25);
#1912 = AXIS2_PLACEMENT_3D('',#1913,#1914,#1915);
#1913 = CARTESIAN_POINT('',(7.62,6.7E-16,1.));
#1914 = DIRECTION('',(0.,-2.2E-16,-1.));
#1915 = DIRECTION('',(-1.,-0.,0.));
#1916 = ADVANCED_FACE('',(#1917),#1920,.T.);
#1917 = FACE_BOUND('',#1918,.F.);
#1918 = EDGE_LOOP('',(#1919));
#1919 = ORIENTED_EDGE('',*,*,#1803,.T.);
#1920 = PLANE('',#1921);
#1921 = AXIS2_PLACEMENT_3D('',#1922,#1923,#1924);
#1922 = CARTESIAN_POINT('',(0.25,-1.1E-16,-2.5));
#1923 = DIRECTION('',(0.,0.,-1.));
#1924 = DIRECTION('',(-1.,0.,0.));
#1925 = ADVANCED_FACE('',(#1926),#1929,.F.);
#1926 = FACE_BOUND('',#1927,.T.);
#1927 = EDGE_LOOP('',(#1928));
#1928 = ORIENTED_EDGE('',*,*,#1903,.T.);
#1929 = PLANE('',#1930);
#1930 = AXIS2_PLACEMENT_3D('',#1931,#1932,#1933);
#1931 = CARTESIAN_POINT('',(7.37,-1.1E-16,-2.5));
#1932 = DIRECTION('',(0.,0.,1.));
#1933 = DIRECTION('',(1.,0.,-0.));
#1934 = MANIFOLD_SOLID_BREP('',#1935);
#1935 = CLOSED_SHELL('',(#1936,#1969,#1989,#2009,#2034,#2059,#2085,#2111
    ,#2120));
#1936 = ADVANCED_FACE('',(#1937),#1964,.T.);
#1937 = FACE_BOUND('',#1938,.T.);
#1938 = EDGE_LOOP('',(#1939,#1948,#1956,#1963));
#1939 = ORIENTED_EDGE('',*,*,#1940,.T.);
#1940 = EDGE_CURVE('',#1941,#1941,#1943,.T.);
#1941 = VERTEX_POINT('',#1942);
#1942 = CARTESIAN_POINT('',(2.41,3.557331958362E-15,2.51));
#1943 = CIRCLE('',#1944,1.01);
#1944 = AXIS2_PLACEMENT_3D('',#1945,#1946,#1947);
#1945 = CARTESIAN_POINT('',(2.41,6.630669073875E-16,1.5));
#1946 = DIRECTION('',(1.,0.,-0.));
#1947 = DIRECTION('',(0.,9.92044604925E-16,1.));
#1948 = ORIENTED_EDGE('',*,*,#1949,.T.);
#1949 = EDGE_CURVE('',#1941,#1950,#1952,.T.);
#1950 = VERTEX_POINT('',#1951);
#1951 = CARTESIAN_POINT('',(3.41,3.557331958362E-15,2.51));
#1952 = LINE('',#1953,#1954);
#1953 = CARTESIAN_POINT('',(2.41,5.573319583618E-16,2.51));
#1954 = VECTOR('',#1955,1.);
#1955 = DIRECTION('',(1.,0.,0.));
#1956 = ORIENTED_EDGE('',*,*,#1957,.F.);
#1957 = EDGE_CURVE('',#1950,#1950,#1958,.T.);
#1958 = CIRCLE('',#1959,1.01);
#1959 = AXIS2_PLACEMENT_3D('',#1960,#1961,#1962);
#1960 = CARTESIAN_POINT('',(3.41,6.630669073875E-16,1.5));
#1961 = DIRECTION('',(1.,0.,-0.));
#1962 = DIRECTION('',(0.,9.92044604925E-16,1.));
#1963 = ORIENTED_EDGE('',*,*,#1949,.F.);
#1964 = CYLINDRICAL_SURFACE('',#1965,1.01);
#1965 = AXIS2_PLACEMENT_3D('',#1966,#1967,#1968);
#1966 = CARTESIAN_POINT('',(2.41,6.630669073875E-16,1.5));
#1967 = DIRECTION('',(1.,0.,0.));
#1968 = DIRECTION('',(-0.,9.92044604925E-16,1.));
#1969 = ADVANCED_FACE('',(#1970,#1973),#1984,.F.);
#1970 = FACE_BOUND('',#1971,.T.);
#1971 = EDGE_LOOP('',(#1972));
#1972 = ORIENTED_EDGE('',*,*,#1940,.F.);
#1973 = FACE_BOUND('',#1974,.T.);
#1974 = EDGE_LOOP('',(#1975));
#1975 = ORIENTED_EDGE('',*,*,#1976,.T.);
#1976 = EDGE_CURVE('',#1977,#1977,#1979,.T.);
#1977 = VERTEX_POINT('',#1978);
#1978 = CARTESIAN_POINT('',(2.41,5.551115123126E-16,2.5));
#1979 = CIRCLE('',#1980,1.);
#1980 = AXIS2_PLACEMENT_3D('',#1981,#1982,#1983);
#1981 = CARTESIAN_POINT('',(2.41,6.630669073875E-16,1.5));
#1982 = DIRECTION('',(1.,0.,-0.));
#1983 = DIRECTION('',(0.,1.002044604925E-15,1.));
#1984 = PLANE('',#1985);
#1985 = AXIS2_PLACEMENT_3D('',#1986,#1987,#1988);
#1986 = CARTESIAN_POINT('',(2.41,6.630669073875E-16,1.5));
#1987 = DIRECTION('',(1.,0.,0.));
#1988 = DIRECTION('',(-0.,1.002044604925E-15,1.));
#1989 = ADVANCED_FACE('',(#1990,#1993),#2004,.T.);
#1990 = FACE_BOUND('',#1991,.T.);
#1991 = EDGE_LOOP('',(#1992));
#1992 = ORIENTED_EDGE('',*,*,#1957,.T.);
#1993 = FACE_BOUND('',#1994,.T.);
#1994 = EDGE_LOOP('',(#1995));
#1995 = ORIENTED_EDGE('',*,*,#1996,.F.);
#1996 = EDGE_CURVE('',#1997,#1997,#1999,.T.);
#1997 = VERTEX_POINT('',#1998);
#1998 = CARTESIAN_POINT('',(3.41,5.551115123126E-16,2.5));
#1999 = CIRCLE('',#2000,1.);
#2000 = AXIS2_PLACEMENT_3D('',#2001,#2002,#2003);
#2001 = CARTESIAN_POINT('',(3.41,6.630669073875E-16,1.5));
#2002 = DIRECTION('',(1.,0.,-0.));
#2003 = DIRECTION('',(0.,1.002044604925E-15,1.));
#2004 = PLANE('',#2005);
#2005 = AXIS2_PLACEMENT_3D('',#2006,#2007,#2008);
#2006 = CARTESIAN_POINT('',(3.41,6.630669073875E-16,1.5));
#2007 = DIRECTION('',(1.,0.,0.));
#2008 = DIRECTION('',(-0.,9.92044604925E-16,1.));
#2009 = ADVANCED_FACE('',(#2010),#2029,.T.);
#2010 = FACE_BOUND('',#2011,.T.);
#2011 = EDGE_LOOP('',(#2012,#2021,#2027,#2028));
#2012 = ORIENTED_EDGE('',*,*,#2013,.T.);
#2013 = EDGE_CURVE('',#2014,#2014,#2016,.T.);
#2014 = VERTEX_POINT('',#2015);
#2015 = CARTESIAN_POINT('',(2.21,3.555111512313E-15,2.5));
#2016 = CIRCLE('',#2017,1.);
#2017 = AXIS2_PLACEMENT_3D('',#2018,#2019,#2020);
#2018 = CARTESIAN_POINT('',(2.21,6.630669073875E-16,1.5));
#2019 = DIRECTION('',(1.,0.,-0.));
#2020 = DIRECTION('',(0.,1.002044604925E-15,1.));
#2021 = ORIENTED_EDGE('',*,*,#2022,.T.);
#2022 = EDGE_CURVE('',#2014,#1977,#2023,.T.);
#2023 = LINE('',#2024,#2025);
#2024 = CARTESIAN_POINT('',(1.81,5.551115123126E-16,2.5));
#2025 = VECTOR('',#2026,1.);
#2026 = DIRECTION('',(1.,0.,0.));
#2027 = ORIENTED_EDGE('',*,*,#1976,.F.);
#2028 = ORIENTED_EDGE('',*,*,#2022,.F.);
#2029 = CYLINDRICAL_SURFACE('',#2030,1.);
#2030 = AXIS2_PLACEMENT_3D('',#2031,#2032,#2033);
#2031 = CARTESIAN_POINT('',(1.81,6.630669073875E-16,1.5));
#2032 = DIRECTION('',(1.,0.,0.));
#2033 = DIRECTION('',(-0.,1.002044604925E-15,1.));
#2034 = ADVANCED_FACE('',(#2035),#2054,.T.);
#2035 = FACE_BOUND('',#2036,.T.);
#2036 = EDGE_LOOP('',(#2037,#2038,#2046,#2053));
#2037 = ORIENTED_EDGE('',*,*,#1996,.T.);
#2038 = ORIENTED_EDGE('',*,*,#2039,.T.);
#2039 = EDGE_CURVE('',#1997,#2040,#2042,.T.);
#2040 = VERTEX_POINT('',#2041);
#2041 = CARTESIAN_POINT('',(5.41,3.555111512313E-15,2.5));
#2042 = LINE('',#2043,#2044);
#2043 = CARTESIAN_POINT('',(1.81,5.551115123126E-16,2.5));
#2044 = VECTOR('',#2045,1.);
#2045 = DIRECTION('',(1.,0.,0.));
#2046 = ORIENTED_EDGE('',*,*,#2047,.F.);
#2047 = EDGE_CURVE('',#2040,#2040,#2048,.T.);
#2048 = CIRCLE('',#2049,1.);
#2049 = AXIS2_PLACEMENT_3D('',#2050,#2051,#2052);
#2050 = CARTESIAN_POINT('',(5.41,6.630669073875E-16,1.5));
#2051 = DIRECTION('',(1.,0.,-0.));
#2052 = DIRECTION('',(0.,1.002044604925E-15,1.));
#2053 = ORIENTED_EDGE('',*,*,#2039,.F.);
#2054 = CYLINDRICAL_SURFACE('',#2055,1.);
#2055 = AXIS2_PLACEMENT_3D('',#2056,#2057,#2058);
#2056 = CARTESIAN_POINT('',(1.81,6.630669073875E-16,1.5));
#2057 = DIRECTION('',(1.,0.,0.));
#2058 = DIRECTION('',(-0.,1.002044604925E-15,1.));
#2059 = ADVANCED_FACE('',(#2060),#2080,.T.);
#2060 = FACE_BOUND('',#2061,.T.);
#2061 = EDGE_LOOP('',(#2062,#2071,#2078,#2079));
#2062 = ORIENTED_EDGE('',*,*,#2063,.T.);
#2063 = EDGE_CURVE('',#2064,#2064,#2066,.T.);
#2064 = VERTEX_POINT('',#2065);
#2065 = CARTESIAN_POINT('',(1.81,1.466293670343E-15,2.1));
#2066 = CIRCLE('',#2067,0.6);
#2067 = AXIS2_PLACEMENT_3D('',#2068,#2069,#2070);
#2068 = CARTESIAN_POINT('',(1.81,6.630669073875E-16,1.5));
#2069 = DIRECTION('',(1.,0.,-0.));
#2070 = DIRECTION('',(0.,1.002044604925E-15,1.));
#2071 = ORIENTED_EDGE('',*,*,#2072,.F.);
#2072 = EDGE_CURVE('',#2014,#2064,#2073,.T.);
#2073 = CIRCLE('',#2074,0.4);
#2074 = AXIS2_PLACEMENT_3D('',#2075,#2076,#2077);
#2075 = CARTESIAN_POINT('',(2.21,1.266293670343E-15,2.1));
#2076 = DIRECTION('',(0.,-1.,1.002044604925E-15));
#2077 = DIRECTION('',(0.,1.002044604925E-15,1.));
#2078 = ORIENTED_EDGE('',*,*,#2013,.F.);
#2079 = ORIENTED_EDGE('',*,*,#2072,.T.);
#2080 = TOROIDAL_SURFACE('',#2081,0.6,0.4);
#2081 = AXIS2_PLACEMENT_3D('',#2082,#2083,#2084);
#2082 = CARTESIAN_POINT('',(2.21,6.630669073875E-16,1.5));
#2083 = DIRECTION('',(-1.,0.,0.));
#2084 = DIRECTION('',(0.,1.002044604925E-15,1.));
#2085 = ADVANCED_FACE('',(#2086),#2106,.T.);
#2086 = FACE_BOUND('',#2087,.T.);
#2087 = EDGE_LOOP('',(#2088,#2089,#2098,#2105));
#2088 = ORIENTED_EDGE('',*,*,#2047,.T.);
#2089 = ORIENTED_EDGE('',*,*,#2090,.F.);
#2090 = EDGE_CURVE('',#2091,#2040,#2093,.T.);
#2091 = VERTEX_POINT('',#2092);
#2092 = CARTESIAN_POINT('',(5.81,1.466293670343E-15,2.1));
#2093 = CIRCLE('',#2094,0.4);
#2094 = AXIS2_PLACEMENT_3D('',#2095,#2096,#2097);
#2095 = CARTESIAN_POINT('',(5.41,1.266293670343E-15,2.1));
#2096 = DIRECTION('',(0.,-1.,1.002044604925E-15));
#2097 = DIRECTION('',(0.,1.002044604925E-15,1.));
#2098 = ORIENTED_EDGE('',*,*,#2099,.F.);
#2099 = EDGE_CURVE('',#2091,#2091,#2100,.T.);
#2100 = CIRCLE('',#2101,0.6);
#2101 = AXIS2_PLACEMENT_3D('',#2102,#2103,#2104);
#2102 = CARTESIAN_POINT('',(5.81,6.630669073875E-16,1.5));
#2103 = DIRECTION('',(1.,0.,-0.));
#2104 = DIRECTION('',(0.,1.002044604925E-15,1.));
#2105 = ORIENTED_EDGE('',*,*,#2090,.T.);
#2106 = TOROIDAL_SURFACE('',#2107,0.6,0.4);
#2107 = AXIS2_PLACEMENT_3D('',#2108,#2109,#2110);
#2108 = CARTESIAN_POINT('',(5.41,6.630669073875E-16,1.5));
#2109 = DIRECTION('',(-1.,0.,0.));
#2110 = DIRECTION('',(0.,1.002044604925E-15,1.));
#2111 = ADVANCED_FACE('',(#2112),#2115,.F.);
#2112 = FACE_BOUND('',#2113,.T.);
#2113 = EDGE_LOOP('',(#2114));
#2114 = ORIENTED_EDGE('',*,*,#2063,.F.);
#2115 = PLANE('',#2116);
#2116 = AXIS2_PLACEMENT_3D('',#2117,#2118,#2119);
#2117 = CARTESIAN_POINT('',(1.81,6.630669073875E-16,1.5));
#2118 = DIRECTION('',(1.,0.,0.));
#2119 = DIRECTION('',(-0.,1.002044604925E-15,1.));
#2120 = ADVANCED_FACE('',(#2121),#2124,.T.);
#2121 = FACE_BOUND('',#2122,.F.);
#2122 = EDGE_LOOP('',(#2123));
#2123 = ORIENTED_EDGE('',*,*,#2099,.F.);
#2124 = PLANE('',#2125);
#2125 = AXIS2_PLACEMENT_3D('',#2126,#2127,#2128);
#2126 = CARTESIAN_POINT('',(5.81,6.630669073875E-16,1.5));
#2127 = DIRECTION('',(1.,0.,0.));
#2128 = DIRECTION('',(-0.,1.002044604925E-15,1.));
#2129 = ( GEOMETRIC_REPRESENTATION_CONTEXT(3) 
GLOBAL_UNCERTAINTY_ASSIGNED_CONTEXT((#2133)) 
GLOBAL_UNIT_ASSIGNED_CONTEXT((#2130,#2131,#2132)) REPRESENTATION_CONTEXT
('Context #1','3D Context with UNIT and UNCERTAINTY') );
#2130 = ( LENGTH_UNIT() NAMED_UNIT(*) SI_UNIT(.MILLI.,.METRE.) );
#2131 = ( NAMED_UNIT(*) PLANE_ANGLE_UNIT() SI_UNIT($,.RADIAN.) );
#2132 = ( NAMED_UNIT(*) SI_UNIT($,.STERADIAN.) SOLID_ANGLE_UNIT() );
#2133 = UNCERTAINTY_MEASURE_WITH_UNIT(LENGTH_MEASURE(1.E-07),#2130,
  'distance_accuracy_value','confusion accuracy');
#2134 = CONTEXT_DEPENDENT_SHAPE_REPRESENTATION(#2135,#2137);
#2135 = ( REPRESENTATION_RELATIONSHIP('','',#1778,#10) 
REPRESENTATION_RELATIONSHIP_WITH_TRANSFORMATION(#2136) 
SHAPE_REPRESENTATION_RELATIONSHIP() );
#2136 = ITEM_DEFINED_TRANSFORMATION('','',#11,#23);
#2137 = PRODUCT_DEFINITION_SHAPE('Placement','Placement of an item',
  #2138);
#2138 = NEXT_ASSEMBLY_USAGE_OCCURRENCE('3','D4','',#5,#1773,$);
#2139 = PRODUCT_RELATED_PRODUCT_CATEGORY('part',$,(#1775));
#2140 = CONTEXT_DEPENDENT_SHAPE_REPRESENTATION(#2141,#2143);
#2141 = ( REPRESENTATION_RELATIONSHIP('','',#1778,#10) 
REPRESENTATION_RELATIONSHIP_WITH_TRANSFORMATION(#2142) 
SHAPE_REPRESENTATION_RELATIONSHIP() );
#2142 = ITEM_DEFINED_TRANSFORMATION('','',#11,#27);
#2143 = PRODUCT_DEFINITION_SHAPE('Placement','Placement of an item',
  #2144);
#2144 = NEXT_ASSEMBLY_USAGE_OCCURRENCE('4','D7','',#5,#1773,$);
#2145 = CONTEXT_DEPENDENT_SHAPE_REPRESENTATION(#2146,#2148);
#2146 = ( REPRESENTATION_RELATIONSHIP('','',#1778,#10) 
REPRESENTATION_RELATIONSHIP_WITH_TRANSFORMATION(#2147) 
SHAPE_REPRESENTATION_RELATIONSHIP() );
#2147 = ITEM_DEFINED_TRANSFORMATION('','',#11,#31);
#2148 = PRODUCT_DEFINITION_SHAPE('Placement','Placement of an item',
  #2149);
#2149 = NEXT_ASSEMBLY_USAGE_OCCURRENCE('5','D9','',#5,#1773,$);
#2150 = CONTEXT_DEPENDENT_SHAPE_REPRESENTATION(#2151,#2153);
#2151 = ( REPRESENTATION_RELATIONSHIP('','',#1778,#10) 
REPRESENTATION_RELATIONSHIP_WITH_TRANSFORMATION(#2152) 
SHAPE_REPRESENTATION_RELATIONSHIP() );
#2152 = ITEM_DEFINED_TRANSFORMATION('','',#11,#35);
#2153 = PRODUCT_DEFINITION_SHAPE('Placement','Placement of an item',
  #2154);
#2154 = NEXT_ASSEMBLY_USAGE_OCCURRENCE('6','D3','',#5,#1773,$);
#2155 = CONTEXT_DEPENDENT_SHAPE_REPRESENTATION(#2156,#2158);
#2156 = ( REPRESENTATION_RELATIONSHIP('','',#1778,#10) 
REPRESENTATION_RELATIONSHIP_WITH_TRANSFORMATION(#2157) 
SHAPE_REPRESENTATION_RELATIONSHIP() );
#2157 = ITEM_DEFINED_TRANSFORMATION('','',#11,#39);
#2158 = PRODUCT_DEFINITION_SHAPE('Placement','Placement of an item',
  #2159);
#2159 = NEXT_ASSEMBLY_USAGE_OCCURRENCE('7','D6','',#5,#1773,$);
#2160 = SHAPE_DEFINITION_REPRESENTATION(#2161,#2167);
#2161 = PRODUCT_DEFINITION_SHAPE('','',#2162);
#2162 = PRODUCT_DEFINITION('design','',#2163,#2166);
#2163 = PRODUCT_DEFINITION_FORMATION('','',#2164);
#2164 = PRODUCT('JST_PH_S2B-PH-K_1x02_P2.00mm_Horizontal',
  'JST_PH_S2B-PH-K_1x02_P2.00mm_Horizontal','',(#2165));
#2165 = PRODUCT_CONTEXT('',#2,'mechanical');
#2166 = PRODUCT_DEFINITION_CONTEXT('part definition',#2,'design');
#2167 = ADVANCED_BREP_SHAPE_REPRESENTATION('',(#11,#2168),#5662);
#2168 = MANIFOLD_SOLID_BREP('',#2169);
#2169 = CLOSED_SHELL('',(#2170,#2210,#2290,#2378,#2435,#2452,#2476,#2500
    ,#2524,#2580,#2716,#2747,#2759,#2845,#2859,#2915,#2972,#2996,#3069,
    #3093,#3126,#3237,#3354,#3394,#3425,#3443,#3460,#3478,#3504,#3535,
    #3552,#3585,#3625,#3648,#3697,#3721,#3768,#3785,#3802,#3814,#3861,
    #3892,#3909,#3926,#3950,#3974,#3991,#4008,#4020,#4037,#4049,#4073,
    #4091,#4103,#4117,#4148,#4172,#4196,#4213,#4244,#4268,#4292,#4309,
    #4355,#4401,#4418,#4430,#4461,#4485,#4509,#4526,#4557,#4581,#4605,
    #4622,#4719,#4743,#4833,#4850,#4947,#4971,#5061,#5078,#5090,#5102,
    #5119,#5136,#5153,#5186,#5226,#5257,#5274,#5291,#5303,#5336,#5353,
    #5370,#5387,#5420,#5460,#5491,#5508,#5525,#5537,#5570,#5587,#5604,
    #5616,#5633,#5650));
#2170 = ADVANCED_FACE('',(#2171),#2205,.T.);
#2171 = FACE_BOUND('',#2172,.T.);
#2172 = EDGE_LOOP('',(#2173,#2183,#2191,#2199));
#2173 = ORIENTED_EDGE('',*,*,#2174,.F.);
#2174 = EDGE_CURVE('',#2175,#2177,#2179,.T.);
#2175 = VERTEX_POINT('',#2176);
#2176 = CARTESIAN_POINT('',(3.95,-4.65,2.5));
#2177 = VERTEX_POINT('',#2178);
#2178 = CARTESIAN_POINT('',(3.95,-6.25,2.5));
#2179 = LINE('',#2180,#2181);
#2180 = CARTESIAN_POINT('',(3.95,-4.65,2.5));
#2181 = VECTOR('',#2182,1.);
#2182 = DIRECTION('',(-1.224646799147E-16,-1.,1.110223024625E-16));
#2183 = ORIENTED_EDGE('',*,*,#2184,.T.);
#2184 = EDGE_CURVE('',#2175,#2185,#2187,.T.);
#2185 = VERTEX_POINT('',#2186);
#2186 = CARTESIAN_POINT('',(3.45,-4.65,2.5));
#2187 = LINE('',#2188,#2189);
#2188 = CARTESIAN_POINT('',(3.95,-4.65,2.5));
#2189 = VECTOR('',#2190,1.);
#2190 = DIRECTION('',(-1.,1.224646799147E-16,0.));
#2191 = ORIENTED_EDGE('',*,*,#2192,.T.);
#2192 = EDGE_CURVE('',#2185,#2193,#2195,.T.);
#2193 = VERTEX_POINT('',#2194);
#2194 = CARTESIAN_POINT('',(3.45,-6.25,2.5));
#2195 = LINE('',#2196,#2197);
#2196 = CARTESIAN_POINT('',(3.45,-5.45,2.5));
#2197 = VECTOR('',#2198,1.);
#2198 = DIRECTION('',(-1.224646799147E-16,-1.,1.110223024625E-16));
#2199 = ORIENTED_EDGE('',*,*,#2200,.F.);
#2200 = EDGE_CURVE('',#2177,#2193,#2201,.T.);
#2201 = LINE('',#2202,#2203);
#2202 = CARTESIAN_POINT('',(3.95,-6.25,2.5));
#2203 = VECTOR('',#2204,1.);
#2204 = DIRECTION('',(-1.,1.224646799147E-16,0.));
#2205 = PLANE('',#2206);
#2206 = AXIS2_PLACEMENT_3D('',#2207,#2208,#2209);
#2207 = CARTESIAN_POINT('',(3.95,-4.65,2.5));
#2208 = DIRECTION('',(1.359631073447E-32,1.110223024625E-16,1.));
#2209 = DIRECTION('',(-1.224646799147E-16,-1.,1.110223024625E-16));
#2210 = ADVANCED_FACE('',(#2211),#2285,.T.);
#2211 = FACE_BOUND('',#2212,.T.);
#2212 = EDGE_LOOP('',(#2213,#2221,#2229,#2237,#2245,#2253,#2261,#2269,
    #2277,#2284));
#2213 = ORIENTED_EDGE('',*,*,#2214,.F.);
#2214 = EDGE_CURVE('',#2215,#2177,#2217,.T.);
#2215 = VERTEX_POINT('',#2216);
#2216 = CARTESIAN_POINT('',(3.95,-6.25,0.));
#2217 = LINE('',#2218,#2219);
#2218 = CARTESIAN_POINT('',(3.95,-6.25,0.3));
#2219 = VECTOR('',#2220,1.);
#2220 = DIRECTION('',(1.359631073447E-32,1.110223024625E-16,1.));
#2221 = ORIENTED_EDGE('',*,*,#2222,.F.);
#2222 = EDGE_CURVE('',#2223,#2215,#2225,.T.);
#2223 = VERTEX_POINT('',#2224);
#2224 = CARTESIAN_POINT('',(3.95,1.35,0.));
#2225 = LINE('',#2226,#2227);
#2226 = CARTESIAN_POINT('',(3.95,1.35,0.));
#2227 = VECTOR('',#2228,1.);
#2228 = DIRECTION('',(-1.224646799147E-16,-1.,0.));
#2229 = ORIENTED_EDGE('',*,*,#2230,.F.);
#2230 = EDGE_CURVE('',#2231,#2223,#2233,.T.);
#2231 = VERTEX_POINT('',#2232);
#2232 = CARTESIAN_POINT('',(3.95,1.35,3.2));
#2233 = LINE('',#2234,#2235);
#2234 = CARTESIAN_POINT('',(3.95,1.35,3.2));
#2235 = VECTOR('',#2236,1.);
#2236 = DIRECTION('',(-0.,0.,-1.));
#2237 = ORIENTED_EDGE('',*,*,#2238,.F.);
#2238 = EDGE_CURVE('',#2239,#2231,#2241,.T.);
#2239 = VERTEX_POINT('',#2240);
#2240 = CARTESIAN_POINT('',(3.95,-0.25,4.1));
#2241 = LINE('',#2242,#2243);
#2242 = CARTESIAN_POINT('',(3.95,-0.25,4.1));
#2243 = VECTOR('',#2244,1.);
#2244 = DIRECTION('',(1.067372191754E-16,0.871575537124,-0.490261239633)
  );
#2245 = ORIENTED_EDGE('',*,*,#2246,.T.);
#2246 = EDGE_CURVE('',#2239,#2247,#2249,.T.);
#2247 = VERTEX_POINT('',#2248);
#2248 = CARTESIAN_POINT('',(3.95,-0.25,4.8));
#2249 = LINE('',#2250,#2251);
#2250 = CARTESIAN_POINT('',(3.95,-0.25,0.3));
#2251 = VECTOR('',#2252,1.);
#2252 = DIRECTION('',(1.359631073447E-32,1.110223024625E-16,1.));
#2253 = ORIENTED_EDGE('',*,*,#2254,.T.);
#2254 = EDGE_CURVE('',#2247,#2255,#2257,.T.);
#2255 = VERTEX_POINT('',#2256);
#2256 = CARTESIAN_POINT('',(3.95,-6.25,4.8));
#2257 = LINE('',#2258,#2259);
#2258 = CARTESIAN_POINT('',(3.95,-0.25,4.8));
#2259 = VECTOR('',#2260,1.);
#2260 = DIRECTION('',(-1.224646799147E-16,-1.,1.110223024625E-16));
#2261 = ORIENTED_EDGE('',*,*,#2262,.F.);
#2262 = EDGE_CURVE('',#2263,#2255,#2265,.T.);
#2263 = VERTEX_POINT('',#2264);
#2264 = CARTESIAN_POINT('',(3.95,-6.25,3.3));
#2265 = LINE('',#2266,#2267);
#2266 = CARTESIAN_POINT('',(3.95,-6.25,0.3));
#2267 = VECTOR('',#2268,1.);
#2268 = DIRECTION('',(1.359631073447E-32,1.110223024625E-16,1.));
#2269 = ORIENTED_EDGE('',*,*,#2270,.T.);
#2270 = EDGE_CURVE('',#2263,#2271,#2273,.T.);
#2271 = VERTEX_POINT('',#2272);
#2272 = CARTESIAN_POINT('',(3.95,-4.65,3.3));
#2273 = LINE('',#2274,#2275);
#2274 = CARTESIAN_POINT('',(3.95,-6.25,3.3));
#2275 = VECTOR('',#2276,1.);
#2276 = DIRECTION('',(1.224646799147E-16,1.,-1.110223024625E-16));
#2277 = ORIENTED_EDGE('',*,*,#2278,.T.);
#2278 = EDGE_CURVE('',#2271,#2175,#2279,.T.);
#2279 = CIRCLE('',#2280,0.4);
#2280 = AXIS2_PLACEMENT_3D('',#2281,#2282,#2283);
#2281 = CARTESIAN_POINT('',(3.95,-4.65,2.9));
#2282 = DIRECTION('',(-1.,1.224646799147E-16,0.));
#2283 = DIRECTION('',(1.359631073446E-32,1.110223024625E-16,1.));
#2284 = ORIENTED_EDGE('',*,*,#2174,.T.);
#2285 = PLANE('',#2286);
#2286 = AXIS2_PLACEMENT_3D('',#2287,#2288,#2289);
#2287 = CARTESIAN_POINT('',(3.95,-2.909897467985,2.368621550033));
#2288 = DIRECTION('',(1.,-1.224646799147E-16,-3.096025220137E-32));
#2289 = DIRECTION('',(-3.096025220137E-32,3.79153737592E-48,-1.));
#2290 = ADVANCED_FACE('',(#2291),#2373,.T.);
#2291 = FACE_BOUND('',#2292,.T.);
#2292 = EDGE_LOOP('',(#2293,#2303,#2311,#2317,#2318,#2319,#2327,#2335,
    #2343,#2351,#2359,#2367));
#2293 = ORIENTED_EDGE('',*,*,#2294,.T.);
#2294 = EDGE_CURVE('',#2295,#2297,#2299,.T.);
#2295 = VERTEX_POINT('',#2296);
#2296 = CARTESIAN_POINT('',(-0.95,-6.25,0.3));
#2297 = VERTEX_POINT('',#2298);
#2298 = CARTESIAN_POINT('',(2.95,-6.25,0.3));
#2299 = LINE('',#2300,#2301);
#2300 = CARTESIAN_POINT('',(-1.95,-6.25,0.3));
#2301 = VECTOR('',#2302,1.);
#2302 = DIRECTION('',(1.,-1.224646799147E-16,0.));
#2303 = ORIENTED_EDGE('',*,*,#2304,.F.);
#2304 = EDGE_CURVE('',#2305,#2297,#2307,.T.);
#2305 = VERTEX_POINT('',#2306);
#2306 = CARTESIAN_POINT('',(2.95,-6.25,0.));
#2307 = LINE('',#2308,#2309);
#2308 = CARTESIAN_POINT('',(2.95,-6.25,0.));
#2309 = VECTOR('',#2310,1.);
#2310 = DIRECTION('',(0.,0.,1.));
#2311 = ORIENTED_EDGE('',*,*,#2312,.F.);
#2312 = EDGE_CURVE('',#2215,#2305,#2313,.T.);
#2313 = LINE('',#2314,#2315);
#2314 = CARTESIAN_POINT('',(3.95,-6.25,0.));
#2315 = VECTOR('',#2316,1.);
#2316 = DIRECTION('',(-1.,1.224646799147E-16,0.));
#2317 = ORIENTED_EDGE('',*,*,#2214,.T.);
#2318 = ORIENTED_EDGE('',*,*,#2200,.T.);
#2319 = ORIENTED_EDGE('',*,*,#2320,.F.);
#2320 = EDGE_CURVE('',#2321,#2193,#2323,.T.);
#2321 = VERTEX_POINT('',#2322);
#2322 = CARTESIAN_POINT('',(3.45,-6.25,0.8));
#2323 = LINE('',#2324,#2325);
#2324 = CARTESIAN_POINT('',(3.45,-6.25,0.8));
#2325 = VECTOR('',#2326,1.);
#2326 = DIRECTION('',(1.359631073447E-32,1.110223024625E-16,1.));
#2327 = ORIENTED_EDGE('',*,*,#2328,.F.);
#2328 = EDGE_CURVE('',#2329,#2321,#2331,.T.);
#2329 = VERTEX_POINT('',#2330);
#2330 = CARTESIAN_POINT('',(-1.45,-6.25,0.8));
#2331 = LINE('',#2332,#2333);
#2332 = CARTESIAN_POINT('',(-1.45,-6.25,0.8));
#2333 = VECTOR('',#2334,1.);
#2334 = DIRECTION('',(1.,-1.224646799147E-16,0.));
#2335 = ORIENTED_EDGE('',*,*,#2336,.F.);
#2336 = EDGE_CURVE('',#2337,#2329,#2339,.T.);
#2337 = VERTEX_POINT('',#2338);
#2338 = CARTESIAN_POINT('',(-1.45,-6.25,2.5));
#2339 = LINE('',#2340,#2341);
#2340 = CARTESIAN_POINT('',(-1.45,-6.25,4.2));
#2341 = VECTOR('',#2342,1.);
#2342 = DIRECTION('',(-1.359631073447E-32,-1.110223024625E-16,-1.));
#2343 = ORIENTED_EDGE('',*,*,#2344,.T.);
#2344 = EDGE_CURVE('',#2337,#2345,#2347,.T.);
#2345 = VERTEX_POINT('',#2346);
#2346 = CARTESIAN_POINT('',(-1.95,-6.25,2.5));
#2347 = LINE('',#2348,#2349);
#2348 = CARTESIAN_POINT('',(3.95,-6.25,2.5));
#2349 = VECTOR('',#2350,1.);
#2350 = DIRECTION('',(-1.,1.224646799147E-16,0.));
#2351 = ORIENTED_EDGE('',*,*,#2352,.T.);
#2352 = EDGE_CURVE('',#2345,#2353,#2355,.T.);
#2353 = VERTEX_POINT('',#2354);
#2354 = CARTESIAN_POINT('',(-1.95,-6.25,0.));
#2355 = LINE('',#2356,#2357);
#2356 = CARTESIAN_POINT('',(-1.95,-6.25,4.8));
#2357 = VECTOR('',#2358,1.);
#2358 = DIRECTION('',(-1.359631073447E-32,-1.110223024625E-16,-1.));
#2359 = ORIENTED_EDGE('',*,*,#2360,.F.);
#2360 = EDGE_CURVE('',#2361,#2353,#2363,.T.);
#2361 = VERTEX_POINT('',#2362);
#2362 = CARTESIAN_POINT('',(-0.95,-6.25,0.));
#2363 = LINE('',#2364,#2365);
#2364 = CARTESIAN_POINT('',(-0.95,-6.25,0.));
#2365 = VECTOR('',#2366,1.);
#2366 = DIRECTION('',(-1.,1.224646799147E-16,0.));
#2367 = ORIENTED_EDGE('',*,*,#2368,.T.);
#2368 = EDGE_CURVE('',#2361,#2295,#2369,.T.);
#2369 = LINE('',#2370,#2371);
#2370 = CARTESIAN_POINT('',(-0.95,-6.25,0.));
#2371 = VECTOR('',#2372,1.);
#2372 = DIRECTION('',(0.,0.,1.));
#2373 = PLANE('',#2374);
#2374 = AXIS2_PLACEMENT_3D('',#2375,#2376,#2377);
#2375 = CARTESIAN_POINT('',(1.,-6.25,0.939423076923));
#2376 = DIRECTION('',(-1.224646799147E-16,-1.,-4.111705995194E-31));
#2377 = DIRECTION('',(-5.03538758605E-47,-4.111705995194E-31,1.));
#2378 = ADVANCED_FACE('',(#2379),#2430,.F.);
#2379 = FACE_BOUND('',#2380,.F.);
#2380 = EDGE_LOOP('',(#2381,#2382,#2390,#2398,#2406,#2414,#2422,#2429));
#2381 = ORIENTED_EDGE('',*,*,#2320,.F.);
#2382 = ORIENTED_EDGE('',*,*,#2383,.T.);
#2383 = EDGE_CURVE('',#2321,#2384,#2386,.T.);
#2384 = VERTEX_POINT('',#2385);
#2385 = CARTESIAN_POINT('',(3.45,-2.05,0.8));
#2386 = LINE('',#2387,#2388);
#2387 = CARTESIAN_POINT('',(3.45,-6.25,0.8));
#2388 = VECTOR('',#2389,1.);
#2389 = DIRECTION('',(1.224646799147E-16,1.,-1.110223024625E-16));
#2390 = ORIENTED_EDGE('',*,*,#2391,.T.);
#2391 = EDGE_CURVE('',#2384,#2392,#2394,.T.);
#2392 = VERTEX_POINT('',#2393);
#2393 = CARTESIAN_POINT('',(3.45,-2.05,4.2));
#2394 = LINE('',#2395,#2396);
#2395 = CARTESIAN_POINT('',(3.45,-2.05,0.8));
#2396 = VECTOR('',#2397,1.);
#2397 = DIRECTION('',(1.359631073447E-32,1.110223024625E-16,1.));
#2398 = ORIENTED_EDGE('',*,*,#2399,.F.);
#2399 = EDGE_CURVE('',#2400,#2392,#2402,.T.);
#2400 = VERTEX_POINT('',#2401);
#2401 = CARTESIAN_POINT('',(3.45,-6.25,4.2));
#2402 = LINE('',#2403,#2404);
#2403 = CARTESIAN_POINT('',(3.45,-6.25,4.2));
#2404 = VECTOR('',#2405,1.);
#2405 = DIRECTION('',(1.224646799147E-16,1.,-1.110223024625E-16));
#2406 = ORIENTED_EDGE('',*,*,#2407,.F.);
#2407 = EDGE_CURVE('',#2408,#2400,#2410,.T.);
#2408 = VERTEX_POINT('',#2409);
#2409 = CARTESIAN_POINT('',(3.45,-6.25,3.3));
#2410 = LINE('',#2411,#2412);
#2411 = CARTESIAN_POINT('',(3.45,-6.25,0.8));
#2412 = VECTOR('',#2413,1.);
#2413 = DIRECTION('',(1.359631073447E-32,1.110223024625E-16,1.));
#2414 = ORIENTED_EDGE('',*,*,#2415,.T.);
#2415 = EDGE_CURVE('',#2408,#2416,#2418,.T.);
#2416 = VERTEX_POINT('',#2417);
#2417 = CARTESIAN_POINT('',(3.45,-4.65,3.3));
#2418 = LINE('',#2419,#2420);
#2419 = CARTESIAN_POINT('',(3.45,-6.25,3.3));
#2420 = VECTOR('',#2421,1.);
#2421 = DIRECTION('',(1.224646799147E-16,1.,-1.110223024625E-16));
#2422 = ORIENTED_EDGE('',*,*,#2423,.F.);
#2423 = EDGE_CURVE('',#2185,#2416,#2424,.T.);
#2424 = CIRCLE('',#2425,0.4);
#2425 = AXIS2_PLACEMENT_3D('',#2426,#2427,#2428);
#2426 = CARTESIAN_POINT('',(3.45,-4.65,2.9));
#2427 = DIRECTION('',(1.,-1.224646799147E-16,0.));
#2428 = DIRECTION('',(1.359631073446E-32,1.110223024625E-16,1.));
#2429 = ORIENTED_EDGE('',*,*,#2192,.T.);
#2430 = PLANE('',#2431);
#2431 = AXIS2_PLACEMENT_3D('',#2432,#2433,#2434);
#2432 = CARTESIAN_POINT('',(3.45,-6.25,0.8));
#2433 = DIRECTION('',(1.,-1.224646799147E-16,0.));
#2434 = DIRECTION('',(1.359631073446E-32,1.110223024625E-16,1.));
#2435 = ADVANCED_FACE('',(#2436),#2447,.F.);
#2436 = FACE_BOUND('',#2437,.F.);
#2437 = EDGE_LOOP('',(#2438,#2439,#2440,#2446));
#2438 = ORIENTED_EDGE('',*,*,#2184,.T.);
#2439 = ORIENTED_EDGE('',*,*,#2423,.T.);
#2440 = ORIENTED_EDGE('',*,*,#2441,.F.);
#2441 = EDGE_CURVE('',#2271,#2416,#2442,.T.);
#2442 = LINE('',#2443,#2444);
#2443 = CARTESIAN_POINT('',(3.95,-4.65,3.3));
#2444 = VECTOR('',#2445,1.);
#2445 = DIRECTION('',(-1.,1.224646799147E-16,0.));
#2446 = ORIENTED_EDGE('',*,*,#2278,.T.);
#2447 = CYLINDRICAL_SURFACE('',#2448,0.4);
#2448 = AXIS2_PLACEMENT_3D('',#2449,#2450,#2451);
#2449 = CARTESIAN_POINT('',(3.95,-4.65,2.9));
#2450 = DIRECTION('',(1.,-1.224646799147E-16,0.));
#2451 = DIRECTION('',(1.359631073446E-32,1.110223024625E-16,1.));
#2452 = ADVANCED_FACE('',(#2453),#2471,.F.);
#2453 = FACE_BOUND('',#2454,.F.);
#2454 = EDGE_LOOP('',(#2455,#2463,#2469,#2470));
#2455 = ORIENTED_EDGE('',*,*,#2456,.T.);
#2456 = EDGE_CURVE('',#2223,#2457,#2459,.T.);
#2457 = VERTEX_POINT('',#2458);
#2458 = CARTESIAN_POINT('',(2.95,1.35,0.));
#2459 = LINE('',#2460,#2461);
#2460 = CARTESIAN_POINT('',(3.95,1.35,0.));
#2461 = VECTOR('',#2462,1.);
#2462 = DIRECTION('',(-1.,1.224646799147E-16,0.));
#2463 = ORIENTED_EDGE('',*,*,#2464,.T.);
#2464 = EDGE_CURVE('',#2457,#2305,#2465,.T.);
#2465 = LINE('',#2466,#2467);
#2466 = CARTESIAN_POINT('',(2.95,1.35,0.));
#2467 = VECTOR('',#2468,1.);
#2468 = DIRECTION('',(-1.224646799147E-16,-1.,0.));
#2469 = ORIENTED_EDGE('',*,*,#2312,.F.);
#2470 = ORIENTED_EDGE('',*,*,#2222,.F.);
#2471 = PLANE('',#2472);
#2472 = AXIS2_PLACEMENT_3D('',#2473,#2474,#2475);
#2473 = CARTESIAN_POINT('',(3.95,1.35,0.));
#2474 = DIRECTION('',(0.,0.,1.));
#2475 = DIRECTION('',(-1.224646799147E-16,-1.,0.));
#2476 = ADVANCED_FACE('',(#2477),#2495,.F.);
#2477 = FACE_BOUND('',#2478,.F.);
#2478 = EDGE_LOOP('',(#2479,#2487,#2493,#2494));
#2479 = ORIENTED_EDGE('',*,*,#2480,.T.);
#2480 = EDGE_CURVE('',#2231,#2481,#2483,.T.);
#2481 = VERTEX_POINT('',#2482);
#2482 = CARTESIAN_POINT('',(2.95,1.35,3.2));
#2483 = LINE('',#2484,#2485);
#2484 = CARTESIAN_POINT('',(3.95,1.35,3.2));
#2485 = VECTOR('',#2486,1.);
#2486 = DIRECTION('',(-1.,1.224646799147E-16,0.));
#2487 = ORIENTED_EDGE('',*,*,#2488,.T.);
#2488 = EDGE_CURVE('',#2481,#2457,#2489,.T.);
#2489 = LINE('',#2490,#2491);
#2490 = CARTESIAN_POINT('',(2.95,1.35,3.2));
#2491 = VECTOR('',#2492,1.);
#2492 = DIRECTION('',(-0.,0.,-1.));
#2493 = ORIENTED_EDGE('',*,*,#2456,.F.);
#2494 = ORIENTED_EDGE('',*,*,#2230,.F.);
#2495 = PLANE('',#2496);
#2496 = AXIS2_PLACEMENT_3D('',#2497,#2498,#2499);
#2497 = CARTESIAN_POINT('',(3.95,1.35,3.2));
#2498 = DIRECTION('',(-1.224646799147E-16,-1.,0.));
#2499 = DIRECTION('',(-0.,0.,-1.));
#2500 = ADVANCED_FACE('',(#2501),#2519,.F.);
#2501 = FACE_BOUND('',#2502,.F.);
#2502 = EDGE_LOOP('',(#2503,#2511,#2517,#2518));
#2503 = ORIENTED_EDGE('',*,*,#2504,.T.);
#2504 = EDGE_CURVE('',#2239,#2505,#2507,.T.);
#2505 = VERTEX_POINT('',#2506);
#2506 = CARTESIAN_POINT('',(2.95,-0.25,4.1));
#2507 = LINE('',#2508,#2509);
#2508 = CARTESIAN_POINT('',(3.95,-0.25,4.1));
#2509 = VECTOR('',#2510,1.);
#2510 = DIRECTION('',(-1.,1.224646799147E-16,0.));
#2511 = ORIENTED_EDGE('',*,*,#2512,.T.);
#2512 = EDGE_CURVE('',#2505,#2481,#2513,.T.);
#2513 = LINE('',#2514,#2515);
#2514 = CARTESIAN_POINT('',(2.95,-0.25,4.1));
#2515 = VECTOR('',#2516,1.);
#2516 = DIRECTION('',(1.067372191754E-16,0.871575537124,-0.490261239633)
  );
#2517 = ORIENTED_EDGE('',*,*,#2480,.F.);
#2518 = ORIENTED_EDGE('',*,*,#2238,.F.);
#2519 = PLANE('',#2520);
#2520 = AXIS2_PLACEMENT_3D('',#2521,#2522,#2523);
#2521 = CARTESIAN_POINT('',(3.95,-0.25,4.1));
#2522 = DIRECTION('',(-6.003968578616E-17,-0.490261239633,
    -0.871575537124));
#2523 = DIRECTION('',(1.067372191754E-16,0.871575537124,-0.490261239633)
  );
#2524 = ADVANCED_FACE('',(#2525),#2575,.F.);
#2525 = FACE_BOUND('',#2526,.F.);
#2526 = EDGE_LOOP('',(#2527,#2537,#2545,#2551,#2552,#2553,#2561,#2569));
#2527 = ORIENTED_EDGE('',*,*,#2528,.F.);
#2528 = EDGE_CURVE('',#2529,#2531,#2533,.T.);
#2529 = VERTEX_POINT('',#2530);
#2530 = CARTESIAN_POINT('',(2.75,-0.25,0.3));
#2531 = VERTEX_POINT('',#2532);
#2532 = CARTESIAN_POINT('',(2.75,-0.25,4.2));
#2533 = LINE('',#2534,#2535);
#2534 = CARTESIAN_POINT('',(2.75,-0.25,0.3));
#2535 = VECTOR('',#2536,1.);
#2536 = DIRECTION('',(1.359631073447E-32,1.110223024625E-16,1.));
#2537 = ORIENTED_EDGE('',*,*,#2538,.T.);
#2538 = EDGE_CURVE('',#2529,#2539,#2541,.T.);
#2539 = VERTEX_POINT('',#2540);
#2540 = CARTESIAN_POINT('',(2.95,-0.25,0.3));
#2541 = LINE('',#2542,#2543);
#2542 = CARTESIAN_POINT('',(-1.95,-0.25,0.3));
#2543 = VECTOR('',#2544,1.);
#2544 = DIRECTION('',(1.,-1.224646799147E-16,0.));
#2545 = ORIENTED_EDGE('',*,*,#2546,.T.);
#2546 = EDGE_CURVE('',#2539,#2505,#2547,.T.);
#2547 = LINE('',#2548,#2549);
#2548 = CARTESIAN_POINT('',(2.95,-0.25,0.3));
#2549 = VECTOR('',#2550,1.);
#2550 = DIRECTION('',(0.,0.,1.));
#2551 = ORIENTED_EDGE('',*,*,#2504,.F.);
#2552 = ORIENTED_EDGE('',*,*,#2246,.T.);
#2553 = ORIENTED_EDGE('',*,*,#2554,.T.);
#2554 = EDGE_CURVE('',#2247,#2555,#2557,.T.);
#2555 = VERTEX_POINT('',#2556);
#2556 = CARTESIAN_POINT('',(3.4,-0.25,4.8));
#2557 = LINE('',#2558,#2559);
#2558 = CARTESIAN_POINT('',(3.95,-0.25,4.8));
#2559 = VECTOR('',#2560,1.);
#2560 = DIRECTION('',(-1.,1.224646799147E-16,0.));
#2561 = ORIENTED_EDGE('',*,*,#2562,.T.);
#2562 = EDGE_CURVE('',#2555,#2563,#2565,.T.);
#2563 = VERTEX_POINT('',#2564);
#2564 = CARTESIAN_POINT('',(3.4,-0.25,4.2));
#2565 = LINE('',#2566,#2567);
#2566 = CARTESIAN_POINT('',(3.4,-0.25,4.8));
#2567 = VECTOR('',#2568,1.);
#2568 = DIRECTION('',(-1.359631073447E-32,-1.110223024625E-16,-1.));
#2569 = ORIENTED_EDGE('',*,*,#2570,.T.);
#2570 = EDGE_CURVE('',#2563,#2531,#2571,.T.);
#2571 = LINE('',#2572,#2573);
#2572 = CARTESIAN_POINT('',(3.4,-0.25,4.2));
#2573 = VECTOR('',#2574,1.);
#2574 = DIRECTION('',(-1.,1.224646799147E-16,0.));
#2575 = PLANE('',#2576);
#2576 = AXIS2_PLACEMENT_3D('',#2577,#2578,#2579);
#2577 = CARTESIAN_POINT('',(1.,-0.25,2.55));
#2578 = DIRECTION('',(-1.224646799147E-16,-1.,1.110223024625E-16));
#2579 = DIRECTION('',(-1.,1.224646799147E-16,1.219283680787E-48));
#2580 = ADVANCED_FACE('',(#2581),#2711,.F.);
#2581 = FACE_BOUND('',#2582,.F.);
#2582 = EDGE_LOOP('',(#2583,#2584,#2585,#2593,#2601,#2609,#2617,#2625,
    #2633,#2641,#2649,#2657,#2665,#2673,#2681,#2689,#2697,#2705));
#2583 = ORIENTED_EDGE('',*,*,#2554,.F.);
#2584 = ORIENTED_EDGE('',*,*,#2254,.T.);
#2585 = ORIENTED_EDGE('',*,*,#2586,.T.);
#2586 = EDGE_CURVE('',#2255,#2587,#2589,.T.);
#2587 = VERTEX_POINT('',#2588);
#2588 = CARTESIAN_POINT('',(1.45,-6.25,4.8));
#2589 = LINE('',#2590,#2591);
#2590 = CARTESIAN_POINT('',(3.95,-6.25,4.8));
#2591 = VECTOR('',#2592,1.);
#2592 = DIRECTION('',(-1.,1.224646799147E-16,0.));
#2593 = ORIENTED_EDGE('',*,*,#2594,.T.);
#2594 = EDGE_CURVE('',#2587,#2595,#2597,.T.);
#2595 = VERTEX_POINT('',#2596);
#2596 = CARTESIAN_POINT('',(1.45,-2.35,4.8));
#2597 = LINE('',#2598,#2599);
#2598 = CARTESIAN_POINT('',(1.45,-6.25,4.8));
#2599 = VECTOR('',#2600,1.);
#2600 = DIRECTION('',(1.224646799147E-16,1.,-1.110223024625E-16));
#2601 = ORIENTED_EDGE('',*,*,#2602,.T.);
#2602 = EDGE_CURVE('',#2595,#2603,#2605,.T.);
#2603 = VERTEX_POINT('',#2604);
#2604 = CARTESIAN_POINT('',(0.55,-2.35,4.8));
#2605 = LINE('',#2606,#2607);
#2606 = CARTESIAN_POINT('',(1.45,-2.35,4.8));
#2607 = VECTOR('',#2608,1.);
#2608 = DIRECTION('',(-1.,1.224646799147E-16,0.));
#2609 = ORIENTED_EDGE('',*,*,#2610,.T.);
#2610 = EDGE_CURVE('',#2603,#2611,#2613,.T.);
#2611 = VERTEX_POINT('',#2612);
#2612 = CARTESIAN_POINT('',(0.55,-6.25,4.8));
#2613 = LINE('',#2614,#2615);
#2614 = CARTESIAN_POINT('',(0.55,-2.35,4.8));
#2615 = VECTOR('',#2616,1.);
#2616 = DIRECTION('',(-1.224646799147E-16,-1.,1.110223024625E-16));
#2617 = ORIENTED_EDGE('',*,*,#2618,.T.);
#2618 = EDGE_CURVE('',#2611,#2619,#2621,.T.);
#2619 = VERTEX_POINT('',#2620);
#2620 = CARTESIAN_POINT('',(-0.45,-6.25,4.8));
#2621 = LINE('',#2622,#2623);
#2622 = CARTESIAN_POINT('',(3.95,-6.25,4.8));
#2623 = VECTOR('',#2624,1.);
#2624 = DIRECTION('',(-1.,1.224646799147E-16,0.));
#2625 = ORIENTED_EDGE('',*,*,#2626,.F.);
#2626 = EDGE_CURVE('',#2627,#2619,#2629,.T.);
#2627 = VERTEX_POINT('',#2628);
#2628 = CARTESIAN_POINT('',(-0.45,-4.45,4.8));
#2629 = LINE('',#2630,#2631);
#2630 = CARTESIAN_POINT('',(-0.45,-4.45,4.8));
#2631 = VECTOR('',#2632,1.);
#2632 = DIRECTION('',(-1.224646799147E-16,-1.,1.110223024625E-16));
#2633 = ORIENTED_EDGE('',*,*,#2634,.F.);
#2634 = EDGE_CURVE('',#2635,#2627,#2637,.T.);
#2635 = VERTEX_POINT('',#2636);
#2636 = CARTESIAN_POINT('',(-0.4,-4.45,4.8));
#2637 = LINE('',#2638,#2639);
#2638 = CARTESIAN_POINT('',(-0.4,-4.45,4.8));
#2639 = VECTOR('',#2640,1.);
#2640 = DIRECTION('',(-1.,1.224646799147E-16,0.));
#2641 = ORIENTED_EDGE('',*,*,#2642,.F.);
#2642 = EDGE_CURVE('',#2643,#2635,#2645,.T.);
#2643 = VERTEX_POINT('',#2644);
#2644 = CARTESIAN_POINT('',(-0.4,-0.45,4.8));
#2645 = LINE('',#2646,#2647);
#2646 = CARTESIAN_POINT('',(-0.4,-0.25,4.8));
#2647 = VECTOR('',#2648,1.);
#2648 = DIRECTION('',(-1.224646799147E-16,-1.,1.110223024625E-16));
#2649 = ORIENTED_EDGE('',*,*,#2650,.F.);
#2650 = EDGE_CURVE('',#2651,#2643,#2653,.T.);
#2651 = VERTEX_POINT('',#2652);
#2652 = CARTESIAN_POINT('',(0.75,-0.45,4.8));
#2653 = LINE('',#2654,#2655);
#2654 = CARTESIAN_POINT('',(0.75,-0.45,4.8));
#2655 = VECTOR('',#2656,1.);
#2656 = DIRECTION('',(-1.,1.224646799147E-16,0.));
#2657 = ORIENTED_EDGE('',*,*,#2658,.F.);
#2658 = EDGE_CURVE('',#2659,#2651,#2661,.T.);
#2659 = VERTEX_POINT('',#2660);
#2660 = CARTESIAN_POINT('',(0.75,-0.25,4.8));
#2661 = LINE('',#2662,#2663);
#2662 = CARTESIAN_POINT('',(0.75,-0.25,4.8));
#2663 = VECTOR('',#2664,1.);
#2664 = DIRECTION('',(-1.224646799147E-16,-1.,1.110223024625E-16));
#2665 = ORIENTED_EDGE('',*,*,#2666,.F.);
#2666 = EDGE_CURVE('',#2667,#2659,#2669,.T.);
#2667 = VERTEX_POINT('',#2668);
#2668 = CARTESIAN_POINT('',(1.25,-0.25,4.8));
#2669 = LINE('',#2670,#2671);
#2670 = CARTESIAN_POINT('',(3.95,-0.25,4.8));
#2671 = VECTOR('',#2672,1.);
#2672 = DIRECTION('',(-1.,1.224646799147E-16,0.));
#2673 = ORIENTED_EDGE('',*,*,#2674,.T.);
#2674 = EDGE_CURVE('',#2667,#2675,#2677,.T.);
#2675 = VERTEX_POINT('',#2676);
#2676 = CARTESIAN_POINT('',(1.25,-0.45,4.8));
#2677 = LINE('',#2678,#2679);
#2678 = CARTESIAN_POINT('',(1.25,-0.25,4.8));
#2679 = VECTOR('',#2680,1.);
#2680 = DIRECTION('',(-1.224646799147E-16,-1.,1.110223024625E-16));
#2681 = ORIENTED_EDGE('',*,*,#2682,.F.);
#2682 = EDGE_CURVE('',#2683,#2675,#2685,.T.);
#2683 = VERTEX_POINT('',#2684);
#2684 = CARTESIAN_POINT('',(2.4,-0.45,4.8));
#2685 = LINE('',#2686,#2687);
#2686 = CARTESIAN_POINT('',(2.75,-0.45,4.8));
#2687 = VECTOR('',#2688,1.);
#2688 = DIRECTION('',(-1.,1.224646799147E-16,0.));
#2689 = ORIENTED_EDGE('',*,*,#2690,.T.);
#2690 = EDGE_CURVE('',#2683,#2691,#2693,.T.);
#2691 = VERTEX_POINT('',#2692);
#2692 = CARTESIAN_POINT('',(2.4,-4.45,4.8));
#2693 = LINE('',#2694,#2695);
#2694 = CARTESIAN_POINT('',(2.4,-0.25,4.8));
#2695 = VECTOR('',#2696,1.);
#2696 = DIRECTION('',(-1.224646799147E-16,-1.,1.110223024625E-16));
#2697 = ORIENTED_EDGE('',*,*,#2698,.T.);
#2698 = EDGE_CURVE('',#2691,#2699,#2701,.T.);
#2699 = VERTEX_POINT('',#2700);
#2700 = CARTESIAN_POINT('',(3.4,-4.45,4.8));
#2701 = LINE('',#2702,#2703);
#2702 = CARTESIAN_POINT('',(2.4,-4.45,4.8));
#2703 = VECTOR('',#2704,1.);
#2704 = DIRECTION('',(1.,-1.224646799147E-16,0.));
#2705 = ORIENTED_EDGE('',*,*,#2706,.T.);
#2706 = EDGE_CURVE('',#2699,#2555,#2707,.T.);
#2707 = LINE('',#2708,#2709);
#2708 = CARTESIAN_POINT('',(3.4,-4.45,4.8));
#2709 = VECTOR('',#2710,1.);
#2710 = DIRECTION('',(1.224646799147E-16,1.,-1.110223024625E-16));
#2711 = PLANE('',#2712);
#2712 = AXIS2_PLACEMENT_3D('',#2713,#2714,#2715);
#2713 = CARTESIAN_POINT('',(3.95,-0.25,4.8));
#2714 = DIRECTION('',(-1.359631073447E-32,-1.110223024625E-16,-1.));
#2715 = DIRECTION('',(-1.,1.224646799147E-16,6.927121900793E-45));
#2716 = ADVANCED_FACE('',(#2717),#2742,.T.);
#2717 = FACE_BOUND('',#2718,.T.);
#2718 = EDGE_LOOP('',(#2719,#2725,#2726,#2727,#2735,#2741));
#2719 = ORIENTED_EDGE('',*,*,#2720,.F.);
#2720 = EDGE_CURVE('',#2263,#2408,#2721,.T.);
#2721 = LINE('',#2722,#2723);
#2722 = CARTESIAN_POINT('',(3.95,-6.25,3.3));
#2723 = VECTOR('',#2724,1.);
#2724 = DIRECTION('',(-1.,1.224646799147E-16,0.));
#2725 = ORIENTED_EDGE('',*,*,#2262,.T.);
#2726 = ORIENTED_EDGE('',*,*,#2586,.T.);
#2727 = ORIENTED_EDGE('',*,*,#2728,.T.);
#2728 = EDGE_CURVE('',#2587,#2729,#2731,.T.);
#2729 = VERTEX_POINT('',#2730);
#2730 = CARTESIAN_POINT('',(1.45,-6.25,4.2));
#2731 = LINE('',#2732,#2733);
#2732 = CARTESIAN_POINT('',(1.45,-6.25,4.8));
#2733 = VECTOR('',#2734,1.);
#2734 = DIRECTION('',(-1.359631073447E-32,-1.110223024625E-16,-1.));
#2735 = ORIENTED_EDGE('',*,*,#2736,.F.);
#2736 = EDGE_CURVE('',#2400,#2729,#2737,.T.);
#2737 = LINE('',#2738,#2739);
#2738 = CARTESIAN_POINT('',(3.45,-6.25,4.2));
#2739 = VECTOR('',#2740,1.);
#2740 = DIRECTION('',(-1.,1.224646799147E-16,0.));
#2741 = ORIENTED_EDGE('',*,*,#2407,.F.);
#2742 = PLANE('',#2743);
#2743 = AXIS2_PLACEMENT_3D('',#2744,#2745,#2746);
#2744 = CARTESIAN_POINT('',(1.,-6.25,2.55));
#2745 = DIRECTION('',(-1.224646799147E-16,-1.,1.110223024625E-16));
#2746 = DIRECTION('',(-1.,1.224646799147E-16,1.219283680787E-48));
#2747 = ADVANCED_FACE('',(#2748),#2754,.T.);
#2748 = FACE_BOUND('',#2749,.T.);
#2749 = EDGE_LOOP('',(#2750,#2751,#2752,#2753));
#2750 = ORIENTED_EDGE('',*,*,#2270,.F.);
#2751 = ORIENTED_EDGE('',*,*,#2720,.T.);
#2752 = ORIENTED_EDGE('',*,*,#2415,.T.);
#2753 = ORIENTED_EDGE('',*,*,#2441,.F.);
#2754 = PLANE('',#2755);
#2755 = AXIS2_PLACEMENT_3D('',#2756,#2757,#2758);
#2756 = CARTESIAN_POINT('',(3.95,-6.25,3.3));
#2757 = DIRECTION('',(-1.359631073447E-32,-1.110223024625E-16,-1.));
#2758 = DIRECTION('',(1.224646799147E-16,1.,-1.110223024625E-16));
#2759 = ADVANCED_FACE('',(#2760),#2840,.F.);
#2760 = FACE_BOUND('',#2761,.F.);
#2761 = EDGE_LOOP('',(#2762,#2772,#2778,#2779,#2785,#2786,#2794,#2802,
    #2810,#2818,#2826,#2834));
#2762 = ORIENTED_EDGE('',*,*,#2763,.F.);
#2763 = EDGE_CURVE('',#2764,#2766,#2768,.T.);
#2764 = VERTEX_POINT('',#2765);
#2765 = CARTESIAN_POINT('',(-0.95,-0.25,0.3));
#2766 = VERTEX_POINT('',#2767);
#2767 = CARTESIAN_POINT('',(-0.75,-0.25,0.3));
#2768 = LINE('',#2769,#2770);
#2769 = CARTESIAN_POINT('',(-1.95,-0.25,0.3));
#2770 = VECTOR('',#2771,1.);
#2771 = DIRECTION('',(1.,-1.224646799147E-16,0.));
#2772 = ORIENTED_EDGE('',*,*,#2773,.F.);
#2773 = EDGE_CURVE('',#2295,#2764,#2774,.T.);
#2774 = LINE('',#2775,#2776);
#2775 = CARTESIAN_POINT('',(-0.95,-6.25,0.3));
#2776 = VECTOR('',#2777,1.);
#2777 = DIRECTION('',(1.224646799147E-16,1.,0.));
#2778 = ORIENTED_EDGE('',*,*,#2294,.T.);
#2779 = ORIENTED_EDGE('',*,*,#2780,.T.);
#2780 = EDGE_CURVE('',#2297,#2539,#2781,.T.);
#2781 = LINE('',#2782,#2783);
#2782 = CARTESIAN_POINT('',(2.95,-6.25,0.3));
#2783 = VECTOR('',#2784,1.);
#2784 = DIRECTION('',(1.224646799147E-16,1.,0.));
#2785 = ORIENTED_EDGE('',*,*,#2538,.F.);
#2786 = ORIENTED_EDGE('',*,*,#2787,.F.);
#2787 = EDGE_CURVE('',#2788,#2529,#2790,.T.);
#2788 = VERTEX_POINT('',#2789);
#2789 = CARTESIAN_POINT('',(2.75,-0.45,0.3));
#2790 = LINE('',#2791,#2792);
#2791 = CARTESIAN_POINT('',(2.75,-0.45,0.3));
#2792 = VECTOR('',#2793,1.);
#2793 = DIRECTION('',(1.224646799147E-16,1.,-1.110223024625E-16));
#2794 = ORIENTED_EDGE('',*,*,#2795,.T.);
#2795 = EDGE_CURVE('',#2788,#2796,#2798,.T.);
#2796 = VERTEX_POINT('',#2797);
#2797 = CARTESIAN_POINT('',(1.25,-0.45,0.3));
#2798 = LINE('',#2799,#2800);
#2799 = CARTESIAN_POINT('',(2.75,-0.45,0.3));
#2800 = VECTOR('',#2801,1.);
#2801 = DIRECTION('',(-1.,1.224646799147E-16,0.));
#2802 = ORIENTED_EDGE('',*,*,#2803,.T.);
#2803 = EDGE_CURVE('',#2796,#2804,#2806,.T.);
#2804 = VERTEX_POINT('',#2805);
#2805 = CARTESIAN_POINT('',(1.25,-0.25,0.3));
#2806 = LINE('',#2807,#2808);
#2807 = CARTESIAN_POINT('',(1.25,-0.45,0.3));
#2808 = VECTOR('',#2809,1.);
#2809 = DIRECTION('',(1.224646799147E-16,1.,-1.110223024625E-16));
#2810 = ORIENTED_EDGE('',*,*,#2811,.F.);
#2811 = EDGE_CURVE('',#2812,#2804,#2814,.T.);
#2812 = VERTEX_POINT('',#2813);
#2813 = CARTESIAN_POINT('',(0.75,-0.25,0.3));
#2814 = LINE('',#2815,#2816);
#2815 = CARTESIAN_POINT('',(-1.95,-0.25,0.3));
#2816 = VECTOR('',#2817,1.);
#2817 = DIRECTION('',(1.,-1.224646799147E-16,0.));
#2818 = ORIENTED_EDGE('',*,*,#2819,.F.);
#2819 = EDGE_CURVE('',#2820,#2812,#2822,.T.);
#2820 = VERTEX_POINT('',#2821);
#2821 = CARTESIAN_POINT('',(0.75,-0.45,0.3));
#2822 = LINE('',#2823,#2824);
#2823 = CARTESIAN_POINT('',(0.75,-0.45,0.3));
#2824 = VECTOR('',#2825,1.);
#2825 = DIRECTION('',(1.224646799147E-16,1.,-1.110223024625E-16));
#2826 = ORIENTED_EDGE('',*,*,#2827,.T.);
#2827 = EDGE_CURVE('',#2820,#2828,#2830,.T.);
#2828 = VERTEX_POINT('',#2829);
#2829 = CARTESIAN_POINT('',(-0.75,-0.45,0.3));
#2830 = LINE('',#2831,#2832);
#2831 = CARTESIAN_POINT('',(0.75,-0.45,0.3));
#2832 = VECTOR('',#2833,1.);
#2833 = DIRECTION('',(-1.,1.224646799147E-16,0.));
#2834 = ORIENTED_EDGE('',*,*,#2835,.T.);
#2835 = EDGE_CURVE('',#2828,#2766,#2836,.T.);
#2836 = LINE('',#2837,#2838);
#2837 = CARTESIAN_POINT('',(-0.75,-0.45,0.3));
#2838 = VECTOR('',#2839,1.);
#2839 = DIRECTION('',(1.224646799147E-16,1.,-1.110223024625E-16));
#2840 = PLANE('',#2841);
#2841 = AXIS2_PLACEMENT_3D('',#2842,#2843,#2844);
#2842 = CARTESIAN_POINT('',(-1.95,-0.25,0.3));
#2843 = DIRECTION('',(1.359631073447E-32,1.110223024625E-16,1.));
#2844 = DIRECTION('',(1.,-1.224646799147E-16,-6.927121900793E-45));
#2845 = ADVANCED_FACE('',(#2846),#2854,.T.);
#2846 = FACE_BOUND('',#2847,.T.);
#2847 = EDGE_LOOP('',(#2848,#2849,#2850,#2851,#2852,#2853));
#2848 = ORIENTED_EDGE('',*,*,#2546,.T.);
#2849 = ORIENTED_EDGE('',*,*,#2512,.T.);
#2850 = ORIENTED_EDGE('',*,*,#2488,.T.);
#2851 = ORIENTED_EDGE('',*,*,#2464,.T.);
#2852 = ORIENTED_EDGE('',*,*,#2304,.T.);
#2853 = ORIENTED_EDGE('',*,*,#2780,.T.);
#2854 = PLANE('',#2855);
#2855 = AXIS2_PLACEMENT_3D('',#2856,#2857,#2858);
#2856 = CARTESIAN_POINT('',(2.95,-1.566489992801,0.968760807125));
#2857 = DIRECTION('',(-1.,1.224646799147E-16,0.));
#2858 = DIRECTION('',(0.,0.,1.));
#2859 = ADVANCED_FACE('',(#2860),#2910,.F.);
#2860 = FACE_BOUND('',#2861,.F.);
#2861 = EDGE_LOOP('',(#2862,#2863,#2871,#2879,#2887,#2895,#2903,#2909));
#2862 = ORIENTED_EDGE('',*,*,#2328,.F.);
#2863 = ORIENTED_EDGE('',*,*,#2864,.T.);
#2864 = EDGE_CURVE('',#2329,#2865,#2867,.T.);
#2865 = VERTEX_POINT('',#2866);
#2866 = CARTESIAN_POINT('',(-1.45,-2.05,0.8));
#2867 = LINE('',#2868,#2869);
#2868 = CARTESIAN_POINT('',(-1.45,-6.25,0.8));
#2869 = VECTOR('',#2870,1.);
#2870 = DIRECTION('',(1.224646799147E-16,1.,-1.110223024625E-16));
#2871 = ORIENTED_EDGE('',*,*,#2872,.T.);
#2872 = EDGE_CURVE('',#2865,#2873,#2875,.T.);
#2873 = VERTEX_POINT('',#2874);
#2874 = CARTESIAN_POINT('',(0.8,-2.05,0.8));
#2875 = LINE('',#2876,#2877);
#2876 = CARTESIAN_POINT('',(-1.45,-2.05,0.8));
#2877 = VECTOR('',#2878,1.);
#2878 = DIRECTION('',(1.,-1.224646799147E-16,0.));
#2879 = ORIENTED_EDGE('',*,*,#2880,.T.);
#2880 = EDGE_CURVE('',#2873,#2881,#2883,.T.);
#2881 = VERTEX_POINT('',#2882);
#2882 = CARTESIAN_POINT('',(0.8,-3.95,0.8));
#2883 = LINE('',#2884,#2885);
#2884 = CARTESIAN_POINT('',(0.8,-2.05,0.8));
#2885 = VECTOR('',#2886,1.);
#2886 = DIRECTION('',(-1.224646799147E-16,-1.,1.110223024625E-16));
#2887 = ORIENTED_EDGE('',*,*,#2888,.T.);
#2888 = EDGE_CURVE('',#2881,#2889,#2891,.T.);
#2889 = VERTEX_POINT('',#2890);
#2890 = CARTESIAN_POINT('',(1.2,-3.95,0.8));
#2891 = LINE('',#2892,#2893);
#2892 = CARTESIAN_POINT('',(0.8,-3.95,0.8));
#2893 = VECTOR('',#2894,1.);
#2894 = DIRECTION('',(1.,-1.224646799147E-16,0.));
#2895 = ORIENTED_EDGE('',*,*,#2896,.F.);
#2896 = EDGE_CURVE('',#2897,#2889,#2899,.T.);
#2897 = VERTEX_POINT('',#2898);
#2898 = CARTESIAN_POINT('',(1.2,-2.05,0.8));
#2899 = LINE('',#2900,#2901);
#2900 = CARTESIAN_POINT('',(1.2,-2.05,0.8));
#2901 = VECTOR('',#2902,1.);
#2902 = DIRECTION('',(-1.224646799147E-16,-1.,1.110223024625E-16));
#2903 = ORIENTED_EDGE('',*,*,#2904,.T.);
#2904 = EDGE_CURVE('',#2897,#2384,#2905,.T.);
#2905 = LINE('',#2906,#2907);
#2906 = CARTESIAN_POINT('',(-1.45,-2.05,0.8));
#2907 = VECTOR('',#2908,1.);
#2908 = DIRECTION('',(1.,-1.224646799147E-16,0.));
#2909 = ORIENTED_EDGE('',*,*,#2383,.F.);
#2910 = PLANE('',#2911);
#2911 = AXIS2_PLACEMENT_3D('',#2912,#2913,#2914);
#2912 = CARTESIAN_POINT('',(-1.45,-6.25,0.8));
#2913 = DIRECTION('',(-1.359631073447E-32,-1.110223024625E-16,-1.));
#2914 = DIRECTION('',(1.,-1.224646799147E-16,-6.927121900793E-45));
#2915 = ADVANCED_FACE('',(#2916),#2967,.F.);
#2916 = FACE_BOUND('',#2917,.F.);
#2917 = EDGE_LOOP('',(#2918,#2928,#2936,#2942,#2943,#2944,#2952,#2961));
#2918 = ORIENTED_EDGE('',*,*,#2919,.F.);
#2919 = EDGE_CURVE('',#2920,#2922,#2924,.T.);
#2920 = VERTEX_POINT('',#2921);
#2921 = CARTESIAN_POINT('',(-1.45,-6.25,4.2));
#2922 = VERTEX_POINT('',#2923);
#2923 = CARTESIAN_POINT('',(-1.45,-6.25,3.3));
#2924 = LINE('',#2925,#2926);
#2925 = CARTESIAN_POINT('',(-1.45,-6.25,4.2));
#2926 = VECTOR('',#2927,1.);
#2927 = DIRECTION('',(-1.359631073447E-32,-1.110223024625E-16,-1.));
#2928 = ORIENTED_EDGE('',*,*,#2929,.T.);
#2929 = EDGE_CURVE('',#2920,#2930,#2932,.T.);
#2930 = VERTEX_POINT('',#2931);
#2931 = CARTESIAN_POINT('',(-1.45,-2.05,4.2));
#2932 = LINE('',#2933,#2934);
#2933 = CARTESIAN_POINT('',(-1.45,-6.25,4.2));
#2934 = VECTOR('',#2935,1.);
#2935 = DIRECTION('',(1.224646799147E-16,1.,-1.110223024625E-16));
#2936 = ORIENTED_EDGE('',*,*,#2937,.T.);
#2937 = EDGE_CURVE('',#2930,#2865,#2938,.T.);
#2938 = LINE('',#2939,#2940);
#2939 = CARTESIAN_POINT('',(-1.45,-2.05,4.2));
#2940 = VECTOR('',#2941,1.);
#2941 = DIRECTION('',(-1.359631073447E-32,-1.110223024625E-16,-1.));
#2942 = ORIENTED_EDGE('',*,*,#2864,.F.);
#2943 = ORIENTED_EDGE('',*,*,#2336,.F.);
#2944 = ORIENTED_EDGE('',*,*,#2945,.T.);
#2945 = EDGE_CURVE('',#2337,#2946,#2948,.T.);
#2946 = VERTEX_POINT('',#2947);
#2947 = CARTESIAN_POINT('',(-1.45,-4.65,2.5));
#2948 = LINE('',#2949,#2950);
#2949 = CARTESIAN_POINT('',(-1.45,-5.45,2.5));
#2950 = VECTOR('',#2951,1.);
#2951 = DIRECTION('',(1.224646799147E-16,1.,-1.110223024625E-16));
#2952 = ORIENTED_EDGE('',*,*,#2953,.T.);
#2953 = EDGE_CURVE('',#2946,#2954,#2956,.T.);
#2954 = VERTEX_POINT('',#2955);
#2955 = CARTESIAN_POINT('',(-1.45,-4.65,3.3));
#2956 = CIRCLE('',#2957,0.4);
#2957 = AXIS2_PLACEMENT_3D('',#2958,#2959,#2960);
#2958 = CARTESIAN_POINT('',(-1.45,-4.65,2.9));
#2959 = DIRECTION('',(1.,-1.224646799147E-16,0.));
#2960 = DIRECTION('',(1.359631073446E-32,1.110223024625E-16,1.));
#2961 = ORIENTED_EDGE('',*,*,#2962,.T.);
#2962 = EDGE_CURVE('',#2954,#2922,#2963,.T.);
#2963 = LINE('',#2964,#2965);
#2964 = CARTESIAN_POINT('',(-1.45,-6.25,3.3));
#2965 = VECTOR('',#2966,1.);
#2966 = DIRECTION('',(-1.224646799147E-16,-1.,1.110223024625E-16));
#2967 = PLANE('',#2968);
#2968 = AXIS2_PLACEMENT_3D('',#2969,#2970,#2971);
#2969 = CARTESIAN_POINT('',(-1.45,-6.25,4.2));
#2970 = DIRECTION('',(-1.,1.224646799147E-16,0.));
#2971 = DIRECTION('',(-1.359631073446E-32,-1.110223024625E-16,-1.));
#2972 = ADVANCED_FACE('',(#2973),#2991,.T.);
#2973 = FACE_BOUND('',#2974,.T.);
#2974 = EDGE_LOOP('',(#2975,#2976,#2984,#2990));
#2975 = ORIENTED_EDGE('',*,*,#2945,.T.);
#2976 = ORIENTED_EDGE('',*,*,#2977,.T.);
#2977 = EDGE_CURVE('',#2946,#2978,#2980,.T.);
#2978 = VERTEX_POINT('',#2979);
#2979 = CARTESIAN_POINT('',(-1.95,-4.65,2.5));
#2980 = LINE('',#2981,#2982);
#2981 = CARTESIAN_POINT('',(3.95,-4.65,2.5));
#2982 = VECTOR('',#2983,1.);
#2983 = DIRECTION('',(-1.,1.224646799147E-16,0.));
#2984 = ORIENTED_EDGE('',*,*,#2985,.T.);
#2985 = EDGE_CURVE('',#2978,#2345,#2986,.T.);
#2986 = LINE('',#2987,#2988);
#2987 = CARTESIAN_POINT('',(-1.95,-2.45,2.5));
#2988 = VECTOR('',#2989,1.);
#2989 = DIRECTION('',(-1.224646799147E-16,-1.,1.110223024625E-16));
#2990 = ORIENTED_EDGE('',*,*,#2344,.F.);
#2991 = PLANE('',#2992);
#2992 = AXIS2_PLACEMENT_3D('',#2993,#2994,#2995);
#2993 = CARTESIAN_POINT('',(3.95,-4.65,2.5));
#2994 = DIRECTION('',(1.359631073447E-32,1.110223024625E-16,1.));
#2995 = DIRECTION('',(-1.224646799147E-16,-1.,1.110223024625E-16));
#2996 = ADVANCED_FACE('',(#2997),#3064,.T.);
#2997 = FACE_BOUND('',#2998,.T.);
#2998 = EDGE_LOOP('',(#2999,#3009,#3017,#3025,#3031,#3032,#3033,#3042,
    #3050,#3058));
#2999 = ORIENTED_EDGE('',*,*,#3000,.T.);
#3000 = EDGE_CURVE('',#3001,#3003,#3005,.T.);
#3001 = VERTEX_POINT('',#3002);
#3002 = CARTESIAN_POINT('',(-1.95,-0.25,4.8));
#3003 = VERTEX_POINT('',#3004);
#3004 = CARTESIAN_POINT('',(-1.95,-0.25,4.1));
#3005 = LINE('',#3006,#3007);
#3006 = CARTESIAN_POINT('',(-1.95,-0.25,4.8));
#3007 = VECTOR('',#3008,1.);
#3008 = DIRECTION('',(-1.359631073447E-32,-1.110223024625E-16,-1.));
#3009 = ORIENTED_EDGE('',*,*,#3010,.T.);
#3010 = EDGE_CURVE('',#3003,#3011,#3013,.T.);
#3011 = VERTEX_POINT('',#3012);
#3012 = CARTESIAN_POINT('',(-1.95,1.35,3.2));
#3013 = LINE('',#3014,#3015);
#3014 = CARTESIAN_POINT('',(-1.95,-0.25,4.1));
#3015 = VECTOR('',#3016,1.);
#3016 = DIRECTION('',(1.067372191754E-16,0.871575537124,-0.490261239633)
  );
#3017 = ORIENTED_EDGE('',*,*,#3018,.T.);
#3018 = EDGE_CURVE('',#3011,#3019,#3021,.T.);
#3019 = VERTEX_POINT('',#3020);
#3020 = CARTESIAN_POINT('',(-1.95,1.35,0.));
#3021 = LINE('',#3022,#3023);
#3022 = CARTESIAN_POINT('',(-1.95,1.35,3.2));
#3023 = VECTOR('',#3024,1.);
#3024 = DIRECTION('',(-0.,0.,-1.));
#3025 = ORIENTED_EDGE('',*,*,#3026,.T.);
#3026 = EDGE_CURVE('',#3019,#2353,#3027,.T.);
#3027 = LINE('',#3028,#3029);
#3028 = CARTESIAN_POINT('',(-1.95,1.35,0.));
#3029 = VECTOR('',#3030,1.);
#3030 = DIRECTION('',(-1.224646799147E-16,-1.,0.));
#3031 = ORIENTED_EDGE('',*,*,#2352,.F.);
#3032 = ORIENTED_EDGE('',*,*,#2985,.F.);
#3033 = ORIENTED_EDGE('',*,*,#3034,.T.);
#3034 = EDGE_CURVE('',#2978,#3035,#3037,.T.);
#3035 = VERTEX_POINT('',#3036);
#3036 = CARTESIAN_POINT('',(-1.95,-4.65,3.3));
#3037 = CIRCLE('',#3038,0.4);
#3038 = AXIS2_PLACEMENT_3D('',#3039,#3040,#3041);
#3039 = CARTESIAN_POINT('',(-1.95,-4.65,2.9));
#3040 = DIRECTION('',(1.,-1.224646799147E-16,0.));
#3041 = DIRECTION('',(1.359631073446E-32,1.110223024625E-16,1.));
#3042 = ORIENTED_EDGE('',*,*,#3043,.F.);
#3043 = EDGE_CURVE('',#3044,#3035,#3046,.T.);
#3044 = VERTEX_POINT('',#3045);
#3045 = CARTESIAN_POINT('',(-1.95,-6.25,3.3));
#3046 = LINE('',#3047,#3048);
#3047 = CARTESIAN_POINT('',(-1.95,-3.25,3.3));
#3048 = VECTOR('',#3049,1.);
#3049 = DIRECTION('',(1.224646799147E-16,1.,-1.110223024625E-16));
#3050 = ORIENTED_EDGE('',*,*,#3051,.F.);
#3051 = EDGE_CURVE('',#3052,#3044,#3054,.T.);
#3052 = VERTEX_POINT('',#3053);
#3053 = CARTESIAN_POINT('',(-1.95,-6.25,4.8));
#3054 = LINE('',#3055,#3056);
#3055 = CARTESIAN_POINT('',(-1.95,-6.25,4.8));
#3056 = VECTOR('',#3057,1.);
#3057 = DIRECTION('',(-1.359631073447E-32,-1.110223024625E-16,-1.));
#3058 = ORIENTED_EDGE('',*,*,#3059,.F.);
#3059 = EDGE_CURVE('',#3001,#3052,#3060,.T.);
#3060 = LINE('',#3061,#3062);
#3061 = CARTESIAN_POINT('',(-1.95,-0.25,4.8));
#3062 = VECTOR('',#3063,1.);
#3063 = DIRECTION('',(-1.224646799147E-16,-1.,1.110223024625E-16));
#3064 = PLANE('',#3065);
#3065 = AXIS2_PLACEMENT_3D('',#3066,#3067,#3068);
#3066 = CARTESIAN_POINT('',(-1.95,-2.909897467985,2.368621550033));
#3067 = DIRECTION('',(-1.,1.224646799147E-16,-3.525915016947E-32));
#3068 = DIRECTION('',(-3.525915016947E-32,4.31800053957E-48,1.));
#3069 = ADVANCED_FACE('',(#3070),#3088,.F.);
#3070 = FACE_BOUND('',#3071,.F.);
#3071 = EDGE_LOOP('',(#3072,#3080,#3081,#3082));
#3072 = ORIENTED_EDGE('',*,*,#3073,.T.);
#3073 = EDGE_CURVE('',#3074,#3019,#3076,.T.);
#3074 = VERTEX_POINT('',#3075);
#3075 = CARTESIAN_POINT('',(-0.95,1.35,0.));
#3076 = LINE('',#3077,#3078);
#3077 = CARTESIAN_POINT('',(-0.95,1.35,0.));
#3078 = VECTOR('',#3079,1.);
#3079 = DIRECTION('',(-1.,1.224646799147E-16,0.));
#3080 = ORIENTED_EDGE('',*,*,#3026,.T.);
#3081 = ORIENTED_EDGE('',*,*,#2360,.F.);
#3082 = ORIENTED_EDGE('',*,*,#3083,.F.);
#3083 = EDGE_CURVE('',#3074,#2361,#3084,.T.);
#3084 = LINE('',#3085,#3086);
#3085 = CARTESIAN_POINT('',(-0.95,1.35,0.));
#3086 = VECTOR('',#3087,1.);
#3087 = DIRECTION('',(-1.224646799147E-16,-1.,0.));
#3088 = PLANE('',#3089);
#3089 = AXIS2_PLACEMENT_3D('',#3090,#3091,#3092);
#3090 = CARTESIAN_POINT('',(-0.95,1.35,0.));
#3091 = DIRECTION('',(0.,0.,1.));
#3092 = DIRECTION('',(-1.224646799147E-16,-1.,0.));
#3093 = ADVANCED_FACE('',(#3094),#3121,.F.);
#3094 = FACE_BOUND('',#3095,.F.);
#3095 = EDGE_LOOP('',(#3096,#3104,#3112,#3118,#3119,#3120));
#3096 = ORIENTED_EDGE('',*,*,#3097,.T.);
#3097 = EDGE_CURVE('',#2764,#3098,#3100,.T.);
#3098 = VERTEX_POINT('',#3099);
#3099 = CARTESIAN_POINT('',(-0.95,-0.25,4.1));
#3100 = LINE('',#3101,#3102);
#3101 = CARTESIAN_POINT('',(-0.95,-0.25,0.3));
#3102 = VECTOR('',#3103,1.);
#3103 = DIRECTION('',(0.,0.,1.));
#3104 = ORIENTED_EDGE('',*,*,#3105,.T.);
#3105 = EDGE_CURVE('',#3098,#3106,#3108,.T.);
#3106 = VERTEX_POINT('',#3107);
#3107 = CARTESIAN_POINT('',(-0.95,1.35,3.2));
#3108 = LINE('',#3109,#3110);
#3109 = CARTESIAN_POINT('',(-0.95,-0.25,4.1));
#3110 = VECTOR('',#3111,1.);
#3111 = DIRECTION('',(1.067372191754E-16,0.871575537124,-0.490261239633)
  );
#3112 = ORIENTED_EDGE('',*,*,#3113,.T.);
#3113 = EDGE_CURVE('',#3106,#3074,#3114,.T.);
#3114 = LINE('',#3115,#3116);
#3115 = CARTESIAN_POINT('',(-0.95,1.35,3.2));
#3116 = VECTOR('',#3117,1.);
#3117 = DIRECTION('',(-0.,0.,-1.));
#3118 = ORIENTED_EDGE('',*,*,#3083,.T.);
#3119 = ORIENTED_EDGE('',*,*,#2368,.T.);
#3120 = ORIENTED_EDGE('',*,*,#2773,.T.);
#3121 = PLANE('',#3122);
#3122 = AXIS2_PLACEMENT_3D('',#3123,#3124,#3125);
#3123 = CARTESIAN_POINT('',(-0.95,-1.566489992801,0.968760807125));
#3124 = DIRECTION('',(-1.,1.224646799147E-16,0.));
#3125 = DIRECTION('',(0.,0.,1.));
#3126 = ADVANCED_FACE('',(#3127),#3232,.F.);
#3127 = FACE_BOUND('',#3128,.F.);
#3128 = EDGE_LOOP('',(#3129,#3130,#3131,#3139,#3147,#3155,#3163,#3171,
    #3179,#3187,#3195,#3201,#3202,#3210,#3218,#3226));
#3129 = ORIENTED_EDGE('',*,*,#2736,.F.);
#3130 = ORIENTED_EDGE('',*,*,#2399,.T.);
#3131 = ORIENTED_EDGE('',*,*,#3132,.T.);
#3132 = EDGE_CURVE('',#2392,#3133,#3135,.T.);
#3133 = VERTEX_POINT('',#3134);
#3134 = CARTESIAN_POINT('',(3.4,-2.05,4.2));
#3135 = LINE('',#3136,#3137);
#3136 = CARTESIAN_POINT('',(3.45,-2.05,4.2));
#3137 = VECTOR('',#3138,1.);
#3138 = DIRECTION('',(-1.,1.224646799147E-16,0.));
#3139 = ORIENTED_EDGE('',*,*,#3140,.F.);
#3140 = EDGE_CURVE('',#3141,#3133,#3143,.T.);
#3141 = VERTEX_POINT('',#3142);
#3142 = CARTESIAN_POINT('',(3.4,-4.45,4.2));
#3143 = LINE('',#3144,#3145);
#3144 = CARTESIAN_POINT('',(3.4,-4.45,4.2));
#3145 = VECTOR('',#3146,1.);
#3146 = DIRECTION('',(1.224646799147E-16,1.,-1.110223024625E-16));
#3147 = ORIENTED_EDGE('',*,*,#3148,.F.);
#3148 = EDGE_CURVE('',#3149,#3141,#3151,.T.);
#3149 = VERTEX_POINT('',#3150);
#3150 = CARTESIAN_POINT('',(2.4,-4.45,4.2));
#3151 = LINE('',#3152,#3153);
#3152 = CARTESIAN_POINT('',(2.4,-4.45,4.2));
#3153 = VECTOR('',#3154,1.);
#3154 = DIRECTION('',(1.,-1.224646799147E-16,0.));
#3155 = ORIENTED_EDGE('',*,*,#3156,.F.);
#3156 = EDGE_CURVE('',#3157,#3149,#3159,.T.);
#3157 = VERTEX_POINT('',#3158);
#3158 = CARTESIAN_POINT('',(2.4,-2.05,4.2));
#3159 = LINE('',#3160,#3161);
#3160 = CARTESIAN_POINT('',(2.4,-0.25,4.2));
#3161 = VECTOR('',#3162,1.);
#3162 = DIRECTION('',(-1.224646799147E-16,-1.,1.110223024625E-16));
#3163 = ORIENTED_EDGE('',*,*,#3164,.T.);
#3164 = EDGE_CURVE('',#3157,#3165,#3167,.T.);
#3165 = VERTEX_POINT('',#3166);
#3166 = CARTESIAN_POINT('',(-0.4,-2.05,4.2));
#3167 = LINE('',#3168,#3169);
#3168 = CARTESIAN_POINT('',(3.45,-2.05,4.2));
#3169 = VECTOR('',#3170,1.);
#3170 = DIRECTION('',(-1.,1.224646799147E-16,0.));
#3171 = ORIENTED_EDGE('',*,*,#3172,.T.);
#3172 = EDGE_CURVE('',#3165,#3173,#3175,.T.);
#3173 = VERTEX_POINT('',#3174);
#3174 = CARTESIAN_POINT('',(-0.4,-4.45,4.2));
#3175 = LINE('',#3176,#3177);
#3176 = CARTESIAN_POINT('',(-0.4,-0.25,4.2));
#3177 = VECTOR('',#3178,1.);
#3178 = DIRECTION('',(-1.224646799147E-16,-1.,1.110223024625E-16));
#3179 = ORIENTED_EDGE('',*,*,#3180,.T.);
#3180 = EDGE_CURVE('',#3173,#3181,#3183,.T.);
#3181 = VERTEX_POINT('',#3182);
#3182 = CARTESIAN_POINT('',(-1.4,-4.45,4.2));
#3183 = LINE('',#3184,#3185);
#3184 = CARTESIAN_POINT('',(-0.4,-4.45,4.2));
#3185 = VECTOR('',#3186,1.);
#3186 = DIRECTION('',(-1.,1.224646799147E-16,0.));
#3187 = ORIENTED_EDGE('',*,*,#3188,.T.);
#3188 = EDGE_CURVE('',#3181,#3189,#3191,.T.);
#3189 = VERTEX_POINT('',#3190);
#3190 = CARTESIAN_POINT('',(-1.4,-2.05,4.2));
#3191 = LINE('',#3192,#3193);
#3192 = CARTESIAN_POINT('',(-1.4,-4.45,4.2));
#3193 = VECTOR('',#3194,1.);
#3194 = DIRECTION('',(1.224646799147E-16,1.,-1.110223024625E-16));
#3195 = ORIENTED_EDGE('',*,*,#3196,.T.);
#3196 = EDGE_CURVE('',#3189,#2930,#3197,.T.);
#3197 = LINE('',#3198,#3199);
#3198 = CARTESIAN_POINT('',(3.45,-2.05,4.2));
#3199 = VECTOR('',#3200,1.);
#3200 = DIRECTION('',(-1.,1.224646799147E-16,0.));
#3201 = ORIENTED_EDGE('',*,*,#2929,.F.);
#3202 = ORIENTED_EDGE('',*,*,#3203,.F.);
#3203 = EDGE_CURVE('',#3204,#2920,#3206,.T.);
#3204 = VERTEX_POINT('',#3205);
#3205 = CARTESIAN_POINT('',(0.55,-6.25,4.2));
#3206 = LINE('',#3207,#3208);
#3207 = CARTESIAN_POINT('',(3.45,-6.25,4.2));
#3208 = VECTOR('',#3209,1.);
#3209 = DIRECTION('',(-1.,1.224646799147E-16,0.));
#3210 = ORIENTED_EDGE('',*,*,#3211,.F.);
#3211 = EDGE_CURVE('',#3212,#3204,#3214,.T.);
#3212 = VERTEX_POINT('',#3213);
#3213 = CARTESIAN_POINT('',(0.55,-2.35,4.2));
#3214 = LINE('',#3215,#3216);
#3215 = CARTESIAN_POINT('',(0.55,-4.3,4.2));
#3216 = VECTOR('',#3217,1.);
#3217 = DIRECTION('',(-1.224646799147E-16,-1.,1.110223024625E-16));
#3218 = ORIENTED_EDGE('',*,*,#3219,.F.);
#3219 = EDGE_CURVE('',#3220,#3212,#3222,.T.);
#3220 = VERTEX_POINT('',#3221);
#3221 = CARTESIAN_POINT('',(1.45,-2.35,4.2));
#3222 = LINE('',#3223,#3224);
#3223 = CARTESIAN_POINT('',(2.45,-2.35,4.2));
#3224 = VECTOR('',#3225,1.);
#3225 = DIRECTION('',(-1.,1.224646799147E-16,0.));
#3226 = ORIENTED_EDGE('',*,*,#3227,.F.);
#3227 = EDGE_CURVE('',#2729,#3220,#3228,.T.);
#3228 = LINE('',#3229,#3230);
#3229 = CARTESIAN_POINT('',(1.45,-6.25,4.2));
#3230 = VECTOR('',#3231,1.);
#3231 = DIRECTION('',(1.224646799147E-16,1.,-1.110223024625E-16));
#3232 = PLANE('',#3233);
#3233 = AXIS2_PLACEMENT_3D('',#3234,#3235,#3236);
#3234 = CARTESIAN_POINT('',(3.45,-6.25,4.2));
#3235 = DIRECTION('',(1.359631073447E-32,1.110223024625E-16,1.));
#3236 = DIRECTION('',(-1.,1.224646799147E-16,6.927121900793E-45));
#3237 = ADVANCED_FACE('',(#3238,#3281,#3315),#3349,.T.);
#3238 = FACE_BOUND('',#3239,.T.);
#3239 = EDGE_LOOP('',(#3240,#3241,#3242,#3248,#3249,#3255,#3256,#3257,
    #3258,#3266,#3274,#3280));
#3240 = ORIENTED_EDGE('',*,*,#2391,.T.);
#3241 = ORIENTED_EDGE('',*,*,#3132,.T.);
#3242 = ORIENTED_EDGE('',*,*,#3243,.T.);
#3243 = EDGE_CURVE('',#3133,#3157,#3244,.T.);
#3244 = LINE('',#3245,#3246);
#3245 = CARTESIAN_POINT('',(3.45,-2.05,4.2));
#3246 = VECTOR('',#3247,1.);
#3247 = DIRECTION('',(-1.,1.224646799147E-16,0.));
#3248 = ORIENTED_EDGE('',*,*,#3164,.T.);
#3249 = ORIENTED_EDGE('',*,*,#3250,.T.);
#3250 = EDGE_CURVE('',#3165,#3189,#3251,.T.);
#3251 = LINE('',#3252,#3253);
#3252 = CARTESIAN_POINT('',(3.45,-2.05,4.2));
#3253 = VECTOR('',#3254,1.);
#3254 = DIRECTION('',(-1.,1.224646799147E-16,0.));
#3255 = ORIENTED_EDGE('',*,*,#3196,.T.);
#3256 = ORIENTED_EDGE('',*,*,#2937,.T.);
#3257 = ORIENTED_EDGE('',*,*,#2872,.T.);
#3258 = ORIENTED_EDGE('',*,*,#3259,.F.);
#3259 = EDGE_CURVE('',#3260,#2873,#3262,.T.);
#3260 = VERTEX_POINT('',#3261);
#3261 = CARTESIAN_POINT('',(0.8,-2.05,1.1));
#3262 = LINE('',#3263,#3264);
#3263 = CARTESIAN_POINT('',(0.8,-2.05,1.1));
#3264 = VECTOR('',#3265,1.);
#3265 = DIRECTION('',(-1.359631073447E-32,-1.110223024625E-16,-1.));
#3266 = ORIENTED_EDGE('',*,*,#3267,.F.);
#3267 = EDGE_CURVE('',#3268,#3260,#3270,.T.);
#3268 = VERTEX_POINT('',#3269);
#3269 = CARTESIAN_POINT('',(1.2,-2.05,1.1));
#3270 = LINE('',#3271,#3272);
#3271 = CARTESIAN_POINT('',(1.2,-2.05,1.1));
#3272 = VECTOR('',#3273,1.);
#3273 = DIRECTION('',(-1.,1.224646799147E-16,0.));
#3274 = ORIENTED_EDGE('',*,*,#3275,.F.);
#3275 = EDGE_CURVE('',#2897,#3268,#3276,.T.);
#3276 = LINE('',#3277,#3278);
#3277 = CARTESIAN_POINT('',(1.2,-2.05,0.8));
#3278 = VECTOR('',#3279,1.);
#3279 = DIRECTION('',(1.359631073447E-32,1.110223024625E-16,1.));
#3280 = ORIENTED_EDGE('',*,*,#2904,.T.);
#3281 = FACE_BOUND('',#3282,.T.);
#3282 = EDGE_LOOP('',(#3283,#3293,#3301,#3309));
#3283 = ORIENTED_EDGE('',*,*,#3284,.T.);
#3284 = EDGE_CURVE('',#3285,#3287,#3289,.T.);
#3285 = VERTEX_POINT('',#3286);
#3286 = CARTESIAN_POINT('',(0.25,-2.05,3.35));
#3287 = VERTEX_POINT('',#3288);
#3288 = CARTESIAN_POINT('',(0.25,-2.05,2.85));
#3289 = LINE('',#3290,#3291);
#3290 = CARTESIAN_POINT('',(0.25,-2.05,1.901106711288));
#3291 = VECTOR('',#3292,1.);
#3292 = DIRECTION('',(-1.359631073447E-32,-1.110223024625E-16,-1.));
#3293 = ORIENTED_EDGE('',*,*,#3294,.T.);
#3294 = EDGE_CURVE('',#3287,#3295,#3297,.T.);
#3295 = VERTEX_POINT('',#3296);
#3296 = CARTESIAN_POINT('',(-0.25,-2.05,2.85));
#3297 = LINE('',#3298,#3299);
#3298 = CARTESIAN_POINT('',(0.625,-2.05,2.85));
#3299 = VECTOR('',#3300,1.);
#3300 = DIRECTION('',(-1.,1.224646799147E-16,0.));
#3301 = ORIENTED_EDGE('',*,*,#3302,.F.);
#3302 = EDGE_CURVE('',#3303,#3295,#3305,.T.);
#3303 = VERTEX_POINT('',#3304);
#3304 = CARTESIAN_POINT('',(-0.25,-2.05,3.35));
#3305 = LINE('',#3306,#3307);
#3306 = CARTESIAN_POINT('',(-0.25,-2.05,1.901106711288));
#3307 = VECTOR('',#3308,1.);
#3308 = DIRECTION('',(-1.359631073447E-32,-1.110223024625E-16,-1.));
#3309 = ORIENTED_EDGE('',*,*,#3310,.T.);
#3310 = EDGE_CURVE('',#3303,#3285,#3311,.T.);
#3311 = LINE('',#3312,#3313);
#3312 = CARTESIAN_POINT('',(0.625,-2.05,3.35));
#3313 = VECTOR('',#3314,1.);
#3314 = DIRECTION('',(1.,-1.224646799147E-16,0.));
#3315 = FACE_BOUND('',#3316,.T.);
#3316 = EDGE_LOOP('',(#3317,#3327,#3335,#3343));
#3317 = ORIENTED_EDGE('',*,*,#3318,.T.);
#3318 = EDGE_CURVE('',#3319,#3321,#3323,.T.);
#3319 = VERTEX_POINT('',#3320);
#3320 = CARTESIAN_POINT('',(2.25,-2.05,3.35));
#3321 = VERTEX_POINT('',#3322);
#3322 = CARTESIAN_POINT('',(2.25,-2.05,2.85));
#3323 = LINE('',#3324,#3325);
#3324 = CARTESIAN_POINT('',(2.25,-2.05,1.901106711288));
#3325 = VECTOR('',#3326,1.);
#3326 = DIRECTION('',(-1.359631073447E-32,-1.110223024625E-16,-1.));
#3327 = ORIENTED_EDGE('',*,*,#3328,.T.);
#3328 = EDGE_CURVE('',#3321,#3329,#3331,.T.);
#3329 = VERTEX_POINT('',#3330);
#3330 = CARTESIAN_POINT('',(1.75,-2.05,2.85));
#3331 = LINE('',#3332,#3333);
#3332 = CARTESIAN_POINT('',(1.625,-2.05,2.85));
#3333 = VECTOR('',#3334,1.);
#3334 = DIRECTION('',(-1.,1.224646799147E-16,0.));
#3335 = ORIENTED_EDGE('',*,*,#3336,.F.);
#3336 = EDGE_CURVE('',#3337,#3329,#3339,.T.);
#3337 = VERTEX_POINT('',#3338);
#3338 = CARTESIAN_POINT('',(1.75,-2.05,3.35));
#3339 = LINE('',#3340,#3341);
#3340 = CARTESIAN_POINT('',(1.75,-2.05,1.901106711288));
#3341 = VECTOR('',#3342,1.);
#3342 = DIRECTION('',(-1.359631073447E-32,-1.110223024625E-16,-1.));
#3343 = ORIENTED_EDGE('',*,*,#3344,.T.);
#3344 = EDGE_CURVE('',#3337,#3319,#3345,.T.);
#3345 = LINE('',#3346,#3347);
#3346 = CARTESIAN_POINT('',(1.625,-2.05,3.35));
#3347 = VECTOR('',#3348,1.);
#3348 = DIRECTION('',(1.,-1.224646799147E-16,0.));
#3349 = PLANE('',#3350);
#3350 = AXIS2_PLACEMENT_3D('',#3351,#3352,#3353);
#3351 = CARTESIAN_POINT('',(1.,-2.05,2.5));
#3352 = DIRECTION('',(-1.224646799147E-16,-1.,1.110223024625E-16));
#3353 = DIRECTION('',(-1.,1.224646799147E-16,1.219283680787E-48));
#3354 = ADVANCED_FACE('',(#3355),#3389,.F.);
#3355 = FACE_BOUND('',#3356,.F.);
#3356 = EDGE_LOOP('',(#3357,#3358,#3366,#3374,#3382,#3388));
#3357 = ORIENTED_EDGE('',*,*,#2528,.T.);
#3358 = ORIENTED_EDGE('',*,*,#3359,.T.);
#3359 = EDGE_CURVE('',#2531,#3360,#3362,.T.);
#3360 = VERTEX_POINT('',#3361);
#3361 = CARTESIAN_POINT('',(2.75,-0.4,4.2));
#3362 = LINE('',#3363,#3364);
#3363 = CARTESIAN_POINT('',(2.75,-1.335399017773,4.2));
#3364 = VECTOR('',#3365,1.);
#3365 = DIRECTION('',(-1.224646799147E-16,-1.,1.110223024625E-16));
#3366 = ORIENTED_EDGE('',*,*,#3367,.T.);
#3367 = EDGE_CURVE('',#3360,#3368,#3370,.T.);
#3368 = VERTEX_POINT('',#3369);
#3369 = CARTESIAN_POINT('',(2.75,-0.35,3.6));
#3370 = LINE('',#3371,#3372);
#3371 = CARTESIAN_POINT('',(2.75,-0.45,4.8));
#3372 = VECTOR('',#3373,1.);
#3373 = DIRECTION('',(1.017013810865E-17,8.304547985373E-02,
    -0.996545758245));
#3374 = ORIENTED_EDGE('',*,*,#3375,.T.);
#3375 = EDGE_CURVE('',#3368,#3376,#3378,.T.);
#3376 = VERTEX_POINT('',#3377);
#3377 = CARTESIAN_POINT('',(2.75,-0.35,2.6));
#3378 = LINE('',#3379,#3380);
#3379 = CARTESIAN_POINT('',(2.75,-0.35,3.6));
#3380 = VECTOR('',#3381,1.);
#3381 = DIRECTION('',(-1.359631073447E-32,-1.110223024625E-16,-1.));
#3382 = ORIENTED_EDGE('',*,*,#3383,.T.);
#3383 = EDGE_CURVE('',#3376,#2788,#3384,.T.);
#3384 = LINE('',#3385,#3386);
#3385 = CARTESIAN_POINT('',(2.75,-0.35,2.6));
#3386 = VECTOR('',#3387,1.);
#3387 = DIRECTION('',(-5.319525767383E-18,-4.343722427631E-02,
    -0.999056158355));
#3388 = ORIENTED_EDGE('',*,*,#2787,.T.);
#3389 = PLANE('',#3390);
#3390 = AXIS2_PLACEMENT_3D('',#3391,#3392,#3393);
#3391 = CARTESIAN_POINT('',(2.75,-0.320798035545,2.550475523299));
#3392 = DIRECTION('',(1.,-1.224646799147E-16,0.));
#3393 = DIRECTION('',(1.224646799147E-16,1.,-1.110223024625E-16));
#3394 = ADVANCED_FACE('',(#3395),#3420,.T.);
#3395 = FACE_BOUND('',#3396,.T.);
#3396 = EDGE_LOOP('',(#3397,#3398,#3404,#3405,#3406,#3414));
#3397 = ORIENTED_EDGE('',*,*,#3243,.F.);
#3398 = ORIENTED_EDGE('',*,*,#3399,.T.);
#3399 = EDGE_CURVE('',#3133,#2563,#3400,.T.);
#3400 = LINE('',#3401,#3402);
#3401 = CARTESIAN_POINT('',(3.4,-4.45,4.2));
#3402 = VECTOR('',#3403,1.);
#3403 = DIRECTION('',(1.224646799147E-16,1.,-1.110223024625E-16));
#3404 = ORIENTED_EDGE('',*,*,#2570,.T.);
#3405 = ORIENTED_EDGE('',*,*,#3359,.T.);
#3406 = ORIENTED_EDGE('',*,*,#3407,.T.);
#3407 = EDGE_CURVE('',#3360,#3408,#3410,.T.);
#3408 = VERTEX_POINT('',#3409);
#3409 = CARTESIAN_POINT('',(2.4,-0.4,4.2));
#3410 = LINE('',#3411,#3412);
#3411 = CARTESIAN_POINT('',(2.825,-0.4,4.2));
#3412 = VECTOR('',#3413,1.);
#3413 = DIRECTION('',(-1.,1.224646799147E-16,0.));
#3414 = ORIENTED_EDGE('',*,*,#3415,.T.);
#3415 = EDGE_CURVE('',#3408,#3157,#3416,.T.);
#3416 = LINE('',#3417,#3418);
#3417 = CARTESIAN_POINT('',(2.4,-0.25,4.2));
#3418 = VECTOR('',#3419,1.);
#3419 = DIRECTION('',(-1.224646799147E-16,-1.,1.110223024625E-16));
#3420 = PLANE('',#3421);
#3421 = AXIS2_PLACEMENT_3D('',#3422,#3423,#3424);
#3422 = CARTESIAN_POINT('',(2.9,-2.35,4.2));
#3423 = DIRECTION('',(1.359631073447E-32,1.110223024625E-16,1.));
#3424 = DIRECTION('',(1.224646799147E-16,1.,-1.110223024625E-16));
#3425 = ADVANCED_FACE('',(#3426),#3438,.F.);
#3426 = FACE_BOUND('',#3427,.T.);
#3427 = EDGE_LOOP('',(#3428,#3429,#3430,#3431,#3432));
#3428 = ORIENTED_EDGE('',*,*,#2706,.T.);
#3429 = ORIENTED_EDGE('',*,*,#2562,.T.);
#3430 = ORIENTED_EDGE('',*,*,#3399,.F.);
#3431 = ORIENTED_EDGE('',*,*,#3140,.F.);
#3432 = ORIENTED_EDGE('',*,*,#3433,.F.);
#3433 = EDGE_CURVE('',#2699,#3141,#3434,.T.);
#3434 = LINE('',#3435,#3436);
#3435 = CARTESIAN_POINT('',(3.4,-4.45,4.8));
#3436 = VECTOR('',#3437,1.);
#3437 = DIRECTION('',(-1.359631073447E-32,-1.110223024625E-16,-1.));
#3438 = PLANE('',#3439);
#3439 = AXIS2_PLACEMENT_3D('',#3440,#3441,#3442);
#3440 = CARTESIAN_POINT('',(3.4,-4.45,4.8));
#3441 = DIRECTION('',(1.,-1.224646799147E-16,0.));
#3442 = DIRECTION('',(1.224646799147E-16,1.,-1.110223024625E-16));
#3443 = ADVANCED_FACE('',(#3444),#3455,.F.);
#3444 = FACE_BOUND('',#3445,.F.);
#3445 = EDGE_LOOP('',(#3446,#3447,#3453,#3454));
#3446 = ORIENTED_EDGE('',*,*,#2698,.F.);
#3447 = ORIENTED_EDGE('',*,*,#3448,.T.);
#3448 = EDGE_CURVE('',#2691,#3149,#3449,.T.);
#3449 = LINE('',#3450,#3451);
#3450 = CARTESIAN_POINT('',(2.4,-4.45,4.8));
#3451 = VECTOR('',#3452,1.);
#3452 = DIRECTION('',(-1.359631073447E-32,-1.110223024625E-16,-1.));
#3453 = ORIENTED_EDGE('',*,*,#3148,.T.);
#3454 = ORIENTED_EDGE('',*,*,#3433,.F.);
#3455 = PLANE('',#3456);
#3456 = AXIS2_PLACEMENT_3D('',#3457,#3458,#3459);
#3457 = CARTESIAN_POINT('',(2.4,-4.45,4.8));
#3458 = DIRECTION('',(-1.224646799147E-16,-1.,1.110223024625E-16));
#3459 = DIRECTION('',(1.,-1.224646799147E-16,-1.219283680787E-48));
#3460 = ADVANCED_FACE('',(#3461),#3473,.F.);
#3461 = FACE_BOUND('',#3462,.T.);
#3462 = EDGE_LOOP('',(#3463,#3464,#3465,#3466,#3467));
#3463 = ORIENTED_EDGE('',*,*,#2690,.T.);
#3464 = ORIENTED_EDGE('',*,*,#3448,.T.);
#3465 = ORIENTED_EDGE('',*,*,#3156,.F.);
#3466 = ORIENTED_EDGE('',*,*,#3415,.F.);
#3467 = ORIENTED_EDGE('',*,*,#3468,.F.);
#3468 = EDGE_CURVE('',#2683,#3408,#3469,.T.);
#3469 = LINE('',#3470,#3471);
#3470 = CARTESIAN_POINT('',(2.4,-0.449310344828,4.791724137931));
#3471 = VECTOR('',#3472,1.);
#3472 = DIRECTION('',(1.017013810865E-17,8.304547985373E-02,
    -0.996545758245));
#3473 = PLANE('',#3474);
#3474 = AXIS2_PLACEMENT_3D('',#3475,#3476,#3477);
#3475 = CARTESIAN_POINT('',(2.4,-0.25,4.8));
#3476 = DIRECTION('',(-1.,1.224646799147E-16,0.));
#3477 = DIRECTION('',(-1.224646799147E-16,-1.,1.110223024625E-16));
#3478 = ADVANCED_FACE('',(#3479),#3499,.F.);
#3479 = FACE_BOUND('',#3480,.F.);
#3480 = EDGE_LOOP('',(#3481,#3482,#3483,#3491,#3497,#3498));
#3481 = ORIENTED_EDGE('',*,*,#3468,.F.);
#3482 = ORIENTED_EDGE('',*,*,#2682,.T.);
#3483 = ORIENTED_EDGE('',*,*,#3484,.T.);
#3484 = EDGE_CURVE('',#2675,#3485,#3487,.T.);
#3485 = VERTEX_POINT('',#3486);
#3486 = CARTESIAN_POINT('',(1.25,-0.35,3.6));
#3487 = LINE('',#3488,#3489);
#3488 = CARTESIAN_POINT('',(1.25,-0.45,4.8));
#3489 = VECTOR('',#3490,1.);
#3490 = DIRECTION('',(1.017013810865E-17,8.304547985373E-02,
    -0.996545758245));
#3491 = ORIENTED_EDGE('',*,*,#3492,.F.);
#3492 = EDGE_CURVE('',#3368,#3485,#3493,.T.);
#3493 = LINE('',#3494,#3495);
#3494 = CARTESIAN_POINT('',(2.75,-0.35,3.6));
#3495 = VECTOR('',#3496,1.);
#3496 = DIRECTION('',(-1.,1.224646799147E-16,0.));
#3497 = ORIENTED_EDGE('',*,*,#3367,.F.);
#3498 = ORIENTED_EDGE('',*,*,#3407,.T.);
#3499 = PLANE('',#3500);
#3500 = AXIS2_PLACEMENT_3D('',#3501,#3502,#3503);
#3501 = CARTESIAN_POINT('',(2.75,-0.45,4.8));
#3502 = DIRECTION('',(-1.220416573038E-16,-0.996545758245,
    -8.304547985373E-02));
#3503 = DIRECTION('',(1.017013810865E-17,8.304547985373E-02,
    -0.996545758245));
#3504 = ADVANCED_FACE('',(#3505),#3530,.T.);
#3505 = FACE_BOUND('',#3506,.T.);
#3506 = EDGE_LOOP('',(#3507,#3508,#3509,#3517,#3523,#3524));
#3507 = ORIENTED_EDGE('',*,*,#2674,.T.);
#3508 = ORIENTED_EDGE('',*,*,#3484,.T.);
#3509 = ORIENTED_EDGE('',*,*,#3510,.T.);
#3510 = EDGE_CURVE('',#3485,#3511,#3513,.T.);
#3511 = VERTEX_POINT('',#3512);
#3512 = CARTESIAN_POINT('',(1.25,-0.35,2.6));
#3513 = LINE('',#3514,#3515);
#3514 = CARTESIAN_POINT('',(1.25,-0.35,3.6));
#3515 = VECTOR('',#3516,1.);
#3516 = DIRECTION('',(-1.359631073447E-32,-1.110223024625E-16,-1.));
#3517 = ORIENTED_EDGE('',*,*,#3518,.T.);
#3518 = EDGE_CURVE('',#3511,#2796,#3519,.T.);
#3519 = LINE('',#3520,#3521);
#3520 = CARTESIAN_POINT('',(1.25,-0.35,2.6));
#3521 = VECTOR('',#3522,1.);
#3522 = DIRECTION('',(-5.319525767383E-18,-4.343722427631E-02,
    -0.999056158355));
#3523 = ORIENTED_EDGE('',*,*,#2803,.T.);
#3524 = ORIENTED_EDGE('',*,*,#3525,.T.);
#3525 = EDGE_CURVE('',#2804,#2667,#3526,.T.);
#3526 = LINE('',#3527,#3528);
#3527 = CARTESIAN_POINT('',(1.25,-0.25,0.3));
#3528 = VECTOR('',#3529,1.);
#3529 = DIRECTION('',(1.359631073447E-32,1.110223024625E-16,1.));
#3530 = PLANE('',#3531);
#3531 = AXIS2_PLACEMENT_3D('',#3532,#3533,#3534);
#3532 = CARTESIAN_POINT('',(1.25,-0.320798035545,2.550475523299));
#3533 = DIRECTION('',(1.,-1.224646799147E-16,0.));
#3534 = DIRECTION('',(1.224646799147E-16,1.,-1.110223024625E-16));
#3535 = ADVANCED_FACE('',(#3536),#3547,.F.);
#3536 = FACE_BOUND('',#3537,.F.);
#3537 = EDGE_LOOP('',(#3538,#3539,#3540,#3541));
#3538 = ORIENTED_EDGE('',*,*,#2811,.T.);
#3539 = ORIENTED_EDGE('',*,*,#3525,.T.);
#3540 = ORIENTED_EDGE('',*,*,#2666,.T.);
#3541 = ORIENTED_EDGE('',*,*,#3542,.F.);
#3542 = EDGE_CURVE('',#2812,#2659,#3543,.T.);
#3543 = LINE('',#3544,#3545);
#3544 = CARTESIAN_POINT('',(0.75,-0.25,0.3));
#3545 = VECTOR('',#3546,1.);
#3546 = DIRECTION('',(1.359631073447E-32,1.110223024625E-16,1.));
#3547 = PLANE('',#3548);
#3548 = AXIS2_PLACEMENT_3D('',#3549,#3550,#3551);
#3549 = CARTESIAN_POINT('',(1.,-0.25,2.55));
#3550 = DIRECTION('',(-1.224646799147E-16,-1.,1.110223024625E-16));
#3551 = DIRECTION('',(-1.,1.224646799147E-16,1.219283680787E-48));
#3552 = ADVANCED_FACE('',(#3553),#3580,.F.);
#3553 = FACE_BOUND('',#3554,.F.);
#3554 = EDGE_LOOP('',(#3555,#3556,#3564,#3572,#3578,#3579));
#3555 = ORIENTED_EDGE('',*,*,#2658,.T.);
#3556 = ORIENTED_EDGE('',*,*,#3557,.T.);
#3557 = EDGE_CURVE('',#2651,#3558,#3560,.T.);
#3558 = VERTEX_POINT('',#3559);
#3559 = CARTESIAN_POINT('',(0.75,-0.35,3.6));
#3560 = LINE('',#3561,#3562);
#3561 = CARTESIAN_POINT('',(0.75,-0.45,4.8));
#3562 = VECTOR('',#3563,1.);
#3563 = DIRECTION('',(1.017013810865E-17,8.304547985373E-02,
    -0.996545758245));
#3564 = ORIENTED_EDGE('',*,*,#3565,.T.);
#3565 = EDGE_CURVE('',#3558,#3566,#3568,.T.);
#3566 = VERTEX_POINT('',#3567);
#3567 = CARTESIAN_POINT('',(0.75,-0.35,2.6));
#3568 = LINE('',#3569,#3570);
#3569 = CARTESIAN_POINT('',(0.75,-0.35,3.6));
#3570 = VECTOR('',#3571,1.);
#3571 = DIRECTION('',(-1.359631073447E-32,-1.110223024625E-16,-1.));
#3572 = ORIENTED_EDGE('',*,*,#3573,.T.);
#3573 = EDGE_CURVE('',#3566,#2820,#3574,.T.);
#3574 = LINE('',#3575,#3576);
#3575 = CARTESIAN_POINT('',(0.75,-0.35,2.6));
#3576 = VECTOR('',#3577,1.);
#3577 = DIRECTION('',(-5.319525767383E-18,-4.343722427631E-02,
    -0.999056158355));
#3578 = ORIENTED_EDGE('',*,*,#2819,.T.);
#3579 = ORIENTED_EDGE('',*,*,#3542,.T.);
#3580 = PLANE('',#3581);
#3581 = AXIS2_PLACEMENT_3D('',#3582,#3583,#3584);
#3582 = CARTESIAN_POINT('',(0.75,-0.320798035545,2.550475523299));
#3583 = DIRECTION('',(1.,-1.224646799147E-16,0.));
#3584 = DIRECTION('',(1.224646799147E-16,1.,-1.110223024625E-16));
#3585 = ADVANCED_FACE('',(#3586),#3620,.F.);
#3586 = FACE_BOUND('',#3587,.F.);
#3587 = EDGE_LOOP('',(#3588,#3589,#3590,#3598,#3606,#3614));
#3588 = ORIENTED_EDGE('',*,*,#3557,.F.);
#3589 = ORIENTED_EDGE('',*,*,#2650,.T.);
#3590 = ORIENTED_EDGE('',*,*,#3591,.T.);
#3591 = EDGE_CURVE('',#2643,#3592,#3594,.T.);
#3592 = VERTEX_POINT('',#3593);
#3593 = CARTESIAN_POINT('',(-0.4,-0.4,4.2));
#3594 = LINE('',#3595,#3596);
#3595 = CARTESIAN_POINT('',(-0.4,-0.449310344828,4.791724137931));
#3596 = VECTOR('',#3597,1.);
#3597 = DIRECTION('',(1.017013810865E-17,8.304547985373E-02,
    -0.996545758245));
#3598 = ORIENTED_EDGE('',*,*,#3599,.F.);
#3599 = EDGE_CURVE('',#3600,#3592,#3602,.T.);
#3600 = VERTEX_POINT('',#3601);
#3601 = CARTESIAN_POINT('',(-0.75,-0.4,4.2));
#3602 = LINE('',#3603,#3604);
#3603 = CARTESIAN_POINT('',(-7.5E-02,-0.4,4.2));
#3604 = VECTOR('',#3605,1.);
#3605 = DIRECTION('',(1.,-1.224646799147E-16,-0.));
#3606 = ORIENTED_EDGE('',*,*,#3607,.T.);
#3607 = EDGE_CURVE('',#3600,#3608,#3610,.T.);
#3608 = VERTEX_POINT('',#3609);
#3609 = CARTESIAN_POINT('',(-0.75,-0.35,3.6));
#3610 = LINE('',#3611,#3612);
#3611 = CARTESIAN_POINT('',(-0.75,-0.45,4.8));
#3612 = VECTOR('',#3613,1.);
#3613 = DIRECTION('',(1.017013810865E-17,8.304547985373E-02,
    -0.996545758245));
#3614 = ORIENTED_EDGE('',*,*,#3615,.F.);
#3615 = EDGE_CURVE('',#3558,#3608,#3616,.T.);
#3616 = LINE('',#3617,#3618);
#3617 = CARTESIAN_POINT('',(0.75,-0.35,3.6));
#3618 = VECTOR('',#3619,1.);
#3619 = DIRECTION('',(-1.,1.224646799147E-16,0.));
#3620 = PLANE('',#3621);
#3621 = AXIS2_PLACEMENT_3D('',#3622,#3623,#3624);
#3622 = CARTESIAN_POINT('',(0.75,-0.45,4.8));
#3623 = DIRECTION('',(-1.220416573038E-16,-0.996545758245,
    -8.304547985373E-02));
#3624 = DIRECTION('',(1.017013810865E-17,8.304547985373E-02,
    -0.996545758245));
#3625 = ADVANCED_FACE('',(#3626),#3643,.T.);
#3626 = FACE_BOUND('',#3627,.T.);
#3627 = EDGE_LOOP('',(#3628,#3629,#3630,#3636,#3637));
#3628 = ORIENTED_EDGE('',*,*,#2642,.F.);
#3629 = ORIENTED_EDGE('',*,*,#3591,.T.);
#3630 = ORIENTED_EDGE('',*,*,#3631,.T.);
#3631 = EDGE_CURVE('',#3592,#3165,#3632,.T.);
#3632 = LINE('',#3633,#3634);
#3633 = CARTESIAN_POINT('',(-0.4,-0.25,4.2));
#3634 = VECTOR('',#3635,1.);
#3635 = DIRECTION('',(-1.224646799147E-16,-1.,1.110223024625E-16));
#3636 = ORIENTED_EDGE('',*,*,#3172,.T.);
#3637 = ORIENTED_EDGE('',*,*,#3638,.F.);
#3638 = EDGE_CURVE('',#2635,#3173,#3639,.T.);
#3639 = LINE('',#3640,#3641);
#3640 = CARTESIAN_POINT('',(-0.4,-4.45,4.8));
#3641 = VECTOR('',#3642,1.);
#3642 = DIRECTION('',(-1.359631073447E-32,-1.110223024625E-16,-1.));
#3643 = PLANE('',#3644);
#3644 = AXIS2_PLACEMENT_3D('',#3645,#3646,#3647);
#3645 = CARTESIAN_POINT('',(-0.4,-0.25,4.8));
#3646 = DIRECTION('',(-1.,1.224646799147E-16,0.));
#3647 = DIRECTION('',(-1.224646799147E-16,-1.,1.110223024625E-16));
#3648 = ADVANCED_FACE('',(#3649),#3692,.T.);
#3649 = FACE_BOUND('',#3650,.T.);
#3650 = EDGE_LOOP('',(#3651,#3652,#3653,#3654,#3662,#3670,#3678,#3686));
#3651 = ORIENTED_EDGE('',*,*,#2634,.F.);
#3652 = ORIENTED_EDGE('',*,*,#3638,.T.);
#3653 = ORIENTED_EDGE('',*,*,#3180,.T.);
#3654 = ORIENTED_EDGE('',*,*,#3655,.F.);
#3655 = EDGE_CURVE('',#3656,#3181,#3658,.T.);
#3656 = VERTEX_POINT('',#3657);
#3657 = CARTESIAN_POINT('',(-1.4,-4.45,4.8));
#3658 = LINE('',#3659,#3660);
#3659 = CARTESIAN_POINT('',(-1.4,-4.45,4.8));
#3660 = VECTOR('',#3661,1.);
#3661 = DIRECTION('',(-1.359631073447E-32,-1.110223024625E-16,-1.));
#3662 = ORIENTED_EDGE('',*,*,#3663,.F.);
#3663 = EDGE_CURVE('',#3664,#3656,#3666,.T.);
#3664 = VERTEX_POINT('',#3665);
#3665 = CARTESIAN_POINT('',(-0.95,-4.45,4.8));
#3666 = LINE('',#3667,#3668);
#3667 = CARTESIAN_POINT('',(-0.4,-4.45,4.8));
#3668 = VECTOR('',#3669,1.);
#3669 = DIRECTION('',(-1.,1.224646799147E-16,0.));
#3670 = ORIENTED_EDGE('',*,*,#3671,.F.);
#3671 = EDGE_CURVE('',#3672,#3664,#3674,.T.);
#3672 = VERTEX_POINT('',#3673);
#3673 = CARTESIAN_POINT('',(-0.95,-4.45,4.85));
#3674 = LINE('',#3675,#3676);
#3675 = CARTESIAN_POINT('',(-0.95,-4.45,4.85));
#3676 = VECTOR('',#3677,1.);
#3677 = DIRECTION('',(-1.359631073447E-32,-1.110223024625E-16,-1.));
#3678 = ORIENTED_EDGE('',*,*,#3679,.F.);
#3679 = EDGE_CURVE('',#3680,#3672,#3682,.T.);
#3680 = VERTEX_POINT('',#3681);
#3681 = CARTESIAN_POINT('',(-0.45,-4.45,4.85));
#3682 = LINE('',#3683,#3684);
#3683 = CARTESIAN_POINT('',(-0.45,-4.45,4.85));
#3684 = VECTOR('',#3685,1.);
#3685 = DIRECTION('',(-1.,1.224646799147E-16,0.));
#3686 = ORIENTED_EDGE('',*,*,#3687,.F.);
#3687 = EDGE_CURVE('',#2627,#3680,#3688,.T.);
#3688 = LINE('',#3689,#3690);
#3689 = CARTESIAN_POINT('',(-0.45,-4.45,4.8));
#3690 = VECTOR('',#3691,1.);
#3691 = DIRECTION('',(1.359631073447E-32,1.110223024625E-16,1.));
#3692 = PLANE('',#3693);
#3693 = AXIS2_PLACEMENT_3D('',#3694,#3695,#3696);
#3694 = CARTESIAN_POINT('',(-0.893939393939,-4.45,4.517424242424));
#3695 = DIRECTION('',(1.224646799147E-16,1.,-1.110223024625E-16));
#3696 = DIRECTION('',(1.,-1.224646799147E-16,-2.885949453099E-46));
#3697 = ADVANCED_FACE('',(#3698),#3716,.F.);
#3698 = FACE_BOUND('',#3699,.F.);
#3699 = EDGE_LOOP('',(#3700,#3701,#3709,#3715));
#3700 = ORIENTED_EDGE('',*,*,#2626,.T.);
#3701 = ORIENTED_EDGE('',*,*,#3702,.T.);
#3702 = EDGE_CURVE('',#2619,#3703,#3705,.T.);
#3703 = VERTEX_POINT('',#3704);
#3704 = CARTESIAN_POINT('',(-0.45,-6.25,4.85));
#3705 = LINE('',#3706,#3707);
#3706 = CARTESIAN_POINT('',(-0.45,-6.25,4.8));
#3707 = VECTOR('',#3708,1.);
#3708 = DIRECTION('',(1.359631073447E-32,1.110223024625E-16,1.));
#3709 = ORIENTED_EDGE('',*,*,#3710,.F.);
#3710 = EDGE_CURVE('',#3680,#3703,#3711,.T.);
#3711 = LINE('',#3712,#3713);
#3712 = CARTESIAN_POINT('',(-0.45,-4.45,4.85));
#3713 = VECTOR('',#3714,1.);
#3714 = DIRECTION('',(-1.224646799147E-16,-1.,1.110223024625E-16));
#3715 = ORIENTED_EDGE('',*,*,#3687,.F.);
#3716 = PLANE('',#3717);
#3717 = AXIS2_PLACEMENT_3D('',#3718,#3719,#3720);
#3718 = CARTESIAN_POINT('',(-0.45,-4.45,4.8));
#3719 = DIRECTION('',(-1.,1.224646799147E-16,0.));
#3720 = DIRECTION('',(1.359631073446E-32,1.110223024625E-16,1.));
#3721 = ADVANCED_FACE('',(#3722),#3763,.T.);
#3722 = FACE_BOUND('',#3723,.T.);
#3723 = EDGE_LOOP('',(#3724,#3730,#3731,#3732,#3740,#3748,#3754,#3755,
    #3761,#3762));
#3724 = ORIENTED_EDGE('',*,*,#3725,.F.);
#3725 = EDGE_CURVE('',#2611,#3204,#3726,.T.);
#3726 = LINE('',#3727,#3728);
#3727 = CARTESIAN_POINT('',(0.55,-6.25,4.8));
#3728 = VECTOR('',#3729,1.);
#3729 = DIRECTION('',(-1.359631073447E-32,-1.110223024625E-16,-1.));
#3730 = ORIENTED_EDGE('',*,*,#2618,.T.);
#3731 = ORIENTED_EDGE('',*,*,#3702,.T.);
#3732 = ORIENTED_EDGE('',*,*,#3733,.T.);
#3733 = EDGE_CURVE('',#3703,#3734,#3736,.T.);
#3734 = VERTEX_POINT('',#3735);
#3735 = CARTESIAN_POINT('',(-0.95,-6.25,4.85));
#3736 = LINE('',#3737,#3738);
#3737 = CARTESIAN_POINT('',(-0.45,-6.25,4.85));
#3738 = VECTOR('',#3739,1.);
#3739 = DIRECTION('',(-1.,1.224646799147E-16,0.));
#3740 = ORIENTED_EDGE('',*,*,#3741,.T.);
#3741 = EDGE_CURVE('',#3734,#3742,#3744,.T.);
#3742 = VERTEX_POINT('',#3743);
#3743 = CARTESIAN_POINT('',(-0.95,-6.25,4.8));
#3744 = LINE('',#3745,#3746);
#3745 = CARTESIAN_POINT('',(-0.95,-6.25,4.85));
#3746 = VECTOR('',#3747,1.);
#3747 = DIRECTION('',(-1.359631073447E-32,-1.110223024625E-16,-1.));
#3748 = ORIENTED_EDGE('',*,*,#3749,.T.);
#3749 = EDGE_CURVE('',#3742,#3052,#3750,.T.);
#3750 = LINE('',#3751,#3752);
#3751 = CARTESIAN_POINT('',(3.95,-6.25,4.8));
#3752 = VECTOR('',#3753,1.);
#3753 = DIRECTION('',(-1.,1.224646799147E-16,0.));
#3754 = ORIENTED_EDGE('',*,*,#3051,.T.);
#3755 = ORIENTED_EDGE('',*,*,#3756,.F.);
#3756 = EDGE_CURVE('',#2922,#3044,#3757,.T.);
#3757 = LINE('',#3758,#3759);
#3758 = CARTESIAN_POINT('',(3.95,-6.25,3.3));
#3759 = VECTOR('',#3760,1.);
#3760 = DIRECTION('',(-1.,1.224646799147E-16,0.));
#3761 = ORIENTED_EDGE('',*,*,#2919,.F.);
#3762 = ORIENTED_EDGE('',*,*,#3203,.F.);
#3763 = PLANE('',#3764);
#3764 = AXIS2_PLACEMENT_3D('',#3765,#3766,#3767);
#3765 = CARTESIAN_POINT('',(-0.922222222222,-6.25,4.28487654321));
#3766 = DIRECTION('',(-1.224646799147E-16,-1.,1.110223024625E-16));
#3767 = DIRECTION('',(-1.,1.224646799147E-16,1.219283680787E-48));
#3768 = ADVANCED_FACE('',(#3769),#3780,.F.);
#3769 = FACE_BOUND('',#3770,.F.);
#3770 = EDGE_LOOP('',(#3771,#3772,#3778,#3779));
#3771 = ORIENTED_EDGE('',*,*,#2610,.F.);
#3772 = ORIENTED_EDGE('',*,*,#3773,.T.);
#3773 = EDGE_CURVE('',#2603,#3212,#3774,.T.);
#3774 = LINE('',#3775,#3776);
#3775 = CARTESIAN_POINT('',(0.55,-2.35,4.8));
#3776 = VECTOR('',#3777,1.);
#3777 = DIRECTION('',(-1.359631073447E-32,-1.110223024625E-16,-1.));
#3778 = ORIENTED_EDGE('',*,*,#3211,.T.);
#3779 = ORIENTED_EDGE('',*,*,#3725,.F.);
#3780 = PLANE('',#3781);
#3781 = AXIS2_PLACEMENT_3D('',#3782,#3783,#3784);
#3782 = CARTESIAN_POINT('',(0.55,-2.35,4.8));
#3783 = DIRECTION('',(-1.,1.224646799147E-16,0.));
#3784 = DIRECTION('',(-1.224646799147E-16,-1.,1.110223024625E-16));
#3785 = ADVANCED_FACE('',(#3786),#3797,.F.);
#3786 = FACE_BOUND('',#3787,.F.);
#3787 = EDGE_LOOP('',(#3788,#3789,#3795,#3796));
#3788 = ORIENTED_EDGE('',*,*,#2602,.F.);
#3789 = ORIENTED_EDGE('',*,*,#3790,.T.);
#3790 = EDGE_CURVE('',#2595,#3220,#3791,.T.);
#3791 = LINE('',#3792,#3793);
#3792 = CARTESIAN_POINT('',(1.45,-2.35,4.8));
#3793 = VECTOR('',#3794,1.);
#3794 = DIRECTION('',(-1.359631073447E-32,-1.110223024625E-16,-1.));
#3795 = ORIENTED_EDGE('',*,*,#3219,.T.);
#3796 = ORIENTED_EDGE('',*,*,#3773,.F.);
#3797 = PLANE('',#3798);
#3798 = AXIS2_PLACEMENT_3D('',#3799,#3800,#3801);
#3799 = CARTESIAN_POINT('',(1.45,-2.35,4.8));
#3800 = DIRECTION('',(1.224646799147E-16,1.,-1.110223024625E-16));
#3801 = DIRECTION('',(-1.,1.224646799147E-16,1.219283680787E-48));
#3802 = ADVANCED_FACE('',(#3803),#3809,.F.);
#3803 = FACE_BOUND('',#3804,.F.);
#3804 = EDGE_LOOP('',(#3805,#3806,#3807,#3808));
#3805 = ORIENTED_EDGE('',*,*,#2594,.F.);
#3806 = ORIENTED_EDGE('',*,*,#2728,.T.);
#3807 = ORIENTED_EDGE('',*,*,#3227,.T.);
#3808 = ORIENTED_EDGE('',*,*,#3790,.F.);
#3809 = PLANE('',#3810);
#3810 = AXIS2_PLACEMENT_3D('',#3811,#3812,#3813);
#3811 = CARTESIAN_POINT('',(1.45,-6.25,4.8));
#3812 = DIRECTION('',(1.,-1.224646799147E-16,-0.));
#3813 = DIRECTION('',(1.224646799147E-16,1.,-1.110223024625E-16));
#3814 = ADVANCED_FACE('',(#3815),#3856,.F.);
#3815 = FACE_BOUND('',#3816,.F.);
#3816 = EDGE_LOOP('',(#3817,#3825,#3826,#3832,#3833,#3834,#3842,#3850));
#3817 = ORIENTED_EDGE('',*,*,#3818,.T.);
#3818 = EDGE_CURVE('',#3819,#3001,#3821,.T.);
#3819 = VERTEX_POINT('',#3820);
#3820 = CARTESIAN_POINT('',(-1.4,-0.25,4.8));
#3821 = LINE('',#3822,#3823);
#3822 = CARTESIAN_POINT('',(3.95,-0.25,4.8));
#3823 = VECTOR('',#3824,1.);
#3824 = DIRECTION('',(-1.,1.224646799147E-16,0.));
#3825 = ORIENTED_EDGE('',*,*,#3000,.T.);
#3826 = ORIENTED_EDGE('',*,*,#3827,.F.);
#3827 = EDGE_CURVE('',#3098,#3003,#3828,.T.);
#3828 = LINE('',#3829,#3830);
#3829 = CARTESIAN_POINT('',(-0.95,-0.25,4.1));
#3830 = VECTOR('',#3831,1.);
#3831 = DIRECTION('',(-1.,1.224646799147E-16,0.));
#3832 = ORIENTED_EDGE('',*,*,#3097,.F.);
#3833 = ORIENTED_EDGE('',*,*,#2763,.T.);
#3834 = ORIENTED_EDGE('',*,*,#3835,.T.);
#3835 = EDGE_CURVE('',#2766,#3836,#3838,.T.);
#3836 = VERTEX_POINT('',#3837);
#3837 = CARTESIAN_POINT('',(-0.75,-0.25,4.2));
#3838 = LINE('',#3839,#3840);
#3839 = CARTESIAN_POINT('',(-0.75,-0.25,0.3));
#3840 = VECTOR('',#3841,1.);
#3841 = DIRECTION('',(1.359631073447E-32,1.110223024625E-16,1.));
#3842 = ORIENTED_EDGE('',*,*,#3843,.F.);
#3843 = EDGE_CURVE('',#3844,#3836,#3846,.T.);
#3844 = VERTEX_POINT('',#3845);
#3845 = CARTESIAN_POINT('',(-1.4,-0.25,4.2));
#3846 = LINE('',#3847,#3848);
#3847 = CARTESIAN_POINT('',(-1.4,-0.25,4.2));
#3848 = VECTOR('',#3849,1.);
#3849 = DIRECTION('',(1.,-1.224646799147E-16,0.));
#3850 = ORIENTED_EDGE('',*,*,#3851,.F.);
#3851 = EDGE_CURVE('',#3819,#3844,#3852,.T.);
#3852 = LINE('',#3853,#3854);
#3853 = CARTESIAN_POINT('',(-1.4,-0.25,4.8));
#3854 = VECTOR('',#3855,1.);
#3855 = DIRECTION('',(-1.359631073447E-32,-1.110223024625E-16,-1.));
#3856 = PLANE('',#3857);
#3857 = AXIS2_PLACEMENT_3D('',#3858,#3859,#3860);
#3858 = CARTESIAN_POINT('',(1.,-0.25,2.55));
#3859 = DIRECTION('',(-1.224646799147E-16,-1.,1.110223024625E-16));
#3860 = DIRECTION('',(-1.,1.224646799147E-16,1.219283680787E-48));
#3861 = ADVANCED_FACE('',(#3862),#3887,.T.);
#3862 = FACE_BOUND('',#3863,.T.);
#3863 = EDGE_LOOP('',(#3864,#3865,#3871,#3872,#3880,#3886));
#3864 = ORIENTED_EDGE('',*,*,#3835,.T.);
#3865 = ORIENTED_EDGE('',*,*,#3866,.F.);
#3866 = EDGE_CURVE('',#3600,#3836,#3867,.T.);
#3867 = LINE('',#3868,#3869);
#3868 = CARTESIAN_POINT('',(-0.75,-1.335399017773,4.2));
#3869 = VECTOR('',#3870,1.);
#3870 = DIRECTION('',(1.224646799147E-16,1.,-1.110223024625E-16));
#3871 = ORIENTED_EDGE('',*,*,#3607,.T.);
#3872 = ORIENTED_EDGE('',*,*,#3873,.T.);
#3873 = EDGE_CURVE('',#3608,#3874,#3876,.T.);
#3874 = VERTEX_POINT('',#3875);
#3875 = CARTESIAN_POINT('',(-0.75,-0.35,2.6));
#3876 = LINE('',#3877,#3878);
#3877 = CARTESIAN_POINT('',(-0.75,-0.35,3.6));
#3878 = VECTOR('',#3879,1.);
#3879 = DIRECTION('',(-1.359631073447E-32,-1.110223024625E-16,-1.));
#3880 = ORIENTED_EDGE('',*,*,#3881,.T.);
#3881 = EDGE_CURVE('',#3874,#2828,#3882,.T.);
#3882 = LINE('',#3883,#3884);
#3883 = CARTESIAN_POINT('',(-0.75,-0.35,2.6));
#3884 = VECTOR('',#3885,1.);
#3885 = DIRECTION('',(-5.319525767383E-18,-4.343722427631E-02,
    -0.999056158355));
#3886 = ORIENTED_EDGE('',*,*,#2835,.T.);
#3887 = PLANE('',#3888);
#3888 = AXIS2_PLACEMENT_3D('',#3889,#3890,#3891);
#3889 = CARTESIAN_POINT('',(-0.75,-0.320798035545,2.550475523299));
#3890 = DIRECTION('',(1.,-1.224646799147E-16,0.));
#3891 = DIRECTION('',(1.224646799147E-16,1.,-1.110223024625E-16));
#3892 = ADVANCED_FACE('',(#3893),#3904,.F.);
#3893 = FACE_BOUND('',#3894,.F.);
#3894 = EDGE_LOOP('',(#3895,#3901,#3902,#3903));
#3895 = ORIENTED_EDGE('',*,*,#3896,.T.);
#3896 = EDGE_CURVE('',#3566,#3874,#3897,.T.);
#3897 = LINE('',#3898,#3899);
#3898 = CARTESIAN_POINT('',(0.75,-0.35,2.6));
#3899 = VECTOR('',#3900,1.);
#3900 = DIRECTION('',(-1.,1.224646799147E-16,0.));
#3901 = ORIENTED_EDGE('',*,*,#3881,.T.);
#3902 = ORIENTED_EDGE('',*,*,#2827,.F.);
#3903 = ORIENTED_EDGE('',*,*,#3573,.F.);
#3904 = PLANE('',#3905);
#3905 = AXIS2_PLACEMENT_3D('',#3906,#3907,#3908);
#3906 = CARTESIAN_POINT('',(0.75,-0.35,2.6));
#3907 = DIRECTION('',(-1.223490926498E-16,-0.999056158355,
    4.343722427631E-02));
#3908 = DIRECTION('',(-5.319525767383E-18,-4.343722427631E-02,
    -0.999056158355));
#3909 = ADVANCED_FACE('',(#3910),#3921,.F.);
#3910 = FACE_BOUND('',#3911,.F.);
#3911 = EDGE_LOOP('',(#3912,#3918,#3919,#3920));
#3912 = ORIENTED_EDGE('',*,*,#3913,.T.);
#3913 = EDGE_CURVE('',#3376,#3511,#3914,.T.);
#3914 = LINE('',#3915,#3916);
#3915 = CARTESIAN_POINT('',(2.75,-0.35,2.6));
#3916 = VECTOR('',#3917,1.);
#3917 = DIRECTION('',(-1.,1.224646799147E-16,0.));
#3918 = ORIENTED_EDGE('',*,*,#3518,.T.);
#3919 = ORIENTED_EDGE('',*,*,#2795,.F.);
#3920 = ORIENTED_EDGE('',*,*,#3383,.F.);
#3921 = PLANE('',#3922);
#3922 = AXIS2_PLACEMENT_3D('',#3923,#3924,#3925);
#3923 = CARTESIAN_POINT('',(2.75,-0.35,2.6));
#3924 = DIRECTION('',(-1.223490926498E-16,-0.999056158355,
    4.343722427631E-02));
#3925 = DIRECTION('',(-5.319525767383E-18,-4.343722427631E-02,
    -0.999056158355));
#3926 = ADVANCED_FACE('',(#3927),#3945,.F.);
#3927 = FACE_BOUND('',#3928,.F.);
#3928 = EDGE_LOOP('',(#3929,#3930,#3938,#3944));
#3929 = ORIENTED_EDGE('',*,*,#2896,.T.);
#3930 = ORIENTED_EDGE('',*,*,#3931,.T.);
#3931 = EDGE_CURVE('',#2889,#3932,#3934,.T.);
#3932 = VERTEX_POINT('',#3933);
#3933 = CARTESIAN_POINT('',(1.2,-3.95,1.1));
#3934 = LINE('',#3935,#3936);
#3935 = CARTESIAN_POINT('',(1.2,-3.95,0.8));
#3936 = VECTOR('',#3937,1.);
#3937 = DIRECTION('',(1.359631073447E-32,1.110223024625E-16,1.));
#3938 = ORIENTED_EDGE('',*,*,#3939,.F.);
#3939 = EDGE_CURVE('',#3268,#3932,#3940,.T.);
#3940 = LINE('',#3941,#3942);
#3941 = CARTESIAN_POINT('',(1.2,-2.05,1.1));
#3942 = VECTOR('',#3943,1.);
#3943 = DIRECTION('',(-1.224646799147E-16,-1.,1.110223024625E-16));
#3944 = ORIENTED_EDGE('',*,*,#3275,.F.);
#3945 = PLANE('',#3946);
#3946 = AXIS2_PLACEMENT_3D('',#3947,#3948,#3949);
#3947 = CARTESIAN_POINT('',(1.2,-2.05,0.8));
#3948 = DIRECTION('',(-1.,1.224646799147E-16,0.));
#3949 = DIRECTION('',(1.359631073446E-32,1.110223024625E-16,1.));
#3950 = ADVANCED_FACE('',(#3951),#3969,.T.);
#3951 = FACE_BOUND('',#3952,.T.);
#3952 = EDGE_LOOP('',(#3953,#3961,#3967,#3968));
#3953 = ORIENTED_EDGE('',*,*,#3954,.T.);
#3954 = EDGE_CURVE('',#3932,#3955,#3957,.T.);
#3955 = VERTEX_POINT('',#3956);
#3956 = CARTESIAN_POINT('',(0.8,-3.95,1.1));
#3957 = LINE('',#3958,#3959);
#3958 = CARTESIAN_POINT('',(1.2,-3.95,1.1));
#3959 = VECTOR('',#3960,1.);
#3960 = DIRECTION('',(-1.,1.224646799147E-16,0.));
#3961 = ORIENTED_EDGE('',*,*,#3962,.T.);
#3962 = EDGE_CURVE('',#3955,#2881,#3963,.T.);
#3963 = LINE('',#3964,#3965);
#3964 = CARTESIAN_POINT('',(0.8,-3.95,1.1));
#3965 = VECTOR('',#3966,1.);
#3966 = DIRECTION('',(-1.359631073447E-32,-1.110223024625E-16,-1.));
#3967 = ORIENTED_EDGE('',*,*,#2888,.T.);
#3968 = ORIENTED_EDGE('',*,*,#3931,.T.);
#3969 = PLANE('',#3970);
#3970 = AXIS2_PLACEMENT_3D('',#3971,#3972,#3973);
#3971 = CARTESIAN_POINT('',(1.,-3.95,0.95));
#3972 = DIRECTION('',(-1.224646799147E-16,-1.,1.110223024625E-16));
#3973 = DIRECTION('',(-1.,1.224646799147E-16,1.219283680787E-48));
#3974 = ADVANCED_FACE('',(#3975),#3986,.F.);
#3975 = FACE_BOUND('',#3976,.F.);
#3976 = EDGE_LOOP('',(#3977,#3983,#3984,#3985));
#3977 = ORIENTED_EDGE('',*,*,#3978,.T.);
#3978 = EDGE_CURVE('',#3260,#3955,#3979,.T.);
#3979 = LINE('',#3980,#3981);
#3980 = CARTESIAN_POINT('',(0.8,-2.05,1.1));
#3981 = VECTOR('',#3982,1.);
#3982 = DIRECTION('',(-1.224646799147E-16,-1.,1.110223024625E-16));
#3983 = ORIENTED_EDGE('',*,*,#3962,.T.);
#3984 = ORIENTED_EDGE('',*,*,#2880,.F.);
#3985 = ORIENTED_EDGE('',*,*,#3259,.F.);
#3986 = PLANE('',#3987);
#3987 = AXIS2_PLACEMENT_3D('',#3988,#3989,#3990);
#3988 = CARTESIAN_POINT('',(0.8,-2.05,1.1));
#3989 = DIRECTION('',(1.,-1.224646799147E-16,0.));
#3990 = DIRECTION('',(-1.359631073446E-32,-1.110223024625E-16,-1.));
#3991 = ADVANCED_FACE('',(#3992),#4003,.T.);
#3992 = FACE_BOUND('',#3993,.T.);
#3993 = EDGE_LOOP('',(#3994,#3995,#3996,#3997));
#3994 = ORIENTED_EDGE('',*,*,#2962,.T.);
#3995 = ORIENTED_EDGE('',*,*,#3756,.T.);
#3996 = ORIENTED_EDGE('',*,*,#3043,.T.);
#3997 = ORIENTED_EDGE('',*,*,#3998,.F.);
#3998 = EDGE_CURVE('',#2954,#3035,#3999,.T.);
#3999 = LINE('',#4000,#4001);
#4000 = CARTESIAN_POINT('',(3.95,-4.65,3.3));
#4001 = VECTOR('',#4002,1.);
#4002 = DIRECTION('',(-1.,1.224646799147E-16,0.));
#4003 = PLANE('',#4004);
#4004 = AXIS2_PLACEMENT_3D('',#4005,#4006,#4007);
#4005 = CARTESIAN_POINT('',(3.95,-6.25,3.3));
#4006 = DIRECTION('',(-1.359631073447E-32,-1.110223024625E-16,-1.));
#4007 = DIRECTION('',(1.224646799147E-16,1.,-1.110223024625E-16));
#4008 = ADVANCED_FACE('',(#4009),#4015,.F.);
#4009 = FACE_BOUND('',#4010,.F.);
#4010 = EDGE_LOOP('',(#4011,#4012,#4013,#4014));
#4011 = ORIENTED_EDGE('',*,*,#2977,.T.);
#4012 = ORIENTED_EDGE('',*,*,#3034,.T.);
#4013 = ORIENTED_EDGE('',*,*,#3998,.F.);
#4014 = ORIENTED_EDGE('',*,*,#2953,.F.);
#4015 = CYLINDRICAL_SURFACE('',#4016,0.4);
#4016 = AXIS2_PLACEMENT_3D('',#4017,#4018,#4019);
#4017 = CARTESIAN_POINT('',(3.95,-4.65,2.9));
#4018 = DIRECTION('',(1.,-1.224646799147E-16,0.));
#4019 = DIRECTION('',(1.359631073446E-32,1.110223024625E-16,1.));
#4020 = ADVANCED_FACE('',(#4021),#4032,.F.);
#4021 = FACE_BOUND('',#4022,.F.);
#4022 = EDGE_LOOP('',(#4023,#4024,#4025,#4031));
#4023 = ORIENTED_EDGE('',*,*,#3827,.T.);
#4024 = ORIENTED_EDGE('',*,*,#3010,.T.);
#4025 = ORIENTED_EDGE('',*,*,#4026,.F.);
#4026 = EDGE_CURVE('',#3106,#3011,#4027,.T.);
#4027 = LINE('',#4028,#4029);
#4028 = CARTESIAN_POINT('',(-0.95,1.35,3.2));
#4029 = VECTOR('',#4030,1.);
#4030 = DIRECTION('',(-1.,1.224646799147E-16,0.));
#4031 = ORIENTED_EDGE('',*,*,#3105,.F.);
#4032 = PLANE('',#4033);
#4033 = AXIS2_PLACEMENT_3D('',#4034,#4035,#4036);
#4034 = CARTESIAN_POINT('',(-0.95,-0.25,4.1));
#4035 = DIRECTION('',(-6.003968578616E-17,-0.490261239633,
    -0.871575537124));
#4036 = DIRECTION('',(1.067372191754E-16,0.871575537124,-0.490261239633)
  );
#4037 = ADVANCED_FACE('',(#4038),#4044,.F.);
#4038 = FACE_BOUND('',#4039,.F.);
#4039 = EDGE_LOOP('',(#4040,#4041,#4042,#4043));
#4040 = ORIENTED_EDGE('',*,*,#4026,.T.);
#4041 = ORIENTED_EDGE('',*,*,#3018,.T.);
#4042 = ORIENTED_EDGE('',*,*,#3073,.F.);
#4043 = ORIENTED_EDGE('',*,*,#3113,.F.);
#4044 = PLANE('',#4045);
#4045 = AXIS2_PLACEMENT_3D('',#4046,#4047,#4048);
#4046 = CARTESIAN_POINT('',(-0.95,1.35,3.2));
#4047 = DIRECTION('',(-1.224646799147E-16,-1.,0.));
#4048 = DIRECTION('',(-0.,0.,-1.));
#4049 = ADVANCED_FACE('',(#4050),#4068,.F.);
#4050 = FACE_BOUND('',#4051,.F.);
#4051 = EDGE_LOOP('',(#4052,#4053,#4059,#4060,#4066,#4067));
#4052 = ORIENTED_EDGE('',*,*,#3818,.F.);
#4053 = ORIENTED_EDGE('',*,*,#4054,.F.);
#4054 = EDGE_CURVE('',#3656,#3819,#4055,.T.);
#4055 = LINE('',#4056,#4057);
#4056 = CARTESIAN_POINT('',(-1.4,-4.45,4.8));
#4057 = VECTOR('',#4058,1.);
#4058 = DIRECTION('',(1.224646799147E-16,1.,-1.110223024625E-16));
#4059 = ORIENTED_EDGE('',*,*,#3663,.F.);
#4060 = ORIENTED_EDGE('',*,*,#4061,.T.);
#4061 = EDGE_CURVE('',#3664,#3742,#4062,.T.);
#4062 = LINE('',#4063,#4064);
#4063 = CARTESIAN_POINT('',(-0.95,-4.45,4.8));
#4064 = VECTOR('',#4065,1.);
#4065 = DIRECTION('',(-1.224646799147E-16,-1.,1.110223024625E-16));
#4066 = ORIENTED_EDGE('',*,*,#3749,.T.);
#4067 = ORIENTED_EDGE('',*,*,#3059,.F.);
#4068 = PLANE('',#4069);
#4069 = AXIS2_PLACEMENT_3D('',#4070,#4071,#4072);
#4070 = CARTESIAN_POINT('',(3.95,-0.25,4.8));
#4071 = DIRECTION('',(-1.359631073447E-32,-1.110223024625E-16,-1.));
#4072 = DIRECTION('',(-1.,1.224646799147E-16,6.927121900793E-45));
#4073 = ADVANCED_FACE('',(#4074),#4086,.T.);
#4074 = FACE_BOUND('',#4075,.T.);
#4075 = EDGE_LOOP('',(#4076,#4077,#4078,#4079,#4085));
#4076 = ORIENTED_EDGE('',*,*,#4054,.F.);
#4077 = ORIENTED_EDGE('',*,*,#3655,.T.);
#4078 = ORIENTED_EDGE('',*,*,#3188,.T.);
#4079 = ORIENTED_EDGE('',*,*,#4080,.T.);
#4080 = EDGE_CURVE('',#3189,#3844,#4081,.T.);
#4081 = LINE('',#4082,#4083);
#4082 = CARTESIAN_POINT('',(-1.4,-4.45,4.2));
#4083 = VECTOR('',#4084,1.);
#4084 = DIRECTION('',(1.224646799147E-16,1.,-1.110223024625E-16));
#4085 = ORIENTED_EDGE('',*,*,#3851,.F.);
#4086 = PLANE('',#4087);
#4087 = AXIS2_PLACEMENT_3D('',#4088,#4089,#4090);
#4088 = CARTESIAN_POINT('',(-1.4,-4.45,4.8));
#4089 = DIRECTION('',(1.,-1.224646799147E-16,0.));
#4090 = DIRECTION('',(1.224646799147E-16,1.,-1.110223024625E-16));
#4091 = ADVANCED_FACE('',(#4092),#4098,.F.);
#4092 = FACE_BOUND('',#4093,.F.);
#4093 = EDGE_LOOP('',(#4094,#4095,#4096,#4097));
#4094 = ORIENTED_EDGE('',*,*,#3939,.T.);
#4095 = ORIENTED_EDGE('',*,*,#3954,.T.);
#4096 = ORIENTED_EDGE('',*,*,#3978,.F.);
#4097 = ORIENTED_EDGE('',*,*,#3267,.F.);
#4098 = PLANE('',#4099);
#4099 = AXIS2_PLACEMENT_3D('',#4100,#4101,#4102);
#4100 = CARTESIAN_POINT('',(1.2,-2.05,1.1));
#4101 = DIRECTION('',(-1.359631073447E-32,-1.110223024625E-16,-1.));
#4102 = DIRECTION('',(-1.,1.224646799147E-16,6.927121900793E-45));
#4103 = ADVANCED_FACE('',(#4104),#4112,.F.);
#4104 = FACE_BOUND('',#4105,.F.);
#4105 = EDGE_LOOP('',(#4106,#4107,#4108,#4109,#4110,#4111));
#4106 = ORIENTED_EDGE('',*,*,#3250,.T.);
#4107 = ORIENTED_EDGE('',*,*,#4080,.T.);
#4108 = ORIENTED_EDGE('',*,*,#3843,.T.);
#4109 = ORIENTED_EDGE('',*,*,#3866,.F.);
#4110 = ORIENTED_EDGE('',*,*,#3599,.T.);
#4111 = ORIENTED_EDGE('',*,*,#3631,.T.);
#4112 = PLANE('',#4113);
#4113 = AXIS2_PLACEMENT_3D('',#4114,#4115,#4116);
#4114 = CARTESIAN_POINT('',(-0.9,-2.35,4.2));
#4115 = DIRECTION('',(-1.359631073447E-32,-1.110223024625E-16,-1.));
#4116 = DIRECTION('',(-1.224646799147E-16,-1.,1.110223024625E-16));
#4117 = ADVANCED_FACE('',(#4118),#4143,.F.);
#4118 = FACE_BOUND('',#4119,.F.);
#4119 = EDGE_LOOP('',(#4120,#4130,#4136,#4137));
#4120 = ORIENTED_EDGE('',*,*,#4121,.T.);
#4121 = EDGE_CURVE('',#4122,#4124,#4126,.T.);
#4122 = VERTEX_POINT('',#4123);
#4123 = CARTESIAN_POINT('',(0.25,-5.55,2.85));
#4124 = VERTEX_POINT('',#4125);
#4125 = CARTESIAN_POINT('',(0.25,-5.55,3.35));
#4126 = LINE('',#4127,#4128);
#4127 = CARTESIAN_POINT('',(0.25,-5.55,2.85));
#4128 = VECTOR('',#4129,1.);
#4129 = DIRECTION('',(0.,0.,1.));
#4130 = ORIENTED_EDGE('',*,*,#4131,.T.);
#4131 = EDGE_CURVE('',#4124,#3285,#4132,.T.);
#4132 = LINE('',#4133,#4134);
#4133 = CARTESIAN_POINT('',(0.25,-5.75,3.35));
#4134 = VECTOR('',#4135,1.);
#4135 = DIRECTION('',(1.224646799147E-16,1.,0.));
#4136 = ORIENTED_EDGE('',*,*,#3284,.T.);
#4137 = ORIENTED_EDGE('',*,*,#4138,.T.);
#4138 = EDGE_CURVE('',#3287,#4122,#4139,.T.);
#4139 = LINE('',#4140,#4141);
#4140 = CARTESIAN_POINT('',(0.25,-0.25,2.85));
#4141 = VECTOR('',#4142,1.);
#4142 = DIRECTION('',(-1.224646799147E-16,-1.,0.));
#4143 = PLANE('',#4144);
#4144 = AXIS2_PLACEMENT_3D('',#4145,#4146,#4147);
#4145 = CARTESIAN_POINT('',(0.25,-1.421959173294,1.302213422577));
#4146 = DIRECTION('',(-1.,1.224646799147E-16,0.));
#4147 = DIRECTION('',(0.,0.,1.));
#4148 = ADVANCED_FACE('',(#4149),#4167,.F.);
#4149 = FACE_BOUND('',#4150,.F.);
#4150 = EDGE_LOOP('',(#4151,#4152,#4160,#4166));
#4151 = ORIENTED_EDGE('',*,*,#4131,.F.);
#4152 = ORIENTED_EDGE('',*,*,#4153,.T.);
#4153 = EDGE_CURVE('',#4124,#4154,#4156,.T.);
#4154 = VERTEX_POINT('',#4155);
#4155 = CARTESIAN_POINT('',(-0.25,-5.55,3.35));
#4156 = LINE('',#4157,#4158);
#4157 = CARTESIAN_POINT('',(0.25,-5.55,3.35));
#4158 = VECTOR('',#4159,1.);
#4159 = DIRECTION('',(-1.,1.224646799147E-16,0.));
#4160 = ORIENTED_EDGE('',*,*,#4161,.T.);
#4161 = EDGE_CURVE('',#4154,#3303,#4162,.T.);
#4162 = LINE('',#4163,#4164);
#4163 = CARTESIAN_POINT('',(-0.25,-5.75,3.35));
#4164 = VECTOR('',#4165,1.);
#4165 = DIRECTION('',(1.224646799147E-16,1.,0.));
#4166 = ORIENTED_EDGE('',*,*,#3310,.T.);
#4167 = PLANE('',#4168);
#4168 = AXIS2_PLACEMENT_3D('',#4169,#4170,#4171);
#4169 = CARTESIAN_POINT('',(0.25,-5.75,3.35));
#4170 = DIRECTION('',(-0.,0.,-1.));
#4171 = DIRECTION('',(1.224646799147E-16,1.,0.));
#4172 = ADVANCED_FACE('',(#4173),#4191,.T.);
#4173 = FACE_BOUND('',#4174,.T.);
#4174 = EDGE_LOOP('',(#4175,#4183,#4184,#4185));
#4175 = ORIENTED_EDGE('',*,*,#4176,.T.);
#4176 = EDGE_CURVE('',#4177,#4154,#4179,.T.);
#4177 = VERTEX_POINT('',#4178);
#4178 = CARTESIAN_POINT('',(-0.25,-5.55,2.85));
#4179 = LINE('',#4180,#4181);
#4180 = CARTESIAN_POINT('',(-0.25,-5.55,2.85));
#4181 = VECTOR('',#4182,1.);
#4182 = DIRECTION('',(0.,0.,1.));
#4183 = ORIENTED_EDGE('',*,*,#4161,.T.);
#4184 = ORIENTED_EDGE('',*,*,#3302,.T.);
#4185 = ORIENTED_EDGE('',*,*,#4186,.T.);
#4186 = EDGE_CURVE('',#3295,#4177,#4187,.T.);
#4187 = LINE('',#4188,#4189);
#4188 = CARTESIAN_POINT('',(-0.25,-0.25,2.85));
#4189 = VECTOR('',#4190,1.);
#4190 = DIRECTION('',(-1.224646799147E-16,-1.,0.));
#4191 = PLANE('',#4192);
#4192 = AXIS2_PLACEMENT_3D('',#4193,#4194,#4195);
#4193 = CARTESIAN_POINT('',(-0.25,-1.421959173294,1.302213422577));
#4194 = DIRECTION('',(-1.,1.224646799147E-16,0.));
#4195 = DIRECTION('',(0.,0.,1.));
#4196 = ADVANCED_FACE('',(#4197),#4208,.F.);
#4197 = FACE_BOUND('',#4198,.F.);
#4198 = EDGE_LOOP('',(#4199,#4200,#4201,#4202));
#4199 = ORIENTED_EDGE('',*,*,#4138,.F.);
#4200 = ORIENTED_EDGE('',*,*,#3294,.T.);
#4201 = ORIENTED_EDGE('',*,*,#4186,.T.);
#4202 = ORIENTED_EDGE('',*,*,#4203,.F.);
#4203 = EDGE_CURVE('',#4122,#4177,#4204,.T.);
#4204 = LINE('',#4205,#4206);
#4205 = CARTESIAN_POINT('',(0.25,-5.55,2.85));
#4206 = VECTOR('',#4207,1.);
#4207 = DIRECTION('',(-1.,1.224646799147E-16,0.));
#4208 = PLANE('',#4209);
#4209 = AXIS2_PLACEMENT_3D('',#4210,#4211,#4212);
#4210 = CARTESIAN_POINT('',(0.25,-0.25,2.85));
#4211 = DIRECTION('',(0.,0.,1.));
#4212 = DIRECTION('',(-1.224646799147E-16,-1.,0.));
#4213 = ADVANCED_FACE('',(#4214),#4239,.F.);
#4214 = FACE_BOUND('',#4215,.F.);
#4215 = EDGE_LOOP('',(#4216,#4226,#4232,#4233));
#4216 = ORIENTED_EDGE('',*,*,#4217,.T.);
#4217 = EDGE_CURVE('',#4218,#4220,#4222,.T.);
#4218 = VERTEX_POINT('',#4219);
#4219 = CARTESIAN_POINT('',(2.25,-5.55,2.85));
#4220 = VERTEX_POINT('',#4221);
#4221 = CARTESIAN_POINT('',(2.25,-5.55,3.35));
#4222 = LINE('',#4223,#4224);
#4223 = CARTESIAN_POINT('',(2.25,-5.55,2.85));
#4224 = VECTOR('',#4225,1.);
#4225 = DIRECTION('',(0.,0.,1.));
#4226 = ORIENTED_EDGE('',*,*,#4227,.T.);
#4227 = EDGE_CURVE('',#4220,#3319,#4228,.T.);
#4228 = LINE('',#4229,#4230);
#4229 = CARTESIAN_POINT('',(2.25,-5.75,3.35));
#4230 = VECTOR('',#4231,1.);
#4231 = DIRECTION('',(1.224646799147E-16,1.,0.));
#4232 = ORIENTED_EDGE('',*,*,#3318,.T.);
#4233 = ORIENTED_EDGE('',*,*,#4234,.T.);
#4234 = EDGE_CURVE('',#3321,#4218,#4235,.T.);
#4235 = LINE('',#4236,#4237);
#4236 = CARTESIAN_POINT('',(2.25,-0.25,2.85));
#4237 = VECTOR('',#4238,1.);
#4238 = DIRECTION('',(-1.224646799147E-16,-1.,0.));
#4239 = PLANE('',#4240);
#4240 = AXIS2_PLACEMENT_3D('',#4241,#4242,#4243);
#4241 = CARTESIAN_POINT('',(2.25,-1.421959173294,1.302213422577));
#4242 = DIRECTION('',(-1.,1.224646799147E-16,0.));
#4243 = DIRECTION('',(0.,0.,1.));
#4244 = ADVANCED_FACE('',(#4245),#4263,.F.);
#4245 = FACE_BOUND('',#4246,.F.);
#4246 = EDGE_LOOP('',(#4247,#4248,#4256,#4262));
#4247 = ORIENTED_EDGE('',*,*,#4227,.F.);
#4248 = ORIENTED_EDGE('',*,*,#4249,.T.);
#4249 = EDGE_CURVE('',#4220,#4250,#4252,.T.);
#4250 = VERTEX_POINT('',#4251);
#4251 = CARTESIAN_POINT('',(1.75,-5.55,3.35));
#4252 = LINE('',#4253,#4254);
#4253 = CARTESIAN_POINT('',(2.25,-5.55,3.35));
#4254 = VECTOR('',#4255,1.);
#4255 = DIRECTION('',(-1.,1.224646799147E-16,0.));
#4256 = ORIENTED_EDGE('',*,*,#4257,.T.);
#4257 = EDGE_CURVE('',#4250,#3337,#4258,.T.);
#4258 = LINE('',#4259,#4260);
#4259 = CARTESIAN_POINT('',(1.75,-5.75,3.35));
#4260 = VECTOR('',#4261,1.);
#4261 = DIRECTION('',(1.224646799147E-16,1.,0.));
#4262 = ORIENTED_EDGE('',*,*,#3344,.T.);
#4263 = PLANE('',#4264);
#4264 = AXIS2_PLACEMENT_3D('',#4265,#4266,#4267);
#4265 = CARTESIAN_POINT('',(2.25,-5.75,3.35));
#4266 = DIRECTION('',(-0.,0.,-1.));
#4267 = DIRECTION('',(1.224646799147E-16,1.,0.));
#4268 = ADVANCED_FACE('',(#4269),#4287,.T.);
#4269 = FACE_BOUND('',#4270,.T.);
#4270 = EDGE_LOOP('',(#4271,#4279,#4280,#4281));
#4271 = ORIENTED_EDGE('',*,*,#4272,.T.);
#4272 = EDGE_CURVE('',#4273,#4250,#4275,.T.);
#4273 = VERTEX_POINT('',#4274);
#4274 = CARTESIAN_POINT('',(1.75,-5.55,2.85));
#4275 = LINE('',#4276,#4277);
#4276 = CARTESIAN_POINT('',(1.75,-5.55,2.85));
#4277 = VECTOR('',#4278,1.);
#4278 = DIRECTION('',(0.,0.,1.));
#4279 = ORIENTED_EDGE('',*,*,#4257,.T.);
#4280 = ORIENTED_EDGE('',*,*,#3336,.T.);
#4281 = ORIENTED_EDGE('',*,*,#4282,.T.);
#4282 = EDGE_CURVE('',#3329,#4273,#4283,.T.);
#4283 = LINE('',#4284,#4285);
#4284 = CARTESIAN_POINT('',(1.75,-0.25,2.85));
#4285 = VECTOR('',#4286,1.);
#4286 = DIRECTION('',(-1.224646799147E-16,-1.,0.));
#4287 = PLANE('',#4288);
#4288 = AXIS2_PLACEMENT_3D('',#4289,#4290,#4291);
#4289 = CARTESIAN_POINT('',(1.75,-1.421959173294,1.302213422577));
#4290 = DIRECTION('',(-1.,1.224646799147E-16,0.));
#4291 = DIRECTION('',(0.,0.,1.));
#4292 = ADVANCED_FACE('',(#4293),#4304,.F.);
#4293 = FACE_BOUND('',#4294,.F.);
#4294 = EDGE_LOOP('',(#4295,#4296,#4297,#4298));
#4295 = ORIENTED_EDGE('',*,*,#4234,.F.);
#4296 = ORIENTED_EDGE('',*,*,#3328,.T.);
#4297 = ORIENTED_EDGE('',*,*,#4282,.T.);
#4298 = ORIENTED_EDGE('',*,*,#4299,.F.);
#4299 = EDGE_CURVE('',#4218,#4273,#4300,.T.);
#4300 = LINE('',#4301,#4302);
#4301 = CARTESIAN_POINT('',(2.25,-5.55,2.85));
#4302 = VECTOR('',#4303,1.);
#4303 = DIRECTION('',(-1.,1.224646799147E-16,0.));
#4304 = PLANE('',#4305);
#4305 = AXIS2_PLACEMENT_3D('',#4306,#4307,#4308);
#4306 = CARTESIAN_POINT('',(2.25,-0.25,2.85));
#4307 = DIRECTION('',(0.,0.,1.));
#4308 = DIRECTION('',(-1.224646799147E-16,-1.,0.));
#4309 = ADVANCED_FACE('',(#4310,#4316),#4350,.F.);
#4310 = FACE_BOUND('',#4311,.F.);
#4311 = EDGE_LOOP('',(#4312,#4313,#4314,#4315));
#4312 = ORIENTED_EDGE('',*,*,#3492,.T.);
#4313 = ORIENTED_EDGE('',*,*,#3510,.T.);
#4314 = ORIENTED_EDGE('',*,*,#3913,.F.);
#4315 = ORIENTED_EDGE('',*,*,#3375,.F.);
#4316 = FACE_BOUND('',#4317,.F.);
#4317 = EDGE_LOOP('',(#4318,#4328,#4336,#4344));
#4318 = ORIENTED_EDGE('',*,*,#4319,.T.);
#4319 = EDGE_CURVE('',#4320,#4322,#4324,.T.);
#4320 = VERTEX_POINT('',#4321);
#4321 = CARTESIAN_POINT('',(2.25,-0.35,3.35));
#4322 = VERTEX_POINT('',#4323);
#4323 = CARTESIAN_POINT('',(2.25,-0.35,2.85));
#4324 = LINE('',#4325,#4326);
#4325 = CARTESIAN_POINT('',(2.25,-0.35,2.451106711288));
#4326 = VECTOR('',#4327,1.);
#4327 = DIRECTION('',(-1.359631073447E-32,-1.110223024625E-16,-1.));
#4328 = ORIENTED_EDGE('',*,*,#4329,.T.);
#4329 = EDGE_CURVE('',#4322,#4330,#4332,.T.);
#4330 = VERTEX_POINT('',#4331);
#4331 = CARTESIAN_POINT('',(1.75,-0.35,2.85));
#4332 = LINE('',#4333,#4334);
#4333 = CARTESIAN_POINT('',(2.5,-0.35,2.85));
#4334 = VECTOR('',#4335,1.);
#4335 = DIRECTION('',(-1.,1.224646799147E-16,0.));
#4336 = ORIENTED_EDGE('',*,*,#4337,.F.);
#4337 = EDGE_CURVE('',#4338,#4330,#4340,.T.);
#4338 = VERTEX_POINT('',#4339);
#4339 = CARTESIAN_POINT('',(1.75,-0.35,3.35));
#4340 = LINE('',#4341,#4342);
#4341 = CARTESIAN_POINT('',(1.75,-0.35,2.451106711288));
#4342 = VECTOR('',#4343,1.);
#4343 = DIRECTION('',(-1.359631073447E-32,-1.110223024625E-16,-1.));
#4344 = ORIENTED_EDGE('',*,*,#4345,.T.);
#4345 = EDGE_CURVE('',#4338,#4320,#4346,.T.);
#4346 = LINE('',#4347,#4348);
#4347 = CARTESIAN_POINT('',(2.5,-0.35,3.35));
#4348 = VECTOR('',#4349,1.);
#4349 = DIRECTION('',(1.,-1.224646799147E-16,0.));
#4350 = PLANE('',#4351);
#4351 = AXIS2_PLACEMENT_3D('',#4352,#4353,#4354);
#4352 = CARTESIAN_POINT('',(2.75,-0.35,3.6));
#4353 = DIRECTION('',(-1.224646799147E-16,-1.,1.110223024625E-16));
#4354 = DIRECTION('',(-1.359631073447E-32,-1.110223024625E-16,-1.));
#4355 = ADVANCED_FACE('',(#4356,#4362),#4396,.F.);
#4356 = FACE_BOUND('',#4357,.F.);
#4357 = EDGE_LOOP('',(#4358,#4359,#4360,#4361));
#4358 = ORIENTED_EDGE('',*,*,#3615,.T.);
#4359 = ORIENTED_EDGE('',*,*,#3873,.T.);
#4360 = ORIENTED_EDGE('',*,*,#3896,.F.);
#4361 = ORIENTED_EDGE('',*,*,#3565,.F.);
#4362 = FACE_BOUND('',#4363,.F.);
#4363 = EDGE_LOOP('',(#4364,#4374,#4382,#4390));
#4364 = ORIENTED_EDGE('',*,*,#4365,.T.);
#4365 = EDGE_CURVE('',#4366,#4368,#4370,.T.);
#4366 = VERTEX_POINT('',#4367);
#4367 = CARTESIAN_POINT('',(0.25,-0.35,3.35));
#4368 = VERTEX_POINT('',#4369);
#4369 = CARTESIAN_POINT('',(0.25,-0.35,2.85));
#4370 = LINE('',#4371,#4372);
#4371 = CARTESIAN_POINT('',(0.25,-0.35,2.451106711288));
#4372 = VECTOR('',#4373,1.);
#4373 = DIRECTION('',(-1.359631073447E-32,-1.110223024625E-16,-1.));
#4374 = ORIENTED_EDGE('',*,*,#4375,.T.);
#4375 = EDGE_CURVE('',#4368,#4376,#4378,.T.);
#4376 = VERTEX_POINT('',#4377);
#4377 = CARTESIAN_POINT('',(-0.25,-0.35,2.85));
#4378 = LINE('',#4379,#4380);
#4379 = CARTESIAN_POINT('',(0.5,-0.35,2.85));
#4380 = VECTOR('',#4381,1.);
#4381 = DIRECTION('',(-1.,1.224646799147E-16,0.));
#4382 = ORIENTED_EDGE('',*,*,#4383,.F.);
#4383 = EDGE_CURVE('',#4384,#4376,#4386,.T.);
#4384 = VERTEX_POINT('',#4385);
#4385 = CARTESIAN_POINT('',(-0.25,-0.35,3.35));
#4386 = LINE('',#4387,#4388);
#4387 = CARTESIAN_POINT('',(-0.25,-0.35,2.451106711288));
#4388 = VECTOR('',#4389,1.);
#4389 = DIRECTION('',(-1.359631073447E-32,-1.110223024625E-16,-1.));
#4390 = ORIENTED_EDGE('',*,*,#4391,.T.);
#4391 = EDGE_CURVE('',#4384,#4366,#4392,.T.);
#4392 = LINE('',#4393,#4394);
#4393 = CARTESIAN_POINT('',(0.5,-0.35,3.35));
#4394 = VECTOR('',#4395,1.);
#4395 = DIRECTION('',(1.,-1.224646799147E-16,0.));
#4396 = PLANE('',#4397);
#4397 = AXIS2_PLACEMENT_3D('',#4398,#4399,#4400);
#4398 = CARTESIAN_POINT('',(0.75,-0.35,3.6));
#4399 = DIRECTION('',(-1.224646799147E-16,-1.,1.110223024625E-16));
#4400 = DIRECTION('',(-1.359631073447E-32,-1.110223024625E-16,-1.));
#4401 = ADVANCED_FACE('',(#4402),#4413,.F.);
#4402 = FACE_BOUND('',#4403,.F.);
#4403 = EDGE_LOOP('',(#4404,#4410,#4411,#4412));
#4404 = ORIENTED_EDGE('',*,*,#4405,.T.);
#4405 = EDGE_CURVE('',#3672,#3734,#4406,.T.);
#4406 = LINE('',#4407,#4408);
#4407 = CARTESIAN_POINT('',(-0.95,-4.45,4.85));
#4408 = VECTOR('',#4409,1.);
#4409 = DIRECTION('',(-1.224646799147E-16,-1.,1.110223024625E-16));
#4410 = ORIENTED_EDGE('',*,*,#3741,.T.);
#4411 = ORIENTED_EDGE('',*,*,#4061,.F.);
#4412 = ORIENTED_EDGE('',*,*,#3671,.F.);
#4413 = PLANE('',#4414);
#4414 = AXIS2_PLACEMENT_3D('',#4415,#4416,#4417);
#4415 = CARTESIAN_POINT('',(-0.95,-4.45,4.85));
#4416 = DIRECTION('',(1.,-1.224646799147E-16,0.));
#4417 = DIRECTION('',(-1.359631073446E-32,-1.110223024625E-16,-1.));
#4418 = ADVANCED_FACE('',(#4419),#4425,.F.);
#4419 = FACE_BOUND('',#4420,.F.);
#4420 = EDGE_LOOP('',(#4421,#4422,#4423,#4424));
#4421 = ORIENTED_EDGE('',*,*,#3710,.T.);
#4422 = ORIENTED_EDGE('',*,*,#3733,.T.);
#4423 = ORIENTED_EDGE('',*,*,#4405,.F.);
#4424 = ORIENTED_EDGE('',*,*,#3679,.F.);
#4425 = PLANE('',#4426);
#4426 = AXIS2_PLACEMENT_3D('',#4427,#4428,#4429);
#4427 = CARTESIAN_POINT('',(-0.45,-4.45,4.85));
#4428 = DIRECTION('',(-1.359631073447E-32,-1.110223024625E-16,-1.));
#4429 = DIRECTION('',(-1.,1.224646799147E-16,6.927121900793E-45));
#4430 = ADVANCED_FACE('',(#4431),#4456,.T.);
#4431 = FACE_BOUND('',#4432,.T.);
#4432 = EDGE_LOOP('',(#4433,#4441,#4442,#4450));
#4433 = ORIENTED_EDGE('',*,*,#4434,.F.);
#4434 = EDGE_CURVE('',#4122,#4435,#4437,.T.);
#4435 = VERTEX_POINT('',#4436);
#4436 = CARTESIAN_POINT('',(5.E-02,-5.75,3.05));
#4437 = LINE('',#4438,#4439);
#4438 = CARTESIAN_POINT('',(0.183333333333,-5.616666666667,
    2.916666666667));
#4439 = VECTOR('',#4440,1.);
#4440 = DIRECTION('',(-0.57735026919,-0.57735026919,0.57735026919));
#4441 = ORIENTED_EDGE('',*,*,#4121,.T.);
#4442 = ORIENTED_EDGE('',*,*,#4443,.F.);
#4443 = EDGE_CURVE('',#4444,#4124,#4446,.T.);
#4444 = VERTEX_POINT('',#4445);
#4445 = CARTESIAN_POINT('',(5.E-02,-5.75,3.15));
#4446 = LINE('',#4447,#4448);
#4447 = CARTESIAN_POINT('',(0.1,-5.7,3.2));
#4448 = VECTOR('',#4449,1.);
#4449 = DIRECTION('',(0.57735026919,0.57735026919,0.57735026919));
#4450 = ORIENTED_EDGE('',*,*,#4451,.F.);
#4451 = EDGE_CURVE('',#4435,#4444,#4452,.T.);
#4452 = LINE('',#4453,#4454);
#4453 = CARTESIAN_POINT('',(5.E-02,-5.75,2.85));
#4454 = VECTOR('',#4455,1.);
#4455 = DIRECTION('',(0.,0.,1.));
#4456 = PLANE('',#4457);
#4457 = AXIS2_PLACEMENT_3D('',#4458,#4459,#4460);
#4458 = CARTESIAN_POINT('',(0.15,-5.65,2.85));
#4459 = DIRECTION('',(0.707106781187,-0.707106781187,-1.735417226644E-18
    ));
#4460 = DIRECTION('',(1.227125289148E-18,-1.227125289148E-18,1.));
#4461 = ADVANCED_FACE('',(#4462),#4480,.T.);
#4462 = FACE_BOUND('',#4463,.F.);
#4463 = EDGE_LOOP('',(#4464,#4465,#4473,#4479));
#4464 = ORIENTED_EDGE('',*,*,#4443,.F.);
#4465 = ORIENTED_EDGE('',*,*,#4466,.T.);
#4466 = EDGE_CURVE('',#4444,#4467,#4469,.T.);
#4467 = VERTEX_POINT('',#4468);
#4468 = CARTESIAN_POINT('',(-5.E-02,-5.75,3.15));
#4469 = LINE('',#4470,#4471);
#4470 = CARTESIAN_POINT('',(0.25,-5.75,3.15));
#4471 = VECTOR('',#4472,1.);
#4472 = DIRECTION('',(-1.,1.224646799147E-16,0.));
#4473 = ORIENTED_EDGE('',*,*,#4474,.F.);
#4474 = EDGE_CURVE('',#4154,#4467,#4475,.T.);
#4475 = LINE('',#4476,#4477);
#4476 = CARTESIAN_POINT('',(-1.666666666667E-02,-5.783333333333,
    3.116666666667));
#4477 = VECTOR('',#4478,1.);
#4478 = DIRECTION('',(0.57735026919,-0.57735026919,-0.57735026919));
#4479 = ORIENTED_EDGE('',*,*,#4153,.F.);
#4480 = PLANE('',#4481);
#4481 = AXIS2_PLACEMENT_3D('',#4482,#4483,#4484);
#4482 = CARTESIAN_POINT('',(0.25,-5.65,3.25));
#4483 = DIRECTION('',(-8.659560562349E-17,-0.707106781187,0.707106781187
    ));
#4484 = DIRECTION('',(1.,-1.224646799147E-16,-2.105273685727E-29));
#4485 = ADVANCED_FACE('',(#4486),#4504,.F.);
#4486 = FACE_BOUND('',#4487,.F.);
#4487 = EDGE_LOOP('',(#4488,#4496,#4497,#4498));
#4488 = ORIENTED_EDGE('',*,*,#4489,.F.);
#4489 = EDGE_CURVE('',#4177,#4490,#4492,.T.);
#4490 = VERTEX_POINT('',#4491);
#4491 = CARTESIAN_POINT('',(-5.E-02,-5.75,3.05));
#4492 = LINE('',#4493,#4494);
#4493 = CARTESIAN_POINT('',(-0.1,-5.7,3.));
#4494 = VECTOR('',#4495,1.);
#4495 = DIRECTION('',(0.57735026919,-0.57735026919,0.57735026919));
#4496 = ORIENTED_EDGE('',*,*,#4176,.T.);
#4497 = ORIENTED_EDGE('',*,*,#4474,.T.);
#4498 = ORIENTED_EDGE('',*,*,#4499,.F.);
#4499 = EDGE_CURVE('',#4490,#4467,#4500,.T.);
#4500 = LINE('',#4501,#4502);
#4501 = CARTESIAN_POINT('',(-5.E-02,-5.75,2.85));
#4502 = VECTOR('',#4503,1.);
#4503 = DIRECTION('',(0.,0.,1.));
#4504 = PLANE('',#4505);
#4505 = AXIS2_PLACEMENT_3D('',#4506,#4507,#4508);
#4506 = CARTESIAN_POINT('',(-0.15,-5.65,2.85));
#4507 = DIRECTION('',(0.707106781187,0.707106781187,1.735417226644E-18)
  );
#4508 = DIRECTION('',(-1.227125289148E-18,-1.227125289148E-18,1.));
#4509 = ADVANCED_FACE('',(#4510),#4521,.T.);
#4510 = FACE_BOUND('',#4511,.F.);
#4511 = EDGE_LOOP('',(#4512,#4513,#4514,#4515));
#4512 = ORIENTED_EDGE('',*,*,#4434,.F.);
#4513 = ORIENTED_EDGE('',*,*,#4203,.T.);
#4514 = ORIENTED_EDGE('',*,*,#4489,.T.);
#4515 = ORIENTED_EDGE('',*,*,#4516,.F.);
#4516 = EDGE_CURVE('',#4435,#4490,#4517,.T.);
#4517 = LINE('',#4518,#4519);
#4518 = CARTESIAN_POINT('',(0.25,-5.75,3.05));
#4519 = VECTOR('',#4520,1.);
#4520 = DIRECTION('',(-1.,1.224646799147E-16,0.));
#4521 = PLANE('',#4522);
#4522 = AXIS2_PLACEMENT_3D('',#4523,#4524,#4525);
#4523 = CARTESIAN_POINT('',(0.25,-5.65,2.95));
#4524 = DIRECTION('',(-8.659560562349E-17,-0.707106781187,
    -0.707106781187));
#4525 = DIRECTION('',(1.,-1.224646799147E-16,2.105273685727E-29));
#4526 = ADVANCED_FACE('',(#4527),#4552,.T.);
#4527 = FACE_BOUND('',#4528,.T.);
#4528 = EDGE_LOOP('',(#4529,#4537,#4538,#4546));
#4529 = ORIENTED_EDGE('',*,*,#4530,.F.);
#4530 = EDGE_CURVE('',#4218,#4531,#4533,.T.);
#4531 = VERTEX_POINT('',#4532);
#4532 = CARTESIAN_POINT('',(2.05,-5.75,3.05));
#4533 = LINE('',#4534,#4535);
#4534 = CARTESIAN_POINT('',(2.183333333333,-5.616666666667,
    2.916666666667));
#4535 = VECTOR('',#4536,1.);
#4536 = DIRECTION('',(-0.57735026919,-0.57735026919,0.57735026919));
#4537 = ORIENTED_EDGE('',*,*,#4217,.T.);
#4538 = ORIENTED_EDGE('',*,*,#4539,.F.);
#4539 = EDGE_CURVE('',#4540,#4220,#4542,.T.);
#4540 = VERTEX_POINT('',#4541);
#4541 = CARTESIAN_POINT('',(2.05,-5.75,3.15));
#4542 = LINE('',#4543,#4544);
#4543 = CARTESIAN_POINT('',(2.1,-5.7,3.2));
#4544 = VECTOR('',#4545,1.);
#4545 = DIRECTION('',(0.57735026919,0.57735026919,0.57735026919));
#4546 = ORIENTED_EDGE('',*,*,#4547,.F.);
#4547 = EDGE_CURVE('',#4531,#4540,#4548,.T.);
#4548 = LINE('',#4549,#4550);
#4549 = CARTESIAN_POINT('',(2.05,-5.75,2.85));
#4550 = VECTOR('',#4551,1.);
#4551 = DIRECTION('',(0.,0.,1.));
#4552 = PLANE('',#4553);
#4553 = AXIS2_PLACEMENT_3D('',#4554,#4555,#4556);
#4554 = CARTESIAN_POINT('',(2.15,-5.65,2.85));
#4555 = DIRECTION('',(0.707106781187,-0.707106781187,-1.735417226644E-18
    ));
#4556 = DIRECTION('',(1.227125289148E-18,-1.227125289148E-18,1.));
#4557 = ADVANCED_FACE('',(#4558),#4576,.T.);
#4558 = FACE_BOUND('',#4559,.F.);
#4559 = EDGE_LOOP('',(#4560,#4561,#4569,#4575));
#4560 = ORIENTED_EDGE('',*,*,#4539,.F.);
#4561 = ORIENTED_EDGE('',*,*,#4562,.T.);
#4562 = EDGE_CURVE('',#4540,#4563,#4565,.T.);
#4563 = VERTEX_POINT('',#4564);
#4564 = CARTESIAN_POINT('',(1.95,-5.75,3.15));
#4565 = LINE('',#4566,#4567);
#4566 = CARTESIAN_POINT('',(2.25,-5.75,3.15));
#4567 = VECTOR('',#4568,1.);
#4568 = DIRECTION('',(-1.,1.224646799147E-16,0.));
#4569 = ORIENTED_EDGE('',*,*,#4570,.F.);
#4570 = EDGE_CURVE('',#4250,#4563,#4571,.T.);
#4571 = LINE('',#4572,#4573);
#4572 = CARTESIAN_POINT('',(1.983333333333,-5.783333333333,
    3.116666666667));
#4573 = VECTOR('',#4574,1.);
#4574 = DIRECTION('',(0.57735026919,-0.57735026919,-0.57735026919));
#4575 = ORIENTED_EDGE('',*,*,#4249,.F.);
#4576 = PLANE('',#4577);
#4577 = AXIS2_PLACEMENT_3D('',#4578,#4579,#4580);
#4578 = CARTESIAN_POINT('',(2.25,-5.65,3.25));
#4579 = DIRECTION('',(-8.659560562349E-17,-0.707106781187,0.707106781187
    ));
#4580 = DIRECTION('',(1.,-1.224646799147E-16,-2.105273685727E-29));
#4581 = ADVANCED_FACE('',(#4582),#4600,.F.);
#4582 = FACE_BOUND('',#4583,.F.);
#4583 = EDGE_LOOP('',(#4584,#4592,#4593,#4594));
#4584 = ORIENTED_EDGE('',*,*,#4585,.F.);
#4585 = EDGE_CURVE('',#4273,#4586,#4588,.T.);
#4586 = VERTEX_POINT('',#4587);
#4587 = CARTESIAN_POINT('',(1.95,-5.75,3.05));
#4588 = LINE('',#4589,#4590);
#4589 = CARTESIAN_POINT('',(1.9,-5.7,3.));
#4590 = VECTOR('',#4591,1.);
#4591 = DIRECTION('',(0.57735026919,-0.57735026919,0.57735026919));
#4592 = ORIENTED_EDGE('',*,*,#4272,.T.);
#4593 = ORIENTED_EDGE('',*,*,#4570,.T.);
#4594 = ORIENTED_EDGE('',*,*,#4595,.F.);
#4595 = EDGE_CURVE('',#4586,#4563,#4596,.T.);
#4596 = LINE('',#4597,#4598);
#4597 = CARTESIAN_POINT('',(1.95,-5.75,2.85));
#4598 = VECTOR('',#4599,1.);
#4599 = DIRECTION('',(0.,0.,1.));
#4600 = PLANE('',#4601);
#4601 = AXIS2_PLACEMENT_3D('',#4602,#4603,#4604);
#4602 = CARTESIAN_POINT('',(1.85,-5.65,2.85));
#4603 = DIRECTION('',(0.707106781187,0.707106781187,1.735417226644E-18)
  );
#4604 = DIRECTION('',(-1.227125289148E-18,-1.227125289148E-18,1.));
#4605 = ADVANCED_FACE('',(#4606),#4617,.T.);
#4606 = FACE_BOUND('',#4607,.F.);
#4607 = EDGE_LOOP('',(#4608,#4609,#4610,#4611));
#4608 = ORIENTED_EDGE('',*,*,#4530,.F.);
#4609 = ORIENTED_EDGE('',*,*,#4299,.T.);
#4610 = ORIENTED_EDGE('',*,*,#4585,.T.);
#4611 = ORIENTED_EDGE('',*,*,#4612,.F.);
#4612 = EDGE_CURVE('',#4531,#4586,#4613,.T.);
#4613 = LINE('',#4614,#4615);
#4614 = CARTESIAN_POINT('',(2.25,-5.75,3.05));
#4615 = VECTOR('',#4616,1.);
#4616 = DIRECTION('',(-1.,1.224646799147E-16,0.));
#4617 = PLANE('',#4618);
#4618 = AXIS2_PLACEMENT_3D('',#4619,#4620,#4621);
#4619 = CARTESIAN_POINT('',(2.25,-5.65,2.95));
#4620 = DIRECTION('',(-8.659560562349E-17,-0.707106781187,
    -0.707106781187));
#4621 = DIRECTION('',(1.,-1.224646799147E-16,2.105273685727E-29));
#4622 = ADVANCED_FACE('',(#4623),#4714,.F.);
#4623 = FACE_BOUND('',#4624,.F.);
#4624 = EDGE_LOOP('',(#4625,#4626,#4634,#4643,#4651,#4659,#4667,#4675,
    #4683,#4691,#4699,#4708));
#4625 = ORIENTED_EDGE('',*,*,#4319,.F.);
#4626 = ORIENTED_EDGE('',*,*,#4627,.T.);
#4627 = EDGE_CURVE('',#4320,#4628,#4630,.T.);
#4628 = VERTEX_POINT('',#4629);
#4629 = CARTESIAN_POINT('',(2.25,-0.3,3.35));
#4630 = LINE('',#4631,#4632);
#4631 = CARTESIAN_POINT('',(2.25,-5.75,3.35));
#4632 = VECTOR('',#4633,1.);
#4633 = DIRECTION('',(1.224646799147E-16,1.,0.));
#4634 = ORIENTED_EDGE('',*,*,#4635,.T.);
#4635 = EDGE_CURVE('',#4628,#4636,#4638,.T.);
#4636 = VERTEX_POINT('',#4637);
#4637 = CARTESIAN_POINT('',(2.25,0.25,2.8));
#4638 = CIRCLE('',#4639,0.55);
#4639 = AXIS2_PLACEMENT_3D('',#4640,#4641,#4642);
#4640 = CARTESIAN_POINT('',(2.25,-0.3,2.8));
#4641 = DIRECTION('',(-1.,1.224646799147E-16,0.));
#4642 = DIRECTION('',(0.,0.,1.));
#4643 = ORIENTED_EDGE('',*,*,#4644,.T.);
#4644 = EDGE_CURVE('',#4636,#4645,#4647,.T.);
#4645 = VERTEX_POINT('',#4646);
#4646 = CARTESIAN_POINT('',(2.25,0.25,-0.9));
#4647 = LINE('',#4648,#4649);
#4648 = CARTESIAN_POINT('',(2.25,0.25,3.35));
#4649 = VECTOR('',#4650,1.);
#4650 = DIRECTION('',(-0.,0.,-1.));
#4651 = ORIENTED_EDGE('',*,*,#4652,.T.);
#4652 = EDGE_CURVE('',#4645,#4653,#4655,.T.);
#4653 = VERTEX_POINT('',#4654);
#4654 = CARTESIAN_POINT('',(2.25,-5.E-02,-1.5));
#4655 = LINE('',#4656,#4657);
#4656 = CARTESIAN_POINT('',(2.25,0.25,-0.9));
#4657 = VECTOR('',#4658,1.);
#4658 = DIRECTION('',(-5.476786982641E-17,-0.4472135955,-0.894427191));
#4659 = ORIENTED_EDGE('',*,*,#4660,.T.);
#4660 = EDGE_CURVE('',#4653,#4661,#4663,.T.);
#4661 = VERTEX_POINT('',#4662);
#4662 = CARTESIAN_POINT('',(2.25,0.218421052632,-3.2));
#4663 = LINE('',#4664,#4665);
#4664 = CARTESIAN_POINT('',(2.25,-5.E-02,-1.5));
#4665 = VECTOR('',#4666,1.);
#4666 = DIRECTION('',(1.909990663905E-17,0.155962573473,-0.987762965329)
  );
#4667 = ORIENTED_EDGE('',*,*,#4668,.T.);
#4668 = EDGE_CURVE('',#4661,#4669,#4671,.T.);
#4669 = VERTEX_POINT('',#4670);
#4670 = CARTESIAN_POINT('',(2.25,-0.281578947368,-3.2));
#4671 = LINE('',#4672,#4673);
#4672 = CARTESIAN_POINT('',(2.25,0.25,-3.2));
#4673 = VECTOR('',#4674,1.);
#4674 = DIRECTION('',(-1.224646799147E-16,-1.,0.));
#4675 = ORIENTED_EDGE('',*,*,#4676,.T.);
#4676 = EDGE_CURVE('',#4669,#4677,#4679,.T.);
#4677 = VERTEX_POINT('',#4678);
#4678 = CARTESIAN_POINT('',(2.25,-0.55,-1.5));
#4679 = LINE('',#4680,#4681);
#4680 = CARTESIAN_POINT('',(2.25,-0.25,-3.4));
#4681 = VECTOR('',#4682,1.);
#4682 = DIRECTION('',(-1.909990663905E-17,-0.155962573473,0.987762965329
    ));
#4683 = ORIENTED_EDGE('',*,*,#4684,.T.);
#4684 = EDGE_CURVE('',#4677,#4685,#4687,.T.);
#4685 = VERTEX_POINT('',#4686);
#4686 = CARTESIAN_POINT('',(2.25,-0.25,-0.9));
#4687 = LINE('',#4688,#4689);
#4688 = CARTESIAN_POINT('',(2.25,-0.55,-1.5));
#4689 = VECTOR('',#4690,1.);
#4690 = DIRECTION('',(5.476786982641E-17,0.4472135955,0.894427191));
#4691 = ORIENTED_EDGE('',*,*,#4692,.T.);
#4692 = EDGE_CURVE('',#4685,#4693,#4695,.T.);
#4693 = VERTEX_POINT('',#4694);
#4694 = CARTESIAN_POINT('',(2.25,-0.25,2.8));
#4695 = LINE('',#4696,#4697);
#4696 = CARTESIAN_POINT('',(2.25,-0.25,-0.9));
#4697 = VECTOR('',#4698,1.);
#4698 = DIRECTION('',(0.,0.,1.));
#4699 = ORIENTED_EDGE('',*,*,#4700,.F.);
#4700 = EDGE_CURVE('',#4701,#4693,#4703,.T.);
#4701 = VERTEX_POINT('',#4702);
#4702 = CARTESIAN_POINT('',(2.25,-0.3,2.85));
#4703 = CIRCLE('',#4704,5.E-02);
#4704 = AXIS2_PLACEMENT_3D('',#4705,#4706,#4707);
#4705 = CARTESIAN_POINT('',(2.25,-0.3,2.8));
#4706 = DIRECTION('',(-1.,1.224646799147E-16,0.));
#4707 = DIRECTION('',(0.,0.,1.));
#4708 = ORIENTED_EDGE('',*,*,#4709,.T.);
#4709 = EDGE_CURVE('',#4701,#4322,#4710,.T.);
#4710 = LINE('',#4711,#4712);
#4711 = CARTESIAN_POINT('',(2.25,-0.25,2.85));
#4712 = VECTOR('',#4713,1.);
#4713 = DIRECTION('',(-1.224646799147E-16,-1.,0.));
#4714 = PLANE('',#4715);
#4715 = AXIS2_PLACEMENT_3D('',#4716,#4717,#4718);
#4716 = CARTESIAN_POINT('',(2.25,-1.421959173294,1.302213422577));
#4717 = DIRECTION('',(-1.,1.224646799147E-16,0.));
#4718 = DIRECTION('',(0.,0.,1.));
#4719 = ADVANCED_FACE('',(#4720),#4738,.F.);
#4720 = FACE_BOUND('',#4721,.F.);
#4721 = EDGE_LOOP('',(#4722,#4723,#4724,#4732));
#4722 = ORIENTED_EDGE('',*,*,#4627,.F.);
#4723 = ORIENTED_EDGE('',*,*,#4345,.F.);
#4724 = ORIENTED_EDGE('',*,*,#4725,.T.);
#4725 = EDGE_CURVE('',#4338,#4726,#4728,.T.);
#4726 = VERTEX_POINT('',#4727);
#4727 = CARTESIAN_POINT('',(1.75,-0.3,3.35));
#4728 = LINE('',#4729,#4730);
#4729 = CARTESIAN_POINT('',(1.75,-5.75,3.35));
#4730 = VECTOR('',#4731,1.);
#4731 = DIRECTION('',(1.224646799147E-16,1.,0.));
#4732 = ORIENTED_EDGE('',*,*,#4733,.F.);
#4733 = EDGE_CURVE('',#4628,#4726,#4734,.T.);
#4734 = LINE('',#4735,#4736);
#4735 = CARTESIAN_POINT('',(2.25,-0.3,3.35));
#4736 = VECTOR('',#4737,1.);
#4737 = DIRECTION('',(-1.,1.224646799147E-16,0.));
#4738 = PLANE('',#4739);
#4739 = AXIS2_PLACEMENT_3D('',#4740,#4741,#4742);
#4740 = CARTESIAN_POINT('',(2.25,-5.75,3.35));
#4741 = DIRECTION('',(-0.,0.,-1.));
#4742 = DIRECTION('',(1.224646799147E-16,1.,0.));
#4743 = ADVANCED_FACE('',(#4744),#4828,.T.);
#4744 = FACE_BOUND('',#4745,.T.);
#4745 = EDGE_LOOP('',(#4746,#4747,#4748,#4757,#4765,#4773,#4781,#4789,
    #4797,#4805,#4813,#4822));
#4746 = ORIENTED_EDGE('',*,*,#4337,.F.);
#4747 = ORIENTED_EDGE('',*,*,#4725,.T.);
#4748 = ORIENTED_EDGE('',*,*,#4749,.T.);
#4749 = EDGE_CURVE('',#4726,#4750,#4752,.T.);
#4750 = VERTEX_POINT('',#4751);
#4751 = CARTESIAN_POINT('',(1.75,0.25,2.8));
#4752 = CIRCLE('',#4753,0.55);
#4753 = AXIS2_PLACEMENT_3D('',#4754,#4755,#4756);
#4754 = CARTESIAN_POINT('',(1.75,-0.3,2.8));
#4755 = DIRECTION('',(-1.,1.224646799147E-16,0.));
#4756 = DIRECTION('',(0.,0.,1.));
#4757 = ORIENTED_EDGE('',*,*,#4758,.T.);
#4758 = EDGE_CURVE('',#4750,#4759,#4761,.T.);
#4759 = VERTEX_POINT('',#4760);
#4760 = CARTESIAN_POINT('',(1.75,0.25,-0.9));
#4761 = LINE('',#4762,#4763);
#4762 = CARTESIAN_POINT('',(1.75,0.25,3.35));
#4763 = VECTOR('',#4764,1.);
#4764 = DIRECTION('',(-0.,0.,-1.));
#4765 = ORIENTED_EDGE('',*,*,#4766,.T.);
#4766 = EDGE_CURVE('',#4759,#4767,#4769,.T.);
#4767 = VERTEX_POINT('',#4768);
#4768 = CARTESIAN_POINT('',(1.75,-5.E-02,-1.5));
#4769 = LINE('',#4770,#4771);
#4770 = CARTESIAN_POINT('',(1.75,0.25,-0.9));
#4771 = VECTOR('',#4772,1.);
#4772 = DIRECTION('',(-5.476786982641E-17,-0.4472135955,-0.894427191));
#4773 = ORIENTED_EDGE('',*,*,#4774,.T.);
#4774 = EDGE_CURVE('',#4767,#4775,#4777,.T.);
#4775 = VERTEX_POINT('',#4776);
#4776 = CARTESIAN_POINT('',(1.75,0.218421052632,-3.2));
#4777 = LINE('',#4778,#4779);
#4778 = CARTESIAN_POINT('',(1.75,-5.E-02,-1.5));
#4779 = VECTOR('',#4780,1.);
#4780 = DIRECTION('',(1.909990663905E-17,0.155962573473,-0.987762965329)
  );
#4781 = ORIENTED_EDGE('',*,*,#4782,.T.);
#4782 = EDGE_CURVE('',#4775,#4783,#4785,.T.);
#4783 = VERTEX_POINT('',#4784);
#4784 = CARTESIAN_POINT('',(1.75,-0.281578947368,-3.2));
#4785 = LINE('',#4786,#4787);
#4786 = CARTESIAN_POINT('',(1.75,0.25,-3.2));
#4787 = VECTOR('',#4788,1.);
#4788 = DIRECTION('',(-1.224646799147E-16,-1.,0.));
#4789 = ORIENTED_EDGE('',*,*,#4790,.T.);
#4790 = EDGE_CURVE('',#4783,#4791,#4793,.T.);
#4791 = VERTEX_POINT('',#4792);
#4792 = CARTESIAN_POINT('',(1.75,-0.55,-1.5));
#4793 = LINE('',#4794,#4795);
#4794 = CARTESIAN_POINT('',(1.75,-0.25,-3.4));
#4795 = VECTOR('',#4796,1.);
#4796 = DIRECTION('',(-1.909990663905E-17,-0.155962573473,0.987762965329
    ));
#4797 = ORIENTED_EDGE('',*,*,#4798,.T.);
#4798 = EDGE_CURVE('',#4791,#4799,#4801,.T.);
#4799 = VERTEX_POINT('',#4800);
#4800 = CARTESIAN_POINT('',(1.75,-0.25,-0.9));
#4801 = LINE('',#4802,#4803);
#4802 = CARTESIAN_POINT('',(1.75,-0.55,-1.5));
#4803 = VECTOR('',#4804,1.);
#4804 = DIRECTION('',(5.476786982641E-17,0.4472135955,0.894427191));
#4805 = ORIENTED_EDGE('',*,*,#4806,.T.);
#4806 = EDGE_CURVE('',#4799,#4807,#4809,.T.);
#4807 = VERTEX_POINT('',#4808);
#4808 = CARTESIAN_POINT('',(1.75,-0.25,2.8));
#4809 = LINE('',#4810,#4811);
#4810 = CARTESIAN_POINT('',(1.75,-0.25,-0.9));
#4811 = VECTOR('',#4812,1.);
#4812 = DIRECTION('',(0.,0.,1.));
#4813 = ORIENTED_EDGE('',*,*,#4814,.F.);
#4814 = EDGE_CURVE('',#4815,#4807,#4817,.T.);
#4815 = VERTEX_POINT('',#4816);
#4816 = CARTESIAN_POINT('',(1.75,-0.3,2.85));
#4817 = CIRCLE('',#4818,5.E-02);
#4818 = AXIS2_PLACEMENT_3D('',#4819,#4820,#4821);
#4819 = CARTESIAN_POINT('',(1.75,-0.3,2.8));
#4820 = DIRECTION('',(-1.,1.224646799147E-16,0.));
#4821 = DIRECTION('',(0.,0.,1.));
#4822 = ORIENTED_EDGE('',*,*,#4823,.T.);
#4823 = EDGE_CURVE('',#4815,#4330,#4824,.T.);
#4824 = LINE('',#4825,#4826);
#4825 = CARTESIAN_POINT('',(1.75,-0.25,2.85));
#4826 = VECTOR('',#4827,1.);
#4827 = DIRECTION('',(-1.224646799147E-16,-1.,0.));
#4828 = PLANE('',#4829);
#4829 = AXIS2_PLACEMENT_3D('',#4830,#4831,#4832);
#4830 = CARTESIAN_POINT('',(1.75,-1.421959173294,1.302213422577));
#4831 = DIRECTION('',(-1.,1.224646799147E-16,0.));
#4832 = DIRECTION('',(0.,0.,1.));
#4833 = ADVANCED_FACE('',(#4834),#4845,.F.);
#4834 = FACE_BOUND('',#4835,.F.);
#4835 = EDGE_LOOP('',(#4836,#4837,#4843,#4844));
#4836 = ORIENTED_EDGE('',*,*,#4709,.F.);
#4837 = ORIENTED_EDGE('',*,*,#4838,.T.);
#4838 = EDGE_CURVE('',#4701,#4815,#4839,.T.);
#4839 = LINE('',#4840,#4841);
#4840 = CARTESIAN_POINT('',(2.25,-0.3,2.85));
#4841 = VECTOR('',#4842,1.);
#4842 = DIRECTION('',(-1.,1.224646799147E-16,0.));
#4843 = ORIENTED_EDGE('',*,*,#4823,.T.);
#4844 = ORIENTED_EDGE('',*,*,#4329,.F.);
#4845 = PLANE('',#4846);
#4846 = AXIS2_PLACEMENT_3D('',#4847,#4848,#4849);
#4847 = CARTESIAN_POINT('',(2.25,-0.25,2.85));
#4848 = DIRECTION('',(0.,0.,1.));
#4849 = DIRECTION('',(-1.224646799147E-16,-1.,0.));
#4850 = ADVANCED_FACE('',(#4851),#4942,.F.);
#4851 = FACE_BOUND('',#4852,.F.);
#4852 = EDGE_LOOP('',(#4853,#4854,#4862,#4871,#4879,#4887,#4895,#4903,
    #4911,#4919,#4927,#4936));
#4853 = ORIENTED_EDGE('',*,*,#4365,.F.);
#4854 = ORIENTED_EDGE('',*,*,#4855,.T.);
#4855 = EDGE_CURVE('',#4366,#4856,#4858,.T.);
#4856 = VERTEX_POINT('',#4857);
#4857 = CARTESIAN_POINT('',(0.25,-0.3,3.35));
#4858 = LINE('',#4859,#4860);
#4859 = CARTESIAN_POINT('',(0.25,-5.75,3.35));
#4860 = VECTOR('',#4861,1.);
#4861 = DIRECTION('',(1.224646799147E-16,1.,0.));
#4862 = ORIENTED_EDGE('',*,*,#4863,.T.);
#4863 = EDGE_CURVE('',#4856,#4864,#4866,.T.);
#4864 = VERTEX_POINT('',#4865);
#4865 = CARTESIAN_POINT('',(0.25,0.25,2.8));
#4866 = CIRCLE('',#4867,0.55);
#4867 = AXIS2_PLACEMENT_3D('',#4868,#4869,#4870);
#4868 = CARTESIAN_POINT('',(0.25,-0.3,2.8));
#4869 = DIRECTION('',(-1.,1.224646799147E-16,0.));
#4870 = DIRECTION('',(0.,0.,1.));
#4871 = ORIENTED_EDGE('',*,*,#4872,.T.);
#4872 = EDGE_CURVE('',#4864,#4873,#4875,.T.);
#4873 = VERTEX_POINT('',#4874);
#4874 = CARTESIAN_POINT('',(0.25,0.25,-0.9));
#4875 = LINE('',#4876,#4877);
#4876 = CARTESIAN_POINT('',(0.25,0.25,3.35));
#4877 = VECTOR('',#4878,1.);
#4878 = DIRECTION('',(-0.,0.,-1.));
#4879 = ORIENTED_EDGE('',*,*,#4880,.T.);
#4880 = EDGE_CURVE('',#4873,#4881,#4883,.T.);
#4881 = VERTEX_POINT('',#4882);
#4882 = CARTESIAN_POINT('',(0.25,-5.E-02,-1.5));
#4883 = LINE('',#4884,#4885);
#4884 = CARTESIAN_POINT('',(0.25,0.25,-0.9));
#4885 = VECTOR('',#4886,1.);
#4886 = DIRECTION('',(-5.476786982641E-17,-0.4472135955,-0.894427191));
#4887 = ORIENTED_EDGE('',*,*,#4888,.T.);
#4888 = EDGE_CURVE('',#4881,#4889,#4891,.T.);
#4889 = VERTEX_POINT('',#4890);
#4890 = CARTESIAN_POINT('',(0.25,0.218421052632,-3.2));
#4891 = LINE('',#4892,#4893);
#4892 = CARTESIAN_POINT('',(0.25,-5.E-02,-1.5));
#4893 = VECTOR('',#4894,1.);
#4894 = DIRECTION('',(1.909990663905E-17,0.155962573473,-0.987762965329)
  );
#4895 = ORIENTED_EDGE('',*,*,#4896,.T.);
#4896 = EDGE_CURVE('',#4889,#4897,#4899,.T.);
#4897 = VERTEX_POINT('',#4898);
#4898 = CARTESIAN_POINT('',(0.25,-0.281578947368,-3.2));
#4899 = LINE('',#4900,#4901);
#4900 = CARTESIAN_POINT('',(0.25,0.25,-3.2));
#4901 = VECTOR('',#4902,1.);
#4902 = DIRECTION('',(-1.224646799147E-16,-1.,0.));
#4903 = ORIENTED_EDGE('',*,*,#4904,.T.);
#4904 = EDGE_CURVE('',#4897,#4905,#4907,.T.);
#4905 = VERTEX_POINT('',#4906);
#4906 = CARTESIAN_POINT('',(0.25,-0.55,-1.5));
#4907 = LINE('',#4908,#4909);
#4908 = CARTESIAN_POINT('',(0.25,-0.25,-3.4));
#4909 = VECTOR('',#4910,1.);
#4910 = DIRECTION('',(-1.909990663905E-17,-0.155962573473,0.987762965329
    ));
#4911 = ORIENTED_EDGE('',*,*,#4912,.T.);
#4912 = EDGE_CURVE('',#4905,#4913,#4915,.T.);
#4913 = VERTEX_POINT('',#4914);
#4914 = CARTESIAN_POINT('',(0.25,-0.25,-0.9));
#4915 = LINE('',#4916,#4917);
#4916 = CARTESIAN_POINT('',(0.25,-0.55,-1.5));
#4917 = VECTOR('',#4918,1.);
#4918 = DIRECTION('',(5.476786982641E-17,0.4472135955,0.894427191));
#4919 = ORIENTED_EDGE('',*,*,#4920,.T.);
#4920 = EDGE_CURVE('',#4913,#4921,#4923,.T.);
#4921 = VERTEX_POINT('',#4922);
#4922 = CARTESIAN_POINT('',(0.25,-0.25,2.8));
#4923 = LINE('',#4924,#4925);
#4924 = CARTESIAN_POINT('',(0.25,-0.25,-0.9));
#4925 = VECTOR('',#4926,1.);
#4926 = DIRECTION('',(0.,0.,1.));
#4927 = ORIENTED_EDGE('',*,*,#4928,.F.);
#4928 = EDGE_CURVE('',#4929,#4921,#4931,.T.);
#4929 = VERTEX_POINT('',#4930);
#4930 = CARTESIAN_POINT('',(0.25,-0.3,2.85));
#4931 = CIRCLE('',#4932,5.E-02);
#4932 = AXIS2_PLACEMENT_3D('',#4933,#4934,#4935);
#4933 = CARTESIAN_POINT('',(0.25,-0.3,2.8));
#4934 = DIRECTION('',(-1.,1.224646799147E-16,0.));
#4935 = DIRECTION('',(0.,0.,1.));
#4936 = ORIENTED_EDGE('',*,*,#4937,.T.);
#4937 = EDGE_CURVE('',#4929,#4368,#4938,.T.);
#4938 = LINE('',#4939,#4940);
#4939 = CARTESIAN_POINT('',(0.25,-0.25,2.85));
#4940 = VECTOR('',#4941,1.);
#4941 = DIRECTION('',(-1.224646799147E-16,-1.,0.));
#4942 = PLANE('',#4943);
#4943 = AXIS2_PLACEMENT_3D('',#4944,#4945,#4946);
#4944 = CARTESIAN_POINT('',(0.25,-1.421959173294,1.302213422577));
#4945 = DIRECTION('',(-1.,1.224646799147E-16,0.));
#4946 = DIRECTION('',(0.,0.,1.));
#4947 = ADVANCED_FACE('',(#4948),#4966,.F.);
#4948 = FACE_BOUND('',#4949,.F.);
#4949 = EDGE_LOOP('',(#4950,#4951,#4952,#4960));
#4950 = ORIENTED_EDGE('',*,*,#4855,.F.);
#4951 = ORIENTED_EDGE('',*,*,#4391,.F.);
#4952 = ORIENTED_EDGE('',*,*,#4953,.T.);
#4953 = EDGE_CURVE('',#4384,#4954,#4956,.T.);
#4954 = VERTEX_POINT('',#4955);
#4955 = CARTESIAN_POINT('',(-0.25,-0.3,3.35));
#4956 = LINE('',#4957,#4958);
#4957 = CARTESIAN_POINT('',(-0.25,-5.75,3.35));
#4958 = VECTOR('',#4959,1.);
#4959 = DIRECTION('',(1.224646799147E-16,1.,0.));
#4960 = ORIENTED_EDGE('',*,*,#4961,.F.);
#4961 = EDGE_CURVE('',#4856,#4954,#4962,.T.);
#4962 = LINE('',#4963,#4964);
#4963 = CARTESIAN_POINT('',(0.25,-0.3,3.35));
#4964 = VECTOR('',#4965,1.);
#4965 = DIRECTION('',(-1.,1.224646799147E-16,0.));
#4966 = PLANE('',#4967);
#4967 = AXIS2_PLACEMENT_3D('',#4968,#4969,#4970);
#4968 = CARTESIAN_POINT('',(0.25,-5.75,3.35));
#4969 = DIRECTION('',(-0.,0.,-1.));
#4970 = DIRECTION('',(1.224646799147E-16,1.,0.));
#4971 = ADVANCED_FACE('',(#4972),#5056,.T.);
#4972 = FACE_BOUND('',#4973,.T.);
#4973 = EDGE_LOOP('',(#4974,#4975,#4976,#4985,#4993,#5001,#5009,#5017,
    #5025,#5033,#5041,#5050));
#4974 = ORIENTED_EDGE('',*,*,#4383,.F.);
#4975 = ORIENTED_EDGE('',*,*,#4953,.T.);
#4976 = ORIENTED_EDGE('',*,*,#4977,.T.);
#4977 = EDGE_CURVE('',#4954,#4978,#4980,.T.);
#4978 = VERTEX_POINT('',#4979);
#4979 = CARTESIAN_POINT('',(-0.25,0.25,2.8));
#4980 = CIRCLE('',#4981,0.55);
#4981 = AXIS2_PLACEMENT_3D('',#4982,#4983,#4984);
#4982 = CARTESIAN_POINT('',(-0.25,-0.3,2.8));
#4983 = DIRECTION('',(-1.,1.224646799147E-16,0.));
#4984 = DIRECTION('',(0.,0.,1.));
#4985 = ORIENTED_EDGE('',*,*,#4986,.T.);
#4986 = EDGE_CURVE('',#4978,#4987,#4989,.T.);
#4987 = VERTEX_POINT('',#4988);
#4988 = CARTESIAN_POINT('',(-0.25,0.25,-0.9));
#4989 = LINE('',#4990,#4991);
#4990 = CARTESIAN_POINT('',(-0.25,0.25,3.35));
#4991 = VECTOR('',#4992,1.);
#4992 = DIRECTION('',(-0.,0.,-1.));
#4993 = ORIENTED_EDGE('',*,*,#4994,.T.);
#4994 = EDGE_CURVE('',#4987,#4995,#4997,.T.);
#4995 = VERTEX_POINT('',#4996);
#4996 = CARTESIAN_POINT('',(-0.25,-5.E-02,-1.5));
#4997 = LINE('',#4998,#4999);
#4998 = CARTESIAN_POINT('',(-0.25,0.25,-0.9));
#4999 = VECTOR('',#5000,1.);
#5000 = DIRECTION('',(-5.476786982641E-17,-0.4472135955,-0.894427191));
#5001 = ORIENTED_EDGE('',*,*,#5002,.T.);
#5002 = EDGE_CURVE('',#4995,#5003,#5005,.T.);
#5003 = VERTEX_POINT('',#5004);
#5004 = CARTESIAN_POINT('',(-0.25,0.218421052632,-3.2));
#5005 = LINE('',#5006,#5007);
#5006 = CARTESIAN_POINT('',(-0.25,-5.E-02,-1.5));
#5007 = VECTOR('',#5008,1.);
#5008 = DIRECTION('',(1.909990663905E-17,0.155962573473,-0.987762965329)
  );
#5009 = ORIENTED_EDGE('',*,*,#5010,.T.);
#5010 = EDGE_CURVE('',#5003,#5011,#5013,.T.);
#5011 = VERTEX_POINT('',#5012);
#5012 = CARTESIAN_POINT('',(-0.25,-0.281578947368,-3.2));
#5013 = LINE('',#5014,#5015);
#5014 = CARTESIAN_POINT('',(-0.25,0.25,-3.2));
#5015 = VECTOR('',#5016,1.);
#5016 = DIRECTION('',(-1.224646799147E-16,-1.,0.));
#5017 = ORIENTED_EDGE('',*,*,#5018,.T.);
#5018 = EDGE_CURVE('',#5011,#5019,#5021,.T.);
#5019 = VERTEX_POINT('',#5020);
#5020 = CARTESIAN_POINT('',(-0.25,-0.55,-1.5));
#5021 = LINE('',#5022,#5023);
#5022 = CARTESIAN_POINT('',(-0.25,-0.25,-3.4));
#5023 = VECTOR('',#5024,1.);
#5024 = DIRECTION('',(-1.909990663905E-17,-0.155962573473,0.987762965329
    ));
#5025 = ORIENTED_EDGE('',*,*,#5026,.T.);
#5026 = EDGE_CURVE('',#5019,#5027,#5029,.T.);
#5027 = VERTEX_POINT('',#5028);
#5028 = CARTESIAN_POINT('',(-0.25,-0.25,-0.9));
#5029 = LINE('',#5030,#5031);
#5030 = CARTESIAN_POINT('',(-0.25,-0.55,-1.5));
#5031 = VECTOR('',#5032,1.);
#5032 = DIRECTION('',(5.476786982641E-17,0.4472135955,0.894427191));
#5033 = ORIENTED_EDGE('',*,*,#5034,.T.);
#5034 = EDGE_CURVE('',#5027,#5035,#5037,.T.);
#5035 = VERTEX_POINT('',#5036);
#5036 = CARTESIAN_POINT('',(-0.25,-0.25,2.8));
#5037 = LINE('',#5038,#5039);
#5038 = CARTESIAN_POINT('',(-0.25,-0.25,-0.9));
#5039 = VECTOR('',#5040,1.);
#5040 = DIRECTION('',(0.,0.,1.));
#5041 = ORIENTED_EDGE('',*,*,#5042,.F.);
#5042 = EDGE_CURVE('',#5043,#5035,#5045,.T.);
#5043 = VERTEX_POINT('',#5044);
#5044 = CARTESIAN_POINT('',(-0.25,-0.3,2.85));
#5045 = CIRCLE('',#5046,5.E-02);
#5046 = AXIS2_PLACEMENT_3D('',#5047,#5048,#5049);
#5047 = CARTESIAN_POINT('',(-0.25,-0.3,2.8));
#5048 = DIRECTION('',(-1.,1.224646799147E-16,0.));
#5049 = DIRECTION('',(0.,0.,1.));
#5050 = ORIENTED_EDGE('',*,*,#5051,.T.);
#5051 = EDGE_CURVE('',#5043,#4376,#5052,.T.);
#5052 = LINE('',#5053,#5054);
#5053 = CARTESIAN_POINT('',(-0.25,-0.25,2.85));
#5054 = VECTOR('',#5055,1.);
#5055 = DIRECTION('',(-1.224646799147E-16,-1.,0.));
#5056 = PLANE('',#5057);
#5057 = AXIS2_PLACEMENT_3D('',#5058,#5059,#5060);
#5058 = CARTESIAN_POINT('',(-0.25,-1.421959173294,1.302213422577));
#5059 = DIRECTION('',(-1.,1.224646799147E-16,0.));
#5060 = DIRECTION('',(0.,0.,1.));
#5061 = ADVANCED_FACE('',(#5062),#5073,.F.);
#5062 = FACE_BOUND('',#5063,.F.);
#5063 = EDGE_LOOP('',(#5064,#5065,#5071,#5072));
#5064 = ORIENTED_EDGE('',*,*,#4937,.F.);
#5065 = ORIENTED_EDGE('',*,*,#5066,.T.);
#5066 = EDGE_CURVE('',#4929,#5043,#5067,.T.);
#5067 = LINE('',#5068,#5069);
#5068 = CARTESIAN_POINT('',(0.25,-0.3,2.85));
#5069 = VECTOR('',#5070,1.);
#5070 = DIRECTION('',(-1.,1.224646799147E-16,0.));
#5071 = ORIENTED_EDGE('',*,*,#5051,.T.);
#5072 = ORIENTED_EDGE('',*,*,#4375,.F.);
#5073 = PLANE('',#5074);
#5074 = AXIS2_PLACEMENT_3D('',#5075,#5076,#5077);
#5075 = CARTESIAN_POINT('',(0.25,-0.25,2.85));
#5076 = DIRECTION('',(0.,0.,1.));
#5077 = DIRECTION('',(-1.224646799147E-16,-1.,0.));
#5078 = ADVANCED_FACE('',(#5079),#5085,.F.);
#5079 = FACE_BOUND('',#5080,.F.);
#5080 = EDGE_LOOP('',(#5081,#5082,#5083,#5084));
#5081 = ORIENTED_EDGE('',*,*,#4516,.T.);
#5082 = ORIENTED_EDGE('',*,*,#4499,.T.);
#5083 = ORIENTED_EDGE('',*,*,#4466,.F.);
#5084 = ORIENTED_EDGE('',*,*,#4451,.F.);
#5085 = PLANE('',#5086);
#5086 = AXIS2_PLACEMENT_3D('',#5087,#5088,#5089);
#5087 = CARTESIAN_POINT('',(0.25,-5.75,2.85));
#5088 = DIRECTION('',(1.224646799147E-16,1.,0.));
#5089 = DIRECTION('',(0.,-0.,1.));
#5090 = ADVANCED_FACE('',(#5091),#5097,.F.);
#5091 = FACE_BOUND('',#5092,.F.);
#5092 = EDGE_LOOP('',(#5093,#5094,#5095,#5096));
#5093 = ORIENTED_EDGE('',*,*,#4612,.T.);
#5094 = ORIENTED_EDGE('',*,*,#4595,.T.);
#5095 = ORIENTED_EDGE('',*,*,#4562,.F.);
#5096 = ORIENTED_EDGE('',*,*,#4547,.F.);
#5097 = PLANE('',#5098);
#5098 = AXIS2_PLACEMENT_3D('',#5099,#5100,#5101);
#5099 = CARTESIAN_POINT('',(2.25,-5.75,2.85));
#5100 = DIRECTION('',(1.224646799147E-16,1.,0.));
#5101 = DIRECTION('',(0.,-0.,1.));
#5102 = ADVANCED_FACE('',(#5103),#5114,.F.);
#5103 = FACE_BOUND('',#5104,.F.);
#5104 = EDGE_LOOP('',(#5105,#5106,#5112,#5113));
#5105 = ORIENTED_EDGE('',*,*,#4700,.T.);
#5106 = ORIENTED_EDGE('',*,*,#5107,.T.);
#5107 = EDGE_CURVE('',#4693,#4807,#5108,.T.);
#5108 = LINE('',#5109,#5110);
#5109 = CARTESIAN_POINT('',(2.25,-0.25,2.8));
#5110 = VECTOR('',#5111,1.);
#5111 = DIRECTION('',(-1.,1.224646799147E-16,0.));
#5112 = ORIENTED_EDGE('',*,*,#4814,.F.);
#5113 = ORIENTED_EDGE('',*,*,#4838,.F.);
#5114 = CYLINDRICAL_SURFACE('',#5115,5.E-02);
#5115 = AXIS2_PLACEMENT_3D('',#5116,#5117,#5118);
#5116 = CARTESIAN_POINT('',(2.25,-0.3,2.8));
#5117 = DIRECTION('',(-1.,1.224646799147E-16,0.));
#5118 = DIRECTION('',(0.,0.,1.));
#5119 = ADVANCED_FACE('',(#5120),#5131,.F.);
#5120 = FACE_BOUND('',#5121,.F.);
#5121 = EDGE_LOOP('',(#5122,#5123,#5129,#5130));
#5122 = ORIENTED_EDGE('',*,*,#4692,.F.);
#5123 = ORIENTED_EDGE('',*,*,#5124,.T.);
#5124 = EDGE_CURVE('',#4685,#4799,#5125,.T.);
#5125 = LINE('',#5126,#5127);
#5126 = CARTESIAN_POINT('',(2.25,-0.25,-0.9));
#5127 = VECTOR('',#5128,1.);
#5128 = DIRECTION('',(-1.,1.224646799147E-16,0.));
#5129 = ORIENTED_EDGE('',*,*,#4806,.T.);
#5130 = ORIENTED_EDGE('',*,*,#5107,.F.);
#5131 = PLANE('',#5132);
#5132 = AXIS2_PLACEMENT_3D('',#5133,#5134,#5135);
#5133 = CARTESIAN_POINT('',(2.25,-0.25,-0.9));
#5134 = DIRECTION('',(1.224646799147E-16,1.,0.));
#5135 = DIRECTION('',(0.,-0.,1.));
#5136 = ADVANCED_FACE('',(#5137),#5148,.F.);
#5137 = FACE_BOUND('',#5138,.F.);
#5138 = EDGE_LOOP('',(#5139,#5145,#5146,#5147));
#5139 = ORIENTED_EDGE('',*,*,#5140,.T.);
#5140 = EDGE_CURVE('',#4677,#4791,#5141,.T.);
#5141 = LINE('',#5142,#5143);
#5142 = CARTESIAN_POINT('',(2.25,-0.55,-1.5));
#5143 = VECTOR('',#5144,1.);
#5144 = DIRECTION('',(-1.,1.224646799147E-16,0.));
#5145 = ORIENTED_EDGE('',*,*,#4798,.T.);
#5146 = ORIENTED_EDGE('',*,*,#5124,.F.);
#5147 = ORIENTED_EDGE('',*,*,#4684,.F.);
#5148 = PLANE('',#5149);
#5149 = AXIS2_PLACEMENT_3D('',#5150,#5151,#5152);
#5150 = CARTESIAN_POINT('',(2.25,-0.55,-1.5));
#5151 = DIRECTION('',(1.095357396528E-16,0.894427191,-0.4472135955));
#5152 = DIRECTION('',(5.476786982641E-17,0.4472135955,0.894427191));
#5153 = ADVANCED_FACE('',(#5154),#5181,.F.);
#5154 = FACE_BOUND('',#5155,.F.);
#5155 = EDGE_LOOP('',(#5156,#5157,#5165,#5173,#5179,#5180));
#5156 = ORIENTED_EDGE('',*,*,#4676,.F.);
#5157 = ORIENTED_EDGE('',*,*,#5158,.F.);
#5158 = EDGE_CURVE('',#5159,#4669,#5161,.T.);
#5159 = VERTEX_POINT('',#5160);
#5160 = CARTESIAN_POINT('',(2.247552593066,-0.281192514695,
    -3.202447406934));
#5161 = LINE('',#5162,#5163);
#5162 = CARTESIAN_POINT('',(2.1292749658,-0.262517099863,-3.3207250342)
  );
#5163 = VECTOR('',#5164,1.);
#5164 = DIRECTION('',(0.702740385383,-0.110959008218,0.702740385383));
#5165 = ORIENTED_EDGE('',*,*,#5166,.T.);
#5166 = EDGE_CURVE('',#5159,#5167,#5169,.T.);
#5167 = VERTEX_POINT('',#5168);
#5168 = CARTESIAN_POINT('',(1.752447406934,-0.281192514695,
    -3.202447406934));
#5169 = LINE('',#5170,#5171);
#5170 = CARTESIAN_POINT('',(2.25,-0.281192514695,-3.202447406934));
#5171 = VECTOR('',#5172,1.);
#5172 = DIRECTION('',(-1.,1.224646799147E-16,0.));
#5173 = ORIENTED_EDGE('',*,*,#5174,.T.);
#5174 = EDGE_CURVE('',#5167,#4783,#5175,.T.);
#5175 = LINE('',#5176,#5177);
#5176 = CARTESIAN_POINT('',(1.994186046512,-0.243023255814,
    -3.444186046512));
#5177 = VECTOR('',#5178,1.);
#5178 = DIRECTION('',(-0.702740385383,-0.110959008218,0.702740385383));
#5179 = ORIENTED_EDGE('',*,*,#4790,.T.);
#5180 = ORIENTED_EDGE('',*,*,#5140,.F.);
#5181 = PLANE('',#5182);
#5182 = AXIS2_PLACEMENT_3D('',#5183,#5184,#5185);
#5183 = CARTESIAN_POINT('',(2.25,-0.25,-3.4));
#5184 = DIRECTION('',(1.209660753807E-16,0.987762965329,0.155962573473)
  );
#5185 = DIRECTION('',(-1.909990663905E-17,-0.155962573473,0.987762965329
    ));
#5186 = ADVANCED_FACE('',(#5187),#5221,.T.);
#5187 = FACE_BOUND('',#5188,.F.);
#5188 = EDGE_LOOP('',(#5189,#5197,#5198,#5199,#5207,#5215));
#5189 = ORIENTED_EDGE('',*,*,#5190,.T.);
#5190 = EDGE_CURVE('',#5191,#5159,#5193,.T.);
#5191 = VERTEX_POINT('',#5192);
#5192 = CARTESIAN_POINT('',(2.05,-5.E-02,-3.4));
#5193 = LINE('',#5194,#5195);
#5194 = CARTESIAN_POINT('',(2.09198936903,-9.913946036316E-02,
    -3.35801063097));
#5195 = VECTOR('',#5196,1.);
#5196 = DIRECTION('',(0.544770019249,-0.63753529491,0.544770019249));
#5197 = ORIENTED_EDGE('',*,*,#5158,.T.);
#5198 = ORIENTED_EDGE('',*,*,#4668,.F.);
#5199 = ORIENTED_EDGE('',*,*,#5200,.F.);
#5200 = EDGE_CURVE('',#5201,#4661,#5203,.T.);
#5201 = VERTEX_POINT('',#5202);
#5202 = CARTESIAN_POINT('',(2.247552593066,0.218807485305,
    -3.202447406934));
#5203 = LINE('',#5204,#5205);
#5204 = CARTESIAN_POINT('',(2.629616963064,0.158481532148,
    -2.820383036936));
#5205 = VECTOR('',#5206,1.);
#5206 = DIRECTION('',(0.702740385383,-0.110959008218,0.702740385383));
#5207 = ORIENTED_EDGE('',*,*,#5208,.F.);
#5208 = EDGE_CURVE('',#5209,#5201,#5211,.T.);
#5209 = VERTEX_POINT('',#5210);
#5210 = CARTESIAN_POINT('',(2.05,5.E-02,-3.4));
#5211 = LINE('',#5212,#5213);
#5212 = CARTESIAN_POINT('',(2.185852405654,0.166085051658,
    -3.264147594346));
#5213 = VECTOR('',#5214,1.);
#5214 = DIRECTION('',(0.605209817607,0.517148096144,0.605209817607));
#5215 = ORIENTED_EDGE('',*,*,#5216,.T.);
#5216 = EDGE_CURVE('',#5209,#5191,#5217,.T.);
#5217 = LINE('',#5218,#5219);
#5218 = CARTESIAN_POINT('',(2.05,0.25,-3.4));
#5219 = VECTOR('',#5220,1.);
#5220 = DIRECTION('',(-1.224646799147E-16,-1.,0.));
#5221 = PLANE('',#5222);
#5222 = AXIS2_PLACEMENT_3D('',#5223,#5224,#5225);
#5223 = CARTESIAN_POINT('',(2.15,0.25,-3.3));
#5224 = DIRECTION('',(0.707106781187,-8.486018839685E-17,-0.707106781187
    ));
#5225 = DIRECTION('',(1.212375546256E-16,1.,1.227125289196E-18));
#5226 = ADVANCED_FACE('',(#5227),#5252,.F.);
#5227 = FACE_BOUND('',#5228,.F.);
#5228 = EDGE_LOOP('',(#5229,#5230,#5236,#5237,#5245,#5251));
#5229 = ORIENTED_EDGE('',*,*,#4660,.F.);
#5230 = ORIENTED_EDGE('',*,*,#5231,.T.);
#5231 = EDGE_CURVE('',#4653,#4767,#5232,.T.);
#5232 = LINE('',#5233,#5234);
#5233 = CARTESIAN_POINT('',(2.25,-5.E-02,-1.5));
#5234 = VECTOR('',#5235,1.);
#5235 = DIRECTION('',(-1.,1.224646799147E-16,0.));
#5236 = ORIENTED_EDGE('',*,*,#4774,.T.);
#5237 = ORIENTED_EDGE('',*,*,#5238,.F.);
#5238 = EDGE_CURVE('',#5239,#4775,#5241,.T.);
#5239 = VERTEX_POINT('',#5240);
#5240 = CARTESIAN_POINT('',(1.752447406934,0.218807485305,
    -3.202447406934));
#5241 = LINE('',#5242,#5243);
#5242 = CARTESIAN_POINT('',(1.493844049248,0.177975376197,
    -2.943844049248));
#5243 = VECTOR('',#5244,1.);
#5244 = DIRECTION('',(-0.702740385383,-0.110959008218,0.702740385383));
#5245 = ORIENTED_EDGE('',*,*,#5246,.F.);
#5246 = EDGE_CURVE('',#5201,#5239,#5247,.T.);
#5247 = LINE('',#5248,#5249);
#5248 = CARTESIAN_POINT('',(2.25,0.218807485305,-3.202447406934));
#5249 = VECTOR('',#5250,1.);
#5250 = DIRECTION('',(-1.,1.224646799147E-16,0.));
#5251 = ORIENTED_EDGE('',*,*,#5200,.T.);
#5252 = PLANE('',#5253);
#5253 = AXIS2_PLACEMENT_3D('',#5254,#5255,#5256);
#5254 = CARTESIAN_POINT('',(2.25,-5.E-02,-1.5));
#5255 = DIRECTION('',(-1.209660753807E-16,-0.987762965329,
    -0.155962573473));
#5256 = DIRECTION('',(1.909990663905E-17,0.155962573473,-0.987762965329)
  );
#5257 = ADVANCED_FACE('',(#5258),#5269,.F.);
#5258 = FACE_BOUND('',#5259,.F.);
#5259 = EDGE_LOOP('',(#5260,#5266,#5267,#5268));
#5260 = ORIENTED_EDGE('',*,*,#5261,.T.);
#5261 = EDGE_CURVE('',#4645,#4759,#5262,.T.);
#5262 = LINE('',#5263,#5264);
#5263 = CARTESIAN_POINT('',(2.25,0.25,-0.9));
#5264 = VECTOR('',#5265,1.);
#5265 = DIRECTION('',(-1.,1.224646799147E-16,0.));
#5266 = ORIENTED_EDGE('',*,*,#4766,.T.);
#5267 = ORIENTED_EDGE('',*,*,#5231,.F.);
#5268 = ORIENTED_EDGE('',*,*,#4652,.F.);
#5269 = PLANE('',#5270);
#5270 = AXIS2_PLACEMENT_3D('',#5271,#5272,#5273);
#5271 = CARTESIAN_POINT('',(2.25,0.25,-0.9));
#5272 = DIRECTION('',(-1.095357396528E-16,-0.894427191,0.4472135955));
#5273 = DIRECTION('',(-5.476786982641E-17,-0.4472135955,-0.894427191));
#5274 = ADVANCED_FACE('',(#5275),#5286,.F.);
#5275 = FACE_BOUND('',#5276,.F.);
#5276 = EDGE_LOOP('',(#5277,#5278,#5284,#5285));
#5277 = ORIENTED_EDGE('',*,*,#4644,.F.);
#5278 = ORIENTED_EDGE('',*,*,#5279,.T.);
#5279 = EDGE_CURVE('',#4636,#4750,#5280,.T.);
#5280 = LINE('',#5281,#5282);
#5281 = CARTESIAN_POINT('',(2.25,0.25,2.8));
#5282 = VECTOR('',#5283,1.);
#5283 = DIRECTION('',(-1.,1.224646799147E-16,0.));
#5284 = ORIENTED_EDGE('',*,*,#4758,.T.);
#5285 = ORIENTED_EDGE('',*,*,#5261,.F.);
#5286 = PLANE('',#5287);
#5287 = AXIS2_PLACEMENT_3D('',#5288,#5289,#5290);
#5288 = CARTESIAN_POINT('',(2.25,0.25,3.35));
#5289 = DIRECTION('',(-1.224646799147E-16,-1.,0.));
#5290 = DIRECTION('',(-0.,0.,-1.));
#5291 = ADVANCED_FACE('',(#5292),#5298,.T.);
#5292 = FACE_BOUND('',#5293,.T.);
#5293 = EDGE_LOOP('',(#5294,#5295,#5296,#5297));
#5294 = ORIENTED_EDGE('',*,*,#4635,.T.);
#5295 = ORIENTED_EDGE('',*,*,#5279,.T.);
#5296 = ORIENTED_EDGE('',*,*,#4749,.F.);
#5297 = ORIENTED_EDGE('',*,*,#4733,.F.);
#5298 = CYLINDRICAL_SURFACE('',#5299,0.55);
#5299 = AXIS2_PLACEMENT_3D('',#5300,#5301,#5302);
#5300 = CARTESIAN_POINT('',(2.25,-0.3,2.8));
#5301 = DIRECTION('',(-1.,1.224646799147E-16,0.));
#5302 = DIRECTION('',(0.,0.,1.));
#5303 = ADVANCED_FACE('',(#5304),#5331,.F.);
#5304 = FACE_BOUND('',#5305,.T.);
#5305 = EDGE_LOOP('',(#5306,#5314,#5315,#5316,#5317,#5325));
#5306 = ORIENTED_EDGE('',*,*,#5307,.T.);
#5307 = EDGE_CURVE('',#5308,#5167,#5310,.T.);
#5308 = VERTEX_POINT('',#5309);
#5309 = CARTESIAN_POINT('',(1.95,-5.E-02,-3.4));
#5310 = LINE('',#5311,#5312);
#5311 = CARTESIAN_POINT('',(1.982204224438,-1.231193164325E-02,
    -3.432204224438));
#5312 = VECTOR('',#5313,1.);
#5313 = DIRECTION('',(-0.544770019249,-0.63753529491,0.544770019249));
#5314 = ORIENTED_EDGE('',*,*,#5174,.T.);
#5315 = ORIENTED_EDGE('',*,*,#4782,.F.);
#5316 = ORIENTED_EDGE('',*,*,#5238,.F.);
#5317 = ORIENTED_EDGE('',*,*,#5318,.F.);
#5318 = EDGE_CURVE('',#5319,#5239,#5321,.T.);
#5319 = VERTEX_POINT('',#5320);
#5320 = CARTESIAN_POINT('',(1.95,5.E-02,-3.4));
#5321 = LINE('',#5322,#5323);
#5322 = CARTESIAN_POINT('',(1.905717325178,8.783927542193E-02,
    -3.355717325178));
#5323 = VECTOR('',#5324,1.);
#5324 = DIRECTION('',(-0.605209817607,0.517148096144,0.605209817607));
#5325 = ORIENTED_EDGE('',*,*,#5326,.T.);
#5326 = EDGE_CURVE('',#5319,#5308,#5327,.T.);
#5327 = LINE('',#5328,#5329);
#5328 = CARTESIAN_POINT('',(1.95,0.25,-3.4));
#5329 = VECTOR('',#5330,1.);
#5330 = DIRECTION('',(-1.224646799147E-16,-1.,0.));
#5331 = PLANE('',#5332);
#5332 = AXIS2_PLACEMENT_3D('',#5333,#5334,#5335);
#5333 = CARTESIAN_POINT('',(1.85,0.25,-3.3));
#5334 = DIRECTION('',(0.707106781187,-8.833102285013E-17,0.707106781187)
  );
#5335 = DIRECTION('',(1.236918052038E-16,1.,1.227125289097E-18));
#5336 = ADVANCED_FACE('',(#5337),#5348,.F.);
#5337 = FACE_BOUND('',#5338,.F.);
#5338 = EDGE_LOOP('',(#5339,#5340,#5346,#5347));
#5339 = ORIENTED_EDGE('',*,*,#4928,.T.);
#5340 = ORIENTED_EDGE('',*,*,#5341,.T.);
#5341 = EDGE_CURVE('',#4921,#5035,#5342,.T.);
#5342 = LINE('',#5343,#5344);
#5343 = CARTESIAN_POINT('',(0.25,-0.25,2.8));
#5344 = VECTOR('',#5345,1.);
#5345 = DIRECTION('',(-1.,1.224646799147E-16,0.));
#5346 = ORIENTED_EDGE('',*,*,#5042,.F.);
#5347 = ORIENTED_EDGE('',*,*,#5066,.F.);
#5348 = CYLINDRICAL_SURFACE('',#5349,5.E-02);
#5349 = AXIS2_PLACEMENT_3D('',#5350,#5351,#5352);
#5350 = CARTESIAN_POINT('',(0.25,-0.3,2.8));
#5351 = DIRECTION('',(-1.,1.224646799147E-16,0.));
#5352 = DIRECTION('',(0.,0.,1.));
#5353 = ADVANCED_FACE('',(#5354),#5365,.F.);
#5354 = FACE_BOUND('',#5355,.F.);
#5355 = EDGE_LOOP('',(#5356,#5357,#5363,#5364));
#5356 = ORIENTED_EDGE('',*,*,#4920,.F.);
#5357 = ORIENTED_EDGE('',*,*,#5358,.T.);
#5358 = EDGE_CURVE('',#4913,#5027,#5359,.T.);
#5359 = LINE('',#5360,#5361);
#5360 = CARTESIAN_POINT('',(0.25,-0.25,-0.9));
#5361 = VECTOR('',#5362,1.);
#5362 = DIRECTION('',(-1.,1.224646799147E-16,0.));
#5363 = ORIENTED_EDGE('',*,*,#5034,.T.);
#5364 = ORIENTED_EDGE('',*,*,#5341,.F.);
#5365 = PLANE('',#5366);
#5366 = AXIS2_PLACEMENT_3D('',#5367,#5368,#5369);
#5367 = CARTESIAN_POINT('',(0.25,-0.25,-0.9));
#5368 = DIRECTION('',(1.224646799147E-16,1.,0.));
#5369 = DIRECTION('',(0.,-0.,1.));
#5370 = ADVANCED_FACE('',(#5371),#5382,.F.);
#5371 = FACE_BOUND('',#5372,.F.);
#5372 = EDGE_LOOP('',(#5373,#5379,#5380,#5381));
#5373 = ORIENTED_EDGE('',*,*,#5374,.T.);
#5374 = EDGE_CURVE('',#4905,#5019,#5375,.T.);
#5375 = LINE('',#5376,#5377);
#5376 = CARTESIAN_POINT('',(0.25,-0.55,-1.5));
#5377 = VECTOR('',#5378,1.);
#5378 = DIRECTION('',(-1.,1.224646799147E-16,0.));
#5379 = ORIENTED_EDGE('',*,*,#5026,.T.);
#5380 = ORIENTED_EDGE('',*,*,#5358,.F.);
#5381 = ORIENTED_EDGE('',*,*,#4912,.F.);
#5382 = PLANE('',#5383);
#5383 = AXIS2_PLACEMENT_3D('',#5384,#5385,#5386);
#5384 = CARTESIAN_POINT('',(0.25,-0.55,-1.5));
#5385 = DIRECTION('',(1.095357396528E-16,0.894427191,-0.4472135955));
#5386 = DIRECTION('',(5.476786982641E-17,0.4472135955,0.894427191));
#5387 = ADVANCED_FACE('',(#5388),#5415,.F.);
#5388 = FACE_BOUND('',#5389,.F.);
#5389 = EDGE_LOOP('',(#5390,#5391,#5399,#5407,#5413,#5414));
#5390 = ORIENTED_EDGE('',*,*,#4904,.F.);
#5391 = ORIENTED_EDGE('',*,*,#5392,.F.);
#5392 = EDGE_CURVE('',#5393,#4897,#5395,.T.);
#5393 = VERTEX_POINT('',#5394);
#5394 = CARTESIAN_POINT('',(0.247552593066,-0.281192514695,
    -3.202447406934));
#5395 = LINE('',#5396,#5397);
#5396 = CARTESIAN_POINT('',(0.1292749658,-0.262517099863,-3.3207250342)
  );
#5397 = VECTOR('',#5398,1.);
#5398 = DIRECTION('',(0.702740385383,-0.110959008218,0.702740385383));
#5399 = ORIENTED_EDGE('',*,*,#5400,.T.);
#5400 = EDGE_CURVE('',#5393,#5401,#5403,.T.);
#5401 = VERTEX_POINT('',#5402);
#5402 = CARTESIAN_POINT('',(-0.247552593066,-0.281192514695,
    -3.202447406934));
#5403 = LINE('',#5404,#5405);
#5404 = CARTESIAN_POINT('',(0.25,-0.281192514695,-3.202447406934));
#5405 = VECTOR('',#5406,1.);
#5406 = DIRECTION('',(-1.,1.224646799147E-16,0.));
#5407 = ORIENTED_EDGE('',*,*,#5408,.T.);
#5408 = EDGE_CURVE('',#5401,#5011,#5409,.T.);
#5409 = LINE('',#5410,#5411);
#5410 = CARTESIAN_POINT('',(-5.813953488372E-03,-0.243023255814,
    -3.444186046512));
#5411 = VECTOR('',#5412,1.);
#5412 = DIRECTION('',(-0.702740385383,-0.110959008218,0.702740385383));
#5413 = ORIENTED_EDGE('',*,*,#5018,.T.);
#5414 = ORIENTED_EDGE('',*,*,#5374,.F.);
#5415 = PLANE('',#5416);
#5416 = AXIS2_PLACEMENT_3D('',#5417,#5418,#5419);
#5417 = CARTESIAN_POINT('',(0.25,-0.25,-3.4));
#5418 = DIRECTION('',(1.209660753807E-16,0.987762965329,0.155962573473)
  );
#5419 = DIRECTION('',(-1.909990663905E-17,-0.155962573473,0.987762965329
    ));
#5420 = ADVANCED_FACE('',(#5421),#5455,.T.);
#5421 = FACE_BOUND('',#5422,.F.);
#5422 = EDGE_LOOP('',(#5423,#5431,#5432,#5433,#5441,#5449));
#5423 = ORIENTED_EDGE('',*,*,#5424,.T.);
#5424 = EDGE_CURVE('',#5425,#5393,#5427,.T.);
#5425 = VERTEX_POINT('',#5426);
#5426 = CARTESIAN_POINT('',(5.E-02,-5.E-02,-3.4));
#5427 = LINE('',#5428,#5429);
#5428 = CARTESIAN_POINT('',(9.198936903048E-02,-9.913946036316E-02,
    -3.35801063097));
#5429 = VECTOR('',#5430,1.);
#5430 = DIRECTION('',(0.544770019249,-0.63753529491,0.544770019249));
#5431 = ORIENTED_EDGE('',*,*,#5392,.T.);
#5432 = ORIENTED_EDGE('',*,*,#4896,.F.);
#5433 = ORIENTED_EDGE('',*,*,#5434,.F.);
#5434 = EDGE_CURVE('',#5435,#4889,#5437,.T.);
#5435 = VERTEX_POINT('',#5436);
#5436 = CARTESIAN_POINT('',(0.247552593066,0.218807485305,
    -3.202447406934));
#5437 = LINE('',#5438,#5439);
#5438 = CARTESIAN_POINT('',(0.629616963064,0.158481532148,
    -2.820383036936));
#5439 = VECTOR('',#5440,1.);
#5440 = DIRECTION('',(0.702740385383,-0.110959008218,0.702740385383));
#5441 = ORIENTED_EDGE('',*,*,#5442,.F.);
#5442 = EDGE_CURVE('',#5443,#5435,#5445,.T.);
#5443 = VERTEX_POINT('',#5444);
#5444 = CARTESIAN_POINT('',(5.E-02,5.E-02,-3.4));
#5445 = LINE('',#5446,#5447);
#5446 = CARTESIAN_POINT('',(0.185852405654,0.166085051658,
    -3.264147594346));
#5447 = VECTOR('',#5448,1.);
#5448 = DIRECTION('',(0.605209817607,0.517148096144,0.605209817607));
#5449 = ORIENTED_EDGE('',*,*,#5450,.T.);
#5450 = EDGE_CURVE('',#5443,#5425,#5451,.T.);
#5451 = LINE('',#5452,#5453);
#5452 = CARTESIAN_POINT('',(5.E-02,0.25,-3.4));
#5453 = VECTOR('',#5454,1.);
#5454 = DIRECTION('',(-1.224646799147E-16,-1.,0.));
#5455 = PLANE('',#5456);
#5456 = AXIS2_PLACEMENT_3D('',#5457,#5458,#5459);
#5457 = CARTESIAN_POINT('',(0.15,0.25,-3.3));
#5458 = DIRECTION('',(0.707106781187,-8.486018839685E-17,-0.707106781187
    ));
#5459 = DIRECTION('',(1.212375546256E-16,1.,1.227125289196E-18));
#5460 = ADVANCED_FACE('',(#5461),#5486,.F.);
#5461 = FACE_BOUND('',#5462,.F.);
#5462 = EDGE_LOOP('',(#5463,#5464,#5470,#5471,#5479,#5485));
#5463 = ORIENTED_EDGE('',*,*,#4888,.F.);
#5464 = ORIENTED_EDGE('',*,*,#5465,.T.);
#5465 = EDGE_CURVE('',#4881,#4995,#5466,.T.);
#5466 = LINE('',#5467,#5468);
#5467 = CARTESIAN_POINT('',(0.25,-5.E-02,-1.5));
#5468 = VECTOR('',#5469,1.);
#5469 = DIRECTION('',(-1.,1.224646799147E-16,0.));
#5470 = ORIENTED_EDGE('',*,*,#5002,.T.);
#5471 = ORIENTED_EDGE('',*,*,#5472,.F.);
#5472 = EDGE_CURVE('',#5473,#5003,#5475,.T.);
#5473 = VERTEX_POINT('',#5474);
#5474 = CARTESIAN_POINT('',(-0.247552593066,0.218807485305,
    -3.202447406934));
#5475 = LINE('',#5476,#5477);
#5476 = CARTESIAN_POINT('',(-0.506155950752,0.177975376197,
    -2.943844049248));
#5477 = VECTOR('',#5478,1.);
#5478 = DIRECTION('',(-0.702740385383,-0.110959008218,0.702740385383));
#5479 = ORIENTED_EDGE('',*,*,#5480,.F.);
#5480 = EDGE_CURVE('',#5435,#5473,#5481,.T.);
#5481 = LINE('',#5482,#5483);
#5482 = CARTESIAN_POINT('',(0.25,0.218807485305,-3.202447406934));
#5483 = VECTOR('',#5484,1.);
#5484 = DIRECTION('',(-1.,1.224646799147E-16,0.));
#5485 = ORIENTED_EDGE('',*,*,#5434,.T.);
#5486 = PLANE('',#5487);
#5487 = AXIS2_PLACEMENT_3D('',#5488,#5489,#5490);
#5488 = CARTESIAN_POINT('',(0.25,-5.E-02,-1.5));
#5489 = DIRECTION('',(-1.209660753807E-16,-0.987762965329,
    -0.155962573473));
#5490 = DIRECTION('',(1.909990663905E-17,0.155962573473,-0.987762965329)
  );
#5491 = ADVANCED_FACE('',(#5492),#5503,.F.);
#5492 = FACE_BOUND('',#5493,.F.);
#5493 = EDGE_LOOP('',(#5494,#5500,#5501,#5502));
#5494 = ORIENTED_EDGE('',*,*,#5495,.T.);
#5495 = EDGE_CURVE('',#4873,#4987,#5496,.T.);
#5496 = LINE('',#5497,#5498);
#5497 = CARTESIAN_POINT('',(0.25,0.25,-0.9));
#5498 = VECTOR('',#5499,1.);
#5499 = DIRECTION('',(-1.,1.224646799147E-16,0.));
#5500 = ORIENTED_EDGE('',*,*,#4994,.T.);
#5501 = ORIENTED_EDGE('',*,*,#5465,.F.);
#5502 = ORIENTED_EDGE('',*,*,#4880,.F.);
#5503 = PLANE('',#5504);
#5504 = AXIS2_PLACEMENT_3D('',#5505,#5506,#5507);
#5505 = CARTESIAN_POINT('',(0.25,0.25,-0.9));
#5506 = DIRECTION('',(-1.095357396528E-16,-0.894427191,0.4472135955));
#5507 = DIRECTION('',(-5.476786982641E-17,-0.4472135955,-0.894427191));
#5508 = ADVANCED_FACE('',(#5509),#5520,.F.);
#5509 = FACE_BOUND('',#5510,.F.);
#5510 = EDGE_LOOP('',(#5511,#5512,#5518,#5519));
#5511 = ORIENTED_EDGE('',*,*,#4872,.F.);
#5512 = ORIENTED_EDGE('',*,*,#5513,.T.);
#5513 = EDGE_CURVE('',#4864,#4978,#5514,.T.);
#5514 = LINE('',#5515,#5516);
#5515 = CARTESIAN_POINT('',(0.25,0.25,2.8));
#5516 = VECTOR('',#5517,1.);
#5517 = DIRECTION('',(-1.,1.224646799147E-16,0.));
#5518 = ORIENTED_EDGE('',*,*,#4986,.T.);
#5519 = ORIENTED_EDGE('',*,*,#5495,.F.);
#5520 = PLANE('',#5521);
#5521 = AXIS2_PLACEMENT_3D('',#5522,#5523,#5524);
#5522 = CARTESIAN_POINT('',(0.25,0.25,3.35));
#5523 = DIRECTION('',(-1.224646799147E-16,-1.,0.));
#5524 = DIRECTION('',(-0.,0.,-1.));
#5525 = ADVANCED_FACE('',(#5526),#5532,.T.);
#5526 = FACE_BOUND('',#5527,.T.);
#5527 = EDGE_LOOP('',(#5528,#5529,#5530,#5531));
#5528 = ORIENTED_EDGE('',*,*,#4863,.T.);
#5529 = ORIENTED_EDGE('',*,*,#5513,.T.);
#5530 = ORIENTED_EDGE('',*,*,#4977,.F.);
#5531 = ORIENTED_EDGE('',*,*,#4961,.F.);
#5532 = CYLINDRICAL_SURFACE('',#5533,0.55);
#5533 = AXIS2_PLACEMENT_3D('',#5534,#5535,#5536);
#5534 = CARTESIAN_POINT('',(0.25,-0.3,2.8));
#5535 = DIRECTION('',(-1.,1.224646799147E-16,0.));
#5536 = DIRECTION('',(0.,0.,1.));
#5537 = ADVANCED_FACE('',(#5538),#5565,.F.);
#5538 = FACE_BOUND('',#5539,.T.);
#5539 = EDGE_LOOP('',(#5540,#5548,#5549,#5550,#5551,#5559));
#5540 = ORIENTED_EDGE('',*,*,#5541,.T.);
#5541 = EDGE_CURVE('',#5542,#5401,#5544,.T.);
#5542 = VERTEX_POINT('',#5543);
#5543 = CARTESIAN_POINT('',(-5.E-02,-5.E-02,-3.4));
#5544 = LINE('',#5545,#5546);
#5545 = CARTESIAN_POINT('',(-1.77957755624E-02,-1.231193164325E-02,
    -3.432204224438));
#5546 = VECTOR('',#5547,1.);
#5547 = DIRECTION('',(-0.544770019249,-0.63753529491,0.544770019249));
#5548 = ORIENTED_EDGE('',*,*,#5408,.T.);
#5549 = ORIENTED_EDGE('',*,*,#5010,.F.);
#5550 = ORIENTED_EDGE('',*,*,#5472,.F.);
#5551 = ORIENTED_EDGE('',*,*,#5552,.F.);
#5552 = EDGE_CURVE('',#5553,#5473,#5555,.T.);
#5553 = VERTEX_POINT('',#5554);
#5554 = CARTESIAN_POINT('',(-5.E-02,5.E-02,-3.4));
#5555 = LINE('',#5556,#5557);
#5556 = CARTESIAN_POINT('',(-9.428267482221E-02,8.783927542193E-02,
    -3.355717325178));
#5557 = VECTOR('',#5558,1.);
#5558 = DIRECTION('',(-0.605209817607,0.517148096144,0.605209817607));
#5559 = ORIENTED_EDGE('',*,*,#5560,.T.);
#5560 = EDGE_CURVE('',#5553,#5542,#5561,.T.);
#5561 = LINE('',#5562,#5563);
#5562 = CARTESIAN_POINT('',(-5.E-02,0.25,-3.4));
#5563 = VECTOR('',#5564,1.);
#5564 = DIRECTION('',(-1.224646799147E-16,-1.,0.));
#5565 = PLANE('',#5566);
#5566 = AXIS2_PLACEMENT_3D('',#5567,#5568,#5569);
#5567 = CARTESIAN_POINT('',(-0.15,0.25,-3.3));
#5568 = DIRECTION('',(0.707106781187,-8.833102285013E-17,0.707106781187)
  );
#5569 = DIRECTION('',(1.236918052038E-16,1.,1.227125289097E-18));
#5570 = ADVANCED_FACE('',(#5571),#5582,.T.);
#5571 = FACE_BOUND('',#5572,.F.);
#5572 = EDGE_LOOP('',(#5573,#5574,#5580,#5581));
#5573 = ORIENTED_EDGE('',*,*,#5190,.F.);
#5574 = ORIENTED_EDGE('',*,*,#5575,.T.);
#5575 = EDGE_CURVE('',#5191,#5308,#5576,.T.);
#5576 = LINE('',#5577,#5578);
#5577 = CARTESIAN_POINT('',(2.25,-5.E-02,-3.4));
#5578 = VECTOR('',#5579,1.);
#5579 = DIRECTION('',(-1.,1.224646799147E-16,0.));
#5580 = ORIENTED_EDGE('',*,*,#5307,.T.);
#5581 = ORIENTED_EDGE('',*,*,#5166,.F.);
#5582 = PLANE('',#5583);
#5583 = AXIS2_PLACEMENT_3D('',#5584,#5585,#5586);
#5584 = CARTESIAN_POINT('',(2.25,-0.165596257347,-3.301223703467));
#5585 = DIRECTION('',(-8.302774088379E-17,-0.64962967394,-0.760250805153
    ));
#5586 = DIRECTION('',(1.,-1.247195775152E-16,-2.638869166629E-18));
#5587 = ADVANCED_FACE('',(#5588),#5599,.F.);
#5588 = FACE_BOUND('',#5589,.F.);
#5589 = EDGE_LOOP('',(#5590,#5591,#5592,#5598));
#5590 = ORIENTED_EDGE('',*,*,#5575,.F.);
#5591 = ORIENTED_EDGE('',*,*,#5216,.F.);
#5592 = ORIENTED_EDGE('',*,*,#5593,.T.);
#5593 = EDGE_CURVE('',#5209,#5319,#5594,.T.);
#5594 = LINE('',#5595,#5596);
#5595 = CARTESIAN_POINT('',(2.25,5.E-02,-3.4));
#5596 = VECTOR('',#5597,1.);
#5597 = DIRECTION('',(-1.,1.224646799147E-16,0.));
#5598 = ORIENTED_EDGE('',*,*,#5326,.T.);
#5599 = PLANE('',#5600);
#5600 = AXIS2_PLACEMENT_3D('',#5601,#5602,#5603);
#5601 = CARTESIAN_POINT('',(2.25,0.25,-3.4));
#5602 = DIRECTION('',(0.,0.,1.));
#5603 = DIRECTION('',(-1.224646799147E-16,-1.,0.));
#5604 = ADVANCED_FACE('',(#5605),#5611,.T.);
#5605 = FACE_BOUND('',#5606,.T.);
#5606 = EDGE_LOOP('',(#5607,#5608,#5609,#5610));
#5607 = ORIENTED_EDGE('',*,*,#5208,.F.);
#5608 = ORIENTED_EDGE('',*,*,#5593,.T.);
#5609 = ORIENTED_EDGE('',*,*,#5318,.T.);
#5610 = ORIENTED_EDGE('',*,*,#5246,.F.);
#5611 = PLANE('',#5612);
#5612 = AXIS2_PLACEMENT_3D('',#5613,#5614,#5615);
#5613 = CARTESIAN_POINT('',(2.25,0.134403742653,-3.301223703467));
#5614 = DIRECTION('',(9.136856246232E-17,0.760250805153,-0.64962967394)
  );
#5615 = DIRECTION('',(-1.,1.211454098155E-16,1.127308249542E-18));
#5616 = ADVANCED_FACE('',(#5617),#5628,.T.);
#5617 = FACE_BOUND('',#5618,.F.);
#5618 = EDGE_LOOP('',(#5619,#5620,#5626,#5627));
#5619 = ORIENTED_EDGE('',*,*,#5424,.F.);
#5620 = ORIENTED_EDGE('',*,*,#5621,.T.);
#5621 = EDGE_CURVE('',#5425,#5542,#5622,.T.);
#5622 = LINE('',#5623,#5624);
#5623 = CARTESIAN_POINT('',(0.25,-5.E-02,-3.4));
#5624 = VECTOR('',#5625,1.);
#5625 = DIRECTION('',(-1.,1.224646799147E-16,0.));
#5626 = ORIENTED_EDGE('',*,*,#5541,.T.);
#5627 = ORIENTED_EDGE('',*,*,#5400,.F.);
#5628 = PLANE('',#5629);
#5629 = AXIS2_PLACEMENT_3D('',#5630,#5631,#5632);
#5630 = CARTESIAN_POINT('',(0.25,-0.165596257347,-3.301223703467));
#5631 = DIRECTION('',(-8.302774088379E-17,-0.64962967394,-0.760250805153
    ));
#5632 = DIRECTION('',(1.,-1.247195775152E-16,-2.638869166629E-18));
#5633 = ADVANCED_FACE('',(#5634),#5645,.F.);
#5634 = FACE_BOUND('',#5635,.F.);
#5635 = EDGE_LOOP('',(#5636,#5637,#5638,#5644));
#5636 = ORIENTED_EDGE('',*,*,#5621,.F.);
#5637 = ORIENTED_EDGE('',*,*,#5450,.F.);
#5638 = ORIENTED_EDGE('',*,*,#5639,.T.);
#5639 = EDGE_CURVE('',#5443,#5553,#5640,.T.);
#5640 = LINE('',#5641,#5642);
#5641 = CARTESIAN_POINT('',(0.25,5.E-02,-3.4));
#5642 = VECTOR('',#5643,1.);
#5643 = DIRECTION('',(-1.,1.224646799147E-16,0.));
#5644 = ORIENTED_EDGE('',*,*,#5560,.T.);
#5645 = PLANE('',#5646);
#5646 = AXIS2_PLACEMENT_3D('',#5647,#5648,#5649);
#5647 = CARTESIAN_POINT('',(0.25,0.25,-3.4));
#5648 = DIRECTION('',(0.,0.,1.));
#5649 = DIRECTION('',(-1.224646799147E-16,-1.,0.));
#5650 = ADVANCED_FACE('',(#5651),#5657,.T.);
#5651 = FACE_BOUND('',#5652,.T.);
#5652 = EDGE_LOOP('',(#5653,#5654,#5655,#5656));
#5653 = ORIENTED_EDGE('',*,*,#5442,.F.);
#5654 = ORIENTED_EDGE('',*,*,#5639,.T.);
#5655 = ORIENTED_EDGE('',*,*,#5552,.T.);
#5656 = ORIENTED_EDGE('',*,*,#5480,.F.);
#5657 = PLANE('',#5658);
#5658 = AXIS2_PLACEMENT_3D('',#5659,#5660,#5661);
#5659 = CARTESIAN_POINT('',(0.25,0.134403742653,-3.301223703467));
#5660 = DIRECTION('',(9.136856246232E-17,0.760250805153,-0.64962967394)
  );
#5661 = DIRECTION('',(-1.,1.211454098155E-16,1.127308249542E-18));
#5662 = ( GEOMETRIC_REPRESENTATION_CONTEXT(3) 
GLOBAL_UNCERTAINTY_ASSIGNED_CONTEXT((#5666)) 
GLOBAL_UNIT_ASSIGNED_CONTEXT((#5663,#5664,#5665)) REPRESENTATION_CONTEXT
('Context #1','3D Context with UNIT and UNCERTAINTY') );
#5663 = ( LENGTH_UNIT() NAMED_UNIT(*) SI_UNIT(.MILLI.,.METRE.) );
#5664 = ( NAMED_UNIT(*) PLANE_ANGLE_UNIT() SI_UNIT($,.RADIAN.) );
#5665 = ( NAMED_UNIT(*) SI_UNIT($,.STERADIAN.) SOLID_ANGLE_UNIT() );
#5666 = UNCERTAINTY_MEASURE_WITH_UNIT(LENGTH_MEASURE(1.E-07),#5663,
  'distance_accuracy_value','confusion accuracy');
#5667 = CONTEXT_DEPENDENT_SHAPE_REPRESENTATION(#5668,#5670);
#5668 = ( REPRESENTATION_RELATIONSHIP('','',#2167,#10) 
REPRESENTATION_RELATIONSHIP_WITH_TRANSFORMATION(#5669) 
SHAPE_REPRESENTATION_RELATIONSHIP() );
#5669 = ITEM_DEFINED_TRANSFORMATION('','',#11,#43);
#5670 = PRODUCT_DEFINITION_SHAPE('Placement','Placement of an item',
  #5671);
#5671 = NEXT_ASSEMBLY_USAGE_OCCURRENCE('8','J2','',#5,#2162,$);
#5672 = PRODUCT_RELATED_PRODUCT_CATEGORY('part',$,(#2164));
#5673 = SHAPE_DEFINITION_REPRESENTATION(#5674,#5680);
#5674 = PRODUCT_DEFINITION_SHAPE('','',#5675);
#5675 = PRODUCT_DEFINITION('design','',#5676,#5679);
#5676 = PRODUCT_DEFINITION_FORMATION('','',#5677);
#5677 = PRODUCT('LED_D5.0mm','LED_D5.0mm','',(#5678));
#5678 = PRODUCT_CONTEXT('',#2,'mechanical');
#5679 = PRODUCT_DEFINITION_CONTEXT('part definition',#2,'design');
#5680 = ADVANCED_BREP_SHAPE_REPRESENTATION('',(#11,#5681),#6106);
#5681 = MANIFOLD_SOLID_BREP('',#5682);
#5682 = CLOSED_SHELL('',(#5683,#5710,#5735,#5763,#5795,#5812,#5890,#5921
    ,#5945,#5969,#5986,#6017,#6041,#6065,#6082,#6094));
#5683 = ADVANCED_FACE('',(#5684),#5705,.T.);
#5684 = FACE_BOUND('',#5685,.T.);
#5685 = EDGE_LOOP('',(#5686,#5697,#5698));
#5686 = ORIENTED_EDGE('',*,*,#5687,.T.);
#5687 = EDGE_CURVE('',#5688,#5690,#5692,.T.);
#5688 = VERTEX_POINT('',#5689);
#5689 = CARTESIAN_POINT('',(3.72,6.095124405192E-15,9.15));
#5690 = VERTEX_POINT('',#5691);
#5691 = CARTESIAN_POINT('',(1.27,7.727152251391E-15,11.6));
#5692 = CIRCLE('',#5693,2.45);
#5693 = AXIS2_PLACEMENT_3D('',#5694,#5695,#5696);
#5694 = CARTESIAN_POINT('',(1.27,6.095124405192E-15,9.15));
#5695 = DIRECTION('',(0.,-1.,6.661338147751E-16));
#5696 = DIRECTION('',(1.,0.,0.));
#5697 = ORIENTED_EDGE('',*,*,#5687,.F.);
#5698 = ORIENTED_EDGE('',*,*,#5699,.F.);
#5699 = EDGE_CURVE('',#5688,#5688,#5700,.T.);
#5700 = CIRCLE('',#5701,2.45);
#5701 = AXIS2_PLACEMENT_3D('',#5702,#5703,#5704);
#5702 = CARTESIAN_POINT('',(1.27,4.063416270128E-15,9.15));
#5703 = DIRECTION('',(-5.585532782092E-47,-4.440892098501E-16,-1.));
#5704 = DIRECTION('',(1.,8.292686265567E-16,-3.68269249121E-31));
#5705 = SPHERICAL_SURFACE('',#5706,2.45);
#5706 = AXIS2_PLACEMENT_3D('',#5707,#5708,#5709);
#5707 = CARTESIAN_POINT('',(1.27,6.095124405192E-15,9.15));
#5708 = DIRECTION('',(0.,4.440892098501E-16,1.));
#5709 = DIRECTION('',(1.,1.394807543452E-15,-6.194189798646E-31));
#5710 = ADVANCED_FACE('',(#5711),#5730,.T.);
#5711 = FACE_BOUND('',#5712,.T.);
#5712 = EDGE_LOOP('',(#5713,#5721,#5722,#5723));
#5713 = ORIENTED_EDGE('',*,*,#5714,.F.);
#5714 = EDGE_CURVE('',#5688,#5715,#5717,.T.);
#5715 = VERTEX_POINT('',#5716);
#5716 = CARTESIAN_POINT('',(3.72,2.6645352591E-15,4.));
#5717 = LINE('',#5718,#5719);
#5718 = CARTESIAN_POINT('',(3.72,6.095124405192E-15,9.15));
#5719 = VECTOR('',#5720,1.);
#5720 = DIRECTION('',(0.,-6.661338147751E-16,-1.));
#5721 = ORIENTED_EDGE('',*,*,#5699,.T.);
#5722 = ORIENTED_EDGE('',*,*,#5714,.T.);
#5723 = ORIENTED_EDGE('',*,*,#5724,.F.);
#5724 = EDGE_CURVE('',#5715,#5715,#5725,.T.);
#5725 = CIRCLE('',#5726,2.45);
#5726 = AXIS2_PLACEMENT_3D('',#5727,#5728,#5729);
#5727 = CARTESIAN_POINT('',(1.27,1.7763568394E-15,4.));
#5728 = DIRECTION('',(-2.681055735445E-47,-4.440892098501E-16,-1.));
#5729 = DIRECTION('',(1.,3.625218039592E-16,-1.609920214737E-31));
#5730 = CYLINDRICAL_SURFACE('',#5731,2.45);
#5731 = AXIS2_PLACEMENT_3D('',#5732,#5733,#5734);
#5732 = CARTESIAN_POINT('',(1.27,4.063416270128E-15,9.15));
#5733 = DIRECTION('',(0.,-4.440892098501E-16,-1.));
#5734 = DIRECTION('',(1.,8.292686265567E-16,-3.68269249121E-31));
#5735 = ADVANCED_FACE('',(#5736,#5755),#5758,.F.);
#5736 = FACE_BOUND('',#5737,.F.);
#5737 = EDGE_LOOP('',(#5738,#5749));
#5738 = ORIENTED_EDGE('',*,*,#5739,.F.);
#5739 = EDGE_CURVE('',#5740,#5742,#5744,.T.);
#5740 = VERTEX_POINT('',#5741);
#5741 = CARTESIAN_POINT('',(-1.229999999999,-1.46969384567,4.));
#5742 = VERTEX_POINT('',#5743);
#5743 = CARTESIAN_POINT('',(-1.23,1.469693845669,4.));
#5744 = CIRCLE('',#5745,2.9);
#5745 = AXIS2_PLACEMENT_3D('',#5746,#5747,#5748);
#5746 = CARTESIAN_POINT('',(1.27,0.,4.));
#5747 = DIRECTION('',(0.,0.,1.));
#5748 = DIRECTION('',(1.,0.,-0.));
#5749 = ORIENTED_EDGE('',*,*,#5750,.T.);
#5750 = EDGE_CURVE('',#5740,#5742,#5751,.T.);
#5751 = LINE('',#5752,#5753);
#5752 = CARTESIAN_POINT('',(-1.229999999999,-1.46969384567,4.));
#5753 = VECTOR('',#5754,1.);
#5754 = DIRECTION('',(0.,1.,0.));
#5755 = FACE_BOUND('',#5756,.F.);
#5756 = EDGE_LOOP('',(#5757));
#5757 = ORIENTED_EDGE('',*,*,#5724,.F.);
#5758 = PLANE('',#5759);
#5759 = AXIS2_PLACEMENT_3D('',#5760,#5761,#5762);
#5760 = CARTESIAN_POINT('',(-1.229999999999,-1.469693845671,4.));
#5761 = DIRECTION('',(0.,0.,-1.));
#5762 = DIRECTION('',(-1.,0.,0.));
#5763 = ADVANCED_FACE('',(#5764),#5790,.T.);
#5764 = FACE_BOUND('',#5765,.T.);
#5765 = EDGE_LOOP('',(#5766,#5777,#5783,#5784));
#5766 = ORIENTED_EDGE('',*,*,#5767,.T.);
#5767 = EDGE_CURVE('',#5768,#5770,#5772,.T.);
#5768 = VERTEX_POINT('',#5769);
#5769 = CARTESIAN_POINT('',(-1.229999999999,-1.46969384567,3.));
#5770 = VERTEX_POINT('',#5771);
#5771 = CARTESIAN_POINT('',(-1.23,1.469693845669,3.));
#5772 = CIRCLE('',#5773,2.9);
#5773 = AXIS2_PLACEMENT_3D('',#5774,#5775,#5776);
#5774 = CARTESIAN_POINT('',(1.27,0.,3.));
#5775 = DIRECTION('',(0.,0.,1.));
#5776 = DIRECTION('',(1.,0.,-0.));
#5777 = ORIENTED_EDGE('',*,*,#5778,.T.);
#5778 = EDGE_CURVE('',#5770,#5742,#5779,.T.);
#5779 = LINE('',#5780,#5781);
#5780 = CARTESIAN_POINT('',(-1.23,1.469693845669,3.));
#5781 = VECTOR('',#5782,1.);
#5782 = DIRECTION('',(0.,0.,1.));
#5783 = ORIENTED_EDGE('',*,*,#5739,.F.);
#5784 = ORIENTED_EDGE('',*,*,#5785,.F.);
#5785 = EDGE_CURVE('',#5768,#5740,#5786,.T.);
#5786 = LINE('',#5787,#5788);
#5787 = CARTESIAN_POINT('',(-1.229999999999,-1.46969384567,3.));
#5788 = VECTOR('',#5789,1.);
#5789 = DIRECTION('',(0.,0.,1.));
#5790 = CYLINDRICAL_SURFACE('',#5791,2.9);
#5791 = AXIS2_PLACEMENT_3D('',#5792,#5793,#5794);
#5792 = CARTESIAN_POINT('',(1.27,0.,3.));
#5793 = DIRECTION('',(-0.,-0.,-1.));
#5794 = DIRECTION('',(1.,0.,0.));
#5795 = ADVANCED_FACE('',(#5796),#5807,.T.);
#5796 = FACE_BOUND('',#5797,.T.);
#5797 = EDGE_LOOP('',(#5798,#5799,#5800,#5801));
#5798 = ORIENTED_EDGE('',*,*,#5785,.T.);
#5799 = ORIENTED_EDGE('',*,*,#5750,.T.);
#5800 = ORIENTED_EDGE('',*,*,#5778,.F.);
#5801 = ORIENTED_EDGE('',*,*,#5802,.F.);
#5802 = EDGE_CURVE('',#5768,#5770,#5803,.T.);
#5803 = LINE('',#5804,#5805);
#5804 = CARTESIAN_POINT('',(-1.229999999999,-1.46969384567,3.));
#5805 = VECTOR('',#5806,1.);
#5806 = DIRECTION('',(0.,1.,0.));
#5807 = PLANE('',#5808);
#5808 = AXIS2_PLACEMENT_3D('',#5809,#5810,#5811);
#5809 = CARTESIAN_POINT('',(-1.229999999999,-1.46969384567,3.));
#5810 = DIRECTION('',(-1.,0.,0.));
#5811 = DIRECTION('',(0.,1.,0.));
#5812 = ADVANCED_FACE('',(#5813,#5817,#5851),#5885,.T.);
#5813 = FACE_BOUND('',#5814,.T.);
#5814 = EDGE_LOOP('',(#5815,#5816));
#5815 = ORIENTED_EDGE('',*,*,#5767,.F.);
#5816 = ORIENTED_EDGE('',*,*,#5802,.T.);
#5817 = FACE_BOUND('',#5818,.T.);
#5818 = EDGE_LOOP('',(#5819,#5829,#5837,#5845));
#5819 = ORIENTED_EDGE('',*,*,#5820,.T.);
#5820 = EDGE_CURVE('',#5821,#5823,#5825,.T.);
#5821 = VERTEX_POINT('',#5822);
#5822 = CARTESIAN_POINT('',(-0.2,-0.2,3.));
#5823 = VERTEX_POINT('',#5824);
#5824 = CARTESIAN_POINT('',(0.2,-0.2,3.));
#5825 = LINE('',#5826,#5827);
#5826 = CARTESIAN_POINT('',(-0.515,-0.2,3.));
#5827 = VECTOR('',#5828,1.);
#5828 = DIRECTION('',(1.,0.,0.));
#5829 = ORIENTED_EDGE('',*,*,#5830,.T.);
#5830 = EDGE_CURVE('',#5823,#5831,#5833,.T.);
#5831 = VERTEX_POINT('',#5832);
#5832 = CARTESIAN_POINT('',(0.2,0.2,3.));
#5833 = LINE('',#5834,#5835);
#5834 = CARTESIAN_POINT('',(0.2,-0.634846922835,3.));
#5835 = VECTOR('',#5836,1.);
#5836 = DIRECTION('',(0.,1.,0.));
#5837 = ORIENTED_EDGE('',*,*,#5838,.T.);
#5838 = EDGE_CURVE('',#5831,#5839,#5841,.T.);
#5839 = VERTEX_POINT('',#5840);
#5840 = CARTESIAN_POINT('',(-0.2,0.2,3.));
#5841 = LINE('',#5842,#5843);
#5842 = CARTESIAN_POINT('',(-0.715,0.2,3.));
#5843 = VECTOR('',#5844,1.);
#5844 = DIRECTION('',(-1.,-0.,-0.));
#5845 = ORIENTED_EDGE('',*,*,#5846,.T.);
#5846 = EDGE_CURVE('',#5839,#5821,#5847,.T.);
#5847 = LINE('',#5848,#5849);
#5848 = CARTESIAN_POINT('',(-0.2,-0.834846922835,3.));
#5849 = VECTOR('',#5850,1.);
#5850 = DIRECTION('',(0.,-1.,0.));
#5851 = FACE_BOUND('',#5852,.T.);
#5852 = EDGE_LOOP('',(#5853,#5863,#5871,#5879));
#5853 = ORIENTED_EDGE('',*,*,#5854,.T.);
#5854 = EDGE_CURVE('',#5855,#5857,#5859,.T.);
#5855 = VERTEX_POINT('',#5856);
#5856 = CARTESIAN_POINT('',(2.34,0.2,3.));
#5857 = VERTEX_POINT('',#5858);
#5858 = CARTESIAN_POINT('',(2.34,-0.2,3.));
#5859 = LINE('',#5860,#5861);
#5860 = CARTESIAN_POINT('',(2.34,-0.834846922835,3.));
#5861 = VECTOR('',#5862,1.);
#5862 = DIRECTION('',(0.,-1.,0.));
#5863 = ORIENTED_EDGE('',*,*,#5864,.T.);
#5864 = EDGE_CURVE('',#5857,#5865,#5867,.T.);
#5865 = VERTEX_POINT('',#5866);
#5866 = CARTESIAN_POINT('',(2.74,-0.2,3.));
#5867 = LINE('',#5868,#5869);
#5868 = CARTESIAN_POINT('',(0.755,-0.2,3.));
#5869 = VECTOR('',#5870,1.);
#5870 = DIRECTION('',(1.,0.,0.));
#5871 = ORIENTED_EDGE('',*,*,#5872,.T.);
#5872 = EDGE_CURVE('',#5865,#5873,#5875,.T.);
#5873 = VERTEX_POINT('',#5874);
#5874 = CARTESIAN_POINT('',(2.74,0.2,3.));
#5875 = LINE('',#5876,#5877);
#5876 = CARTESIAN_POINT('',(2.74,-0.634846922835,3.));
#5877 = VECTOR('',#5878,1.);
#5878 = DIRECTION('',(0.,1.,0.));
#5879 = ORIENTED_EDGE('',*,*,#5880,.T.);
#5880 = EDGE_CURVE('',#5873,#5855,#5881,.T.);
#5881 = LINE('',#5882,#5883);
#5882 = CARTESIAN_POINT('',(0.555,0.2,3.));
#5883 = VECTOR('',#5884,1.);
#5884 = DIRECTION('',(-1.,-0.,-0.));
#5885 = PLANE('',#5886);
#5886 = AXIS2_PLACEMENT_3D('',#5887,#5888,#5889);
#5887 = CARTESIAN_POINT('',(-1.229999999999,-1.469693845671,3.));
#5888 = DIRECTION('',(0.,0.,-1.));
#5889 = DIRECTION('',(-1.,0.,0.));
#5890 = ADVANCED_FACE('',(#5891),#5916,.F.);
#5891 = FACE_BOUND('',#5892,.F.);
#5892 = EDGE_LOOP('',(#5893,#5894,#5902,#5910));
#5893 = ORIENTED_EDGE('',*,*,#5820,.T.);
#5894 = ORIENTED_EDGE('',*,*,#5895,.T.);
#5895 = EDGE_CURVE('',#5823,#5896,#5898,.T.);
#5896 = VERTEX_POINT('',#5897);
#5897 = CARTESIAN_POINT('',(0.2,-0.2,-2.5));
#5898 = LINE('',#5899,#5900);
#5899 = CARTESIAN_POINT('',(0.2,-0.2,3.5));
#5900 = VECTOR('',#5901,1.);
#5901 = DIRECTION('',(-0.,-0.,-1.));
#5902 = ORIENTED_EDGE('',*,*,#5903,.T.);
#5903 = EDGE_CURVE('',#5896,#5904,#5906,.T.);
#5904 = VERTEX_POINT('',#5905);
#5905 = CARTESIAN_POINT('',(-0.2,-0.2,-2.5));
#5906 = LINE('',#5907,#5908);
#5907 = CARTESIAN_POINT('',(0.2,-0.2,-2.5));
#5908 = VECTOR('',#5909,1.);
#5909 = DIRECTION('',(-1.,0.,0.));
#5910 = ORIENTED_EDGE('',*,*,#5911,.F.);
#5911 = EDGE_CURVE('',#5821,#5904,#5912,.T.);
#5912 = LINE('',#5913,#5914);
#5913 = CARTESIAN_POINT('',(-0.2,-0.2,3.5));
#5914 = VECTOR('',#5915,1.);
#5915 = DIRECTION('',(-0.,-0.,-1.));
#5916 = PLANE('',#5917);
#5917 = AXIS2_PLACEMENT_3D('',#5918,#5919,#5920);
#5918 = CARTESIAN_POINT('',(0.2,-0.2,3.5));
#5919 = DIRECTION('',(0.,1.,0.));
#5920 = DIRECTION('',(-1.,0.,0.));
#5921 = ADVANCED_FACE('',(#5922),#5940,.F.);
#5922 = FACE_BOUND('',#5923,.F.);
#5923 = EDGE_LOOP('',(#5924,#5925,#5926,#5934));
#5924 = ORIENTED_EDGE('',*,*,#5846,.T.);
#5925 = ORIENTED_EDGE('',*,*,#5911,.T.);
#5926 = ORIENTED_EDGE('',*,*,#5927,.T.);
#5927 = EDGE_CURVE('',#5904,#5928,#5930,.T.);
#5928 = VERTEX_POINT('',#5929);
#5929 = CARTESIAN_POINT('',(-0.2,0.2,-2.5));
#5930 = LINE('',#5931,#5932);
#5931 = CARTESIAN_POINT('',(-0.2,-0.2,-2.5));
#5932 = VECTOR('',#5933,1.);
#5933 = DIRECTION('',(0.,1.,0.));
#5934 = ORIENTED_EDGE('',*,*,#5935,.F.);
#5935 = EDGE_CURVE('',#5839,#5928,#5936,.T.);
#5936 = LINE('',#5937,#5938);
#5937 = CARTESIAN_POINT('',(-0.2,0.2,3.5));
#5938 = VECTOR('',#5939,1.);
#5939 = DIRECTION('',(-0.,-0.,-1.));
#5940 = PLANE('',#5941);
#5941 = AXIS2_PLACEMENT_3D('',#5942,#5943,#5944);
#5942 = CARTESIAN_POINT('',(-0.2,-0.2,3.5));
#5943 = DIRECTION('',(1.,0.,0.));
#5944 = DIRECTION('',(-0.,1.,0.));
#5945 = ADVANCED_FACE('',(#5946),#5964,.F.);
#5946 = FACE_BOUND('',#5947,.F.);
#5947 = EDGE_LOOP('',(#5948,#5949,#5950,#5958));
#5948 = ORIENTED_EDGE('',*,*,#5838,.T.);
#5949 = ORIENTED_EDGE('',*,*,#5935,.T.);
#5950 = ORIENTED_EDGE('',*,*,#5951,.T.);
#5951 = EDGE_CURVE('',#5928,#5952,#5954,.T.);
#5952 = VERTEX_POINT('',#5953);
#5953 = CARTESIAN_POINT('',(0.2,0.2,-2.5));
#5954 = LINE('',#5955,#5956);
#5955 = CARTESIAN_POINT('',(-0.2,0.2,-2.5));
#5956 = VECTOR('',#5957,1.);
#5957 = DIRECTION('',(1.,0.,0.));
#5958 = ORIENTED_EDGE('',*,*,#5959,.F.);
#5959 = EDGE_CURVE('',#5831,#5952,#5960,.T.);
#5960 = LINE('',#5961,#5962);
#5961 = CARTESIAN_POINT('',(0.2,0.2,3.5));
#5962 = VECTOR('',#5963,1.);
#5963 = DIRECTION('',(-0.,-0.,-1.));
#5964 = PLANE('',#5965);
#5965 = AXIS2_PLACEMENT_3D('',#5966,#5967,#5968);
#5966 = CARTESIAN_POINT('',(-0.2,0.2,3.5));
#5967 = DIRECTION('',(0.,-1.,0.));
#5968 = DIRECTION('',(1.,0.,0.));
#5969 = ADVANCED_FACE('',(#5970),#5981,.F.);
#5970 = FACE_BOUND('',#5971,.F.);
#5971 = EDGE_LOOP('',(#5972,#5973,#5974,#5980));
#5972 = ORIENTED_EDGE('',*,*,#5830,.T.);
#5973 = ORIENTED_EDGE('',*,*,#5959,.T.);
#5974 = ORIENTED_EDGE('',*,*,#5975,.T.);
#5975 = EDGE_CURVE('',#5952,#5896,#5976,.T.);
#5976 = LINE('',#5977,#5978);
#5977 = CARTESIAN_POINT('',(0.2,0.2,-2.5));
#5978 = VECTOR('',#5979,1.);
#5979 = DIRECTION('',(0.,-1.,0.));
#5980 = ORIENTED_EDGE('',*,*,#5895,.F.);
#5981 = PLANE('',#5982);
#5982 = AXIS2_PLACEMENT_3D('',#5983,#5984,#5985);
#5983 = CARTESIAN_POINT('',(0.2,0.2,3.5));
#5984 = DIRECTION('',(-1.,0.,0.));
#5985 = DIRECTION('',(0.,-1.,0.));
#5986 = ADVANCED_FACE('',(#5987),#6012,.F.);
#5987 = FACE_BOUND('',#5988,.F.);
#5988 = EDGE_LOOP('',(#5989,#5990,#5998,#6006));
#5989 = ORIENTED_EDGE('',*,*,#5854,.T.);
#5990 = ORIENTED_EDGE('',*,*,#5991,.T.);
#5991 = EDGE_CURVE('',#5857,#5992,#5994,.T.);
#5992 = VERTEX_POINT('',#5993);
#5993 = CARTESIAN_POINT('',(2.34,-0.2,-2.5));
#5994 = LINE('',#5995,#5996);
#5995 = CARTESIAN_POINT('',(2.34,-0.2,3.5));
#5996 = VECTOR('',#5997,1.);
#5997 = DIRECTION('',(-0.,-0.,-1.));
#5998 = ORIENTED_EDGE('',*,*,#5999,.T.);
#5999 = EDGE_CURVE('',#5992,#6000,#6002,.T.);
#6000 = VERTEX_POINT('',#6001);
#6001 = CARTESIAN_POINT('',(2.34,0.2,-2.5));
#6002 = LINE('',#6003,#6004);
#6003 = CARTESIAN_POINT('',(2.34,-0.2,-2.5));
#6004 = VECTOR('',#6005,1.);
#6005 = DIRECTION('',(0.,1.,0.));
#6006 = ORIENTED_EDGE('',*,*,#6007,.F.);
#6007 = EDGE_CURVE('',#5855,#6000,#6008,.T.);
#6008 = LINE('',#6009,#6010);
#6009 = CARTESIAN_POINT('',(2.34,0.2,3.5));
#6010 = VECTOR('',#6011,1.);
#6011 = DIRECTION('',(-0.,-0.,-1.));
#6012 = PLANE('',#6013);
#6013 = AXIS2_PLACEMENT_3D('',#6014,#6015,#6016);
#6014 = CARTESIAN_POINT('',(2.34,-0.2,3.5));
#6015 = DIRECTION('',(1.,0.,0.));
#6016 = DIRECTION('',(-0.,1.,0.));
#6017 = ADVANCED_FACE('',(#6018),#6036,.F.);
#6018 = FACE_BOUND('',#6019,.F.);
#6019 = EDGE_LOOP('',(#6020,#6021,#6022,#6030));
#6020 = ORIENTED_EDGE('',*,*,#5880,.T.);
#6021 = ORIENTED_EDGE('',*,*,#6007,.T.);
#6022 = ORIENTED_EDGE('',*,*,#6023,.T.);
#6023 = EDGE_CURVE('',#6000,#6024,#6026,.T.);
#6024 = VERTEX_POINT('',#6025);
#6025 = CARTESIAN_POINT('',(2.74,0.2,-2.5));
#6026 = LINE('',#6027,#6028);
#6027 = CARTESIAN_POINT('',(2.34,0.2,-2.5));
#6028 = VECTOR('',#6029,1.);
#6029 = DIRECTION('',(1.,0.,0.));
#6030 = ORIENTED_EDGE('',*,*,#6031,.F.);
#6031 = EDGE_CURVE('',#5873,#6024,#6032,.T.);
#6032 = LINE('',#6033,#6034);
#6033 = CARTESIAN_POINT('',(2.74,0.2,3.5));
#6034 = VECTOR('',#6035,1.);
#6035 = DIRECTION('',(-0.,-0.,-1.));
#6036 = PLANE('',#6037);
#6037 = AXIS2_PLACEMENT_3D('',#6038,#6039,#6040);
#6038 = CARTESIAN_POINT('',(2.34,0.2,3.5));
#6039 = DIRECTION('',(0.,-1.,0.));
#6040 = DIRECTION('',(1.,0.,0.));
#6041 = ADVANCED_FACE('',(#6042),#6060,.F.);
#6042 = FACE_BOUND('',#6043,.F.);
#6043 = EDGE_LOOP('',(#6044,#6045,#6046,#6054));
#6044 = ORIENTED_EDGE('',*,*,#5872,.T.);
#6045 = ORIENTED_EDGE('',*,*,#6031,.T.);
#6046 = ORIENTED_EDGE('',*,*,#6047,.T.);
#6047 = EDGE_CURVE('',#6024,#6048,#6050,.T.);
#6048 = VERTEX_POINT('',#6049);
#6049 = CARTESIAN_POINT('',(2.74,-0.2,-2.5));
#6050 = LINE('',#6051,#6052);
#6051 = CARTESIAN_POINT('',(2.74,0.2,-2.5));
#6052 = VECTOR('',#6053,1.);
#6053 = DIRECTION('',(0.,-1.,0.));
#6054 = ORIENTED_EDGE('',*,*,#6055,.F.);
#6055 = EDGE_CURVE('',#5865,#6048,#6056,.T.);
#6056 = LINE('',#6057,#6058);
#6057 = CARTESIAN_POINT('',(2.74,-0.2,3.5));
#6058 = VECTOR('',#6059,1.);
#6059 = DIRECTION('',(-0.,-0.,-1.));
#6060 = PLANE('',#6061);
#6061 = AXIS2_PLACEMENT_3D('',#6062,#6063,#6064);
#6062 = CARTESIAN_POINT('',(2.74,0.2,3.5));
#6063 = DIRECTION('',(-1.,0.,0.));
#6064 = DIRECTION('',(0.,-1.,0.));
#6065 = ADVANCED_FACE('',(#6066),#6077,.F.);
#6066 = FACE_BOUND('',#6067,.F.);
#6067 = EDGE_LOOP('',(#6068,#6069,#6070,#6076));
#6068 = ORIENTED_EDGE('',*,*,#5864,.T.);
#6069 = ORIENTED_EDGE('',*,*,#6055,.T.);
#6070 = ORIENTED_EDGE('',*,*,#6071,.T.);
#6071 = EDGE_CURVE('',#6048,#5992,#6072,.T.);
#6072 = LINE('',#6073,#6074);
#6073 = CARTESIAN_POINT('',(2.74,-0.2,-2.5));
#6074 = VECTOR('',#6075,1.);
#6075 = DIRECTION('',(-1.,0.,0.));
#6076 = ORIENTED_EDGE('',*,*,#5991,.F.);
#6077 = PLANE('',#6078);
#6078 = AXIS2_PLACEMENT_3D('',#6079,#6080,#6081);
#6079 = CARTESIAN_POINT('',(2.74,-0.2,3.5));
#6080 = DIRECTION('',(0.,1.,0.));
#6081 = DIRECTION('',(-1.,0.,0.));
#6082 = ADVANCED_FACE('',(#6083),#6089,.F.);
#6083 = FACE_BOUND('',#6084,.T.);
#6084 = EDGE_LOOP('',(#6085,#6086,#6087,#6088));
#6085 = ORIENTED_EDGE('',*,*,#5951,.T.);
#6086 = ORIENTED_EDGE('',*,*,#5975,.T.);
#6087 = ORIENTED_EDGE('',*,*,#5903,.T.);
#6088 = ORIENTED_EDGE('',*,*,#5927,.T.);
#6089 = PLANE('',#6090);
#6090 = AXIS2_PLACEMENT_3D('',#6091,#6092,#6093);
#6091 = CARTESIAN_POINT('',(-0.2,0.2,-2.5));
#6092 = DIRECTION('',(0.,0.,1.));
#6093 = DIRECTION('',(1.,0.,-0.));
#6094 = ADVANCED_FACE('',(#6095),#6101,.F.);
#6095 = FACE_BOUND('',#6096,.T.);
#6096 = EDGE_LOOP('',(#6097,#6098,#6099,#6100));
#6097 = ORIENTED_EDGE('',*,*,#6023,.T.);
#6098 = ORIENTED_EDGE('',*,*,#6047,.T.);
#6099 = ORIENTED_EDGE('',*,*,#6071,.T.);
#6100 = ORIENTED_EDGE('',*,*,#5999,.T.);
#6101 = PLANE('',#6102);
#6102 = AXIS2_PLACEMENT_3D('',#6103,#6104,#6105);
#6103 = CARTESIAN_POINT('',(2.34,0.2,-2.5));
#6104 = DIRECTION('',(0.,0.,1.));
#6105 = DIRECTION('',(1.,0.,-0.));
#6106 = ( GEOMETRIC_REPRESENTATION_CONTEXT(3) 
GLOBAL_UNCERTAINTY_ASSIGNED_CONTEXT((#6110)) 
GLOBAL_UNIT_ASSIGNED_CONTEXT((#6107,#6108,#6109)) REPRESENTATION_CONTEXT
('Context #1','3D Context with UNIT and UNCERTAINTY') );
#6107 = ( LENGTH_UNIT() NAMED_UNIT(*) SI_UNIT(.MILLI.,.METRE.) );
#6108 = ( NAMED_UNIT(*) PLANE_ANGLE_UNIT() SI_UNIT($,.RADIAN.) );
#6109 = ( NAMED_UNIT(*) SI_UNIT($,.STERADIAN.) SOLID_ANGLE_UNIT() );
#6110 = UNCERTAINTY_MEASURE_WITH_UNIT(LENGTH_MEASURE(1.E-07),#6107,
  'distance_accuracy_value','confusion accuracy');
#6111 = CONTEXT_DEPENDENT_SHAPE_REPRESENTATION(#6112,#6114);
#6112 = ( REPRESENTATION_RELATIONSHIP('','',#5680,#10) 
REPRESENTATION_RELATIONSHIP_WITH_TRANSFORMATION(#6113) 
SHAPE_REPRESENTATION_RELATIONSHIP() );
#6113 = ITEM_DEFINED_TRANSFORMATION('','',#11,#47);
#6114 = PRODUCT_DEFINITION_SHAPE('Placement','Placement of an item',
  #6115);
#6115 = NEXT_ASSEMBLY_USAGE_OCCURRENCE('9','D1','',#5,#5675,$);
#6116 = PRODUCT_RELATED_PRODUCT_CATEGORY('part',$,(#5677));
#6117 = SHAPE_DEFINITION_REPRESENTATION(#6118,#6124);
#6118 = PRODUCT_DEFINITION_SHAPE('','',#6119);
#6119 = PRODUCT_DEFINITION('design','',#6120,#6123);
#6120 = PRODUCT_DEFINITION_FORMATION('','',#6121);
#6121 = PRODUCT('SW_Slide_SPDT_Straight_CK_OS102011MS2Q',
  'SW_Slide_SPDT_Straight_CK_OS102011MS2Q','',(#6122));
#6122 = PRODUCT_CONTEXT('',#2,'mechanical');
#6123 = PRODUCT_DEFINITION_CONTEXT('part definition',#2,'design');
#6124 = SHAPE_REPRESENTATION('',(#11,#6125,#10451,#10865,#11081,#11297,
    #11513),#12050);
#6125 = MANIFOLD_SOLID_BREP('',#6126);
#6126 = CLOSED_SHELL('',(#6127,#6176,#6207,#6232,#6263,#6287,#6318,#6343
    ,#6465,#6489,#6609,#6633,#6657,#6688,#6705,#6722,#6739,#6770,#6801,
    #6823,#6845,#6862,#6879,#6910,#6932,#6949,#6966,#6978,#7011,#7126,
    #7173,#7204,#7269,#7334,#7358,#7382,#7399,#7430,#7463,#7488,#7513,
    #7546,#7563,#7596,#7629,#7646,#7663,#7687,#7711,#7742,#7766,#7797,
    #7828,#7859,#7883,#7907,#7924,#7955,#7979,#8003,#8020,#8044,#8075,
    #8106,#8137,#8161,#8185,#8250,#8272,#8289,#8336,#8358,#8375,#8399,
    #8446,#8470,#8482,#8499,#8516,#8533,#8557,#8581,#8617,#8641,#8665,
    #8696,#8720,#8744,#8775,#8799,#8823,#8854,#8878,#8909,#8926,#8957,
    #8988,#9012,#9043,#9068,#9115,#9147,#9171,#9195,#9212,#9234,#9246,
    #9263,#9275,#9287,#9304,#9321,#9361,#9378,#9395,#9435,#9475,#9499,
    #9523,#9540,#9580,#9620,#9644,#9668,#9685,#9725,#9765,#9789,#9813,
    #9830,#9870,#9894,#9918,#9935,#9966,#9990,#10007,#10031,#10048,
    #10060,#10084,#10115,#10132,#10156,#10173,#10185,#10202,#10219,
    #10236,#10253,#10270,#10287,#10304,#10321,#10333,#10350,#10367,
    #10379,#10396,#10413,#10425,#10437));
#6127 = ADVANCED_FACE('',(#6128),#6171,.T.);
#6128 = FACE_BOUND('',#6129,.T.);
#6129 = EDGE_LOOP('',(#6130,#6140,#6148,#6156,#6164));
#6130 = ORIENTED_EDGE('',*,*,#6131,.F.);
#6131 = EDGE_CURVE('',#6132,#6134,#6136,.T.);
#6132 = VERTEX_POINT('',#6133);
#6133 = CARTESIAN_POINT('',(-1.899999999998,1.350000000002,4.7));
#6134 = VERTEX_POINT('',#6135);
#6135 = CARTESIAN_POINT('',(-1.939999999998,1.350000000002,4.7));
#6136 = LINE('',#6137,#6138);
#6137 = CARTESIAN_POINT('',(-1.899999999998,1.350000000002,4.7));
#6138 = VECTOR('',#6139,1.);
#6139 = DIRECTION('',(-1.,0.,0.));
#6140 = ORIENTED_EDGE('',*,*,#6141,.F.);
#6141 = EDGE_CURVE('',#6142,#6132,#6144,.T.);
#6142 = VERTEX_POINT('',#6143);
#6143 = CARTESIAN_POINT('',(-1.899999999998,1.350000000002,4.3));
#6144 = LINE('',#6145,#6146);
#6145 = CARTESIAN_POINT('',(-1.899999999998,1.350000000002,4.3));
#6146 = VECTOR('',#6147,1.);
#6147 = DIRECTION('',(0.,0.,1.));
#6148 = ORIENTED_EDGE('',*,*,#6149,.T.);
#6149 = EDGE_CURVE('',#6142,#6150,#6152,.T.);
#6150 = VERTEX_POINT('',#6151);
#6151 = CARTESIAN_POINT('',(-2.299999999998,1.350000000002,4.3));
#6152 = LINE('',#6153,#6154);
#6153 = CARTESIAN_POINT('',(-1.899999999998,1.350000000002,4.3));
#6154 = VECTOR('',#6155,1.);
#6155 = DIRECTION('',(-1.,0.,0.));
#6156 = ORIENTED_EDGE('',*,*,#6157,.T.);
#6157 = EDGE_CURVE('',#6150,#6158,#6160,.T.);
#6158 = VERTEX_POINT('',#6159);
#6159 = CARTESIAN_POINT('',(-2.299999999998,1.350000000002,4.34));
#6160 = LINE('',#6161,#6162);
#6161 = CARTESIAN_POINT('',(-2.299999999998,1.350000000002,4.3));
#6162 = VECTOR('',#6163,1.);
#6163 = DIRECTION('',(0.,0.,1.));
#6164 = ORIENTED_EDGE('',*,*,#6165,.F.);
#6165 = EDGE_CURVE('',#6134,#6158,#6166,.T.);
#6166 = CIRCLE('',#6167,0.36);
#6167 = AXIS2_PLACEMENT_3D('',#6168,#6169,#6170);
#6168 = CARTESIAN_POINT('',(-1.939999999998,1.350000000002,4.34));
#6169 = DIRECTION('',(0.,-1.,0.));
#6170 = DIRECTION('',(0.,0.,1.));
#6171 = PLANE('',#6172);
#6172 = AXIS2_PLACEMENT_3D('',#6173,#6174,#6175);
#6173 = CARTESIAN_POINT('',(-1.899999999998,1.350000000002,4.3));
#6174 = DIRECTION('',(0.,1.,0.));
#6175 = DIRECTION('',(0.,-0.,1.));
#6176 = ADVANCED_FACE('',(#6177),#6202,.F.);
#6177 = FACE_BOUND('',#6178,.F.);
#6178 = EDGE_LOOP('',(#6179,#6189,#6195,#6196));
#6179 = ORIENTED_EDGE('',*,*,#6180,.T.);
#6180 = EDGE_CURVE('',#6181,#6183,#6185,.T.);
#6181 = VERTEX_POINT('',#6182);
#6182 = CARTESIAN_POINT('',(-1.899999999998,-1.349999999998,4.7));
#6183 = VERTEX_POINT('',#6184);
#6184 = CARTESIAN_POINT('',(-1.939999999998,-1.349999999998,4.7));
#6185 = LINE('',#6186,#6187);
#6186 = CARTESIAN_POINT('',(-1.899999999998,-1.349999999998,4.7));
#6187 = VECTOR('',#6188,1.);
#6188 = DIRECTION('',(-1.,0.,0.));
#6189 = ORIENTED_EDGE('',*,*,#6190,.T.);
#6190 = EDGE_CURVE('',#6183,#6134,#6191,.T.);
#6191 = LINE('',#6192,#6193);
#6192 = CARTESIAN_POINT('',(-1.939999999998,-1.349999999998,4.7));
#6193 = VECTOR('',#6194,1.);
#6194 = DIRECTION('',(0.,1.,0.));
#6195 = ORIENTED_EDGE('',*,*,#6131,.F.);
#6196 = ORIENTED_EDGE('',*,*,#6197,.F.);
#6197 = EDGE_CURVE('',#6181,#6132,#6198,.T.);
#6198 = LINE('',#6199,#6200);
#6199 = CARTESIAN_POINT('',(-1.899999999998,-1.349999999998,4.7));
#6200 = VECTOR('',#6201,1.);
#6201 = DIRECTION('',(0.,1.,0.));
#6202 = PLANE('',#6203);
#6203 = AXIS2_PLACEMENT_3D('',#6204,#6205,#6206);
#6204 = CARTESIAN_POINT('',(-1.899999999998,-1.349999999998,4.7));
#6205 = DIRECTION('',(0.,0.,-1.));
#6206 = DIRECTION('',(0.,1.,0.));
#6207 = ADVANCED_FACE('',(#6208),#6227,.T.);
#6208 = FACE_BOUND('',#6209,.T.);
#6209 = EDGE_LOOP('',(#6210,#6211,#6212,#6220));
#6210 = ORIENTED_EDGE('',*,*,#6190,.T.);
#6211 = ORIENTED_EDGE('',*,*,#6165,.T.);
#6212 = ORIENTED_EDGE('',*,*,#6213,.F.);
#6213 = EDGE_CURVE('',#6214,#6158,#6216,.T.);
#6214 = VERTEX_POINT('',#6215);
#6215 = CARTESIAN_POINT('',(-2.299999999998,-1.349999999998,4.34));
#6216 = LINE('',#6217,#6218);
#6217 = CARTESIAN_POINT('',(-2.299999999998,-1.349999999998,4.34));
#6218 = VECTOR('',#6219,1.);
#6219 = DIRECTION('',(0.,1.,0.));
#6220 = ORIENTED_EDGE('',*,*,#6221,.F.);
#6221 = EDGE_CURVE('',#6183,#6214,#6222,.T.);
#6222 = CIRCLE('',#6223,0.36);
#6223 = AXIS2_PLACEMENT_3D('',#6224,#6225,#6226);
#6224 = CARTESIAN_POINT('',(-1.939999999998,-1.349999999998,4.34));
#6225 = DIRECTION('',(0.,-1.,0.));
#6226 = DIRECTION('',(0.,0.,1.));
#6227 = CYLINDRICAL_SURFACE('',#6228,0.36);
#6228 = AXIS2_PLACEMENT_3D('',#6229,#6230,#6231);
#6229 = CARTESIAN_POINT('',(-1.939999999998,-1.349999999998,4.34));
#6230 = DIRECTION('',(0.,1.,0.));
#6231 = DIRECTION('',(0.,-0.,1.));
#6232 = ADVANCED_FACE('',(#6233),#6258,.F.);
#6233 = FACE_BOUND('',#6234,.F.);
#6234 = EDGE_LOOP('',(#6235,#6245,#6251,#6252));
#6235 = ORIENTED_EDGE('',*,*,#6236,.T.);
#6236 = EDGE_CURVE('',#6237,#6239,#6241,.T.);
#6237 = VERTEX_POINT('',#6238);
#6238 = CARTESIAN_POINT('',(-1.849999999998,1.350000000002,4.3));
#6239 = VERTEX_POINT('',#6240);
#6240 = CARTESIAN_POINT('',(-1.849999999998,1.350000000002,4.7));
#6241 = LINE('',#6242,#6243);
#6242 = CARTESIAN_POINT('',(-1.849999999998,1.350000000002,4.3));
#6243 = VECTOR('',#6244,1.);
#6244 = DIRECTION('',(0.,0.,1.));
#6245 = ORIENTED_EDGE('',*,*,#6246,.T.);
#6246 = EDGE_CURVE('',#6239,#6132,#6247,.T.);
#6247 = LINE('',#6248,#6249);
#6248 = CARTESIAN_POINT('',(-1.849999999998,1.350000000002,4.7));
#6249 = VECTOR('',#6250,1.);
#6250 = DIRECTION('',(-1.,0.,0.));
#6251 = ORIENTED_EDGE('',*,*,#6141,.F.);
#6252 = ORIENTED_EDGE('',*,*,#6253,.F.);
#6253 = EDGE_CURVE('',#6237,#6142,#6254,.T.);
#6254 = LINE('',#6255,#6256);
#6255 = CARTESIAN_POINT('',(-1.849999999998,1.350000000002,4.3));
#6256 = VECTOR('',#6257,1.);
#6257 = DIRECTION('',(-1.,0.,0.));
#6258 = PLANE('',#6259);
#6259 = AXIS2_PLACEMENT_3D('',#6260,#6261,#6262);
#6260 = CARTESIAN_POINT('',(-1.849999999998,1.350000000002,4.3));
#6261 = DIRECTION('',(0.,-1.,0.));
#6262 = DIRECTION('',(-1.,0.,0.));
#6263 = ADVANCED_FACE('',(#6264),#6282,.T.);
#6264 = FACE_BOUND('',#6265,.T.);
#6265 = EDGE_LOOP('',(#6266,#6274,#6275,#6276));
#6266 = ORIENTED_EDGE('',*,*,#6267,.T.);
#6267 = EDGE_CURVE('',#6268,#6214,#6270,.T.);
#6268 = VERTEX_POINT('',#6269);
#6269 = CARTESIAN_POINT('',(-2.299999999998,-1.349999999998,4.3));
#6270 = LINE('',#6271,#6272);
#6271 = CARTESIAN_POINT('',(-2.299999999998,-1.349999999998,4.3));
#6272 = VECTOR('',#6273,1.);
#6273 = DIRECTION('',(0.,0.,1.));
#6274 = ORIENTED_EDGE('',*,*,#6213,.T.);
#6275 = ORIENTED_EDGE('',*,*,#6157,.F.);
#6276 = ORIENTED_EDGE('',*,*,#6277,.F.);
#6277 = EDGE_CURVE('',#6268,#6150,#6278,.T.);
#6278 = LINE('',#6279,#6280);
#6279 = CARTESIAN_POINT('',(-2.299999999998,-1.349999999998,4.3));
#6280 = VECTOR('',#6281,1.);
#6281 = DIRECTION('',(0.,1.,0.));
#6282 = PLANE('',#6283);
#6283 = AXIS2_PLACEMENT_3D('',#6284,#6285,#6286);
#6284 = CARTESIAN_POINT('',(-2.299999999998,-1.349999999998,4.3));
#6285 = DIRECTION('',(-1.,0.,0.));
#6286 = DIRECTION('',(0.,1.,0.));
#6287 = ADVANCED_FACE('',(#6288),#6313,.T.);
#6288 = FACE_BOUND('',#6289,.T.);
#6289 = EDGE_LOOP('',(#6290,#6298,#6306,#6312));
#6290 = ORIENTED_EDGE('',*,*,#6291,.T.);
#6291 = EDGE_CURVE('',#6142,#6292,#6294,.T.);
#6292 = VERTEX_POINT('',#6293);
#6293 = CARTESIAN_POINT('',(-1.899999999998,1.350000000002,3.9));
#6294 = LINE('',#6295,#6296);
#6295 = CARTESIAN_POINT('',(-1.899999999998,1.350000000002,4.3));
#6296 = VECTOR('',#6297,1.);
#6297 = DIRECTION('',(0.,0.,-1.));
#6298 = ORIENTED_EDGE('',*,*,#6299,.T.);
#6299 = EDGE_CURVE('',#6292,#6300,#6302,.T.);
#6300 = VERTEX_POINT('',#6301);
#6301 = CARTESIAN_POINT('',(-2.299999999998,1.350000000002,3.9));
#6302 = LINE('',#6303,#6304);
#6303 = CARTESIAN_POINT('',(-1.899999999998,1.350000000002,3.9));
#6304 = VECTOR('',#6305,1.);
#6305 = DIRECTION('',(-1.,0.,0.));
#6306 = ORIENTED_EDGE('',*,*,#6307,.F.);
#6307 = EDGE_CURVE('',#6150,#6300,#6308,.T.);
#6308 = LINE('',#6309,#6310);
#6309 = CARTESIAN_POINT('',(-2.299999999998,1.350000000002,4.3));
#6310 = VECTOR('',#6311,1.);
#6311 = DIRECTION('',(0.,0.,-1.));
#6312 = ORIENTED_EDGE('',*,*,#6149,.F.);
#6313 = PLANE('',#6314);
#6314 = AXIS2_PLACEMENT_3D('',#6315,#6316,#6317);
#6315 = CARTESIAN_POINT('',(-1.899999999998,1.350000000002,4.3));
#6316 = DIRECTION('',(0.,1.,0.));
#6317 = DIRECTION('',(-1.,0.,0.));
#6318 = ADVANCED_FACE('',(#6319),#6338,.F.);
#6319 = FACE_BOUND('',#6320,.F.);
#6320 = EDGE_LOOP('',(#6321,#6322,#6330,#6336,#6337));
#6321 = ORIENTED_EDGE('',*,*,#6180,.F.);
#6322 = ORIENTED_EDGE('',*,*,#6323,.F.);
#6323 = EDGE_CURVE('',#6324,#6181,#6326,.T.);
#6324 = VERTEX_POINT('',#6325);
#6325 = CARTESIAN_POINT('',(-1.899999999998,-1.349999999998,4.3));
#6326 = LINE('',#6327,#6328);
#6327 = CARTESIAN_POINT('',(-1.899999999998,-1.349999999998,4.3));
#6328 = VECTOR('',#6329,1.);
#6329 = DIRECTION('',(0.,0.,1.));
#6330 = ORIENTED_EDGE('',*,*,#6331,.T.);
#6331 = EDGE_CURVE('',#6324,#6268,#6332,.T.);
#6332 = LINE('',#6333,#6334);
#6333 = CARTESIAN_POINT('',(-1.899999999998,-1.349999999998,4.3));
#6334 = VECTOR('',#6335,1.);
#6335 = DIRECTION('',(-1.,0.,0.));
#6336 = ORIENTED_EDGE('',*,*,#6267,.T.);
#6337 = ORIENTED_EDGE('',*,*,#6221,.F.);
#6338 = PLANE('',#6339);
#6339 = AXIS2_PLACEMENT_3D('',#6340,#6341,#6342);
#6340 = CARTESIAN_POINT('',(-1.899999999998,-1.349999999998,4.3));
#6341 = DIRECTION('',(0.,1.,0.));
#6342 = DIRECTION('',(0.,-0.,1.));
#6343 = ADVANCED_FACE('',(#6344,#6426),#6460,.T.);
#6344 = FACE_BOUND('',#6345,.T.);
#6345 = EDGE_LOOP('',(#6346,#6347,#6355,#6363,#6371,#6379,#6387,#6395,
    #6403,#6411,#6419,#6425));
#6346 = ORIENTED_EDGE('',*,*,#6197,.F.);
#6347 = ORIENTED_EDGE('',*,*,#6348,.T.);
#6348 = EDGE_CURVE('',#6181,#6349,#6351,.T.);
#6349 = VERTEX_POINT('',#6350);
#6350 = CARTESIAN_POINT('',(-1.849999999996,-1.349999999998,4.7));
#6351 = LINE('',#6352,#6353);
#6352 = CARTESIAN_POINT('',(-1.899999999998,-1.349999999998,4.7));
#6353 = VECTOR('',#6354,1.);
#6354 = DIRECTION('',(1.,0.,0.));
#6355 = ORIENTED_EDGE('',*,*,#6356,.T.);
#6356 = EDGE_CURVE('',#6349,#6357,#6359,.T.);
#6357 = VERTEX_POINT('',#6358);
#6358 = CARTESIAN_POINT('',(-1.849999999996,-1.749999999998,4.7));
#6359 = LINE('',#6360,#6361);
#6360 = CARTESIAN_POINT('',(-1.849999999996,-1.349999999998,4.7));
#6361 = VECTOR('',#6362,1.);
#6362 = DIRECTION('',(0.,-1.,0.));
#6363 = ORIENTED_EDGE('',*,*,#6364,.T.);
#6364 = EDGE_CURVE('',#6357,#6365,#6367,.T.);
#6365 = VERTEX_POINT('',#6366);
#6366 = CARTESIAN_POINT('',(5.849999999996,-1.749999999998,4.7));
#6367 = LINE('',#6368,#6369);
#6368 = CARTESIAN_POINT('',(-1.849999999996,-1.749999999998,4.7));
#6369 = VECTOR('',#6370,1.);
#6370 = DIRECTION('',(1.,0.,0.));
#6371 = ORIENTED_EDGE('',*,*,#6372,.T.);
#6372 = EDGE_CURVE('',#6365,#6373,#6375,.T.);
#6373 = VERTEX_POINT('',#6374);
#6374 = CARTESIAN_POINT('',(5.849999999996,-1.349999999996,4.7));
#6375 = LINE('',#6376,#6377);
#6376 = CARTESIAN_POINT('',(5.849999999996,-1.749999999998,4.7));
#6377 = VECTOR('',#6378,1.);
#6378 = DIRECTION('',(0.,1.,0.));
#6379 = ORIENTED_EDGE('',*,*,#6380,.T.);
#6380 = EDGE_CURVE('',#6373,#6381,#6383,.T.);
#6381 = VERTEX_POINT('',#6382);
#6382 = CARTESIAN_POINT('',(5.900000000002,-1.349999999996,4.7));
#6383 = LINE('',#6384,#6385);
#6384 = CARTESIAN_POINT('',(5.849999999996,-1.349999999996,4.7));
#6385 = VECTOR('',#6386,1.);
#6386 = DIRECTION('',(1.,0.,0.));
#6387 = ORIENTED_EDGE('',*,*,#6388,.T.);
#6388 = EDGE_CURVE('',#6381,#6389,#6391,.T.);
#6389 = VERTEX_POINT('',#6390);
#6390 = CARTESIAN_POINT('',(5.900000000002,1.349999999996,4.7));
#6391 = LINE('',#6392,#6393);
#6392 = CARTESIAN_POINT('',(5.900000000002,-1.349999999996,4.7));
#6393 = VECTOR('',#6394,1.);
#6394 = DIRECTION('',(0.,1.,0.));
#6395 = ORIENTED_EDGE('',*,*,#6396,.T.);
#6396 = EDGE_CURVE('',#6389,#6397,#6399,.T.);
#6397 = VERTEX_POINT('',#6398);
#6398 = CARTESIAN_POINT('',(5.850000000047,1.349999999996,4.7));
#6399 = LINE('',#6400,#6401);
#6400 = CARTESIAN_POINT('',(5.900000000002,1.349999999996,4.7));
#6401 = VECTOR('',#6402,1.);
#6402 = DIRECTION('',(-1.,0.,0.));
#6403 = ORIENTED_EDGE('',*,*,#6404,.T.);
#6404 = EDGE_CURVE('',#6397,#6405,#6407,.T.);
#6405 = VERTEX_POINT('',#6406);
#6406 = CARTESIAN_POINT('',(5.850000000047,1.750000000002,4.7));
#6407 = LINE('',#6408,#6409);
#6408 = CARTESIAN_POINT('',(5.850000000047,1.349999999996,4.7));
#6409 = VECTOR('',#6410,1.);
#6410 = DIRECTION('',(0.,1.,0.));
#6411 = ORIENTED_EDGE('',*,*,#6412,.T.);
#6412 = EDGE_CURVE('',#6405,#6413,#6415,.T.);
#6413 = VERTEX_POINT('',#6414);
#6414 = CARTESIAN_POINT('',(-1.849999999998,1.750000000002,4.7));
#6415 = LINE('',#6416,#6417);
#6416 = CARTESIAN_POINT('',(5.850000000047,1.750000000002,4.7));
#6417 = VECTOR('',#6418,1.);
#6418 = DIRECTION('',(-1.,0.,0.));
#6419 = ORIENTED_EDGE('',*,*,#6420,.F.);
#6420 = EDGE_CURVE('',#6239,#6413,#6421,.T.);
#6421 = LINE('',#6422,#6423);
#6422 = CARTESIAN_POINT('',(-1.849999999998,1.350000000002,4.7));
#6423 = VECTOR('',#6424,1.);
#6424 = DIRECTION('',(0.,1.,0.));
#6425 = ORIENTED_EDGE('',*,*,#6246,.T.);
#6426 = FACE_BOUND('',#6427,.T.);
#6427 = EDGE_LOOP('',(#6428,#6438,#6446,#6454));
#6428 = ORIENTED_EDGE('',*,*,#6429,.T.);
#6429 = EDGE_CURVE('',#6430,#6432,#6434,.T.);
#6430 = VERTEX_POINT('',#6431);
#6431 = CARTESIAN_POINT('',(0.,-1.,4.7));
#6432 = VERTEX_POINT('',#6433);
#6433 = CARTESIAN_POINT('',(0.,1.,4.7));
#6434 = LINE('',#6435,#6436);
#6435 = CARTESIAN_POINT('',(0.,-1.,4.7));
#6436 = VECTOR('',#6437,1.);
#6437 = DIRECTION('',(0.,1.,0.));
#6438 = ORIENTED_EDGE('',*,*,#6439,.T.);
#6439 = EDGE_CURVE('',#6432,#6440,#6442,.T.);
#6440 = VERTEX_POINT('',#6441);
#6441 = CARTESIAN_POINT('',(4.,1.,4.7));
#6442 = LINE('',#6443,#6444);
#6443 = CARTESIAN_POINT('',(0.,1.,4.7));
#6444 = VECTOR('',#6445,1.);
#6445 = DIRECTION('',(1.,0.,0.));
#6446 = ORIENTED_EDGE('',*,*,#6447,.T.);
#6447 = EDGE_CURVE('',#6440,#6448,#6450,.T.);
#6448 = VERTEX_POINT('',#6449);
#6449 = CARTESIAN_POINT('',(4.,-1.,4.7));
#6450 = LINE('',#6451,#6452);
#6451 = CARTESIAN_POINT('',(4.,1.,4.7));
#6452 = VECTOR('',#6453,1.);
#6453 = DIRECTION('',(0.,-1.,0.));
#6454 = ORIENTED_EDGE('',*,*,#6455,.T.);
#6455 = EDGE_CURVE('',#6448,#6430,#6456,.T.);
#6456 = LINE('',#6457,#6458);
#6457 = CARTESIAN_POINT('',(4.,-1.,4.7));
#6458 = VECTOR('',#6459,1.);
#6459 = DIRECTION('',(-1.,0.,0.));
#6460 = PLANE('',#6461);
#6461 = AXIS2_PLACEMENT_3D('',#6462,#6463,#6464);
#6462 = CARTESIAN_POINT('',(2.000000000003,2.88258E-12,4.7));
#6463 = DIRECTION('',(0.,0.,1.));
#6464 = DIRECTION('',(1.,0.,-0.));
#6465 = ADVANCED_FACE('',(#6466),#6484,.T.);
#6466 = FACE_BOUND('',#6467,.T.);
#6467 = EDGE_LOOP('',(#6468,#6469,#6470,#6478));
#6468 = ORIENTED_EDGE('',*,*,#6236,.T.);
#6469 = ORIENTED_EDGE('',*,*,#6420,.T.);
#6470 = ORIENTED_EDGE('',*,*,#6471,.F.);
#6471 = EDGE_CURVE('',#6472,#6413,#6474,.T.);
#6472 = VERTEX_POINT('',#6473);
#6473 = CARTESIAN_POINT('',(-1.849999999998,1.750000000002,4.3));
#6474 = LINE('',#6475,#6476);
#6475 = CARTESIAN_POINT('',(-1.849999999998,1.750000000002,4.3));
#6476 = VECTOR('',#6477,1.);
#6477 = DIRECTION('',(0.,0.,1.));
#6478 = ORIENTED_EDGE('',*,*,#6479,.F.);
#6479 = EDGE_CURVE('',#6237,#6472,#6480,.T.);
#6480 = LINE('',#6481,#6482);
#6481 = CARTESIAN_POINT('',(-1.849999999998,1.350000000002,4.3));
#6482 = VECTOR('',#6483,1.);
#6483 = DIRECTION('',(0.,1.,0.));
#6484 = PLANE('',#6485);
#6485 = AXIS2_PLACEMENT_3D('',#6486,#6487,#6488);
#6486 = CARTESIAN_POINT('',(-1.849999999998,1.350000000002,4.3));
#6487 = DIRECTION('',(-1.,0.,0.));
#6488 = DIRECTION('',(0.,1.,0.));
#6489 = ADVANCED_FACE('',(#6490,#6570),#6604,.F.);
#6490 = FACE_BOUND('',#6491,.F.);
#6491 = EDGE_LOOP('',(#6492,#6498,#6506,#6514,#6522,#6530,#6538,#6546,
    #6554,#6562,#6568,#6569));
#6492 = ORIENTED_EDGE('',*,*,#6493,.F.);
#6493 = EDGE_CURVE('',#6324,#6142,#6494,.T.);
#6494 = LINE('',#6495,#6496);
#6495 = CARTESIAN_POINT('',(-1.899999999998,-1.349999999998,4.3));
#6496 = VECTOR('',#6497,1.);
#6497 = DIRECTION('',(0.,1.,0.));
#6498 = ORIENTED_EDGE('',*,*,#6499,.T.);
#6499 = EDGE_CURVE('',#6324,#6500,#6502,.T.);
#6500 = VERTEX_POINT('',#6501);
#6501 = CARTESIAN_POINT('',(-1.849999999996,-1.349999999998,4.3));
#6502 = LINE('',#6503,#6504);
#6503 = CARTESIAN_POINT('',(-1.899999999998,-1.349999999998,4.3));
#6504 = VECTOR('',#6505,1.);
#6505 = DIRECTION('',(1.,0.,0.));
#6506 = ORIENTED_EDGE('',*,*,#6507,.T.);
#6507 = EDGE_CURVE('',#6500,#6508,#6510,.T.);
#6508 = VERTEX_POINT('',#6509);
#6509 = CARTESIAN_POINT('',(-1.849999999996,-1.749999999998,4.3));
#6510 = LINE('',#6511,#6512);
#6511 = CARTESIAN_POINT('',(-1.849999999996,-1.349999999998,4.3));
#6512 = VECTOR('',#6513,1.);
#6513 = DIRECTION('',(0.,-1.,0.));
#6514 = ORIENTED_EDGE('',*,*,#6515,.T.);
#6515 = EDGE_CURVE('',#6508,#6516,#6518,.T.);
#6516 = VERTEX_POINT('',#6517);
#6517 = CARTESIAN_POINT('',(5.849999999996,-1.749999999998,4.3));
#6518 = LINE('',#6519,#6520);
#6519 = CARTESIAN_POINT('',(-1.849999999996,-1.749999999998,4.3));
#6520 = VECTOR('',#6521,1.);
#6521 = DIRECTION('',(1.,0.,0.));
#6522 = ORIENTED_EDGE('',*,*,#6523,.T.);
#6523 = EDGE_CURVE('',#6516,#6524,#6526,.T.);
#6524 = VERTEX_POINT('',#6525);
#6525 = CARTESIAN_POINT('',(5.849999999996,-1.349999999996,4.3));
#6526 = LINE('',#6527,#6528);
#6527 = CARTESIAN_POINT('',(5.849999999996,-1.749999999998,4.3));
#6528 = VECTOR('',#6529,1.);
#6529 = DIRECTION('',(0.,1.,0.));
#6530 = ORIENTED_EDGE('',*,*,#6531,.T.);
#6531 = EDGE_CURVE('',#6524,#6532,#6534,.T.);
#6532 = VERTEX_POINT('',#6533);
#6533 = CARTESIAN_POINT('',(5.900000000002,-1.349999999996,4.3));
#6534 = LINE('',#6535,#6536);
#6535 = CARTESIAN_POINT('',(5.849999999996,-1.349999999996,4.3));
#6536 = VECTOR('',#6537,1.);
#6537 = DIRECTION('',(1.,0.,0.));
#6538 = ORIENTED_EDGE('',*,*,#6539,.T.);
#6539 = EDGE_CURVE('',#6532,#6540,#6542,.T.);
#6540 = VERTEX_POINT('',#6541);
#6541 = CARTESIAN_POINT('',(5.900000000002,1.349999999996,4.3));
#6542 = LINE('',#6543,#6544);
#6543 = CARTESIAN_POINT('',(5.900000000002,-1.349999999996,4.3));
#6544 = VECTOR('',#6545,1.);
#6545 = DIRECTION('',(0.,1.,0.));
#6546 = ORIENTED_EDGE('',*,*,#6547,.T.);
#6547 = EDGE_CURVE('',#6540,#6548,#6550,.T.);
#6548 = VERTEX_POINT('',#6549);
#6549 = CARTESIAN_POINT('',(5.850000000047,1.349999999996,4.3));
#6550 = LINE('',#6551,#6552);
#6551 = CARTESIAN_POINT('',(5.900000000002,1.349999999996,4.3));
#6552 = VECTOR('',#6553,1.);
#6553 = DIRECTION('',(-1.,0.,0.));
#6554 = ORIENTED_EDGE('',*,*,#6555,.T.);
#6555 = EDGE_CURVE('',#6548,#6556,#6558,.T.);
#6556 = VERTEX_POINT('',#6557);
#6557 = CARTESIAN_POINT('',(5.850000000047,1.750000000002,4.3));
#6558 = LINE('',#6559,#6560);
#6559 = CARTESIAN_POINT('',(5.850000000047,1.349999999996,4.3));
#6560 = VECTOR('',#6561,1.);
#6561 = DIRECTION('',(0.,1.,0.));
#6562 = ORIENTED_EDGE('',*,*,#6563,.T.);
#6563 = EDGE_CURVE('',#6556,#6472,#6564,.T.);
#6564 = LINE('',#6565,#6566);
#6565 = CARTESIAN_POINT('',(5.850000000047,1.750000000002,4.3));
#6566 = VECTOR('',#6567,1.);
#6567 = DIRECTION('',(-1.,0.,0.));
#6568 = ORIENTED_EDGE('',*,*,#6479,.F.);
#6569 = ORIENTED_EDGE('',*,*,#6253,.T.);
#6570 = FACE_BOUND('',#6571,.F.);
#6571 = EDGE_LOOP('',(#6572,#6582,#6590,#6598));
#6572 = ORIENTED_EDGE('',*,*,#6573,.T.);
#6573 = EDGE_CURVE('',#6574,#6576,#6578,.T.);
#6574 = VERTEX_POINT('',#6575);
#6575 = CARTESIAN_POINT('',(0.,-1.,4.3));
#6576 = VERTEX_POINT('',#6577);
#6577 = CARTESIAN_POINT('',(0.,1.,4.3));
#6578 = LINE('',#6579,#6580);
#6579 = CARTESIAN_POINT('',(0.,-0.499999999999,4.3));
#6580 = VECTOR('',#6581,1.);
#6581 = DIRECTION('',(0.,1.,0.));
#6582 = ORIENTED_EDGE('',*,*,#6583,.T.);
#6583 = EDGE_CURVE('',#6576,#6584,#6586,.T.);
#6584 = VERTEX_POINT('',#6585);
#6585 = CARTESIAN_POINT('',(4.,1.,4.3));
#6586 = LINE('',#6587,#6588);
#6587 = CARTESIAN_POINT('',(1.000000000002,1.,4.3));
#6588 = VECTOR('',#6589,1.);
#6589 = DIRECTION('',(1.,0.,0.));
#6590 = ORIENTED_EDGE('',*,*,#6591,.T.);
#6591 = EDGE_CURVE('',#6584,#6592,#6594,.T.);
#6592 = VERTEX_POINT('',#6593);
#6593 = CARTESIAN_POINT('',(4.,-1.,4.3));
#6594 = LINE('',#6595,#6596);
#6595 = CARTESIAN_POINT('',(4.,0.500000000001,4.3));
#6596 = VECTOR('',#6597,1.);
#6597 = DIRECTION('',(0.,-1.,0.));
#6598 = ORIENTED_EDGE('',*,*,#6599,.T.);
#6599 = EDGE_CURVE('',#6592,#6574,#6600,.T.);
#6600 = LINE('',#6601,#6602);
#6601 = CARTESIAN_POINT('',(3.000000000002,-1.,4.3));
#6602 = VECTOR('',#6603,1.);
#6603 = DIRECTION('',(-1.,0.,0.));
#6604 = PLANE('',#6605);
#6605 = AXIS2_PLACEMENT_3D('',#6606,#6607,#6608);
#6606 = CARTESIAN_POINT('',(2.000000000003,2.88258E-12,4.3));
#6607 = DIRECTION('',(0.,0.,1.));
#6608 = DIRECTION('',(1.,0.,-0.));
#6609 = ADVANCED_FACE('',(#6610),#6628,.F.);
#6610 = FACE_BOUND('',#6611,.F.);
#6611 = EDGE_LOOP('',(#6612,#6620,#6626,#6627));
#6612 = ORIENTED_EDGE('',*,*,#6613,.T.);
#6613 = EDGE_CURVE('',#6268,#6614,#6616,.T.);
#6614 = VERTEX_POINT('',#6615);
#6615 = CARTESIAN_POINT('',(-2.299999999998,-1.349999999998,3.9));
#6616 = LINE('',#6617,#6618);
#6617 = CARTESIAN_POINT('',(-2.299999999998,-1.349999999998,4.3));
#6618 = VECTOR('',#6619,1.);
#6619 = DIRECTION('',(0.,0.,-1.));
#6620 = ORIENTED_EDGE('',*,*,#6621,.T.);
#6621 = EDGE_CURVE('',#6614,#6300,#6622,.T.);
#6622 = LINE('',#6623,#6624);
#6623 = CARTESIAN_POINT('',(-2.299999999998,-1.349999999998,3.9));
#6624 = VECTOR('',#6625,1.);
#6625 = DIRECTION('',(0.,1.,0.));
#6626 = ORIENTED_EDGE('',*,*,#6307,.F.);
#6627 = ORIENTED_EDGE('',*,*,#6277,.F.);
#6628 = PLANE('',#6629);
#6629 = AXIS2_PLACEMENT_3D('',#6630,#6631,#6632);
#6630 = CARTESIAN_POINT('',(-2.299999999998,-1.349999999998,4.3));
#6631 = DIRECTION('',(1.,0.,0.));
#6632 = DIRECTION('',(-0.,1.,0.));
#6633 = ADVANCED_FACE('',(#6634),#6652,.T.);
#6634 = FACE_BOUND('',#6635,.T.);
#6635 = EDGE_LOOP('',(#6636,#6644,#6650,#6651));
#6636 = ORIENTED_EDGE('',*,*,#6637,.T.);
#6637 = EDGE_CURVE('',#6324,#6638,#6640,.T.);
#6638 = VERTEX_POINT('',#6639);
#6639 = CARTESIAN_POINT('',(-1.899999999998,-1.349999999998,3.9));
#6640 = LINE('',#6641,#6642);
#6641 = CARTESIAN_POINT('',(-1.899999999998,-1.349999999998,4.3));
#6642 = VECTOR('',#6643,1.);
#6643 = DIRECTION('',(0.,0.,-1.));
#6644 = ORIENTED_EDGE('',*,*,#6645,.T.);
#6645 = EDGE_CURVE('',#6638,#6292,#6646,.T.);
#6646 = LINE('',#6647,#6648);
#6647 = CARTESIAN_POINT('',(-1.899999999998,-1.349999999998,3.9));
#6648 = VECTOR('',#6649,1.);
#6649 = DIRECTION('',(0.,1.,0.));
#6650 = ORIENTED_EDGE('',*,*,#6291,.F.);
#6651 = ORIENTED_EDGE('',*,*,#6493,.F.);
#6652 = PLANE('',#6653);
#6653 = AXIS2_PLACEMENT_3D('',#6654,#6655,#6656);
#6654 = CARTESIAN_POINT('',(-1.899999999998,-1.349999999998,4.3));
#6655 = DIRECTION('',(1.,0.,0.));
#6656 = DIRECTION('',(-0.,1.,0.));
#6657 = ADVANCED_FACE('',(#6658),#6683,.T.);
#6658 = FACE_BOUND('',#6659,.T.);
#6659 = EDGE_LOOP('',(#6660,#6668,#6676,#6682));
#6660 = ORIENTED_EDGE('',*,*,#6661,.T.);
#6661 = EDGE_CURVE('',#6292,#6662,#6664,.T.);
#6662 = VERTEX_POINT('',#6663);
#6663 = CARTESIAN_POINT('',(-1.899999999998,2.150000000002,3.9));
#6664 = LINE('',#6665,#6666);
#6665 = CARTESIAN_POINT('',(-1.899999999998,1.350000000002,3.9));
#6666 = VECTOR('',#6667,1.);
#6667 = DIRECTION('',(0.,1.,0.));
#6668 = ORIENTED_EDGE('',*,*,#6669,.T.);
#6669 = EDGE_CURVE('',#6662,#6670,#6672,.T.);
#6670 = VERTEX_POINT('',#6671);
#6671 = CARTESIAN_POINT('',(-2.299999999998,2.150000000002,3.9));
#6672 = LINE('',#6673,#6674);
#6673 = CARTESIAN_POINT('',(-1.899999999998,2.150000000002,3.9));
#6674 = VECTOR('',#6675,1.);
#6675 = DIRECTION('',(-1.,0.,0.));
#6676 = ORIENTED_EDGE('',*,*,#6677,.F.);
#6677 = EDGE_CURVE('',#6300,#6670,#6678,.T.);
#6678 = LINE('',#6679,#6680);
#6679 = CARTESIAN_POINT('',(-2.299999999998,1.350000000002,3.9));
#6680 = VECTOR('',#6681,1.);
#6681 = DIRECTION('',(0.,1.,0.));
#6682 = ORIENTED_EDGE('',*,*,#6299,.F.);
#6683 = PLANE('',#6684);
#6684 = AXIS2_PLACEMENT_3D('',#6685,#6686,#6687);
#6685 = CARTESIAN_POINT('',(-1.899999999998,1.350000000002,3.9));
#6686 = DIRECTION('',(0.,0.,1.));
#6687 = DIRECTION('',(-1.,0.,0.));
#6688 = ADVANCED_FACE('',(#6689),#6700,.F.);
#6689 = FACE_BOUND('',#6690,.F.);
#6690 = EDGE_LOOP('',(#6691,#6692,#6693,#6699));
#6691 = ORIENTED_EDGE('',*,*,#6323,.T.);
#6692 = ORIENTED_EDGE('',*,*,#6348,.T.);
#6693 = ORIENTED_EDGE('',*,*,#6694,.F.);
#6694 = EDGE_CURVE('',#6500,#6349,#6695,.T.);
#6695 = LINE('',#6696,#6697);
#6696 = CARTESIAN_POINT('',(-1.849999999996,-1.349999999998,4.3));
#6697 = VECTOR('',#6698,1.);
#6698 = DIRECTION('',(0.,0.,1.));
#6699 = ORIENTED_EDGE('',*,*,#6499,.F.);
#6700 = PLANE('',#6701);
#6701 = AXIS2_PLACEMENT_3D('',#6702,#6703,#6704);
#6702 = CARTESIAN_POINT('',(-1.899999999998,-1.349999999998,4.3));
#6703 = DIRECTION('',(0.,1.,0.));
#6704 = DIRECTION('',(1.,0.,0.));
#6705 = ADVANCED_FACE('',(#6706),#6717,.F.);
#6706 = FACE_BOUND('',#6707,.F.);
#6707 = EDGE_LOOP('',(#6708,#6709,#6715,#6716));
#6708 = ORIENTED_EDGE('',*,*,#6637,.T.);
#6709 = ORIENTED_EDGE('',*,*,#6710,.T.);
#6710 = EDGE_CURVE('',#6638,#6614,#6711,.T.);
#6711 = LINE('',#6712,#6713);
#6712 = CARTESIAN_POINT('',(-1.899999999998,-1.349999999998,3.9));
#6713 = VECTOR('',#6714,1.);
#6714 = DIRECTION('',(-1.,0.,0.));
#6715 = ORIENTED_EDGE('',*,*,#6613,.F.);
#6716 = ORIENTED_EDGE('',*,*,#6331,.F.);
#6717 = PLANE('',#6718);
#6718 = AXIS2_PLACEMENT_3D('',#6719,#6720,#6721);
#6719 = CARTESIAN_POINT('',(-1.899999999998,-1.349999999998,4.3));
#6720 = DIRECTION('',(0.,1.,0.));
#6721 = DIRECTION('',(-1.,0.,0.));
#6722 = ADVANCED_FACE('',(#6723),#6734,.F.);
#6723 = FACE_BOUND('',#6724,.F.);
#6724 = EDGE_LOOP('',(#6725,#6726,#6727,#6733));
#6725 = ORIENTED_EDGE('',*,*,#6694,.T.);
#6726 = ORIENTED_EDGE('',*,*,#6356,.T.);
#6727 = ORIENTED_EDGE('',*,*,#6728,.F.);
#6728 = EDGE_CURVE('',#6508,#6357,#6729,.T.);
#6729 = LINE('',#6730,#6731);
#6730 = CARTESIAN_POINT('',(-1.849999999996,-1.749999999998,4.3));
#6731 = VECTOR('',#6732,1.);
#6732 = DIRECTION('',(0.,0.,1.));
#6733 = ORIENTED_EDGE('',*,*,#6507,.F.);
#6734 = PLANE('',#6735);
#6735 = AXIS2_PLACEMENT_3D('',#6736,#6737,#6738);
#6736 = CARTESIAN_POINT('',(-1.849999999996,-1.349999999998,4.3));
#6737 = DIRECTION('',(1.,0.,0.));
#6738 = DIRECTION('',(0.,-1.,0.));
#6739 = ADVANCED_FACE('',(#6740),#6765,.T.);
#6740 = FACE_BOUND('',#6741,.T.);
#6741 = EDGE_LOOP('',(#6742,#6750,#6758,#6764));
#6742 = ORIENTED_EDGE('',*,*,#6743,.T.);
#6743 = EDGE_CURVE('',#6357,#6744,#6746,.T.);
#6744 = VERTEX_POINT('',#6745);
#6745 = CARTESIAN_POINT('',(-1.849999999996,-1.789999999998,4.7));
#6746 = LINE('',#6747,#6748);
#6747 = CARTESIAN_POINT('',(-1.849999999996,-1.749999999998,4.7));
#6748 = VECTOR('',#6749,1.);
#6749 = DIRECTION('',(0.,-1.,0.));
#6750 = ORIENTED_EDGE('',*,*,#6751,.T.);
#6751 = EDGE_CURVE('',#6744,#6752,#6754,.T.);
#6752 = VERTEX_POINT('',#6753);
#6753 = CARTESIAN_POINT('',(5.849999999996,-1.789999999998,4.7));
#6754 = LINE('',#6755,#6756);
#6755 = CARTESIAN_POINT('',(-1.849999999996,-1.789999999998,4.7));
#6756 = VECTOR('',#6757,1.);
#6757 = DIRECTION('',(1.,0.,0.));
#6758 = ORIENTED_EDGE('',*,*,#6759,.F.);
#6759 = EDGE_CURVE('',#6365,#6752,#6760,.T.);
#6760 = LINE('',#6761,#6762);
#6761 = CARTESIAN_POINT('',(5.849999999996,-1.749999999998,4.7));
#6762 = VECTOR('',#6763,1.);
#6763 = DIRECTION('',(0.,-1.,0.));
#6764 = ORIENTED_EDGE('',*,*,#6364,.F.);
#6765 = PLANE('',#6766);
#6766 = AXIS2_PLACEMENT_3D('',#6767,#6768,#6769);
#6767 = CARTESIAN_POINT('',(-1.849999999996,-1.749999999998,4.7));
#6768 = DIRECTION('',(0.,0.,1.));
#6769 = DIRECTION('',(1.,0.,-0.));
#6770 = ADVANCED_FACE('',(#6771),#6796,.T.);
#6771 = FACE_BOUND('',#6772,.T.);
#6772 = EDGE_LOOP('',(#6773,#6781,#6789,#6795));
#6773 = ORIENTED_EDGE('',*,*,#6774,.T.);
#6774 = EDGE_CURVE('',#6405,#6775,#6777,.T.);
#6775 = VERTEX_POINT('',#6776);
#6776 = CARTESIAN_POINT('',(5.850000000047,1.790000000002,4.7));
#6777 = LINE('',#6778,#6779);
#6778 = CARTESIAN_POINT('',(5.850000000047,1.750000000002,4.7));
#6779 = VECTOR('',#6780,1.);
#6780 = DIRECTION('',(0.,1.,0.));
#6781 = ORIENTED_EDGE('',*,*,#6782,.T.);
#6782 = EDGE_CURVE('',#6775,#6783,#6785,.T.);
#6783 = VERTEX_POINT('',#6784);
#6784 = CARTESIAN_POINT('',(-1.849999999998,1.790000000002,4.7));
#6785 = LINE('',#6786,#6787);
#6786 = CARTESIAN_POINT('',(5.850000000047,1.790000000002,4.7));
#6787 = VECTOR('',#6788,1.);
#6788 = DIRECTION('',(-1.,0.,0.));
#6789 = ORIENTED_EDGE('',*,*,#6790,.F.);
#6790 = EDGE_CURVE('',#6413,#6783,#6791,.T.);
#6791 = LINE('',#6792,#6793);
#6792 = CARTESIAN_POINT('',(-1.849999999998,1.750000000002,4.7));
#6793 = VECTOR('',#6794,1.);
#6794 = DIRECTION('',(0.,1.,0.));
#6795 = ORIENTED_EDGE('',*,*,#6412,.F.);
#6796 = PLANE('',#6797);
#6797 = AXIS2_PLACEMENT_3D('',#6798,#6799,#6800);
#6798 = CARTESIAN_POINT('',(5.850000000047,1.750000000002,4.7));
#6799 = DIRECTION('',(0.,0.,1.));
#6800 = DIRECTION('',(-1.,0.,0.));
#6801 = ADVANCED_FACE('',(#6802),#6818,.F.);
#6802 = FACE_BOUND('',#6803,.F.);
#6803 = EDGE_LOOP('',(#6804,#6810,#6811,#6817));
#6804 = ORIENTED_EDGE('',*,*,#6805,.T.);
#6805 = EDGE_CURVE('',#6516,#6365,#6806,.T.);
#6806 = LINE('',#6807,#6808);
#6807 = CARTESIAN_POINT('',(5.849999999996,-1.749999999998,4.3));
#6808 = VECTOR('',#6809,1.);
#6809 = DIRECTION('',(0.,0.,1.));
#6810 = ORIENTED_EDGE('',*,*,#6372,.T.);
#6811 = ORIENTED_EDGE('',*,*,#6812,.F.);
#6812 = EDGE_CURVE('',#6524,#6373,#6813,.T.);
#6813 = LINE('',#6814,#6815);
#6814 = CARTESIAN_POINT('',(5.849999999996,-1.349999999996,4.3));
#6815 = VECTOR('',#6816,1.);
#6816 = DIRECTION('',(0.,0.,1.));
#6817 = ORIENTED_EDGE('',*,*,#6523,.F.);
#6818 = PLANE('',#6819);
#6819 = AXIS2_PLACEMENT_3D('',#6820,#6821,#6822);
#6820 = CARTESIAN_POINT('',(5.849999999996,-1.749999999998,4.3));
#6821 = DIRECTION('',(-1.,0.,0.));
#6822 = DIRECTION('',(0.,1.,0.));
#6823 = ADVANCED_FACE('',(#6824),#6840,.F.);
#6824 = FACE_BOUND('',#6825,.F.);
#6825 = EDGE_LOOP('',(#6826,#6832,#6833,#6839));
#6826 = ORIENTED_EDGE('',*,*,#6827,.T.);
#6827 = EDGE_CURVE('',#6548,#6397,#6828,.T.);
#6828 = LINE('',#6829,#6830);
#6829 = CARTESIAN_POINT('',(5.850000000047,1.349999999996,4.3));
#6830 = VECTOR('',#6831,1.);
#6831 = DIRECTION('',(0.,0.,1.));
#6832 = ORIENTED_EDGE('',*,*,#6404,.T.);
#6833 = ORIENTED_EDGE('',*,*,#6834,.F.);
#6834 = EDGE_CURVE('',#6556,#6405,#6835,.T.);
#6835 = LINE('',#6836,#6837);
#6836 = CARTESIAN_POINT('',(5.850000000047,1.750000000002,4.3));
#6837 = VECTOR('',#6838,1.);
#6838 = DIRECTION('',(0.,0.,1.));
#6839 = ORIENTED_EDGE('',*,*,#6555,.F.);
#6840 = PLANE('',#6841);
#6841 = AXIS2_PLACEMENT_3D('',#6842,#6843,#6844);
#6842 = CARTESIAN_POINT('',(5.850000000047,1.349999999996,4.3));
#6843 = DIRECTION('',(-1.,0.,0.));
#6844 = DIRECTION('',(0.,1.,0.));
#6845 = ADVANCED_FACE('',(#6846),#6857,.F.);
#6846 = FACE_BOUND('',#6847,.F.);
#6847 = EDGE_LOOP('',(#6848,#6849,#6850,#6856));
#6848 = ORIENTED_EDGE('',*,*,#6812,.T.);
#6849 = ORIENTED_EDGE('',*,*,#6380,.T.);
#6850 = ORIENTED_EDGE('',*,*,#6851,.F.);
#6851 = EDGE_CURVE('',#6532,#6381,#6852,.T.);
#6852 = LINE('',#6853,#6854);
#6853 = CARTESIAN_POINT('',(5.900000000002,-1.349999999996,4.3));
#6854 = VECTOR('',#6855,1.);
#6855 = DIRECTION('',(0.,0.,1.));
#6856 = ORIENTED_EDGE('',*,*,#6531,.F.);
#6857 = PLANE('',#6858);
#6858 = AXIS2_PLACEMENT_3D('',#6859,#6860,#6861);
#6859 = CARTESIAN_POINT('',(5.849999999996,-1.349999999996,4.3));
#6860 = DIRECTION('',(0.,1.,0.));
#6861 = DIRECTION('',(1.,0.,0.));
#6862 = ADVANCED_FACE('',(#6863),#6874,.F.);
#6863 = FACE_BOUND('',#6864,.F.);
#6864 = EDGE_LOOP('',(#6865,#6871,#6872,#6873));
#6865 = ORIENTED_EDGE('',*,*,#6866,.T.);
#6866 = EDGE_CURVE('',#6540,#6389,#6867,.T.);
#6867 = LINE('',#6868,#6869);
#6868 = CARTESIAN_POINT('',(5.900000000002,1.349999999996,4.3));
#6869 = VECTOR('',#6870,1.);
#6870 = DIRECTION('',(0.,0.,1.));
#6871 = ORIENTED_EDGE('',*,*,#6396,.T.);
#6872 = ORIENTED_EDGE('',*,*,#6827,.F.);
#6873 = ORIENTED_EDGE('',*,*,#6547,.F.);
#6874 = PLANE('',#6875);
#6875 = AXIS2_PLACEMENT_3D('',#6876,#6877,#6878);
#6876 = CARTESIAN_POINT('',(5.900000000002,1.349999999996,4.3));
#6877 = DIRECTION('',(0.,-1.,0.));
#6878 = DIRECTION('',(-1.,0.,0.));
#6879 = ADVANCED_FACE('',(#6880),#6905,.T.);
#6880 = FACE_BOUND('',#6881,.T.);
#6881 = EDGE_LOOP('',(#6882,#6890,#6898,#6904));
#6882 = ORIENTED_EDGE('',*,*,#6883,.T.);
#6883 = EDGE_CURVE('',#6381,#6884,#6886,.T.);
#6884 = VERTEX_POINT('',#6885);
#6885 = CARTESIAN_POINT('',(5.940000000002,-1.349999999996,4.7));
#6886 = LINE('',#6887,#6888);
#6887 = CARTESIAN_POINT('',(5.900000000002,-1.349999999996,4.7));
#6888 = VECTOR('',#6889,1.);
#6889 = DIRECTION('',(1.,0.,0.));
#6890 = ORIENTED_EDGE('',*,*,#6891,.T.);
#6891 = EDGE_CURVE('',#6884,#6892,#6894,.T.);
#6892 = VERTEX_POINT('',#6893);
#6893 = CARTESIAN_POINT('',(5.940000000002,1.349999999996,4.7));
#6894 = LINE('',#6895,#6896);
#6895 = CARTESIAN_POINT('',(5.940000000002,-1.349999999996,4.7));
#6896 = VECTOR('',#6897,1.);
#6897 = DIRECTION('',(0.,1.,0.));
#6898 = ORIENTED_EDGE('',*,*,#6899,.F.);
#6899 = EDGE_CURVE('',#6389,#6892,#6900,.T.);
#6900 = LINE('',#6901,#6902);
#6901 = CARTESIAN_POINT('',(5.900000000002,1.349999999996,4.7));
#6902 = VECTOR('',#6903,1.);
#6903 = DIRECTION('',(1.,0.,0.));
#6904 = ORIENTED_EDGE('',*,*,#6388,.F.);
#6905 = PLANE('',#6906);
#6906 = AXIS2_PLACEMENT_3D('',#6907,#6908,#6909);
#6907 = CARTESIAN_POINT('',(5.900000000002,-1.349999999996,4.7));
#6908 = DIRECTION('',(0.,0.,1.));
#6909 = DIRECTION('',(0.,1.,0.));
#6910 = ADVANCED_FACE('',(#6911),#6927,.T.);
#6911 = FACE_BOUND('',#6912,.T.);
#6912 = EDGE_LOOP('',(#6913,#6914,#6920,#6921));
#6913 = ORIENTED_EDGE('',*,*,#6429,.F.);
#6914 = ORIENTED_EDGE('',*,*,#6915,.T.);
#6915 = EDGE_CURVE('',#6430,#6574,#6916,.T.);
#6916 = LINE('',#6917,#6918);
#6917 = CARTESIAN_POINT('',(0.,-1.,4.7));
#6918 = VECTOR('',#6919,1.);
#6919 = DIRECTION('',(-0.,-0.,-1.));
#6920 = ORIENTED_EDGE('',*,*,#6573,.T.);
#6921 = ORIENTED_EDGE('',*,*,#6922,.F.);
#6922 = EDGE_CURVE('',#6432,#6576,#6923,.T.);
#6923 = LINE('',#6924,#6925);
#6924 = CARTESIAN_POINT('',(0.,1.,4.7));
#6925 = VECTOR('',#6926,1.);
#6926 = DIRECTION('',(-0.,-0.,-1.));
#6927 = PLANE('',#6928);
#6928 = AXIS2_PLACEMENT_3D('',#6929,#6930,#6931);
#6929 = CARTESIAN_POINT('',(0.,-1.,4.7));
#6930 = DIRECTION('',(1.,0.,0.));
#6931 = DIRECTION('',(-0.,1.,0.));
#6932 = ADVANCED_FACE('',(#6933),#6944,.T.);
#6933 = FACE_BOUND('',#6934,.T.);
#6934 = EDGE_LOOP('',(#6935,#6936,#6942,#6943));
#6935 = ORIENTED_EDGE('',*,*,#6455,.F.);
#6936 = ORIENTED_EDGE('',*,*,#6937,.T.);
#6937 = EDGE_CURVE('',#6448,#6592,#6938,.T.);
#6938 = LINE('',#6939,#6940);
#6939 = CARTESIAN_POINT('',(4.,-1.,4.7));
#6940 = VECTOR('',#6941,1.);
#6941 = DIRECTION('',(-0.,-0.,-1.));
#6942 = ORIENTED_EDGE('',*,*,#6599,.T.);
#6943 = ORIENTED_EDGE('',*,*,#6915,.F.);
#6944 = PLANE('',#6945);
#6945 = AXIS2_PLACEMENT_3D('',#6946,#6947,#6948);
#6946 = CARTESIAN_POINT('',(4.,-1.,4.7));
#6947 = DIRECTION('',(0.,1.,0.));
#6948 = DIRECTION('',(-1.,0.,0.));
#6949 = ADVANCED_FACE('',(#6950),#6961,.T.);
#6950 = FACE_BOUND('',#6951,.T.);
#6951 = EDGE_LOOP('',(#6952,#6953,#6959,#6960));
#6952 = ORIENTED_EDGE('',*,*,#6447,.F.);
#6953 = ORIENTED_EDGE('',*,*,#6954,.T.);
#6954 = EDGE_CURVE('',#6440,#6584,#6955,.T.);
#6955 = LINE('',#6956,#6957);
#6956 = CARTESIAN_POINT('',(4.,1.,4.7));
#6957 = VECTOR('',#6958,1.);
#6958 = DIRECTION('',(-0.,-0.,-1.));
#6959 = ORIENTED_EDGE('',*,*,#6591,.T.);
#6960 = ORIENTED_EDGE('',*,*,#6937,.F.);
#6961 = PLANE('',#6962);
#6962 = AXIS2_PLACEMENT_3D('',#6963,#6964,#6965);
#6963 = CARTESIAN_POINT('',(4.,1.,4.7));
#6964 = DIRECTION('',(-1.,0.,0.));
#6965 = DIRECTION('',(0.,-1.,0.));
#6966 = ADVANCED_FACE('',(#6967),#6973,.T.);
#6967 = FACE_BOUND('',#6968,.T.);
#6968 = EDGE_LOOP('',(#6969,#6970,#6971,#6972));
#6969 = ORIENTED_EDGE('',*,*,#6439,.F.);
#6970 = ORIENTED_EDGE('',*,*,#6922,.T.);
#6971 = ORIENTED_EDGE('',*,*,#6583,.T.);
#6972 = ORIENTED_EDGE('',*,*,#6954,.F.);
#6973 = PLANE('',#6974);
#6974 = AXIS2_PLACEMENT_3D('',#6975,#6976,#6977);
#6975 = CARTESIAN_POINT('',(0.,1.,4.7));
#6976 = DIRECTION('',(0.,-1.,0.));
#6977 = DIRECTION('',(1.,0.,0.));
#6978 = ADVANCED_FACE('',(#6979),#7006,.F.);
#6979 = FACE_BOUND('',#6980,.F.);
#6980 = EDGE_LOOP('',(#6981,#6982,#6983,#6991,#6999));
#6981 = ORIENTED_EDGE('',*,*,#6790,.F.);
#6982 = ORIENTED_EDGE('',*,*,#6471,.F.);
#6983 = ORIENTED_EDGE('',*,*,#6984,.T.);
#6984 = EDGE_CURVE('',#6472,#6985,#6987,.T.);
#6985 = VERTEX_POINT('',#6986);
#6986 = CARTESIAN_POINT('',(-1.849999999998,2.150000000002,4.3));
#6987 = LINE('',#6988,#6989);
#6988 = CARTESIAN_POINT('',(-1.849999999998,1.750000000002,4.3));
#6989 = VECTOR('',#6990,1.);
#6990 = DIRECTION('',(0.,1.,0.));
#6991 = ORIENTED_EDGE('',*,*,#6992,.T.);
#6992 = EDGE_CURVE('',#6985,#6993,#6995,.T.);
#6993 = VERTEX_POINT('',#6994);
#6994 = CARTESIAN_POINT('',(-1.849999999998,2.150000000002,4.34));
#6995 = LINE('',#6996,#6997);
#6996 = CARTESIAN_POINT('',(-1.849999999998,2.150000000002,4.3));
#6997 = VECTOR('',#6998,1.);
#6998 = DIRECTION('',(0.,0.,1.));
#6999 = ORIENTED_EDGE('',*,*,#7000,.F.);
#7000 = EDGE_CURVE('',#6783,#6993,#7001,.T.);
#7001 = CIRCLE('',#7002,0.36);
#7002 = AXIS2_PLACEMENT_3D('',#7003,#7004,#7005);
#7003 = CARTESIAN_POINT('',(-1.849999999998,1.790000000002,4.34));
#7004 = DIRECTION('',(-1.,0.,0.));
#7005 = DIRECTION('',(0.,0.,-1.));
#7006 = PLANE('',#7007);
#7007 = AXIS2_PLACEMENT_3D('',#7008,#7009,#7010);
#7008 = CARTESIAN_POINT('',(-1.849999999998,1.750000000002,4.3));
#7009 = DIRECTION('',(1.,0.,0.));
#7010 = DIRECTION('',(0.,0.,1.));
#7011 = ADVANCED_FACE('',(#7012,#7053,#7087),#7121,.F.);
#7012 = FACE_BOUND('',#7013,.F.);
#7013 = EDGE_LOOP('',(#7014,#7022,#7030,#7038,#7046,#7052));
#7014 = ORIENTED_EDGE('',*,*,#7015,.T.);
#7015 = EDGE_CURVE('',#6508,#7016,#7018,.T.);
#7016 = VERTEX_POINT('',#7017);
#7017 = CARTESIAN_POINT('',(-1.849999999996,-1.749999999998,1.3));
#7018 = LINE('',#7019,#7020);
#7019 = CARTESIAN_POINT('',(-1.849999999996,-1.749999999998,4.3));
#7020 = VECTOR('',#7021,1.);
#7021 = DIRECTION('',(-0.,-0.,-1.));
#7022 = ORIENTED_EDGE('',*,*,#7023,.T.);
#7023 = EDGE_CURVE('',#7016,#7024,#7026,.T.);
#7024 = VERTEX_POINT('',#7025);
#7025 = CARTESIAN_POINT('',(-0.499999999996,-1.749999999998,1.3));
#7026 = LINE('',#7027,#7028);
#7027 = CARTESIAN_POINT('',(-1.849999999996,-1.749999999998,1.3));
#7028 = VECTOR('',#7029,1.);
#7029 = DIRECTION('',(1.,0.,0.));
#7030 = ORIENTED_EDGE('',*,*,#7031,.T.);
#7031 = EDGE_CURVE('',#7024,#7032,#7034,.T.);
#7032 = VERTEX_POINT('',#7033);
#7033 = CARTESIAN_POINT('',(4.499999999996,-1.749999999998,1.3));
#7034 = LINE('',#7035,#7036);
#7035 = CARTESIAN_POINT('',(-1.849999999996,-1.749999999998,1.3));
#7036 = VECTOR('',#7037,1.);
#7037 = DIRECTION('',(1.,0.,0.));
#7038 = ORIENTED_EDGE('',*,*,#7039,.T.);
#7039 = EDGE_CURVE('',#7032,#7040,#7042,.T.);
#7040 = VERTEX_POINT('',#7041);
#7041 = CARTESIAN_POINT('',(5.849999999996,-1.749999999998,1.3));
#7042 = LINE('',#7043,#7044);
#7043 = CARTESIAN_POINT('',(-1.849999999996,-1.749999999998,1.3));
#7044 = VECTOR('',#7045,1.);
#7045 = DIRECTION('',(1.,0.,0.));
#7046 = ORIENTED_EDGE('',*,*,#7047,.F.);
#7047 = EDGE_CURVE('',#6516,#7040,#7048,.T.);
#7048 = LINE('',#7049,#7050);
#7049 = CARTESIAN_POINT('',(5.849999999996,-1.749999999998,4.3));
#7050 = VECTOR('',#7051,1.);
#7051 = DIRECTION('',(-0.,-0.,-1.));
#7052 = ORIENTED_EDGE('',*,*,#6515,.F.);
#7053 = FACE_BOUND('',#7054,.F.);
#7054 = EDGE_LOOP('',(#7055,#7065,#7073,#7081));
#7055 = ORIENTED_EDGE('',*,*,#7056,.F.);
#7056 = EDGE_CURVE('',#7057,#7059,#7061,.T.);
#7057 = VERTEX_POINT('',#7058);
#7058 = CARTESIAN_POINT('',(1.2,-1.749999999998,3.5));
#7059 = VERTEX_POINT('',#7060);
#7060 = CARTESIAN_POINT('',(0.6,-1.749999999998,3.5));
#7061 = LINE('',#7062,#7063);
#7062 = CARTESIAN_POINT('',(-0.624999999998,-1.749999999998,3.5));
#7063 = VECTOR('',#7064,1.);
#7064 = DIRECTION('',(-1.,0.,0.));
#7065 = ORIENTED_EDGE('',*,*,#7066,.F.);
#7066 = EDGE_CURVE('',#7067,#7057,#7069,.T.);
#7067 = VERTEX_POINT('',#7068);
#7068 = CARTESIAN_POINT('',(1.2,-1.749999999998,2.1));
#7069 = LINE('',#7070,#7071);
#7070 = CARTESIAN_POINT('',(1.2,-1.749999999998,3.9));
#7071 = VECTOR('',#7072,1.);
#7072 = DIRECTION('',(0.,0.,1.));
#7073 = ORIENTED_EDGE('',*,*,#7074,.F.);
#7074 = EDGE_CURVE('',#7075,#7067,#7077,.T.);
#7075 = VERTEX_POINT('',#7076);
#7076 = CARTESIAN_POINT('',(0.6,-1.749999999998,2.1));
#7077 = LINE('',#7078,#7079);
#7078 = CARTESIAN_POINT('',(-0.324999999998,-1.749999999998,2.1));
#7079 = VECTOR('',#7080,1.);
#7080 = DIRECTION('',(1.,0.,0.));
#7081 = ORIENTED_EDGE('',*,*,#7082,.F.);
#7082 = EDGE_CURVE('',#7059,#7075,#7083,.T.);
#7083 = LINE('',#7084,#7085);
#7084 = CARTESIAN_POINT('',(0.6,-1.749999999998,3.2));
#7085 = VECTOR('',#7086,1.);
#7086 = DIRECTION('',(0.,0.,-1.));
#7087 = FACE_BOUND('',#7088,.F.);
#7088 = EDGE_LOOP('',(#7089,#7099,#7107,#7115));
#7089 = ORIENTED_EDGE('',*,*,#7090,.T.);
#7090 = EDGE_CURVE('',#7091,#7093,#7095,.T.);
#7091 = VERTEX_POINT('',#7092);
#7092 = CARTESIAN_POINT('',(2.8,-1.749999999998,2.1));
#7093 = VERTEX_POINT('',#7094);
#7094 = CARTESIAN_POINT('',(2.8,-1.749999999998,3.5));
#7095 = LINE('',#7096,#7097);
#7096 = CARTESIAN_POINT('',(2.8,-1.749999999998,3.2));
#7097 = VECTOR('',#7098,1.);
#7098 = DIRECTION('',(0.,0.,1.));
#7099 = ORIENTED_EDGE('',*,*,#7100,.T.);
#7100 = EDGE_CURVE('',#7093,#7101,#7103,.T.);
#7101 = VERTEX_POINT('',#7102);
#7102 = CARTESIAN_POINT('',(3.400000000007,-1.749999999998,3.5));
#7103 = LINE('',#7104,#7105);
#7104 = CARTESIAN_POINT('',(0.475000000002,-1.749999999998,3.5));
#7105 = VECTOR('',#7106,1.);
#7106 = DIRECTION('',(1.,0.,0.));
#7107 = ORIENTED_EDGE('',*,*,#7108,.T.);
#7108 = EDGE_CURVE('',#7101,#7109,#7111,.T.);
#7109 = VERTEX_POINT('',#7110);
#7110 = CARTESIAN_POINT('',(3.400000000007,-1.749999999998,2.1));
#7111 = LINE('',#7112,#7113);
#7112 = CARTESIAN_POINT('',(3.400000000007,-1.749999999998,3.9));
#7113 = VECTOR('',#7114,1.);
#7114 = DIRECTION('',(0.,0.,-1.));
#7115 = ORIENTED_EDGE('',*,*,#7116,.T.);
#7116 = EDGE_CURVE('',#7109,#7091,#7117,.T.);
#7117 = LINE('',#7118,#7119);
#7118 = CARTESIAN_POINT('',(0.775000000005,-1.749999999998,2.1));
#7119 = VECTOR('',#7120,1.);
#7120 = DIRECTION('',(-1.,0.,0.));
#7121 = PLANE('',#7122);
#7122 = AXIS2_PLACEMENT_3D('',#7123,#7124,#7125);
#7123 = CARTESIAN_POINT('',(-1.849999999996,-1.749999999998,4.3));
#7124 = DIRECTION('',(0.,-1.,0.));
#7125 = DIRECTION('',(1.,0.,0.));
#7126 = ADVANCED_FACE('',(#7127),#7168,.F.);
#7127 = FACE_BOUND('',#7128,.F.);
#7128 = EDGE_LOOP('',(#7129,#7137,#7145,#7153,#7161,#7167));
#7129 = ORIENTED_EDGE('',*,*,#7130,.T.);
#7130 = EDGE_CURVE('',#6556,#7131,#7133,.T.);
#7131 = VERTEX_POINT('',#7132);
#7132 = CARTESIAN_POINT('',(5.850000000047,1.750000000002,1.3));
#7133 = LINE('',#7134,#7135);
#7134 = CARTESIAN_POINT('',(5.850000000047,1.750000000002,4.3));
#7135 = VECTOR('',#7136,1.);
#7136 = DIRECTION('',(-0.,-0.,-1.));
#7137 = ORIENTED_EDGE('',*,*,#7138,.T.);
#7138 = EDGE_CURVE('',#7131,#7139,#7141,.T.);
#7139 = VERTEX_POINT('',#7140);
#7140 = CARTESIAN_POINT('',(4.499999999996,1.750000000002,1.3));
#7141 = LINE('',#7142,#7143);
#7142 = CARTESIAN_POINT('',(5.850000000047,1.750000000002,1.3));
#7143 = VECTOR('',#7144,1.);
#7144 = DIRECTION('',(-1.,0.,0.));
#7145 = ORIENTED_EDGE('',*,*,#7146,.T.);
#7146 = EDGE_CURVE('',#7139,#7147,#7149,.T.);
#7147 = VERTEX_POINT('',#7148);
#7148 = CARTESIAN_POINT('',(-0.499999999996,1.750000000002,1.3));
#7149 = LINE('',#7150,#7151);
#7150 = CARTESIAN_POINT('',(5.850000000047,1.750000000002,1.3));
#7151 = VECTOR('',#7152,1.);
#7152 = DIRECTION('',(-1.,0.,0.));
#7153 = ORIENTED_EDGE('',*,*,#7154,.T.);
#7154 = EDGE_CURVE('',#7147,#7155,#7157,.T.);
#7155 = VERTEX_POINT('',#7156);
#7156 = CARTESIAN_POINT('',(-1.849999999997,1.750000000002,1.3));
#7157 = LINE('',#7158,#7159);
#7158 = CARTESIAN_POINT('',(5.850000000047,1.750000000002,1.3));
#7159 = VECTOR('',#7160,1.);
#7160 = DIRECTION('',(-1.,0.,0.));
#7161 = ORIENTED_EDGE('',*,*,#7162,.F.);
#7162 = EDGE_CURVE('',#6472,#7155,#7163,.T.);
#7163 = LINE('',#7164,#7165);
#7164 = CARTESIAN_POINT('',(-1.849999999998,1.750000000002,4.3));
#7165 = VECTOR('',#7166,1.);
#7166 = DIRECTION('',(-0.,-0.,-1.));
#7167 = ORIENTED_EDGE('',*,*,#6563,.F.);
#7168 = PLANE('',#7169);
#7169 = AXIS2_PLACEMENT_3D('',#7170,#7171,#7172);
#7170 = CARTESIAN_POINT('',(5.850000000047,1.750000000002,4.3));
#7171 = DIRECTION('',(0.,1.,0.));
#7172 = DIRECTION('',(-1.,0.,0.));
#7173 = ADVANCED_FACE('',(#7174),#7199,.F.);
#7174 = FACE_BOUND('',#7175,.F.);
#7175 = EDGE_LOOP('',(#7176,#7184,#7192,#7198));
#7176 = ORIENTED_EDGE('',*,*,#7177,.T.);
#7177 = EDGE_CURVE('',#6532,#7178,#7180,.T.);
#7178 = VERTEX_POINT('',#7179);
#7179 = CARTESIAN_POINT('',(5.900000000002,-1.349999999996,3.9));
#7180 = LINE('',#7181,#7182);
#7181 = CARTESIAN_POINT('',(5.900000000002,-1.349999999996,4.3));
#7182 = VECTOR('',#7183,1.);
#7183 = DIRECTION('',(0.,0.,-1.));
#7184 = ORIENTED_EDGE('',*,*,#7185,.T.);
#7185 = EDGE_CURVE('',#7178,#7186,#7188,.T.);
#7186 = VERTEX_POINT('',#7187);
#7187 = CARTESIAN_POINT('',(5.900000000002,1.349999999996,3.9));
#7188 = LINE('',#7189,#7190);
#7189 = CARTESIAN_POINT('',(5.900000000002,-1.349999999996,3.9));
#7190 = VECTOR('',#7191,1.);
#7191 = DIRECTION('',(0.,1.,0.));
#7192 = ORIENTED_EDGE('',*,*,#7193,.F.);
#7193 = EDGE_CURVE('',#6540,#7186,#7194,.T.);
#7194 = LINE('',#7195,#7196);
#7195 = CARTESIAN_POINT('',(5.900000000002,1.349999999996,4.3));
#7196 = VECTOR('',#7197,1.);
#7197 = DIRECTION('',(0.,0.,-1.));
#7198 = ORIENTED_EDGE('',*,*,#6539,.F.);
#7199 = PLANE('',#7200);
#7200 = AXIS2_PLACEMENT_3D('',#7201,#7202,#7203);
#7201 = CARTESIAN_POINT('',(5.900000000002,-1.349999999996,4.3));
#7202 = DIRECTION('',(1.,0.,0.));
#7203 = DIRECTION('',(-0.,1.,0.));
#7204 = ADVANCED_FACE('',(#7205),#7264,.F.);
#7205 = FACE_BOUND('',#7206,.F.);
#7206 = EDGE_LOOP('',(#7207,#7208,#7216,#7224,#7233,#7241,#7250,#7258));
#7207 = ORIENTED_EDGE('',*,*,#6621,.F.);
#7208 = ORIENTED_EDGE('',*,*,#7209,.T.);
#7209 = EDGE_CURVE('',#6614,#7210,#7212,.T.);
#7210 = VERTEX_POINT('',#7211);
#7211 = CARTESIAN_POINT('',(-2.299999999998,-1.349999999998,0.));
#7212 = LINE('',#7213,#7214);
#7213 = CARTESIAN_POINT('',(-2.299999999998,-1.349999999998,3.9));
#7214 = VECTOR('',#7215,1.);
#7215 = DIRECTION('',(0.,0.,-1.));
#7216 = ORIENTED_EDGE('',*,*,#7217,.T.);
#7217 = EDGE_CURVE('',#7210,#7218,#7220,.T.);
#7218 = VERTEX_POINT('',#7219);
#7219 = CARTESIAN_POINT('',(-2.299999999998,-1.249999999997,0.));
#7220 = LINE('',#7221,#7222);
#7221 = CARTESIAN_POINT('',(-2.299999999998,-1.349999999998,
    -1.110223024625E-16));
#7222 = VECTOR('',#7223,1.);
#7223 = DIRECTION('',(0.,1.,0.));
#7224 = ORIENTED_EDGE('',*,*,#7225,.T.);
#7225 = EDGE_CURVE('',#7218,#7226,#7228,.T.);
#7226 = VERTEX_POINT('',#7227);
#7227 = CARTESIAN_POINT('',(-2.299999999998,-0.4,0.));
#7228 = CIRCLE('',#7229,0.424999999999);
#7229 = AXIS2_PLACEMENT_3D('',#7230,#7231,#7232);
#7230 = CARTESIAN_POINT('',(-2.299999999998,-0.824999999999,0.));
#7231 = DIRECTION('',(-1.,0.,0.));
#7232 = DIRECTION('',(0.,-1.,0.));
#7233 = ORIENTED_EDGE('',*,*,#7234,.T.);
#7234 = EDGE_CURVE('',#7226,#7235,#7237,.T.);
#7235 = VERTEX_POINT('',#7236);
#7236 = CARTESIAN_POINT('',(-2.299999999998,0.4,0.));
#7237 = LINE('',#7238,#7239);
#7238 = CARTESIAN_POINT('',(-2.299999999998,-1.349999999998,
    -1.110223024625E-16));
#7239 = VECTOR('',#7240,1.);
#7240 = DIRECTION('',(0.,1.,0.));
#7241 = ORIENTED_EDGE('',*,*,#7242,.T.);
#7242 = EDGE_CURVE('',#7235,#7243,#7245,.T.);
#7243 = VERTEX_POINT('',#7244);
#7244 = CARTESIAN_POINT('',(-2.299999999998,1.250000000002,0.));
#7245 = CIRCLE('',#7246,0.425000000001);
#7246 = AXIS2_PLACEMENT_3D('',#7247,#7248,#7249);
#7247 = CARTESIAN_POINT('',(-2.299999999998,0.825000000001,0.));
#7248 = DIRECTION('',(-1.,0.,0.));
#7249 = DIRECTION('',(0.,-1.,0.));
#7250 = ORIENTED_EDGE('',*,*,#7251,.T.);
#7251 = EDGE_CURVE('',#7243,#7252,#7254,.T.);
#7252 = VERTEX_POINT('',#7253);
#7253 = CARTESIAN_POINT('',(-2.299999999998,1.350000000002,0.));
#7254 = LINE('',#7255,#7256);
#7255 = CARTESIAN_POINT('',(-2.299999999998,-1.349999999998,
    -1.110223024625E-16));
#7256 = VECTOR('',#7257,1.);
#7257 = DIRECTION('',(0.,1.,0.));
#7258 = ORIENTED_EDGE('',*,*,#7259,.F.);
#7259 = EDGE_CURVE('',#6300,#7252,#7260,.T.);
#7260 = LINE('',#7261,#7262);
#7261 = CARTESIAN_POINT('',(-2.299999999998,1.350000000002,3.9));
#7262 = VECTOR('',#7263,1.);
#7263 = DIRECTION('',(0.,0.,-1.));
#7264 = PLANE('',#7265);
#7265 = AXIS2_PLACEMENT_3D('',#7266,#7267,#7268);
#7266 = CARTESIAN_POINT('',(-2.299999999998,-1.349999999998,3.9));
#7267 = DIRECTION('',(1.,0.,0.));
#7268 = DIRECTION('',(-0.,1.,0.));
#7269 = ADVANCED_FACE('',(#7270),#7329,.T.);
#7270 = FACE_BOUND('',#7271,.T.);
#7271 = EDGE_LOOP('',(#7272,#7273,#7281,#7289,#7298,#7306,#7315,#7323));
#7272 = ORIENTED_EDGE('',*,*,#6645,.F.);
#7273 = ORIENTED_EDGE('',*,*,#7274,.T.);
#7274 = EDGE_CURVE('',#6638,#7275,#7277,.T.);
#7275 = VERTEX_POINT('',#7276);
#7276 = CARTESIAN_POINT('',(-1.899999999998,-1.349999999998,0.));
#7277 = LINE('',#7278,#7279);
#7278 = CARTESIAN_POINT('',(-1.899999999998,-1.349999999998,3.9));
#7279 = VECTOR('',#7280,1.);
#7280 = DIRECTION('',(0.,0.,-1.));
#7281 = ORIENTED_EDGE('',*,*,#7282,.T.);
#7282 = EDGE_CURVE('',#7275,#7283,#7285,.T.);
#7283 = VERTEX_POINT('',#7284);
#7284 = CARTESIAN_POINT('',(-1.899999999998,-1.249999999997,0.));
#7285 = LINE('',#7286,#7287);
#7286 = CARTESIAN_POINT('',(-1.899999999998,-1.349999999998,
    -1.110223024625E-16));
#7287 = VECTOR('',#7288,1.);
#7288 = DIRECTION('',(0.,1.,0.));
#7289 = ORIENTED_EDGE('',*,*,#7290,.T.);
#7290 = EDGE_CURVE('',#7283,#7291,#7293,.T.);
#7291 = VERTEX_POINT('',#7292);
#7292 = CARTESIAN_POINT('',(-1.899999999998,-0.4,0.));
#7293 = CIRCLE('',#7294,0.424999999999);
#7294 = AXIS2_PLACEMENT_3D('',#7295,#7296,#7297);
#7295 = CARTESIAN_POINT('',(-1.899999999998,-0.824999999999,0.));
#7296 = DIRECTION('',(-1.,0.,0.));
#7297 = DIRECTION('',(0.,-1.,0.));
#7298 = ORIENTED_EDGE('',*,*,#7299,.T.);
#7299 = EDGE_CURVE('',#7291,#7300,#7302,.T.);
#7300 = VERTEX_POINT('',#7301);
#7301 = CARTESIAN_POINT('',(-1.899999999998,0.4,0.));
#7302 = LINE('',#7303,#7304);
#7303 = CARTESIAN_POINT('',(-1.899999999998,-1.349999999998,
    -1.110223024625E-16));
#7304 = VECTOR('',#7305,1.);
#7305 = DIRECTION('',(0.,1.,0.));
#7306 = ORIENTED_EDGE('',*,*,#7307,.T.);
#7307 = EDGE_CURVE('',#7300,#7308,#7310,.T.);
#7308 = VERTEX_POINT('',#7309);
#7309 = CARTESIAN_POINT('',(-1.899999999998,1.250000000002,0.));
#7310 = CIRCLE('',#7311,0.425000000001);
#7311 = AXIS2_PLACEMENT_3D('',#7312,#7313,#7314);
#7312 = CARTESIAN_POINT('',(-1.899999999998,0.825000000001,0.));
#7313 = DIRECTION('',(-1.,0.,0.));
#7314 = DIRECTION('',(0.,-1.,0.));
#7315 = ORIENTED_EDGE('',*,*,#7316,.T.);
#7316 = EDGE_CURVE('',#7308,#7317,#7319,.T.);
#7317 = VERTEX_POINT('',#7318);
#7318 = CARTESIAN_POINT('',(-1.899999999998,1.350000000002,0.));
#7319 = LINE('',#7320,#7321);
#7320 = CARTESIAN_POINT('',(-1.899999999998,-1.349999999998,
    -1.110223024625E-16));
#7321 = VECTOR('',#7322,1.);
#7322 = DIRECTION('',(0.,1.,0.));
#7323 = ORIENTED_EDGE('',*,*,#7324,.F.);
#7324 = EDGE_CURVE('',#6292,#7317,#7325,.T.);
#7325 = LINE('',#7326,#7327);
#7326 = CARTESIAN_POINT('',(-1.899999999998,1.350000000002,3.9));
#7327 = VECTOR('',#7328,1.);
#7328 = DIRECTION('',(0.,0.,-1.));
#7329 = PLANE('',#7330);
#7330 = AXIS2_PLACEMENT_3D('',#7331,#7332,#7333);
#7331 = CARTESIAN_POINT('',(-1.899999999998,-1.349999999998,3.9));
#7332 = DIRECTION('',(1.,0.,0.));
#7333 = DIRECTION('',(-0.,1.,0.));
#7334 = ADVANCED_FACE('',(#7335),#7353,.F.);
#7335 = FACE_BOUND('',#7336,.F.);
#7336 = EDGE_LOOP('',(#7337,#7338,#7346,#7352));
#7337 = ORIENTED_EDGE('',*,*,#6661,.T.);
#7338 = ORIENTED_EDGE('',*,*,#7339,.T.);
#7339 = EDGE_CURVE('',#6662,#7340,#7342,.T.);
#7340 = VERTEX_POINT('',#7341);
#7341 = CARTESIAN_POINT('',(-1.899999999998,2.150000000002,0.));
#7342 = LINE('',#7343,#7344);
#7343 = CARTESIAN_POINT('',(-1.899999999998,2.150000000002,3.9));
#7344 = VECTOR('',#7345,1.);
#7345 = DIRECTION('',(0.,0.,-1.));
#7346 = ORIENTED_EDGE('',*,*,#7347,.F.);
#7347 = EDGE_CURVE('',#7317,#7340,#7348,.T.);
#7348 = LINE('',#7349,#7350);
#7349 = CARTESIAN_POINT('',(-1.899999999998,1.350000000002,0.));
#7350 = VECTOR('',#7351,1.);
#7351 = DIRECTION('',(0.,1.,0.));
#7352 = ORIENTED_EDGE('',*,*,#7324,.F.);
#7353 = PLANE('',#7354);
#7354 = AXIS2_PLACEMENT_3D('',#7355,#7356,#7357);
#7355 = CARTESIAN_POINT('',(-1.899999999998,1.350000000002,3.9));
#7356 = DIRECTION('',(-1.,0.,0.));
#7357 = DIRECTION('',(0.,0.,-1.));
#7358 = ADVANCED_FACE('',(#7359),#7377,.T.);
#7359 = FACE_BOUND('',#7360,.T.);
#7360 = EDGE_LOOP('',(#7361,#7362,#7370,#7376));
#7361 = ORIENTED_EDGE('',*,*,#6677,.T.);
#7362 = ORIENTED_EDGE('',*,*,#7363,.T.);
#7363 = EDGE_CURVE('',#6670,#7364,#7366,.T.);
#7364 = VERTEX_POINT('',#7365);
#7365 = CARTESIAN_POINT('',(-2.299999999998,2.150000000002,0.));
#7366 = LINE('',#7367,#7368);
#7367 = CARTESIAN_POINT('',(-2.299999999998,2.150000000002,3.9));
#7368 = VECTOR('',#7369,1.);
#7369 = DIRECTION('',(0.,0.,-1.));
#7370 = ORIENTED_EDGE('',*,*,#7371,.F.);
#7371 = EDGE_CURVE('',#7252,#7364,#7372,.T.);
#7372 = LINE('',#7373,#7374);
#7373 = CARTESIAN_POINT('',(-2.299999999998,1.350000000002,0.));
#7374 = VECTOR('',#7375,1.);
#7375 = DIRECTION('',(0.,1.,0.));
#7376 = ORIENTED_EDGE('',*,*,#7259,.F.);
#7377 = PLANE('',#7378);
#7378 = AXIS2_PLACEMENT_3D('',#7379,#7380,#7381);
#7379 = CARTESIAN_POINT('',(-2.299999999998,1.350000000002,3.9));
#7380 = DIRECTION('',(-1.,0.,0.));
#7381 = DIRECTION('',(0.,0.,-1.));
#7382 = ADVANCED_FACE('',(#7383),#7394,.T.);
#7383 = FACE_BOUND('',#7384,.T.);
#7384 = EDGE_LOOP('',(#7385,#7386,#7392,#7393));
#7385 = ORIENTED_EDGE('',*,*,#7339,.T.);
#7386 = ORIENTED_EDGE('',*,*,#7387,.T.);
#7387 = EDGE_CURVE('',#7340,#7364,#7388,.T.);
#7388 = LINE('',#7389,#7390);
#7389 = CARTESIAN_POINT('',(-1.899999999998,2.150000000002,
    -1.110223024625E-16));
#7390 = VECTOR('',#7391,1.);
#7391 = DIRECTION('',(-1.,0.,0.));
#7392 = ORIENTED_EDGE('',*,*,#7363,.F.);
#7393 = ORIENTED_EDGE('',*,*,#6669,.F.);
#7394 = PLANE('',#7395);
#7395 = AXIS2_PLACEMENT_3D('',#7396,#7397,#7398);
#7396 = CARTESIAN_POINT('',(-1.899999999998,2.150000000002,3.9));
#7397 = DIRECTION('',(0.,1.,0.));
#7398 = DIRECTION('',(-1.,0.,0.));
#7399 = ADVANCED_FACE('',(#7400),#7425,.F.);
#7400 = FACE_BOUND('',#7401,.F.);
#7401 = EDGE_LOOP('',(#7402,#7410,#7418,#7424));
#7402 = ORIENTED_EDGE('',*,*,#7403,.T.);
#7403 = EDGE_CURVE('',#6638,#7404,#7406,.T.);
#7404 = VERTEX_POINT('',#7405);
#7405 = CARTESIAN_POINT('',(-1.899999999998,-2.149999999998,3.9));
#7406 = LINE('',#7407,#7408);
#7407 = CARTESIAN_POINT('',(-1.899999999998,-1.349999999998,3.9));
#7408 = VECTOR('',#7409,1.);
#7409 = DIRECTION('',(0.,-1.,0.));
#7410 = ORIENTED_EDGE('',*,*,#7411,.T.);
#7411 = EDGE_CURVE('',#7404,#7412,#7414,.T.);
#7412 = VERTEX_POINT('',#7413);
#7413 = CARTESIAN_POINT('',(-2.299999999998,-2.149999999998,3.9));
#7414 = LINE('',#7415,#7416);
#7415 = CARTESIAN_POINT('',(-1.899999999998,-2.149999999998,3.9));
#7416 = VECTOR('',#7417,1.);
#7417 = DIRECTION('',(-1.,0.,0.));
#7418 = ORIENTED_EDGE('',*,*,#7419,.F.);
#7419 = EDGE_CURVE('',#6614,#7412,#7420,.T.);
#7420 = LINE('',#7421,#7422);
#7421 = CARTESIAN_POINT('',(-2.299999999998,-1.349999999998,3.9));
#7422 = VECTOR('',#7423,1.);
#7423 = DIRECTION('',(0.,-1.,0.));
#7424 = ORIENTED_EDGE('',*,*,#6710,.F.);
#7425 = PLANE('',#7426);
#7426 = AXIS2_PLACEMENT_3D('',#7427,#7428,#7429);
#7427 = CARTESIAN_POINT('',(-1.899999999998,-1.349999999998,3.9));
#7428 = DIRECTION('',(-0.,-0.,-1.));
#7429 = DIRECTION('',(-1.,0.,0.));
#7430 = ADVANCED_FACE('',(#7431),#7458,.T.);
#7431 = FACE_BOUND('',#7432,.T.);
#7432 = EDGE_LOOP('',(#7433,#7434,#7435,#7443,#7451));
#7433 = ORIENTED_EDGE('',*,*,#6743,.F.);
#7434 = ORIENTED_EDGE('',*,*,#6728,.F.);
#7435 = ORIENTED_EDGE('',*,*,#7436,.T.);
#7436 = EDGE_CURVE('',#6508,#7437,#7439,.T.);
#7437 = VERTEX_POINT('',#7438);
#7438 = CARTESIAN_POINT('',(-1.849999999996,-2.149999999998,4.3));
#7439 = LINE('',#7440,#7441);
#7440 = CARTESIAN_POINT('',(-1.849999999996,-1.749999999998,4.3));
#7441 = VECTOR('',#7442,1.);
#7442 = DIRECTION('',(0.,-1.,0.));
#7443 = ORIENTED_EDGE('',*,*,#7444,.T.);
#7444 = EDGE_CURVE('',#7437,#7445,#7447,.T.);
#7445 = VERTEX_POINT('',#7446);
#7446 = CARTESIAN_POINT('',(-1.849999999996,-2.149999999998,4.34));
#7447 = LINE('',#7448,#7449);
#7448 = CARTESIAN_POINT('',(-1.849999999996,-2.149999999998,4.3));
#7449 = VECTOR('',#7450,1.);
#7450 = DIRECTION('',(0.,0.,1.));
#7451 = ORIENTED_EDGE('',*,*,#7452,.F.);
#7452 = EDGE_CURVE('',#6744,#7445,#7453,.T.);
#7453 = CIRCLE('',#7454,0.36);
#7454 = AXIS2_PLACEMENT_3D('',#7455,#7456,#7457);
#7455 = CARTESIAN_POINT('',(-1.849999999996,-1.789999999998,4.34));
#7456 = DIRECTION('',(1.,0.,-0.));
#7457 = DIRECTION('',(0.,0.,1.));
#7458 = PLANE('',#7459);
#7459 = AXIS2_PLACEMENT_3D('',#7460,#7461,#7462);
#7460 = CARTESIAN_POINT('',(-1.849999999996,-1.749999999998,4.3));
#7461 = DIRECTION('',(-1.,0.,0.));
#7462 = DIRECTION('',(0.,0.,1.));
#7463 = ADVANCED_FACE('',(#7464),#7483,.T.);
#7464 = FACE_BOUND('',#7465,.T.);
#7465 = EDGE_LOOP('',(#7466,#7467,#7475,#7482));
#7466 = ORIENTED_EDGE('',*,*,#7452,.T.);
#7467 = ORIENTED_EDGE('',*,*,#7468,.T.);
#7468 = EDGE_CURVE('',#7445,#7469,#7471,.T.);
#7469 = VERTEX_POINT('',#7470);
#7470 = CARTESIAN_POINT('',(5.849999999996,-2.149999999998,4.34));
#7471 = LINE('',#7472,#7473);
#7472 = CARTESIAN_POINT('',(-1.849999999996,-2.149999999998,4.34));
#7473 = VECTOR('',#7474,1.);
#7474 = DIRECTION('',(1.,0.,0.));
#7475 = ORIENTED_EDGE('',*,*,#7476,.F.);
#7476 = EDGE_CURVE('',#6752,#7469,#7477,.T.);
#7477 = CIRCLE('',#7478,0.36);
#7478 = AXIS2_PLACEMENT_3D('',#7479,#7480,#7481);
#7479 = CARTESIAN_POINT('',(5.849999999996,-1.789999999998,4.34));
#7480 = DIRECTION('',(1.,0.,-0.));
#7481 = DIRECTION('',(0.,0.,1.));
#7482 = ORIENTED_EDGE('',*,*,#6751,.F.);
#7483 = CYLINDRICAL_SURFACE('',#7484,0.36);
#7484 = AXIS2_PLACEMENT_3D('',#7485,#7486,#7487);
#7485 = CARTESIAN_POINT('',(-1.849999999996,-1.789999999998,4.34));
#7486 = DIRECTION('',(1.,0.,0.));
#7487 = DIRECTION('',(0.,0.,1.));
#7488 = ADVANCED_FACE('',(#7489),#7508,.F.);
#7489 = FACE_BOUND('',#7490,.F.);
#7490 = EDGE_LOOP('',(#7491,#7492,#7493,#7501,#7507));
#7491 = ORIENTED_EDGE('',*,*,#6759,.F.);
#7492 = ORIENTED_EDGE('',*,*,#6805,.F.);
#7493 = ORIENTED_EDGE('',*,*,#7494,.T.);
#7494 = EDGE_CURVE('',#6516,#7495,#7497,.T.);
#7495 = VERTEX_POINT('',#7496);
#7496 = CARTESIAN_POINT('',(5.849999999996,-2.149999999998,4.3));
#7497 = LINE('',#7498,#7499);
#7498 = CARTESIAN_POINT('',(5.849999999996,-1.749999999998,4.3));
#7499 = VECTOR('',#7500,1.);
#7500 = DIRECTION('',(0.,-1.,0.));
#7501 = ORIENTED_EDGE('',*,*,#7502,.T.);
#7502 = EDGE_CURVE('',#7495,#7469,#7503,.T.);
#7503 = LINE('',#7504,#7505);
#7504 = CARTESIAN_POINT('',(5.849999999996,-2.149999999998,4.3));
#7505 = VECTOR('',#7506,1.);
#7506 = DIRECTION('',(0.,0.,1.));
#7507 = ORIENTED_EDGE('',*,*,#7476,.F.);
#7508 = PLANE('',#7509);
#7509 = AXIS2_PLACEMENT_3D('',#7510,#7511,#7512);
#7510 = CARTESIAN_POINT('',(5.849999999996,-1.749999999998,4.3));
#7511 = DIRECTION('',(-1.,0.,0.));
#7512 = DIRECTION('',(0.,0.,1.));
#7513 = ADVANCED_FACE('',(#7514),#7541,.T.);
#7514 = FACE_BOUND('',#7515,.T.);
#7515 = EDGE_LOOP('',(#7516,#7517,#7518,#7526,#7534));
#7516 = ORIENTED_EDGE('',*,*,#6774,.F.);
#7517 = ORIENTED_EDGE('',*,*,#6834,.F.);
#7518 = ORIENTED_EDGE('',*,*,#7519,.T.);
#7519 = EDGE_CURVE('',#6556,#7520,#7522,.T.);
#7520 = VERTEX_POINT('',#7521);
#7521 = CARTESIAN_POINT('',(5.850000000047,2.150000000002,4.3));
#7522 = LINE('',#7523,#7524);
#7523 = CARTESIAN_POINT('',(5.850000000047,1.750000000002,4.3));
#7524 = VECTOR('',#7525,1.);
#7525 = DIRECTION('',(0.,1.,0.));
#7526 = ORIENTED_EDGE('',*,*,#7527,.T.);
#7527 = EDGE_CURVE('',#7520,#7528,#7530,.T.);
#7528 = VERTEX_POINT('',#7529);
#7529 = CARTESIAN_POINT('',(5.850000000047,2.150000000002,4.34));
#7530 = LINE('',#7531,#7532);
#7531 = CARTESIAN_POINT('',(5.850000000047,2.150000000002,4.3));
#7532 = VECTOR('',#7533,1.);
#7533 = DIRECTION('',(0.,0.,1.));
#7534 = ORIENTED_EDGE('',*,*,#7535,.F.);
#7535 = EDGE_CURVE('',#6775,#7528,#7536,.T.);
#7536 = CIRCLE('',#7537,0.36);
#7537 = AXIS2_PLACEMENT_3D('',#7538,#7539,#7540);
#7538 = CARTESIAN_POINT('',(5.850000000047,1.790000000002,4.34));
#7539 = DIRECTION('',(-1.,0.,0.));
#7540 = DIRECTION('',(0.,0.,-1.));
#7541 = PLANE('',#7542);
#7542 = AXIS2_PLACEMENT_3D('',#7543,#7544,#7545);
#7543 = CARTESIAN_POINT('',(5.850000000047,1.750000000002,4.3));
#7544 = DIRECTION('',(1.,0.,0.));
#7545 = DIRECTION('',(0.,0.,1.));
#7546 = ADVANCED_FACE('',(#7547),#7558,.T.);
#7547 = FACE_BOUND('',#7548,.T.);
#7548 = EDGE_LOOP('',(#7549,#7550,#7556,#7557));
#7549 = ORIENTED_EDGE('',*,*,#7535,.T.);
#7550 = ORIENTED_EDGE('',*,*,#7551,.T.);
#7551 = EDGE_CURVE('',#7528,#6993,#7552,.T.);
#7552 = LINE('',#7553,#7554);
#7553 = CARTESIAN_POINT('',(5.850000000047,2.150000000002,4.34));
#7554 = VECTOR('',#7555,1.);
#7555 = DIRECTION('',(-1.,0.,0.));
#7556 = ORIENTED_EDGE('',*,*,#7000,.F.);
#7557 = ORIENTED_EDGE('',*,*,#6782,.F.);
#7558 = CYLINDRICAL_SURFACE('',#7559,0.36);
#7559 = AXIS2_PLACEMENT_3D('',#7560,#7561,#7562);
#7560 = CARTESIAN_POINT('',(5.850000000047,1.790000000002,4.34));
#7561 = DIRECTION('',(-1.,0.,0.));
#7562 = DIRECTION('',(0.,0.,1.));
#7563 = ADVANCED_FACE('',(#7564),#7591,.T.);
#7564 = FACE_BOUND('',#7565,.T.);
#7565 = EDGE_LOOP('',(#7566,#7567,#7568,#7576,#7584));
#7566 = ORIENTED_EDGE('',*,*,#6883,.F.);
#7567 = ORIENTED_EDGE('',*,*,#6851,.F.);
#7568 = ORIENTED_EDGE('',*,*,#7569,.T.);
#7569 = EDGE_CURVE('',#6532,#7570,#7572,.T.);
#7570 = VERTEX_POINT('',#7571);
#7571 = CARTESIAN_POINT('',(6.300000000002,-1.349999999996,4.3));
#7572 = LINE('',#7573,#7574);
#7573 = CARTESIAN_POINT('',(5.900000000002,-1.349999999996,4.3));
#7574 = VECTOR('',#7575,1.);
#7575 = DIRECTION('',(1.,0.,0.));
#7576 = ORIENTED_EDGE('',*,*,#7577,.T.);
#7577 = EDGE_CURVE('',#7570,#7578,#7580,.T.);
#7578 = VERTEX_POINT('',#7579);
#7579 = CARTESIAN_POINT('',(6.300000000002,-1.349999999996,4.34));
#7580 = LINE('',#7581,#7582);
#7581 = CARTESIAN_POINT('',(6.300000000002,-1.349999999996,4.3));
#7582 = VECTOR('',#7583,1.);
#7583 = DIRECTION('',(0.,0.,1.));
#7584 = ORIENTED_EDGE('',*,*,#7585,.F.);
#7585 = EDGE_CURVE('',#6884,#7578,#7586,.T.);
#7586 = CIRCLE('',#7587,0.36);
#7587 = AXIS2_PLACEMENT_3D('',#7588,#7589,#7590);
#7588 = CARTESIAN_POINT('',(5.940000000002,-1.349999999996,4.34));
#7589 = DIRECTION('',(0.,1.,0.));
#7590 = DIRECTION('',(0.,-0.,1.));
#7591 = PLANE('',#7592);
#7592 = AXIS2_PLACEMENT_3D('',#7593,#7594,#7595);
#7593 = CARTESIAN_POINT('',(5.900000000002,-1.349999999996,4.3));
#7594 = DIRECTION('',(0.,-1.,0.));
#7595 = DIRECTION('',(0.,0.,1.));
#7596 = ADVANCED_FACE('',(#7597),#7624,.F.);
#7597 = FACE_BOUND('',#7598,.F.);
#7598 = EDGE_LOOP('',(#7599,#7600,#7601,#7609,#7617));
#7599 = ORIENTED_EDGE('',*,*,#6899,.F.);
#7600 = ORIENTED_EDGE('',*,*,#6866,.F.);
#7601 = ORIENTED_EDGE('',*,*,#7602,.T.);
#7602 = EDGE_CURVE('',#6540,#7603,#7605,.T.);
#7603 = VERTEX_POINT('',#7604);
#7604 = CARTESIAN_POINT('',(6.300000000002,1.349999999996,4.3));
#7605 = LINE('',#7606,#7607);
#7606 = CARTESIAN_POINT('',(5.900000000002,1.349999999996,4.3));
#7607 = VECTOR('',#7608,1.);
#7608 = DIRECTION('',(1.,0.,0.));
#7609 = ORIENTED_EDGE('',*,*,#7610,.T.);
#7610 = EDGE_CURVE('',#7603,#7611,#7613,.T.);
#7611 = VERTEX_POINT('',#7612);
#7612 = CARTESIAN_POINT('',(6.300000000002,1.349999999996,4.34));
#7613 = LINE('',#7614,#7615);
#7614 = CARTESIAN_POINT('',(6.300000000002,1.349999999996,4.3));
#7615 = VECTOR('',#7616,1.);
#7616 = DIRECTION('',(0.,0.,1.));
#7617 = ORIENTED_EDGE('',*,*,#7618,.F.);
#7618 = EDGE_CURVE('',#6892,#7611,#7619,.T.);
#7619 = CIRCLE('',#7620,0.36);
#7620 = AXIS2_PLACEMENT_3D('',#7621,#7622,#7623);
#7621 = CARTESIAN_POINT('',(5.940000000002,1.349999999996,4.34));
#7622 = DIRECTION('',(0.,1.,0.));
#7623 = DIRECTION('',(0.,-0.,1.));
#7624 = PLANE('',#7625);
#7625 = AXIS2_PLACEMENT_3D('',#7626,#7627,#7628);
#7626 = CARTESIAN_POINT('',(5.900000000002,1.349999999996,4.3));
#7627 = DIRECTION('',(0.,-1.,0.));
#7628 = DIRECTION('',(0.,0.,1.));
#7629 = ADVANCED_FACE('',(#7630),#7641,.T.);
#7630 = FACE_BOUND('',#7631,.T.);
#7631 = EDGE_LOOP('',(#7632,#7633,#7639,#7640));
#7632 = ORIENTED_EDGE('',*,*,#7585,.T.);
#7633 = ORIENTED_EDGE('',*,*,#7634,.T.);
#7634 = EDGE_CURVE('',#7578,#7611,#7635,.T.);
#7635 = LINE('',#7636,#7637);
#7636 = CARTESIAN_POINT('',(6.300000000002,-1.349999999996,4.34));
#7637 = VECTOR('',#7638,1.);
#7638 = DIRECTION('',(0.,1.,0.));
#7639 = ORIENTED_EDGE('',*,*,#7618,.F.);
#7640 = ORIENTED_EDGE('',*,*,#6891,.F.);
#7641 = CYLINDRICAL_SURFACE('',#7642,0.36);
#7642 = AXIS2_PLACEMENT_3D('',#7643,#7644,#7645);
#7643 = CARTESIAN_POINT('',(5.940000000002,-1.349999999996,4.34));
#7644 = DIRECTION('',(0.,1.,0.));
#7645 = DIRECTION('',(0.,-0.,1.));
#7646 = ADVANCED_FACE('',(#7647),#7658,.F.);
#7647 = FACE_BOUND('',#7648,.F.);
#7648 = EDGE_LOOP('',(#7649,#7650,#7651,#7652));
#7649 = ORIENTED_EDGE('',*,*,#7527,.T.);
#7650 = ORIENTED_EDGE('',*,*,#7551,.T.);
#7651 = ORIENTED_EDGE('',*,*,#6992,.F.);
#7652 = ORIENTED_EDGE('',*,*,#7653,.F.);
#7653 = EDGE_CURVE('',#7520,#6985,#7654,.T.);
#7654 = LINE('',#7655,#7656);
#7655 = CARTESIAN_POINT('',(5.850000000047,2.150000000002,4.3));
#7656 = VECTOR('',#7657,1.);
#7657 = DIRECTION('',(-1.,0.,0.));
#7658 = PLANE('',#7659);
#7659 = AXIS2_PLACEMENT_3D('',#7660,#7661,#7662);
#7660 = CARTESIAN_POINT('',(5.850000000047,2.150000000002,4.3));
#7661 = DIRECTION('',(0.,-1.,0.));
#7662 = DIRECTION('',(-1.,0.,0.));
#7663 = ADVANCED_FACE('',(#7664),#7682,.F.);
#7664 = FACE_BOUND('',#7665,.F.);
#7665 = EDGE_LOOP('',(#7666,#7667,#7675,#7681));
#7666 = ORIENTED_EDGE('',*,*,#7162,.T.);
#7667 = ORIENTED_EDGE('',*,*,#7668,.T.);
#7668 = EDGE_CURVE('',#7155,#7669,#7671,.T.);
#7669 = VERTEX_POINT('',#7670);
#7670 = CARTESIAN_POINT('',(-1.849999999997,2.150000000002,1.3));
#7671 = LINE('',#7672,#7673);
#7672 = CARTESIAN_POINT('',(-1.849999999998,1.750000000002,1.3));
#7673 = VECTOR('',#7674,1.);
#7674 = DIRECTION('',(0.,1.,0.));
#7675 = ORIENTED_EDGE('',*,*,#7676,.F.);
#7676 = EDGE_CURVE('',#6985,#7669,#7677,.T.);
#7677 = LINE('',#7678,#7679);
#7678 = CARTESIAN_POINT('',(-1.849999999998,2.150000000002,4.3));
#7679 = VECTOR('',#7680,1.);
#7680 = DIRECTION('',(-0.,-0.,-1.));
#7681 = ORIENTED_EDGE('',*,*,#6984,.F.);
#7682 = PLANE('',#7683);
#7683 = AXIS2_PLACEMENT_3D('',#7684,#7685,#7686);
#7684 = CARTESIAN_POINT('',(-1.849999999998,1.750000000002,4.3));
#7685 = DIRECTION('',(1.,0.,0.));
#7686 = DIRECTION('',(-0.,1.,0.));
#7687 = ADVANCED_FACE('',(#7688),#7706,.T.);
#7688 = FACE_BOUND('',#7689,.T.);
#7689 = EDGE_LOOP('',(#7690,#7691,#7699,#7705));
#7690 = ORIENTED_EDGE('',*,*,#7015,.T.);
#7691 = ORIENTED_EDGE('',*,*,#7692,.T.);
#7692 = EDGE_CURVE('',#7016,#7693,#7695,.T.);
#7693 = VERTEX_POINT('',#7694);
#7694 = CARTESIAN_POINT('',(-1.849999999996,-2.149999999998,1.3));
#7695 = LINE('',#7696,#7697);
#7696 = CARTESIAN_POINT('',(-1.849999999996,-1.749999999998,1.3));
#7697 = VECTOR('',#7698,1.);
#7698 = DIRECTION('',(0.,-1.,0.));
#7699 = ORIENTED_EDGE('',*,*,#7700,.F.);
#7700 = EDGE_CURVE('',#7437,#7693,#7701,.T.);
#7701 = LINE('',#7702,#7703);
#7702 = CARTESIAN_POINT('',(-1.849999999996,-2.149999999998,4.3));
#7703 = VECTOR('',#7704,1.);
#7704 = DIRECTION('',(-0.,-0.,-1.));
#7705 = ORIENTED_EDGE('',*,*,#7436,.F.);
#7706 = PLANE('',#7707);
#7707 = AXIS2_PLACEMENT_3D('',#7708,#7709,#7710);
#7708 = CARTESIAN_POINT('',(-1.849999999996,-1.749999999998,4.3));
#7709 = DIRECTION('',(-1.,0.,0.));
#7710 = DIRECTION('',(0.,-1.,0.));
#7711 = ADVANCED_FACE('',(#7712),#7737,.F.);
#7712 = FACE_BOUND('',#7713,.F.);
#7713 = EDGE_LOOP('',(#7714,#7722,#7730,#7736));
#7714 = ORIENTED_EDGE('',*,*,#7715,.T.);
#7715 = EDGE_CURVE('',#7016,#7716,#7718,.T.);
#7716 = VERTEX_POINT('',#7717);
#7717 = CARTESIAN_POINT('',(-1.849999999996,-1.749999999998,0.7));
#7718 = LINE('',#7719,#7720);
#7719 = CARTESIAN_POINT('',(-1.849999999996,-1.749999999998,1.3));
#7720 = VECTOR('',#7721,1.);
#7721 = DIRECTION('',(0.,0.,-1.));
#7722 = ORIENTED_EDGE('',*,*,#7723,.T.);
#7723 = EDGE_CURVE('',#7716,#7724,#7726,.T.);
#7724 = VERTEX_POINT('',#7725);
#7725 = CARTESIAN_POINT('',(-0.499999999996,-1.749999999998,0.7));
#7726 = LINE('',#7727,#7728);
#7727 = CARTESIAN_POINT('',(-1.849999999996,-1.749999999998,0.7));
#7728 = VECTOR('',#7729,1.);
#7729 = DIRECTION('',(1.,0.,0.));
#7730 = ORIENTED_EDGE('',*,*,#7731,.F.);
#7731 = EDGE_CURVE('',#7024,#7724,#7732,.T.);
#7732 = LINE('',#7733,#7734);
#7733 = CARTESIAN_POINT('',(-0.499999999996,-1.749999999998,1.3));
#7734 = VECTOR('',#7735,1.);
#7735 = DIRECTION('',(0.,0.,-1.));
#7736 = ORIENTED_EDGE('',*,*,#7023,.F.);
#7737 = PLANE('',#7738);
#7738 = AXIS2_PLACEMENT_3D('',#7739,#7740,#7741);
#7739 = CARTESIAN_POINT('',(-1.849999999996,-1.749999999998,1.3));
#7740 = DIRECTION('',(0.,-1.,0.));
#7741 = DIRECTION('',(1.,0.,0.));
#7742 = ADVANCED_FACE('',(#7743),#7761,.F.);
#7743 = FACE_BOUND('',#7744,.F.);
#7744 = EDGE_LOOP('',(#7745,#7746,#7754,#7760));
#7745 = ORIENTED_EDGE('',*,*,#7047,.T.);
#7746 = ORIENTED_EDGE('',*,*,#7747,.T.);
#7747 = EDGE_CURVE('',#7040,#7748,#7750,.T.);
#7748 = VERTEX_POINT('',#7749);
#7749 = CARTESIAN_POINT('',(5.849999999996,-2.149999999998,1.3));
#7750 = LINE('',#7751,#7752);
#7751 = CARTESIAN_POINT('',(5.849999999996,-1.749999999998,1.3));
#7752 = VECTOR('',#7753,1.);
#7753 = DIRECTION('',(0.,-1.,0.));
#7754 = ORIENTED_EDGE('',*,*,#7755,.F.);
#7755 = EDGE_CURVE('',#7495,#7748,#7756,.T.);
#7756 = LINE('',#7757,#7758);
#7757 = CARTESIAN_POINT('',(5.849999999996,-2.149999999998,4.3));
#7758 = VECTOR('',#7759,1.);
#7759 = DIRECTION('',(-0.,-0.,-1.));
#7760 = ORIENTED_EDGE('',*,*,#7494,.F.);
#7761 = PLANE('',#7762);
#7762 = AXIS2_PLACEMENT_3D('',#7763,#7764,#7765);
#7763 = CARTESIAN_POINT('',(5.849999999996,-1.749999999998,4.3));
#7764 = DIRECTION('',(-1.,0.,0.));
#7765 = DIRECTION('',(0.,-1.,0.));
#7766 = ADVANCED_FACE('',(#7767),#7792,.F.);
#7767 = FACE_BOUND('',#7768,.F.);
#7768 = EDGE_LOOP('',(#7769,#7770,#7778,#7786));
#7769 = ORIENTED_EDGE('',*,*,#7031,.F.);
#7770 = ORIENTED_EDGE('',*,*,#7771,.T.);
#7771 = EDGE_CURVE('',#7024,#7772,#7774,.T.);
#7772 = VERTEX_POINT('',#7773);
#7773 = CARTESIAN_POINT('',(-0.499999999996,-2.149999999998,1.3));
#7774 = LINE('',#7775,#7776);
#7775 = CARTESIAN_POINT('',(-0.499999999996,-1.749999999998,1.3));
#7776 = VECTOR('',#7777,1.);
#7777 = DIRECTION('',(0.,-1.,0.));
#7778 = ORIENTED_EDGE('',*,*,#7779,.T.);
#7779 = EDGE_CURVE('',#7772,#7780,#7782,.T.);
#7780 = VERTEX_POINT('',#7781);
#7781 = CARTESIAN_POINT('',(4.499999999996,-2.149999999998,1.3));
#7782 = LINE('',#7783,#7784);
#7783 = CARTESIAN_POINT('',(-1.849999999996,-2.149999999998,1.3));
#7784 = VECTOR('',#7785,1.);
#7785 = DIRECTION('',(1.,0.,0.));
#7786 = ORIENTED_EDGE('',*,*,#7787,.T.);
#7787 = EDGE_CURVE('',#7780,#7032,#7788,.T.);
#7788 = LINE('',#7789,#7790);
#7789 = CARTESIAN_POINT('',(4.499999999996,-2.149999999998,1.3));
#7790 = VECTOR('',#7791,1.);
#7791 = DIRECTION('',(0.,1.,0.));
#7792 = PLANE('',#7793);
#7793 = AXIS2_PLACEMENT_3D('',#7794,#7795,#7796);
#7794 = CARTESIAN_POINT('',(-1.849999999996,-1.749999999998,1.3));
#7795 = DIRECTION('',(0.,0.,1.));
#7796 = DIRECTION('',(1.,0.,-0.));
#7797 = ADVANCED_FACE('',(#7798),#7823,.F.);
#7798 = FACE_BOUND('',#7799,.F.);
#7799 = EDGE_LOOP('',(#7800,#7808,#7816,#7822));
#7800 = ORIENTED_EDGE('',*,*,#7801,.T.);
#7801 = EDGE_CURVE('',#7032,#7802,#7804,.T.);
#7802 = VERTEX_POINT('',#7803);
#7803 = CARTESIAN_POINT('',(4.499999999996,-1.749999999998,0.7));
#7804 = LINE('',#7805,#7806);
#7805 = CARTESIAN_POINT('',(4.499999999996,-1.749999999998,1.3));
#7806 = VECTOR('',#7807,1.);
#7807 = DIRECTION('',(0.,0.,-1.));
#7808 = ORIENTED_EDGE('',*,*,#7809,.T.);
#7809 = EDGE_CURVE('',#7802,#7810,#7812,.T.);
#7810 = VERTEX_POINT('',#7811);
#7811 = CARTESIAN_POINT('',(5.849999999996,-1.749999999998,0.7));
#7812 = LINE('',#7813,#7814);
#7813 = CARTESIAN_POINT('',(4.499999999996,-1.749999999998,0.7));
#7814 = VECTOR('',#7815,1.);
#7815 = DIRECTION('',(1.,0.,0.));
#7816 = ORIENTED_EDGE('',*,*,#7817,.F.);
#7817 = EDGE_CURVE('',#7040,#7810,#7818,.T.);
#7818 = LINE('',#7819,#7820);
#7819 = CARTESIAN_POINT('',(5.849999999996,-1.749999999998,1.3));
#7820 = VECTOR('',#7821,1.);
#7821 = DIRECTION('',(0.,0.,-1.));
#7822 = ORIENTED_EDGE('',*,*,#7039,.F.);
#7823 = PLANE('',#7824);
#7824 = AXIS2_PLACEMENT_3D('',#7825,#7826,#7827);
#7825 = CARTESIAN_POINT('',(4.499999999996,-1.749999999998,1.3));
#7826 = DIRECTION('',(0.,-1.,0.));
#7827 = DIRECTION('',(1.,0.,0.));
#7828 = ADVANCED_FACE('',(#7829),#7854,.T.);
#7829 = FACE_BOUND('',#7830,.T.);
#7830 = EDGE_LOOP('',(#7831,#7841,#7847,#7848));
#7831 = ORIENTED_EDGE('',*,*,#7832,.F.);
#7832 = EDGE_CURVE('',#7833,#7835,#7837,.T.);
#7833 = VERTEX_POINT('',#7834);
#7834 = CARTESIAN_POINT('',(0.6,-2.149999999998,3.5));
#7835 = VERTEX_POINT('',#7836);
#7836 = CARTESIAN_POINT('',(1.2,-2.149999999998,3.5));
#7837 = LINE('',#7838,#7839);
#7838 = CARTESIAN_POINT('',(0.6,-2.149999999998,3.5));
#7839 = VECTOR('',#7840,1.);
#7840 = DIRECTION('',(1.,0.,0.));
#7841 = ORIENTED_EDGE('',*,*,#7842,.T.);
#7842 = EDGE_CURVE('',#7833,#7059,#7843,.T.);
#7843 = LINE('',#7844,#7845);
#7844 = CARTESIAN_POINT('',(0.6,-2.149999999998,3.5));
#7845 = VECTOR('',#7846,1.);
#7846 = DIRECTION('',(0.,1.,-2.22044604925E-16));
#7847 = ORIENTED_EDGE('',*,*,#7056,.F.);
#7848 = ORIENTED_EDGE('',*,*,#7849,.F.);
#7849 = EDGE_CURVE('',#7835,#7057,#7850,.T.);
#7850 = LINE('',#7851,#7852);
#7851 = CARTESIAN_POINT('',(1.2,-2.149999999998,3.5));
#7852 = VECTOR('',#7853,1.);
#7853 = DIRECTION('',(0.,1.,-2.22044604925E-16));
#7854 = PLANE('',#7855);
#7855 = AXIS2_PLACEMENT_3D('',#7856,#7857,#7858);
#7856 = CARTESIAN_POINT('',(0.6,-2.149999999998,3.5));
#7857 = DIRECTION('',(0.,-2.22044604925E-16,-1.));
#7858 = DIRECTION('',(1.,0.,0.));
#7859 = ADVANCED_FACE('',(#7860),#7878,.T.);
#7860 = FACE_BOUND('',#7861,.T.);
#7861 = EDGE_LOOP('',(#7862,#7870,#7876,#7877));
#7862 = ORIENTED_EDGE('',*,*,#7863,.F.);
#7863 = EDGE_CURVE('',#7864,#7833,#7866,.T.);
#7864 = VERTEX_POINT('',#7865);
#7865 = CARTESIAN_POINT('',(0.6,-2.149999999998,2.1));
#7866 = LINE('',#7867,#7868);
#7867 = CARTESIAN_POINT('',(0.6,-2.149999999998,2.1));
#7868 = VECTOR('',#7869,1.);
#7869 = DIRECTION('',(0.,2.22044604925E-16,1.));
#7870 = ORIENTED_EDGE('',*,*,#7871,.T.);
#7871 = EDGE_CURVE('',#7864,#7075,#7872,.T.);
#7872 = LINE('',#7873,#7874);
#7873 = CARTESIAN_POINT('',(0.6,-2.149999999998,2.1));
#7874 = VECTOR('',#7875,1.);
#7875 = DIRECTION('',(0.,1.,-2.22044604925E-16));
#7876 = ORIENTED_EDGE('',*,*,#7082,.F.);
#7877 = ORIENTED_EDGE('',*,*,#7842,.F.);
#7878 = PLANE('',#7879);
#7879 = AXIS2_PLACEMENT_3D('',#7880,#7881,#7882);
#7880 = CARTESIAN_POINT('',(0.6,-2.149999999998,2.1));
#7881 = DIRECTION('',(1.,0.,0.));
#7882 = DIRECTION('',(-0.,2.22044604925E-16,1.));
#7883 = ADVANCED_FACE('',(#7884),#7902,.T.);
#7884 = FACE_BOUND('',#7885,.T.);
#7885 = EDGE_LOOP('',(#7886,#7894,#7900,#7901));
#7886 = ORIENTED_EDGE('',*,*,#7887,.F.);
#7887 = EDGE_CURVE('',#7888,#7864,#7890,.T.);
#7888 = VERTEX_POINT('',#7889);
#7889 = CARTESIAN_POINT('',(1.2,-2.149999999998,2.1));
#7890 = LINE('',#7891,#7892);
#7891 = CARTESIAN_POINT('',(1.2,-2.149999999998,2.1));
#7892 = VECTOR('',#7893,1.);
#7893 = DIRECTION('',(-1.,0.,0.));
#7894 = ORIENTED_EDGE('',*,*,#7895,.T.);
#7895 = EDGE_CURVE('',#7888,#7067,#7896,.T.);
#7896 = LINE('',#7897,#7898);
#7897 = CARTESIAN_POINT('',(1.2,-2.149999999998,2.1));
#7898 = VECTOR('',#7899,1.);
#7899 = DIRECTION('',(0.,1.,-2.22044604925E-16));
#7900 = ORIENTED_EDGE('',*,*,#7074,.F.);
#7901 = ORIENTED_EDGE('',*,*,#7871,.F.);
#7902 = PLANE('',#7903);
#7903 = AXIS2_PLACEMENT_3D('',#7904,#7905,#7906);
#7904 = CARTESIAN_POINT('',(1.2,-2.149999999998,2.1));
#7905 = DIRECTION('',(0.,2.22044604925E-16,1.));
#7906 = DIRECTION('',(-1.,0.,0.));
#7907 = ADVANCED_FACE('',(#7908),#7919,.T.);
#7908 = FACE_BOUND('',#7909,.T.);
#7909 = EDGE_LOOP('',(#7910,#7916,#7917,#7918));
#7910 = ORIENTED_EDGE('',*,*,#7911,.F.);
#7911 = EDGE_CURVE('',#7835,#7888,#7912,.T.);
#7912 = LINE('',#7913,#7914);
#7913 = CARTESIAN_POINT('',(1.2,-2.149999999998,3.5));
#7914 = VECTOR('',#7915,1.);
#7915 = DIRECTION('',(0.,-2.22044604925E-16,-1.));
#7916 = ORIENTED_EDGE('',*,*,#7849,.T.);
#7917 = ORIENTED_EDGE('',*,*,#7066,.F.);
#7918 = ORIENTED_EDGE('',*,*,#7895,.F.);
#7919 = PLANE('',#7920);
#7920 = AXIS2_PLACEMENT_3D('',#7921,#7922,#7923);
#7921 = CARTESIAN_POINT('',(1.2,-2.149999999998,3.5));
#7922 = DIRECTION('',(-1.,0.,0.));
#7923 = DIRECTION('',(-0.,-2.22044604925E-16,-1.));
#7924 = ADVANCED_FACE('',(#7925),#7950,.T.);
#7925 = FACE_BOUND('',#7926,.T.);
#7926 = EDGE_LOOP('',(#7927,#7937,#7943,#7944));
#7927 = ORIENTED_EDGE('',*,*,#7928,.F.);
#7928 = EDGE_CURVE('',#7929,#7931,#7933,.T.);
#7929 = VERTEX_POINT('',#7930);
#7930 = CARTESIAN_POINT('',(2.8,-2.149999999998,2.1));
#7931 = VERTEX_POINT('',#7932);
#7932 = CARTESIAN_POINT('',(2.8,-2.149999999998,3.5));
#7933 = LINE('',#7934,#7935);
#7934 = CARTESIAN_POINT('',(2.8,-2.149999999998,2.1));
#7935 = VECTOR('',#7936,1.);
#7936 = DIRECTION('',(0.,2.22044604925E-16,1.));
#7937 = ORIENTED_EDGE('',*,*,#7938,.T.);
#7938 = EDGE_CURVE('',#7929,#7091,#7939,.T.);
#7939 = LINE('',#7940,#7941);
#7940 = CARTESIAN_POINT('',(2.8,-2.149999999998,2.1));
#7941 = VECTOR('',#7942,1.);
#7942 = DIRECTION('',(0.,1.,-2.22044604925E-16));
#7943 = ORIENTED_EDGE('',*,*,#7090,.T.);
#7944 = ORIENTED_EDGE('',*,*,#7945,.F.);
#7945 = EDGE_CURVE('',#7931,#7093,#7946,.T.);
#7946 = LINE('',#7947,#7948);
#7947 = CARTESIAN_POINT('',(2.8,-2.149999999998,3.5));
#7948 = VECTOR('',#7949,1.);
#7949 = DIRECTION('',(0.,1.,-2.22044604925E-16));
#7950 = PLANE('',#7951);
#7951 = AXIS2_PLACEMENT_3D('',#7952,#7953,#7954);
#7952 = CARTESIAN_POINT('',(2.8,-2.149999999998,2.1));
#7953 = DIRECTION('',(1.,0.,0.));
#7954 = DIRECTION('',(-0.,2.22044604925E-16,1.));
#7955 = ADVANCED_FACE('',(#7956),#7974,.T.);
#7956 = FACE_BOUND('',#7957,.T.);
#7957 = EDGE_LOOP('',(#7958,#7966,#7972,#7973));
#7958 = ORIENTED_EDGE('',*,*,#7959,.F.);
#7959 = EDGE_CURVE('',#7960,#7929,#7962,.T.);
#7960 = VERTEX_POINT('',#7961);
#7961 = CARTESIAN_POINT('',(3.400000000007,-2.149999999998,2.1));
#7962 = LINE('',#7963,#7964);
#7963 = CARTESIAN_POINT('',(3.400000000007,-2.149999999998,2.1));
#7964 = VECTOR('',#7965,1.);
#7965 = DIRECTION('',(-1.,0.,0.));
#7966 = ORIENTED_EDGE('',*,*,#7967,.T.);
#7967 = EDGE_CURVE('',#7960,#7109,#7968,.T.);
#7968 = LINE('',#7969,#7970);
#7969 = CARTESIAN_POINT('',(3.400000000007,-2.149999999998,2.1));
#7970 = VECTOR('',#7971,1.);
#7971 = DIRECTION('',(0.,1.,-2.22044604925E-16));
#7972 = ORIENTED_EDGE('',*,*,#7116,.T.);
#7973 = ORIENTED_EDGE('',*,*,#7938,.F.);
#7974 = PLANE('',#7975);
#7975 = AXIS2_PLACEMENT_3D('',#7976,#7977,#7978);
#7976 = CARTESIAN_POINT('',(3.400000000007,-2.149999999998,2.1));
#7977 = DIRECTION('',(0.,2.22044604925E-16,1.));
#7978 = DIRECTION('',(-1.,0.,0.));
#7979 = ADVANCED_FACE('',(#7980),#7998,.T.);
#7980 = FACE_BOUND('',#7981,.T.);
#7981 = EDGE_LOOP('',(#7982,#7990,#7991,#7992));
#7982 = ORIENTED_EDGE('',*,*,#7983,.F.);
#7983 = EDGE_CURVE('',#7931,#7984,#7986,.T.);
#7984 = VERTEX_POINT('',#7985);
#7985 = CARTESIAN_POINT('',(3.400000000007,-2.149999999998,3.5));
#7986 = LINE('',#7987,#7988);
#7987 = CARTESIAN_POINT('',(2.8,-2.149999999998,3.5));
#7988 = VECTOR('',#7989,1.);
#7989 = DIRECTION('',(1.,0.,0.));
#7990 = ORIENTED_EDGE('',*,*,#7945,.T.);
#7991 = ORIENTED_EDGE('',*,*,#7100,.T.);
#7992 = ORIENTED_EDGE('',*,*,#7993,.F.);
#7993 = EDGE_CURVE('',#7984,#7101,#7994,.T.);
#7994 = LINE('',#7995,#7996);
#7995 = CARTESIAN_POINT('',(3.400000000007,-2.149999999998,3.5));
#7996 = VECTOR('',#7997,1.);
#7997 = DIRECTION('',(0.,1.,-2.22044604925E-16));
#7998 = PLANE('',#7999);
#7999 = AXIS2_PLACEMENT_3D('',#8000,#8001,#8002);
#8000 = CARTESIAN_POINT('',(2.8,-2.149999999998,3.5));
#8001 = DIRECTION('',(0.,-2.22044604925E-16,-1.));
#8002 = DIRECTION('',(1.,0.,0.));
#8003 = ADVANCED_FACE('',(#8004),#8015,.T.);
#8004 = FACE_BOUND('',#8005,.T.);
#8005 = EDGE_LOOP('',(#8006,#8012,#8013,#8014));
#8006 = ORIENTED_EDGE('',*,*,#8007,.F.);
#8007 = EDGE_CURVE('',#7984,#7960,#8008,.T.);
#8008 = LINE('',#8009,#8010);
#8009 = CARTESIAN_POINT('',(3.400000000007,-2.149999999998,3.5));
#8010 = VECTOR('',#8011,1.);
#8011 = DIRECTION('',(0.,-2.22044604925E-16,-1.));
#8012 = ORIENTED_EDGE('',*,*,#7993,.T.);
#8013 = ORIENTED_EDGE('',*,*,#7108,.T.);
#8014 = ORIENTED_EDGE('',*,*,#7967,.F.);
#8015 = PLANE('',#8016);
#8016 = AXIS2_PLACEMENT_3D('',#8017,#8018,#8019);
#8017 = CARTESIAN_POINT('',(3.400000000007,-2.149999999998,3.5));
#8018 = DIRECTION('',(-1.,0.,0.));
#8019 = DIRECTION('',(-0.,-2.22044604925E-16,-1.));
#8020 = ADVANCED_FACE('',(#8021),#8039,.T.);
#8021 = FACE_BOUND('',#8022,.T.);
#8022 = EDGE_LOOP('',(#8023,#8024,#8032,#8038));
#8023 = ORIENTED_EDGE('',*,*,#7130,.T.);
#8024 = ORIENTED_EDGE('',*,*,#8025,.T.);
#8025 = EDGE_CURVE('',#7131,#8026,#8028,.T.);
#8026 = VERTEX_POINT('',#8027);
#8027 = CARTESIAN_POINT('',(5.850000000047,2.150000000002,1.3));
#8028 = LINE('',#8029,#8030);
#8029 = CARTESIAN_POINT('',(5.850000000047,1.750000000002,1.3));
#8030 = VECTOR('',#8031,1.);
#8031 = DIRECTION('',(0.,1.,0.));
#8032 = ORIENTED_EDGE('',*,*,#8033,.F.);
#8033 = EDGE_CURVE('',#7520,#8026,#8034,.T.);
#8034 = LINE('',#8035,#8036);
#8035 = CARTESIAN_POINT('',(5.850000000047,2.150000000002,4.3));
#8036 = VECTOR('',#8037,1.);
#8037 = DIRECTION('',(-0.,-0.,-1.));
#8038 = ORIENTED_EDGE('',*,*,#7519,.F.);
#8039 = PLANE('',#8040);
#8040 = AXIS2_PLACEMENT_3D('',#8041,#8042,#8043);
#8041 = CARTESIAN_POINT('',(5.850000000047,1.750000000002,4.3));
#8042 = DIRECTION('',(1.,0.,0.));
#8043 = DIRECTION('',(-0.,1.,0.));
#8044 = ADVANCED_FACE('',(#8045),#8070,.F.);
#8045 = FACE_BOUND('',#8046,.F.);
#8046 = EDGE_LOOP('',(#8047,#8055,#8063,#8069));
#8047 = ORIENTED_EDGE('',*,*,#8048,.T.);
#8048 = EDGE_CURVE('',#7131,#8049,#8051,.T.);
#8049 = VERTEX_POINT('',#8050);
#8050 = CARTESIAN_POINT('',(5.850000000047,1.750000000002,0.7));
#8051 = LINE('',#8052,#8053);
#8052 = CARTESIAN_POINT('',(5.850000000047,1.750000000002,1.3));
#8053 = VECTOR('',#8054,1.);
#8054 = DIRECTION('',(0.,0.,-1.));
#8055 = ORIENTED_EDGE('',*,*,#8056,.T.);
#8056 = EDGE_CURVE('',#8049,#8057,#8059,.T.);
#8057 = VERTEX_POINT('',#8058);
#8058 = CARTESIAN_POINT('',(4.499999999996,1.750000000002,0.7));
#8059 = LINE('',#8060,#8061);
#8060 = CARTESIAN_POINT('',(5.850000000047,1.750000000002,0.7));
#8061 = VECTOR('',#8062,1.);
#8062 = DIRECTION('',(-1.,0.,0.));
#8063 = ORIENTED_EDGE('',*,*,#8064,.F.);
#8064 = EDGE_CURVE('',#7139,#8057,#8065,.T.);
#8065 = LINE('',#8066,#8067);
#8066 = CARTESIAN_POINT('',(4.499999999996,1.750000000002,1.3));
#8067 = VECTOR('',#8068,1.);
#8068 = DIRECTION('',(0.,0.,-1.));
#8069 = ORIENTED_EDGE('',*,*,#7138,.F.);
#8070 = PLANE('',#8071);
#8071 = AXIS2_PLACEMENT_3D('',#8072,#8073,#8074);
#8072 = CARTESIAN_POINT('',(5.850000000047,1.750000000002,1.3));
#8073 = DIRECTION('',(0.,1.,0.));
#8074 = DIRECTION('',(-1.,0.,0.));
#8075 = ADVANCED_FACE('',(#8076),#8101,.F.);
#8076 = FACE_BOUND('',#8077,.F.);
#8077 = EDGE_LOOP('',(#8078,#8079,#8087,#8095));
#8078 = ORIENTED_EDGE('',*,*,#7146,.F.);
#8079 = ORIENTED_EDGE('',*,*,#8080,.T.);
#8080 = EDGE_CURVE('',#7139,#8081,#8083,.T.);
#8081 = VERTEX_POINT('',#8082);
#8082 = CARTESIAN_POINT('',(4.499999999996,2.150000000002,1.3));
#8083 = LINE('',#8084,#8085);
#8084 = CARTESIAN_POINT('',(4.499999999996,1.750000000002,1.3));
#8085 = VECTOR('',#8086,1.);
#8086 = DIRECTION('',(0.,1.,0.));
#8087 = ORIENTED_EDGE('',*,*,#8088,.T.);
#8088 = EDGE_CURVE('',#8081,#8089,#8091,.T.);
#8089 = VERTEX_POINT('',#8090);
#8090 = CARTESIAN_POINT('',(-0.499999999996,2.150000000002,1.3));
#8091 = LINE('',#8092,#8093);
#8092 = CARTESIAN_POINT('',(5.850000000047,2.150000000002,1.3));
#8093 = VECTOR('',#8094,1.);
#8094 = DIRECTION('',(-1.,0.,0.));
#8095 = ORIENTED_EDGE('',*,*,#8096,.T.);
#8096 = EDGE_CURVE('',#8089,#7147,#8097,.T.);
#8097 = LINE('',#8098,#8099);
#8098 = CARTESIAN_POINT('',(-0.499999999996,2.150000000002,1.3));
#8099 = VECTOR('',#8100,1.);
#8100 = DIRECTION('',(0.,-1.,0.));
#8101 = PLANE('',#8102);
#8102 = AXIS2_PLACEMENT_3D('',#8103,#8104,#8105);
#8103 = CARTESIAN_POINT('',(5.850000000047,1.750000000002,1.3));
#8104 = DIRECTION('',(0.,0.,1.));
#8105 = DIRECTION('',(-1.,0.,0.));
#8106 = ADVANCED_FACE('',(#8107),#8132,.F.);
#8107 = FACE_BOUND('',#8108,.F.);
#8108 = EDGE_LOOP('',(#8109,#8117,#8125,#8131));
#8109 = ORIENTED_EDGE('',*,*,#8110,.T.);
#8110 = EDGE_CURVE('',#7147,#8111,#8113,.T.);
#8111 = VERTEX_POINT('',#8112);
#8112 = CARTESIAN_POINT('',(-0.499999999996,1.750000000002,0.7));
#8113 = LINE('',#8114,#8115);
#8114 = CARTESIAN_POINT('',(-0.499999999996,1.750000000002,1.3));
#8115 = VECTOR('',#8116,1.);
#8116 = DIRECTION('',(0.,0.,-1.));
#8117 = ORIENTED_EDGE('',*,*,#8118,.T.);
#8118 = EDGE_CURVE('',#8111,#8119,#8121,.T.);
#8119 = VERTEX_POINT('',#8120);
#8120 = CARTESIAN_POINT('',(-1.849999999996,1.750000000002,0.7));
#8121 = LINE('',#8122,#8123);
#8122 = CARTESIAN_POINT('',(-0.499999999996,1.750000000002,0.7));
#8123 = VECTOR('',#8124,1.);
#8124 = DIRECTION('',(-1.,0.,0.));
#8125 = ORIENTED_EDGE('',*,*,#8126,.F.);
#8126 = EDGE_CURVE('',#7155,#8119,#8127,.T.);
#8127 = LINE('',#8128,#8129);
#8128 = CARTESIAN_POINT('',(-1.849999999996,1.750000000002,1.3));
#8129 = VECTOR('',#8130,1.);
#8130 = DIRECTION('',(0.,0.,-1.));
#8131 = ORIENTED_EDGE('',*,*,#7154,.F.);
#8132 = PLANE('',#8133);
#8133 = AXIS2_PLACEMENT_3D('',#8134,#8135,#8136);
#8134 = CARTESIAN_POINT('',(-0.499999999996,1.750000000002,1.3));
#8135 = DIRECTION('',(0.,1.,0.));
#8136 = DIRECTION('',(-1.,0.,0.));
#8137 = ADVANCED_FACE('',(#8138),#8156,.T.);
#8138 = FACE_BOUND('',#8139,.T.);
#8139 = EDGE_LOOP('',(#8140,#8141,#8149,#8155));
#8140 = ORIENTED_EDGE('',*,*,#7177,.T.);
#8141 = ORIENTED_EDGE('',*,*,#8142,.T.);
#8142 = EDGE_CURVE('',#7178,#8143,#8145,.T.);
#8143 = VERTEX_POINT('',#8144);
#8144 = CARTESIAN_POINT('',(6.300000000002,-1.349999999996,3.9));
#8145 = LINE('',#8146,#8147);
#8146 = CARTESIAN_POINT('',(5.900000000002,-1.349999999996,3.9));
#8147 = VECTOR('',#8148,1.);
#8148 = DIRECTION('',(1.,0.,0.));
#8149 = ORIENTED_EDGE('',*,*,#8150,.F.);
#8150 = EDGE_CURVE('',#7570,#8143,#8151,.T.);
#8151 = LINE('',#8152,#8153);
#8152 = CARTESIAN_POINT('',(6.300000000002,-1.349999999996,4.3));
#8153 = VECTOR('',#8154,1.);
#8154 = DIRECTION('',(0.,0.,-1.));
#8155 = ORIENTED_EDGE('',*,*,#7569,.F.);
#8156 = PLANE('',#8157);
#8157 = AXIS2_PLACEMENT_3D('',#8158,#8159,#8160);
#8158 = CARTESIAN_POINT('',(5.900000000002,-1.349999999996,4.3));
#8159 = DIRECTION('',(0.,-1.,0.));
#8160 = DIRECTION('',(1.,0.,0.));
#8161 = ADVANCED_FACE('',(#8162),#8180,.F.);
#8162 = FACE_BOUND('',#8163,.F.);
#8163 = EDGE_LOOP('',(#8164,#8165,#8173,#8179));
#8164 = ORIENTED_EDGE('',*,*,#7193,.T.);
#8165 = ORIENTED_EDGE('',*,*,#8166,.T.);
#8166 = EDGE_CURVE('',#7186,#8167,#8169,.T.);
#8167 = VERTEX_POINT('',#8168);
#8168 = CARTESIAN_POINT('',(6.300000000002,1.349999999996,3.9));
#8169 = LINE('',#8170,#8171);
#8170 = CARTESIAN_POINT('',(5.900000000002,1.349999999996,3.9));
#8171 = VECTOR('',#8172,1.);
#8172 = DIRECTION('',(1.,0.,0.));
#8173 = ORIENTED_EDGE('',*,*,#8174,.F.);
#8174 = EDGE_CURVE('',#7603,#8167,#8175,.T.);
#8175 = LINE('',#8176,#8177);
#8176 = CARTESIAN_POINT('',(6.300000000002,1.349999999996,4.3));
#8177 = VECTOR('',#8178,1.);
#8178 = DIRECTION('',(0.,0.,-1.));
#8179 = ORIENTED_EDGE('',*,*,#7602,.F.);
#8180 = PLANE('',#8181);
#8181 = AXIS2_PLACEMENT_3D('',#8182,#8183,#8184);
#8182 = CARTESIAN_POINT('',(5.900000000002,1.349999999996,4.3));
#8183 = DIRECTION('',(0.,-1.,0.));
#8184 = DIRECTION('',(1.,0.,0.));
#8185 = ADVANCED_FACE('',(#8186),#8245,.F.);
#8186 = FACE_BOUND('',#8187,.F.);
#8187 = EDGE_LOOP('',(#8188,#8189,#8197,#8205,#8214,#8222,#8231,#8239));
#8188 = ORIENTED_EDGE('',*,*,#7185,.F.);
#8189 = ORIENTED_EDGE('',*,*,#8190,.T.);
#8190 = EDGE_CURVE('',#7178,#8191,#8193,.T.);
#8191 = VERTEX_POINT('',#8192);
#8192 = CARTESIAN_POINT('',(5.900000000002,-1.349999999996,0.));
#8193 = LINE('',#8194,#8195);
#8194 = CARTESIAN_POINT('',(5.900000000002,-1.349999999996,3.9));
#8195 = VECTOR('',#8196,1.);
#8196 = DIRECTION('',(0.,0.,-1.));
#8197 = ORIENTED_EDGE('',*,*,#8198,.T.);
#8198 = EDGE_CURVE('',#8191,#8199,#8201,.T.);
#8199 = VERTEX_POINT('',#8200);
#8200 = CARTESIAN_POINT('',(5.900000000002,-1.249999999997,0.));
#8201 = LINE('',#8202,#8203);
#8202 = CARTESIAN_POINT('',(5.900000000002,-1.349999999996,
    -1.110223024625E-16));
#8203 = VECTOR('',#8204,1.);
#8204 = DIRECTION('',(0.,1.,0.));
#8205 = ORIENTED_EDGE('',*,*,#8206,.T.);
#8206 = EDGE_CURVE('',#8199,#8207,#8209,.T.);
#8207 = VERTEX_POINT('',#8208);
#8208 = CARTESIAN_POINT('',(5.900000000002,-0.4,0.));
#8209 = CIRCLE('',#8210,0.424999999999);
#8210 = AXIS2_PLACEMENT_3D('',#8211,#8212,#8213);
#8211 = CARTESIAN_POINT('',(5.900000000002,-0.824999999999,0.));
#8212 = DIRECTION('',(-1.,0.,0.));
#8213 = DIRECTION('',(0.,-1.,0.));
#8214 = ORIENTED_EDGE('',*,*,#8215,.T.);
#8215 = EDGE_CURVE('',#8207,#8216,#8218,.T.);
#8216 = VERTEX_POINT('',#8217);
#8217 = CARTESIAN_POINT('',(5.900000000002,0.4,0.));
#8218 = LINE('',#8219,#8220);
#8219 = CARTESIAN_POINT('',(5.900000000002,-1.349999999996,
    -1.110223024625E-16));
#8220 = VECTOR('',#8221,1.);
#8221 = DIRECTION('',(0.,1.,0.));
#8222 = ORIENTED_EDGE('',*,*,#8223,.T.);
#8223 = EDGE_CURVE('',#8216,#8224,#8226,.T.);
#8224 = VERTEX_POINT('',#8225);
#8225 = CARTESIAN_POINT('',(5.900000000002,1.250000000002,0.));
#8226 = CIRCLE('',#8227,0.425000000001);
#8227 = AXIS2_PLACEMENT_3D('',#8228,#8229,#8230);
#8228 = CARTESIAN_POINT('',(5.900000000002,0.825000000001,0.));
#8229 = DIRECTION('',(-1.,0.,0.));
#8230 = DIRECTION('',(0.,-1.,0.));
#8231 = ORIENTED_EDGE('',*,*,#8232,.T.);
#8232 = EDGE_CURVE('',#8224,#8233,#8235,.T.);
#8233 = VERTEX_POINT('',#8234);
#8234 = CARTESIAN_POINT('',(5.900000000002,1.349999999996,0.));
#8235 = LINE('',#8236,#8237);
#8236 = CARTESIAN_POINT('',(5.900000000002,-1.349999999996,
    -1.110223024625E-16));
#8237 = VECTOR('',#8238,1.);
#8238 = DIRECTION('',(0.,1.,0.));
#8239 = ORIENTED_EDGE('',*,*,#8240,.F.);
#8240 = EDGE_CURVE('',#7186,#8233,#8241,.T.);
#8241 = LINE('',#8242,#8243);
#8242 = CARTESIAN_POINT('',(5.900000000002,1.349999999996,3.9));
#8243 = VECTOR('',#8244,1.);
#8244 = DIRECTION('',(0.,0.,-1.));
#8245 = PLANE('',#8246);
#8246 = AXIS2_PLACEMENT_3D('',#8247,#8248,#8249);
#8247 = CARTESIAN_POINT('',(5.900000000002,-1.349999999996,3.9));
#8248 = DIRECTION('',(1.,0.,0.));
#8249 = DIRECTION('',(-0.,1.,0.));
#8250 = ADVANCED_FACE('',(#8251),#8267,.T.);
#8251 = FACE_BOUND('',#8252,.T.);
#8252 = EDGE_LOOP('',(#8253,#8259,#8260,#8266));
#8253 = ORIENTED_EDGE('',*,*,#8254,.F.);
#8254 = EDGE_CURVE('',#7317,#7252,#8255,.T.);
#8255 = LINE('',#8256,#8257);
#8256 = CARTESIAN_POINT('',(-1.899999999998,1.350000000002,
    -1.110223024625E-16));
#8257 = VECTOR('',#8258,1.);
#8258 = DIRECTION('',(-1.,0.,0.));
#8259 = ORIENTED_EDGE('',*,*,#7316,.F.);
#8260 = ORIENTED_EDGE('',*,*,#8261,.F.);
#8261 = EDGE_CURVE('',#7243,#7308,#8262,.T.);
#8262 = LINE('',#8263,#8264);
#8263 = CARTESIAN_POINT('',(-2.299999999998,1.250000000002,0.));
#8264 = VECTOR('',#8265,1.);
#8265 = DIRECTION('',(1.,0.,0.));
#8266 = ORIENTED_EDGE('',*,*,#7251,.T.);
#8267 = PLANE('',#8268);
#8268 = AXIS2_PLACEMENT_3D('',#8269,#8270,#8271);
#8269 = CARTESIAN_POINT('',(-2.299999999998,1.350000000002,0.));
#8270 = DIRECTION('',(0.,0.,-1.));
#8271 = DIRECTION('',(0.,-1.,0.));
#8272 = ADVANCED_FACE('',(#8273),#8284,.F.);
#8273 = FACE_BOUND('',#8274,.F.);
#8274 = EDGE_LOOP('',(#8275,#8276,#8282,#8283));
#8275 = ORIENTED_EDGE('',*,*,#7242,.F.);
#8276 = ORIENTED_EDGE('',*,*,#8277,.T.);
#8277 = EDGE_CURVE('',#7235,#7300,#8278,.T.);
#8278 = LINE('',#8279,#8280);
#8279 = CARTESIAN_POINT('',(-2.299999999998,0.4,0.));
#8280 = VECTOR('',#8281,1.);
#8281 = DIRECTION('',(1.,0.,0.));
#8282 = ORIENTED_EDGE('',*,*,#7307,.T.);
#8283 = ORIENTED_EDGE('',*,*,#8261,.F.);
#8284 = CYLINDRICAL_SURFACE('',#8285,0.425000000001);
#8285 = AXIS2_PLACEMENT_3D('',#8286,#8287,#8288);
#8286 = CARTESIAN_POINT('',(-2.299999999998,0.825000000001,0.));
#8287 = DIRECTION('',(-1.,0.,0.));
#8288 = DIRECTION('',(0.,-1.,0.));
#8289 = ADVANCED_FACE('',(#8290),#8331,.F.);
#8290 = FACE_BOUND('',#8291,.F.);
#8291 = EDGE_LOOP('',(#8292,#8302,#8310,#8318,#8324,#8325));
#8292 = ORIENTED_EDGE('',*,*,#8293,.F.);
#8293 = EDGE_CURVE('',#8294,#8296,#8298,.T.);
#8294 = VERTEX_POINT('',#8295);
#8295 = CARTESIAN_POINT('',(-2.299999999998,-0.2,-2.8));
#8296 = VERTEX_POINT('',#8297);
#8297 = CARTESIAN_POINT('',(-2.299999999998,-0.6,-1.5));
#8298 = LINE('',#8299,#8300);
#8299 = CARTESIAN_POINT('',(-2.299999999998,-0.2,-2.8));
#8300 = VECTOR('',#8301,1.);
#8301 = DIRECTION('',(0.,-0.294085848838,0.955779008722));
#8302 = ORIENTED_EDGE('',*,*,#8303,.F.);
#8303 = EDGE_CURVE('',#8304,#8294,#8306,.T.);
#8304 = VERTEX_POINT('',#8305);
#8305 = CARTESIAN_POINT('',(-2.299999999998,0.2,-2.8));
#8306 = LINE('',#8307,#8308);
#8307 = CARTESIAN_POINT('',(-2.299999999998,0.2,-2.8));
#8308 = VECTOR('',#8309,1.);
#8309 = DIRECTION('',(0.,-1.,0.));
#8310 = ORIENTED_EDGE('',*,*,#8311,.F.);
#8311 = EDGE_CURVE('',#8312,#8304,#8314,.T.);
#8312 = VERTEX_POINT('',#8313);
#8313 = CARTESIAN_POINT('',(-2.299999999998,0.6,-1.5));
#8314 = LINE('',#8315,#8316);
#8315 = CARTESIAN_POINT('',(-2.299999999998,0.6,-1.5));
#8316 = VECTOR('',#8317,1.);
#8317 = DIRECTION('',(0.,-0.294085848838,-0.955779008722));
#8318 = ORIENTED_EDGE('',*,*,#8319,.F.);
#8319 = EDGE_CURVE('',#7235,#8312,#8320,.T.);
#8320 = LINE('',#8321,#8322);
#8321 = CARTESIAN_POINT('',(-2.299999999998,0.4,0.));
#8322 = VECTOR('',#8323,1.);
#8323 = DIRECTION('',(-0.,0.132163720091,-0.991227900683));
#8324 = ORIENTED_EDGE('',*,*,#7234,.F.);
#8325 = ORIENTED_EDGE('',*,*,#8326,.F.);
#8326 = EDGE_CURVE('',#8296,#7226,#8327,.T.);
#8327 = LINE('',#8328,#8329);
#8328 = CARTESIAN_POINT('',(-2.299999999998,-0.6,-1.5));
#8329 = VECTOR('',#8330,1.);
#8330 = DIRECTION('',(0.,0.132163720091,0.991227900683));
#8331 = PLANE('',#8332);
#8332 = AXIS2_PLACEMENT_3D('',#8333,#8334,#8335);
#8333 = CARTESIAN_POINT('',(-2.299999999998,-1.349999999998,0.));
#8334 = DIRECTION('',(1.,0.,0.));
#8335 = DIRECTION('',(-0.,1.,0.));
#8336 = ADVANCED_FACE('',(#8337),#8353,.F.);
#8337 = FACE_BOUND('',#8338,.F.);
#8338 = EDGE_LOOP('',(#8339,#8340,#8346,#8347));
#8339 = ORIENTED_EDGE('',*,*,#7225,.F.);
#8340 = ORIENTED_EDGE('',*,*,#8341,.T.);
#8341 = EDGE_CURVE('',#7218,#7283,#8342,.T.);
#8342 = LINE('',#8343,#8344);
#8343 = CARTESIAN_POINT('',(-2.299999999998,-1.249999999997,0.));
#8344 = VECTOR('',#8345,1.);
#8345 = DIRECTION('',(1.,0.,0.));
#8346 = ORIENTED_EDGE('',*,*,#7290,.T.);
#8347 = ORIENTED_EDGE('',*,*,#8348,.F.);
#8348 = EDGE_CURVE('',#7226,#7291,#8349,.T.);
#8349 = LINE('',#8350,#8351);
#8350 = CARTESIAN_POINT('',(-2.299999999998,-0.4,0.));
#8351 = VECTOR('',#8352,1.);
#8352 = DIRECTION('',(1.,0.,0.));
#8353 = CYLINDRICAL_SURFACE('',#8354,0.424999999999);
#8354 = AXIS2_PLACEMENT_3D('',#8355,#8356,#8357);
#8355 = CARTESIAN_POINT('',(-2.299999999998,-0.824999999999,0.));
#8356 = DIRECTION('',(-1.,0.,0.));
#8357 = DIRECTION('',(0.,-1.,0.));
#8358 = ADVANCED_FACE('',(#8359),#8370,.T.);
#8359 = FACE_BOUND('',#8360,.T.);
#8360 = EDGE_LOOP('',(#8361,#8362,#8363,#8364));
#8361 = ORIENTED_EDGE('',*,*,#7217,.T.);
#8362 = ORIENTED_EDGE('',*,*,#8341,.T.);
#8363 = ORIENTED_EDGE('',*,*,#7282,.F.);
#8364 = ORIENTED_EDGE('',*,*,#8365,.T.);
#8365 = EDGE_CURVE('',#7275,#7210,#8366,.T.);
#8366 = LINE('',#8367,#8368);
#8367 = CARTESIAN_POINT('',(-1.899999999998,-1.349999999998,
    -1.110223024625E-16));
#8368 = VECTOR('',#8369,1.);
#8369 = DIRECTION('',(-1.,0.,0.));
#8370 = PLANE('',#8371);
#8371 = AXIS2_PLACEMENT_3D('',#8372,#8373,#8374);
#8372 = CARTESIAN_POINT('',(-2.299999999998,-1.249999999997,0.));
#8373 = DIRECTION('',(0.,0.,-1.));
#8374 = DIRECTION('',(0.,-1.,0.));
#8375 = ADVANCED_FACE('',(#8376),#8394,.F.);
#8376 = FACE_BOUND('',#8377,.F.);
#8377 = EDGE_LOOP('',(#8378,#8379,#8387,#8393));
#8378 = ORIENTED_EDGE('',*,*,#7419,.T.);
#8379 = ORIENTED_EDGE('',*,*,#8380,.T.);
#8380 = EDGE_CURVE('',#7412,#8381,#8383,.T.);
#8381 = VERTEX_POINT('',#8382);
#8382 = CARTESIAN_POINT('',(-2.299999999998,-2.149999999998,0.));
#8383 = LINE('',#8384,#8385);
#8384 = CARTESIAN_POINT('',(-2.299999999998,-2.149999999998,3.9));
#8385 = VECTOR('',#8386,1.);
#8386 = DIRECTION('',(0.,0.,-1.));
#8387 = ORIENTED_EDGE('',*,*,#8388,.F.);
#8388 = EDGE_CURVE('',#7210,#8381,#8389,.T.);
#8389 = LINE('',#8390,#8391);
#8390 = CARTESIAN_POINT('',(-2.299999999998,-1.349999999998,0.));
#8391 = VECTOR('',#8392,1.);
#8392 = DIRECTION('',(0.,-1.,0.));
#8393 = ORIENTED_EDGE('',*,*,#7209,.F.);
#8394 = PLANE('',#8395);
#8395 = AXIS2_PLACEMENT_3D('',#8396,#8397,#8398);
#8396 = CARTESIAN_POINT('',(-2.299999999998,-1.349999999998,3.9));
#8397 = DIRECTION('',(1.,0.,0.));
#8398 = DIRECTION('',(0.,0.,-1.));
#8399 = ADVANCED_FACE('',(#8400),#8441,.T.);
#8400 = FACE_BOUND('',#8401,.T.);
#8401 = EDGE_LOOP('',(#8402,#8412,#8420,#8428,#8434,#8435));
#8402 = ORIENTED_EDGE('',*,*,#8403,.T.);
#8403 = EDGE_CURVE('',#8404,#8406,#8408,.T.);
#8404 = VERTEX_POINT('',#8405);
#8405 = CARTESIAN_POINT('',(-1.899999999998,-0.6,-1.5));
#8406 = VERTEX_POINT('',#8407);
#8407 = CARTESIAN_POINT('',(-1.899999999998,-0.2,-2.8));
#8408 = LINE('',#8409,#8410);
#8409 = CARTESIAN_POINT('',(-1.899999999998,-0.643243243243,
    -1.35945945946));
#8410 = VECTOR('',#8411,1.);
#8411 = DIRECTION('',(0.,0.294085848838,-0.955779008722));
#8412 = ORIENTED_EDGE('',*,*,#8413,.T.);
#8413 = EDGE_CURVE('',#8406,#8414,#8416,.T.);
#8414 = VERTEX_POINT('',#8415);
#8415 = CARTESIAN_POINT('',(-1.899999999998,0.2,-2.8));
#8416 = LINE('',#8417,#8418);
#8417 = CARTESIAN_POINT('',(-1.899999999998,-1.349999999998,-2.8));
#8418 = VECTOR('',#8419,1.);
#8419 = DIRECTION('',(0.,1.,0.));
#8420 = ORIENTED_EDGE('',*,*,#8421,.T.);
#8421 = EDGE_CURVE('',#8414,#8422,#8424,.T.);
#8422 = VERTEX_POINT('',#8423);
#8423 = CARTESIAN_POINT('',(-1.899999999998,0.6,-1.5));
#8424 = LINE('',#8425,#8426);
#8425 = CARTESIAN_POINT('',(-1.899999999998,0.726486486487,
    -1.088918918919));
#8426 = VECTOR('',#8427,1.);
#8427 = DIRECTION('',(0.,0.294085848838,0.955779008722));
#8428 = ORIENTED_EDGE('',*,*,#8429,.T.);
#8429 = EDGE_CURVE('',#8422,#7300,#8430,.T.);
#8430 = LINE('',#8431,#8432);
#8431 = CARTESIAN_POINT('',(-1.899999999998,0.384716157205,
    0.114628820961));
#8432 = VECTOR('',#8433,1.);
#8433 = DIRECTION('',(0.,-0.132163720091,0.991227900683));
#8434 = ORIENTED_EDGE('',*,*,#7299,.F.);
#8435 = ORIENTED_EDGE('',*,*,#8436,.T.);
#8436 = EDGE_CURVE('',#7291,#8404,#8437,.T.);
#8437 = LINE('',#8438,#8439);
#8438 = CARTESIAN_POINT('',(-1.899999999998,-0.508296943231,
    -0.812227074236));
#8439 = VECTOR('',#8440,1.);
#8440 = DIRECTION('',(0.,-0.132163720091,-0.991227900683));
#8441 = PLANE('',#8442);
#8442 = AXIS2_PLACEMENT_3D('',#8443,#8444,#8445);
#8443 = CARTESIAN_POINT('',(-1.899999999998,-1.349999999998,0.));
#8444 = DIRECTION('',(1.,0.,0.));
#8445 = DIRECTION('',(-0.,1.,0.));
#8446 = ADVANCED_FACE('',(#8447),#8465,.T.);
#8447 = FACE_BOUND('',#8448,.T.);
#8448 = EDGE_LOOP('',(#8449,#8450,#8458,#8464));
#8449 = ORIENTED_EDGE('',*,*,#7403,.T.);
#8450 = ORIENTED_EDGE('',*,*,#8451,.T.);
#8451 = EDGE_CURVE('',#7404,#8452,#8454,.T.);
#8452 = VERTEX_POINT('',#8453);
#8453 = CARTESIAN_POINT('',(-1.899999999998,-2.149999999998,0.));
#8454 = LINE('',#8455,#8456);
#8455 = CARTESIAN_POINT('',(-1.899999999998,-2.149999999998,3.9));
#8456 = VECTOR('',#8457,1.);
#8457 = DIRECTION('',(0.,0.,-1.));
#8458 = ORIENTED_EDGE('',*,*,#8459,.F.);
#8459 = EDGE_CURVE('',#7275,#8452,#8460,.T.);
#8460 = LINE('',#8461,#8462);
#8461 = CARTESIAN_POINT('',(-1.899999999998,-1.349999999998,0.));
#8462 = VECTOR('',#8463,1.);
#8463 = DIRECTION('',(0.,-1.,0.));
#8464 = ORIENTED_EDGE('',*,*,#7274,.F.);
#8465 = PLANE('',#8466);
#8466 = AXIS2_PLACEMENT_3D('',#8467,#8468,#8469);
#8467 = CARTESIAN_POINT('',(-1.899999999998,-1.349999999998,3.9));
#8468 = DIRECTION('',(1.,0.,0.));
#8469 = DIRECTION('',(0.,0.,-1.));
#8470 = ADVANCED_FACE('',(#8471),#8477,.F.);
#8471 = FACE_BOUND('',#8472,.F.);
#8472 = EDGE_LOOP('',(#8473,#8474,#8475,#8476));
#8473 = ORIENTED_EDGE('',*,*,#7347,.T.);
#8474 = ORIENTED_EDGE('',*,*,#7387,.T.);
#8475 = ORIENTED_EDGE('',*,*,#7371,.F.);
#8476 = ORIENTED_EDGE('',*,*,#8254,.F.);
#8477 = PLANE('',#8478);
#8478 = AXIS2_PLACEMENT_3D('',#8479,#8480,#8481);
#8479 = CARTESIAN_POINT('',(-1.899999999998,1.350000000002,0.));
#8480 = DIRECTION('',(0.,0.,1.));
#8481 = DIRECTION('',(-1.,0.,0.));
#8482 = ADVANCED_FACE('',(#8483),#8494,.F.);
#8483 = FACE_BOUND('',#8484,.F.);
#8484 = EDGE_LOOP('',(#8485,#8486,#8492,#8493));
#8485 = ORIENTED_EDGE('',*,*,#8451,.T.);
#8486 = ORIENTED_EDGE('',*,*,#8487,.T.);
#8487 = EDGE_CURVE('',#8452,#8381,#8488,.T.);
#8488 = LINE('',#8489,#8490);
#8489 = CARTESIAN_POINT('',(-1.899999999998,-2.149999999998,
    -1.110223024625E-16));
#8490 = VECTOR('',#8491,1.);
#8491 = DIRECTION('',(-1.,0.,0.));
#8492 = ORIENTED_EDGE('',*,*,#8380,.F.);
#8493 = ORIENTED_EDGE('',*,*,#7411,.F.);
#8494 = PLANE('',#8495);
#8495 = AXIS2_PLACEMENT_3D('',#8496,#8497,#8498);
#8496 = CARTESIAN_POINT('',(-1.899999999998,-2.149999999998,3.9));
#8497 = DIRECTION('',(0.,1.,0.));
#8498 = DIRECTION('',(-1.,0.,0.));
#8499 = ADVANCED_FACE('',(#8500),#8511,.F.);
#8500 = FACE_BOUND('',#8501,.F.);
#8501 = EDGE_LOOP('',(#8502,#8503,#8504,#8505));
#8502 = ORIENTED_EDGE('',*,*,#7444,.T.);
#8503 = ORIENTED_EDGE('',*,*,#7468,.T.);
#8504 = ORIENTED_EDGE('',*,*,#7502,.F.);
#8505 = ORIENTED_EDGE('',*,*,#8506,.F.);
#8506 = EDGE_CURVE('',#7437,#7495,#8507,.T.);
#8507 = LINE('',#8508,#8509);
#8508 = CARTESIAN_POINT('',(-1.849999999996,-2.149999999998,4.3));
#8509 = VECTOR('',#8510,1.);
#8510 = DIRECTION('',(1.,0.,0.));
#8511 = PLANE('',#8512);
#8512 = AXIS2_PLACEMENT_3D('',#8513,#8514,#8515);
#8513 = CARTESIAN_POINT('',(-1.849999999996,-2.149999999998,4.3));
#8514 = DIRECTION('',(0.,1.,0.));
#8515 = DIRECTION('',(1.,0.,0.));
#8516 = ADVANCED_FACE('',(#8517),#8528,.F.);
#8517 = FACE_BOUND('',#8518,.F.);
#8518 = EDGE_LOOP('',(#8519,#8520,#8521,#8522));
#8519 = ORIENTED_EDGE('',*,*,#7577,.T.);
#8520 = ORIENTED_EDGE('',*,*,#7634,.T.);
#8521 = ORIENTED_EDGE('',*,*,#7610,.F.);
#8522 = ORIENTED_EDGE('',*,*,#8523,.F.);
#8523 = EDGE_CURVE('',#7570,#7603,#8524,.T.);
#8524 = LINE('',#8525,#8526);
#8525 = CARTESIAN_POINT('',(6.300000000002,-1.349999999996,4.3));
#8526 = VECTOR('',#8527,1.);
#8527 = DIRECTION('',(0.,1.,0.));
#8528 = PLANE('',#8529);
#8529 = AXIS2_PLACEMENT_3D('',#8530,#8531,#8532);
#8530 = CARTESIAN_POINT('',(6.300000000002,-1.349999999996,4.3));
#8531 = DIRECTION('',(-1.,0.,0.));
#8532 = DIRECTION('',(0.,1.,0.));
#8533 = ADVANCED_FACE('',(#8534),#8552,.T.);
#8534 = FACE_BOUND('',#8535,.T.);
#8535 = EDGE_LOOP('',(#8536,#8537,#8543,#8544,#8550,#8551));
#8536 = ORIENTED_EDGE('',*,*,#8033,.T.);
#8537 = ORIENTED_EDGE('',*,*,#8538,.T.);
#8538 = EDGE_CURVE('',#8026,#8081,#8539,.T.);
#8539 = LINE('',#8540,#8541);
#8540 = CARTESIAN_POINT('',(5.850000000047,2.150000000002,1.3));
#8541 = VECTOR('',#8542,1.);
#8542 = DIRECTION('',(-1.,0.,0.));
#8543 = ORIENTED_EDGE('',*,*,#8088,.T.);
#8544 = ORIENTED_EDGE('',*,*,#8545,.T.);
#8545 = EDGE_CURVE('',#8089,#7669,#8546,.T.);
#8546 = LINE('',#8547,#8548);
#8547 = CARTESIAN_POINT('',(5.850000000047,2.150000000002,1.3));
#8548 = VECTOR('',#8549,1.);
#8549 = DIRECTION('',(-1.,0.,0.));
#8550 = ORIENTED_EDGE('',*,*,#7676,.F.);
#8551 = ORIENTED_EDGE('',*,*,#7653,.F.);
#8552 = PLANE('',#8553);
#8553 = AXIS2_PLACEMENT_3D('',#8554,#8555,#8556);
#8554 = CARTESIAN_POINT('',(5.850000000047,2.150000000002,4.3));
#8555 = DIRECTION('',(0.,1.,0.));
#8556 = DIRECTION('',(-1.,0.,0.));
#8557 = ADVANCED_FACE('',(#8558),#8576,.F.);
#8558 = FACE_BOUND('',#8559,.F.);
#8559 = EDGE_LOOP('',(#8560,#8561,#8569,#8575));
#8560 = ORIENTED_EDGE('',*,*,#8126,.T.);
#8561 = ORIENTED_EDGE('',*,*,#8562,.T.);
#8562 = EDGE_CURVE('',#8119,#8563,#8565,.T.);
#8563 = VERTEX_POINT('',#8564);
#8564 = CARTESIAN_POINT('',(-1.849999999996,2.150000000002,0.7));
#8565 = LINE('',#8566,#8567);
#8566 = CARTESIAN_POINT('',(-1.849999999996,1.750000000002,0.7));
#8567 = VECTOR('',#8568,1.);
#8568 = DIRECTION('',(0.,1.,0.));
#8569 = ORIENTED_EDGE('',*,*,#8570,.F.);
#8570 = EDGE_CURVE('',#7669,#8563,#8571,.T.);
#8571 = LINE('',#8572,#8573);
#8572 = CARTESIAN_POINT('',(-1.849999999996,2.150000000002,1.3));
#8573 = VECTOR('',#8574,1.);
#8574 = DIRECTION('',(0.,0.,-1.));
#8575 = ORIENTED_EDGE('',*,*,#7668,.F.);
#8576 = PLANE('',#8577);
#8577 = AXIS2_PLACEMENT_3D('',#8578,#8579,#8580);
#8578 = CARTESIAN_POINT('',(-1.849999999996,1.750000000002,1.3));
#8579 = DIRECTION('',(1.,0.,0.));
#8580 = DIRECTION('',(-0.,1.,0.));
#8581 = ADVANCED_FACE('',(#8582,#8600,#8606),#8612,.T.);
#8582 = FACE_BOUND('',#8583,.T.);
#8583 = EDGE_LOOP('',(#8584,#8585,#8591,#8592,#8598,#8599));
#8584 = ORIENTED_EDGE('',*,*,#7700,.T.);
#8585 = ORIENTED_EDGE('',*,*,#8586,.T.);
#8586 = EDGE_CURVE('',#7693,#7772,#8587,.T.);
#8587 = LINE('',#8588,#8589);
#8588 = CARTESIAN_POINT('',(-1.849999999996,-2.149999999998,1.3));
#8589 = VECTOR('',#8590,1.);
#8590 = DIRECTION('',(1.,0.,0.));
#8591 = ORIENTED_EDGE('',*,*,#7779,.T.);
#8592 = ORIENTED_EDGE('',*,*,#8593,.T.);
#8593 = EDGE_CURVE('',#7780,#7748,#8594,.T.);
#8594 = LINE('',#8595,#8596);
#8595 = CARTESIAN_POINT('',(-1.849999999996,-2.149999999998,1.3));
#8596 = VECTOR('',#8597,1.);
#8597 = DIRECTION('',(1.,0.,0.));
#8598 = ORIENTED_EDGE('',*,*,#7755,.F.);
#8599 = ORIENTED_EDGE('',*,*,#8506,.F.);
#8600 = FACE_BOUND('',#8601,.T.);
#8601 = EDGE_LOOP('',(#8602,#8603,#8604,#8605));
#8602 = ORIENTED_EDGE('',*,*,#7863,.T.);
#8603 = ORIENTED_EDGE('',*,*,#7832,.T.);
#8604 = ORIENTED_EDGE('',*,*,#7911,.T.);
#8605 = ORIENTED_EDGE('',*,*,#7887,.T.);
#8606 = FACE_BOUND('',#8607,.T.);
#8607 = EDGE_LOOP('',(#8608,#8609,#8610,#8611));
#8608 = ORIENTED_EDGE('',*,*,#7928,.T.);
#8609 = ORIENTED_EDGE('',*,*,#7983,.T.);
#8610 = ORIENTED_EDGE('',*,*,#8007,.T.);
#8611 = ORIENTED_EDGE('',*,*,#7959,.T.);
#8612 = PLANE('',#8613);
#8613 = AXIS2_PLACEMENT_3D('',#8614,#8615,#8616);
#8614 = CARTESIAN_POINT('',(-1.849999999996,-2.149999999998,4.3));
#8615 = DIRECTION('',(0.,-1.,0.));
#8616 = DIRECTION('',(1.,0.,0.));
#8617 = ADVANCED_FACE('',(#8618),#8636,.F.);
#8618 = FACE_BOUND('',#8619,.F.);
#8619 = EDGE_LOOP('',(#8620,#8628,#8634,#8635));
#8620 = ORIENTED_EDGE('',*,*,#8621,.T.);
#8621 = EDGE_CURVE('',#7693,#8622,#8624,.T.);
#8622 = VERTEX_POINT('',#8623);
#8623 = CARTESIAN_POINT('',(-1.849999999996,-2.149999999998,0.7));
#8624 = LINE('',#8625,#8626);
#8625 = CARTESIAN_POINT('',(-1.849999999996,-2.149999999998,1.3));
#8626 = VECTOR('',#8627,1.);
#8627 = DIRECTION('',(0.,0.,-1.));
#8628 = ORIENTED_EDGE('',*,*,#8629,.T.);
#8629 = EDGE_CURVE('',#8622,#7716,#8630,.T.);
#8630 = LINE('',#8631,#8632);
#8631 = CARTESIAN_POINT('',(-1.849999999996,-2.149999999998,0.7));
#8632 = VECTOR('',#8633,1.);
#8633 = DIRECTION('',(0.,1.,0.));
#8634 = ORIENTED_EDGE('',*,*,#7715,.F.);
#8635 = ORIENTED_EDGE('',*,*,#7692,.T.);
#8636 = PLANE('',#8637);
#8637 = AXIS2_PLACEMENT_3D('',#8638,#8639,#8640);
#8638 = CARTESIAN_POINT('',(-1.849999999996,-2.149999999998,1.3));
#8639 = DIRECTION('',(1.,0.,0.));
#8640 = DIRECTION('',(-0.,1.,0.));
#8641 = ADVANCED_FACE('',(#8642),#8660,.F.);
#8642 = FACE_BOUND('',#8643,.F.);
#8643 = EDGE_LOOP('',(#8644,#8645,#8653,#8659));
#8644 = ORIENTED_EDGE('',*,*,#7731,.T.);
#8645 = ORIENTED_EDGE('',*,*,#8646,.T.);
#8646 = EDGE_CURVE('',#7724,#8647,#8649,.T.);
#8647 = VERTEX_POINT('',#8648);
#8648 = CARTESIAN_POINT('',(-0.499999999996,-2.149999999998,0.7));
#8649 = LINE('',#8650,#8651);
#8650 = CARTESIAN_POINT('',(-0.499999999996,-1.749999999998,0.7));
#8651 = VECTOR('',#8652,1.);
#8652 = DIRECTION('',(0.,-1.,0.));
#8653 = ORIENTED_EDGE('',*,*,#8654,.F.);
#8654 = EDGE_CURVE('',#7772,#8647,#8655,.T.);
#8655 = LINE('',#8656,#8657);
#8656 = CARTESIAN_POINT('',(-0.499999999996,-2.149999999998,1.3));
#8657 = VECTOR('',#8658,1.);
#8658 = DIRECTION('',(0.,0.,-1.));
#8659 = ORIENTED_EDGE('',*,*,#7771,.F.);
#8660 = PLANE('',#8661);
#8661 = AXIS2_PLACEMENT_3D('',#8662,#8663,#8664);
#8662 = CARTESIAN_POINT('',(-0.499999999996,-1.749999999998,1.3));
#8663 = DIRECTION('',(-1.,-0.,-0.));
#8664 = DIRECTION('',(0.,-1.,0.));
#8665 = ADVANCED_FACE('',(#8666),#8691,.F.);
#8666 = FACE_BOUND('',#8667,.F.);
#8667 = EDGE_LOOP('',(#8668,#8676,#8684,#8690));
#8668 = ORIENTED_EDGE('',*,*,#8669,.T.);
#8669 = EDGE_CURVE('',#7716,#8670,#8672,.T.);
#8670 = VERTEX_POINT('',#8671);
#8671 = CARTESIAN_POINT('',(-1.849999999996,-0.749999999998,0.7));
#8672 = LINE('',#8673,#8674);
#8673 = CARTESIAN_POINT('',(-1.849999999996,-1.749999999998,0.7));
#8674 = VECTOR('',#8675,1.);
#8675 = DIRECTION('',(0.,1.,0.));
#8676 = ORIENTED_EDGE('',*,*,#8677,.T.);
#8677 = EDGE_CURVE('',#8670,#8678,#8680,.T.);
#8678 = VERTEX_POINT('',#8679);
#8679 = CARTESIAN_POINT('',(-0.499999999996,-0.749999999998,0.7));
#8680 = LINE('',#8681,#8682);
#8681 = CARTESIAN_POINT('',(-1.849999999996,-0.749999999998,0.7));
#8682 = VECTOR('',#8683,1.);
#8683 = DIRECTION('',(1.,0.,0.));
#8684 = ORIENTED_EDGE('',*,*,#8685,.F.);
#8685 = EDGE_CURVE('',#7724,#8678,#8686,.T.);
#8686 = LINE('',#8687,#8688);
#8687 = CARTESIAN_POINT('',(-0.499999999996,-1.749999999998,0.7));
#8688 = VECTOR('',#8689,1.);
#8689 = DIRECTION('',(0.,1.,0.));
#8690 = ORIENTED_EDGE('',*,*,#7723,.F.);
#8691 = PLANE('',#8692);
#8692 = AXIS2_PLACEMENT_3D('',#8693,#8694,#8695);
#8693 = CARTESIAN_POINT('',(-1.849999999996,-1.749999999998,0.7));
#8694 = DIRECTION('',(0.,0.,-1.));
#8695 = DIRECTION('',(1.,0.,0.));
#8696 = ADVANCED_FACE('',(#8697),#8715,.F.);
#8697 = FACE_BOUND('',#8698,.F.);
#8698 = EDGE_LOOP('',(#8699,#8700,#8708,#8714));
#8699 = ORIENTED_EDGE('',*,*,#7817,.T.);
#8700 = ORIENTED_EDGE('',*,*,#8701,.T.);
#8701 = EDGE_CURVE('',#7810,#8702,#8704,.T.);
#8702 = VERTEX_POINT('',#8703);
#8703 = CARTESIAN_POINT('',(5.849999999996,-2.149999999998,0.7));
#8704 = LINE('',#8705,#8706);
#8705 = CARTESIAN_POINT('',(5.849999999996,-1.749999999998,0.7));
#8706 = VECTOR('',#8707,1.);
#8707 = DIRECTION('',(0.,-1.,0.));
#8708 = ORIENTED_EDGE('',*,*,#8709,.F.);
#8709 = EDGE_CURVE('',#7748,#8702,#8710,.T.);
#8710 = LINE('',#8711,#8712);
#8711 = CARTESIAN_POINT('',(5.849999999996,-2.149999999998,1.3));
#8712 = VECTOR('',#8713,1.);
#8713 = DIRECTION('',(0.,0.,-1.));
#8714 = ORIENTED_EDGE('',*,*,#7747,.F.);
#8715 = PLANE('',#8716);
#8716 = AXIS2_PLACEMENT_3D('',#8717,#8718,#8719);
#8717 = CARTESIAN_POINT('',(5.849999999996,-1.749999999998,1.3));
#8718 = DIRECTION('',(-1.,-0.,-0.));
#8719 = DIRECTION('',(0.,-1.,0.));
#8720 = ADVANCED_FACE('',(#8721),#8739,.F.);
#8721 = FACE_BOUND('',#8722,.F.);
#8722 = EDGE_LOOP('',(#8723,#8731,#8737,#8738));
#8723 = ORIENTED_EDGE('',*,*,#8724,.T.);
#8724 = EDGE_CURVE('',#7780,#8725,#8727,.T.);
#8725 = VERTEX_POINT('',#8726);
#8726 = CARTESIAN_POINT('',(4.499999999996,-2.149999999998,0.7));
#8727 = LINE('',#8728,#8729);
#8728 = CARTESIAN_POINT('',(4.499999999996,-2.149999999998,1.3));
#8729 = VECTOR('',#8730,1.);
#8730 = DIRECTION('',(0.,0.,-1.));
#8731 = ORIENTED_EDGE('',*,*,#8732,.T.);
#8732 = EDGE_CURVE('',#8725,#7802,#8733,.T.);
#8733 = LINE('',#8734,#8735);
#8734 = CARTESIAN_POINT('',(4.499999999996,-2.149999999998,0.7));
#8735 = VECTOR('',#8736,1.);
#8736 = DIRECTION('',(0.,1.,0.));
#8737 = ORIENTED_EDGE('',*,*,#7801,.F.);
#8738 = ORIENTED_EDGE('',*,*,#7787,.F.);
#8739 = PLANE('',#8740);
#8740 = AXIS2_PLACEMENT_3D('',#8741,#8742,#8743);
#8741 = CARTESIAN_POINT('',(4.499999999996,-2.149999999998,1.3));
#8742 = DIRECTION('',(1.,0.,0.));
#8743 = DIRECTION('',(-0.,1.,0.));
#8744 = ADVANCED_FACE('',(#8745),#8770,.F.);
#8745 = FACE_BOUND('',#8746,.F.);
#8746 = EDGE_LOOP('',(#8747,#8755,#8763,#8769));
#8747 = ORIENTED_EDGE('',*,*,#8748,.T.);
#8748 = EDGE_CURVE('',#7802,#8749,#8751,.T.);
#8749 = VERTEX_POINT('',#8750);
#8750 = CARTESIAN_POINT('',(4.499999999996,-0.749999999998,0.7));
#8751 = LINE('',#8752,#8753);
#8752 = CARTESIAN_POINT('',(4.499999999996,-1.749999999998,0.7));
#8753 = VECTOR('',#8754,1.);
#8754 = DIRECTION('',(0.,1.,0.));
#8755 = ORIENTED_EDGE('',*,*,#8756,.T.);
#8756 = EDGE_CURVE('',#8749,#8757,#8759,.T.);
#8757 = VERTEX_POINT('',#8758);
#8758 = CARTESIAN_POINT('',(5.849999999996,-0.749999999998,0.7));
#8759 = LINE('',#8760,#8761);
#8760 = CARTESIAN_POINT('',(4.499999999996,-0.749999999998,0.7));
#8761 = VECTOR('',#8762,1.);
#8762 = DIRECTION('',(1.,0.,0.));
#8763 = ORIENTED_EDGE('',*,*,#8764,.F.);
#8764 = EDGE_CURVE('',#7810,#8757,#8765,.T.);
#8765 = LINE('',#8766,#8767);
#8766 = CARTESIAN_POINT('',(5.849999999996,-1.749999999998,0.7));
#8767 = VECTOR('',#8768,1.);
#8768 = DIRECTION('',(0.,1.,0.));
#8769 = ORIENTED_EDGE('',*,*,#7809,.F.);
#8770 = PLANE('',#8771);
#8771 = AXIS2_PLACEMENT_3D('',#8772,#8773,#8774);
#8772 = CARTESIAN_POINT('',(4.499999999996,-1.749999999998,0.7));
#8773 = DIRECTION('',(0.,0.,-1.));
#8774 = DIRECTION('',(1.,0.,0.));
#8775 = ADVANCED_FACE('',(#8776),#8794,.F.);
#8776 = FACE_BOUND('',#8777,.F.);
#8777 = EDGE_LOOP('',(#8778,#8786,#8792,#8793));
#8778 = ORIENTED_EDGE('',*,*,#8779,.T.);
#8779 = EDGE_CURVE('',#8026,#8780,#8782,.T.);
#8780 = VERTEX_POINT('',#8781);
#8781 = CARTESIAN_POINT('',(5.850000000047,2.150000000002,0.7));
#8782 = LINE('',#8783,#8784);
#8783 = CARTESIAN_POINT('',(5.850000000047,2.150000000002,1.3));
#8784 = VECTOR('',#8785,1.);
#8785 = DIRECTION('',(0.,0.,-1.));
#8786 = ORIENTED_EDGE('',*,*,#8787,.T.);
#8787 = EDGE_CURVE('',#8780,#8049,#8788,.T.);
#8788 = LINE('',#8789,#8790);
#8789 = CARTESIAN_POINT('',(5.850000000047,2.150000000002,0.7));
#8790 = VECTOR('',#8791,1.);
#8791 = DIRECTION('',(0.,-1.,0.));
#8792 = ORIENTED_EDGE('',*,*,#8048,.F.);
#8793 = ORIENTED_EDGE('',*,*,#8025,.T.);
#8794 = PLANE('',#8795);
#8795 = AXIS2_PLACEMENT_3D('',#8796,#8797,#8798);
#8796 = CARTESIAN_POINT('',(5.850000000047,2.150000000002,1.3));
#8797 = DIRECTION('',(-1.,-0.,-0.));
#8798 = DIRECTION('',(0.,-1.,0.));
#8799 = ADVANCED_FACE('',(#8800),#8818,.F.);
#8800 = FACE_BOUND('',#8801,.F.);
#8801 = EDGE_LOOP('',(#8802,#8803,#8811,#8817));
#8802 = ORIENTED_EDGE('',*,*,#8064,.T.);
#8803 = ORIENTED_EDGE('',*,*,#8804,.T.);
#8804 = EDGE_CURVE('',#8057,#8805,#8807,.T.);
#8805 = VERTEX_POINT('',#8806);
#8806 = CARTESIAN_POINT('',(4.499999999996,2.150000000002,0.7));
#8807 = LINE('',#8808,#8809);
#8808 = CARTESIAN_POINT('',(4.499999999996,1.750000000002,0.7));
#8809 = VECTOR('',#8810,1.);
#8810 = DIRECTION('',(0.,1.,0.));
#8811 = ORIENTED_EDGE('',*,*,#8812,.F.);
#8812 = EDGE_CURVE('',#8081,#8805,#8813,.T.);
#8813 = LINE('',#8814,#8815);
#8814 = CARTESIAN_POINT('',(4.499999999996,2.150000000002,1.3));
#8815 = VECTOR('',#8816,1.);
#8816 = DIRECTION('',(0.,0.,-1.));
#8817 = ORIENTED_EDGE('',*,*,#8080,.F.);
#8818 = PLANE('',#8819);
#8819 = AXIS2_PLACEMENT_3D('',#8820,#8821,#8822);
#8820 = CARTESIAN_POINT('',(4.499999999996,1.750000000002,1.3));
#8821 = DIRECTION('',(1.,0.,0.));
#8822 = DIRECTION('',(-0.,1.,0.));
#8823 = ADVANCED_FACE('',(#8824),#8849,.F.);
#8824 = FACE_BOUND('',#8825,.F.);
#8825 = EDGE_LOOP('',(#8826,#8834,#8842,#8848));
#8826 = ORIENTED_EDGE('',*,*,#8827,.T.);
#8827 = EDGE_CURVE('',#8049,#8828,#8830,.T.);
#8828 = VERTEX_POINT('',#8829);
#8829 = CARTESIAN_POINT('',(5.850000000047,0.750000000002,0.7));
#8830 = LINE('',#8831,#8832);
#8831 = CARTESIAN_POINT('',(5.850000000047,1.750000000002,0.7));
#8832 = VECTOR('',#8833,1.);
#8833 = DIRECTION('',(0.,-1.,0.));
#8834 = ORIENTED_EDGE('',*,*,#8835,.T.);
#8835 = EDGE_CURVE('',#8828,#8836,#8838,.T.);
#8836 = VERTEX_POINT('',#8837);
#8837 = CARTESIAN_POINT('',(4.499999999996,0.750000000002,0.7));
#8838 = LINE('',#8839,#8840);
#8839 = CARTESIAN_POINT('',(5.850000000047,0.750000000002,0.7));
#8840 = VECTOR('',#8841,1.);
#8841 = DIRECTION('',(-1.,0.,0.));
#8842 = ORIENTED_EDGE('',*,*,#8843,.F.);
#8843 = EDGE_CURVE('',#8057,#8836,#8844,.T.);
#8844 = LINE('',#8845,#8846);
#8845 = CARTESIAN_POINT('',(4.499999999996,1.750000000002,0.7));
#8846 = VECTOR('',#8847,1.);
#8847 = DIRECTION('',(0.,-1.,0.));
#8848 = ORIENTED_EDGE('',*,*,#8056,.F.);
#8849 = PLANE('',#8850);
#8850 = AXIS2_PLACEMENT_3D('',#8851,#8852,#8853);
#8851 = CARTESIAN_POINT('',(5.850000000047,1.750000000002,0.7));
#8852 = DIRECTION('',(-0.,-0.,-1.));
#8853 = DIRECTION('',(-1.,0.,0.));
#8854 = ADVANCED_FACE('',(#8855),#8873,.F.);
#8855 = FACE_BOUND('',#8856,.F.);
#8856 = EDGE_LOOP('',(#8857,#8865,#8871,#8872));
#8857 = ORIENTED_EDGE('',*,*,#8858,.T.);
#8858 = EDGE_CURVE('',#8089,#8859,#8861,.T.);
#8859 = VERTEX_POINT('',#8860);
#8860 = CARTESIAN_POINT('',(-0.499999999996,2.150000000002,0.7));
#8861 = LINE('',#8862,#8863);
#8862 = CARTESIAN_POINT('',(-0.499999999996,2.150000000002,1.3));
#8863 = VECTOR('',#8864,1.);
#8864 = DIRECTION('',(0.,0.,-1.));
#8865 = ORIENTED_EDGE('',*,*,#8866,.T.);
#8866 = EDGE_CURVE('',#8859,#8111,#8867,.T.);
#8867 = LINE('',#8868,#8869);
#8868 = CARTESIAN_POINT('',(-0.499999999996,2.150000000002,0.7));
#8869 = VECTOR('',#8870,1.);
#8870 = DIRECTION('',(0.,-1.,0.));
#8871 = ORIENTED_EDGE('',*,*,#8110,.F.);
#8872 = ORIENTED_EDGE('',*,*,#8096,.F.);
#8873 = PLANE('',#8874);
#8874 = AXIS2_PLACEMENT_3D('',#8875,#8876,#8877);
#8875 = CARTESIAN_POINT('',(-0.499999999996,2.150000000002,1.3));
#8876 = DIRECTION('',(-1.,-0.,-0.));
#8877 = DIRECTION('',(0.,-1.,0.));
#8878 = ADVANCED_FACE('',(#8879),#8904,.F.);
#8879 = FACE_BOUND('',#8880,.F.);
#8880 = EDGE_LOOP('',(#8881,#8889,#8897,#8903));
#8881 = ORIENTED_EDGE('',*,*,#8882,.T.);
#8882 = EDGE_CURVE('',#8111,#8883,#8885,.T.);
#8883 = VERTEX_POINT('',#8884);
#8884 = CARTESIAN_POINT('',(-0.499999999996,0.750000000002,0.7));
#8885 = LINE('',#8886,#8887);
#8886 = CARTESIAN_POINT('',(-0.499999999996,1.750000000002,0.7));
#8887 = VECTOR('',#8888,1.);
#8888 = DIRECTION('',(0.,-1.,0.));
#8889 = ORIENTED_EDGE('',*,*,#8890,.T.);
#8890 = EDGE_CURVE('',#8883,#8891,#8893,.T.);
#8891 = VERTEX_POINT('',#8892);
#8892 = CARTESIAN_POINT('',(-1.849999999996,0.750000000002,0.7));
#8893 = LINE('',#8894,#8895);
#8894 = CARTESIAN_POINT('',(-0.499999999996,0.750000000002,0.7));
#8895 = VECTOR('',#8896,1.);
#8896 = DIRECTION('',(-1.,0.,0.));
#8897 = ORIENTED_EDGE('',*,*,#8898,.F.);
#8898 = EDGE_CURVE('',#8119,#8891,#8899,.T.);
#8899 = LINE('',#8900,#8901);
#8900 = CARTESIAN_POINT('',(-1.849999999996,1.750000000002,0.7));
#8901 = VECTOR('',#8902,1.);
#8902 = DIRECTION('',(0.,-1.,0.));
#8903 = ORIENTED_EDGE('',*,*,#8118,.F.);
#8904 = PLANE('',#8905);
#8905 = AXIS2_PLACEMENT_3D('',#8906,#8907,#8908);
#8906 = CARTESIAN_POINT('',(-0.499999999996,1.750000000002,0.7));
#8907 = DIRECTION('',(-0.,-0.,-1.));
#8908 = DIRECTION('',(-1.,0.,0.));
#8909 = ADVANCED_FACE('',(#8910),#8921,.T.);
#8910 = FACE_BOUND('',#8911,.T.);
#8911 = EDGE_LOOP('',(#8912,#8913,#8919,#8920));
#8912 = ORIENTED_EDGE('',*,*,#8150,.T.);
#8913 = ORIENTED_EDGE('',*,*,#8914,.T.);
#8914 = EDGE_CURVE('',#8143,#8167,#8915,.T.);
#8915 = LINE('',#8916,#8917);
#8916 = CARTESIAN_POINT('',(6.300000000002,-1.349999999996,3.9));
#8917 = VECTOR('',#8918,1.);
#8918 = DIRECTION('',(0.,1.,0.));
#8919 = ORIENTED_EDGE('',*,*,#8174,.F.);
#8920 = ORIENTED_EDGE('',*,*,#8523,.F.);
#8921 = PLANE('',#8922);
#8922 = AXIS2_PLACEMENT_3D('',#8923,#8924,#8925);
#8923 = CARTESIAN_POINT('',(6.300000000002,-1.349999999996,4.3));
#8924 = DIRECTION('',(1.,0.,0.));
#8925 = DIRECTION('',(-0.,1.,0.));
#8926 = ADVANCED_FACE('',(#8927),#8952,.T.);
#8927 = FACE_BOUND('',#8928,.T.);
#8928 = EDGE_LOOP('',(#8929,#8937,#8945,#8951));
#8929 = ORIENTED_EDGE('',*,*,#8930,.T.);
#8930 = EDGE_CURVE('',#7178,#8931,#8933,.T.);
#8931 = VERTEX_POINT('',#8932);
#8932 = CARTESIAN_POINT('',(5.900000000002,-2.149999999996,3.9));
#8933 = LINE('',#8934,#8935);
#8934 = CARTESIAN_POINT('',(5.900000000002,-1.349999999996,3.9));
#8935 = VECTOR('',#8936,1.);
#8936 = DIRECTION('',(0.,-1.,0.));
#8937 = ORIENTED_EDGE('',*,*,#8938,.T.);
#8938 = EDGE_CURVE('',#8931,#8939,#8941,.T.);
#8939 = VERTEX_POINT('',#8940);
#8940 = CARTESIAN_POINT('',(6.300000000002,-2.149999999996,3.9));
#8941 = LINE('',#8942,#8943);
#8942 = CARTESIAN_POINT('',(5.900000000002,-2.149999999996,3.9));
#8943 = VECTOR('',#8944,1.);
#8944 = DIRECTION('',(1.,0.,0.));
#8945 = ORIENTED_EDGE('',*,*,#8946,.F.);
#8946 = EDGE_CURVE('',#8143,#8939,#8947,.T.);
#8947 = LINE('',#8948,#8949);
#8948 = CARTESIAN_POINT('',(6.300000000002,-1.349999999996,3.9));
#8949 = VECTOR('',#8950,1.);
#8950 = DIRECTION('',(0.,-1.,0.));
#8951 = ORIENTED_EDGE('',*,*,#8142,.F.);
#8952 = PLANE('',#8953);
#8953 = AXIS2_PLACEMENT_3D('',#8954,#8955,#8956);
#8954 = CARTESIAN_POINT('',(5.900000000002,-1.349999999996,3.9));
#8955 = DIRECTION('',(0.,0.,1.));
#8956 = DIRECTION('',(1.,0.,-0.));
#8957 = ADVANCED_FACE('',(#8958),#8983,.F.);
#8958 = FACE_BOUND('',#8959,.F.);
#8959 = EDGE_LOOP('',(#8960,#8968,#8976,#8982));
#8960 = ORIENTED_EDGE('',*,*,#8961,.T.);
#8961 = EDGE_CURVE('',#7186,#8962,#8964,.T.);
#8962 = VERTEX_POINT('',#8963);
#8963 = CARTESIAN_POINT('',(5.900000000002,2.149999999996,3.9));
#8964 = LINE('',#8965,#8966);
#8965 = CARTESIAN_POINT('',(5.900000000002,1.349999999996,3.9));
#8966 = VECTOR('',#8967,1.);
#8967 = DIRECTION('',(0.,1.,0.));
#8968 = ORIENTED_EDGE('',*,*,#8969,.T.);
#8969 = EDGE_CURVE('',#8962,#8970,#8972,.T.);
#8970 = VERTEX_POINT('',#8971);
#8971 = CARTESIAN_POINT('',(6.300000000002,2.149999999996,3.9));
#8972 = LINE('',#8973,#8974);
#8973 = CARTESIAN_POINT('',(5.900000000002,2.149999999996,3.9));
#8974 = VECTOR('',#8975,1.);
#8975 = DIRECTION('',(1.,0.,0.));
#8976 = ORIENTED_EDGE('',*,*,#8977,.F.);
#8977 = EDGE_CURVE('',#8167,#8970,#8978,.T.);
#8978 = LINE('',#8979,#8980);
#8979 = CARTESIAN_POINT('',(6.300000000002,1.349999999996,3.9));
#8980 = VECTOR('',#8981,1.);
#8981 = DIRECTION('',(0.,1.,0.));
#8982 = ORIENTED_EDGE('',*,*,#8166,.F.);
#8983 = PLANE('',#8984);
#8984 = AXIS2_PLACEMENT_3D('',#8985,#8986,#8987);
#8985 = CARTESIAN_POINT('',(5.900000000002,1.349999999996,3.9));
#8986 = DIRECTION('',(0.,0.,-1.));
#8987 = DIRECTION('',(1.,0.,0.));
#8988 = ADVANCED_FACE('',(#8989),#9007,.T.);
#8989 = FACE_BOUND('',#8990,.T.);
#8990 = EDGE_LOOP('',(#8991,#8992,#9000,#9006));
#8991 = ORIENTED_EDGE('',*,*,#8961,.T.);
#8992 = ORIENTED_EDGE('',*,*,#8993,.T.);
#8993 = EDGE_CURVE('',#8962,#8994,#8996,.T.);
#8994 = VERTEX_POINT('',#8995);
#8995 = CARTESIAN_POINT('',(5.900000000002,2.149999999996,0.));
#8996 = LINE('',#8997,#8998);
#8997 = CARTESIAN_POINT('',(5.900000000002,2.149999999996,3.9));
#8998 = VECTOR('',#8999,1.);
#8999 = DIRECTION('',(0.,0.,-1.));
#9000 = ORIENTED_EDGE('',*,*,#9001,.F.);
#9001 = EDGE_CURVE('',#8233,#8994,#9002,.T.);
#9002 = LINE('',#9003,#9004);
#9003 = CARTESIAN_POINT('',(5.900000000002,1.349999999996,0.));
#9004 = VECTOR('',#9005,1.);
#9005 = DIRECTION('',(0.,1.,0.));
#9006 = ORIENTED_EDGE('',*,*,#8240,.F.);
#9007 = PLANE('',#9008);
#9008 = AXIS2_PLACEMENT_3D('',#9009,#9010,#9011);
#9009 = CARTESIAN_POINT('',(5.900000000002,1.349999999996,3.9));
#9010 = DIRECTION('',(-1.,0.,0.));
#9011 = DIRECTION('',(0.,0.,-1.));
#9012 = ADVANCED_FACE('',(#9013),#9038,.T.);
#9013 = FACE_BOUND('',#9014,.T.);
#9014 = EDGE_LOOP('',(#9015,#9016,#9024,#9032));
#9015 = ORIENTED_EDGE('',*,*,#8232,.T.);
#9016 = ORIENTED_EDGE('',*,*,#9017,.T.);
#9017 = EDGE_CURVE('',#8233,#9018,#9020,.T.);
#9018 = VERTEX_POINT('',#9019);
#9019 = CARTESIAN_POINT('',(6.300000000002,1.349999999996,0.));
#9020 = LINE('',#9021,#9022);
#9021 = CARTESIAN_POINT('',(5.900000000002,1.349999999996,
    -1.110223024625E-16));
#9022 = VECTOR('',#9023,1.);
#9023 = DIRECTION('',(1.,0.,0.));
#9024 = ORIENTED_EDGE('',*,*,#9025,.F.);
#9025 = EDGE_CURVE('',#9026,#9018,#9028,.T.);
#9026 = VERTEX_POINT('',#9027);
#9027 = CARTESIAN_POINT('',(6.300000000002,1.250000000002,0.));
#9028 = LINE('',#9029,#9030);
#9029 = CARTESIAN_POINT('',(6.300000000002,-1.349999999996,
    -1.110223024625E-16));
#9030 = VECTOR('',#9031,1.);
#9031 = DIRECTION('',(0.,1.,0.));
#9032 = ORIENTED_EDGE('',*,*,#9033,.F.);
#9033 = EDGE_CURVE('',#8224,#9026,#9034,.T.);
#9034 = LINE('',#9035,#9036);
#9035 = CARTESIAN_POINT('',(-2.299999999998,1.250000000002,0.));
#9036 = VECTOR('',#9037,1.);
#9037 = DIRECTION('',(1.,0.,0.));
#9038 = PLANE('',#9039);
#9039 = AXIS2_PLACEMENT_3D('',#9040,#9041,#9042);
#9040 = CARTESIAN_POINT('',(-2.299999999998,1.350000000002,0.));
#9041 = DIRECTION('',(0.,0.,-1.));
#9042 = DIRECTION('',(0.,-1.,0.));
#9043 = ADVANCED_FACE('',(#9044),#9063,.F.);
#9044 = FACE_BOUND('',#9045,.F.);
#9045 = EDGE_LOOP('',(#9046,#9047,#9055,#9062));
#9046 = ORIENTED_EDGE('',*,*,#8223,.F.);
#9047 = ORIENTED_EDGE('',*,*,#9048,.T.);
#9048 = EDGE_CURVE('',#8216,#9049,#9051,.T.);
#9049 = VERTEX_POINT('',#9050);
#9050 = CARTESIAN_POINT('',(6.300000000002,0.4,0.));
#9051 = LINE('',#9052,#9053);
#9052 = CARTESIAN_POINT('',(-2.299999999998,0.4,0.));
#9053 = VECTOR('',#9054,1.);
#9054 = DIRECTION('',(1.,0.,0.));
#9055 = ORIENTED_EDGE('',*,*,#9056,.T.);
#9056 = EDGE_CURVE('',#9049,#9026,#9057,.T.);
#9057 = CIRCLE('',#9058,0.425000000001);
#9058 = AXIS2_PLACEMENT_3D('',#9059,#9060,#9061);
#9059 = CARTESIAN_POINT('',(6.300000000002,0.825000000001,0.));
#9060 = DIRECTION('',(-1.,0.,0.));
#9061 = DIRECTION('',(0.,-1.,0.));
#9062 = ORIENTED_EDGE('',*,*,#9033,.F.);
#9063 = CYLINDRICAL_SURFACE('',#9064,0.425000000001);
#9064 = AXIS2_PLACEMENT_3D('',#9065,#9066,#9067);
#9065 = CARTESIAN_POINT('',(-2.299999999998,0.825000000001,0.));
#9066 = DIRECTION('',(-1.,0.,0.));
#9067 = DIRECTION('',(0.,-1.,0.));
#9068 = ADVANCED_FACE('',(#9069),#9110,.F.);
#9069 = FACE_BOUND('',#9070,.F.);
#9070 = EDGE_LOOP('',(#9071,#9081,#9089,#9097,#9103,#9104));
#9071 = ORIENTED_EDGE('',*,*,#9072,.T.);
#9072 = EDGE_CURVE('',#9073,#9075,#9077,.T.);
#9073 = VERTEX_POINT('',#9074);
#9074 = CARTESIAN_POINT('',(5.900000000002,-0.6,-1.5));
#9075 = VERTEX_POINT('',#9076);
#9076 = CARTESIAN_POINT('',(5.900000000002,-0.2,-2.8));
#9077 = LINE('',#9078,#9079);
#9078 = CARTESIAN_POINT('',(5.900000000002,-0.643243243243,
    -1.35945945946));
#9079 = VECTOR('',#9080,1.);
#9080 = DIRECTION('',(0.,0.294085848838,-0.955779008722));
#9081 = ORIENTED_EDGE('',*,*,#9082,.T.);
#9082 = EDGE_CURVE('',#9075,#9083,#9085,.T.);
#9083 = VERTEX_POINT('',#9084);
#9084 = CARTESIAN_POINT('',(5.900000000002,0.2,-2.8));
#9085 = LINE('',#9086,#9087);
#9086 = CARTESIAN_POINT('',(5.900000000002,-1.349999999996,-2.8));
#9087 = VECTOR('',#9088,1.);
#9088 = DIRECTION('',(0.,1.,0.));
#9089 = ORIENTED_EDGE('',*,*,#9090,.T.);
#9090 = EDGE_CURVE('',#9083,#9091,#9093,.T.);
#9091 = VERTEX_POINT('',#9092);
#9092 = CARTESIAN_POINT('',(5.900000000002,0.6,-1.5));
#9093 = LINE('',#9094,#9095);
#9094 = CARTESIAN_POINT('',(5.900000000002,0.726486486487,
    -1.088918918918));
#9095 = VECTOR('',#9096,1.);
#9096 = DIRECTION('',(0.,0.294085848838,0.955779008722));
#9097 = ORIENTED_EDGE('',*,*,#9098,.T.);
#9098 = EDGE_CURVE('',#9091,#8216,#9099,.T.);
#9099 = LINE('',#9100,#9101);
#9100 = CARTESIAN_POINT('',(5.900000000002,0.384716157205,0.11462882096)
  );
#9101 = VECTOR('',#9102,1.);
#9102 = DIRECTION('',(0.,-0.132163720091,0.991227900683));
#9103 = ORIENTED_EDGE('',*,*,#8215,.F.);
#9104 = ORIENTED_EDGE('',*,*,#9105,.T.);
#9105 = EDGE_CURVE('',#8207,#9073,#9106,.T.);
#9106 = LINE('',#9107,#9108);
#9107 = CARTESIAN_POINT('',(5.900000000002,-0.508296943231,
    -0.812227074236));
#9108 = VECTOR('',#9109,1.);
#9109 = DIRECTION('',(0.,-0.132163720091,-0.991227900683));
#9110 = PLANE('',#9111);
#9111 = AXIS2_PLACEMENT_3D('',#9112,#9113,#9114);
#9112 = CARTESIAN_POINT('',(5.900000000002,-1.349999999996,0.));
#9113 = DIRECTION('',(1.,0.,0.));
#9114 = DIRECTION('',(-0.,1.,0.));
#9115 = ADVANCED_FACE('',(#9116),#9142,.F.);
#9116 = FACE_BOUND('',#9117,.F.);
#9117 = EDGE_LOOP('',(#9118,#9119,#9127,#9136));
#9118 = ORIENTED_EDGE('',*,*,#8206,.F.);
#9119 = ORIENTED_EDGE('',*,*,#9120,.T.);
#9120 = EDGE_CURVE('',#8199,#9121,#9123,.T.);
#9121 = VERTEX_POINT('',#9122);
#9122 = CARTESIAN_POINT('',(6.300000000002,-1.249999999997,0.));
#9123 = LINE('',#9124,#9125);
#9124 = CARTESIAN_POINT('',(-2.299999999998,-1.249999999997,0.));
#9125 = VECTOR('',#9126,1.);
#9126 = DIRECTION('',(1.,0.,0.));
#9127 = ORIENTED_EDGE('',*,*,#9128,.T.);
#9128 = EDGE_CURVE('',#9121,#9129,#9131,.T.);
#9129 = VERTEX_POINT('',#9130);
#9130 = CARTESIAN_POINT('',(6.300000000002,-0.4,0.));
#9131 = CIRCLE('',#9132,0.424999999999);
#9132 = AXIS2_PLACEMENT_3D('',#9133,#9134,#9135);
#9133 = CARTESIAN_POINT('',(6.300000000002,-0.824999999999,0.));
#9134 = DIRECTION('',(-1.,0.,0.));
#9135 = DIRECTION('',(0.,-1.,0.));
#9136 = ORIENTED_EDGE('',*,*,#9137,.F.);
#9137 = EDGE_CURVE('',#8207,#9129,#9138,.T.);
#9138 = LINE('',#9139,#9140);
#9139 = CARTESIAN_POINT('',(-2.299999999998,-0.4,0.));
#9140 = VECTOR('',#9141,1.);
#9141 = DIRECTION('',(1.,0.,0.));
#9142 = CYLINDRICAL_SURFACE('',#9143,0.424999999999);
#9143 = AXIS2_PLACEMENT_3D('',#9144,#9145,#9146);
#9144 = CARTESIAN_POINT('',(-2.299999999998,-0.824999999999,0.));
#9145 = DIRECTION('',(-1.,0.,0.));
#9146 = DIRECTION('',(0.,-1.,0.));
#9147 = ADVANCED_FACE('',(#9148),#9166,.T.);
#9148 = FACE_BOUND('',#9149,.T.);
#9149 = EDGE_LOOP('',(#9150,#9151,#9152,#9160));
#9150 = ORIENTED_EDGE('',*,*,#8198,.T.);
#9151 = ORIENTED_EDGE('',*,*,#9120,.T.);
#9152 = ORIENTED_EDGE('',*,*,#9153,.F.);
#9153 = EDGE_CURVE('',#9154,#9121,#9156,.T.);
#9154 = VERTEX_POINT('',#9155);
#9155 = CARTESIAN_POINT('',(6.300000000002,-1.349999999996,0.));
#9156 = LINE('',#9157,#9158);
#9157 = CARTESIAN_POINT('',(6.300000000002,-1.349999999996,
    -1.110223024625E-16));
#9158 = VECTOR('',#9159,1.);
#9159 = DIRECTION('',(0.,1.,0.));
#9160 = ORIENTED_EDGE('',*,*,#9161,.F.);
#9161 = EDGE_CURVE('',#8191,#9154,#9162,.T.);
#9162 = LINE('',#9163,#9164);
#9163 = CARTESIAN_POINT('',(5.900000000002,-1.349999999996,
    -1.110223024625E-16));
#9164 = VECTOR('',#9165,1.);
#9165 = DIRECTION('',(1.,0.,0.));
#9166 = PLANE('',#9167);
#9167 = AXIS2_PLACEMENT_3D('',#9168,#9169,#9170);
#9168 = CARTESIAN_POINT('',(-2.299999999998,-1.249999999997,0.));
#9169 = DIRECTION('',(0.,0.,-1.));
#9170 = DIRECTION('',(0.,-1.,0.));
#9171 = ADVANCED_FACE('',(#9172),#9190,.F.);
#9172 = FACE_BOUND('',#9173,.F.);
#9173 = EDGE_LOOP('',(#9174,#9175,#9183,#9189));
#9174 = ORIENTED_EDGE('',*,*,#8930,.T.);
#9175 = ORIENTED_EDGE('',*,*,#9176,.T.);
#9176 = EDGE_CURVE('',#8931,#9177,#9179,.T.);
#9177 = VERTEX_POINT('',#9178);
#9178 = CARTESIAN_POINT('',(5.900000000002,-2.149999999996,0.));
#9179 = LINE('',#9180,#9181);
#9180 = CARTESIAN_POINT('',(5.900000000002,-2.149999999996,3.9));
#9181 = VECTOR('',#9182,1.);
#9182 = DIRECTION('',(0.,0.,-1.));
#9183 = ORIENTED_EDGE('',*,*,#9184,.F.);
#9184 = EDGE_CURVE('',#8191,#9177,#9185,.T.);
#9185 = LINE('',#9186,#9187);
#9186 = CARTESIAN_POINT('',(5.900000000002,-1.349999999996,0.));
#9187 = VECTOR('',#9188,1.);
#9188 = DIRECTION('',(0.,-1.,0.));
#9189 = ORIENTED_EDGE('',*,*,#8190,.F.);
#9190 = PLANE('',#9191);
#9191 = AXIS2_PLACEMENT_3D('',#9192,#9193,#9194);
#9192 = CARTESIAN_POINT('',(5.900000000002,-1.349999999996,3.9));
#9193 = DIRECTION('',(1.,0.,0.));
#9194 = DIRECTION('',(0.,0.,-1.));
#9195 = ADVANCED_FACE('',(#9196),#9207,.T.);
#9196 = FACE_BOUND('',#9197,.T.);
#9197 = EDGE_LOOP('',(#9198,#9199,#9200,#9201));
#9198 = ORIENTED_EDGE('',*,*,#8319,.F.);
#9199 = ORIENTED_EDGE('',*,*,#8277,.T.);
#9200 = ORIENTED_EDGE('',*,*,#8429,.F.);
#9201 = ORIENTED_EDGE('',*,*,#9202,.F.);
#9202 = EDGE_CURVE('',#8312,#8422,#9203,.T.);
#9203 = LINE('',#9204,#9205);
#9204 = CARTESIAN_POINT('',(-2.299999999998,0.6,-1.5));
#9205 = VECTOR('',#9206,1.);
#9206 = DIRECTION('',(1.,0.,0.));
#9207 = PLANE('',#9208);
#9208 = AXIS2_PLACEMENT_3D('',#9209,#9210,#9211);
#9209 = CARTESIAN_POINT('',(-2.299999999998,0.4,0.));
#9210 = DIRECTION('',(0.,0.991227900683,0.132163720091));
#9211 = DIRECTION('',(0.,0.132163720091,-0.991227900683));
#9212 = ADVANCED_FACE('',(#9213),#9229,.T.);
#9213 = FACE_BOUND('',#9214,.T.);
#9214 = EDGE_LOOP('',(#9215,#9216,#9222,#9223));
#9215 = ORIENTED_EDGE('',*,*,#8293,.F.);
#9216 = ORIENTED_EDGE('',*,*,#9217,.T.);
#9217 = EDGE_CURVE('',#8294,#8406,#9218,.T.);
#9218 = LINE('',#9219,#9220);
#9219 = CARTESIAN_POINT('',(-2.299999999998,-0.2,-2.8));
#9220 = VECTOR('',#9221,1.);
#9221 = DIRECTION('',(1.,0.,0.));
#9222 = ORIENTED_EDGE('',*,*,#8403,.F.);
#9223 = ORIENTED_EDGE('',*,*,#9224,.F.);
#9224 = EDGE_CURVE('',#8296,#8404,#9225,.T.);
#9225 = LINE('',#9226,#9227);
#9226 = CARTESIAN_POINT('',(-2.299999999998,-0.6,-1.5));
#9227 = VECTOR('',#9228,1.);
#9228 = DIRECTION('',(1.,0.,0.));
#9229 = PLANE('',#9230);
#9230 = AXIS2_PLACEMENT_3D('',#9231,#9232,#9233);
#9231 = CARTESIAN_POINT('',(-2.299999999998,-0.2,-2.8));
#9232 = DIRECTION('',(0.,-0.955779008722,-0.294085848838));
#9233 = DIRECTION('',(0.,-0.294085848838,0.955779008722));
#9234 = ADVANCED_FACE('',(#9235),#9241,.T.);
#9235 = FACE_BOUND('',#9236,.T.);
#9236 = EDGE_LOOP('',(#9237,#9238,#9239,#9240));
#9237 = ORIENTED_EDGE('',*,*,#8326,.F.);
#9238 = ORIENTED_EDGE('',*,*,#9224,.T.);
#9239 = ORIENTED_EDGE('',*,*,#8436,.F.);
#9240 = ORIENTED_EDGE('',*,*,#8348,.F.);
#9241 = PLANE('',#9242);
#9242 = AXIS2_PLACEMENT_3D('',#9243,#9244,#9245);
#9243 = CARTESIAN_POINT('',(-2.299999999998,-0.6,-1.5));
#9244 = DIRECTION('',(0.,-0.991227900683,0.132163720091));
#9245 = DIRECTION('',(0.,0.132163720091,0.991227900683));
#9246 = ADVANCED_FACE('',(#9247),#9258,.T.);
#9247 = FACE_BOUND('',#9248,.T.);
#9248 = EDGE_LOOP('',(#9249,#9250,#9251,#9252));
#9249 = ORIENTED_EDGE('',*,*,#8311,.F.);
#9250 = ORIENTED_EDGE('',*,*,#9202,.T.);
#9251 = ORIENTED_EDGE('',*,*,#8421,.F.);
#9252 = ORIENTED_EDGE('',*,*,#9253,.F.);
#9253 = EDGE_CURVE('',#8304,#8414,#9254,.T.);
#9254 = LINE('',#9255,#9256);
#9255 = CARTESIAN_POINT('',(-2.299999999998,0.2,-2.8));
#9256 = VECTOR('',#9257,1.);
#9257 = DIRECTION('',(1.,0.,0.));
#9258 = PLANE('',#9259);
#9259 = AXIS2_PLACEMENT_3D('',#9260,#9261,#9262);
#9260 = CARTESIAN_POINT('',(-2.299999999998,0.6,-1.5));
#9261 = DIRECTION('',(0.,0.955779008722,-0.294085848838));
#9262 = DIRECTION('',(0.,-0.294085848838,-0.955779008722));
#9263 = ADVANCED_FACE('',(#9264),#9270,.T.);
#9264 = FACE_BOUND('',#9265,.T.);
#9265 = EDGE_LOOP('',(#9266,#9267,#9268,#9269));
#9266 = ORIENTED_EDGE('',*,*,#8413,.F.);
#9267 = ORIENTED_EDGE('',*,*,#9217,.F.);
#9268 = ORIENTED_EDGE('',*,*,#8303,.F.);
#9269 = ORIENTED_EDGE('',*,*,#9253,.T.);
#9270 = PLANE('',#9271);
#9271 = AXIS2_PLACEMENT_3D('',#9272,#9273,#9274);
#9272 = CARTESIAN_POINT('',(-1.899999999998,-1.349999999998,-2.8));
#9273 = DIRECTION('',(0.,0.,-1.));
#9274 = DIRECTION('',(0.,1.,0.));
#9275 = ADVANCED_FACE('',(#9276),#9282,.T.);
#9276 = FACE_BOUND('',#9277,.T.);
#9277 = EDGE_LOOP('',(#9278,#9279,#9280,#9281));
#9278 = ORIENTED_EDGE('',*,*,#8459,.T.);
#9279 = ORIENTED_EDGE('',*,*,#8487,.T.);
#9280 = ORIENTED_EDGE('',*,*,#8388,.F.);
#9281 = ORIENTED_EDGE('',*,*,#8365,.F.);
#9282 = PLANE('',#9283);
#9283 = AXIS2_PLACEMENT_3D('',#9284,#9285,#9286);
#9284 = CARTESIAN_POINT('',(-1.899999999998,-1.349999999998,0.));
#9285 = DIRECTION('',(-0.,-0.,-1.));
#9286 = DIRECTION('',(-1.,0.,0.));
#9287 = ADVANCED_FACE('',(#9288),#9299,.F.);
#9288 = FACE_BOUND('',#9289,.F.);
#9289 = EDGE_LOOP('',(#9290,#9291,#9297,#9298));
#9290 = ORIENTED_EDGE('',*,*,#8812,.T.);
#9291 = ORIENTED_EDGE('',*,*,#9292,.T.);
#9292 = EDGE_CURVE('',#8805,#8780,#9293,.T.);
#9293 = LINE('',#9294,#9295);
#9294 = CARTESIAN_POINT('',(4.499999999996,2.150000000002,0.7));
#9295 = VECTOR('',#9296,1.);
#9296 = DIRECTION('',(1.,0.,0.));
#9297 = ORIENTED_EDGE('',*,*,#8779,.F.);
#9298 = ORIENTED_EDGE('',*,*,#8538,.T.);
#9299 = PLANE('',#9300);
#9300 = AXIS2_PLACEMENT_3D('',#9301,#9302,#9303);
#9301 = CARTESIAN_POINT('',(4.499999999996,2.150000000002,1.3));
#9302 = DIRECTION('',(0.,-1.,0.));
#9303 = DIRECTION('',(1.,0.,0.));
#9304 = ADVANCED_FACE('',(#9305),#9316,.F.);
#9305 = FACE_BOUND('',#9306,.F.);
#9306 = EDGE_LOOP('',(#9307,#9308,#9314,#9315));
#9307 = ORIENTED_EDGE('',*,*,#8570,.T.);
#9308 = ORIENTED_EDGE('',*,*,#9309,.T.);
#9309 = EDGE_CURVE('',#8563,#8859,#9310,.T.);
#9310 = LINE('',#9311,#9312);
#9311 = CARTESIAN_POINT('',(-1.849999999996,2.150000000002,0.7));
#9312 = VECTOR('',#9313,1.);
#9313 = DIRECTION('',(1.,0.,0.));
#9314 = ORIENTED_EDGE('',*,*,#8858,.F.);
#9315 = ORIENTED_EDGE('',*,*,#8545,.T.);
#9316 = PLANE('',#9317);
#9317 = AXIS2_PLACEMENT_3D('',#9318,#9319,#9320);
#9318 = CARTESIAN_POINT('',(-1.849999999996,2.150000000002,1.3));
#9319 = DIRECTION('',(0.,-1.,0.));
#9320 = DIRECTION('',(1.,0.,0.));
#9321 = ADVANCED_FACE('',(#9322),#9356,.F.);
#9322 = FACE_BOUND('',#9323,.F.);
#9323 = EDGE_LOOP('',(#9324,#9332,#9333,#9341,#9349));
#9324 = ORIENTED_EDGE('',*,*,#9325,.F.);
#9325 = EDGE_CURVE('',#8563,#9326,#9328,.T.);
#9326 = VERTEX_POINT('',#9327);
#9327 = CARTESIAN_POINT('',(-1.849999999996,2.150000000002,0.66));
#9328 = LINE('',#9329,#9330);
#9329 = CARTESIAN_POINT('',(-1.849999999996,2.150000000002,0.7));
#9330 = VECTOR('',#9331,1.);
#9331 = DIRECTION('',(-0.,-0.,-1.));
#9332 = ORIENTED_EDGE('',*,*,#8562,.F.);
#9333 = ORIENTED_EDGE('',*,*,#9334,.T.);
#9334 = EDGE_CURVE('',#8119,#9335,#9337,.T.);
#9335 = VERTEX_POINT('',#9336);
#9336 = CARTESIAN_POINT('',(-1.849999999996,1.750000000002,0.3));
#9337 = LINE('',#9338,#9339);
#9338 = CARTESIAN_POINT('',(-1.849999999996,1.750000000002,0.7));
#9339 = VECTOR('',#9340,1.);
#9340 = DIRECTION('',(-0.,-0.,-1.));
#9341 = ORIENTED_EDGE('',*,*,#9342,.T.);
#9342 = EDGE_CURVE('',#9335,#9343,#9345,.T.);
#9343 = VERTEX_POINT('',#9344);
#9344 = CARTESIAN_POINT('',(-1.849999999996,1.790000000002,0.3));
#9345 = LINE('',#9346,#9347);
#9346 = CARTESIAN_POINT('',(-1.849999999996,1.750000000002,0.3));
#9347 = VECTOR('',#9348,1.);
#9348 = DIRECTION('',(0.,1.,0.));
#9349 = ORIENTED_EDGE('',*,*,#9350,.F.);
#9350 = EDGE_CURVE('',#9326,#9343,#9351,.T.);
#9351 = CIRCLE('',#9352,0.36);
#9352 = AXIS2_PLACEMENT_3D('',#9353,#9354,#9355);
#9353 = CARTESIAN_POINT('',(-1.849999999996,1.790000000002,0.66));
#9354 = DIRECTION('',(-1.,0.,0.));
#9355 = DIRECTION('',(0.,0.,1.));
#9356 = PLANE('',#9357);
#9357 = AXIS2_PLACEMENT_3D('',#9358,#9359,#9360);
#9358 = CARTESIAN_POINT('',(-1.849999999996,1.750000000002,0.7));
#9359 = DIRECTION('',(1.,0.,0.));
#9360 = DIRECTION('',(-0.,1.,0.));
#9361 = ADVANCED_FACE('',(#9362),#9373,.F.);
#9362 = FACE_BOUND('',#9363,.F.);
#9363 = EDGE_LOOP('',(#9364,#9365,#9371,#9372));
#9364 = ORIENTED_EDGE('',*,*,#8654,.T.);
#9365 = ORIENTED_EDGE('',*,*,#9366,.T.);
#9366 = EDGE_CURVE('',#8647,#8622,#9367,.T.);
#9367 = LINE('',#9368,#9369);
#9368 = CARTESIAN_POINT('',(-0.499999999996,-2.149999999998,0.7));
#9369 = VECTOR('',#9370,1.);
#9370 = DIRECTION('',(-1.,0.,0.));
#9371 = ORIENTED_EDGE('',*,*,#8621,.F.);
#9372 = ORIENTED_EDGE('',*,*,#8586,.T.);
#9373 = PLANE('',#9374);
#9374 = AXIS2_PLACEMENT_3D('',#9375,#9376,#9377);
#9375 = CARTESIAN_POINT('',(-0.499999999996,-2.149999999998,1.3));
#9376 = DIRECTION('',(0.,1.,0.));
#9377 = DIRECTION('',(-1.,0.,0.));
#9378 = ADVANCED_FACE('',(#9379),#9390,.F.);
#9379 = FACE_BOUND('',#9380,.F.);
#9380 = EDGE_LOOP('',(#9381,#9382,#9388,#9389));
#9381 = ORIENTED_EDGE('',*,*,#8709,.T.);
#9382 = ORIENTED_EDGE('',*,*,#9383,.T.);
#9383 = EDGE_CURVE('',#8702,#8725,#9384,.T.);
#9384 = LINE('',#9385,#9386);
#9385 = CARTESIAN_POINT('',(5.849999999996,-2.149999999998,0.7));
#9386 = VECTOR('',#9387,1.);
#9387 = DIRECTION('',(-1.,0.,0.));
#9388 = ORIENTED_EDGE('',*,*,#8724,.F.);
#9389 = ORIENTED_EDGE('',*,*,#8593,.T.);
#9390 = PLANE('',#9391);
#9391 = AXIS2_PLACEMENT_3D('',#9392,#9393,#9394);
#9392 = CARTESIAN_POINT('',(5.849999999996,-2.149999999998,1.3));
#9393 = DIRECTION('',(0.,1.,0.));
#9394 = DIRECTION('',(-1.,0.,0.));
#9395 = ADVANCED_FACE('',(#9396),#9430,.F.);
#9396 = FACE_BOUND('',#9397,.F.);
#9397 = EDGE_LOOP('',(#9398,#9406,#9415,#9423,#9429));
#9398 = ORIENTED_EDGE('',*,*,#9399,.T.);
#9399 = EDGE_CURVE('',#8622,#9400,#9402,.T.);
#9400 = VERTEX_POINT('',#9401);
#9401 = CARTESIAN_POINT('',(-1.849999999996,-2.149999999998,0.66));
#9402 = LINE('',#9403,#9404);
#9403 = CARTESIAN_POINT('',(-1.849999999996,-2.149999999998,0.7));
#9404 = VECTOR('',#9405,1.);
#9405 = DIRECTION('',(-0.,-0.,-1.));
#9406 = ORIENTED_EDGE('',*,*,#9407,.T.);
#9407 = EDGE_CURVE('',#9400,#9408,#9410,.T.);
#9408 = VERTEX_POINT('',#9409);
#9409 = CARTESIAN_POINT('',(-1.849999999996,-1.789999999998,0.3));
#9410 = CIRCLE('',#9411,0.36);
#9411 = AXIS2_PLACEMENT_3D('',#9412,#9413,#9414);
#9412 = CARTESIAN_POINT('',(-1.849999999996,-1.789999999998,0.66));
#9413 = DIRECTION('',(1.,-0.,0.));
#9414 = DIRECTION('',(0.,0.,-1.));
#9415 = ORIENTED_EDGE('',*,*,#9416,.T.);
#9416 = EDGE_CURVE('',#9408,#9417,#9419,.T.);
#9417 = VERTEX_POINT('',#9418);
#9418 = CARTESIAN_POINT('',(-1.849999999996,-1.749999999998,0.3));
#9419 = LINE('',#9420,#9421);
#9420 = CARTESIAN_POINT('',(-1.849999999996,-2.149999999998,0.3));
#9421 = VECTOR('',#9422,1.);
#9422 = DIRECTION('',(0.,1.,0.));
#9423 = ORIENTED_EDGE('',*,*,#9424,.F.);
#9424 = EDGE_CURVE('',#7716,#9417,#9425,.T.);
#9425 = LINE('',#9426,#9427);
#9426 = CARTESIAN_POINT('',(-1.849999999996,-1.749999999998,0.7));
#9427 = VECTOR('',#9428,1.);
#9428 = DIRECTION('',(-0.,-0.,-1.));
#9429 = ORIENTED_EDGE('',*,*,#8629,.F.);
#9430 = PLANE('',#9431);
#9431 = AXIS2_PLACEMENT_3D('',#9432,#9433,#9434);
#9432 = CARTESIAN_POINT('',(-1.849999999996,-2.149999999998,0.7));
#9433 = DIRECTION('',(1.,0.,0.));
#9434 = DIRECTION('',(-0.,1.,0.));
#9435 = ADVANCED_FACE('',(#9436),#9470,.F.);
#9436 = FACE_BOUND('',#9437,.F.);
#9437 = EDGE_LOOP('',(#9438,#9446,#9447,#9455,#9463));
#9438 = ORIENTED_EDGE('',*,*,#9439,.F.);
#9439 = EDGE_CURVE('',#8647,#9440,#9442,.T.);
#9440 = VERTEX_POINT('',#9441);
#9441 = CARTESIAN_POINT('',(-0.499999999996,-2.149999999998,0.66));
#9442 = LINE('',#9443,#9444);
#9443 = CARTESIAN_POINT('',(-0.499999999996,-2.149999999998,0.7));
#9444 = VECTOR('',#9445,1.);
#9445 = DIRECTION('',(-0.,-0.,-1.));
#9446 = ORIENTED_EDGE('',*,*,#8646,.F.);
#9447 = ORIENTED_EDGE('',*,*,#9448,.T.);
#9448 = EDGE_CURVE('',#7724,#9449,#9451,.T.);
#9449 = VERTEX_POINT('',#9450);
#9450 = CARTESIAN_POINT('',(-0.499999999996,-1.749999999998,0.3));
#9451 = LINE('',#9452,#9453);
#9452 = CARTESIAN_POINT('',(-0.499999999996,-1.749999999998,0.7));
#9453 = VECTOR('',#9454,1.);
#9454 = DIRECTION('',(-0.,-0.,-1.));
#9455 = ORIENTED_EDGE('',*,*,#9456,.T.);
#9456 = EDGE_CURVE('',#9449,#9457,#9459,.T.);
#9457 = VERTEX_POINT('',#9458);
#9458 = CARTESIAN_POINT('',(-0.499999999996,-1.789999999998,0.3));
#9459 = LINE('',#9460,#9461);
#9460 = CARTESIAN_POINT('',(-0.499999999996,-1.749999999998,0.3));
#9461 = VECTOR('',#9462,1.);
#9462 = DIRECTION('',(0.,-1.,0.));
#9463 = ORIENTED_EDGE('',*,*,#9464,.F.);
#9464 = EDGE_CURVE('',#9440,#9457,#9465,.T.);
#9465 = CIRCLE('',#9466,0.36);
#9466 = AXIS2_PLACEMENT_3D('',#9467,#9468,#9469);
#9467 = CARTESIAN_POINT('',(-0.499999999996,-1.789999999998,0.66));
#9468 = DIRECTION('',(1.,-0.,0.));
#9469 = DIRECTION('',(0.,0.,-1.));
#9470 = PLANE('',#9471);
#9471 = AXIS2_PLACEMENT_3D('',#9472,#9473,#9474);
#9472 = CARTESIAN_POINT('',(-0.499999999996,-1.749999999998,0.7));
#9473 = DIRECTION('',(-1.,0.,0.));
#9474 = DIRECTION('',(0.,-1.,0.));
#9475 = ADVANCED_FACE('',(#9476),#9494,.T.);
#9476 = FACE_BOUND('',#9477,.T.);
#9477 = EDGE_LOOP('',(#9478,#9479,#9487,#9493));
#9478 = ORIENTED_EDGE('',*,*,#8669,.T.);
#9479 = ORIENTED_EDGE('',*,*,#9480,.T.);
#9480 = EDGE_CURVE('',#8670,#9481,#9483,.T.);
#9481 = VERTEX_POINT('',#9482);
#9482 = CARTESIAN_POINT('',(-1.849999999996,-0.749999999998,0.3));
#9483 = LINE('',#9484,#9485);
#9484 = CARTESIAN_POINT('',(-1.849999999996,-0.749999999998,0.7));
#9485 = VECTOR('',#9486,1.);
#9486 = DIRECTION('',(-0.,-0.,-1.));
#9487 = ORIENTED_EDGE('',*,*,#9488,.F.);
#9488 = EDGE_CURVE('',#9417,#9481,#9489,.T.);
#9489 = LINE('',#9490,#9491);
#9490 = CARTESIAN_POINT('',(-1.849999999996,-1.749999999998,0.3));
#9491 = VECTOR('',#9492,1.);
#9492 = DIRECTION('',(0.,1.,0.));
#9493 = ORIENTED_EDGE('',*,*,#9424,.F.);
#9494 = PLANE('',#9495);
#9495 = AXIS2_PLACEMENT_3D('',#9496,#9497,#9498);
#9496 = CARTESIAN_POINT('',(-1.849999999996,-1.749999999998,0.7));
#9497 = DIRECTION('',(-1.,0.,0.));
#9498 = DIRECTION('',(0.,0.,-1.));
#9499 = ADVANCED_FACE('',(#9500),#9518,.F.);
#9500 = FACE_BOUND('',#9501,.F.);
#9501 = EDGE_LOOP('',(#9502,#9503,#9511,#9517));
#9502 = ORIENTED_EDGE('',*,*,#8685,.T.);
#9503 = ORIENTED_EDGE('',*,*,#9504,.T.);
#9504 = EDGE_CURVE('',#8678,#9505,#9507,.T.);
#9505 = VERTEX_POINT('',#9506);
#9506 = CARTESIAN_POINT('',(-0.499999999996,-0.749999999998,0.3));
#9507 = LINE('',#9508,#9509);
#9508 = CARTESIAN_POINT('',(-0.499999999996,-0.749999999998,0.7));
#9509 = VECTOR('',#9510,1.);
#9510 = DIRECTION('',(-0.,-0.,-1.));
#9511 = ORIENTED_EDGE('',*,*,#9512,.F.);
#9512 = EDGE_CURVE('',#9449,#9505,#9513,.T.);
#9513 = LINE('',#9514,#9515);
#9514 = CARTESIAN_POINT('',(-0.499999999996,-1.749999999998,0.3));
#9515 = VECTOR('',#9516,1.);
#9516 = DIRECTION('',(0.,1.,0.));
#9517 = ORIENTED_EDGE('',*,*,#9448,.F.);
#9518 = PLANE('',#9519);
#9519 = AXIS2_PLACEMENT_3D('',#9520,#9521,#9522);
#9520 = CARTESIAN_POINT('',(-0.499999999996,-1.749999999998,0.7));
#9521 = DIRECTION('',(-1.,0.,0.));
#9522 = DIRECTION('',(0.,0.,-1.));
#9523 = ADVANCED_FACE('',(#9524),#9535,.F.);
#9524 = FACE_BOUND('',#9525,.F.);
#9525 = EDGE_LOOP('',(#9526,#9527,#9533,#9534));
#9526 = ORIENTED_EDGE('',*,*,#9480,.T.);
#9527 = ORIENTED_EDGE('',*,*,#9528,.T.);
#9528 = EDGE_CURVE('',#9481,#9505,#9529,.T.);
#9529 = LINE('',#9530,#9531);
#9530 = CARTESIAN_POINT('',(-1.849999999996,-0.749999999998,0.3));
#9531 = VECTOR('',#9532,1.);
#9532 = DIRECTION('',(1.,0.,0.));
#9533 = ORIENTED_EDGE('',*,*,#9504,.F.);
#9534 = ORIENTED_EDGE('',*,*,#8677,.F.);
#9535 = PLANE('',#9536);
#9536 = AXIS2_PLACEMENT_3D('',#9537,#9538,#9539);
#9537 = CARTESIAN_POINT('',(-1.849999999996,-0.749999999998,0.7));
#9538 = DIRECTION('',(0.,-1.,0.));
#9539 = DIRECTION('',(1.,0.,0.));
#9540 = ADVANCED_FACE('',(#9541),#9575,.F.);
#9541 = FACE_BOUND('',#9542,.F.);
#9542 = EDGE_LOOP('',(#9543,#9551,#9552,#9560,#9568));
#9543 = ORIENTED_EDGE('',*,*,#9544,.F.);
#9544 = EDGE_CURVE('',#8702,#9545,#9547,.T.);
#9545 = VERTEX_POINT('',#9546);
#9546 = CARTESIAN_POINT('',(5.849999999996,-2.149999999998,0.66));
#9547 = LINE('',#9548,#9549);
#9548 = CARTESIAN_POINT('',(5.849999999996,-2.149999999998,0.7));
#9549 = VECTOR('',#9550,1.);
#9550 = DIRECTION('',(-0.,-0.,-1.));
#9551 = ORIENTED_EDGE('',*,*,#8701,.F.);
#9552 = ORIENTED_EDGE('',*,*,#9553,.T.);
#9553 = EDGE_CURVE('',#7810,#9554,#9556,.T.);
#9554 = VERTEX_POINT('',#9555);
#9555 = CARTESIAN_POINT('',(5.849999999996,-1.749999999998,0.3));
#9556 = LINE('',#9557,#9558);
#9557 = CARTESIAN_POINT('',(5.849999999996,-1.749999999998,0.7));
#9558 = VECTOR('',#9559,1.);
#9559 = DIRECTION('',(-0.,-0.,-1.));
#9560 = ORIENTED_EDGE('',*,*,#9561,.T.);
#9561 = EDGE_CURVE('',#9554,#9562,#9564,.T.);
#9562 = VERTEX_POINT('',#9563);
#9563 = CARTESIAN_POINT('',(5.849999999996,-1.789999999998,0.3));
#9564 = LINE('',#9565,#9566);
#9565 = CARTESIAN_POINT('',(5.849999999996,-1.749999999998,0.3));
#9566 = VECTOR('',#9567,1.);
#9567 = DIRECTION('',(0.,-1.,0.));
#9568 = ORIENTED_EDGE('',*,*,#9569,.F.);
#9569 = EDGE_CURVE('',#9545,#9562,#9570,.T.);
#9570 = CIRCLE('',#9571,0.36);
#9571 = AXIS2_PLACEMENT_3D('',#9572,#9573,#9574);
#9572 = CARTESIAN_POINT('',(5.849999999996,-1.789999999998,0.66));
#9573 = DIRECTION('',(1.,-0.,0.));
#9574 = DIRECTION('',(0.,0.,-1.));
#9575 = PLANE('',#9576);
#9576 = AXIS2_PLACEMENT_3D('',#9577,#9578,#9579);
#9577 = CARTESIAN_POINT('',(5.849999999996,-1.749999999998,0.7));
#9578 = DIRECTION('',(-1.,0.,0.));
#9579 = DIRECTION('',(0.,-1.,0.));
#9580 = ADVANCED_FACE('',(#9581),#9615,.F.);
#9581 = FACE_BOUND('',#9582,.F.);
#9582 = EDGE_LOOP('',(#9583,#9591,#9600,#9608,#9614));
#9583 = ORIENTED_EDGE('',*,*,#9584,.T.);
#9584 = EDGE_CURVE('',#8725,#9585,#9587,.T.);
#9585 = VERTEX_POINT('',#9586);
#9586 = CARTESIAN_POINT('',(4.499999999996,-2.149999999998,0.66));
#9587 = LINE('',#9588,#9589);
#9588 = CARTESIAN_POINT('',(4.499999999996,-2.149999999998,0.7));
#9589 = VECTOR('',#9590,1.);
#9590 = DIRECTION('',(-0.,-0.,-1.));
#9591 = ORIENTED_EDGE('',*,*,#9592,.T.);
#9592 = EDGE_CURVE('',#9585,#9593,#9595,.T.);
#9593 = VERTEX_POINT('',#9594);
#9594 = CARTESIAN_POINT('',(4.499999999996,-1.789999999998,0.3));
#9595 = CIRCLE('',#9596,0.36);
#9596 = AXIS2_PLACEMENT_3D('',#9597,#9598,#9599);
#9597 = CARTESIAN_POINT('',(4.499999999996,-1.789999999998,0.66));
#9598 = DIRECTION('',(1.,-0.,0.));
#9599 = DIRECTION('',(0.,0.,-1.));
#9600 = ORIENTED_EDGE('',*,*,#9601,.T.);
#9601 = EDGE_CURVE('',#9593,#9602,#9604,.T.);
#9602 = VERTEX_POINT('',#9603);
#9603 = CARTESIAN_POINT('',(4.499999999996,-1.749999999998,0.3));
#9604 = LINE('',#9605,#9606);
#9605 = CARTESIAN_POINT('',(4.499999999996,-2.149999999998,0.3));
#9606 = VECTOR('',#9607,1.);
#9607 = DIRECTION('',(0.,1.,0.));
#9608 = ORIENTED_EDGE('',*,*,#9609,.F.);
#9609 = EDGE_CURVE('',#7802,#9602,#9610,.T.);
#9610 = LINE('',#9611,#9612);
#9611 = CARTESIAN_POINT('',(4.499999999996,-1.749999999998,0.7));
#9612 = VECTOR('',#9613,1.);
#9613 = DIRECTION('',(-0.,-0.,-1.));
#9614 = ORIENTED_EDGE('',*,*,#8732,.F.);
#9615 = PLANE('',#9616);
#9616 = AXIS2_PLACEMENT_3D('',#9617,#9618,#9619);
#9617 = CARTESIAN_POINT('',(4.499999999996,-2.149999999998,0.7));
#9618 = DIRECTION('',(1.,0.,0.));
#9619 = DIRECTION('',(-0.,1.,0.));
#9620 = ADVANCED_FACE('',(#9621),#9639,.T.);
#9621 = FACE_BOUND('',#9622,.T.);
#9622 = EDGE_LOOP('',(#9623,#9624,#9632,#9638));
#9623 = ORIENTED_EDGE('',*,*,#8748,.T.);
#9624 = ORIENTED_EDGE('',*,*,#9625,.T.);
#9625 = EDGE_CURVE('',#8749,#9626,#9628,.T.);
#9626 = VERTEX_POINT('',#9627);
#9627 = CARTESIAN_POINT('',(4.499999999996,-0.749999999998,0.3));
#9628 = LINE('',#9629,#9630);
#9629 = CARTESIAN_POINT('',(4.499999999996,-0.749999999998,0.7));
#9630 = VECTOR('',#9631,1.);
#9631 = DIRECTION('',(-0.,-0.,-1.));
#9632 = ORIENTED_EDGE('',*,*,#9633,.F.);
#9633 = EDGE_CURVE('',#9602,#9626,#9634,.T.);
#9634 = LINE('',#9635,#9636);
#9635 = CARTESIAN_POINT('',(4.499999999996,-1.749999999998,0.3));
#9636 = VECTOR('',#9637,1.);
#9637 = DIRECTION('',(0.,1.,0.));
#9638 = ORIENTED_EDGE('',*,*,#9609,.F.);
#9639 = PLANE('',#9640);
#9640 = AXIS2_PLACEMENT_3D('',#9641,#9642,#9643);
#9641 = CARTESIAN_POINT('',(4.499999999996,-1.749999999998,0.7));
#9642 = DIRECTION('',(-1.,0.,0.));
#9643 = DIRECTION('',(0.,0.,-1.));
#9644 = ADVANCED_FACE('',(#9645),#9663,.F.);
#9645 = FACE_BOUND('',#9646,.F.);
#9646 = EDGE_LOOP('',(#9647,#9648,#9656,#9662));
#9647 = ORIENTED_EDGE('',*,*,#8764,.T.);
#9648 = ORIENTED_EDGE('',*,*,#9649,.T.);
#9649 = EDGE_CURVE('',#8757,#9650,#9652,.T.);
#9650 = VERTEX_POINT('',#9651);
#9651 = CARTESIAN_POINT('',(5.849999999996,-0.749999999998,0.3));
#9652 = LINE('',#9653,#9654);
#9653 = CARTESIAN_POINT('',(5.849999999996,-0.749999999998,0.7));
#9654 = VECTOR('',#9655,1.);
#9655 = DIRECTION('',(-0.,-0.,-1.));
#9656 = ORIENTED_EDGE('',*,*,#9657,.F.);
#9657 = EDGE_CURVE('',#9554,#9650,#9658,.T.);
#9658 = LINE('',#9659,#9660);
#9659 = CARTESIAN_POINT('',(5.849999999996,-1.749999999998,0.3));
#9660 = VECTOR('',#9661,1.);
#9661 = DIRECTION('',(0.,1.,0.));
#9662 = ORIENTED_EDGE('',*,*,#9553,.F.);
#9663 = PLANE('',#9664);
#9664 = AXIS2_PLACEMENT_3D('',#9665,#9666,#9667);
#9665 = CARTESIAN_POINT('',(5.849999999996,-1.749999999998,0.7));
#9666 = DIRECTION('',(-1.,0.,0.));
#9667 = DIRECTION('',(0.,0.,-1.));
#9668 = ADVANCED_FACE('',(#9669),#9680,.F.);
#9669 = FACE_BOUND('',#9670,.F.);
#9670 = EDGE_LOOP('',(#9671,#9672,#9678,#9679));
#9671 = ORIENTED_EDGE('',*,*,#9625,.T.);
#9672 = ORIENTED_EDGE('',*,*,#9673,.T.);
#9673 = EDGE_CURVE('',#9626,#9650,#9674,.T.);
#9674 = LINE('',#9675,#9676);
#9675 = CARTESIAN_POINT('',(4.499999999996,-0.749999999998,0.3));
#9676 = VECTOR('',#9677,1.);
#9677 = DIRECTION('',(1.,0.,0.));
#9678 = ORIENTED_EDGE('',*,*,#9649,.F.);
#9679 = ORIENTED_EDGE('',*,*,#8756,.F.);
#9680 = PLANE('',#9681);
#9681 = AXIS2_PLACEMENT_3D('',#9682,#9683,#9684);
#9682 = CARTESIAN_POINT('',(4.499999999996,-0.749999999998,0.7));
#9683 = DIRECTION('',(0.,-1.,0.));
#9684 = DIRECTION('',(1.,0.,0.));
#9685 = ADVANCED_FACE('',(#9686),#9720,.F.);
#9686 = FACE_BOUND('',#9687,.F.);
#9687 = EDGE_LOOP('',(#9688,#9696,#9705,#9713,#9719));
#9688 = ORIENTED_EDGE('',*,*,#9689,.T.);
#9689 = EDGE_CURVE('',#8780,#9690,#9692,.T.);
#9690 = VERTEX_POINT('',#9691);
#9691 = CARTESIAN_POINT('',(5.850000000047,2.150000000002,0.66));
#9692 = LINE('',#9693,#9694);
#9693 = CARTESIAN_POINT('',(5.850000000047,2.150000000002,0.7));
#9694 = VECTOR('',#9695,1.);
#9695 = DIRECTION('',(-0.,-0.,-1.));
#9696 = ORIENTED_EDGE('',*,*,#9697,.T.);
#9697 = EDGE_CURVE('',#9690,#9698,#9700,.T.);
#9698 = VERTEX_POINT('',#9699);
#9699 = CARTESIAN_POINT('',(5.850000000047,1.790000000002,0.3));
#9700 = CIRCLE('',#9701,0.36);
#9701 = AXIS2_PLACEMENT_3D('',#9702,#9703,#9704);
#9702 = CARTESIAN_POINT('',(5.850000000047,1.790000000002,0.66));
#9703 = DIRECTION('',(-1.,0.,0.));
#9704 = DIRECTION('',(0.,0.,1.));
#9705 = ORIENTED_EDGE('',*,*,#9706,.T.);
#9706 = EDGE_CURVE('',#9698,#9707,#9709,.T.);
#9707 = VERTEX_POINT('',#9708);
#9708 = CARTESIAN_POINT('',(5.850000000047,1.750000000002,0.3));
#9709 = LINE('',#9710,#9711);
#9710 = CARTESIAN_POINT('',(5.850000000047,2.150000000002,0.3));
#9711 = VECTOR('',#9712,1.);
#9712 = DIRECTION('',(0.,-1.,0.));
#9713 = ORIENTED_EDGE('',*,*,#9714,.F.);
#9714 = EDGE_CURVE('',#8049,#9707,#9715,.T.);
#9715 = LINE('',#9716,#9717);
#9716 = CARTESIAN_POINT('',(5.850000000047,1.750000000002,0.7));
#9717 = VECTOR('',#9718,1.);
#9718 = DIRECTION('',(-0.,-0.,-1.));
#9719 = ORIENTED_EDGE('',*,*,#8787,.F.);
#9720 = PLANE('',#9721);
#9721 = AXIS2_PLACEMENT_3D('',#9722,#9723,#9724);
#9722 = CARTESIAN_POINT('',(5.850000000047,2.150000000002,0.7));
#9723 = DIRECTION('',(-1.,0.,0.));
#9724 = DIRECTION('',(0.,-1.,0.));
#9725 = ADVANCED_FACE('',(#9726),#9760,.F.);
#9726 = FACE_BOUND('',#9727,.F.);
#9727 = EDGE_LOOP('',(#9728,#9736,#9737,#9745,#9753));
#9728 = ORIENTED_EDGE('',*,*,#9729,.F.);
#9729 = EDGE_CURVE('',#8805,#9730,#9732,.T.);
#9730 = VERTEX_POINT('',#9731);
#9731 = CARTESIAN_POINT('',(4.499999999996,2.150000000002,0.66));
#9732 = LINE('',#9733,#9734);
#9733 = CARTESIAN_POINT('',(4.499999999996,2.150000000002,0.7));
#9734 = VECTOR('',#9735,1.);
#9735 = DIRECTION('',(-0.,-0.,-1.));
#9736 = ORIENTED_EDGE('',*,*,#8804,.F.);
#9737 = ORIENTED_EDGE('',*,*,#9738,.T.);
#9738 = EDGE_CURVE('',#8057,#9739,#9741,.T.);
#9739 = VERTEX_POINT('',#9740);
#9740 = CARTESIAN_POINT('',(4.499999999996,1.750000000002,0.3));
#9741 = LINE('',#9742,#9743);
#9742 = CARTESIAN_POINT('',(4.499999999996,1.750000000002,0.7));
#9743 = VECTOR('',#9744,1.);
#9744 = DIRECTION('',(-0.,-0.,-1.));
#9745 = ORIENTED_EDGE('',*,*,#9746,.T.);
#9746 = EDGE_CURVE('',#9739,#9747,#9749,.T.);
#9747 = VERTEX_POINT('',#9748);
#9748 = CARTESIAN_POINT('',(4.499999999996,1.790000000002,0.3));
#9749 = LINE('',#9750,#9751);
#9750 = CARTESIAN_POINT('',(4.499999999996,1.750000000002,0.3));
#9751 = VECTOR('',#9752,1.);
#9752 = DIRECTION('',(0.,1.,0.));
#9753 = ORIENTED_EDGE('',*,*,#9754,.F.);
#9754 = EDGE_CURVE('',#9730,#9747,#9755,.T.);
#9755 = CIRCLE('',#9756,0.36);
#9756 = AXIS2_PLACEMENT_3D('',#9757,#9758,#9759);
#9757 = CARTESIAN_POINT('',(4.499999999996,1.790000000002,0.66));
#9758 = DIRECTION('',(-1.,0.,0.));
#9759 = DIRECTION('',(0.,0.,1.));
#9760 = PLANE('',#9761);
#9761 = AXIS2_PLACEMENT_3D('',#9762,#9763,#9764);
#9762 = CARTESIAN_POINT('',(4.499999999996,1.750000000002,0.7));
#9763 = DIRECTION('',(1.,0.,0.));
#9764 = DIRECTION('',(-0.,1.,0.));
#9765 = ADVANCED_FACE('',(#9766),#9784,.T.);
#9766 = FACE_BOUND('',#9767,.T.);
#9767 = EDGE_LOOP('',(#9768,#9769,#9777,#9783));
#9768 = ORIENTED_EDGE('',*,*,#8827,.T.);
#9769 = ORIENTED_EDGE('',*,*,#9770,.T.);
#9770 = EDGE_CURVE('',#8828,#9771,#9773,.T.);
#9771 = VERTEX_POINT('',#9772);
#9772 = CARTESIAN_POINT('',(5.850000000047,0.750000000002,0.3));
#9773 = LINE('',#9774,#9775);
#9774 = CARTESIAN_POINT('',(5.850000000047,0.750000000002,0.7));
#9775 = VECTOR('',#9776,1.);
#9776 = DIRECTION('',(-0.,-0.,-1.));
#9777 = ORIENTED_EDGE('',*,*,#9778,.F.);
#9778 = EDGE_CURVE('',#9707,#9771,#9779,.T.);
#9779 = LINE('',#9780,#9781);
#9780 = CARTESIAN_POINT('',(5.850000000047,1.750000000002,0.3));
#9781 = VECTOR('',#9782,1.);
#9782 = DIRECTION('',(0.,-1.,0.));
#9783 = ORIENTED_EDGE('',*,*,#9714,.F.);
#9784 = PLANE('',#9785);
#9785 = AXIS2_PLACEMENT_3D('',#9786,#9787,#9788);
#9786 = CARTESIAN_POINT('',(5.850000000047,1.750000000002,0.7));
#9787 = DIRECTION('',(1.,0.,0.));
#9788 = DIRECTION('',(0.,0.,-1.));
#9789 = ADVANCED_FACE('',(#9790),#9808,.F.);
#9790 = FACE_BOUND('',#9791,.F.);
#9791 = EDGE_LOOP('',(#9792,#9793,#9801,#9807));
#9792 = ORIENTED_EDGE('',*,*,#8843,.T.);
#9793 = ORIENTED_EDGE('',*,*,#9794,.T.);
#9794 = EDGE_CURVE('',#8836,#9795,#9797,.T.);
#9795 = VERTEX_POINT('',#9796);
#9796 = CARTESIAN_POINT('',(4.499999999996,0.750000000002,0.3));
#9797 = LINE('',#9798,#9799);
#9798 = CARTESIAN_POINT('',(4.499999999996,0.750000000002,0.7));
#9799 = VECTOR('',#9800,1.);
#9800 = DIRECTION('',(-0.,-0.,-1.));
#9801 = ORIENTED_EDGE('',*,*,#9802,.F.);
#9802 = EDGE_CURVE('',#9739,#9795,#9803,.T.);
#9803 = LINE('',#9804,#9805);
#9804 = CARTESIAN_POINT('',(4.499999999996,1.750000000002,0.3));
#9805 = VECTOR('',#9806,1.);
#9806 = DIRECTION('',(0.,-1.,0.));
#9807 = ORIENTED_EDGE('',*,*,#9738,.F.);
#9808 = PLANE('',#9809);
#9809 = AXIS2_PLACEMENT_3D('',#9810,#9811,#9812);
#9810 = CARTESIAN_POINT('',(4.499999999996,1.750000000002,0.7));
#9811 = DIRECTION('',(1.,0.,0.));
#9812 = DIRECTION('',(0.,0.,-1.));
#9813 = ADVANCED_FACE('',(#9814),#9825,.F.);
#9814 = FACE_BOUND('',#9815,.F.);
#9815 = EDGE_LOOP('',(#9816,#9817,#9823,#9824));
#9816 = ORIENTED_EDGE('',*,*,#9770,.T.);
#9817 = ORIENTED_EDGE('',*,*,#9818,.T.);
#9818 = EDGE_CURVE('',#9771,#9795,#9819,.T.);
#9819 = LINE('',#9820,#9821);
#9820 = CARTESIAN_POINT('',(5.850000000047,0.750000000002,0.3));
#9821 = VECTOR('',#9822,1.);
#9822 = DIRECTION('',(-1.,0.,0.));
#9823 = ORIENTED_EDGE('',*,*,#9794,.F.);
#9824 = ORIENTED_EDGE('',*,*,#8835,.F.);
#9825 = PLANE('',#9826);
#9826 = AXIS2_PLACEMENT_3D('',#9827,#9828,#9829);
#9827 = CARTESIAN_POINT('',(5.850000000047,0.750000000002,0.7));
#9828 = DIRECTION('',(0.,1.,0.));
#9829 = DIRECTION('',(-1.,0.,0.));
#9830 = ADVANCED_FACE('',(#9831),#9865,.F.);
#9831 = FACE_BOUND('',#9832,.F.);
#9832 = EDGE_LOOP('',(#9833,#9841,#9850,#9858,#9864));
#9833 = ORIENTED_EDGE('',*,*,#9834,.T.);
#9834 = EDGE_CURVE('',#8859,#9835,#9837,.T.);
#9835 = VERTEX_POINT('',#9836);
#9836 = CARTESIAN_POINT('',(-0.499999999996,2.150000000002,0.66));
#9837 = LINE('',#9838,#9839);
#9838 = CARTESIAN_POINT('',(-0.499999999996,2.150000000002,0.7));
#9839 = VECTOR('',#9840,1.);
#9840 = DIRECTION('',(-0.,-0.,-1.));
#9841 = ORIENTED_EDGE('',*,*,#9842,.T.);
#9842 = EDGE_CURVE('',#9835,#9843,#9845,.T.);
#9843 = VERTEX_POINT('',#9844);
#9844 = CARTESIAN_POINT('',(-0.499999999996,1.790000000002,0.3));
#9845 = CIRCLE('',#9846,0.36);
#9846 = AXIS2_PLACEMENT_3D('',#9847,#9848,#9849);
#9847 = CARTESIAN_POINT('',(-0.499999999996,1.790000000002,0.66));
#9848 = DIRECTION('',(-1.,0.,0.));
#9849 = DIRECTION('',(0.,0.,1.));
#9850 = ORIENTED_EDGE('',*,*,#9851,.T.);
#9851 = EDGE_CURVE('',#9843,#9852,#9854,.T.);
#9852 = VERTEX_POINT('',#9853);
#9853 = CARTESIAN_POINT('',(-0.499999999996,1.750000000002,0.3));
#9854 = LINE('',#9855,#9856);
#9855 = CARTESIAN_POINT('',(-0.499999999996,2.150000000002,0.3));
#9856 = VECTOR('',#9857,1.);
#9857 = DIRECTION('',(0.,-1.,0.));
#9858 = ORIENTED_EDGE('',*,*,#9859,.F.);
#9859 = EDGE_CURVE('',#8111,#9852,#9860,.T.);
#9860 = LINE('',#9861,#9862);
#9861 = CARTESIAN_POINT('',(-0.499999999996,1.750000000002,0.7));
#9862 = VECTOR('',#9863,1.);
#9863 = DIRECTION('',(-0.,-0.,-1.));
#9864 = ORIENTED_EDGE('',*,*,#8866,.F.);
#9865 = PLANE('',#9866);
#9866 = AXIS2_PLACEMENT_3D('',#9867,#9868,#9869);
#9867 = CARTESIAN_POINT('',(-0.499999999996,2.150000000002,0.7));
#9868 = DIRECTION('',(-1.,0.,0.));
#9869 = DIRECTION('',(0.,-1.,0.));
#9870 = ADVANCED_FACE('',(#9871),#9889,.T.);
#9871 = FACE_BOUND('',#9872,.T.);
#9872 = EDGE_LOOP('',(#9873,#9874,#9882,#9888));
#9873 = ORIENTED_EDGE('',*,*,#8882,.T.);
#9874 = ORIENTED_EDGE('',*,*,#9875,.T.);
#9875 = EDGE_CURVE('',#8883,#9876,#9878,.T.);
#9876 = VERTEX_POINT('',#9877);
#9877 = CARTESIAN_POINT('',(-0.499999999996,0.750000000002,0.3));
#9878 = LINE('',#9879,#9880);
#9879 = CARTESIAN_POINT('',(-0.499999999996,0.750000000002,0.7));
#9880 = VECTOR('',#9881,1.);
#9881 = DIRECTION('',(-0.,-0.,-1.));
#9882 = ORIENTED_EDGE('',*,*,#9883,.F.);
#9883 = EDGE_CURVE('',#9852,#9876,#9884,.T.);
#9884 = LINE('',#9885,#9886);
#9885 = CARTESIAN_POINT('',(-0.499999999996,1.750000000002,0.3));
#9886 = VECTOR('',#9887,1.);
#9887 = DIRECTION('',(0.,-1.,0.));
#9888 = ORIENTED_EDGE('',*,*,#9859,.F.);
#9889 = PLANE('',#9890);
#9890 = AXIS2_PLACEMENT_3D('',#9891,#9892,#9893);
#9891 = CARTESIAN_POINT('',(-0.499999999996,1.750000000002,0.7));
#9892 = DIRECTION('',(1.,0.,0.));
#9893 = DIRECTION('',(0.,0.,-1.));
#9894 = ADVANCED_FACE('',(#9895),#9913,.F.);
#9895 = FACE_BOUND('',#9896,.F.);
#9896 = EDGE_LOOP('',(#9897,#9898,#9906,#9912));
#9897 = ORIENTED_EDGE('',*,*,#8898,.T.);
#9898 = ORIENTED_EDGE('',*,*,#9899,.T.);
#9899 = EDGE_CURVE('',#8891,#9900,#9902,.T.);
#9900 = VERTEX_POINT('',#9901);
#9901 = CARTESIAN_POINT('',(-1.849999999996,0.750000000002,0.3));
#9902 = LINE('',#9903,#9904);
#9903 = CARTESIAN_POINT('',(-1.849999999996,0.750000000002,0.7));
#9904 = VECTOR('',#9905,1.);
#9905 = DIRECTION('',(-0.,-0.,-1.));
#9906 = ORIENTED_EDGE('',*,*,#9907,.F.);
#9907 = EDGE_CURVE('',#9335,#9900,#9908,.T.);
#9908 = LINE('',#9909,#9910);
#9909 = CARTESIAN_POINT('',(-1.849999999996,1.750000000002,0.3));
#9910 = VECTOR('',#9911,1.);
#9911 = DIRECTION('',(0.,-1.,0.));
#9912 = ORIENTED_EDGE('',*,*,#9334,.F.);
#9913 = PLANE('',#9914);
#9914 = AXIS2_PLACEMENT_3D('',#9915,#9916,#9917);
#9915 = CARTESIAN_POINT('',(-1.849999999996,1.750000000002,0.7));
#9916 = DIRECTION('',(1.,0.,0.));
#9917 = DIRECTION('',(0.,0.,-1.));
#9918 = ADVANCED_FACE('',(#9919),#9930,.F.);
#9919 = FACE_BOUND('',#9920,.F.);
#9920 = EDGE_LOOP('',(#9921,#9922,#9928,#9929));
#9921 = ORIENTED_EDGE('',*,*,#9875,.T.);
#9922 = ORIENTED_EDGE('',*,*,#9923,.T.);
#9923 = EDGE_CURVE('',#9876,#9900,#9924,.T.);
#9924 = LINE('',#9925,#9926);
#9925 = CARTESIAN_POINT('',(-0.499999999996,0.750000000002,0.3));
#9926 = VECTOR('',#9927,1.);
#9927 = DIRECTION('',(-1.,0.,0.));
#9928 = ORIENTED_EDGE('',*,*,#9899,.F.);
#9929 = ORIENTED_EDGE('',*,*,#8890,.F.);
#9930 = PLANE('',#9931);
#9931 = AXIS2_PLACEMENT_3D('',#9932,#9933,#9934);
#9932 = CARTESIAN_POINT('',(-0.499999999996,0.750000000002,0.7));
#9933 = DIRECTION('',(0.,1.,0.));
#9934 = DIRECTION('',(-1.,0.,0.));
#9935 = ADVANCED_FACE('',(#9936),#9961,.T.);
#9936 = FACE_BOUND('',#9937,.T.);
#9937 = EDGE_LOOP('',(#9938,#9939,#9945,#9946,#9947,#9953,#9954,#9955));
#9938 = ORIENTED_EDGE('',*,*,#8914,.F.);
#9939 = ORIENTED_EDGE('',*,*,#9940,.T.);
#9940 = EDGE_CURVE('',#8143,#9154,#9941,.T.);
#9941 = LINE('',#9942,#9943);
#9942 = CARTESIAN_POINT('',(6.300000000002,-1.349999999996,3.9));
#9943 = VECTOR('',#9944,1.);
#9944 = DIRECTION('',(0.,0.,-1.));
#9945 = ORIENTED_EDGE('',*,*,#9153,.T.);
#9946 = ORIENTED_EDGE('',*,*,#9128,.T.);
#9947 = ORIENTED_EDGE('',*,*,#9948,.T.);
#9948 = EDGE_CURVE('',#9129,#9049,#9949,.T.);
#9949 = LINE('',#9950,#9951);
#9950 = CARTESIAN_POINT('',(6.300000000002,-1.349999999996,
    -1.110223024625E-16));
#9951 = VECTOR('',#9952,1.);
#9952 = DIRECTION('',(0.,1.,0.));
#9953 = ORIENTED_EDGE('',*,*,#9056,.T.);
#9954 = ORIENTED_EDGE('',*,*,#9025,.T.);
#9955 = ORIENTED_EDGE('',*,*,#9956,.F.);
#9956 = EDGE_CURVE('',#8167,#9018,#9957,.T.);
#9957 = LINE('',#9958,#9959);
#9958 = CARTESIAN_POINT('',(6.300000000002,1.349999999996,3.9));
#9959 = VECTOR('',#9960,1.);
#9960 = DIRECTION('',(0.,0.,-1.));
#9961 = PLANE('',#9962);
#9962 = AXIS2_PLACEMENT_3D('',#9963,#9964,#9965);
#9963 = CARTESIAN_POINT('',(6.300000000002,-1.349999999996,3.9));
#9964 = DIRECTION('',(1.,0.,0.));
#9965 = DIRECTION('',(-0.,1.,0.));
#9966 = ADVANCED_FACE('',(#9967),#9985,.T.);
#9967 = FACE_BOUND('',#9968,.T.);
#9968 = EDGE_LOOP('',(#9969,#9970,#9978,#9984));
#9969 = ORIENTED_EDGE('',*,*,#8946,.T.);
#9970 = ORIENTED_EDGE('',*,*,#9971,.T.);
#9971 = EDGE_CURVE('',#8939,#9972,#9974,.T.);
#9972 = VERTEX_POINT('',#9973);
#9973 = CARTESIAN_POINT('',(6.300000000002,-2.149999999996,0.));
#9974 = LINE('',#9975,#9976);
#9975 = CARTESIAN_POINT('',(6.300000000002,-2.149999999996,3.9));
#9976 = VECTOR('',#9977,1.);
#9977 = DIRECTION('',(0.,0.,-1.));
#9978 = ORIENTED_EDGE('',*,*,#9979,.F.);
#9979 = EDGE_CURVE('',#9154,#9972,#9980,.T.);
#9980 = LINE('',#9981,#9982);
#9981 = CARTESIAN_POINT('',(6.300000000002,-1.349999999996,0.));
#9982 = VECTOR('',#9983,1.);
#9983 = DIRECTION('',(0.,-1.,0.));
#9984 = ORIENTED_EDGE('',*,*,#9940,.F.);
#9985 = PLANE('',#9986);
#9986 = AXIS2_PLACEMENT_3D('',#9987,#9988,#9989);
#9987 = CARTESIAN_POINT('',(6.300000000002,-1.349999999996,3.9));
#9988 = DIRECTION('',(1.,0.,0.));
#9989 = DIRECTION('',(0.,0.,-1.));
#9990 = ADVANCED_FACE('',(#9991),#10002,.T.);
#9991 = FACE_BOUND('',#9992,.T.);
#9992 = EDGE_LOOP('',(#9993,#9994,#10000,#10001));
#9993 = ORIENTED_EDGE('',*,*,#9176,.T.);
#9994 = ORIENTED_EDGE('',*,*,#9995,.T.);
#9995 = EDGE_CURVE('',#9177,#9972,#9996,.T.);
#9996 = LINE('',#9997,#9998);
#9997 = CARTESIAN_POINT('',(5.900000000002,-2.149999999996,
    -1.110223024625E-16));
#9998 = VECTOR('',#9999,1.);
#9999 = DIRECTION('',(1.,0.,0.));
#10000 = ORIENTED_EDGE('',*,*,#9971,.F.);
#10001 = ORIENTED_EDGE('',*,*,#8938,.F.);
#10002 = PLANE('',#10003);
#10003 = AXIS2_PLACEMENT_3D('',#10004,#10005,#10006);
#10004 = CARTESIAN_POINT('',(5.900000000002,-2.149999999996,3.9));
#10005 = DIRECTION('',(0.,-1.,0.));
#10006 = DIRECTION('',(1.,0.,0.));
#10007 = ADVANCED_FACE('',(#10008),#10026,.F.);
#10008 = FACE_BOUND('',#10009,.F.);
#10009 = EDGE_LOOP('',(#10010,#10011,#10019,#10025));
#10010 = ORIENTED_EDGE('',*,*,#8977,.T.);
#10011 = ORIENTED_EDGE('',*,*,#10012,.T.);
#10012 = EDGE_CURVE('',#8970,#10013,#10015,.T.);
#10013 = VERTEX_POINT('',#10014);
#10014 = CARTESIAN_POINT('',(6.300000000002,2.149999999996,0.));
#10015 = LINE('',#10016,#10017);
#10016 = CARTESIAN_POINT('',(6.300000000002,2.149999999996,3.9));
#10017 = VECTOR('',#10018,1.);
#10018 = DIRECTION('',(0.,0.,-1.));
#10019 = ORIENTED_EDGE('',*,*,#10020,.F.);
#10020 = EDGE_CURVE('',#9018,#10013,#10021,.T.);
#10021 = LINE('',#10022,#10023);
#10022 = CARTESIAN_POINT('',(6.300000000002,1.349999999996,0.));
#10023 = VECTOR('',#10024,1.);
#10024 = DIRECTION('',(0.,1.,0.));
#10025 = ORIENTED_EDGE('',*,*,#9956,.F.);
#10026 = PLANE('',#10027);
#10027 = AXIS2_PLACEMENT_3D('',#10028,#10029,#10030);
#10028 = CARTESIAN_POINT('',(6.300000000002,1.349999999996,3.9));
#10029 = DIRECTION('',(-1.,0.,0.));
#10030 = DIRECTION('',(0.,0.,-1.));
#10031 = ADVANCED_FACE('',(#10032),#10043,.F.);
#10032 = FACE_BOUND('',#10033,.F.);
#10033 = EDGE_LOOP('',(#10034,#10035,#10041,#10042));
#10034 = ORIENTED_EDGE('',*,*,#8993,.T.);
#10035 = ORIENTED_EDGE('',*,*,#10036,.T.);
#10036 = EDGE_CURVE('',#8994,#10013,#10037,.T.);
#10037 = LINE('',#10038,#10039);
#10038 = CARTESIAN_POINT('',(5.900000000002,2.149999999996,
    -1.110223024625E-16));
#10039 = VECTOR('',#10040,1.);
#10040 = DIRECTION('',(1.,0.,0.));
#10041 = ORIENTED_EDGE('',*,*,#10012,.F.);
#10042 = ORIENTED_EDGE('',*,*,#8969,.F.);
#10043 = PLANE('',#10044);
#10044 = AXIS2_PLACEMENT_3D('',#10045,#10046,#10047);
#10045 = CARTESIAN_POINT('',(5.900000000002,2.149999999996,3.9));
#10046 = DIRECTION('',(0.,-1.,0.));
#10047 = DIRECTION('',(1.,0.,0.));
#10048 = ADVANCED_FACE('',(#10049),#10055,.T.);
#10049 = FACE_BOUND('',#10050,.T.);
#10050 = EDGE_LOOP('',(#10051,#10052,#10053,#10054));
#10051 = ORIENTED_EDGE('',*,*,#9001,.T.);
#10052 = ORIENTED_EDGE('',*,*,#10036,.T.);
#10053 = ORIENTED_EDGE('',*,*,#10020,.F.);
#10054 = ORIENTED_EDGE('',*,*,#9017,.F.);
#10055 = PLANE('',#10056);
#10056 = AXIS2_PLACEMENT_3D('',#10057,#10058,#10059);
#10057 = CARTESIAN_POINT('',(5.900000000002,1.349999999996,0.));
#10058 = DIRECTION('',(0.,0.,-1.));
#10059 = DIRECTION('',(1.,0.,0.));
#10060 = ADVANCED_FACE('',(#10061),#10079,.T.);
#10061 = FACE_BOUND('',#10062,.T.);
#10062 = EDGE_LOOP('',(#10063,#10064,#10065,#10073));
#10063 = ORIENTED_EDGE('',*,*,#9098,.T.);
#10064 = ORIENTED_EDGE('',*,*,#9048,.T.);
#10065 = ORIENTED_EDGE('',*,*,#10066,.F.);
#10066 = EDGE_CURVE('',#10067,#9049,#10069,.T.);
#10067 = VERTEX_POINT('',#10068);
#10068 = CARTESIAN_POINT('',(6.300000000002,0.6,-1.5));
#10069 = LINE('',#10070,#10071);
#10070 = CARTESIAN_POINT('',(6.300000000002,0.384716157205,0.11462882096
    ));
#10071 = VECTOR('',#10072,1.);
#10072 = DIRECTION('',(0.,-0.132163720091,0.991227900683));
#10073 = ORIENTED_EDGE('',*,*,#10074,.F.);
#10074 = EDGE_CURVE('',#9091,#10067,#10075,.T.);
#10075 = LINE('',#10076,#10077);
#10076 = CARTESIAN_POINT('',(-2.299999999998,0.6,-1.5));
#10077 = VECTOR('',#10078,1.);
#10078 = DIRECTION('',(1.,0.,0.));
#10079 = PLANE('',#10080);
#10080 = AXIS2_PLACEMENT_3D('',#10081,#10082,#10083);
#10081 = CARTESIAN_POINT('',(-2.299999999998,0.4,0.));
#10082 = DIRECTION('',(0.,0.991227900683,0.132163720091));
#10083 = DIRECTION('',(0.,0.132163720091,-0.991227900683));
#10084 = ADVANCED_FACE('',(#10085),#10110,.T.);
#10085 = FACE_BOUND('',#10086,.T.);
#10086 = EDGE_LOOP('',(#10087,#10088,#10096,#10104));
#10087 = ORIENTED_EDGE('',*,*,#9072,.T.);
#10088 = ORIENTED_EDGE('',*,*,#10089,.T.);
#10089 = EDGE_CURVE('',#9075,#10090,#10092,.T.);
#10090 = VERTEX_POINT('',#10091);
#10091 = CARTESIAN_POINT('',(6.300000000002,-0.2,-2.8));
#10092 = LINE('',#10093,#10094);
#10093 = CARTESIAN_POINT('',(-2.299999999998,-0.2,-2.8));
#10094 = VECTOR('',#10095,1.);
#10095 = DIRECTION('',(1.,0.,0.));
#10096 = ORIENTED_EDGE('',*,*,#10097,.F.);
#10097 = EDGE_CURVE('',#10098,#10090,#10100,.T.);
#10098 = VERTEX_POINT('',#10099);
#10099 = CARTESIAN_POINT('',(6.300000000002,-0.6,-1.5));
#10100 = LINE('',#10101,#10102);
#10101 = CARTESIAN_POINT('',(6.300000000002,-0.643243243243,
    -1.35945945946));
#10102 = VECTOR('',#10103,1.);
#10103 = DIRECTION('',(0.,0.294085848838,-0.955779008722));
#10104 = ORIENTED_EDGE('',*,*,#10105,.F.);
#10105 = EDGE_CURVE('',#9073,#10098,#10106,.T.);
#10106 = LINE('',#10107,#10108);
#10107 = CARTESIAN_POINT('',(-2.299999999998,-0.6,-1.5));
#10108 = VECTOR('',#10109,1.);
#10109 = DIRECTION('',(1.,0.,0.));
#10110 = PLANE('',#10111);
#10111 = AXIS2_PLACEMENT_3D('',#10112,#10113,#10114);
#10112 = CARTESIAN_POINT('',(-2.299999999998,-0.2,-2.8));
#10113 = DIRECTION('',(0.,-0.955779008722,-0.294085848838));
#10114 = DIRECTION('',(0.,-0.294085848838,0.955779008722));
#10115 = ADVANCED_FACE('',(#10116),#10127,.T.);
#10116 = FACE_BOUND('',#10117,.T.);
#10117 = EDGE_LOOP('',(#10118,#10119,#10120,#10126));
#10118 = ORIENTED_EDGE('',*,*,#9105,.T.);
#10119 = ORIENTED_EDGE('',*,*,#10105,.T.);
#10120 = ORIENTED_EDGE('',*,*,#10121,.F.);
#10121 = EDGE_CURVE('',#9129,#10098,#10122,.T.);
#10122 = LINE('',#10123,#10124);
#10123 = CARTESIAN_POINT('',(6.300000000002,-0.508296943231,
    -0.812227074236));
#10124 = VECTOR('',#10125,1.);
#10125 = DIRECTION('',(0.,-0.132163720091,-0.991227900683));
#10126 = ORIENTED_EDGE('',*,*,#9137,.F.);
#10127 = PLANE('',#10128);
#10128 = AXIS2_PLACEMENT_3D('',#10129,#10130,#10131);
#10129 = CARTESIAN_POINT('',(-2.299999999998,-0.6,-1.5));
#10130 = DIRECTION('',(0.,-0.991227900683,0.132163720091));
#10131 = DIRECTION('',(0.,0.132163720091,0.991227900683));
#10132 = ADVANCED_FACE('',(#10133),#10151,.T.);
#10133 = FACE_BOUND('',#10134,.T.);
#10134 = EDGE_LOOP('',(#10135,#10136,#10137,#10145));
#10135 = ORIENTED_EDGE('',*,*,#9090,.T.);
#10136 = ORIENTED_EDGE('',*,*,#10074,.T.);
#10137 = ORIENTED_EDGE('',*,*,#10138,.F.);
#10138 = EDGE_CURVE('',#10139,#10067,#10141,.T.);
#10139 = VERTEX_POINT('',#10140);
#10140 = CARTESIAN_POINT('',(6.300000000002,0.2,-2.8));
#10141 = LINE('',#10142,#10143);
#10142 = CARTESIAN_POINT('',(6.300000000002,0.726486486487,
    -1.088918918918));
#10143 = VECTOR('',#10144,1.);
#10144 = DIRECTION('',(0.,0.294085848838,0.955779008722));
#10145 = ORIENTED_EDGE('',*,*,#10146,.F.);
#10146 = EDGE_CURVE('',#9083,#10139,#10147,.T.);
#10147 = LINE('',#10148,#10149);
#10148 = CARTESIAN_POINT('',(-2.299999999998,0.2,-2.8));
#10149 = VECTOR('',#10150,1.);
#10150 = DIRECTION('',(1.,0.,0.));
#10151 = PLANE('',#10152);
#10152 = AXIS2_PLACEMENT_3D('',#10153,#10154,#10155);
#10153 = CARTESIAN_POINT('',(-2.299999999998,0.6,-1.5));
#10154 = DIRECTION('',(0.,0.955779008722,-0.294085848838));
#10155 = DIRECTION('',(0.,-0.294085848838,-0.955779008722));
#10156 = ADVANCED_FACE('',(#10157),#10168,.F.);
#10157 = FACE_BOUND('',#10158,.F.);
#10158 = EDGE_LOOP('',(#10159,#10160,#10161,#10167));
#10159 = ORIENTED_EDGE('',*,*,#9082,.F.);
#10160 = ORIENTED_EDGE('',*,*,#10089,.T.);
#10161 = ORIENTED_EDGE('',*,*,#10162,.T.);
#10162 = EDGE_CURVE('',#10090,#10139,#10163,.T.);
#10163 = LINE('',#10164,#10165);
#10164 = CARTESIAN_POINT('',(6.300000000002,-1.349999999996,-2.8));
#10165 = VECTOR('',#10166,1.);
#10166 = DIRECTION('',(0.,1.,0.));
#10167 = ORIENTED_EDGE('',*,*,#10146,.F.);
#10168 = PLANE('',#10169);
#10169 = AXIS2_PLACEMENT_3D('',#10170,#10171,#10172);
#10170 = CARTESIAN_POINT('',(5.900000000002,-1.349999999996,-2.8));
#10171 = DIRECTION('',(0.,0.,1.));
#10172 = DIRECTION('',(0.,1.,0.));
#10173 = ADVANCED_FACE('',(#10174),#10180,.F.);
#10174 = FACE_BOUND('',#10175,.F.);
#10175 = EDGE_LOOP('',(#10176,#10177,#10178,#10179));
#10176 = ORIENTED_EDGE('',*,*,#9184,.T.);
#10177 = ORIENTED_EDGE('',*,*,#9995,.T.);
#10178 = ORIENTED_EDGE('',*,*,#9979,.F.);
#10179 = ORIENTED_EDGE('',*,*,#9161,.F.);
#10180 = PLANE('',#10181);
#10181 = AXIS2_PLACEMENT_3D('',#10182,#10183,#10184);
#10182 = CARTESIAN_POINT('',(5.900000000002,-1.349999999996,0.));
#10183 = DIRECTION('',(0.,0.,1.));
#10184 = DIRECTION('',(1.,0.,-0.));
#10185 = ADVANCED_FACE('',(#10186),#10197,.F.);
#10186 = FACE_BOUND('',#10187,.F.);
#10187 = EDGE_LOOP('',(#10188,#10189,#10195,#10196));
#10188 = ORIENTED_EDGE('',*,*,#9729,.T.);
#10189 = ORIENTED_EDGE('',*,*,#10190,.T.);
#10190 = EDGE_CURVE('',#9730,#9690,#10191,.T.);
#10191 = LINE('',#10192,#10193);
#10192 = CARTESIAN_POINT('',(4.499999999996,2.150000000002,0.66));
#10193 = VECTOR('',#10194,1.);
#10194 = DIRECTION('',(1.,0.,0.));
#10195 = ORIENTED_EDGE('',*,*,#9689,.F.);
#10196 = ORIENTED_EDGE('',*,*,#9292,.F.);
#10197 = PLANE('',#10198);
#10198 = AXIS2_PLACEMENT_3D('',#10199,#10200,#10201);
#10199 = CARTESIAN_POINT('',(4.499999999996,2.150000000002,0.7));
#10200 = DIRECTION('',(0.,-1.,0.));
#10201 = DIRECTION('',(1.,0.,0.));
#10202 = ADVANCED_FACE('',(#10203),#10214,.F.);
#10203 = FACE_BOUND('',#10204,.F.);
#10204 = EDGE_LOOP('',(#10205,#10206,#10212,#10213));
#10205 = ORIENTED_EDGE('',*,*,#9325,.T.);
#10206 = ORIENTED_EDGE('',*,*,#10207,.T.);
#10207 = EDGE_CURVE('',#9326,#9835,#10208,.T.);
#10208 = LINE('',#10209,#10210);
#10209 = CARTESIAN_POINT('',(-1.849999999996,2.150000000002,0.66));
#10210 = VECTOR('',#10211,1.);
#10211 = DIRECTION('',(1.,0.,0.));
#10212 = ORIENTED_EDGE('',*,*,#9834,.F.);
#10213 = ORIENTED_EDGE('',*,*,#9309,.F.);
#10214 = PLANE('',#10215);
#10215 = AXIS2_PLACEMENT_3D('',#10216,#10217,#10218);
#10216 = CARTESIAN_POINT('',(-1.849999999996,2.150000000002,0.7));
#10217 = DIRECTION('',(0.,-1.,0.));
#10218 = DIRECTION('',(1.,0.,0.));
#10219 = ADVANCED_FACE('',(#10220),#10231,.T.);
#10220 = FACE_BOUND('',#10221,.T.);
#10221 = EDGE_LOOP('',(#10222,#10223,#10224,#10230));
#10222 = ORIENTED_EDGE('',*,*,#10207,.T.);
#10223 = ORIENTED_EDGE('',*,*,#9842,.T.);
#10224 = ORIENTED_EDGE('',*,*,#10225,.F.);
#10225 = EDGE_CURVE('',#9343,#9843,#10226,.T.);
#10226 = LINE('',#10227,#10228);
#10227 = CARTESIAN_POINT('',(-1.849999999996,1.790000000002,0.3));
#10228 = VECTOR('',#10229,1.);
#10229 = DIRECTION('',(1.,0.,0.));
#10230 = ORIENTED_EDGE('',*,*,#9350,.F.);
#10231 = CYLINDRICAL_SURFACE('',#10232,0.36);
#10232 = AXIS2_PLACEMENT_3D('',#10233,#10234,#10235);
#10233 = CARTESIAN_POINT('',(-1.849999999996,1.790000000002,0.66));
#10234 = DIRECTION('',(1.,0.,0.));
#10235 = DIRECTION('',(-0.,1.,0.));
#10236 = ADVANCED_FACE('',(#10237),#10248,.F.);
#10237 = FACE_BOUND('',#10238,.F.);
#10238 = EDGE_LOOP('',(#10239,#10240,#10241,#10242));
#10239 = ORIENTED_EDGE('',*,*,#9851,.F.);
#10240 = ORIENTED_EDGE('',*,*,#10225,.F.);
#10241 = ORIENTED_EDGE('',*,*,#9342,.F.);
#10242 = ORIENTED_EDGE('',*,*,#10243,.F.);
#10243 = EDGE_CURVE('',#9852,#9335,#10244,.T.);
#10244 = LINE('',#10245,#10246);
#10245 = CARTESIAN_POINT('',(-0.499999999996,1.750000000002,0.3));
#10246 = VECTOR('',#10247,1.);
#10247 = DIRECTION('',(-1.,0.,0.));
#10248 = PLANE('',#10249);
#10249 = AXIS2_PLACEMENT_3D('',#10250,#10251,#10252);
#10250 = CARTESIAN_POINT('',(2.00000000003,1.624186896076E-11,0.3));
#10251 = DIRECTION('',(0.,0.,1.));
#10252 = DIRECTION('',(1.,0.,-0.));
#10253 = ADVANCED_FACE('',(#10254),#10265,.F.);
#10254 = FACE_BOUND('',#10255,.F.);
#10255 = EDGE_LOOP('',(#10256,#10257,#10263,#10264));
#10256 = ORIENTED_EDGE('',*,*,#9439,.T.);
#10257 = ORIENTED_EDGE('',*,*,#10258,.T.);
#10258 = EDGE_CURVE('',#9440,#9400,#10259,.T.);
#10259 = LINE('',#10260,#10261);
#10260 = CARTESIAN_POINT('',(-0.499999999996,-2.149999999998,0.66));
#10261 = VECTOR('',#10262,1.);
#10262 = DIRECTION('',(-1.,0.,0.));
#10263 = ORIENTED_EDGE('',*,*,#9399,.F.);
#10264 = ORIENTED_EDGE('',*,*,#9366,.F.);
#10265 = PLANE('',#10266);
#10266 = AXIS2_PLACEMENT_3D('',#10267,#10268,#10269);
#10267 = CARTESIAN_POINT('',(-0.499999999996,-2.149999999998,0.7));
#10268 = DIRECTION('',(0.,1.,0.));
#10269 = DIRECTION('',(-1.,0.,0.));
#10270 = ADVANCED_FACE('',(#10271),#10282,.F.);
#10271 = FACE_BOUND('',#10272,.F.);
#10272 = EDGE_LOOP('',(#10273,#10274,#10280,#10281));
#10273 = ORIENTED_EDGE('',*,*,#9544,.T.);
#10274 = ORIENTED_EDGE('',*,*,#10275,.T.);
#10275 = EDGE_CURVE('',#9545,#9585,#10276,.T.);
#10276 = LINE('',#10277,#10278);
#10277 = CARTESIAN_POINT('',(5.849999999996,-2.149999999998,0.66));
#10278 = VECTOR('',#10279,1.);
#10279 = DIRECTION('',(-1.,0.,0.));
#10280 = ORIENTED_EDGE('',*,*,#9584,.F.);
#10281 = ORIENTED_EDGE('',*,*,#9383,.F.);
#10282 = PLANE('',#10283);
#10283 = AXIS2_PLACEMENT_3D('',#10284,#10285,#10286);
#10284 = CARTESIAN_POINT('',(5.849999999996,-2.149999999998,0.7));
#10285 = DIRECTION('',(0.,1.,0.));
#10286 = DIRECTION('',(-1.,0.,0.));
#10287 = ADVANCED_FACE('',(#10288),#10299,.T.);
#10288 = FACE_BOUND('',#10289,.T.);
#10289 = EDGE_LOOP('',(#10290,#10291,#10292,#10298));
#10290 = ORIENTED_EDGE('',*,*,#10258,.T.);
#10291 = ORIENTED_EDGE('',*,*,#9407,.T.);
#10292 = ORIENTED_EDGE('',*,*,#10293,.F.);
#10293 = EDGE_CURVE('',#9457,#9408,#10294,.T.);
#10294 = LINE('',#10295,#10296);
#10295 = CARTESIAN_POINT('',(-0.499999999996,-1.789999999998,0.3));
#10296 = VECTOR('',#10297,1.);
#10297 = DIRECTION('',(-1.,0.,0.));
#10298 = ORIENTED_EDGE('',*,*,#9464,.F.);
#10299 = CYLINDRICAL_SURFACE('',#10300,0.36);
#10300 = AXIS2_PLACEMENT_3D('',#10301,#10302,#10303);
#10301 = CARTESIAN_POINT('',(-0.499999999996,-1.789999999998,0.66));
#10302 = DIRECTION('',(-1.,0.,0.));
#10303 = DIRECTION('',(0.,-1.,0.));
#10304 = ADVANCED_FACE('',(#10305),#10316,.F.);
#10305 = FACE_BOUND('',#10306,.F.);
#10306 = EDGE_LOOP('',(#10307,#10308,#10314,#10315));
#10307 = ORIENTED_EDGE('',*,*,#9456,.F.);
#10308 = ORIENTED_EDGE('',*,*,#10309,.F.);
#10309 = EDGE_CURVE('',#9417,#9449,#10310,.T.);
#10310 = LINE('',#10311,#10312);
#10311 = CARTESIAN_POINT('',(-1.849999999996,-1.749999999998,0.3));
#10312 = VECTOR('',#10313,1.);
#10313 = DIRECTION('',(1.,0.,0.));
#10314 = ORIENTED_EDGE('',*,*,#9416,.F.);
#10315 = ORIENTED_EDGE('',*,*,#10293,.F.);
#10316 = PLANE('',#10317);
#10317 = AXIS2_PLACEMENT_3D('',#10318,#10319,#10320);
#10318 = CARTESIAN_POINT('',(2.00000000003,1.624186896076E-11,0.3));
#10319 = DIRECTION('',(0.,0.,1.));
#10320 = DIRECTION('',(1.,0.,-0.));
#10321 = ADVANCED_FACE('',(#10322),#10328,.T.);
#10322 = FACE_BOUND('',#10323,.T.);
#10323 = EDGE_LOOP('',(#10324,#10325,#10326,#10327));
#10324 = ORIENTED_EDGE('',*,*,#9488,.T.);
#10325 = ORIENTED_EDGE('',*,*,#9528,.T.);
#10326 = ORIENTED_EDGE('',*,*,#9512,.F.);
#10327 = ORIENTED_EDGE('',*,*,#10309,.F.);
#10328 = PLANE('',#10329);
#10329 = AXIS2_PLACEMENT_3D('',#10330,#10331,#10332);
#10330 = CARTESIAN_POINT('',(-1.849999999996,-1.749999999998,0.3));
#10331 = DIRECTION('',(0.,0.,-1.));
#10332 = DIRECTION('',(1.,0.,0.));
#10333 = ADVANCED_FACE('',(#10334),#10345,.T.);
#10334 = FACE_BOUND('',#10335,.T.);
#10335 = EDGE_LOOP('',(#10336,#10337,#10338,#10344));
#10336 = ORIENTED_EDGE('',*,*,#10275,.T.);
#10337 = ORIENTED_EDGE('',*,*,#9592,.T.);
#10338 = ORIENTED_EDGE('',*,*,#10339,.F.);
#10339 = EDGE_CURVE('',#9562,#9593,#10340,.T.);
#10340 = LINE('',#10341,#10342);
#10341 = CARTESIAN_POINT('',(5.849999999996,-1.789999999998,0.3));
#10342 = VECTOR('',#10343,1.);
#10343 = DIRECTION('',(-1.,0.,0.));
#10344 = ORIENTED_EDGE('',*,*,#9569,.F.);
#10345 = CYLINDRICAL_SURFACE('',#10346,0.36);
#10346 = AXIS2_PLACEMENT_3D('',#10347,#10348,#10349);
#10347 = CARTESIAN_POINT('',(5.849999999996,-1.789999999998,0.66));
#10348 = DIRECTION('',(-1.,0.,0.));
#10349 = DIRECTION('',(0.,-1.,0.));
#10350 = ADVANCED_FACE('',(#10351),#10362,.F.);
#10351 = FACE_BOUND('',#10352,.F.);
#10352 = EDGE_LOOP('',(#10353,#10354,#10360,#10361));
#10353 = ORIENTED_EDGE('',*,*,#9561,.F.);
#10354 = ORIENTED_EDGE('',*,*,#10355,.F.);
#10355 = EDGE_CURVE('',#9602,#9554,#10356,.T.);
#10356 = LINE('',#10357,#10358);
#10357 = CARTESIAN_POINT('',(4.499999999996,-1.749999999998,0.3));
#10358 = VECTOR('',#10359,1.);
#10359 = DIRECTION('',(1.,0.,0.));
#10360 = ORIENTED_EDGE('',*,*,#9601,.F.);
#10361 = ORIENTED_EDGE('',*,*,#10339,.F.);
#10362 = PLANE('',#10363);
#10363 = AXIS2_PLACEMENT_3D('',#10364,#10365,#10366);
#10364 = CARTESIAN_POINT('',(2.00000000003,1.624186896076E-11,0.3));
#10365 = DIRECTION('',(0.,0.,1.));
#10366 = DIRECTION('',(1.,0.,-0.));
#10367 = ADVANCED_FACE('',(#10368),#10374,.T.);
#10368 = FACE_BOUND('',#10369,.T.);
#10369 = EDGE_LOOP('',(#10370,#10371,#10372,#10373));
#10370 = ORIENTED_EDGE('',*,*,#9633,.T.);
#10371 = ORIENTED_EDGE('',*,*,#9673,.T.);
#10372 = ORIENTED_EDGE('',*,*,#9657,.F.);
#10373 = ORIENTED_EDGE('',*,*,#10355,.F.);
#10374 = PLANE('',#10375);
#10375 = AXIS2_PLACEMENT_3D('',#10376,#10377,#10378);
#10376 = CARTESIAN_POINT('',(4.499999999996,-1.749999999998,0.3));
#10377 = DIRECTION('',(0.,0.,-1.));
#10378 = DIRECTION('',(1.,0.,0.));
#10379 = ADVANCED_FACE('',(#10380),#10391,.T.);
#10380 = FACE_BOUND('',#10381,.T.);
#10381 = EDGE_LOOP('',(#10382,#10383,#10384,#10390));
#10382 = ORIENTED_EDGE('',*,*,#10190,.T.);
#10383 = ORIENTED_EDGE('',*,*,#9697,.T.);
#10384 = ORIENTED_EDGE('',*,*,#10385,.F.);
#10385 = EDGE_CURVE('',#9747,#9698,#10386,.T.);
#10386 = LINE('',#10387,#10388);
#10387 = CARTESIAN_POINT('',(4.499999999996,1.790000000002,0.3));
#10388 = VECTOR('',#10389,1.);
#10389 = DIRECTION('',(1.,0.,0.));
#10390 = ORIENTED_EDGE('',*,*,#9754,.F.);
#10391 = CYLINDRICAL_SURFACE('',#10392,0.36);
#10392 = AXIS2_PLACEMENT_3D('',#10393,#10394,#10395);
#10393 = CARTESIAN_POINT('',(4.499999999996,1.790000000002,0.66));
#10394 = DIRECTION('',(1.,0.,0.));
#10395 = DIRECTION('',(-0.,1.,0.));
#10396 = ADVANCED_FACE('',(#10397),#10408,.F.);
#10397 = FACE_BOUND('',#10398,.F.);
#10398 = EDGE_LOOP('',(#10399,#10400,#10401,#10402));
#10399 = ORIENTED_EDGE('',*,*,#9706,.F.);
#10400 = ORIENTED_EDGE('',*,*,#10385,.F.);
#10401 = ORIENTED_EDGE('',*,*,#9746,.F.);
#10402 = ORIENTED_EDGE('',*,*,#10403,.F.);
#10403 = EDGE_CURVE('',#9707,#9739,#10404,.T.);
#10404 = LINE('',#10405,#10406);
#10405 = CARTESIAN_POINT('',(5.850000000047,1.750000000002,0.3));
#10406 = VECTOR('',#10407,1.);
#10407 = DIRECTION('',(-1.,0.,0.));
#10408 = PLANE('',#10409);
#10409 = AXIS2_PLACEMENT_3D('',#10410,#10411,#10412);
#10410 = CARTESIAN_POINT('',(2.00000000003,1.624186896076E-11,0.3));
#10411 = DIRECTION('',(0.,0.,1.));
#10412 = DIRECTION('',(1.,0.,-0.));
#10413 = ADVANCED_FACE('',(#10414),#10420,.T.);
#10414 = FACE_BOUND('',#10415,.T.);
#10415 = EDGE_LOOP('',(#10416,#10417,#10418,#10419));
#10416 = ORIENTED_EDGE('',*,*,#9778,.T.);
#10417 = ORIENTED_EDGE('',*,*,#9818,.T.);
#10418 = ORIENTED_EDGE('',*,*,#9802,.F.);
#10419 = ORIENTED_EDGE('',*,*,#10403,.F.);
#10420 = PLANE('',#10421);
#10421 = AXIS2_PLACEMENT_3D('',#10422,#10423,#10424);
#10422 = CARTESIAN_POINT('',(5.850000000047,1.750000000002,0.3));
#10423 = DIRECTION('',(-0.,-0.,-1.));
#10424 = DIRECTION('',(-1.,0.,0.));
#10425 = ADVANCED_FACE('',(#10426),#10432,.T.);
#10426 = FACE_BOUND('',#10427,.T.);
#10427 = EDGE_LOOP('',(#10428,#10429,#10430,#10431));
#10428 = ORIENTED_EDGE('',*,*,#9883,.T.);
#10429 = ORIENTED_EDGE('',*,*,#9923,.T.);
#10430 = ORIENTED_EDGE('',*,*,#9907,.F.);
#10431 = ORIENTED_EDGE('',*,*,#10243,.F.);
#10432 = PLANE('',#10433);
#10433 = AXIS2_PLACEMENT_3D('',#10434,#10435,#10436);
#10434 = CARTESIAN_POINT('',(-0.499999999996,1.750000000002,0.3));
#10435 = DIRECTION('',(-0.,-0.,-1.));
#10436 = DIRECTION('',(-1.,0.,0.));
#10437 = ADVANCED_FACE('',(#10438),#10446,.T.);
#10438 = FACE_BOUND('',#10439,.T.);
#10439 = EDGE_LOOP('',(#10440,#10441,#10442,#10443,#10444,#10445));
#10440 = ORIENTED_EDGE('',*,*,#10097,.T.);
#10441 = ORIENTED_EDGE('',*,*,#10162,.T.);
#10442 = ORIENTED_EDGE('',*,*,#10138,.T.);
#10443 = ORIENTED_EDGE('',*,*,#10066,.T.);
#10444 = ORIENTED_EDGE('',*,*,#9948,.F.);
#10445 = ORIENTED_EDGE('',*,*,#10121,.T.);
#10446 = PLANE('',#10447);
#10447 = AXIS2_PLACEMENT_3D('',#10448,#10449,#10450);
#10448 = CARTESIAN_POINT('',(6.300000000002,-1.349999999996,0.));
#10449 = DIRECTION('',(1.,0.,0.));
#10450 = DIRECTION('',(-0.,1.,0.));
#10451 = MANIFOLD_SOLID_BREP('',#10452);
#10452 = CLOSED_SHELL('',(#10453,#10493,#10524,#10555,#10586,#10617,
    #10648,#10679,#10710,#10741,#10772,#10803,#10825,#10845));
#10453 = ADVANCED_FACE('',(#10454),#10488,.T.);
#10454 = FACE_BOUND('',#10455,.T.);
#10455 = EDGE_LOOP('',(#10456,#10466,#10474,#10482));
#10456 = ORIENTED_EDGE('',*,*,#10457,.T.);
#10457 = EDGE_CURVE('',#10458,#10460,#10462,.T.);
#10458 = VERTEX_POINT('',#10459);
#10459 = CARTESIAN_POINT('',(-1.85,1.725,0.7));
#10460 = VERTEX_POINT('',#10461);
#10461 = CARTESIAN_POINT('',(-1.85,1.725,1.3));
#10462 = LINE('',#10463,#10464);
#10463 = CARTESIAN_POINT('',(-1.85,1.725,0.7));
#10464 = VECTOR('',#10465,1.);
#10465 = DIRECTION('',(0.,0.,1.));
#10466 = ORIENTED_EDGE('',*,*,#10467,.T.);
#10467 = EDGE_CURVE('',#10460,#10468,#10470,.T.);
#10468 = VERTEX_POINT('',#10469);
#10469 = CARTESIAN_POINT('',(-0.45,1.725,1.3));
#10470 = LINE('',#10471,#10472);
#10471 = CARTESIAN_POINT('',(-1.85,1.725,1.3));
#10472 = VECTOR('',#10473,1.);
#10473 = DIRECTION('',(1.,0.,0.));
#10474 = ORIENTED_EDGE('',*,*,#10475,.F.);
#10475 = EDGE_CURVE('',#10476,#10468,#10478,.T.);
#10476 = VERTEX_POINT('',#10477);
#10477 = CARTESIAN_POINT('',(-0.45,1.725,0.7));
#10478 = LINE('',#10479,#10480);
#10479 = CARTESIAN_POINT('',(-0.45,1.725,0.7));
#10480 = VECTOR('',#10481,1.);
#10481 = DIRECTION('',(0.,0.,1.));
#10482 = ORIENTED_EDGE('',*,*,#10483,.F.);
#10483 = EDGE_CURVE('',#10458,#10476,#10484,.T.);
#10484 = LINE('',#10485,#10486);
#10485 = CARTESIAN_POINT('',(-1.85,1.725,0.7));
#10486 = VECTOR('',#10487,1.);
#10487 = DIRECTION('',(1.,0.,0.));
#10488 = PLANE('',#10489);
#10489 = AXIS2_PLACEMENT_3D('',#10490,#10491,#10492);
#10490 = CARTESIAN_POINT('',(-1.85,1.725,0.7));
#10491 = DIRECTION('',(0.,1.,0.));
#10492 = DIRECTION('',(1.,0.,0.));
#10493 = ADVANCED_FACE('',(#10494),#10519,.T.);
#10494 = FACE_BOUND('',#10495,.T.);
#10495 = EDGE_LOOP('',(#10496,#10497,#10505,#10513));
#10496 = ORIENTED_EDGE('',*,*,#10475,.T.);
#10497 = ORIENTED_EDGE('',*,*,#10498,.T.);
#10498 = EDGE_CURVE('',#10468,#10499,#10501,.T.);
#10499 = VERTEX_POINT('',#10500);
#10500 = CARTESIAN_POINT('',(-0.45,2.125,1.3));
#10501 = LINE('',#10502,#10503);
#10502 = CARTESIAN_POINT('',(-0.45,1.725,1.3));
#10503 = VECTOR('',#10504,1.);
#10504 = DIRECTION('',(0.,1.,0.));
#10505 = ORIENTED_EDGE('',*,*,#10506,.F.);
#10506 = EDGE_CURVE('',#10507,#10499,#10509,.T.);
#10507 = VERTEX_POINT('',#10508);
#10508 = CARTESIAN_POINT('',(-0.45,2.125,0.7));
#10509 = LINE('',#10510,#10511);
#10510 = CARTESIAN_POINT('',(-0.45,2.125,0.7));
#10511 = VECTOR('',#10512,1.);
#10512 = DIRECTION('',(0.,0.,1.));
#10513 = ORIENTED_EDGE('',*,*,#10514,.F.);
#10514 = EDGE_CURVE('',#10476,#10507,#10515,.T.);
#10515 = LINE('',#10516,#10517);
#10516 = CARTESIAN_POINT('',(-0.45,1.725,0.7));
#10517 = VECTOR('',#10518,1.);
#10518 = DIRECTION('',(0.,1.,0.));
#10519 = PLANE('',#10520);
#10520 = AXIS2_PLACEMENT_3D('',#10521,#10522,#10523);
#10521 = CARTESIAN_POINT('',(-0.45,1.725,0.7));
#10522 = DIRECTION('',(-1.,0.,0.));
#10523 = DIRECTION('',(0.,1.,0.));
#10524 = ADVANCED_FACE('',(#10525),#10550,.T.);
#10525 = FACE_BOUND('',#10526,.T.);
#10526 = EDGE_LOOP('',(#10527,#10528,#10536,#10544));
#10527 = ORIENTED_EDGE('',*,*,#10506,.T.);
#10528 = ORIENTED_EDGE('',*,*,#10529,.T.);
#10529 = EDGE_CURVE('',#10499,#10530,#10532,.T.);
#10530 = VERTEX_POINT('',#10531);
#10531 = CARTESIAN_POINT('',(4.45,2.125,1.3));
#10532 = LINE('',#10533,#10534);
#10533 = CARTESIAN_POINT('',(-0.45,2.125,1.3));
#10534 = VECTOR('',#10535,1.);
#10535 = DIRECTION('',(1.,0.,0.));
#10536 = ORIENTED_EDGE('',*,*,#10537,.F.);
#10537 = EDGE_CURVE('',#10538,#10530,#10540,.T.);
#10538 = VERTEX_POINT('',#10539);
#10539 = CARTESIAN_POINT('',(4.45,2.125,0.7));
#10540 = LINE('',#10541,#10542);
#10541 = CARTESIAN_POINT('',(4.45,2.125,0.7));
#10542 = VECTOR('',#10543,1.);
#10543 = DIRECTION('',(0.,0.,1.));
#10544 = ORIENTED_EDGE('',*,*,#10545,.F.);
#10545 = EDGE_CURVE('',#10507,#10538,#10546,.T.);
#10546 = LINE('',#10547,#10548);
#10547 = CARTESIAN_POINT('',(-0.45,2.125,0.7));
#10548 = VECTOR('',#10549,1.);
#10549 = DIRECTION('',(1.,0.,0.));
#10550 = PLANE('',#10551);
#10551 = AXIS2_PLACEMENT_3D('',#10552,#10553,#10554);
#10552 = CARTESIAN_POINT('',(-0.45,2.125,0.7));
#10553 = DIRECTION('',(0.,1.,0.));
#10554 = DIRECTION('',(1.,0.,0.));
#10555 = ADVANCED_FACE('',(#10556),#10581,.T.);
#10556 = FACE_BOUND('',#10557,.T.);
#10557 = EDGE_LOOP('',(#10558,#10559,#10567,#10575));
#10558 = ORIENTED_EDGE('',*,*,#10537,.T.);
#10559 = ORIENTED_EDGE('',*,*,#10560,.T.);
#10560 = EDGE_CURVE('',#10530,#10561,#10563,.T.);
#10561 = VERTEX_POINT('',#10562);
#10562 = CARTESIAN_POINT('',(4.45,1.725,1.3));
#10563 = LINE('',#10564,#10565);
#10564 = CARTESIAN_POINT('',(4.45,2.125,1.3));
#10565 = VECTOR('',#10566,1.);
#10566 = DIRECTION('',(0.,-1.,0.));
#10567 = ORIENTED_EDGE('',*,*,#10568,.F.);
#10568 = EDGE_CURVE('',#10569,#10561,#10571,.T.);
#10569 = VERTEX_POINT('',#10570);
#10570 = CARTESIAN_POINT('',(4.45,1.725,0.7));
#10571 = LINE('',#10572,#10573);
#10572 = CARTESIAN_POINT('',(4.45,1.725,0.7));
#10573 = VECTOR('',#10574,1.);
#10574 = DIRECTION('',(0.,0.,1.));
#10575 = ORIENTED_EDGE('',*,*,#10576,.F.);
#10576 = EDGE_CURVE('',#10538,#10569,#10577,.T.);
#10577 = LINE('',#10578,#10579);
#10578 = CARTESIAN_POINT('',(4.45,2.125,0.7));
#10579 = VECTOR('',#10580,1.);
#10580 = DIRECTION('',(0.,-1.,0.));
#10581 = PLANE('',#10582);
#10582 = AXIS2_PLACEMENT_3D('',#10583,#10584,#10585);
#10583 = CARTESIAN_POINT('',(4.45,2.125,0.7));
#10584 = DIRECTION('',(1.,0.,0.));
#10585 = DIRECTION('',(0.,-1.,0.));
#10586 = ADVANCED_FACE('',(#10587),#10612,.T.);
#10587 = FACE_BOUND('',#10588,.T.);
#10588 = EDGE_LOOP('',(#10589,#10590,#10598,#10606));
#10589 = ORIENTED_EDGE('',*,*,#10568,.T.);
#10590 = ORIENTED_EDGE('',*,*,#10591,.T.);
#10591 = EDGE_CURVE('',#10561,#10592,#10594,.T.);
#10592 = VERTEX_POINT('',#10593);
#10593 = CARTESIAN_POINT('',(5.850000000004,1.725,1.3));
#10594 = LINE('',#10595,#10596);
#10595 = CARTESIAN_POINT('',(4.45,1.725,1.3));
#10596 = VECTOR('',#10597,1.);
#10597 = DIRECTION('',(1.,0.,0.));
#10598 = ORIENTED_EDGE('',*,*,#10599,.F.);
#10599 = EDGE_CURVE('',#10600,#10592,#10602,.T.);
#10600 = VERTEX_POINT('',#10601);
#10601 = CARTESIAN_POINT('',(5.850000000004,1.725,0.7));
#10602 = LINE('',#10603,#10604);
#10603 = CARTESIAN_POINT('',(5.850000000004,1.725,0.7));
#10604 = VECTOR('',#10605,1.);
#10605 = DIRECTION('',(0.,0.,1.));
#10606 = ORIENTED_EDGE('',*,*,#10607,.F.);
#10607 = EDGE_CURVE('',#10569,#10600,#10608,.T.);
#10608 = LINE('',#10609,#10610);
#10609 = CARTESIAN_POINT('',(4.45,1.725,0.7));
#10610 = VECTOR('',#10611,1.);
#10611 = DIRECTION('',(1.,0.,0.));
#10612 = PLANE('',#10613);
#10613 = AXIS2_PLACEMENT_3D('',#10614,#10615,#10616);
#10614 = CARTESIAN_POINT('',(4.45,1.725,0.7));
#10615 = DIRECTION('',(0.,1.,0.));
#10616 = DIRECTION('',(1.,0.,0.));
#10617 = ADVANCED_FACE('',(#10618),#10643,.T.);
#10618 = FACE_BOUND('',#10619,.T.);
#10619 = EDGE_LOOP('',(#10620,#10621,#10629,#10637));
#10620 = ORIENTED_EDGE('',*,*,#10599,.T.);
#10621 = ORIENTED_EDGE('',*,*,#10622,.T.);
#10622 = EDGE_CURVE('',#10592,#10623,#10625,.T.);
#10623 = VERTEX_POINT('',#10624);
#10624 = CARTESIAN_POINT('',(5.850000000004,-1.725,1.3));
#10625 = LINE('',#10626,#10627);
#10626 = CARTESIAN_POINT('',(5.850000000004,1.725,1.3));
#10627 = VECTOR('',#10628,1.);
#10628 = DIRECTION('',(0.,-1.,0.));
#10629 = ORIENTED_EDGE('',*,*,#10630,.F.);
#10630 = EDGE_CURVE('',#10631,#10623,#10633,.T.);
#10631 = VERTEX_POINT('',#10632);
#10632 = CARTESIAN_POINT('',(5.850000000004,-1.725,0.7));
#10633 = LINE('',#10634,#10635);
#10634 = CARTESIAN_POINT('',(5.850000000004,-1.725,0.7));
#10635 = VECTOR('',#10636,1.);
#10636 = DIRECTION('',(0.,0.,1.));
#10637 = ORIENTED_EDGE('',*,*,#10638,.F.);
#10638 = EDGE_CURVE('',#10600,#10631,#10639,.T.);
#10639 = LINE('',#10640,#10641);
#10640 = CARTESIAN_POINT('',(5.850000000004,1.725,0.7));
#10641 = VECTOR('',#10642,1.);
#10642 = DIRECTION('',(0.,-1.,0.));
#10643 = PLANE('',#10644);
#10644 = AXIS2_PLACEMENT_3D('',#10645,#10646,#10647);
#10645 = CARTESIAN_POINT('',(5.850000000004,1.725,0.7));
#10646 = DIRECTION('',(1.,0.,0.));
#10647 = DIRECTION('',(0.,-1.,0.));
#10648 = ADVANCED_FACE('',(#10649),#10674,.T.);
#10649 = FACE_BOUND('',#10650,.T.);
#10650 = EDGE_LOOP('',(#10651,#10652,#10660,#10668));
#10651 = ORIENTED_EDGE('',*,*,#10630,.T.);
#10652 = ORIENTED_EDGE('',*,*,#10653,.T.);
#10653 = EDGE_CURVE('',#10623,#10654,#10656,.T.);
#10654 = VERTEX_POINT('',#10655);
#10655 = CARTESIAN_POINT('',(4.45,-1.725,1.3));
#10656 = LINE('',#10657,#10658);
#10657 = CARTESIAN_POINT('',(5.850000000004,-1.725,1.3));
#10658 = VECTOR('',#10659,1.);
#10659 = DIRECTION('',(-1.,0.,0.));
#10660 = ORIENTED_EDGE('',*,*,#10661,.F.);
#10661 = EDGE_CURVE('',#10662,#10654,#10664,.T.);
#10662 = VERTEX_POINT('',#10663);
#10663 = CARTESIAN_POINT('',(4.45,-1.725,0.7));
#10664 = LINE('',#10665,#10666);
#10665 = CARTESIAN_POINT('',(4.45,-1.725,0.7));
#10666 = VECTOR('',#10667,1.);
#10667 = DIRECTION('',(0.,0.,1.));
#10668 = ORIENTED_EDGE('',*,*,#10669,.F.);
#10669 = EDGE_CURVE('',#10631,#10662,#10670,.T.);
#10670 = LINE('',#10671,#10672);
#10671 = CARTESIAN_POINT('',(5.850000000004,-1.725,0.7));
#10672 = VECTOR('',#10673,1.);
#10673 = DIRECTION('',(-1.,0.,0.));
#10674 = PLANE('',#10675);
#10675 = AXIS2_PLACEMENT_3D('',#10676,#10677,#10678);
#10676 = CARTESIAN_POINT('',(5.850000000004,-1.725,0.7));
#10677 = DIRECTION('',(0.,-1.,0.));
#10678 = DIRECTION('',(-1.,0.,0.));
#10679 = ADVANCED_FACE('',(#10680),#10705,.T.);
#10680 = FACE_BOUND('',#10681,.T.);
#10681 = EDGE_LOOP('',(#10682,#10683,#10691,#10699));
#10682 = ORIENTED_EDGE('',*,*,#10661,.T.);
#10683 = ORIENTED_EDGE('',*,*,#10684,.T.);
#10684 = EDGE_CURVE('',#10654,#10685,#10687,.T.);
#10685 = VERTEX_POINT('',#10686);
#10686 = CARTESIAN_POINT('',(4.45,-2.125,1.3));
#10687 = LINE('',#10688,#10689);
#10688 = CARTESIAN_POINT('',(4.45,-1.725,1.3));
#10689 = VECTOR('',#10690,1.);
#10690 = DIRECTION('',(0.,-1.,0.));
#10691 = ORIENTED_EDGE('',*,*,#10692,.F.);
#10692 = EDGE_CURVE('',#10693,#10685,#10695,.T.);
#10693 = VERTEX_POINT('',#10694);
#10694 = CARTESIAN_POINT('',(4.45,-2.125,0.7));
#10695 = LINE('',#10696,#10697);
#10696 = CARTESIAN_POINT('',(4.45,-2.125,0.7));
#10697 = VECTOR('',#10698,1.);
#10698 = DIRECTION('',(0.,0.,1.));
#10699 = ORIENTED_EDGE('',*,*,#10700,.F.);
#10700 = EDGE_CURVE('',#10662,#10693,#10701,.T.);
#10701 = LINE('',#10702,#10703);
#10702 = CARTESIAN_POINT('',(4.45,-1.725,0.7));
#10703 = VECTOR('',#10704,1.);
#10704 = DIRECTION('',(0.,-1.,0.));
#10705 = PLANE('',#10706);
#10706 = AXIS2_PLACEMENT_3D('',#10707,#10708,#10709);
#10707 = CARTESIAN_POINT('',(4.45,-1.725,0.7));
#10708 = DIRECTION('',(1.,0.,0.));
#10709 = DIRECTION('',(0.,-1.,0.));
#10710 = ADVANCED_FACE('',(#10711),#10736,.T.);
#10711 = FACE_BOUND('',#10712,.T.);
#10712 = EDGE_LOOP('',(#10713,#10714,#10722,#10730));
#10713 = ORIENTED_EDGE('',*,*,#10692,.T.);
#10714 = ORIENTED_EDGE('',*,*,#10715,.T.);
#10715 = EDGE_CURVE('',#10685,#10716,#10718,.T.);
#10716 = VERTEX_POINT('',#10717);
#10717 = CARTESIAN_POINT('',(-0.45,-2.125,1.3));
#10718 = LINE('',#10719,#10720);
#10719 = CARTESIAN_POINT('',(4.45,-2.125,1.3));
#10720 = VECTOR('',#10721,1.);
#10721 = DIRECTION('',(-1.,0.,0.));
#10722 = ORIENTED_EDGE('',*,*,#10723,.F.);
#10723 = EDGE_CURVE('',#10724,#10716,#10726,.T.);
#10724 = VERTEX_POINT('',#10725);
#10725 = CARTESIAN_POINT('',(-0.45,-2.125,0.7));
#10726 = LINE('',#10727,#10728);
#10727 = CARTESIAN_POINT('',(-0.45,-2.125,0.7));
#10728 = VECTOR('',#10729,1.);
#10729 = DIRECTION('',(0.,0.,1.));
#10730 = ORIENTED_EDGE('',*,*,#10731,.F.);
#10731 = EDGE_CURVE('',#10693,#10724,#10732,.T.);
#10732 = LINE('',#10733,#10734);
#10733 = CARTESIAN_POINT('',(4.45,-2.125,0.7));
#10734 = VECTOR('',#10735,1.);
#10735 = DIRECTION('',(-1.,0.,0.));
#10736 = PLANE('',#10737);
#10737 = AXIS2_PLACEMENT_3D('',#10738,#10739,#10740);
#10738 = CARTESIAN_POINT('',(4.45,-2.125,0.7));
#10739 = DIRECTION('',(0.,-1.,0.));
#10740 = DIRECTION('',(-1.,0.,0.));
#10741 = ADVANCED_FACE('',(#10742),#10767,.T.);
#10742 = FACE_BOUND('',#10743,.T.);
#10743 = EDGE_LOOP('',(#10744,#10745,#10753,#10761));
#10744 = ORIENTED_EDGE('',*,*,#10723,.T.);
#10745 = ORIENTED_EDGE('',*,*,#10746,.T.);
#10746 = EDGE_CURVE('',#10716,#10747,#10749,.T.);
#10747 = VERTEX_POINT('',#10748);
#10748 = CARTESIAN_POINT('',(-0.45,-1.725,1.3));
#10749 = LINE('',#10750,#10751);
#10750 = CARTESIAN_POINT('',(-0.45,-2.125,1.3));
#10751 = VECTOR('',#10752,1.);
#10752 = DIRECTION('',(0.,1.,0.));
#10753 = ORIENTED_EDGE('',*,*,#10754,.F.);
#10754 = EDGE_CURVE('',#10755,#10747,#10757,.T.);
#10755 = VERTEX_POINT('',#10756);
#10756 = CARTESIAN_POINT('',(-0.45,-1.725,0.7));
#10757 = LINE('',#10758,#10759);
#10758 = CARTESIAN_POINT('',(-0.45,-1.725,0.7));
#10759 = VECTOR('',#10760,1.);
#10760 = DIRECTION('',(0.,0.,1.));
#10761 = ORIENTED_EDGE('',*,*,#10762,.F.);
#10762 = EDGE_CURVE('',#10724,#10755,#10763,.T.);
#10763 = LINE('',#10764,#10765);
#10764 = CARTESIAN_POINT('',(-0.45,-2.125,0.7));
#10765 = VECTOR('',#10766,1.);
#10766 = DIRECTION('',(0.,1.,0.));
#10767 = PLANE('',#10768);
#10768 = AXIS2_PLACEMENT_3D('',#10769,#10770,#10771);
#10769 = CARTESIAN_POINT('',(-0.45,-2.125,0.7));
#10770 = DIRECTION('',(-1.,0.,0.));
#10771 = DIRECTION('',(0.,1.,0.));
#10772 = ADVANCED_FACE('',(#10773),#10798,.T.);
#10773 = FACE_BOUND('',#10774,.T.);
#10774 = EDGE_LOOP('',(#10775,#10776,#10784,#10792));
#10775 = ORIENTED_EDGE('',*,*,#10754,.T.);
#10776 = ORIENTED_EDGE('',*,*,#10777,.T.);
#10777 = EDGE_CURVE('',#10747,#10778,#10780,.T.);
#10778 = VERTEX_POINT('',#10779);
#10779 = CARTESIAN_POINT('',(-1.85,-1.725,1.3));
#10780 = LINE('',#10781,#10782);
#10781 = CARTESIAN_POINT('',(-0.45,-1.725,1.3));
#10782 = VECTOR('',#10783,1.);
#10783 = DIRECTION('',(-1.,0.,0.));
#10784 = ORIENTED_EDGE('',*,*,#10785,.F.);
#10785 = EDGE_CURVE('',#10786,#10778,#10788,.T.);
#10786 = VERTEX_POINT('',#10787);
#10787 = CARTESIAN_POINT('',(-1.85,-1.725,0.7));
#10788 = LINE('',#10789,#10790);
#10789 = CARTESIAN_POINT('',(-1.85,-1.725,0.7));
#10790 = VECTOR('',#10791,1.);
#10791 = DIRECTION('',(0.,0.,1.));
#10792 = ORIENTED_EDGE('',*,*,#10793,.F.);
#10793 = EDGE_CURVE('',#10755,#10786,#10794,.T.);
#10794 = LINE('',#10795,#10796);
#10795 = CARTESIAN_POINT('',(-0.45,-1.725,0.7));
#10796 = VECTOR('',#10797,1.);
#10797 = DIRECTION('',(-1.,0.,0.));
#10798 = PLANE('',#10799);
#10799 = AXIS2_PLACEMENT_3D('',#10800,#10801,#10802);
#10800 = CARTESIAN_POINT('',(-0.45,-1.725,0.7));
#10801 = DIRECTION('',(0.,-1.,0.));
#10802 = DIRECTION('',(-1.,0.,0.));
#10803 = ADVANCED_FACE('',(#10804),#10820,.T.);
#10804 = FACE_BOUND('',#10805,.T.);
#10805 = EDGE_LOOP('',(#10806,#10807,#10813,#10814));
#10806 = ORIENTED_EDGE('',*,*,#10785,.T.);
#10807 = ORIENTED_EDGE('',*,*,#10808,.T.);
#10808 = EDGE_CURVE('',#10778,#10460,#10809,.T.);
#10809 = LINE('',#10810,#10811);
#10810 = CARTESIAN_POINT('',(-1.85,-1.725,1.3));
#10811 = VECTOR('',#10812,1.);
#10812 = DIRECTION('',(0.,1.,0.));
#10813 = ORIENTED_EDGE('',*,*,#10457,.F.);
#10814 = ORIENTED_EDGE('',*,*,#10815,.F.);
#10815 = EDGE_CURVE('',#10786,#10458,#10816,.T.);
#10816 = LINE('',#10817,#10818);
#10817 = CARTESIAN_POINT('',(-1.85,-1.725,0.7));
#10818 = VECTOR('',#10819,1.);
#10819 = DIRECTION('',(0.,1.,0.));
#10820 = PLANE('',#10821);
#10821 = AXIS2_PLACEMENT_3D('',#10822,#10823,#10824);
#10822 = CARTESIAN_POINT('',(-1.85,-1.725,0.7));
#10823 = DIRECTION('',(-1.,0.,0.));
#10824 = DIRECTION('',(0.,1.,0.));
#10825 = ADVANCED_FACE('',(#10826),#10840,.F.);
#10826 = FACE_BOUND('',#10827,.T.);
#10827 = EDGE_LOOP('',(#10828,#10829,#10830,#10831,#10832,#10833,#10834,
    #10835,#10836,#10837,#10838,#10839));
#10828 = ORIENTED_EDGE('',*,*,#10483,.T.);
#10829 = ORIENTED_EDGE('',*,*,#10514,.T.);
#10830 = ORIENTED_EDGE('',*,*,#10545,.T.);
#10831 = ORIENTED_EDGE('',*,*,#10576,.T.);
#10832 = ORIENTED_EDGE('',*,*,#10607,.T.);
#10833 = ORIENTED_EDGE('',*,*,#10638,.T.);
#10834 = ORIENTED_EDGE('',*,*,#10669,.T.);
#10835 = ORIENTED_EDGE('',*,*,#10700,.T.);
#10836 = ORIENTED_EDGE('',*,*,#10731,.T.);
#10837 = ORIENTED_EDGE('',*,*,#10762,.T.);
#10838 = ORIENTED_EDGE('',*,*,#10793,.T.);
#10839 = ORIENTED_EDGE('',*,*,#10815,.T.);
#10840 = PLANE('',#10841);
#10841 = AXIS2_PLACEMENT_3D('',#10842,#10843,#10844);
#10842 = CARTESIAN_POINT('',(2.000000000002,-1.114868309247E-16,0.7));
#10843 = DIRECTION('',(0.,0.,1.));
#10844 = DIRECTION('',(1.,0.,-0.));
#10845 = ADVANCED_FACE('',(#10846),#10860,.T.);
#10846 = FACE_BOUND('',#10847,.F.);
#10847 = EDGE_LOOP('',(#10848,#10849,#10850,#10851,#10852,#10853,#10854,
    #10855,#10856,#10857,#10858,#10859));
#10848 = ORIENTED_EDGE('',*,*,#10467,.T.);
#10849 = ORIENTED_EDGE('',*,*,#10498,.T.);
#10850 = ORIENTED_EDGE('',*,*,#10529,.T.);
#10851 = ORIENTED_EDGE('',*,*,#10560,.T.);
#10852 = ORIENTED_EDGE('',*,*,#10591,.T.);
#10853 = ORIENTED_EDGE('',*,*,#10622,.T.);
#10854 = ORIENTED_EDGE('',*,*,#10653,.T.);
#10855 = ORIENTED_EDGE('',*,*,#10684,.T.);
#10856 = ORIENTED_EDGE('',*,*,#10715,.T.);
#10857 = ORIENTED_EDGE('',*,*,#10746,.T.);
#10858 = ORIENTED_EDGE('',*,*,#10777,.T.);
#10859 = ORIENTED_EDGE('',*,*,#10808,.T.);
#10860 = PLANE('',#10861);
#10861 = AXIS2_PLACEMENT_3D('',#10862,#10863,#10864);
#10862 = CARTESIAN_POINT('',(2.000000000002,-1.114868309247E-16,1.3));
#10863 = DIRECTION('',(0.,0.,1.));
#10864 = DIRECTION('',(1.,0.,-0.));
#10865 = MANIFOLD_SOLID_BREP('',#10866);
#10866 = CLOSED_SHELL('',(#10867,#10923,#10954,#10978,#11002,#11026,
    #11050,#11067));
#10867 = ADVANCED_FACE('',(#10868),#10918,.F.);
#10868 = FACE_BOUND('',#10869,.F.);
#10869 = EDGE_LOOP('',(#10870,#10880,#10888,#10896,#10904,#10912));
#10870 = ORIENTED_EDGE('',*,*,#10871,.T.);
#10871 = EDGE_CURVE('',#10872,#10874,#10876,.T.);
#10872 = VERTEX_POINT('',#10873);
#10873 = CARTESIAN_POINT('',(1.75,0.15,0.8));
#10874 = VERTEX_POINT('',#10875);
#10875 = CARTESIAN_POINT('',(1.75,0.15,-2.65));
#10876 = LINE('',#10877,#10878);
#10877 = CARTESIAN_POINT('',(1.75,0.15,0.8));
#10878 = VECTOR('',#10879,1.);
#10879 = DIRECTION('',(-0.,-0.,-1.));
#10880 = ORIENTED_EDGE('',*,*,#10881,.T.);
#10881 = EDGE_CURVE('',#10874,#10882,#10884,.T.);
#10882 = VERTEX_POINT('',#10883);
#10883 = CARTESIAN_POINT('',(1.9,0.15,-2.8));
#10884 = LINE('',#10885,#10886);
#10885 = CARTESIAN_POINT('',(0.925,0.15,-1.825));
#10886 = VECTOR('',#10887,1.);
#10887 = DIRECTION('',(0.707106781187,0.,-0.707106781187));
#10888 = ORIENTED_EDGE('',*,*,#10889,.T.);
#10889 = EDGE_CURVE('',#10882,#10890,#10892,.T.);
#10890 = VERTEX_POINT('',#10891);
#10891 = CARTESIAN_POINT('',(2.1,0.15,-2.8));
#10892 = LINE('',#10893,#10894);
#10893 = CARTESIAN_POINT('',(1.75,0.15,-2.8));
#10894 = VECTOR('',#10895,1.);
#10895 = DIRECTION('',(1.,0.,0.));
#10896 = ORIENTED_EDGE('',*,*,#10897,.F.);
#10897 = EDGE_CURVE('',#10898,#10890,#10900,.T.);
#10898 = VERTEX_POINT('',#10899);
#10899 = CARTESIAN_POINT('',(2.25,0.15,-2.65));
#10900 = LINE('',#10901,#10902);
#10901 = CARTESIAN_POINT('',(2.95,0.15,-1.95));
#10902 = VECTOR('',#10903,1.);
#10903 = DIRECTION('',(-0.707106781187,-0.,-0.707106781187));
#10904 = ORIENTED_EDGE('',*,*,#10905,.F.);
#10905 = EDGE_CURVE('',#10906,#10898,#10908,.T.);
#10906 = VERTEX_POINT('',#10907);
#10907 = CARTESIAN_POINT('',(2.25,0.15,0.8));
#10908 = LINE('',#10909,#10910);
#10909 = CARTESIAN_POINT('',(2.25,0.15,0.8));
#10910 = VECTOR('',#10911,1.);
#10911 = DIRECTION('',(-0.,-0.,-1.));
#10912 = ORIENTED_EDGE('',*,*,#10913,.F.);
#10913 = EDGE_CURVE('',#10872,#10906,#10914,.T.);
#10914 = LINE('',#10915,#10916);
#10915 = CARTESIAN_POINT('',(1.75,0.15,0.8));
#10916 = VECTOR('',#10917,1.);
#10917 = DIRECTION('',(1.,0.,0.));
#10918 = PLANE('',#10919);
#10919 = AXIS2_PLACEMENT_3D('',#10920,#10921,#10922);
#10920 = CARTESIAN_POINT('',(1.75,0.15,0.8));
#10921 = DIRECTION('',(0.,-1.,0.));
#10922 = DIRECTION('',(1.,0.,0.));
#10923 = ADVANCED_FACE('',(#10924),#10949,.F.);
#10924 = FACE_BOUND('',#10925,.F.);
#10925 = EDGE_LOOP('',(#10926,#10936,#10942,#10943));
#10926 = ORIENTED_EDGE('',*,*,#10927,.T.);
#10927 = EDGE_CURVE('',#10928,#10930,#10932,.T.);
#10928 = VERTEX_POINT('',#10929);
#10929 = CARTESIAN_POINT('',(1.75,-0.15,0.8));
#10930 = VERTEX_POINT('',#10931);
#10931 = CARTESIAN_POINT('',(1.75,-0.15,-2.65));
#10932 = LINE('',#10933,#10934);
#10933 = CARTESIAN_POINT('',(1.75,-0.15,0.8));
#10934 = VECTOR('',#10935,1.);
#10935 = DIRECTION('',(-0.,-0.,-1.));
#10936 = ORIENTED_EDGE('',*,*,#10937,.T.);
#10937 = EDGE_CURVE('',#10930,#10874,#10938,.T.);
#10938 = LINE('',#10939,#10940);
#10939 = CARTESIAN_POINT('',(1.75,-0.15,-2.65));
#10940 = VECTOR('',#10941,1.);
#10941 = DIRECTION('',(0.,1.,0.));
#10942 = ORIENTED_EDGE('',*,*,#10871,.F.);
#10943 = ORIENTED_EDGE('',*,*,#10944,.F.);
#10944 = EDGE_CURVE('',#10928,#10872,#10945,.T.);
#10945 = LINE('',#10946,#10947);
#10946 = CARTESIAN_POINT('',(1.75,-0.15,0.8));
#10947 = VECTOR('',#10948,1.);
#10948 = DIRECTION('',(0.,1.,0.));
#10949 = PLANE('',#10950);
#10950 = AXIS2_PLACEMENT_3D('',#10951,#10952,#10953);
#10951 = CARTESIAN_POINT('',(1.75,-0.15,0.8));
#10952 = DIRECTION('',(1.,0.,0.));
#10953 = DIRECTION('',(-0.,1.,0.));
#10954 = ADVANCED_FACE('',(#10955),#10973,.T.);
#10955 = FACE_BOUND('',#10956,.T.);
#10956 = EDGE_LOOP('',(#10957,#10965,#10966,#10967));
#10957 = ORIENTED_EDGE('',*,*,#10958,.F.);
#10958 = EDGE_CURVE('',#10930,#10959,#10961,.T.);
#10959 = VERTEX_POINT('',#10960);
#10960 = CARTESIAN_POINT('',(1.9,-0.15,-2.8));
#10961 = LINE('',#10962,#10963);
#10962 = CARTESIAN_POINT('',(1.05,-0.15,-1.95));
#10963 = VECTOR('',#10964,1.);
#10964 = DIRECTION('',(0.707106781187,0.,-0.707106781187));
#10965 = ORIENTED_EDGE('',*,*,#10937,.T.);
#10966 = ORIENTED_EDGE('',*,*,#10881,.T.);
#10967 = ORIENTED_EDGE('',*,*,#10968,.F.);
#10968 = EDGE_CURVE('',#10959,#10882,#10969,.T.);
#10969 = LINE('',#10970,#10971);
#10970 = CARTESIAN_POINT('',(1.9,-0.15,-2.8));
#10971 = VECTOR('',#10972,1.);
#10972 = DIRECTION('',(0.,1.,0.));
#10973 = PLANE('',#10974);
#10974 = AXIS2_PLACEMENT_3D('',#10975,#10976,#10977);
#10975 = CARTESIAN_POINT('',(1.825,-0.15,-2.725));
#10976 = DIRECTION('',(-0.707106781187,0.,-0.707106781187));
#10977 = DIRECTION('',(0.,1.,0.));
#10978 = ADVANCED_FACE('',(#10979),#10997,.T.);
#10979 = FACE_BOUND('',#10980,.F.);
#10980 = EDGE_LOOP('',(#10981,#10982,#10990,#10996));
#10981 = ORIENTED_EDGE('',*,*,#10913,.T.);
#10982 = ORIENTED_EDGE('',*,*,#10983,.T.);
#10983 = EDGE_CURVE('',#10906,#10984,#10986,.T.);
#10984 = VERTEX_POINT('',#10985);
#10985 = CARTESIAN_POINT('',(2.25,-0.15,0.8));
#10986 = LINE('',#10987,#10988);
#10987 = CARTESIAN_POINT('',(2.25,0.15,0.8));
#10988 = VECTOR('',#10989,1.);
#10989 = DIRECTION('',(0.,-1.,0.));
#10990 = ORIENTED_EDGE('',*,*,#10991,.T.);
#10991 = EDGE_CURVE('',#10984,#10928,#10992,.T.);
#10992 = LINE('',#10993,#10994);
#10993 = CARTESIAN_POINT('',(2.25,-0.15,0.8));
#10994 = VECTOR('',#10995,1.);
#10995 = DIRECTION('',(-1.,0.,0.));
#10996 = ORIENTED_EDGE('',*,*,#10944,.T.);
#10997 = PLANE('',#10998);
#10998 = AXIS2_PLACEMENT_3D('',#10999,#11000,#11001);
#10999 = CARTESIAN_POINT('',(2.,1.E-17,0.8));
#11000 = DIRECTION('',(0.,0.,1.));
#11001 = DIRECTION('',(1.,0.,-0.));
#11002 = ADVANCED_FACE('',(#11003),#11021,.F.);
#11003 = FACE_BOUND('',#11004,.F.);
#11004 = EDGE_LOOP('',(#11005,#11006,#11007,#11015));
#11005 = ORIENTED_EDGE('',*,*,#10889,.F.);
#11006 = ORIENTED_EDGE('',*,*,#10968,.F.);
#11007 = ORIENTED_EDGE('',*,*,#11008,.F.);
#11008 = EDGE_CURVE('',#11009,#10959,#11011,.T.);
#11009 = VERTEX_POINT('',#11010);
#11010 = CARTESIAN_POINT('',(2.1,-0.15,-2.8));
#11011 = LINE('',#11012,#11013);
#11012 = CARTESIAN_POINT('',(2.25,-0.15,-2.8));
#11013 = VECTOR('',#11014,1.);
#11014 = DIRECTION('',(-1.,0.,0.));
#11015 = ORIENTED_EDGE('',*,*,#11016,.F.);
#11016 = EDGE_CURVE('',#10890,#11009,#11017,.T.);
#11017 = LINE('',#11018,#11019);
#11018 = CARTESIAN_POINT('',(2.1,0.15,-2.8));
#11019 = VECTOR('',#11020,1.);
#11020 = DIRECTION('',(0.,-1.,0.));
#11021 = PLANE('',#11022);
#11022 = AXIS2_PLACEMENT_3D('',#11023,#11024,#11025);
#11023 = CARTESIAN_POINT('',(2.,1.E-17,-2.8));
#11024 = DIRECTION('',(0.,0.,1.));
#11025 = DIRECTION('',(1.,0.,-0.));
#11026 = ADVANCED_FACE('',(#11027),#11045,.F.);
#11027 = FACE_BOUND('',#11028,.F.);
#11028 = EDGE_LOOP('',(#11029,#11030,#11038,#11044));
#11029 = ORIENTED_EDGE('',*,*,#10905,.T.);
#11030 = ORIENTED_EDGE('',*,*,#11031,.T.);
#11031 = EDGE_CURVE('',#10898,#11032,#11034,.T.);
#11032 = VERTEX_POINT('',#11033);
#11033 = CARTESIAN_POINT('',(2.25,-0.15,-2.65));
#11034 = LINE('',#11035,#11036);
#11035 = CARTESIAN_POINT('',(2.25,0.15,-2.65));
#11036 = VECTOR('',#11037,1.);
#11037 = DIRECTION('',(0.,-1.,0.));
#11038 = ORIENTED_EDGE('',*,*,#11039,.F.);
#11039 = EDGE_CURVE('',#10984,#11032,#11040,.T.);
#11040 = LINE('',#11041,#11042);
#11041 = CARTESIAN_POINT('',(2.25,-0.15,0.8));
#11042 = VECTOR('',#11043,1.);
#11043 = DIRECTION('',(-0.,-0.,-1.));
#11044 = ORIENTED_EDGE('',*,*,#10983,.F.);
#11045 = PLANE('',#11046);
#11046 = AXIS2_PLACEMENT_3D('',#11047,#11048,#11049);
#11047 = CARTESIAN_POINT('',(2.25,0.15,0.8));
#11048 = DIRECTION('',(-1.,0.,0.));
#11049 = DIRECTION('',(0.,-1.,0.));
#11050 = ADVANCED_FACE('',(#11051),#11062,.T.);
#11051 = FACE_BOUND('',#11052,.T.);
#11052 = EDGE_LOOP('',(#11053,#11054,#11055,#11061));
#11053 = ORIENTED_EDGE('',*,*,#10897,.F.);
#11054 = ORIENTED_EDGE('',*,*,#11031,.T.);
#11055 = ORIENTED_EDGE('',*,*,#11056,.T.);
#11056 = EDGE_CURVE('',#11032,#11009,#11057,.T.);
#11057 = LINE('',#11058,#11059);
#11058 = CARTESIAN_POINT('',(3.075,-0.15,-1.825));
#11059 = VECTOR('',#11060,1.);
#11060 = DIRECTION('',(-0.707106781187,0.,-0.707106781187));
#11061 = ORIENTED_EDGE('',*,*,#11016,.F.);
#11062 = PLANE('',#11063);
#11063 = AXIS2_PLACEMENT_3D('',#11064,#11065,#11066);
#11064 = CARTESIAN_POINT('',(2.175,0.15,-2.725));
#11065 = DIRECTION('',(0.707106781187,0.,-0.707106781187));
#11066 = DIRECTION('',(0.,-1.,0.));
#11067 = ADVANCED_FACE('',(#11068),#11076,.F.);
#11068 = FACE_BOUND('',#11069,.F.);
#11069 = EDGE_LOOP('',(#11070,#11071,#11072,#11073,#11074,#11075));
#11070 = ORIENTED_EDGE('',*,*,#11039,.T.);
#11071 = ORIENTED_EDGE('',*,*,#11056,.T.);
#11072 = ORIENTED_EDGE('',*,*,#11008,.T.);
#11073 = ORIENTED_EDGE('',*,*,#10958,.F.);
#11074 = ORIENTED_EDGE('',*,*,#10927,.F.);
#11075 = ORIENTED_EDGE('',*,*,#10991,.F.);
#11076 = PLANE('',#11077);
#11077 = AXIS2_PLACEMENT_3D('',#11078,#11079,#11080);
#11078 = CARTESIAN_POINT('',(2.25,-0.15,0.8));
#11079 = DIRECTION('',(0.,1.,0.));
#11080 = DIRECTION('',(-1.,0.,0.));
#11081 = MANIFOLD_SOLID_BREP('',#11082);
#11082 = CLOSED_SHELL('',(#11083,#11139,#11170,#11194,#11218,#11242,
    #11266,#11283));
#11083 = ADVANCED_FACE('',(#11084),#11134,.F.);
#11084 = FACE_BOUND('',#11085,.F.);
#11085 = EDGE_LOOP('',(#11086,#11096,#11104,#11112,#11120,#11128));
#11086 = ORIENTED_EDGE('',*,*,#11087,.T.);
#11087 = EDGE_CURVE('',#11088,#11090,#11092,.T.);
#11088 = VERTEX_POINT('',#11089);
#11089 = CARTESIAN_POINT('',(3.75,0.15,0.8));
#11090 = VERTEX_POINT('',#11091);
#11091 = CARTESIAN_POINT('',(3.75,0.15,-2.65));
#11092 = LINE('',#11093,#11094);
#11093 = CARTESIAN_POINT('',(3.75,0.15,0.8));
#11094 = VECTOR('',#11095,1.);
#11095 = DIRECTION('',(-0.,-0.,-1.));
#11096 = ORIENTED_EDGE('',*,*,#11097,.T.);
#11097 = EDGE_CURVE('',#11090,#11098,#11100,.T.);
#11098 = VERTEX_POINT('',#11099);
#11099 = CARTESIAN_POINT('',(3.9,0.15,-2.8));
#11100 = LINE('',#11101,#11102);
#11101 = CARTESIAN_POINT('',(2.925,0.15,-1.825));
#11102 = VECTOR('',#11103,1.);
#11103 = DIRECTION('',(0.707106781187,0.,-0.707106781187));
#11104 = ORIENTED_EDGE('',*,*,#11105,.T.);
#11105 = EDGE_CURVE('',#11098,#11106,#11108,.T.);
#11106 = VERTEX_POINT('',#11107);
#11107 = CARTESIAN_POINT('',(4.1,0.15,-2.8));
#11108 = LINE('',#11109,#11110);
#11109 = CARTESIAN_POINT('',(3.75,0.15,-2.8));
#11110 = VECTOR('',#11111,1.);
#11111 = DIRECTION('',(1.,0.,0.));
#11112 = ORIENTED_EDGE('',*,*,#11113,.F.);
#11113 = EDGE_CURVE('',#11114,#11106,#11116,.T.);
#11114 = VERTEX_POINT('',#11115);
#11115 = CARTESIAN_POINT('',(4.25,0.15,-2.65));
#11116 = LINE('',#11117,#11118);
#11117 = CARTESIAN_POINT('',(4.95,0.15,-1.95));
#11118 = VECTOR('',#11119,1.);
#11119 = DIRECTION('',(-0.707106781187,-0.,-0.707106781187));
#11120 = ORIENTED_EDGE('',*,*,#11121,.F.);
#11121 = EDGE_CURVE('',#11122,#11114,#11124,.T.);
#11122 = VERTEX_POINT('',#11123);
#11123 = CARTESIAN_POINT('',(4.25,0.15,0.8));
#11124 = LINE('',#11125,#11126);
#11125 = CARTESIAN_POINT('',(4.25,0.15,0.8));
#11126 = VECTOR('',#11127,1.);
#11127 = DIRECTION('',(-0.,-0.,-1.));
#11128 = ORIENTED_EDGE('',*,*,#11129,.F.);
#11129 = EDGE_CURVE('',#11088,#11122,#11130,.T.);
#11130 = LINE('',#11131,#11132);
#11131 = CARTESIAN_POINT('',(3.75,0.15,0.8));
#11132 = VECTOR('',#11133,1.);
#11133 = DIRECTION('',(1.,0.,0.));
#11134 = PLANE('',#11135);
#11135 = AXIS2_PLACEMENT_3D('',#11136,#11137,#11138);
#11136 = CARTESIAN_POINT('',(3.75,0.15,0.8));
#11137 = DIRECTION('',(0.,-1.,0.));
#11138 = DIRECTION('',(1.,0.,0.));
#11139 = ADVANCED_FACE('',(#11140),#11165,.F.);
#11140 = FACE_BOUND('',#11141,.F.);
#11141 = EDGE_LOOP('',(#11142,#11152,#11158,#11159));
#11142 = ORIENTED_EDGE('',*,*,#11143,.T.);
#11143 = EDGE_CURVE('',#11144,#11146,#11148,.T.);
#11144 = VERTEX_POINT('',#11145);
#11145 = CARTESIAN_POINT('',(3.75,-0.15,0.8));
#11146 = VERTEX_POINT('',#11147);
#11147 = CARTESIAN_POINT('',(3.75,-0.15,-2.65));
#11148 = LINE('',#11149,#11150);
#11149 = CARTESIAN_POINT('',(3.75,-0.15,0.8));
#11150 = VECTOR('',#11151,1.);
#11151 = DIRECTION('',(-0.,-0.,-1.));
#11152 = ORIENTED_EDGE('',*,*,#11153,.T.);
#11153 = EDGE_CURVE('',#11146,#11090,#11154,.T.);
#11154 = LINE('',#11155,#11156);
#11155 = CARTESIAN_POINT('',(3.75,-0.15,-2.65));
#11156 = VECTOR('',#11157,1.);
#11157 = DIRECTION('',(0.,1.,0.));
#11158 = ORIENTED_EDGE('',*,*,#11087,.F.);
#11159 = ORIENTED_EDGE('',*,*,#11160,.F.);
#11160 = EDGE_CURVE('',#11144,#11088,#11161,.T.);
#11161 = LINE('',#11162,#11163);
#11162 = CARTESIAN_POINT('',(3.75,-0.15,0.8));
#11163 = VECTOR('',#11164,1.);
#11164 = DIRECTION('',(0.,1.,0.));
#11165 = PLANE('',#11166);
#11166 = AXIS2_PLACEMENT_3D('',#11167,#11168,#11169);
#11167 = CARTESIAN_POINT('',(3.75,-0.15,0.8));
#11168 = DIRECTION('',(1.,0.,0.));
#11169 = DIRECTION('',(-0.,1.,0.));
#11170 = ADVANCED_FACE('',(#11171),#11189,.T.);
#11171 = FACE_BOUND('',#11172,.T.);
#11172 = EDGE_LOOP('',(#11173,#11181,#11182,#11183));
#11173 = ORIENTED_EDGE('',*,*,#11174,.F.);
#11174 = EDGE_CURVE('',#11146,#11175,#11177,.T.);
#11175 = VERTEX_POINT('',#11176);
#11176 = CARTESIAN_POINT('',(3.9,-0.15,-2.8));
#11177 = LINE('',#11178,#11179);
#11178 = CARTESIAN_POINT('',(3.05,-0.15,-1.95));
#11179 = VECTOR('',#11180,1.);
#11180 = DIRECTION('',(0.707106781187,0.,-0.707106781187));
#11181 = ORIENTED_EDGE('',*,*,#11153,.T.);
#11182 = ORIENTED_EDGE('',*,*,#11097,.T.);
#11183 = ORIENTED_EDGE('',*,*,#11184,.F.);
#11184 = EDGE_CURVE('',#11175,#11098,#11185,.T.);
#11185 = LINE('',#11186,#11187);
#11186 = CARTESIAN_POINT('',(3.9,-0.15,-2.8));
#11187 = VECTOR('',#11188,1.);
#11188 = DIRECTION('',(0.,1.,0.));
#11189 = PLANE('',#11190);
#11190 = AXIS2_PLACEMENT_3D('',#11191,#11192,#11193);
#11191 = CARTESIAN_POINT('',(3.825,-0.15,-2.725));
#11192 = DIRECTION('',(-0.707106781187,0.,-0.707106781187));
#11193 = DIRECTION('',(0.,1.,0.));
#11194 = ADVANCED_FACE('',(#11195),#11213,.T.);
#11195 = FACE_BOUND('',#11196,.F.);
#11196 = EDGE_LOOP('',(#11197,#11198,#11206,#11212));
#11197 = ORIENTED_EDGE('',*,*,#11129,.T.);
#11198 = ORIENTED_EDGE('',*,*,#11199,.T.);
#11199 = EDGE_CURVE('',#11122,#11200,#11202,.T.);
#11200 = VERTEX_POINT('',#11201);
#11201 = CARTESIAN_POINT('',(4.25,-0.15,0.8));
#11202 = LINE('',#11203,#11204);
#11203 = CARTESIAN_POINT('',(4.25,0.15,0.8));
#11204 = VECTOR('',#11205,1.);
#11205 = DIRECTION('',(0.,-1.,0.));
#11206 = ORIENTED_EDGE('',*,*,#11207,.T.);
#11207 = EDGE_CURVE('',#11200,#11144,#11208,.T.);
#11208 = LINE('',#11209,#11210);
#11209 = CARTESIAN_POINT('',(4.25,-0.15,0.8));
#11210 = VECTOR('',#11211,1.);
#11211 = DIRECTION('',(-1.,0.,0.));
#11212 = ORIENTED_EDGE('',*,*,#11160,.T.);
#11213 = PLANE('',#11214);
#11214 = AXIS2_PLACEMENT_3D('',#11215,#11216,#11217);
#11215 = CARTESIAN_POINT('',(4.,1.E-17,0.8));
#11216 = DIRECTION('',(0.,0.,1.));
#11217 = DIRECTION('',(1.,0.,-0.));
#11218 = ADVANCED_FACE('',(#11219),#11237,.F.);
#11219 = FACE_BOUND('',#11220,.F.);
#11220 = EDGE_LOOP('',(#11221,#11222,#11223,#11231));
#11221 = ORIENTED_EDGE('',*,*,#11105,.F.);
#11222 = ORIENTED_EDGE('',*,*,#11184,.F.);
#11223 = ORIENTED_EDGE('',*,*,#11224,.F.);
#11224 = EDGE_CURVE('',#11225,#11175,#11227,.T.);
#11225 = VERTEX_POINT('',#11226);
#11226 = CARTESIAN_POINT('',(4.1,-0.15,-2.8));
#11227 = LINE('',#11228,#11229);
#11228 = CARTESIAN_POINT('',(4.25,-0.15,-2.8));
#11229 = VECTOR('',#11230,1.);
#11230 = DIRECTION('',(-1.,0.,0.));
#11231 = ORIENTED_EDGE('',*,*,#11232,.F.);
#11232 = EDGE_CURVE('',#11106,#11225,#11233,.T.);
#11233 = LINE('',#11234,#11235);
#11234 = CARTESIAN_POINT('',(4.1,0.15,-2.8));
#11235 = VECTOR('',#11236,1.);
#11236 = DIRECTION('',(0.,-1.,0.));
#11237 = PLANE('',#11238);
#11238 = AXIS2_PLACEMENT_3D('',#11239,#11240,#11241);
#11239 = CARTESIAN_POINT('',(4.,1.E-17,-2.8));
#11240 = DIRECTION('',(0.,0.,1.));
#11241 = DIRECTION('',(1.,0.,-0.));
#11242 = ADVANCED_FACE('',(#11243),#11261,.F.);
#11243 = FACE_BOUND('',#11244,.F.);
#11244 = EDGE_LOOP('',(#11245,#11246,#11254,#11260));
#11245 = ORIENTED_EDGE('',*,*,#11121,.T.);
#11246 = ORIENTED_EDGE('',*,*,#11247,.T.);
#11247 = EDGE_CURVE('',#11114,#11248,#11250,.T.);
#11248 = VERTEX_POINT('',#11249);
#11249 = CARTESIAN_POINT('',(4.25,-0.15,-2.65));
#11250 = LINE('',#11251,#11252);
#11251 = CARTESIAN_POINT('',(4.25,0.15,-2.65));
#11252 = VECTOR('',#11253,1.);
#11253 = DIRECTION('',(0.,-1.,0.));
#11254 = ORIENTED_EDGE('',*,*,#11255,.F.);
#11255 = EDGE_CURVE('',#11200,#11248,#11256,.T.);
#11256 = LINE('',#11257,#11258);
#11257 = CARTESIAN_POINT('',(4.25,-0.15,0.8));
#11258 = VECTOR('',#11259,1.);
#11259 = DIRECTION('',(-0.,-0.,-1.));
#11260 = ORIENTED_EDGE('',*,*,#11199,.F.);
#11261 = PLANE('',#11262);
#11262 = AXIS2_PLACEMENT_3D('',#11263,#11264,#11265);
#11263 = CARTESIAN_POINT('',(4.25,0.15,0.8));
#11264 = DIRECTION('',(-1.,0.,0.));
#11265 = DIRECTION('',(0.,-1.,0.));
#11266 = ADVANCED_FACE('',(#11267),#11278,.T.);
#11267 = FACE_BOUND('',#11268,.T.);
#11268 = EDGE_LOOP('',(#11269,#11270,#11271,#11277));
#11269 = ORIENTED_EDGE('',*,*,#11113,.F.);
#11270 = ORIENTED_EDGE('',*,*,#11247,.T.);
#11271 = ORIENTED_EDGE('',*,*,#11272,.T.);
#11272 = EDGE_CURVE('',#11248,#11225,#11273,.T.);
#11273 = LINE('',#11274,#11275);
#11274 = CARTESIAN_POINT('',(5.075,-0.15,-1.825));
#11275 = VECTOR('',#11276,1.);
#11276 = DIRECTION('',(-0.707106781187,0.,-0.707106781187));
#11277 = ORIENTED_EDGE('',*,*,#11232,.F.);
#11278 = PLANE('',#11279);
#11279 = AXIS2_PLACEMENT_3D('',#11280,#11281,#11282);
#11280 = CARTESIAN_POINT('',(4.175,0.15,-2.725));
#11281 = DIRECTION('',(0.707106781187,0.,-0.707106781187));
#11282 = DIRECTION('',(0.,-1.,0.));
#11283 = ADVANCED_FACE('',(#11284),#11292,.F.);
#11284 = FACE_BOUND('',#11285,.F.);
#11285 = EDGE_LOOP('',(#11286,#11287,#11288,#11289,#11290,#11291));
#11286 = ORIENTED_EDGE('',*,*,#11255,.T.);
#11287 = ORIENTED_EDGE('',*,*,#11272,.T.);
#11288 = ORIENTED_EDGE('',*,*,#11224,.T.);
#11289 = ORIENTED_EDGE('',*,*,#11174,.F.);
#11290 = ORIENTED_EDGE('',*,*,#11143,.F.);
#11291 = ORIENTED_EDGE('',*,*,#11207,.F.);
#11292 = PLANE('',#11293);
#11293 = AXIS2_PLACEMENT_3D('',#11294,#11295,#11296);
#11294 = CARTESIAN_POINT('',(4.25,-0.15,0.8));
#11295 = DIRECTION('',(0.,1.,0.));
#11296 = DIRECTION('',(-1.,0.,0.));
#11297 = MANIFOLD_SOLID_BREP('',#11298);
#11298 = CLOSED_SHELL('',(#11299,#11355,#11386,#11410,#11434,#11458,
    #11482,#11499));
#11299 = ADVANCED_FACE('',(#11300),#11350,.F.);
#11300 = FACE_BOUND('',#11301,.F.);
#11301 = EDGE_LOOP('',(#11302,#11312,#11320,#11328,#11336,#11344));
#11302 = ORIENTED_EDGE('',*,*,#11303,.T.);
#11303 = EDGE_CURVE('',#11304,#11306,#11308,.T.);
#11304 = VERTEX_POINT('',#11305);
#11305 = CARTESIAN_POINT('',(-0.25,0.15,0.8));
#11306 = VERTEX_POINT('',#11307);
#11307 = CARTESIAN_POINT('',(-0.25,0.15,-2.65));
#11308 = LINE('',#11309,#11310);
#11309 = CARTESIAN_POINT('',(-0.25,0.15,0.8));
#11310 = VECTOR('',#11311,1.);
#11311 = DIRECTION('',(-0.,-0.,-1.));
#11312 = ORIENTED_EDGE('',*,*,#11313,.T.);
#11313 = EDGE_CURVE('',#11306,#11314,#11316,.T.);
#11314 = VERTEX_POINT('',#11315);
#11315 = CARTESIAN_POINT('',(-0.1,0.15,-2.8));
#11316 = LINE('',#11317,#11318);
#11317 = CARTESIAN_POINT('',(-1.075,0.15,-1.825));
#11318 = VECTOR('',#11319,1.);
#11319 = DIRECTION('',(0.707106781187,0.,-0.707106781187));
#11320 = ORIENTED_EDGE('',*,*,#11321,.T.);
#11321 = EDGE_CURVE('',#11314,#11322,#11324,.T.);
#11322 = VERTEX_POINT('',#11323);
#11323 = CARTESIAN_POINT('',(0.1,0.15,-2.8));
#11324 = LINE('',#11325,#11326);
#11325 = CARTESIAN_POINT('',(-0.25,0.15,-2.8));
#11326 = VECTOR('',#11327,1.);
#11327 = DIRECTION('',(1.,0.,0.));
#11328 = ORIENTED_EDGE('',*,*,#11329,.F.);
#11329 = EDGE_CURVE('',#11330,#11322,#11332,.T.);
#11330 = VERTEX_POINT('',#11331);
#11331 = CARTESIAN_POINT('',(0.25,0.15,-2.65));
#11332 = LINE('',#11333,#11334);
#11333 = CARTESIAN_POINT('',(0.95,0.15,-1.95));
#11334 = VECTOR('',#11335,1.);
#11335 = DIRECTION('',(-0.707106781187,-0.,-0.707106781187));
#11336 = ORIENTED_EDGE('',*,*,#11337,.F.);
#11337 = EDGE_CURVE('',#11338,#11330,#11340,.T.);
#11338 = VERTEX_POINT('',#11339);
#11339 = CARTESIAN_POINT('',(0.25,0.15,0.8));
#11340 = LINE('',#11341,#11342);
#11341 = CARTESIAN_POINT('',(0.25,0.15,0.8));
#11342 = VECTOR('',#11343,1.);
#11343 = DIRECTION('',(-0.,-0.,-1.));
#11344 = ORIENTED_EDGE('',*,*,#11345,.F.);
#11345 = EDGE_CURVE('',#11304,#11338,#11346,.T.);
#11346 = LINE('',#11347,#11348);
#11347 = CARTESIAN_POINT('',(-0.25,0.15,0.8));
#11348 = VECTOR('',#11349,1.);
#11349 = DIRECTION('',(1.,0.,0.));
#11350 = PLANE('',#11351);
#11351 = AXIS2_PLACEMENT_3D('',#11352,#11353,#11354);
#11352 = CARTESIAN_POINT('',(-0.25,0.15,0.8));
#11353 = DIRECTION('',(0.,-1.,0.));
#11354 = DIRECTION('',(1.,0.,0.));
#11355 = ADVANCED_FACE('',(#11356),#11381,.F.);
#11356 = FACE_BOUND('',#11357,.F.);
#11357 = EDGE_LOOP('',(#11358,#11368,#11374,#11375));
#11358 = ORIENTED_EDGE('',*,*,#11359,.T.);
#11359 = EDGE_CURVE('',#11360,#11362,#11364,.T.);
#11360 = VERTEX_POINT('',#11361);
#11361 = CARTESIAN_POINT('',(-0.25,-0.15,0.8));
#11362 = VERTEX_POINT('',#11363);
#11363 = CARTESIAN_POINT('',(-0.25,-0.15,-2.65));
#11364 = LINE('',#11365,#11366);
#11365 = CARTESIAN_POINT('',(-0.25,-0.15,0.8));
#11366 = VECTOR('',#11367,1.);
#11367 = DIRECTION('',(-0.,-0.,-1.));
#11368 = ORIENTED_EDGE('',*,*,#11369,.T.);
#11369 = EDGE_CURVE('',#11362,#11306,#11370,.T.);
#11370 = LINE('',#11371,#11372);
#11371 = CARTESIAN_POINT('',(-0.25,-0.15,-2.65));
#11372 = VECTOR('',#11373,1.);
#11373 = DIRECTION('',(0.,1.,0.));
#11374 = ORIENTED_EDGE('',*,*,#11303,.F.);
#11375 = ORIENTED_EDGE('',*,*,#11376,.F.);
#11376 = EDGE_CURVE('',#11360,#11304,#11377,.T.);
#11377 = LINE('',#11378,#11379);
#11378 = CARTESIAN_POINT('',(-0.25,-0.15,0.8));
#11379 = VECTOR('',#11380,1.);
#11380 = DIRECTION('',(0.,1.,0.));
#11381 = PLANE('',#11382);
#11382 = AXIS2_PLACEMENT_3D('',#11383,#11384,#11385);
#11383 = CARTESIAN_POINT('',(-0.25,-0.15,0.8));
#11384 = DIRECTION('',(1.,0.,0.));
#11385 = DIRECTION('',(-0.,1.,0.));
#11386 = ADVANCED_FACE('',(#11387),#11405,.T.);
#11387 = FACE_BOUND('',#11388,.T.);
#11388 = EDGE_LOOP('',(#11389,#11397,#11398,#11399));
#11389 = ORIENTED_EDGE('',*,*,#11390,.F.);
#11390 = EDGE_CURVE('',#11362,#11391,#11393,.T.);
#11391 = VERTEX_POINT('',#11392);
#11392 = CARTESIAN_POINT('',(-0.1,-0.15,-2.8));
#11393 = LINE('',#11394,#11395);
#11394 = CARTESIAN_POINT('',(-0.95,-0.15,-1.95));
#11395 = VECTOR('',#11396,1.);
#11396 = DIRECTION('',(0.707106781187,0.,-0.707106781187));
#11397 = ORIENTED_EDGE('',*,*,#11369,.T.);
#11398 = ORIENTED_EDGE('',*,*,#11313,.T.);
#11399 = ORIENTED_EDGE('',*,*,#11400,.F.);
#11400 = EDGE_CURVE('',#11391,#11314,#11401,.T.);
#11401 = LINE('',#11402,#11403);
#11402 = CARTESIAN_POINT('',(-0.1,-0.15,-2.8));
#11403 = VECTOR('',#11404,1.);
#11404 = DIRECTION('',(0.,1.,0.));
#11405 = PLANE('',#11406);
#11406 = AXIS2_PLACEMENT_3D('',#11407,#11408,#11409);
#11407 = CARTESIAN_POINT('',(-0.175,-0.15,-2.725));
#11408 = DIRECTION('',(-0.707106781187,0.,-0.707106781187));
#11409 = DIRECTION('',(0.,1.,0.));
#11410 = ADVANCED_FACE('',(#11411),#11429,.T.);
#11411 = FACE_BOUND('',#11412,.F.);
#11412 = EDGE_LOOP('',(#11413,#11414,#11422,#11428));
#11413 = ORIENTED_EDGE('',*,*,#11345,.T.);
#11414 = ORIENTED_EDGE('',*,*,#11415,.T.);
#11415 = EDGE_CURVE('',#11338,#11416,#11418,.T.);
#11416 = VERTEX_POINT('',#11417);
#11417 = CARTESIAN_POINT('',(0.25,-0.15,0.8));
#11418 = LINE('',#11419,#11420);
#11419 = CARTESIAN_POINT('',(0.25,0.15,0.8));
#11420 = VECTOR('',#11421,1.);
#11421 = DIRECTION('',(0.,-1.,0.));
#11422 = ORIENTED_EDGE('',*,*,#11423,.T.);
#11423 = EDGE_CURVE('',#11416,#11360,#11424,.T.);
#11424 = LINE('',#11425,#11426);
#11425 = CARTESIAN_POINT('',(0.25,-0.15,0.8));
#11426 = VECTOR('',#11427,1.);
#11427 = DIRECTION('',(-1.,0.,0.));
#11428 = ORIENTED_EDGE('',*,*,#11376,.T.);
#11429 = PLANE('',#11430);
#11430 = AXIS2_PLACEMENT_3D('',#11431,#11432,#11433);
#11431 = CARTESIAN_POINT('',(1.E-17,1.E-17,0.8));
#11432 = DIRECTION('',(0.,0.,1.));
#11433 = DIRECTION('',(1.,0.,-0.));
#11434 = ADVANCED_FACE('',(#11435),#11453,.F.);
#11435 = FACE_BOUND('',#11436,.F.);
#11436 = EDGE_LOOP('',(#11437,#11438,#11439,#11447));
#11437 = ORIENTED_EDGE('',*,*,#11321,.F.);
#11438 = ORIENTED_EDGE('',*,*,#11400,.F.);
#11439 = ORIENTED_EDGE('',*,*,#11440,.F.);
#11440 = EDGE_CURVE('',#11441,#11391,#11443,.T.);
#11441 = VERTEX_POINT('',#11442);
#11442 = CARTESIAN_POINT('',(0.1,-0.15,-2.8));
#11443 = LINE('',#11444,#11445);
#11444 = CARTESIAN_POINT('',(0.25,-0.15,-2.8));
#11445 = VECTOR('',#11446,1.);
#11446 = DIRECTION('',(-1.,0.,0.));
#11447 = ORIENTED_EDGE('',*,*,#11448,.F.);
#11448 = EDGE_CURVE('',#11322,#11441,#11449,.T.);
#11449 = LINE('',#11450,#11451);
#11450 = CARTESIAN_POINT('',(0.1,0.15,-2.8));
#11451 = VECTOR('',#11452,1.);
#11452 = DIRECTION('',(0.,-1.,0.));
#11453 = PLANE('',#11454);
#11454 = AXIS2_PLACEMENT_3D('',#11455,#11456,#11457);
#11455 = CARTESIAN_POINT('',(1.E-17,1.E-17,-2.8));
#11456 = DIRECTION('',(0.,0.,1.));
#11457 = DIRECTION('',(1.,0.,-0.));
#11458 = ADVANCED_FACE('',(#11459),#11477,.F.);
#11459 = FACE_BOUND('',#11460,.F.);
#11460 = EDGE_LOOP('',(#11461,#11462,#11470,#11476));
#11461 = ORIENTED_EDGE('',*,*,#11337,.T.);
#11462 = ORIENTED_EDGE('',*,*,#11463,.T.);
#11463 = EDGE_CURVE('',#11330,#11464,#11466,.T.);
#11464 = VERTEX_POINT('',#11465);
#11465 = CARTESIAN_POINT('',(0.25,-0.15,-2.65));
#11466 = LINE('',#11467,#11468);
#11467 = CARTESIAN_POINT('',(0.25,0.15,-2.65));
#11468 = VECTOR('',#11469,1.);
#11469 = DIRECTION('',(0.,-1.,0.));
#11470 = ORIENTED_EDGE('',*,*,#11471,.F.);
#11471 = EDGE_CURVE('',#11416,#11464,#11472,.T.);
#11472 = LINE('',#11473,#11474);
#11473 = CARTESIAN_POINT('',(0.25,-0.15,0.8));
#11474 = VECTOR('',#11475,1.);
#11475 = DIRECTION('',(-0.,-0.,-1.));
#11476 = ORIENTED_EDGE('',*,*,#11415,.F.);
#11477 = PLANE('',#11478);
#11478 = AXIS2_PLACEMENT_3D('',#11479,#11480,#11481);
#11479 = CARTESIAN_POINT('',(0.25,0.15,0.8));
#11480 = DIRECTION('',(-1.,0.,0.));
#11481 = DIRECTION('',(0.,-1.,0.));
#11482 = ADVANCED_FACE('',(#11483),#11494,.T.);
#11483 = FACE_BOUND('',#11484,.T.);
#11484 = EDGE_LOOP('',(#11485,#11486,#11487,#11493));
#11485 = ORIENTED_EDGE('',*,*,#11329,.F.);
#11486 = ORIENTED_EDGE('',*,*,#11463,.T.);
#11487 = ORIENTED_EDGE('',*,*,#11488,.T.);
#11488 = EDGE_CURVE('',#11464,#11441,#11489,.T.);
#11489 = LINE('',#11490,#11491);
#11490 = CARTESIAN_POINT('',(1.075,-0.15,-1.825));
#11491 = VECTOR('',#11492,1.);
#11492 = DIRECTION('',(-0.707106781187,0.,-0.707106781187));
#11493 = ORIENTED_EDGE('',*,*,#11448,.F.);
#11494 = PLANE('',#11495);
#11495 = AXIS2_PLACEMENT_3D('',#11496,#11497,#11498);
#11496 = CARTESIAN_POINT('',(0.175,0.15,-2.725));
#11497 = DIRECTION('',(0.707106781187,0.,-0.707106781187));
#11498 = DIRECTION('',(0.,-1.,0.));
#11499 = ADVANCED_FACE('',(#11500),#11508,.F.);
#11500 = FACE_BOUND('',#11501,.F.);
#11501 = EDGE_LOOP('',(#11502,#11503,#11504,#11505,#11506,#11507));
#11502 = ORIENTED_EDGE('',*,*,#11471,.T.);
#11503 = ORIENTED_EDGE('',*,*,#11488,.T.);
#11504 = ORIENTED_EDGE('',*,*,#11440,.T.);
#11505 = ORIENTED_EDGE('',*,*,#11390,.F.);
#11506 = ORIENTED_EDGE('',*,*,#11359,.F.);
#11507 = ORIENTED_EDGE('',*,*,#11423,.F.);
#11508 = PLANE('',#11509);
#11509 = AXIS2_PLACEMENT_3D('',#11510,#11511,#11512);
#11510 = CARTESIAN_POINT('',(0.25,-0.15,0.8));
#11511 = DIRECTION('',(0.,1.,0.));
#11512 = DIRECTION('',(-1.,0.,0.));
#11513 = MANIFOLD_SOLID_BREP('',#11514);
#11514 = CLOSED_SHELL('',(#11515,#11555,#11586,#11617,#11648,#11703,
    #11727,#11758,#11775,#11799,#11830,#11847,#11874,#11898,#11922,
    #11946,#11970,#11994,#12011,#12023,#12035));
#11515 = ADVANCED_FACE('',(#11516),#11550,.T.);
#11516 = FACE_BOUND('',#11517,.T.);
#11517 = EDGE_LOOP('',(#11518,#11528,#11536,#11544));
#11518 = ORIENTED_EDGE('',*,*,#11519,.T.);
#11519 = EDGE_CURVE('',#11520,#11522,#11524,.T.);
#11520 = VERTEX_POINT('',#11521);
#11521 = CARTESIAN_POINT('',(0.,1.000000000003,1.4));
#11522 = VERTEX_POINT('',#11523);
#11523 = CARTESIAN_POINT('',(0.,1.000000000003,4.2));
#11524 = LINE('',#11525,#11526);
#11525 = CARTESIAN_POINT('',(0.,1.000000000003,1.4));
#11526 = VECTOR('',#11527,1.);
#11527 = DIRECTION('',(0.,0.,1.));
#11528 = ORIENTED_EDGE('',*,*,#11529,.T.);
#11529 = EDGE_CURVE('',#11522,#11530,#11532,.T.);
#11530 = VERTEX_POINT('',#11531);
#11531 = CARTESIAN_POINT('',(2.,1.000000000003,4.2));
#11532 = LINE('',#11533,#11534);
#11533 = CARTESIAN_POINT('',(0.,1.000000000003,4.2));
#11534 = VECTOR('',#11535,1.);
#11535 = DIRECTION('',(1.,0.,0.));
#11536 = ORIENTED_EDGE('',*,*,#11537,.F.);
#11537 = EDGE_CURVE('',#11538,#11530,#11540,.T.);
#11538 = VERTEX_POINT('',#11539);
#11539 = CARTESIAN_POINT('',(2.,1.000000000003,1.4));
#11540 = LINE('',#11541,#11542);
#11541 = CARTESIAN_POINT('',(2.,1.000000000003,1.4));
#11542 = VECTOR('',#11543,1.);
#11543 = DIRECTION('',(0.,0.,1.));
#11544 = ORIENTED_EDGE('',*,*,#11545,.F.);
#11545 = EDGE_CURVE('',#11520,#11538,#11546,.T.);
#11546 = LINE('',#11547,#11548);
#11547 = CARTESIAN_POINT('',(0.,1.000000000003,1.4));
#11548 = VECTOR('',#11549,1.);
#11549 = DIRECTION('',(1.,0.,0.));
#11550 = PLANE('',#11551);
#11551 = AXIS2_PLACEMENT_3D('',#11552,#11553,#11554);
#11552 = CARTESIAN_POINT('',(0.,1.000000000003,1.4));
#11553 = DIRECTION('',(0.,1.,0.));
#11554 = DIRECTION('',(1.,0.,0.));
#11555 = ADVANCED_FACE('',(#11556),#11581,.T.);
#11556 = FACE_BOUND('',#11557,.T.);
#11557 = EDGE_LOOP('',(#11558,#11566,#11574,#11580));
#11558 = ORIENTED_EDGE('',*,*,#11559,.T.);
#11559 = EDGE_CURVE('',#11520,#11560,#11562,.T.);
#11560 = VERTEX_POINT('',#11561);
#11561 = CARTESIAN_POINT('',(-1.8,1.000000000003,1.4));
#11562 = LINE('',#11563,#11564);
#11563 = CARTESIAN_POINT('',(0.,1.000000000003,1.4));
#11564 = VECTOR('',#11565,1.);
#11565 = DIRECTION('',(-1.,0.,0.));
#11566 = ORIENTED_EDGE('',*,*,#11567,.T.);
#11567 = EDGE_CURVE('',#11560,#11568,#11570,.T.);
#11568 = VERTEX_POINT('',#11569);
#11569 = CARTESIAN_POINT('',(-1.8,1.000000000003,4.2));
#11570 = LINE('',#11571,#11572);
#11571 = CARTESIAN_POINT('',(-1.8,1.000000000003,1.4));
#11572 = VECTOR('',#11573,1.);
#11573 = DIRECTION('',(0.,0.,1.));
#11574 = ORIENTED_EDGE('',*,*,#11575,.F.);
#11575 = EDGE_CURVE('',#11522,#11568,#11576,.T.);
#11576 = LINE('',#11577,#11578);
#11577 = CARTESIAN_POINT('',(0.,1.000000000003,4.2));
#11578 = VECTOR('',#11579,1.);
#11579 = DIRECTION('',(-1.,0.,0.));
#11580 = ORIENTED_EDGE('',*,*,#11519,.F.);
#11581 = PLANE('',#11582);
#11582 = AXIS2_PLACEMENT_3D('',#11583,#11584,#11585);
#11583 = CARTESIAN_POINT('',(0.,1.000000000003,1.4));
#11584 = DIRECTION('',(0.,1.,0.));
#11585 = DIRECTION('',(0.,-0.,1.));
#11586 = ADVANCED_FACE('',(#11587),#11612,.F.);
#11587 = FACE_BOUND('',#11588,.F.);
#11588 = EDGE_LOOP('',(#11589,#11597,#11605,#11611));
#11589 = ORIENTED_EDGE('',*,*,#11590,.T.);
#11590 = EDGE_CURVE('',#11538,#11591,#11593,.T.);
#11591 = VERTEX_POINT('',#11592);
#11592 = CARTESIAN_POINT('',(3.8,1.000000000003,1.4));
#11593 = LINE('',#11594,#11595);
#11594 = CARTESIAN_POINT('',(2.,1.000000000003,1.4));
#11595 = VECTOR('',#11596,1.);
#11596 = DIRECTION('',(1.,0.,0.));
#11597 = ORIENTED_EDGE('',*,*,#11598,.T.);
#11598 = EDGE_CURVE('',#11591,#11599,#11601,.T.);
#11599 = VERTEX_POINT('',#11600);
#11600 = CARTESIAN_POINT('',(3.8,1.000000000003,4.2));
#11601 = LINE('',#11602,#11603);
#11602 = CARTESIAN_POINT('',(3.8,1.000000000003,1.4));
#11603 = VECTOR('',#11604,1.);
#11604 = DIRECTION('',(0.,0.,1.));
#11605 = ORIENTED_EDGE('',*,*,#11606,.F.);
#11606 = EDGE_CURVE('',#11530,#11599,#11607,.T.);
#11607 = LINE('',#11608,#11609);
#11608 = CARTESIAN_POINT('',(2.,1.000000000003,4.2));
#11609 = VECTOR('',#11610,1.);
#11610 = DIRECTION('',(1.,0.,0.));
#11611 = ORIENTED_EDGE('',*,*,#11537,.F.);
#11612 = PLANE('',#11613);
#11613 = AXIS2_PLACEMENT_3D('',#11614,#11615,#11616);
#11614 = CARTESIAN_POINT('',(2.,1.000000000003,1.4));
#11615 = DIRECTION('',(0.,-1.,0.));
#11616 = DIRECTION('',(0.,0.,1.));
#11617 = ADVANCED_FACE('',(#11618),#11643,.F.);
#11618 = FACE_BOUND('',#11619,.T.);
#11619 = EDGE_LOOP('',(#11620,#11621,#11629,#11637));
#11620 = ORIENTED_EDGE('',*,*,#11545,.T.);
#11621 = ORIENTED_EDGE('',*,*,#11622,.T.);
#11622 = EDGE_CURVE('',#11538,#11623,#11625,.T.);
#11623 = VERTEX_POINT('',#11624);
#11624 = CARTESIAN_POINT('',(2.,-1.000000000003,1.4));
#11625 = LINE('',#11626,#11627);
#11626 = CARTESIAN_POINT('',(2.,1.000000000003,1.4));
#11627 = VECTOR('',#11628,1.);
#11628 = DIRECTION('',(0.,-1.,0.));
#11629 = ORIENTED_EDGE('',*,*,#11630,.T.);
#11630 = EDGE_CURVE('',#11623,#11631,#11633,.T.);
#11631 = VERTEX_POINT('',#11632);
#11632 = CARTESIAN_POINT('',(0.,-1.000000000003,1.4));
#11633 = LINE('',#11634,#11635);
#11634 = CARTESIAN_POINT('',(2.,-1.000000000003,1.4));
#11635 = VECTOR('',#11636,1.);
#11636 = DIRECTION('',(-1.,0.,0.));
#11637 = ORIENTED_EDGE('',*,*,#11638,.T.);
#11638 = EDGE_CURVE('',#11631,#11520,#11639,.T.);
#11639 = LINE('',#11640,#11641);
#11640 = CARTESIAN_POINT('',(0.,-1.000000000003,1.4));
#11641 = VECTOR('',#11642,1.);
#11642 = DIRECTION('',(0.,1.,0.));
#11643 = PLANE('',#11644);
#11644 = AXIS2_PLACEMENT_3D('',#11645,#11646,#11647);
#11645 = CARTESIAN_POINT('',(1.,0.,1.4));
#11646 = DIRECTION('',(0.,0.,1.));
#11647 = DIRECTION('',(1.,0.,-0.));
#11648 = ADVANCED_FACE('',(#11649),#11698,.T.);
#11649 = FACE_BOUND('',#11650,.T.);
#11650 = EDGE_LOOP('',(#11651,#11652,#11660,#11668,#11676,#11684,#11692)
  );
#11651 = ORIENTED_EDGE('',*,*,#11529,.F.);
#11652 = ORIENTED_EDGE('',*,*,#11653,.T.);
#11653 = EDGE_CURVE('',#11522,#11654,#11656,.T.);
#11654 = VERTEX_POINT('',#11655);
#11655 = CARTESIAN_POINT('',(0.,1.000000000003,8.7));
#11656 = LINE('',#11657,#11658);
#11657 = CARTESIAN_POINT('',(0.,1.000000000003,4.2));
#11658 = VECTOR('',#11659,1.);
#11659 = DIRECTION('',(0.,0.,1.));
#11660 = ORIENTED_EDGE('',*,*,#11661,.T.);
#11661 = EDGE_CURVE('',#11654,#11662,#11664,.T.);
#11662 = VERTEX_POINT('',#11663);
#11663 = CARTESIAN_POINT('',(0.6,1.000000000003,8.7));
#11664 = LINE('',#11665,#11666);
#11665 = CARTESIAN_POINT('',(0.,1.000000000003,8.7));
#11666 = VECTOR('',#11667,1.);
#11667 = DIRECTION('',(1.,0.,0.));
#11668 = ORIENTED_EDGE('',*,*,#11669,.F.);
#11669 = EDGE_CURVE('',#11670,#11662,#11672,.T.);
#11670 = VERTEX_POINT('',#11671);
#11671 = CARTESIAN_POINT('',(1.,1.000000000003,8.3));
#11672 = LINE('',#11673,#11674);
#11673 = CARTESIAN_POINT('',(1.575,1.000000000003,7.725));
#11674 = VECTOR('',#11675,1.);
#11675 = DIRECTION('',(-0.707106781187,0.,0.707106781187));
#11676 = ORIENTED_EDGE('',*,*,#11677,.F.);
#11677 = EDGE_CURVE('',#11678,#11670,#11680,.T.);
#11678 = VERTEX_POINT('',#11679);
#11679 = CARTESIAN_POINT('',(1.4,1.000000000003,8.7));
#11680 = LINE('',#11681,#11682);
#11681 = CARTESIAN_POINT('',(-0.275,1.000000000003,7.025));
#11682 = VECTOR('',#11683,1.);
#11683 = DIRECTION('',(-0.707106781187,0.,-0.707106781187));
#11684 = ORIENTED_EDGE('',*,*,#11685,.T.);
#11685 = EDGE_CURVE('',#11678,#11686,#11688,.T.);
#11686 = VERTEX_POINT('',#11687);
#11687 = CARTESIAN_POINT('',(2.,1.000000000003,8.7));
#11688 = LINE('',#11689,#11690);
#11689 = CARTESIAN_POINT('',(0.,1.000000000003,8.7));
#11690 = VECTOR('',#11691,1.);
#11691 = DIRECTION('',(1.,0.,0.));
#11692 = ORIENTED_EDGE('',*,*,#11693,.F.);
#11693 = EDGE_CURVE('',#11530,#11686,#11694,.T.);
#11694 = LINE('',#11695,#11696);
#11695 = CARTESIAN_POINT('',(2.,1.000000000003,4.2));
#11696 = VECTOR('',#11697,1.);
#11697 = DIRECTION('',(0.,0.,1.));
#11698 = PLANE('',#11699);
#11699 = AXIS2_PLACEMENT_3D('',#11700,#11701,#11702);
#11700 = CARTESIAN_POINT('',(0.,1.000000000003,4.2));
#11701 = DIRECTION('',(0.,1.,0.));
#11702 = DIRECTION('',(1.,0.,0.));
#11703 = ADVANCED_FACE('',(#11704),#11722,.T.);
#11704 = FACE_BOUND('',#11705,.T.);
#11705 = EDGE_LOOP('',(#11706,#11714,#11720,#11721));
#11706 = ORIENTED_EDGE('',*,*,#11707,.T.);
#11707 = EDGE_CURVE('',#11631,#11708,#11710,.T.);
#11708 = VERTEX_POINT('',#11709);
#11709 = CARTESIAN_POINT('',(-1.8,-1.000000000003,1.4));
#11710 = LINE('',#11711,#11712);
#11711 = CARTESIAN_POINT('',(0.,-1.000000000003,1.4));
#11712 = VECTOR('',#11713,1.);
#11713 = DIRECTION('',(-1.,0.,0.));
#11714 = ORIENTED_EDGE('',*,*,#11715,.T.);
#11715 = EDGE_CURVE('',#11708,#11560,#11716,.T.);
#11716 = LINE('',#11717,#11718);
#11717 = CARTESIAN_POINT('',(-1.8,-1.000000000003,1.4));
#11718 = VECTOR('',#11719,1.);
#11719 = DIRECTION('',(0.,1.,0.));
#11720 = ORIENTED_EDGE('',*,*,#11559,.F.);
#11721 = ORIENTED_EDGE('',*,*,#11638,.F.);
#11722 = PLANE('',#11723);
#11723 = AXIS2_PLACEMENT_3D('',#11724,#11725,#11726);
#11724 = CARTESIAN_POINT('',(0.,-1.000000000003,1.4));
#11725 = DIRECTION('',(0.,0.,-1.));
#11726 = DIRECTION('',(0.,1.,0.));
#11727 = ADVANCED_FACE('',(#11728),#11753,.F.);
#11728 = FACE_BOUND('',#11729,.F.);
#11729 = EDGE_LOOP('',(#11730,#11740,#11746,#11747));
#11730 = ORIENTED_EDGE('',*,*,#11731,.T.);
#11731 = EDGE_CURVE('',#11732,#11734,#11736,.T.);
#11732 = VERTEX_POINT('',#11733);
#11733 = CARTESIAN_POINT('',(0.,-1.000000000003,4.2));
#11734 = VERTEX_POINT('',#11735);
#11735 = CARTESIAN_POINT('',(-1.8,-1.000000000003,4.2));
#11736 = LINE('',#11737,#11738);
#11737 = CARTESIAN_POINT('',(0.,-1.000000000003,4.2));
#11738 = VECTOR('',#11739,1.);
#11739 = DIRECTION('',(-1.,0.,0.));
#11740 = ORIENTED_EDGE('',*,*,#11741,.T.);
#11741 = EDGE_CURVE('',#11734,#11568,#11742,.T.);
#11742 = LINE('',#11743,#11744);
#11743 = CARTESIAN_POINT('',(-1.8,-1.000000000003,4.2));
#11744 = VECTOR('',#11745,1.);
#11745 = DIRECTION('',(0.,1.,0.));
#11746 = ORIENTED_EDGE('',*,*,#11575,.F.);
#11747 = ORIENTED_EDGE('',*,*,#11748,.F.);
#11748 = EDGE_CURVE('',#11732,#11522,#11749,.T.);
#11749 = LINE('',#11750,#11751);
#11750 = CARTESIAN_POINT('',(0.,-1.000000000003,4.2));
#11751 = VECTOR('',#11752,1.);
#11752 = DIRECTION('',(0.,1.,0.));
#11753 = PLANE('',#11754);
#11754 = AXIS2_PLACEMENT_3D('',#11755,#11756,#11757);
#11755 = CARTESIAN_POINT('',(0.,-1.000000000003,4.2));
#11756 = DIRECTION('',(0.,0.,-1.));
#11757 = DIRECTION('',(0.,1.,0.));
#11758 = ADVANCED_FACE('',(#11759),#11770,.T.);
#11759 = FACE_BOUND('',#11760,.T.);
#11760 = EDGE_LOOP('',(#11761,#11767,#11768,#11769));
#11761 = ORIENTED_EDGE('',*,*,#11762,.T.);
#11762 = EDGE_CURVE('',#11708,#11734,#11763,.T.);
#11763 = LINE('',#11764,#11765);
#11764 = CARTESIAN_POINT('',(-1.8,-1.000000000003,1.4));
#11765 = VECTOR('',#11766,1.);
#11766 = DIRECTION('',(0.,0.,1.));
#11767 = ORIENTED_EDGE('',*,*,#11741,.T.);
#11768 = ORIENTED_EDGE('',*,*,#11567,.F.);
#11769 = ORIENTED_EDGE('',*,*,#11715,.F.);
#11770 = PLANE('',#11771);
#11771 = AXIS2_PLACEMENT_3D('',#11772,#11773,#11774);
#11772 = CARTESIAN_POINT('',(-1.8,-1.000000000003,1.4));
#11773 = DIRECTION('',(-1.,0.,0.));
#11774 = DIRECTION('',(0.,1.,0.));
#11775 = ADVANCED_FACE('',(#11776),#11794,.T.);
#11776 = FACE_BOUND('',#11777,.T.);
#11777 = EDGE_LOOP('',(#11778,#11779,#11787,#11793));
#11778 = ORIENTED_EDGE('',*,*,#11590,.T.);
#11779 = ORIENTED_EDGE('',*,*,#11780,.T.);
#11780 = EDGE_CURVE('',#11591,#11781,#11783,.T.);
#11781 = VERTEX_POINT('',#11782);
#11782 = CARTESIAN_POINT('',(3.8,-1.000000000003,1.4));
#11783 = LINE('',#11784,#11785);
#11784 = CARTESIAN_POINT('',(3.8,1.000000000003,1.4));
#11785 = VECTOR('',#11786,1.);
#11786 = DIRECTION('',(0.,-1.,0.));
#11787 = ORIENTED_EDGE('',*,*,#11788,.F.);
#11788 = EDGE_CURVE('',#11623,#11781,#11789,.T.);
#11789 = LINE('',#11790,#11791);
#11790 = CARTESIAN_POINT('',(2.,-1.000000000003,1.4));
#11791 = VECTOR('',#11792,1.);
#11792 = DIRECTION('',(1.,0.,0.));
#11793 = ORIENTED_EDGE('',*,*,#11622,.F.);
#11794 = PLANE('',#11795);
#11795 = AXIS2_PLACEMENT_3D('',#11796,#11797,#11798);
#11796 = CARTESIAN_POINT('',(2.,1.000000000003,1.4));
#11797 = DIRECTION('',(0.,0.,-1.));
#11798 = DIRECTION('',(0.,-1.,0.));
#11799 = ADVANCED_FACE('',(#11800),#11825,.F.);
#11800 = FACE_BOUND('',#11801,.F.);
#11801 = EDGE_LOOP('',(#11802,#11803,#11811,#11819));
#11802 = ORIENTED_EDGE('',*,*,#11606,.T.);
#11803 = ORIENTED_EDGE('',*,*,#11804,.T.);
#11804 = EDGE_CURVE('',#11599,#11805,#11807,.T.);
#11805 = VERTEX_POINT('',#11806);
#11806 = CARTESIAN_POINT('',(3.8,-1.000000000003,4.2));
#11807 = LINE('',#11808,#11809);
#11808 = CARTESIAN_POINT('',(3.8,1.000000000003,4.2));
#11809 = VECTOR('',#11810,1.);
#11810 = DIRECTION('',(0.,-1.,0.));
#11811 = ORIENTED_EDGE('',*,*,#11812,.F.);
#11812 = EDGE_CURVE('',#11813,#11805,#11815,.T.);
#11813 = VERTEX_POINT('',#11814);
#11814 = CARTESIAN_POINT('',(2.,-1.000000000003,4.2));
#11815 = LINE('',#11816,#11817);
#11816 = CARTESIAN_POINT('',(2.,-1.000000000003,4.2));
#11817 = VECTOR('',#11818,1.);
#11818 = DIRECTION('',(1.,0.,0.));
#11819 = ORIENTED_EDGE('',*,*,#11820,.F.);
#11820 = EDGE_CURVE('',#11530,#11813,#11821,.T.);
#11821 = LINE('',#11822,#11823);
#11822 = CARTESIAN_POINT('',(2.,1.000000000003,4.2));
#11823 = VECTOR('',#11824,1.);
#11824 = DIRECTION('',(0.,-1.,0.));
#11825 = PLANE('',#11826);
#11826 = AXIS2_PLACEMENT_3D('',#11827,#11828,#11829);
#11827 = CARTESIAN_POINT('',(2.,1.000000000003,4.2));
#11828 = DIRECTION('',(0.,0.,-1.));
#11829 = DIRECTION('',(0.,-1.,0.));
#11830 = ADVANCED_FACE('',(#11831),#11842,.T.);
#11831 = FACE_BOUND('',#11832,.T.);
#11832 = EDGE_LOOP('',(#11833,#11834,#11835,#11841));
#11833 = ORIENTED_EDGE('',*,*,#11598,.T.);
#11834 = ORIENTED_EDGE('',*,*,#11804,.T.);
#11835 = ORIENTED_EDGE('',*,*,#11836,.F.);
#11836 = EDGE_CURVE('',#11781,#11805,#11837,.T.);
#11837 = LINE('',#11838,#11839);
#11838 = CARTESIAN_POINT('',(3.8,-1.000000000003,1.4));
#11839 = VECTOR('',#11840,1.);
#11840 = DIRECTION('',(0.,0.,1.));
#11841 = ORIENTED_EDGE('',*,*,#11780,.F.);
#11842 = PLANE('',#11843);
#11843 = AXIS2_PLACEMENT_3D('',#11844,#11845,#11846);
#11844 = CARTESIAN_POINT('',(3.8,1.000000000003,1.4));
#11845 = DIRECTION('',(1.,0.,0.));
#11846 = DIRECTION('',(0.,-1.,0.));
#11847 = ADVANCED_FACE('',(#11848),#11869,.T.);
#11848 = FACE_BOUND('',#11849,.T.);
#11849 = EDGE_LOOP('',(#11850,#11856,#11862,#11868));
#11850 = ORIENTED_EDGE('',*,*,#11851,.T.);
#11851 = EDGE_CURVE('',#11623,#11813,#11852,.T.);
#11852 = LINE('',#11853,#11854);
#11853 = CARTESIAN_POINT('',(2.,-1.000000000003,1.4));
#11854 = VECTOR('',#11855,1.);
#11855 = DIRECTION('',(0.,0.,1.));
#11856 = ORIENTED_EDGE('',*,*,#11857,.T.);
#11857 = EDGE_CURVE('',#11813,#11732,#11858,.T.);
#11858 = LINE('',#11859,#11860);
#11859 = CARTESIAN_POINT('',(2.,-1.000000000003,4.2));
#11860 = VECTOR('',#11861,1.);
#11861 = DIRECTION('',(-1.,0.,0.));
#11862 = ORIENTED_EDGE('',*,*,#11863,.F.);
#11863 = EDGE_CURVE('',#11631,#11732,#11864,.T.);
#11864 = LINE('',#11865,#11866);
#11865 = CARTESIAN_POINT('',(0.,-1.000000000003,1.4));
#11866 = VECTOR('',#11867,1.);
#11867 = DIRECTION('',(0.,0.,1.));
#11868 = ORIENTED_EDGE('',*,*,#11630,.F.);
#11869 = PLANE('',#11870);
#11870 = AXIS2_PLACEMENT_3D('',#11871,#11872,#11873);
#11871 = CARTESIAN_POINT('',(2.,-1.000000000003,1.4));
#11872 = DIRECTION('',(0.,-1.,0.));
#11873 = DIRECTION('',(-1.,0.,0.));
#11874 = ADVANCED_FACE('',(#11875),#11893,.T.);
#11875 = FACE_BOUND('',#11876,.T.);
#11876 = EDGE_LOOP('',(#11877,#11878,#11886,#11892));
#11877 = ORIENTED_EDGE('',*,*,#11693,.T.);
#11878 = ORIENTED_EDGE('',*,*,#11879,.T.);
#11879 = EDGE_CURVE('',#11686,#11880,#11882,.T.);
#11880 = VERTEX_POINT('',#11881);
#11881 = CARTESIAN_POINT('',(2.,-1.000000000003,8.7));
#11882 = LINE('',#11883,#11884);
#11883 = CARTESIAN_POINT('',(2.,1.000000000003,8.7));
#11884 = VECTOR('',#11885,1.);
#11885 = DIRECTION('',(0.,-1.,0.));
#11886 = ORIENTED_EDGE('',*,*,#11887,.F.);
#11887 = EDGE_CURVE('',#11813,#11880,#11888,.T.);
#11888 = LINE('',#11889,#11890);
#11889 = CARTESIAN_POINT('',(2.,-1.000000000003,4.2));
#11890 = VECTOR('',#11891,1.);
#11891 = DIRECTION('',(0.,0.,1.));
#11892 = ORIENTED_EDGE('',*,*,#11820,.F.);
#11893 = PLANE('',#11894);
#11894 = AXIS2_PLACEMENT_3D('',#11895,#11896,#11897);
#11895 = CARTESIAN_POINT('',(2.,1.000000000003,4.2));
#11896 = DIRECTION('',(1.,0.,0.));
#11897 = DIRECTION('',(0.,-1.,0.));
#11898 = ADVANCED_FACE('',(#11899),#11917,.T.);
#11899 = FACE_BOUND('',#11900,.T.);
#11900 = EDGE_LOOP('',(#11901,#11902,#11910,#11916));
#11901 = ORIENTED_EDGE('',*,*,#11685,.F.);
#11902 = ORIENTED_EDGE('',*,*,#11903,.F.);
#11903 = EDGE_CURVE('',#11904,#11678,#11906,.T.);
#11904 = VERTEX_POINT('',#11905);
#11905 = CARTESIAN_POINT('',(1.4,-1.000000000002,8.7));
#11906 = LINE('',#11907,#11908);
#11907 = CARTESIAN_POINT('',(1.4,-1.000000000002,8.7));
#11908 = VECTOR('',#11909,1.);
#11909 = DIRECTION('',(0.,1.,-2.22044604925E-16));
#11910 = ORIENTED_EDGE('',*,*,#11911,.F.);
#11911 = EDGE_CURVE('',#11880,#11904,#11912,.T.);
#11912 = LINE('',#11913,#11914);
#11913 = CARTESIAN_POINT('',(2.,-1.000000000003,8.7));
#11914 = VECTOR('',#11915,1.);
#11915 = DIRECTION('',(-1.,0.,0.));
#11916 = ORIENTED_EDGE('',*,*,#11879,.F.);
#11917 = PLANE('',#11918);
#11918 = AXIS2_PLACEMENT_3D('',#11919,#11920,#11921);
#11919 = CARTESIAN_POINT('',(1.,0.,8.7));
#11920 = DIRECTION('',(0.,0.,1.));
#11921 = DIRECTION('',(1.,0.,-0.));
#11922 = ADVANCED_FACE('',(#11923),#11941,.F.);
#11923 = FACE_BOUND('',#11924,.F.);
#11924 = EDGE_LOOP('',(#11925,#11933,#11939,#11940));
#11925 = ORIENTED_EDGE('',*,*,#11926,.F.);
#11926 = EDGE_CURVE('',#11927,#11904,#11929,.T.);
#11927 = VERTEX_POINT('',#11928);
#11928 = CARTESIAN_POINT('',(1.,-1.000000000002,8.3));
#11929 = LINE('',#11930,#11931);
#11930 = CARTESIAN_POINT('',(1.,-1.000000000002,8.3));
#11931 = VECTOR('',#11932,1.);
#11932 = DIRECTION('',(0.707106781187,1.570092458683E-16,0.707106781187)
  );
#11933 = ORIENTED_EDGE('',*,*,#11934,.T.);
#11934 = EDGE_CURVE('',#11927,#11670,#11935,.T.);
#11935 = LINE('',#11936,#11937);
#11936 = CARTESIAN_POINT('',(1.,-1.000000000002,8.3));
#11937 = VECTOR('',#11938,1.);
#11938 = DIRECTION('',(0.,1.,-2.22044604925E-16));
#11939 = ORIENTED_EDGE('',*,*,#11677,.F.);
#11940 = ORIENTED_EDGE('',*,*,#11903,.F.);
#11941 = PLANE('',#11942);
#11942 = AXIS2_PLACEMENT_3D('',#11943,#11944,#11945);
#11943 = CARTESIAN_POINT('',(1.,-1.000000000002,8.3));
#11944 = DIRECTION('',(0.707106781187,-1.570092458683E-16,
    -0.707106781187));
#11945 = DIRECTION('',(0.707106781187,1.570092458683E-16,0.707106781187)
  );
#11946 = ADVANCED_FACE('',(#11947),#11965,.F.);
#11947 = FACE_BOUND('',#11948,.F.);
#11948 = EDGE_LOOP('',(#11949,#11957,#11963,#11964));
#11949 = ORIENTED_EDGE('',*,*,#11950,.F.);
#11950 = EDGE_CURVE('',#11951,#11927,#11953,.T.);
#11951 = VERTEX_POINT('',#11952);
#11952 = CARTESIAN_POINT('',(0.6,-1.000000000002,8.7));
#11953 = LINE('',#11954,#11955);
#11954 = CARTESIAN_POINT('',(0.6,-1.000000000002,8.7));
#11955 = VECTOR('',#11956,1.);
#11956 = DIRECTION('',(0.707106781187,-1.570092458683E-16,
    -0.707106781187));
#11957 = ORIENTED_EDGE('',*,*,#11958,.T.);
#11958 = EDGE_CURVE('',#11951,#11662,#11959,.T.);
#11959 = LINE('',#11960,#11961);
#11960 = CARTESIAN_POINT('',(0.6,-1.000000000002,8.7));
#11961 = VECTOR('',#11962,1.);
#11962 = DIRECTION('',(0.,1.,-2.22044604925E-16));
#11963 = ORIENTED_EDGE('',*,*,#11669,.F.);
#11964 = ORIENTED_EDGE('',*,*,#11934,.F.);
#11965 = PLANE('',#11966);
#11966 = AXIS2_PLACEMENT_3D('',#11967,#11968,#11969);
#11967 = CARTESIAN_POINT('',(0.6,-1.000000000002,8.7));
#11968 = DIRECTION('',(-0.707106781187,-1.570092458683E-16,
    -0.707106781187));
#11969 = DIRECTION('',(0.707106781187,-1.570092458683E-16,
    -0.707106781187));
#11970 = ADVANCED_FACE('',(#11971),#11989,.T.);
#11971 = FACE_BOUND('',#11972,.T.);
#11972 = EDGE_LOOP('',(#11973,#11974,#11982,#11988));
#11973 = ORIENTED_EDGE('',*,*,#11661,.F.);
#11974 = ORIENTED_EDGE('',*,*,#11975,.F.);
#11975 = EDGE_CURVE('',#11976,#11654,#11978,.T.);
#11976 = VERTEX_POINT('',#11977);
#11977 = CARTESIAN_POINT('',(0.,-1.000000000003,8.7));
#11978 = LINE('',#11979,#11980);
#11979 = CARTESIAN_POINT('',(0.,-1.000000000003,8.7));
#11980 = VECTOR('',#11981,1.);
#11981 = DIRECTION('',(0.,1.,0.));
#11982 = ORIENTED_EDGE('',*,*,#11983,.F.);
#11983 = EDGE_CURVE('',#11951,#11976,#11984,.T.);
#11984 = LINE('',#11985,#11986);
#11985 = CARTESIAN_POINT('',(2.,-1.000000000003,8.7));
#11986 = VECTOR('',#11987,1.);
#11987 = DIRECTION('',(-1.,0.,0.));
#11988 = ORIENTED_EDGE('',*,*,#11958,.T.);
#11989 = PLANE('',#11990);
#11990 = AXIS2_PLACEMENT_3D('',#11991,#11992,#11993);
#11991 = CARTESIAN_POINT('',(1.,0.,8.7));
#11992 = DIRECTION('',(0.,0.,1.));
#11993 = DIRECTION('',(1.,0.,-0.));
#11994 = ADVANCED_FACE('',(#11995),#12006,.T.);
#11995 = FACE_BOUND('',#11996,.T.);
#11996 = EDGE_LOOP('',(#11997,#12003,#12004,#12005));
#11997 = ORIENTED_EDGE('',*,*,#11998,.T.);
#11998 = EDGE_CURVE('',#11732,#11976,#11999,.T.);
#11999 = LINE('',#12000,#12001);
#12000 = CARTESIAN_POINT('',(0.,-1.000000000003,4.2));
#12001 = VECTOR('',#12002,1.);
#12002 = DIRECTION('',(0.,0.,1.));
#12003 = ORIENTED_EDGE('',*,*,#11975,.T.);
#12004 = ORIENTED_EDGE('',*,*,#11653,.F.);
#12005 = ORIENTED_EDGE('',*,*,#11748,.F.);
#12006 = PLANE('',#12007);
#12007 = AXIS2_PLACEMENT_3D('',#12008,#12009,#12010);
#12008 = CARTESIAN_POINT('',(0.,-1.000000000003,4.2));
#12009 = DIRECTION('',(-1.,0.,0.));
#12010 = DIRECTION('',(0.,1.,0.));
#12011 = ADVANCED_FACE('',(#12012),#12018,.F.);
#12012 = FACE_BOUND('',#12013,.F.);
#12013 = EDGE_LOOP('',(#12014,#12015,#12016,#12017));
#12014 = ORIENTED_EDGE('',*,*,#11707,.T.);
#12015 = ORIENTED_EDGE('',*,*,#11762,.T.);
#12016 = ORIENTED_EDGE('',*,*,#11731,.F.);
#12017 = ORIENTED_EDGE('',*,*,#11863,.F.);
#12018 = PLANE('',#12019);
#12019 = AXIS2_PLACEMENT_3D('',#12020,#12021,#12022);
#12020 = CARTESIAN_POINT('',(0.,-1.000000000003,1.4));
#12021 = DIRECTION('',(0.,1.,0.));
#12022 = DIRECTION('',(0.,-0.,1.));
#12023 = ADVANCED_FACE('',(#12024),#12030,.T.);
#12024 = FACE_BOUND('',#12025,.T.);
#12025 = EDGE_LOOP('',(#12026,#12027,#12028,#12029));
#12026 = ORIENTED_EDGE('',*,*,#11788,.T.);
#12027 = ORIENTED_EDGE('',*,*,#11836,.T.);
#12028 = ORIENTED_EDGE('',*,*,#11812,.F.);
#12029 = ORIENTED_EDGE('',*,*,#11851,.F.);
#12030 = PLANE('',#12031);
#12031 = AXIS2_PLACEMENT_3D('',#12032,#12033,#12034);
#12032 = CARTESIAN_POINT('',(2.,-1.000000000003,1.4));
#12033 = DIRECTION('',(0.,-1.,0.));
#12034 = DIRECTION('',(0.,0.,1.));
#12035 = ADVANCED_FACE('',(#12036),#12045,.T.);
#12036 = FACE_BOUND('',#12037,.T.);
#12037 = EDGE_LOOP('',(#12038,#12039,#12040,#12041,#12042,#12043,#12044)
  );
#12038 = ORIENTED_EDGE('',*,*,#11857,.F.);
#12039 = ORIENTED_EDGE('',*,*,#11887,.T.);
#12040 = ORIENTED_EDGE('',*,*,#11911,.T.);
#12041 = ORIENTED_EDGE('',*,*,#11926,.F.);
#12042 = ORIENTED_EDGE('',*,*,#11950,.F.);
#12043 = ORIENTED_EDGE('',*,*,#11983,.T.);
#12044 = ORIENTED_EDGE('',*,*,#11998,.F.);
#12045 = PLANE('',#12046);
#12046 = AXIS2_PLACEMENT_3D('',#12047,#12048,#12049);
#12047 = CARTESIAN_POINT('',(2.,-1.000000000003,4.2));
#12048 = DIRECTION('',(0.,-1.,0.));
#12049 = DIRECTION('',(-1.,0.,0.));
#12050 = ( GEOMETRIC_REPRESENTATION_CONTEXT(3) 
GLOBAL_UNCERTAINTY_ASSIGNED_CONTEXT((#12054)) 
GLOBAL_UNIT_ASSIGNED_CONTEXT((#12051,#12052,#12053)) 
REPRESENTATION_CONTEXT('Context #1',
  '3D Context with UNIT and UNCERTAINTY') );
#12051 = ( LENGTH_UNIT() NAMED_UNIT(*) SI_UNIT(.MILLI.,.METRE.) );
#12052 = ( NAMED_UNIT(*) PLANE_ANGLE_UNIT() SI_UNIT($,.RADIAN.) );
#12053 = ( NAMED_UNIT(*) SI_UNIT($,.STERADIAN.) SOLID_ANGLE_UNIT() );
#12054 = UNCERTAINTY_MEASURE_WITH_UNIT(LENGTH_MEASURE(1.E-07),#12051,
  'distance_accuracy_value','confusion accuracy');
#12055 = CONTEXT_DEPENDENT_SHAPE_REPRESENTATION(#12056,#12058);
#12056 = ( REPRESENTATION_RELATIONSHIP('','',#6124,#10) 
REPRESENTATION_RELATIONSHIP_WITH_TRANSFORMATION(#12057) 
SHAPE_REPRESENTATION_RELATIONSHIP() );
#12057 = ITEM_DEFINED_TRANSFORMATION('','',#11,#51);
#12058 = PRODUCT_DEFINITION_SHAPE('Placement','Placement of an item',
  #12059);
#12059 = NEXT_ASSEMBLY_USAGE_OCCURRENCE('10','SW2','',#5,#6119,$);
#12060 = PRODUCT_RELATED_PRODUCT_CATEGORY('part',$,(#6121));
#12061 = CONTEXT_DEPENDENT_SHAPE_REPRESENTATION(#12062,#12064);
#12062 = ( REPRESENTATION_RELATIONSHIP('','',#1778,#10) 
REPRESENTATION_RELATIONSHIP_WITH_TRANSFORMATION(#12063) 
SHAPE_REPRESENTATION_RELATIONSHIP() );
#12063 = ITEM_DEFINED_TRANSFORMATION('','',#11,#55);
#12064 = PRODUCT_DEFINITION_SHAPE('Placement','Placement of an item',
  #12065);
#12065 = NEXT_ASSEMBLY_USAGE_OCCURRENCE('11','D8','',#5,#1773,$);
#12066 = CONTEXT_DEPENDENT_SHAPE_REPRESENTATION(#12067,#12069);
#12067 = ( REPRESENTATION_RELATIONSHIP('','',#1778,#10) 
REPRESENTATION_RELATIONSHIP_WITH_TRANSFORMATION(#12068) 
SHAPE_REPRESENTATION_RELATIONSHIP() );
#12068 = ITEM_DEFINED_TRANSFORMATION('','',#11,#59);
#12069 = PRODUCT_DEFINITION_SHAPE('Placement','Placement of an item',
  #12070);
#12070 = NEXT_ASSEMBLY_USAGE_OCCURRENCE('12','D5','',#5,#1773,$);
#12071 = SHAPE_DEFINITION_REPRESENTATION(#12072,#12078);
#12072 = PRODUCT_DEFINITION_SHAPE('','',#12073);
#12073 = PRODUCT_DEFINITION('design','',#12074,#12077);
#12074 = PRODUCT_DEFINITION_FORMATION('','',#12075);
#12075 = PRODUCT('SW_PUSH_6mm','SW_PUSH_6mm','',(#12076));
#12076 = PRODUCT_CONTEXT('',#2,'mechanical');
#12077 = PRODUCT_DEFINITION_CONTEXT('part definition',#2,'design');
#12078 = ADVANCED_BREP_SHAPE_REPRESENTATION('',(#11,#12079),#15308);
#12079 = MANIFOLD_SOLID_BREP('',#12080);
#12080 = CLOSED_SHELL('',(#12081,#12098,#12123,#12246,#12277,#12302,
    #12327,#12351,#12375,#12400,#12425,#12442,#12467,#12492,#12517,
    #12542,#12573,#12598,#12623,#12711,#12799,#12824,#12849,#12866,
    #12875,#12901,#12910,#12919,#12963,#13113,#13137,#13280,#13430,
    #13580,#13597,#13747,#13771,#13914,#14064,#14214,#14231,#14240,
    #14257,#14274,#14291,#14308,#14330,#14347,#14364,#14381,#14398,
    #14410,#14427,#14444,#14461,#14478,#14495,#14512,#14529,#14546,
    #14558,#14580,#14597,#14614,#14631,#14648,#14660,#14677,#14694,
    #14711,#14728,#14745,#14762,#14779,#14796,#14808,#14830,#14847,
    #14864,#14881,#14898,#14910,#14927,#14944,#14961,#14978,#14995,
    #15012,#15029,#15046,#15058,#15080,#15097,#15114,#15131,#15148,
    #15160,#15177,#15194,#15211,#15228,#15245,#15262,#15279,#15296));
#12081 = ADVANCED_FACE('',(#12082),#12093,.F.);
#12082 = FACE_BOUND('',#12083,.T.);
#12083 = EDGE_LOOP('',(#12084));
#12084 = ORIENTED_EDGE('',*,*,#12085,.T.);
#12085 = EDGE_CURVE('',#12086,#12086,#12088,.T.);
#12086 = VERTEX_POINT('',#12087);
#12087 = CARTESIAN_POINT('',(1.65,-4.25,4.1));
#12088 = CIRCLE('',#12089,0.5);
#12089 = AXIS2_PLACEMENT_3D('',#12090,#12091,#12092);
#12090 = CARTESIAN_POINT('',(1.15,-4.25,4.1));
#12091 = DIRECTION('',(0.,0.,1.));
#12092 = DIRECTION('',(1.,0.,-0.));
#12093 = PLANE('',#12094);
#12094 = AXIS2_PLACEMENT_3D('',#12095,#12096,#12097);
#12095 = CARTESIAN_POINT('',(1.65,-4.25,4.1));
#12096 = DIRECTION('',(0.,0.,-1.));
#12097 = DIRECTION('',(-1.,0.,0.));
#12098 = ADVANCED_FACE('',(#12099),#12118,.T.);
#12099 = FACE_BOUND('',#12100,.T.);
#12100 = EDGE_LOOP('',(#12101,#12109,#12110,#12111));
#12101 = ORIENTED_EDGE('',*,*,#12102,.T.);
#12102 = EDGE_CURVE('',#12103,#12086,#12105,.T.);
#12103 = VERTEX_POINT('',#12104);
#12104 = CARTESIAN_POINT('',(1.65,-4.25,3.6));
#12105 = LINE('',#12106,#12107);
#12106 = CARTESIAN_POINT('',(1.65,-4.25,3.5));
#12107 = VECTOR('',#12108,1.);
#12108 = DIRECTION('',(0.,0.,1.));
#12109 = ORIENTED_EDGE('',*,*,#12085,.F.);
#12110 = ORIENTED_EDGE('',*,*,#12102,.F.);
#12111 = ORIENTED_EDGE('',*,*,#12112,.F.);
#12112 = EDGE_CURVE('',#12103,#12103,#12113,.T.);
#12113 = CIRCLE('',#12114,0.5);
#12114 = AXIS2_PLACEMENT_3D('',#12115,#12116,#12117);
#12115 = CARTESIAN_POINT('',(1.15,-4.25,3.6));
#12116 = DIRECTION('',(0.,0.,-1.));
#12117 = DIRECTION('',(1.,0.,0.));
#12118 = CYLINDRICAL_SURFACE('',#12119,0.5);
#12119 = AXIS2_PLACEMENT_3D('',#12120,#12121,#12122);
#12120 = CARTESIAN_POINT('',(1.15,-4.25,3.5));
#12121 = DIRECTION('',(-0.,-0.,-1.));
#12122 = DIRECTION('',(1.,0.,0.));
#12123 = ADVANCED_FACE('',(#12124,#12194,#12205,#12216,#12227,#12238),
  #12241,.F.);
#12124 = FACE_BOUND('',#12125,.F.);
#12125 = EDGE_LOOP('',(#12126,#12136,#12145,#12153,#12162,#12170,#12179,
    #12187));
#12126 = ORIENTED_EDGE('',*,*,#12127,.F.);
#12127 = EDGE_CURVE('',#12128,#12130,#12132,.T.);
#12128 = VERTEX_POINT('',#12129);
#12129 = CARTESIAN_POINT('',(0.45,-5.25,3.6));
#12130 = VERTEX_POINT('',#12131);
#12131 = CARTESIAN_POINT('',(5.85,-5.25,3.6));
#12132 = LINE('',#12133,#12134);
#12133 = CARTESIAN_POINT('',(0.15,-5.25,3.6));
#12134 = VECTOR('',#12135,1.);
#12135 = DIRECTION('',(1.,0.,0.));
#12136 = ORIENTED_EDGE('',*,*,#12137,.T.);
#12137 = EDGE_CURVE('',#12128,#12138,#12140,.T.);
#12138 = VERTEX_POINT('',#12139);
#12139 = CARTESIAN_POINT('',(0.15,-4.95,3.6));
#12140 = CIRCLE('',#12141,0.3);
#12141 = AXIS2_PLACEMENT_3D('',#12142,#12143,#12144);
#12142 = CARTESIAN_POINT('',(0.45,-4.95,3.6));
#12143 = DIRECTION('',(-0.,-0.,-1.));
#12144 = DIRECTION('',(0.,-1.,0.));
#12145 = ORIENTED_EDGE('',*,*,#12146,.F.);
#12146 = EDGE_CURVE('',#12147,#12138,#12149,.T.);
#12147 = VERTEX_POINT('',#12148);
#12148 = CARTESIAN_POINT('',(0.15,0.45,3.6));
#12149 = LINE('',#12150,#12151);
#12150 = CARTESIAN_POINT('',(0.15,0.75,3.6));
#12151 = VECTOR('',#12152,1.);
#12152 = DIRECTION('',(0.,-1.,0.));
#12153 = ORIENTED_EDGE('',*,*,#12154,.F.);
#12154 = EDGE_CURVE('',#12155,#12147,#12157,.T.);
#12155 = VERTEX_POINT('',#12156);
#12156 = CARTESIAN_POINT('',(0.45,0.75,3.6));
#12157 = CIRCLE('',#12158,0.3);
#12158 = AXIS2_PLACEMENT_3D('',#12159,#12160,#12161);
#12159 = CARTESIAN_POINT('',(0.45,0.45,3.6));
#12160 = DIRECTION('',(-0.,0.,1.));
#12161 = DIRECTION('',(0.,-1.,0.));
#12162 = ORIENTED_EDGE('',*,*,#12163,.F.);
#12163 = EDGE_CURVE('',#12164,#12155,#12166,.T.);
#12164 = VERTEX_POINT('',#12165);
#12165 = CARTESIAN_POINT('',(5.85,0.75,3.6));
#12166 = LINE('',#12167,#12168);
#12167 = CARTESIAN_POINT('',(6.15,0.75,3.6));
#12168 = VECTOR('',#12169,1.);
#12169 = DIRECTION('',(-1.,0.,0.));
#12170 = ORIENTED_EDGE('',*,*,#12171,.F.);
#12171 = EDGE_CURVE('',#12172,#12164,#12174,.T.);
#12172 = VERTEX_POINT('',#12173);
#12173 = CARTESIAN_POINT('',(6.15,0.45,3.6));
#12174 = CIRCLE('',#12175,0.3);
#12175 = AXIS2_PLACEMENT_3D('',#12176,#12177,#12178);
#12176 = CARTESIAN_POINT('',(5.85,0.45,3.6));
#12177 = DIRECTION('',(-0.,0.,1.));
#12178 = DIRECTION('',(0.,-1.,0.));
#12179 = ORIENTED_EDGE('',*,*,#12180,.F.);
#12180 = EDGE_CURVE('',#12181,#12172,#12183,.T.);
#12181 = VERTEX_POINT('',#12182);
#12182 = CARTESIAN_POINT('',(6.15,-4.95,3.6));
#12183 = LINE('',#12184,#12185);
#12184 = CARTESIAN_POINT('',(6.15,-5.25,3.6));
#12185 = VECTOR('',#12186,1.);
#12186 = DIRECTION('',(0.,1.,0.));
#12187 = ORIENTED_EDGE('',*,*,#12188,.F.);
#12188 = EDGE_CURVE('',#12130,#12181,#12189,.T.);
#12189 = CIRCLE('',#12190,0.3);
#12190 = AXIS2_PLACEMENT_3D('',#12191,#12192,#12193);
#12191 = CARTESIAN_POINT('',(5.85,-4.95,3.6));
#12192 = DIRECTION('',(-0.,0.,1.));
#12193 = DIRECTION('',(0.,-1.,0.));
#12194 = FACE_BOUND('',#12195,.F.);
#12195 = EDGE_LOOP('',(#12196));
#12196 = ORIENTED_EDGE('',*,*,#12197,.F.);
#12197 = EDGE_CURVE('',#12198,#12198,#12200,.T.);
#12198 = VERTEX_POINT('',#12199);
#12199 = CARTESIAN_POINT('',(5.65,-4.25,3.6));
#12200 = CIRCLE('',#12201,0.5);
#12201 = AXIS2_PLACEMENT_3D('',#12202,#12203,#12204);
#12202 = CARTESIAN_POINT('',(5.15,-4.25,3.6));
#12203 = DIRECTION('',(0.,0.,-1.));
#12204 = DIRECTION('',(1.,0.,0.));
#12205 = FACE_BOUND('',#12206,.F.);
#12206 = EDGE_LOOP('',(#12207));
#12207 = ORIENTED_EDGE('',*,*,#12208,.F.);
#12208 = EDGE_CURVE('',#12209,#12209,#12211,.T.);
#12209 = VERTEX_POINT('',#12210);
#12210 = CARTESIAN_POINT('',(4.9,-2.25,3.6));
#12211 = CIRCLE('',#12212,1.75);
#12212 = AXIS2_PLACEMENT_3D('',#12213,#12214,#12215);
#12213 = CARTESIAN_POINT('',(3.15,-2.25,3.6));
#12214 = DIRECTION('',(0.,0.,-1.));
#12215 = DIRECTION('',(1.,0.,0.));
#12216 = FACE_BOUND('',#12217,.F.);
#12217 = EDGE_LOOP('',(#12218));
#12218 = ORIENTED_EDGE('',*,*,#12219,.F.);
#12219 = EDGE_CURVE('',#12220,#12220,#12222,.T.);
#12220 = VERTEX_POINT('',#12221);
#12221 = CARTESIAN_POINT('',(1.65,-0.25,3.6));
#12222 = CIRCLE('',#12223,0.5);
#12223 = AXIS2_PLACEMENT_3D('',#12224,#12225,#12226);
#12224 = CARTESIAN_POINT('',(1.15,-0.25,3.6));
#12225 = DIRECTION('',(0.,0.,-1.));
#12226 = DIRECTION('',(1.,0.,0.));
#12227 = FACE_BOUND('',#12228,.F.);
#12228 = EDGE_LOOP('',(#12229));
#12229 = ORIENTED_EDGE('',*,*,#12230,.F.);
#12230 = EDGE_CURVE('',#12231,#12231,#12233,.T.);
#12231 = VERTEX_POINT('',#12232);
#12232 = CARTESIAN_POINT('',(5.65,-0.25,3.6));
#12233 = CIRCLE('',#12234,0.5);
#12234 = AXIS2_PLACEMENT_3D('',#12235,#12236,#12237);
#12235 = CARTESIAN_POINT('',(5.15,-0.25,3.6));
#12236 = DIRECTION('',(0.,0.,-1.));
#12237 = DIRECTION('',(1.,0.,0.));
#12238 = FACE_BOUND('',#12239,.F.);
#12239 = EDGE_LOOP('',(#12240));
#12240 = ORIENTED_EDGE('',*,*,#12112,.F.);
#12241 = PLANE('',#12242);
#12242 = AXIS2_PLACEMENT_3D('',#12243,#12244,#12245);
#12243 = CARTESIAN_POINT('',(0.15,-5.25,3.6));
#12244 = DIRECTION('',(0.,0.,-1.));
#12245 = DIRECTION('',(-1.,0.,0.));
#12246 = ADVANCED_FACE('',(#12247),#12272,.F.);
#12247 = FACE_BOUND('',#12248,.F.);
#12248 = EDGE_LOOP('',(#12249,#12259,#12265,#12266));
#12249 = ORIENTED_EDGE('',*,*,#12250,.F.);
#12250 = EDGE_CURVE('',#12251,#12253,#12255,.T.);
#12251 = VERTEX_POINT('',#12252);
#12252 = CARTESIAN_POINT('',(0.45,-5.25,3.5));
#12253 = VERTEX_POINT('',#12254);
#12254 = CARTESIAN_POINT('',(5.85,-5.25,3.5));
#12255 = LINE('',#12256,#12257);
#12256 = CARTESIAN_POINT('',(0.15,-5.25,3.5));
#12257 = VECTOR('',#12258,1.);
#12258 = DIRECTION('',(1.,0.,0.));
#12259 = ORIENTED_EDGE('',*,*,#12260,.T.);
#12260 = EDGE_CURVE('',#12251,#12128,#12261,.T.);
#12261 = LINE('',#12262,#12263);
#12262 = CARTESIAN_POINT('',(0.45,-5.25,3.5));
#12263 = VECTOR('',#12264,1.);
#12264 = DIRECTION('',(0.,0.,1.));
#12265 = ORIENTED_EDGE('',*,*,#12127,.T.);
#12266 = ORIENTED_EDGE('',*,*,#12267,.F.);
#12267 = EDGE_CURVE('',#12253,#12130,#12268,.T.);
#12268 = LINE('',#12269,#12270);
#12269 = CARTESIAN_POINT('',(5.85,-5.25,3.5));
#12270 = VECTOR('',#12271,1.);
#12271 = DIRECTION('',(0.,0.,1.));
#12272 = PLANE('',#12273);
#12273 = AXIS2_PLACEMENT_3D('',#12274,#12275,#12276);
#12274 = CARTESIAN_POINT('',(0.15,-5.25,3.5));
#12275 = DIRECTION('',(0.,1.,0.));
#12276 = DIRECTION('',(1.,0.,0.));
#12277 = ADVANCED_FACE('',(#12278),#12297,.T.);
#12278 = FACE_BOUND('',#12279,.T.);
#12279 = EDGE_LOOP('',(#12280,#12281,#12282,#12290));
#12280 = ORIENTED_EDGE('',*,*,#12260,.T.);
#12281 = ORIENTED_EDGE('',*,*,#12137,.T.);
#12282 = ORIENTED_EDGE('',*,*,#12283,.F.);
#12283 = EDGE_CURVE('',#12284,#12138,#12286,.T.);
#12284 = VERTEX_POINT('',#12285);
#12285 = CARTESIAN_POINT('',(0.15,-4.95,3.5));
#12286 = LINE('',#12287,#12288);
#12287 = CARTESIAN_POINT('',(0.15,-4.95,3.5));
#12288 = VECTOR('',#12289,1.);
#12289 = DIRECTION('',(0.,0.,1.));
#12290 = ORIENTED_EDGE('',*,*,#12291,.F.);
#12291 = EDGE_CURVE('',#12251,#12284,#12292,.T.);
#12292 = CIRCLE('',#12293,0.3);
#12293 = AXIS2_PLACEMENT_3D('',#12294,#12295,#12296);
#12294 = CARTESIAN_POINT('',(0.45,-4.95,3.5));
#12295 = DIRECTION('',(-0.,-0.,-1.));
#12296 = DIRECTION('',(0.,-1.,0.));
#12297 = CYLINDRICAL_SURFACE('',#12298,0.3);
#12298 = AXIS2_PLACEMENT_3D('',#12299,#12300,#12301);
#12299 = CARTESIAN_POINT('',(0.45,-4.95,3.5));
#12300 = DIRECTION('',(0.,0.,1.));
#12301 = DIRECTION('',(0.,-1.,0.));
#12302 = ADVANCED_FACE('',(#12303),#12322,.T.);
#12303 = FACE_BOUND('',#12304,.T.);
#12304 = EDGE_LOOP('',(#12305,#12314,#12320,#12321));
#12305 = ORIENTED_EDGE('',*,*,#12306,.T.);
#12306 = EDGE_CURVE('',#12253,#12307,#12309,.T.);
#12307 = VERTEX_POINT('',#12308);
#12308 = CARTESIAN_POINT('',(6.15,-4.95,3.5));
#12309 = CIRCLE('',#12310,0.3);
#12310 = AXIS2_PLACEMENT_3D('',#12311,#12312,#12313);
#12311 = CARTESIAN_POINT('',(5.85,-4.95,3.5));
#12312 = DIRECTION('',(-0.,0.,1.));
#12313 = DIRECTION('',(0.,-1.,0.));
#12314 = ORIENTED_EDGE('',*,*,#12315,.T.);
#12315 = EDGE_CURVE('',#12307,#12181,#12316,.T.);
#12316 = LINE('',#12317,#12318);
#12317 = CARTESIAN_POINT('',(6.15,-4.95,3.5));
#12318 = VECTOR('',#12319,1.);
#12319 = DIRECTION('',(0.,0.,1.));
#12320 = ORIENTED_EDGE('',*,*,#12188,.F.);
#12321 = ORIENTED_EDGE('',*,*,#12267,.F.);
#12322 = CYLINDRICAL_SURFACE('',#12323,0.3);
#12323 = AXIS2_PLACEMENT_3D('',#12324,#12325,#12326);
#12324 = CARTESIAN_POINT('',(5.85,-4.95,3.5));
#12325 = DIRECTION('',(0.,0.,1.));
#12326 = DIRECTION('',(0.,-1.,0.));
#12327 = ADVANCED_FACE('',(#12328),#12346,.F.);
#12328 = FACE_BOUND('',#12329,.F.);
#12329 = EDGE_LOOP('',(#12330,#12338,#12344,#12345));
#12330 = ORIENTED_EDGE('',*,*,#12331,.F.);
#12331 = EDGE_CURVE('',#12332,#12284,#12334,.T.);
#12332 = VERTEX_POINT('',#12333);
#12333 = CARTESIAN_POINT('',(0.15,0.45,3.5));
#12334 = LINE('',#12335,#12336);
#12335 = CARTESIAN_POINT('',(0.15,0.75,3.5));
#12336 = VECTOR('',#12337,1.);
#12337 = DIRECTION('',(0.,-1.,0.));
#12338 = ORIENTED_EDGE('',*,*,#12339,.T.);
#12339 = EDGE_CURVE('',#12332,#12147,#12340,.T.);
#12340 = LINE('',#12341,#12342);
#12341 = CARTESIAN_POINT('',(0.15,0.45,3.5));
#12342 = VECTOR('',#12343,1.);
#12343 = DIRECTION('',(0.,0.,1.));
#12344 = ORIENTED_EDGE('',*,*,#12146,.T.);
#12345 = ORIENTED_EDGE('',*,*,#12283,.F.);
#12346 = PLANE('',#12347);
#12347 = AXIS2_PLACEMENT_3D('',#12348,#12349,#12350);
#12348 = CARTESIAN_POINT('',(0.15,0.75,3.5));
#12349 = DIRECTION('',(1.,0.,0.));
#12350 = DIRECTION('',(0.,-1.,0.));
#12351 = ADVANCED_FACE('',(#12352),#12370,.F.);
#12352 = FACE_BOUND('',#12353,.F.);
#12353 = EDGE_LOOP('',(#12354,#12362,#12363,#12364));
#12354 = ORIENTED_EDGE('',*,*,#12355,.F.);
#12355 = EDGE_CURVE('',#12307,#12356,#12358,.T.);
#12356 = VERTEX_POINT('',#12357);
#12357 = CARTESIAN_POINT('',(6.15,0.45,3.5));
#12358 = LINE('',#12359,#12360);
#12359 = CARTESIAN_POINT('',(6.15,-5.25,3.5));
#12360 = VECTOR('',#12361,1.);
#12361 = DIRECTION('',(0.,1.,0.));
#12362 = ORIENTED_EDGE('',*,*,#12315,.T.);
#12363 = ORIENTED_EDGE('',*,*,#12180,.T.);
#12364 = ORIENTED_EDGE('',*,*,#12365,.F.);
#12365 = EDGE_CURVE('',#12356,#12172,#12366,.T.);
#12366 = LINE('',#12367,#12368);
#12367 = CARTESIAN_POINT('',(6.15,0.45,3.5));
#12368 = VECTOR('',#12369,1.);
#12369 = DIRECTION('',(0.,0.,1.));
#12370 = PLANE('',#12371);
#12371 = AXIS2_PLACEMENT_3D('',#12372,#12373,#12374);
#12372 = CARTESIAN_POINT('',(6.15,-5.25,3.5));
#12373 = DIRECTION('',(-1.,0.,0.));
#12374 = DIRECTION('',(0.,1.,0.));
#12375 = ADVANCED_FACE('',(#12376),#12395,.T.);
#12376 = FACE_BOUND('',#12377,.T.);
#12377 = EDGE_LOOP('',(#12378,#12387,#12388,#12389));
#12378 = ORIENTED_EDGE('',*,*,#12379,.T.);
#12379 = EDGE_CURVE('',#12380,#12332,#12382,.T.);
#12380 = VERTEX_POINT('',#12381);
#12381 = CARTESIAN_POINT('',(0.45,0.75,3.5));
#12382 = CIRCLE('',#12383,0.3);
#12383 = AXIS2_PLACEMENT_3D('',#12384,#12385,#12386);
#12384 = CARTESIAN_POINT('',(0.45,0.45,3.5));
#12385 = DIRECTION('',(-0.,0.,1.));
#12386 = DIRECTION('',(0.,-1.,0.));
#12387 = ORIENTED_EDGE('',*,*,#12339,.T.);
#12388 = ORIENTED_EDGE('',*,*,#12154,.F.);
#12389 = ORIENTED_EDGE('',*,*,#12390,.F.);
#12390 = EDGE_CURVE('',#12380,#12155,#12391,.T.);
#12391 = LINE('',#12392,#12393);
#12392 = CARTESIAN_POINT('',(0.45,0.75,3.5));
#12393 = VECTOR('',#12394,1.);
#12394 = DIRECTION('',(0.,0.,1.));
#12395 = CYLINDRICAL_SURFACE('',#12396,0.3);
#12396 = AXIS2_PLACEMENT_3D('',#12397,#12398,#12399);
#12397 = CARTESIAN_POINT('',(0.45,0.45,3.5));
#12398 = DIRECTION('',(0.,0.,1.));
#12399 = DIRECTION('',(0.,1.,0.));
#12400 = ADVANCED_FACE('',(#12401),#12420,.T.);
#12401 = FACE_BOUND('',#12402,.T.);
#12402 = EDGE_LOOP('',(#12403,#12412,#12418,#12419));
#12403 = ORIENTED_EDGE('',*,*,#12404,.T.);
#12404 = EDGE_CURVE('',#12356,#12405,#12407,.T.);
#12405 = VERTEX_POINT('',#12406);
#12406 = CARTESIAN_POINT('',(5.85,0.75,3.5));
#12407 = CIRCLE('',#12408,0.3);
#12408 = AXIS2_PLACEMENT_3D('',#12409,#12410,#12411);
#12409 = CARTESIAN_POINT('',(5.85,0.45,3.5));
#12410 = DIRECTION('',(-0.,0.,1.));
#12411 = DIRECTION('',(0.,-1.,0.));
#12412 = ORIENTED_EDGE('',*,*,#12413,.T.);
#12413 = EDGE_CURVE('',#12405,#12164,#12414,.T.);
#12414 = LINE('',#12415,#12416);
#12415 = CARTESIAN_POINT('',(5.85,0.75,3.5));
#12416 = VECTOR('',#12417,1.);
#12417 = DIRECTION('',(0.,0.,1.));
#12418 = ORIENTED_EDGE('',*,*,#12171,.F.);
#12419 = ORIENTED_EDGE('',*,*,#12365,.F.);
#12420 = CYLINDRICAL_SURFACE('',#12421,0.3);
#12421 = AXIS2_PLACEMENT_3D('',#12422,#12423,#12424);
#12422 = CARTESIAN_POINT('',(5.85,0.45,3.5));
#12423 = DIRECTION('',(0.,0.,1.));
#12424 = DIRECTION('',(1.,0.,-0.));
#12425 = ADVANCED_FACE('',(#12426),#12437,.F.);
#12426 = FACE_BOUND('',#12427,.F.);
#12427 = EDGE_LOOP('',(#12428,#12434,#12435,#12436));
#12428 = ORIENTED_EDGE('',*,*,#12429,.F.);
#12429 = EDGE_CURVE('',#12405,#12380,#12430,.T.);
#12430 = LINE('',#12431,#12432);
#12431 = CARTESIAN_POINT('',(6.15,0.75,3.5));
#12432 = VECTOR('',#12433,1.);
#12433 = DIRECTION('',(-1.,0.,0.));
#12434 = ORIENTED_EDGE('',*,*,#12413,.T.);
#12435 = ORIENTED_EDGE('',*,*,#12163,.T.);
#12436 = ORIENTED_EDGE('',*,*,#12390,.F.);
#12437 = PLANE('',#12438);
#12438 = AXIS2_PLACEMENT_3D('',#12439,#12440,#12441);
#12439 = CARTESIAN_POINT('',(6.15,0.75,3.5));
#12440 = DIRECTION('',(0.,-1.,0.));
#12441 = DIRECTION('',(-1.,0.,0.));
#12442 = ADVANCED_FACE('',(#12443),#12462,.T.);
#12443 = FACE_BOUND('',#12444,.T.);
#12444 = EDGE_LOOP('',(#12445,#12453,#12460,#12461));
#12445 = ORIENTED_EDGE('',*,*,#12446,.T.);
#12446 = EDGE_CURVE('',#12198,#12447,#12449,.T.);
#12447 = VERTEX_POINT('',#12448);
#12448 = CARTESIAN_POINT('',(5.65,-4.25,4.1));
#12449 = LINE('',#12450,#12451);
#12450 = CARTESIAN_POINT('',(5.65,-4.25,3.5));
#12451 = VECTOR('',#12452,1.);
#12452 = DIRECTION('',(0.,0.,1.));
#12453 = ORIENTED_EDGE('',*,*,#12454,.F.);
#12454 = EDGE_CURVE('',#12447,#12447,#12455,.T.);
#12455 = CIRCLE('',#12456,0.5);
#12456 = AXIS2_PLACEMENT_3D('',#12457,#12458,#12459);
#12457 = CARTESIAN_POINT('',(5.15,-4.25,4.1));
#12458 = DIRECTION('',(0.,0.,1.));
#12459 = DIRECTION('',(1.,0.,-0.));
#12460 = ORIENTED_EDGE('',*,*,#12446,.F.);
#12461 = ORIENTED_EDGE('',*,*,#12197,.F.);
#12462 = CYLINDRICAL_SURFACE('',#12463,0.5);
#12463 = AXIS2_PLACEMENT_3D('',#12464,#12465,#12466);
#12464 = CARTESIAN_POINT('',(5.15,-4.25,3.5));
#12465 = DIRECTION('',(-0.,-0.,-1.));
#12466 = DIRECTION('',(1.,0.,0.));
#12467 = ADVANCED_FACE('',(#12468),#12487,.T.);
#12468 = FACE_BOUND('',#12469,.T.);
#12469 = EDGE_LOOP('',(#12470,#12478,#12485,#12486));
#12470 = ORIENTED_EDGE('',*,*,#12471,.T.);
#12471 = EDGE_CURVE('',#12209,#12472,#12474,.T.);
#12472 = VERTEX_POINT('',#12473);
#12473 = CARTESIAN_POINT('',(4.9,-2.25,4.2));
#12474 = LINE('',#12475,#12476);
#12475 = CARTESIAN_POINT('',(4.9,-2.25,3.5));
#12476 = VECTOR('',#12477,1.);
#12477 = DIRECTION('',(0.,0.,1.));
#12478 = ORIENTED_EDGE('',*,*,#12479,.F.);
#12479 = EDGE_CURVE('',#12472,#12472,#12480,.T.);
#12480 = CIRCLE('',#12481,1.75);
#12481 = AXIS2_PLACEMENT_3D('',#12482,#12483,#12484);
#12482 = CARTESIAN_POINT('',(3.15,-2.25,4.2));
#12483 = DIRECTION('',(0.,0.,1.));
#12484 = DIRECTION('',(1.,0.,-0.));
#12485 = ORIENTED_EDGE('',*,*,#12471,.F.);
#12486 = ORIENTED_EDGE('',*,*,#12208,.F.);
#12487 = CYLINDRICAL_SURFACE('',#12488,1.75);
#12488 = AXIS2_PLACEMENT_3D('',#12489,#12490,#12491);
#12489 = CARTESIAN_POINT('',(3.15,-2.25,3.5));
#12490 = DIRECTION('',(-0.,-0.,-1.));
#12491 = DIRECTION('',(1.,0.,0.));
#12492 = ADVANCED_FACE('',(#12493),#12512,.T.);
#12493 = FACE_BOUND('',#12494,.T.);
#12494 = EDGE_LOOP('',(#12495,#12503,#12510,#12511));
#12495 = ORIENTED_EDGE('',*,*,#12496,.T.);
#12496 = EDGE_CURVE('',#12220,#12497,#12499,.T.);
#12497 = VERTEX_POINT('',#12498);
#12498 = CARTESIAN_POINT('',(1.65,-0.25,4.1));
#12499 = LINE('',#12500,#12501);
#12500 = CARTESIAN_POINT('',(1.65,-0.25,3.5));
#12501 = VECTOR('',#12502,1.);
#12502 = DIRECTION('',(0.,0.,1.));
#12503 = ORIENTED_EDGE('',*,*,#12504,.F.);
#12504 = EDGE_CURVE('',#12497,#12497,#12505,.T.);
#12505 = CIRCLE('',#12506,0.5);
#12506 = AXIS2_PLACEMENT_3D('',#12507,#12508,#12509);
#12507 = CARTESIAN_POINT('',(1.15,-0.25,4.1));
#12508 = DIRECTION('',(0.,0.,1.));
#12509 = DIRECTION('',(1.,0.,-0.));
#12510 = ORIENTED_EDGE('',*,*,#12496,.F.);
#12511 = ORIENTED_EDGE('',*,*,#12219,.F.);
#12512 = CYLINDRICAL_SURFACE('',#12513,0.5);
#12513 = AXIS2_PLACEMENT_3D('',#12514,#12515,#12516);
#12514 = CARTESIAN_POINT('',(1.15,-0.25,3.5));
#12515 = DIRECTION('',(-0.,-0.,-1.));
#12516 = DIRECTION('',(1.,0.,0.));
#12517 = ADVANCED_FACE('',(#12518),#12537,.T.);
#12518 = FACE_BOUND('',#12519,.T.);
#12519 = EDGE_LOOP('',(#12520,#12528,#12535,#12536));
#12520 = ORIENTED_EDGE('',*,*,#12521,.T.);
#12521 = EDGE_CURVE('',#12231,#12522,#12524,.T.);
#12522 = VERTEX_POINT('',#12523);
#12523 = CARTESIAN_POINT('',(5.65,-0.25,4.1));
#12524 = LINE('',#12525,#12526);
#12525 = CARTESIAN_POINT('',(5.65,-0.25,3.5));
#12526 = VECTOR('',#12527,1.);
#12527 = DIRECTION('',(0.,0.,1.));
#12528 = ORIENTED_EDGE('',*,*,#12529,.F.);
#12529 = EDGE_CURVE('',#12522,#12522,#12530,.T.);
#12530 = CIRCLE('',#12531,0.5);
#12531 = AXIS2_PLACEMENT_3D('',#12532,#12533,#12534);
#12532 = CARTESIAN_POINT('',(5.15,-0.25,4.1));
#12533 = DIRECTION('',(0.,0.,1.));
#12534 = DIRECTION('',(1.,0.,-0.));
#12535 = ORIENTED_EDGE('',*,*,#12521,.F.);
#12536 = ORIENTED_EDGE('',*,*,#12230,.F.);
#12537 = CYLINDRICAL_SURFACE('',#12538,0.5);
#12538 = AXIS2_PLACEMENT_3D('',#12539,#12540,#12541);
#12539 = CARTESIAN_POINT('',(5.15,-0.25,3.5));
#12540 = DIRECTION('',(-0.,-0.,-1.));
#12541 = DIRECTION('',(1.,0.,0.));
#12542 = ADVANCED_FACE('',(#12543),#12568,.F.);
#12543 = FACE_BOUND('',#12544,.F.);
#12544 = EDGE_LOOP('',(#12545,#12555,#12561,#12562));
#12545 = ORIENTED_EDGE('',*,*,#12546,.F.);
#12546 = EDGE_CURVE('',#12547,#12549,#12551,.T.);
#12547 = VERTEX_POINT('',#12548);
#12548 = CARTESIAN_POINT('',(0.45,-5.25,0.));
#12549 = VERTEX_POINT('',#12550);
#12550 = CARTESIAN_POINT('',(5.85,-5.25,0.));
#12551 = LINE('',#12552,#12553);
#12552 = CARTESIAN_POINT('',(0.15,-5.25,0.));
#12553 = VECTOR('',#12554,1.);
#12554 = DIRECTION('',(1.,0.,0.));
#12555 = ORIENTED_EDGE('',*,*,#12556,.T.);
#12556 = EDGE_CURVE('',#12547,#12251,#12557,.T.);
#12557 = LINE('',#12558,#12559);
#12558 = CARTESIAN_POINT('',(0.45,-5.25,0.));
#12559 = VECTOR('',#12560,1.);
#12560 = DIRECTION('',(0.,0.,1.));
#12561 = ORIENTED_EDGE('',*,*,#12250,.T.);
#12562 = ORIENTED_EDGE('',*,*,#12563,.F.);
#12563 = EDGE_CURVE('',#12549,#12253,#12564,.T.);
#12564 = LINE('',#12565,#12566);
#12565 = CARTESIAN_POINT('',(5.85,-5.25,0.));
#12566 = VECTOR('',#12567,1.);
#12567 = DIRECTION('',(0.,0.,1.));
#12568 = PLANE('',#12569);
#12569 = AXIS2_PLACEMENT_3D('',#12570,#12571,#12572);
#12570 = CARTESIAN_POINT('',(0.15,-5.25,0.));
#12571 = DIRECTION('',(0.,1.,0.));
#12572 = DIRECTION('',(1.,0.,0.));
#12573 = ADVANCED_FACE('',(#12574),#12593,.T.);
#12574 = FACE_BOUND('',#12575,.T.);
#12575 = EDGE_LOOP('',(#12576,#12577,#12578,#12586));
#12576 = ORIENTED_EDGE('',*,*,#12556,.T.);
#12577 = ORIENTED_EDGE('',*,*,#12291,.T.);
#12578 = ORIENTED_EDGE('',*,*,#12579,.F.);
#12579 = EDGE_CURVE('',#12580,#12284,#12582,.T.);
#12580 = VERTEX_POINT('',#12581);
#12581 = CARTESIAN_POINT('',(0.15,-4.95,0.));
#12582 = LINE('',#12583,#12584);
#12583 = CARTESIAN_POINT('',(0.15,-4.95,0.));
#12584 = VECTOR('',#12585,1.);
#12585 = DIRECTION('',(0.,0.,1.));
#12586 = ORIENTED_EDGE('',*,*,#12587,.F.);
#12587 = EDGE_CURVE('',#12547,#12580,#12588,.T.);
#12588 = CIRCLE('',#12589,0.3);
#12589 = AXIS2_PLACEMENT_3D('',#12590,#12591,#12592);
#12590 = CARTESIAN_POINT('',(0.45,-4.95,0.));
#12591 = DIRECTION('',(-0.,-0.,-1.));
#12592 = DIRECTION('',(0.,-1.,0.));
#12593 = CYLINDRICAL_SURFACE('',#12594,0.3);
#12594 = AXIS2_PLACEMENT_3D('',#12595,#12596,#12597);
#12595 = CARTESIAN_POINT('',(0.45,-4.95,0.));
#12596 = DIRECTION('',(0.,0.,1.));
#12597 = DIRECTION('',(0.,-1.,0.));
#12598 = ADVANCED_FACE('',(#12599),#12618,.T.);
#12599 = FACE_BOUND('',#12600,.T.);
#12600 = EDGE_LOOP('',(#12601,#12610,#12616,#12617));
#12601 = ORIENTED_EDGE('',*,*,#12602,.T.);
#12602 = EDGE_CURVE('',#12549,#12603,#12605,.T.);
#12603 = VERTEX_POINT('',#12604);
#12604 = CARTESIAN_POINT('',(6.15,-4.95,0.));
#12605 = CIRCLE('',#12606,0.3);
#12606 = AXIS2_PLACEMENT_3D('',#12607,#12608,#12609);
#12607 = CARTESIAN_POINT('',(5.85,-4.95,0.));
#12608 = DIRECTION('',(-0.,0.,1.));
#12609 = DIRECTION('',(0.,-1.,0.));
#12610 = ORIENTED_EDGE('',*,*,#12611,.T.);
#12611 = EDGE_CURVE('',#12603,#12307,#12612,.T.);
#12612 = LINE('',#12613,#12614);
#12613 = CARTESIAN_POINT('',(6.15,-4.95,0.));
#12614 = VECTOR('',#12615,1.);
#12615 = DIRECTION('',(0.,0.,1.));
#12616 = ORIENTED_EDGE('',*,*,#12306,.F.);
#12617 = ORIENTED_EDGE('',*,*,#12563,.F.);
#12618 = CYLINDRICAL_SURFACE('',#12619,0.3);
#12619 = AXIS2_PLACEMENT_3D('',#12620,#12621,#12622);
#12620 = CARTESIAN_POINT('',(5.85,-4.95,0.));
#12621 = DIRECTION('',(0.,0.,1.));
#12622 = DIRECTION('',(0.,-1.,0.));
#12623 = ADVANCED_FACE('',(#12624),#12706,.F.);
#12624 = FACE_BOUND('',#12625,.F.);
#12625 = EDGE_LOOP('',(#12626,#12636,#12642,#12643,#12644,#12652,#12660,
    #12668,#12676,#12684,#12692,#12700));
#12626 = ORIENTED_EDGE('',*,*,#12627,.F.);
#12627 = EDGE_CURVE('',#12628,#12630,#12632,.T.);
#12628 = VERTEX_POINT('',#12629);
#12629 = CARTESIAN_POINT('',(0.15,0.45,0.));
#12630 = VERTEX_POINT('',#12631);
#12631 = CARTESIAN_POINT('',(0.15,0.35,0.));
#12632 = LINE('',#12633,#12634);
#12633 = CARTESIAN_POINT('',(0.15,0.75,0.));
#12634 = VECTOR('',#12635,1.);
#12635 = DIRECTION('',(0.,-1.,0.));
#12636 = ORIENTED_EDGE('',*,*,#12637,.T.);
#12637 = EDGE_CURVE('',#12628,#12332,#12638,.T.);
#12638 = LINE('',#12639,#12640);
#12639 = CARTESIAN_POINT('',(0.15,0.45,0.));
#12640 = VECTOR('',#12641,1.);
#12641 = DIRECTION('',(0.,0.,1.));
#12642 = ORIENTED_EDGE('',*,*,#12331,.T.);
#12643 = ORIENTED_EDGE('',*,*,#12579,.F.);
#12644 = ORIENTED_EDGE('',*,*,#12645,.F.);
#12645 = EDGE_CURVE('',#12646,#12580,#12648,.T.);
#12646 = VERTEX_POINT('',#12647);
#12647 = CARTESIAN_POINT('',(0.15,-4.85,0.));
#12648 = LINE('',#12649,#12650);
#12649 = CARTESIAN_POINT('',(0.15,0.75,0.));
#12650 = VECTOR('',#12651,1.);
#12651 = DIRECTION('',(0.,-1.,0.));
#12652 = ORIENTED_EDGE('',*,*,#12653,.F.);
#12653 = EDGE_CURVE('',#12654,#12646,#12656,.T.);
#12654 = VERTEX_POINT('',#12655);
#12655 = CARTESIAN_POINT('',(0.15,-4.85,1.5));
#12656 = LINE('',#12657,#12658);
#12657 = CARTESIAN_POINT('',(0.15,-4.85,1.5));
#12658 = VECTOR('',#12659,1.);
#12659 = DIRECTION('',(0.,5.551115123126E-16,-1.));
#12660 = ORIENTED_EDGE('',*,*,#12661,.T.);
#12661 = EDGE_CURVE('',#12654,#12662,#12664,.T.);
#12662 = VERTEX_POINT('',#12663);
#12663 = CARTESIAN_POINT('',(0.15,-4.15,1.5));
#12664 = LINE('',#12665,#12666);
#12665 = CARTESIAN_POINT('',(0.15,-4.85,1.5));
#12666 = VECTOR('',#12667,1.);
#12667 = DIRECTION('',(0.,1.,3.330669073875E-16));
#12668 = ORIENTED_EDGE('',*,*,#12669,.T.);
#12669 = EDGE_CURVE('',#12662,#12670,#12672,.T.);
#12670 = VERTEX_POINT('',#12671);
#12671 = CARTESIAN_POINT('',(0.15,-4.15,0.));
#12672 = LINE('',#12673,#12674);
#12673 = CARTESIAN_POINT('',(0.15,-4.15,1.5));
#12674 = VECTOR('',#12675,1.);
#12675 = DIRECTION('',(0.,5.551115123126E-16,-1.));
#12676 = ORIENTED_EDGE('',*,*,#12677,.F.);
#12677 = EDGE_CURVE('',#12678,#12670,#12680,.T.);
#12678 = VERTEX_POINT('',#12679);
#12679 = CARTESIAN_POINT('',(0.15,-0.35,0.));
#12680 = LINE('',#12681,#12682);
#12681 = CARTESIAN_POINT('',(0.15,0.75,0.));
#12682 = VECTOR('',#12683,1.);
#12683 = DIRECTION('',(0.,-1.,0.));
#12684 = ORIENTED_EDGE('',*,*,#12685,.F.);
#12685 = EDGE_CURVE('',#12686,#12678,#12688,.T.);
#12686 = VERTEX_POINT('',#12687);
#12687 = CARTESIAN_POINT('',(0.15,-0.35,1.5));
#12688 = LINE('',#12689,#12690);
#12689 = CARTESIAN_POINT('',(0.15,-0.35,1.5));
#12690 = VECTOR('',#12691,1.);
#12691 = DIRECTION('',(0.,5.551115123126E-16,-1.));
#12692 = ORIENTED_EDGE('',*,*,#12693,.T.);
#12693 = EDGE_CURVE('',#12686,#12694,#12696,.T.);
#12694 = VERTEX_POINT('',#12695);
#12695 = CARTESIAN_POINT('',(0.15,0.35,1.5));
#12696 = LINE('',#12697,#12698);
#12697 = CARTESIAN_POINT('',(0.15,-0.35,1.5));
#12698 = VECTOR('',#12699,1.);
#12699 = DIRECTION('',(0.,1.,3.330669073875E-16));
#12700 = ORIENTED_EDGE('',*,*,#12701,.T.);
#12701 = EDGE_CURVE('',#12694,#12630,#12702,.T.);
#12702 = LINE('',#12703,#12704);
#12703 = CARTESIAN_POINT('',(0.15,0.35,1.5));
#12704 = VECTOR('',#12705,1.);
#12705 = DIRECTION('',(0.,5.551115123126E-16,-1.));
#12706 = PLANE('',#12707);
#12707 = AXIS2_PLACEMENT_3D('',#12708,#12709,#12710);
#12708 = CARTESIAN_POINT('',(0.15,0.75,0.));
#12709 = DIRECTION('',(1.,0.,0.));
#12710 = DIRECTION('',(0.,-1.,0.));
#12711 = ADVANCED_FACE('',(#12712),#12794,.F.);
#12712 = FACE_BOUND('',#12713,.F.);
#12713 = EDGE_LOOP('',(#12714,#12722,#12723,#12724,#12732,#12740,#12748,
    #12756,#12764,#12772,#12780,#12788));
#12714 = ORIENTED_EDGE('',*,*,#12715,.F.);
#12715 = EDGE_CURVE('',#12603,#12716,#12718,.T.);
#12716 = VERTEX_POINT('',#12717);
#12717 = CARTESIAN_POINT('',(6.15,-4.85,0.));
#12718 = LINE('',#12719,#12720);
#12719 = CARTESIAN_POINT('',(6.15,-5.25,0.));
#12720 = VECTOR('',#12721,1.);
#12721 = DIRECTION('',(0.,1.,0.));
#12722 = ORIENTED_EDGE('',*,*,#12611,.T.);
#12723 = ORIENTED_EDGE('',*,*,#12355,.T.);
#12724 = ORIENTED_EDGE('',*,*,#12725,.F.);
#12725 = EDGE_CURVE('',#12726,#12356,#12728,.T.);
#12726 = VERTEX_POINT('',#12727);
#12727 = CARTESIAN_POINT('',(6.15,0.45,0.));
#12728 = LINE('',#12729,#12730);
#12729 = CARTESIAN_POINT('',(6.15,0.45,0.));
#12730 = VECTOR('',#12731,1.);
#12731 = DIRECTION('',(0.,0.,1.));
#12732 = ORIENTED_EDGE('',*,*,#12733,.F.);
#12733 = EDGE_CURVE('',#12734,#12726,#12736,.T.);
#12734 = VERTEX_POINT('',#12735);
#12735 = CARTESIAN_POINT('',(6.15,0.35,0.));
#12736 = LINE('',#12737,#12738);
#12737 = CARTESIAN_POINT('',(6.15,-5.25,0.));
#12738 = VECTOR('',#12739,1.);
#12739 = DIRECTION('',(0.,1.,0.));
#12740 = ORIENTED_EDGE('',*,*,#12741,.F.);
#12741 = EDGE_CURVE('',#12742,#12734,#12744,.T.);
#12742 = VERTEX_POINT('',#12743);
#12743 = CARTESIAN_POINT('',(6.15,0.35,1.5));
#12744 = LINE('',#12745,#12746);
#12745 = CARTESIAN_POINT('',(6.15,0.35,1.5));
#12746 = VECTOR('',#12747,1.);
#12747 = DIRECTION('',(0.,5.551115123126E-16,-1.));
#12748 = ORIENTED_EDGE('',*,*,#12749,.F.);
#12749 = EDGE_CURVE('',#12750,#12742,#12752,.T.);
#12750 = VERTEX_POINT('',#12751);
#12751 = CARTESIAN_POINT('',(6.15,-0.35,1.5));
#12752 = LINE('',#12753,#12754);
#12753 = CARTESIAN_POINT('',(6.15,-0.35,1.5));
#12754 = VECTOR('',#12755,1.);
#12755 = DIRECTION('',(0.,1.,3.330669073875E-16));
#12756 = ORIENTED_EDGE('',*,*,#12757,.T.);
#12757 = EDGE_CURVE('',#12750,#12758,#12760,.T.);
#12758 = VERTEX_POINT('',#12759);
#12759 = CARTESIAN_POINT('',(6.15,-0.35,0.));
#12760 = LINE('',#12761,#12762);
#12761 = CARTESIAN_POINT('',(6.15,-0.35,1.5));
#12762 = VECTOR('',#12763,1.);
#12763 = DIRECTION('',(0.,5.551115123126E-16,-1.));
#12764 = ORIENTED_EDGE('',*,*,#12765,.F.);
#12765 = EDGE_CURVE('',#12766,#12758,#12768,.T.);
#12766 = VERTEX_POINT('',#12767);
#12767 = CARTESIAN_POINT('',(6.15,-4.15,0.));
#12768 = LINE('',#12769,#12770);
#12769 = CARTESIAN_POINT('',(6.15,-5.25,0.));
#12770 = VECTOR('',#12771,1.);
#12771 = DIRECTION('',(0.,1.,0.));
#12772 = ORIENTED_EDGE('',*,*,#12773,.F.);
#12773 = EDGE_CURVE('',#12774,#12766,#12776,.T.);
#12774 = VERTEX_POINT('',#12775);
#12775 = CARTESIAN_POINT('',(6.15,-4.15,1.5));
#12776 = LINE('',#12777,#12778);
#12777 = CARTESIAN_POINT('',(6.15,-4.15,1.5));
#12778 = VECTOR('',#12779,1.);
#12779 = DIRECTION('',(0.,5.551115123126E-16,-1.));
#12780 = ORIENTED_EDGE('',*,*,#12781,.F.);
#12781 = EDGE_CURVE('',#12782,#12774,#12784,.T.);
#12782 = VERTEX_POINT('',#12783);
#12783 = CARTESIAN_POINT('',(6.15,-4.85,1.5));
#12784 = LINE('',#12785,#12786);
#12785 = CARTESIAN_POINT('',(6.15,-4.85,1.5));
#12786 = VECTOR('',#12787,1.);
#12787 = DIRECTION('',(0.,1.,3.330669073875E-16));
#12788 = ORIENTED_EDGE('',*,*,#12789,.T.);
#12789 = EDGE_CURVE('',#12782,#12716,#12790,.T.);
#12790 = LINE('',#12791,#12792);
#12791 = CARTESIAN_POINT('',(6.15,-4.85,1.5));
#12792 = VECTOR('',#12793,1.);
#12793 = DIRECTION('',(0.,5.551115123126E-16,-1.));
#12794 = PLANE('',#12795);
#12795 = AXIS2_PLACEMENT_3D('',#12796,#12797,#12798);
#12796 = CARTESIAN_POINT('',(6.15,-5.25,0.));
#12797 = DIRECTION('',(-1.,0.,0.));
#12798 = DIRECTION('',(0.,1.,0.));
#12799 = ADVANCED_FACE('',(#12800),#12819,.T.);
#12800 = FACE_BOUND('',#12801,.T.);
#12801 = EDGE_LOOP('',(#12802,#12811,#12812,#12813));
#12802 = ORIENTED_EDGE('',*,*,#12803,.T.);
#12803 = EDGE_CURVE('',#12804,#12628,#12806,.T.);
#12804 = VERTEX_POINT('',#12805);
#12805 = CARTESIAN_POINT('',(0.45,0.75,0.));
#12806 = CIRCLE('',#12807,0.3);
#12807 = AXIS2_PLACEMENT_3D('',#12808,#12809,#12810);
#12808 = CARTESIAN_POINT('',(0.45,0.45,0.));
#12809 = DIRECTION('',(-0.,0.,1.));
#12810 = DIRECTION('',(0.,-1.,0.));
#12811 = ORIENTED_EDGE('',*,*,#12637,.T.);
#12812 = ORIENTED_EDGE('',*,*,#12379,.F.);
#12813 = ORIENTED_EDGE('',*,*,#12814,.F.);
#12814 = EDGE_CURVE('',#12804,#12380,#12815,.T.);
#12815 = LINE('',#12816,#12817);
#12816 = CARTESIAN_POINT('',(0.45,0.75,0.));
#12817 = VECTOR('',#12818,1.);
#12818 = DIRECTION('',(0.,0.,1.));
#12819 = CYLINDRICAL_SURFACE('',#12820,0.3);
#12820 = AXIS2_PLACEMENT_3D('',#12821,#12822,#12823);
#12821 = CARTESIAN_POINT('',(0.45,0.45,0.));
#12822 = DIRECTION('',(0.,0.,1.));
#12823 = DIRECTION('',(0.,1.,0.));
#12824 = ADVANCED_FACE('',(#12825),#12844,.T.);
#12825 = FACE_BOUND('',#12826,.T.);
#12826 = EDGE_LOOP('',(#12827,#12836,#12842,#12843));
#12827 = ORIENTED_EDGE('',*,*,#12828,.T.);
#12828 = EDGE_CURVE('',#12726,#12829,#12831,.T.);
#12829 = VERTEX_POINT('',#12830);
#12830 = CARTESIAN_POINT('',(5.85,0.75,0.));
#12831 = CIRCLE('',#12832,0.3);
#12832 = AXIS2_PLACEMENT_3D('',#12833,#12834,#12835);
#12833 = CARTESIAN_POINT('',(5.85,0.45,0.));
#12834 = DIRECTION('',(-0.,0.,1.));
#12835 = DIRECTION('',(0.,-1.,0.));
#12836 = ORIENTED_EDGE('',*,*,#12837,.T.);
#12837 = EDGE_CURVE('',#12829,#12405,#12838,.T.);
#12838 = LINE('',#12839,#12840);
#12839 = CARTESIAN_POINT('',(5.85,0.75,0.));
#12840 = VECTOR('',#12841,1.);
#12841 = DIRECTION('',(0.,0.,1.));
#12842 = ORIENTED_EDGE('',*,*,#12404,.F.);
#12843 = ORIENTED_EDGE('',*,*,#12725,.F.);
#12844 = CYLINDRICAL_SURFACE('',#12845,0.3);
#12845 = AXIS2_PLACEMENT_3D('',#12846,#12847,#12848);
#12846 = CARTESIAN_POINT('',(5.85,0.45,0.));
#12847 = DIRECTION('',(0.,0.,1.));
#12848 = DIRECTION('',(1.,0.,-0.));
#12849 = ADVANCED_FACE('',(#12850),#12861,.F.);
#12850 = FACE_BOUND('',#12851,.F.);
#12851 = EDGE_LOOP('',(#12852,#12858,#12859,#12860));
#12852 = ORIENTED_EDGE('',*,*,#12853,.F.);
#12853 = EDGE_CURVE('',#12829,#12804,#12854,.T.);
#12854 = LINE('',#12855,#12856);
#12855 = CARTESIAN_POINT('',(6.15,0.75,0.));
#12856 = VECTOR('',#12857,1.);
#12857 = DIRECTION('',(-1.,0.,0.));
#12858 = ORIENTED_EDGE('',*,*,#12837,.T.);
#12859 = ORIENTED_EDGE('',*,*,#12429,.T.);
#12860 = ORIENTED_EDGE('',*,*,#12814,.F.);
#12861 = PLANE('',#12862);
#12862 = AXIS2_PLACEMENT_3D('',#12863,#12864,#12865);
#12863 = CARTESIAN_POINT('',(6.15,0.75,0.));
#12864 = DIRECTION('',(0.,-1.,0.));
#12865 = DIRECTION('',(-1.,0.,0.));
#12866 = ADVANCED_FACE('',(#12867),#12870,.F.);
#12867 = FACE_BOUND('',#12868,.T.);
#12868 = EDGE_LOOP('',(#12869));
#12869 = ORIENTED_EDGE('',*,*,#12454,.T.);
#12870 = PLANE('',#12871);
#12871 = AXIS2_PLACEMENT_3D('',#12872,#12873,#12874);
#12872 = CARTESIAN_POINT('',(5.65,-4.25,4.1));
#12873 = DIRECTION('',(0.,0.,-1.));
#12874 = DIRECTION('',(-1.,0.,0.));
#12875 = ADVANCED_FACE('',(#12876),#12896,.T.);
#12876 = FACE_BOUND('',#12877,.T.);
#12877 = EDGE_LOOP('',(#12878,#12879,#12888,#12895));
#12878 = ORIENTED_EDGE('',*,*,#12479,.T.);
#12879 = ORIENTED_EDGE('',*,*,#12880,.F.);
#12880 = EDGE_CURVE('',#12881,#12472,#12883,.T.);
#12881 = VERTEX_POINT('',#12882);
#12882 = CARTESIAN_POINT('',(4.8,-2.25,4.3));
#12883 = CIRCLE('',#12884,0.1);
#12884 = AXIS2_PLACEMENT_3D('',#12885,#12886,#12887);
#12885 = CARTESIAN_POINT('',(4.8,-2.25,4.2));
#12886 = DIRECTION('',(-0.,1.,0.));
#12887 = DIRECTION('',(1.,0.,0.));
#12888 = ORIENTED_EDGE('',*,*,#12889,.F.);
#12889 = EDGE_CURVE('',#12881,#12881,#12890,.T.);
#12890 = CIRCLE('',#12891,1.65);
#12891 = AXIS2_PLACEMENT_3D('',#12892,#12893,#12894);
#12892 = CARTESIAN_POINT('',(3.15,-2.25,4.3));
#12893 = DIRECTION('',(0.,0.,1.));
#12894 = DIRECTION('',(1.,0.,-0.));
#12895 = ORIENTED_EDGE('',*,*,#12880,.T.);
#12896 = TOROIDAL_SURFACE('',#12897,1.65,0.1);
#12897 = AXIS2_PLACEMENT_3D('',#12898,#12899,#12900);
#12898 = CARTESIAN_POINT('',(3.15,-2.25,4.2));
#12899 = DIRECTION('',(0.,0.,-1.));
#12900 = DIRECTION('',(1.,0.,0.));
#12901 = ADVANCED_FACE('',(#12902),#12905,.F.);
#12902 = FACE_BOUND('',#12903,.T.);
#12903 = EDGE_LOOP('',(#12904));
#12904 = ORIENTED_EDGE('',*,*,#12504,.T.);
#12905 = PLANE('',#12906);
#12906 = AXIS2_PLACEMENT_3D('',#12907,#12908,#12909);
#12907 = CARTESIAN_POINT('',(1.65,-0.25,4.1));
#12908 = DIRECTION('',(0.,0.,-1.));
#12909 = DIRECTION('',(-1.,0.,0.));
#12910 = ADVANCED_FACE('',(#12911),#12914,.F.);
#12911 = FACE_BOUND('',#12912,.T.);
#12912 = EDGE_LOOP('',(#12913));
#12913 = ORIENTED_EDGE('',*,*,#12529,.T.);
#12914 = PLANE('',#12915);
#12915 = AXIS2_PLACEMENT_3D('',#12916,#12917,#12918);
#12916 = CARTESIAN_POINT('',(5.65,-0.25,4.1));
#12917 = DIRECTION('',(0.,0.,-1.));
#12918 = DIRECTION('',(-1.,0.,0.));
#12919 = ADVANCED_FACE('',(#12920),#12958,.T.);
#12920 = FACE_BOUND('',#12921,.T.);
#12921 = EDGE_LOOP('',(#12922,#12923,#12924,#12925,#12931,#12932,#12938,
    #12939,#12940,#12941,#12942,#12943,#12949,#12950,#12956,#12957));
#12922 = ORIENTED_EDGE('',*,*,#12546,.F.);
#12923 = ORIENTED_EDGE('',*,*,#12587,.T.);
#12924 = ORIENTED_EDGE('',*,*,#12645,.F.);
#12925 = ORIENTED_EDGE('',*,*,#12926,.F.);
#12926 = EDGE_CURVE('',#12670,#12646,#12927,.T.);
#12927 = LINE('',#12928,#12929);
#12928 = CARTESIAN_POINT('',(0.15,0.75,0.));
#12929 = VECTOR('',#12930,1.);
#12930 = DIRECTION('',(0.,-1.,0.));
#12931 = ORIENTED_EDGE('',*,*,#12677,.F.);
#12932 = ORIENTED_EDGE('',*,*,#12933,.F.);
#12933 = EDGE_CURVE('',#12630,#12678,#12934,.T.);
#12934 = LINE('',#12935,#12936);
#12935 = CARTESIAN_POINT('',(0.15,0.75,0.));
#12936 = VECTOR('',#12937,1.);
#12937 = DIRECTION('',(0.,-1.,0.));
#12938 = ORIENTED_EDGE('',*,*,#12627,.F.);
#12939 = ORIENTED_EDGE('',*,*,#12803,.F.);
#12940 = ORIENTED_EDGE('',*,*,#12853,.F.);
#12941 = ORIENTED_EDGE('',*,*,#12828,.F.);
#12942 = ORIENTED_EDGE('',*,*,#12733,.F.);
#12943 = ORIENTED_EDGE('',*,*,#12944,.F.);
#12944 = EDGE_CURVE('',#12758,#12734,#12945,.T.);
#12945 = LINE('',#12946,#12947);
#12946 = CARTESIAN_POINT('',(6.15,-5.25,0.));
#12947 = VECTOR('',#12948,1.);
#12948 = DIRECTION('',(0.,1.,0.));
#12949 = ORIENTED_EDGE('',*,*,#12765,.F.);
#12950 = ORIENTED_EDGE('',*,*,#12951,.F.);
#12951 = EDGE_CURVE('',#12716,#12766,#12952,.T.);
#12952 = LINE('',#12953,#12954);
#12953 = CARTESIAN_POINT('',(6.15,-5.25,0.));
#12954 = VECTOR('',#12955,1.);
#12955 = DIRECTION('',(0.,1.,0.));
#12956 = ORIENTED_EDGE('',*,*,#12715,.F.);
#12957 = ORIENTED_EDGE('',*,*,#12602,.F.);
#12958 = PLANE('',#12959);
#12959 = AXIS2_PLACEMENT_3D('',#12960,#12961,#12962);
#12960 = CARTESIAN_POINT('',(0.15,-5.25,0.));
#12961 = DIRECTION('',(0.,0.,-1.));
#12962 = DIRECTION('',(-1.,0.,0.));
#12963 = ADVANCED_FACE('',(#12964),#13108,.F.);
#12964 = FACE_BOUND('',#12965,.F.);
#12965 = EDGE_LOOP('',(#12966,#12976,#12985,#12993,#13002,#13010,#13018,
    #13026,#13035,#13043,#13052,#13060,#13069,#13075,#13076,#13084,
    #13093,#13101));
#12966 = ORIENTED_EDGE('',*,*,#12967,.T.);
#12967 = EDGE_CURVE('',#12968,#12970,#12972,.T.);
#12968 = VERTEX_POINT('',#12969);
#12969 = CARTESIAN_POINT('',(-0.162230377286,0.35,-0.540767924286));
#12970 = VERTEX_POINT('',#12971);
#12971 = CARTESIAN_POINT('',(-0.425000733956,0.35,-1.416669113186));
#12972 = LINE('',#12973,#12974);
#12973 = CARTESIAN_POINT('',(-0.15,0.35,-0.5));
#12974 = VECTOR('',#12975,1.);
#12975 = DIRECTION('',(-0.287347885566,5.31700397722E-16,-0.957826285221
    ));
#12976 = ORIENTED_EDGE('',*,*,#12977,.T.);
#12977 = EDGE_CURVE('',#12970,#12978,#12980,.T.);
#12978 = VERTEX_POINT('',#12979);
#12979 = CARTESIAN_POINT('',(-0.425000733956,0.35,-1.583330886814));
#12980 = CIRCLE('',#12981,0.29);
#12981 = AXIS2_PLACEMENT_3D('',#12982,#12983,#12984);
#12982 = CARTESIAN_POINT('',(-0.147231111242,0.35,-1.5));
#12983 = DIRECTION('',(0.,-1.,-3.330669073875E-16));
#12984 = DIRECTION('',(0.,-3.330669073875E-16,1.));
#12985 = ORIENTED_EDGE('',*,*,#12986,.T.);
#12986 = EDGE_CURVE('',#12978,#12987,#12989,.T.);
#12987 = VERTEX_POINT('',#12988);
#12988 = CARTESIAN_POINT('',(-0.162230377286,0.35,-2.459232075714));
#12989 = LINE('',#12990,#12991);
#12990 = CARTESIAN_POINT('',(-0.45,0.35,-1.5));
#12991 = VECTOR('',#12992,1.);
#12992 = DIRECTION('',(0.287347885566,5.31700397722E-16,-0.957826285221)
  );
#12993 = ORIENTED_EDGE('',*,*,#12994,.F.);
#12994 = EDGE_CURVE('',#12995,#12987,#12997,.T.);
#12995 = VERTEX_POINT('',#12996);
#12996 = CARTESIAN_POINT('',(-0.15,0.35,-2.542562962528));
#12997 = CIRCLE('',#12998,0.29);
#12998 = AXIS2_PLACEMENT_3D('',#12999,#13000,#13001);
#12999 = CARTESIAN_POINT('',(-0.44,0.35,-2.542562962528));
#13000 = DIRECTION('',(0.,-1.,-3.330669073875E-16));
#13001 = DIRECTION('',(0.,-3.330669073875E-16,1.));
#13002 = ORIENTED_EDGE('',*,*,#13003,.F.);
#13003 = EDGE_CURVE('',#13004,#12995,#13006,.T.);
#13004 = VERTEX_POINT('',#13005);
#13005 = CARTESIAN_POINT('',(-0.15,0.35,-3.5));
#13006 = LINE('',#13007,#13008);
#13007 = CARTESIAN_POINT('',(-0.15,0.35,-3.5));
#13008 = VECTOR('',#13009,1.);
#13009 = DIRECTION('',(0.,-5.551115123126E-16,1.));
#13010 = ORIENTED_EDGE('',*,*,#13011,.F.);
#13011 = EDGE_CURVE('',#13012,#13004,#13014,.T.);
#13012 = VERTEX_POINT('',#13013);
#13013 = CARTESIAN_POINT('',(0.15,0.35,-3.5));
#13014 = LINE('',#13015,#13016);
#13015 = CARTESIAN_POINT('',(0.15,0.35,-3.5));
#13016 = VECTOR('',#13017,1.);
#13017 = DIRECTION('',(-1.,-0.,0.));
#13018 = ORIENTED_EDGE('',*,*,#13019,.F.);
#13019 = EDGE_CURVE('',#13020,#13012,#13022,.T.);
#13020 = VERTEX_POINT('',#13021);
#13021 = CARTESIAN_POINT('',(0.15,0.35,-2.542562962528));
#13022 = LINE('',#13023,#13024);
#13023 = CARTESIAN_POINT('',(0.15,0.35,-2.5));
#13024 = VECTOR('',#13025,1.);
#13025 = DIRECTION('',(0.,5.551115123126E-16,-1.));
#13026 = ORIENTED_EDGE('',*,*,#13027,.F.);
#13027 = EDGE_CURVE('',#13028,#13020,#13030,.T.);
#13028 = VERTEX_POINT('',#13029);
#13029 = CARTESIAN_POINT('',(0.137769622714,0.35,-2.459232075714));
#13030 = CIRCLE('',#13031,0.29);
#13031 = AXIS2_PLACEMENT_3D('',#13032,#13033,#13034);
#13032 = CARTESIAN_POINT('',(-0.14,0.35,-2.542562962528));
#13033 = DIRECTION('',(-0.,1.,3.330669073875E-16));
#13034 = DIRECTION('',(0.,-3.330669073875E-16,1.));
#13035 = ORIENTED_EDGE('',*,*,#13036,.T.);
#13036 = EDGE_CURVE('',#13028,#13037,#13039,.T.);
#13037 = VERTEX_POINT('',#13038);
#13038 = CARTESIAN_POINT('',(-0.125000733956,0.35,-1.583330886814));
#13039 = LINE('',#13040,#13041);
#13040 = CARTESIAN_POINT('',(0.15,0.35,-2.5));
#13041 = VECTOR('',#13042,1.);
#13042 = DIRECTION('',(-0.287347885566,-5.31700397722E-16,0.957826285221
    ));
#13043 = ORIENTED_EDGE('',*,*,#13044,.F.);
#13044 = EDGE_CURVE('',#13045,#13037,#13047,.T.);
#13045 = VERTEX_POINT('',#13046);
#13046 = CARTESIAN_POINT('',(-0.125000733956,0.35,-1.416669113186));
#13047 = CIRCLE('',#13048,0.29);
#13048 = AXIS2_PLACEMENT_3D('',#13049,#13050,#13051);
#13049 = CARTESIAN_POINT('',(0.152768888758,0.35,-1.5));
#13050 = DIRECTION('',(0.,-1.,-3.330669073875E-16));
#13051 = DIRECTION('',(0.,-3.330669073875E-16,1.));
#13052 = ORIENTED_EDGE('',*,*,#13053,.T.);
#13053 = EDGE_CURVE('',#13045,#13054,#13056,.T.);
#13054 = VERTEX_POINT('',#13055);
#13055 = CARTESIAN_POINT('',(0.137769622714,0.35,-0.540767924286));
#13056 = LINE('',#13057,#13058);
#13057 = CARTESIAN_POINT('',(-0.15,0.35,-1.5));
#13058 = VECTOR('',#13059,1.);
#13059 = DIRECTION('',(0.287347885566,-5.31700397722E-16,0.957826285221)
  );
#13060 = ORIENTED_EDGE('',*,*,#13061,.F.);
#13061 = EDGE_CURVE('',#13062,#13054,#13064,.T.);
#13062 = VERTEX_POINT('',#13063);
#13063 = CARTESIAN_POINT('',(0.15,0.35,-0.457437037472));
#13064 = CIRCLE('',#13065,0.29);
#13065 = AXIS2_PLACEMENT_3D('',#13066,#13067,#13068);
#13066 = CARTESIAN_POINT('',(-0.14,0.35,-0.457437037472));
#13067 = DIRECTION('',(-0.,1.,3.330669073875E-16));
#13068 = DIRECTION('',(0.,-3.330669073875E-16,1.));
#13069 = ORIENTED_EDGE('',*,*,#13070,.F.);
#13070 = EDGE_CURVE('',#12630,#13062,#13071,.T.);
#13071 = LINE('',#13072,#13073);
#13072 = CARTESIAN_POINT('',(0.15,0.35,1.5));
#13073 = VECTOR('',#13074,1.);
#13074 = DIRECTION('',(0.,5.551115123126E-16,-1.));
#13075 = ORIENTED_EDGE('',*,*,#12701,.F.);
#13076 = ORIENTED_EDGE('',*,*,#13077,.F.);
#13077 = EDGE_CURVE('',#13078,#12694,#13080,.T.);
#13078 = VERTEX_POINT('',#13079);
#13079 = CARTESIAN_POINT('',(0.14,0.35,1.5));
#13080 = LINE('',#13081,#13082);
#13081 = CARTESIAN_POINT('',(-0.15,0.35,1.5));
#13082 = VECTOR('',#13083,1.);
#13083 = DIRECTION('',(1.,0.,0.));
#13084 = ORIENTED_EDGE('',*,*,#13085,.F.);
#13085 = EDGE_CURVE('',#13086,#13078,#13088,.T.);
#13086 = VERTEX_POINT('',#13087);
#13087 = CARTESIAN_POINT('',(-0.15,0.35,1.21));
#13088 = CIRCLE('',#13089,0.29);
#13089 = AXIS2_PLACEMENT_3D('',#13090,#13091,#13092);
#13090 = CARTESIAN_POINT('',(0.14,0.35,1.21));
#13091 = DIRECTION('',(-0.,1.,3.330669073875E-16));
#13092 = DIRECTION('',(0.,-3.330669073875E-16,1.));
#13093 = ORIENTED_EDGE('',*,*,#13094,.F.);
#13094 = EDGE_CURVE('',#13095,#13086,#13097,.T.);
#13095 = VERTEX_POINT('',#13096);
#13096 = CARTESIAN_POINT('',(-0.15,0.35,-0.457437037472));
#13097 = LINE('',#13098,#13099);
#13098 = CARTESIAN_POINT('',(-0.15,0.35,-0.5));
#13099 = VECTOR('',#13100,1.);
#13100 = DIRECTION('',(0.,-5.551115123126E-16,1.));
#13101 = ORIENTED_EDGE('',*,*,#13102,.F.);
#13102 = EDGE_CURVE('',#12968,#13095,#13103,.T.);
#13103 = CIRCLE('',#13104,0.29);
#13104 = AXIS2_PLACEMENT_3D('',#13105,#13106,#13107);
#13105 = CARTESIAN_POINT('',(-0.44,0.35,-0.457437037472));
#13106 = DIRECTION('',(0.,-1.,-3.330669073875E-16));
#13107 = DIRECTION('',(0.,-3.330669073875E-16,1.));
#13108 = PLANE('',#13109);
#13109 = AXIS2_PLACEMENT_3D('',#13110,#13111,#13112);
#13110 = CARTESIAN_POINT('',(-0.15,0.35,-0.5));
#13111 = DIRECTION('',(1.64346021921E-31,-1.,-5.551115123126E-16));
#13112 = DIRECTION('',(0.,5.551115123126E-16,-1.));
#13113 = ADVANCED_FACE('',(#13114),#13132,.F.);
#13114 = FACE_BOUND('',#13115,.F.);
#13115 = EDGE_LOOP('',(#13116,#13124,#13130,#13131));
#13116 = ORIENTED_EDGE('',*,*,#13117,.F.);
#13117 = EDGE_CURVE('',#13118,#12686,#13120,.T.);
#13118 = VERTEX_POINT('',#13119);
#13119 = CARTESIAN_POINT('',(0.14,-0.35,1.5));
#13120 = LINE('',#13121,#13122);
#13121 = CARTESIAN_POINT('',(-0.15,-0.35,1.5));
#13122 = VECTOR('',#13123,1.);
#13123 = DIRECTION('',(1.,0.,0.));
#13124 = ORIENTED_EDGE('',*,*,#13125,.T.);
#13125 = EDGE_CURVE('',#13118,#13078,#13126,.T.);
#13126 = LINE('',#13127,#13128);
#13127 = CARTESIAN_POINT('',(0.14,-0.35,1.5));
#13128 = VECTOR('',#13129,1.);
#13129 = DIRECTION('',(0.,1.,3.330669073875E-16));
#13130 = ORIENTED_EDGE('',*,*,#13077,.T.);
#13131 = ORIENTED_EDGE('',*,*,#12693,.F.);
#13132 = PLANE('',#13133);
#13133 = AXIS2_PLACEMENT_3D('',#13134,#13135,#13136);
#13134 = CARTESIAN_POINT('',(-0.15,-0.35,1.5));
#13135 = DIRECTION('',(0.,3.330669073875E-16,-1.));
#13136 = DIRECTION('',(1.,0.,0.));
#13137 = ADVANCED_FACE('',(#13138),#13275,.T.);
#13138 = FACE_BOUND('',#13139,.T.);
#13139 = EDGE_LOOP('',(#13140,#13150,#13159,#13167,#13176,#13184,#13192,
    #13200,#13209,#13217,#13226,#13234,#13243,#13249,#13250,#13251,
    #13260,#13268));
#13140 = ORIENTED_EDGE('',*,*,#13141,.T.);
#13141 = EDGE_CURVE('',#13142,#13144,#13146,.T.);
#13142 = VERTEX_POINT('',#13143);
#13143 = CARTESIAN_POINT('',(-0.162230377286,-0.35,-0.540767924286));
#13144 = VERTEX_POINT('',#13145);
#13145 = CARTESIAN_POINT('',(-0.425000733956,-0.35,-1.416669113186));
#13146 = LINE('',#13147,#13148);
#13147 = CARTESIAN_POINT('',(-0.15,-0.35,-0.5));
#13148 = VECTOR('',#13149,1.);
#13149 = DIRECTION('',(-0.287347885566,5.31700397722E-16,-0.957826285221
    ));
#13150 = ORIENTED_EDGE('',*,*,#13151,.T.);
#13151 = EDGE_CURVE('',#13144,#13152,#13154,.T.);
#13152 = VERTEX_POINT('',#13153);
#13153 = CARTESIAN_POINT('',(-0.425000733956,-0.35,-1.583330886814));
#13154 = CIRCLE('',#13155,0.29);
#13155 = AXIS2_PLACEMENT_3D('',#13156,#13157,#13158);
#13156 = CARTESIAN_POINT('',(-0.147231111242,-0.35,-1.5));
#13157 = DIRECTION('',(0.,-1.,-3.330669073875E-16));
#13158 = DIRECTION('',(0.,-3.330669073875E-16,1.));
#13159 = ORIENTED_EDGE('',*,*,#13160,.T.);
#13160 = EDGE_CURVE('',#13152,#13161,#13163,.T.);
#13161 = VERTEX_POINT('',#13162);
#13162 = CARTESIAN_POINT('',(-0.162230377286,-0.35,-2.459232075714));
#13163 = LINE('',#13164,#13165);
#13164 = CARTESIAN_POINT('',(-0.45,-0.35,-1.5));
#13165 = VECTOR('',#13166,1.);
#13166 = DIRECTION('',(0.287347885566,5.31700397722E-16,-0.957826285221)
  );
#13167 = ORIENTED_EDGE('',*,*,#13168,.F.);
#13168 = EDGE_CURVE('',#13169,#13161,#13171,.T.);
#13169 = VERTEX_POINT('',#13170);
#13170 = CARTESIAN_POINT('',(-0.15,-0.35,-2.542562962528));
#13171 = CIRCLE('',#13172,0.29);
#13172 = AXIS2_PLACEMENT_3D('',#13173,#13174,#13175);
#13173 = CARTESIAN_POINT('',(-0.44,-0.35,-2.542562962528));
#13174 = DIRECTION('',(0.,-1.,-3.330669073875E-16));
#13175 = DIRECTION('',(0.,-3.330669073875E-16,1.));
#13176 = ORIENTED_EDGE('',*,*,#13177,.F.);
#13177 = EDGE_CURVE('',#13178,#13169,#13180,.T.);
#13178 = VERTEX_POINT('',#13179);
#13179 = CARTESIAN_POINT('',(-0.15,-0.35,-3.5));
#13180 = LINE('',#13181,#13182);
#13181 = CARTESIAN_POINT('',(-0.15,-0.35,-3.5));
#13182 = VECTOR('',#13183,1.);
#13183 = DIRECTION('',(0.,-5.551115123126E-16,1.));
#13184 = ORIENTED_EDGE('',*,*,#13185,.F.);
#13185 = EDGE_CURVE('',#13186,#13178,#13188,.T.);
#13186 = VERTEX_POINT('',#13187);
#13187 = CARTESIAN_POINT('',(0.15,-0.35,-3.5));
#13188 = LINE('',#13189,#13190);
#13189 = CARTESIAN_POINT('',(0.15,-0.35,-3.5));
#13190 = VECTOR('',#13191,1.);
#13191 = DIRECTION('',(-1.,-0.,0.));
#13192 = ORIENTED_EDGE('',*,*,#13193,.F.);
#13193 = EDGE_CURVE('',#13194,#13186,#13196,.T.);
#13194 = VERTEX_POINT('',#13195);
#13195 = CARTESIAN_POINT('',(0.15,-0.35,-2.542562962528));
#13196 = LINE('',#13197,#13198);
#13197 = CARTESIAN_POINT('',(0.15,-0.35,-2.5));
#13198 = VECTOR('',#13199,1.);
#13199 = DIRECTION('',(0.,5.551115123126E-16,-1.));
#13200 = ORIENTED_EDGE('',*,*,#13201,.F.);
#13201 = EDGE_CURVE('',#13202,#13194,#13204,.T.);
#13202 = VERTEX_POINT('',#13203);
#13203 = CARTESIAN_POINT('',(0.137769622714,-0.35,-2.459232075714));
#13204 = CIRCLE('',#13205,0.29);
#13205 = AXIS2_PLACEMENT_3D('',#13206,#13207,#13208);
#13206 = CARTESIAN_POINT('',(-0.14,-0.35,-2.542562962528));
#13207 = DIRECTION('',(-0.,1.,3.330669073875E-16));
#13208 = DIRECTION('',(0.,-3.330669073875E-16,1.));
#13209 = ORIENTED_EDGE('',*,*,#13210,.T.);
#13210 = EDGE_CURVE('',#13202,#13211,#13213,.T.);
#13211 = VERTEX_POINT('',#13212);
#13212 = CARTESIAN_POINT('',(-0.125000733956,-0.35,-1.583330886814));
#13213 = LINE('',#13214,#13215);
#13214 = CARTESIAN_POINT('',(0.15,-0.35,-2.5));
#13215 = VECTOR('',#13216,1.);
#13216 = DIRECTION('',(-0.287347885566,-5.31700397722E-16,0.957826285221
    ));
#13217 = ORIENTED_EDGE('',*,*,#13218,.F.);
#13218 = EDGE_CURVE('',#13219,#13211,#13221,.T.);
#13219 = VERTEX_POINT('',#13220);
#13220 = CARTESIAN_POINT('',(-0.125000733956,-0.35,-1.416669113186));
#13221 = CIRCLE('',#13222,0.29);
#13222 = AXIS2_PLACEMENT_3D('',#13223,#13224,#13225);
#13223 = CARTESIAN_POINT('',(0.152768888758,-0.35,-1.5));
#13224 = DIRECTION('',(0.,-1.,-3.330669073875E-16));
#13225 = DIRECTION('',(0.,-3.330669073875E-16,1.));
#13226 = ORIENTED_EDGE('',*,*,#13227,.T.);
#13227 = EDGE_CURVE('',#13219,#13228,#13230,.T.);
#13228 = VERTEX_POINT('',#13229);
#13229 = CARTESIAN_POINT('',(0.137769622714,-0.35,-0.540767924286));
#13230 = LINE('',#13231,#13232);
#13231 = CARTESIAN_POINT('',(-0.15,-0.35,-1.5));
#13232 = VECTOR('',#13233,1.);
#13233 = DIRECTION('',(0.287347885566,-5.31700397722E-16,0.957826285221)
  );
#13234 = ORIENTED_EDGE('',*,*,#13235,.F.);
#13235 = EDGE_CURVE('',#13236,#13228,#13238,.T.);
#13236 = VERTEX_POINT('',#13237);
#13237 = CARTESIAN_POINT('',(0.15,-0.35,-0.457437037472));
#13238 = CIRCLE('',#13239,0.29);
#13239 = AXIS2_PLACEMENT_3D('',#13240,#13241,#13242);
#13240 = CARTESIAN_POINT('',(-0.14,-0.35,-0.457437037472));
#13241 = DIRECTION('',(-0.,1.,3.330669073875E-16));
#13242 = DIRECTION('',(0.,-3.330669073875E-16,1.));
#13243 = ORIENTED_EDGE('',*,*,#13244,.F.);
#13244 = EDGE_CURVE('',#12678,#13236,#13245,.T.);
#13245 = LINE('',#13246,#13247);
#13246 = CARTESIAN_POINT('',(0.15,-0.35,1.5));
#13247 = VECTOR('',#13248,1.);
#13248 = DIRECTION('',(0.,5.551115123126E-16,-1.));
#13249 = ORIENTED_EDGE('',*,*,#12685,.F.);
#13250 = ORIENTED_EDGE('',*,*,#13117,.F.);
#13251 = ORIENTED_EDGE('',*,*,#13252,.F.);
#13252 = EDGE_CURVE('',#13253,#13118,#13255,.T.);
#13253 = VERTEX_POINT('',#13254);
#13254 = CARTESIAN_POINT('',(-0.15,-0.35,1.21));
#13255 = CIRCLE('',#13256,0.29);
#13256 = AXIS2_PLACEMENT_3D('',#13257,#13258,#13259);
#13257 = CARTESIAN_POINT('',(0.14,-0.35,1.21));
#13258 = DIRECTION('',(-0.,1.,3.330669073875E-16));
#13259 = DIRECTION('',(0.,-3.330669073875E-16,1.));
#13260 = ORIENTED_EDGE('',*,*,#13261,.F.);
#13261 = EDGE_CURVE('',#13262,#13253,#13264,.T.);
#13262 = VERTEX_POINT('',#13263);
#13263 = CARTESIAN_POINT('',(-0.15,-0.35,-0.457437037472));
#13264 = LINE('',#13265,#13266);
#13265 = CARTESIAN_POINT('',(-0.15,-0.35,-0.5));
#13266 = VECTOR('',#13267,1.);
#13267 = DIRECTION('',(0.,-5.551115123126E-16,1.));
#13268 = ORIENTED_EDGE('',*,*,#13269,.F.);
#13269 = EDGE_CURVE('',#13142,#13262,#13270,.T.);
#13270 = CIRCLE('',#13271,0.29);
#13271 = AXIS2_PLACEMENT_3D('',#13272,#13273,#13274);
#13272 = CARTESIAN_POINT('',(-0.44,-0.35,-0.457437037472));
#13273 = DIRECTION('',(0.,-1.,-3.330669073875E-16));
#13274 = DIRECTION('',(0.,-3.330669073875E-16,1.));
#13275 = PLANE('',#13276);
#13276 = AXIS2_PLACEMENT_3D('',#13277,#13278,#13279);
#13277 = CARTESIAN_POINT('',(-0.15,-0.35,-0.5));
#13278 = DIRECTION('',(1.64346021921E-31,-1.,-5.551115123126E-16));
#13279 = DIRECTION('',(0.,5.551115123126E-16,-1.));
#13280 = ADVANCED_FACE('',(#13281),#13425,.T.);
#13281 = FACE_BOUND('',#13282,.T.);
#13282 = EDGE_LOOP('',(#13283,#13293,#13302,#13310,#13319,#13327,#13335,
    #13343,#13352,#13360,#13369,#13377,#13386,#13392,#13393,#13401,
    #13410,#13418));
#13283 = ORIENTED_EDGE('',*,*,#13284,.T.);
#13284 = EDGE_CURVE('',#13285,#13287,#13289,.T.);
#13285 = VERTEX_POINT('',#13286);
#13286 = CARTESIAN_POINT('',(-0.162230377286,-4.85,-0.540767924286));
#13287 = VERTEX_POINT('',#13288);
#13288 = CARTESIAN_POINT('',(-0.425000733956,-4.85,-1.416669113186));
#13289 = LINE('',#13290,#13291);
#13290 = CARTESIAN_POINT('',(-0.15,-4.85,-0.5));
#13291 = VECTOR('',#13292,1.);
#13292 = DIRECTION('',(-0.287347885566,5.31700397722E-16,-0.957826285221
    ));
#13293 = ORIENTED_EDGE('',*,*,#13294,.T.);
#13294 = EDGE_CURVE('',#13287,#13295,#13297,.T.);
#13295 = VERTEX_POINT('',#13296);
#13296 = CARTESIAN_POINT('',(-0.425000733956,-4.85,-1.583330886814));
#13297 = CIRCLE('',#13298,0.29);
#13298 = AXIS2_PLACEMENT_3D('',#13299,#13300,#13301);
#13299 = CARTESIAN_POINT('',(-0.147231111242,-4.85,-1.5));
#13300 = DIRECTION('',(0.,-1.,-3.330669073875E-16));
#13301 = DIRECTION('',(0.,-3.330669073875E-16,1.));
#13302 = ORIENTED_EDGE('',*,*,#13303,.T.);
#13303 = EDGE_CURVE('',#13295,#13304,#13306,.T.);
#13304 = VERTEX_POINT('',#13305);
#13305 = CARTESIAN_POINT('',(-0.162230377286,-4.85,-2.459232075714));
#13306 = LINE('',#13307,#13308);
#13307 = CARTESIAN_POINT('',(-0.45,-4.85,-1.5));
#13308 = VECTOR('',#13309,1.);
#13309 = DIRECTION('',(0.287347885566,5.31700397722E-16,-0.957826285221)
  );
#13310 = ORIENTED_EDGE('',*,*,#13311,.F.);
#13311 = EDGE_CURVE('',#13312,#13304,#13314,.T.);
#13312 = VERTEX_POINT('',#13313);
#13313 = CARTESIAN_POINT('',(-0.15,-4.85,-2.542562962528));
#13314 = CIRCLE('',#13315,0.29);
#13315 = AXIS2_PLACEMENT_3D('',#13316,#13317,#13318);
#13316 = CARTESIAN_POINT('',(-0.44,-4.85,-2.542562962528));
#13317 = DIRECTION('',(0.,-1.,-3.330669073875E-16));
#13318 = DIRECTION('',(0.,-3.330669073875E-16,1.));
#13319 = ORIENTED_EDGE('',*,*,#13320,.F.);
#13320 = EDGE_CURVE('',#13321,#13312,#13323,.T.);
#13321 = VERTEX_POINT('',#13322);
#13322 = CARTESIAN_POINT('',(-0.15,-4.85,-3.5));
#13323 = LINE('',#13324,#13325);
#13324 = CARTESIAN_POINT('',(-0.15,-4.85,-3.5));
#13325 = VECTOR('',#13326,1.);
#13326 = DIRECTION('',(0.,-5.551115123126E-16,1.));
#13327 = ORIENTED_EDGE('',*,*,#13328,.F.);
#13328 = EDGE_CURVE('',#13329,#13321,#13331,.T.);
#13329 = VERTEX_POINT('',#13330);
#13330 = CARTESIAN_POINT('',(0.15,-4.85,-3.5));
#13331 = LINE('',#13332,#13333);
#13332 = CARTESIAN_POINT('',(0.15,-4.85,-3.5));
#13333 = VECTOR('',#13334,1.);
#13334 = DIRECTION('',(-1.,-0.,0.));
#13335 = ORIENTED_EDGE('',*,*,#13336,.F.);
#13336 = EDGE_CURVE('',#13337,#13329,#13339,.T.);
#13337 = VERTEX_POINT('',#13338);
#13338 = CARTESIAN_POINT('',(0.15,-4.85,-2.542562962528));
#13339 = LINE('',#13340,#13341);
#13340 = CARTESIAN_POINT('',(0.15,-4.85,-2.5));
#13341 = VECTOR('',#13342,1.);
#13342 = DIRECTION('',(0.,5.551115123126E-16,-1.));
#13343 = ORIENTED_EDGE('',*,*,#13344,.F.);
#13344 = EDGE_CURVE('',#13345,#13337,#13347,.T.);
#13345 = VERTEX_POINT('',#13346);
#13346 = CARTESIAN_POINT('',(0.137769622714,-4.85,-2.459232075714));
#13347 = CIRCLE('',#13348,0.29);
#13348 = AXIS2_PLACEMENT_3D('',#13349,#13350,#13351);
#13349 = CARTESIAN_POINT('',(-0.14,-4.85,-2.542562962528));
#13350 = DIRECTION('',(-0.,1.,3.330669073875E-16));
#13351 = DIRECTION('',(0.,-3.330669073875E-16,1.));
#13352 = ORIENTED_EDGE('',*,*,#13353,.T.);
#13353 = EDGE_CURVE('',#13345,#13354,#13356,.T.);
#13354 = VERTEX_POINT('',#13355);
#13355 = CARTESIAN_POINT('',(-0.125000733956,-4.85,-1.583330886814));
#13356 = LINE('',#13357,#13358);
#13357 = CARTESIAN_POINT('',(0.15,-4.85,-2.5));
#13358 = VECTOR('',#13359,1.);
#13359 = DIRECTION('',(-0.287347885566,-5.31700397722E-16,0.957826285221
    ));
#13360 = ORIENTED_EDGE('',*,*,#13361,.F.);
#13361 = EDGE_CURVE('',#13362,#13354,#13364,.T.);
#13362 = VERTEX_POINT('',#13363);
#13363 = CARTESIAN_POINT('',(-0.125000733956,-4.85,-1.416669113186));
#13364 = CIRCLE('',#13365,0.29);
#13365 = AXIS2_PLACEMENT_3D('',#13366,#13367,#13368);
#13366 = CARTESIAN_POINT('',(0.152768888758,-4.85,-1.5));
#13367 = DIRECTION('',(0.,-1.,-3.330669073875E-16));
#13368 = DIRECTION('',(0.,-3.330669073875E-16,1.));
#13369 = ORIENTED_EDGE('',*,*,#13370,.T.);
#13370 = EDGE_CURVE('',#13362,#13371,#13373,.T.);
#13371 = VERTEX_POINT('',#13372);
#13372 = CARTESIAN_POINT('',(0.137769622714,-4.85,-0.540767924286));
#13373 = LINE('',#13374,#13375);
#13374 = CARTESIAN_POINT('',(-0.15,-4.85,-1.5));
#13375 = VECTOR('',#13376,1.);
#13376 = DIRECTION('',(0.287347885566,-5.31700397722E-16,0.957826285221)
  );
#13377 = ORIENTED_EDGE('',*,*,#13378,.F.);
#13378 = EDGE_CURVE('',#13379,#13371,#13381,.T.);
#13379 = VERTEX_POINT('',#13380);
#13380 = CARTESIAN_POINT('',(0.15,-4.85,-0.457437037472));
#13381 = CIRCLE('',#13382,0.29);
#13382 = AXIS2_PLACEMENT_3D('',#13383,#13384,#13385);
#13383 = CARTESIAN_POINT('',(-0.14,-4.85,-0.457437037472));
#13384 = DIRECTION('',(-0.,1.,3.330669073875E-16));
#13385 = DIRECTION('',(0.,-3.330669073875E-16,1.));
#13386 = ORIENTED_EDGE('',*,*,#13387,.F.);
#13387 = EDGE_CURVE('',#12646,#13379,#13388,.T.);
#13388 = LINE('',#13389,#13390);
#13389 = CARTESIAN_POINT('',(0.15,-4.85,1.5));
#13390 = VECTOR('',#13391,1.);
#13391 = DIRECTION('',(0.,5.551115123126E-16,-1.));
#13392 = ORIENTED_EDGE('',*,*,#12653,.F.);
#13393 = ORIENTED_EDGE('',*,*,#13394,.F.);
#13394 = EDGE_CURVE('',#13395,#12654,#13397,.T.);
#13395 = VERTEX_POINT('',#13396);
#13396 = CARTESIAN_POINT('',(0.14,-4.85,1.5));
#13397 = LINE('',#13398,#13399);
#13398 = CARTESIAN_POINT('',(-0.15,-4.85,1.5));
#13399 = VECTOR('',#13400,1.);
#13400 = DIRECTION('',(1.,0.,0.));
#13401 = ORIENTED_EDGE('',*,*,#13402,.F.);
#13402 = EDGE_CURVE('',#13403,#13395,#13405,.T.);
#13403 = VERTEX_POINT('',#13404);
#13404 = CARTESIAN_POINT('',(-0.15,-4.85,1.21));
#13405 = CIRCLE('',#13406,0.29);
#13406 = AXIS2_PLACEMENT_3D('',#13407,#13408,#13409);
#13407 = CARTESIAN_POINT('',(0.14,-4.85,1.21));
#13408 = DIRECTION('',(-0.,1.,3.330669073875E-16));
#13409 = DIRECTION('',(0.,-3.330669073875E-16,1.));
#13410 = ORIENTED_EDGE('',*,*,#13411,.F.);
#13411 = EDGE_CURVE('',#13412,#13403,#13414,.T.);
#13412 = VERTEX_POINT('',#13413);
#13413 = CARTESIAN_POINT('',(-0.15,-4.85,-0.457437037472));
#13414 = LINE('',#13415,#13416);
#13415 = CARTESIAN_POINT('',(-0.15,-4.85,-0.5));
#13416 = VECTOR('',#13417,1.);
#13417 = DIRECTION('',(0.,-5.551115123126E-16,1.));
#13418 = ORIENTED_EDGE('',*,*,#13419,.F.);
#13419 = EDGE_CURVE('',#13285,#13412,#13420,.T.);
#13420 = CIRCLE('',#13421,0.29);
#13421 = AXIS2_PLACEMENT_3D('',#13422,#13423,#13424);
#13422 = CARTESIAN_POINT('',(-0.44,-4.85,-0.457437037472));
#13423 = DIRECTION('',(0.,-1.,-3.330669073875E-16));
#13424 = DIRECTION('',(0.,-3.330669073875E-16,1.));
#13425 = PLANE('',#13426);
#13426 = AXIS2_PLACEMENT_3D('',#13427,#13428,#13429);
#13427 = CARTESIAN_POINT('',(-0.15,-4.85,-0.5));
#13428 = DIRECTION('',(0.,-1.,-3.330669073875E-16));
#13429 = DIRECTION('',(0.,3.330669073875E-16,-1.));
#13430 = ADVANCED_FACE('',(#13431),#13575,.F.);
#13431 = FACE_BOUND('',#13432,.F.);
#13432 = EDGE_LOOP('',(#13433,#13443,#13452,#13460,#13469,#13477,#13485,
    #13493,#13502,#13510,#13519,#13527,#13536,#13542,#13543,#13551,
    #13560,#13568));
#13433 = ORIENTED_EDGE('',*,*,#13434,.T.);
#13434 = EDGE_CURVE('',#13435,#13437,#13439,.T.);
#13435 = VERTEX_POINT('',#13436);
#13436 = CARTESIAN_POINT('',(-0.162230377286,-4.15,-0.540767924286));
#13437 = VERTEX_POINT('',#13438);
#13438 = CARTESIAN_POINT('',(-0.425000733956,-4.15,-1.416669113186));
#13439 = LINE('',#13440,#13441);
#13440 = CARTESIAN_POINT('',(-0.15,-4.15,-0.5));
#13441 = VECTOR('',#13442,1.);
#13442 = DIRECTION('',(-0.287347885566,5.31700397722E-16,-0.957826285221
    ));
#13443 = ORIENTED_EDGE('',*,*,#13444,.T.);
#13444 = EDGE_CURVE('',#13437,#13445,#13447,.T.);
#13445 = VERTEX_POINT('',#13446);
#13446 = CARTESIAN_POINT('',(-0.425000733956,-4.15,-1.583330886814));
#13447 = CIRCLE('',#13448,0.29);
#13448 = AXIS2_PLACEMENT_3D('',#13449,#13450,#13451);
#13449 = CARTESIAN_POINT('',(-0.147231111242,-4.15,-1.5));
#13450 = DIRECTION('',(0.,-1.,-3.330669073875E-16));
#13451 = DIRECTION('',(0.,-3.330669073875E-16,1.));
#13452 = ORIENTED_EDGE('',*,*,#13453,.T.);
#13453 = EDGE_CURVE('',#13445,#13454,#13456,.T.);
#13454 = VERTEX_POINT('',#13455);
#13455 = CARTESIAN_POINT('',(-0.162230377286,-4.15,-2.459232075714));
#13456 = LINE('',#13457,#13458);
#13457 = CARTESIAN_POINT('',(-0.45,-4.15,-1.5));
#13458 = VECTOR('',#13459,1.);
#13459 = DIRECTION('',(0.287347885566,5.31700397722E-16,-0.957826285221)
  );
#13460 = ORIENTED_EDGE('',*,*,#13461,.F.);
#13461 = EDGE_CURVE('',#13462,#13454,#13464,.T.);
#13462 = VERTEX_POINT('',#13463);
#13463 = CARTESIAN_POINT('',(-0.15,-4.15,-2.542562962528));
#13464 = CIRCLE('',#13465,0.29);
#13465 = AXIS2_PLACEMENT_3D('',#13466,#13467,#13468);
#13466 = CARTESIAN_POINT('',(-0.44,-4.15,-2.542562962528));
#13467 = DIRECTION('',(0.,-1.,-3.330669073875E-16));
#13468 = DIRECTION('',(0.,-3.330669073875E-16,1.));
#13469 = ORIENTED_EDGE('',*,*,#13470,.F.);
#13470 = EDGE_CURVE('',#13471,#13462,#13473,.T.);
#13471 = VERTEX_POINT('',#13472);
#13472 = CARTESIAN_POINT('',(-0.15,-4.15,-3.5));
#13473 = LINE('',#13474,#13475);
#13474 = CARTESIAN_POINT('',(-0.15,-4.15,-3.5));
#13475 = VECTOR('',#13476,1.);
#13476 = DIRECTION('',(0.,-5.551115123126E-16,1.));
#13477 = ORIENTED_EDGE('',*,*,#13478,.F.);
#13478 = EDGE_CURVE('',#13479,#13471,#13481,.T.);
#13479 = VERTEX_POINT('',#13480);
#13480 = CARTESIAN_POINT('',(0.15,-4.15,-3.5));
#13481 = LINE('',#13482,#13483);
#13482 = CARTESIAN_POINT('',(0.15,-4.15,-3.5));
#13483 = VECTOR('',#13484,1.);
#13484 = DIRECTION('',(-1.,-0.,0.));
#13485 = ORIENTED_EDGE('',*,*,#13486,.F.);
#13486 = EDGE_CURVE('',#13487,#13479,#13489,.T.);
#13487 = VERTEX_POINT('',#13488);
#13488 = CARTESIAN_POINT('',(0.15,-4.15,-2.542562962528));
#13489 = LINE('',#13490,#13491);
#13490 = CARTESIAN_POINT('',(0.15,-4.15,-2.5));
#13491 = VECTOR('',#13492,1.);
#13492 = DIRECTION('',(0.,5.551115123126E-16,-1.));
#13493 = ORIENTED_EDGE('',*,*,#13494,.F.);
#13494 = EDGE_CURVE('',#13495,#13487,#13497,.T.);
#13495 = VERTEX_POINT('',#13496);
#13496 = CARTESIAN_POINT('',(0.137769622714,-4.15,-2.459232075714));
#13497 = CIRCLE('',#13498,0.29);
#13498 = AXIS2_PLACEMENT_3D('',#13499,#13500,#13501);
#13499 = CARTESIAN_POINT('',(-0.14,-4.15,-2.542562962528));
#13500 = DIRECTION('',(-0.,1.,3.330669073875E-16));
#13501 = DIRECTION('',(0.,-3.330669073875E-16,1.));
#13502 = ORIENTED_EDGE('',*,*,#13503,.T.);
#13503 = EDGE_CURVE('',#13495,#13504,#13506,.T.);
#13504 = VERTEX_POINT('',#13505);
#13505 = CARTESIAN_POINT('',(-0.125000733956,-4.15,-1.583330886814));
#13506 = LINE('',#13507,#13508);
#13507 = CARTESIAN_POINT('',(0.15,-4.15,-2.5));
#13508 = VECTOR('',#13509,1.);
#13509 = DIRECTION('',(-0.287347885566,-5.31700397722E-16,0.957826285221
    ));
#13510 = ORIENTED_EDGE('',*,*,#13511,.F.);
#13511 = EDGE_CURVE('',#13512,#13504,#13514,.T.);
#13512 = VERTEX_POINT('',#13513);
#13513 = CARTESIAN_POINT('',(-0.125000733956,-4.15,-1.416669113186));
#13514 = CIRCLE('',#13515,0.29);
#13515 = AXIS2_PLACEMENT_3D('',#13516,#13517,#13518);
#13516 = CARTESIAN_POINT('',(0.152768888758,-4.15,-1.5));
#13517 = DIRECTION('',(0.,-1.,-3.330669073875E-16));
#13518 = DIRECTION('',(0.,-3.330669073875E-16,1.));
#13519 = ORIENTED_EDGE('',*,*,#13520,.T.);
#13520 = EDGE_CURVE('',#13512,#13521,#13523,.T.);
#13521 = VERTEX_POINT('',#13522);
#13522 = CARTESIAN_POINT('',(0.137769622714,-4.15,-0.540767924286));
#13523 = LINE('',#13524,#13525);
#13524 = CARTESIAN_POINT('',(-0.15,-4.15,-1.5));
#13525 = VECTOR('',#13526,1.);
#13526 = DIRECTION('',(0.287347885566,-5.31700397722E-16,0.957826285221)
  );
#13527 = ORIENTED_EDGE('',*,*,#13528,.F.);
#13528 = EDGE_CURVE('',#13529,#13521,#13531,.T.);
#13529 = VERTEX_POINT('',#13530);
#13530 = CARTESIAN_POINT('',(0.15,-4.15,-0.457437037472));
#13531 = CIRCLE('',#13532,0.29);
#13532 = AXIS2_PLACEMENT_3D('',#13533,#13534,#13535);
#13533 = CARTESIAN_POINT('',(-0.14,-4.15,-0.457437037472));
#13534 = DIRECTION('',(-0.,1.,3.330669073875E-16));
#13535 = DIRECTION('',(0.,-3.330669073875E-16,1.));
#13536 = ORIENTED_EDGE('',*,*,#13537,.F.);
#13537 = EDGE_CURVE('',#12670,#13529,#13538,.T.);
#13538 = LINE('',#13539,#13540);
#13539 = CARTESIAN_POINT('',(0.15,-4.15,1.5));
#13540 = VECTOR('',#13541,1.);
#13541 = DIRECTION('',(0.,5.551115123126E-16,-1.));
#13542 = ORIENTED_EDGE('',*,*,#12669,.F.);
#13543 = ORIENTED_EDGE('',*,*,#13544,.F.);
#13544 = EDGE_CURVE('',#13545,#12662,#13547,.T.);
#13545 = VERTEX_POINT('',#13546);
#13546 = CARTESIAN_POINT('',(0.14,-4.15,1.5));
#13547 = LINE('',#13548,#13549);
#13548 = CARTESIAN_POINT('',(-0.15,-4.15,1.5));
#13549 = VECTOR('',#13550,1.);
#13550 = DIRECTION('',(1.,0.,0.));
#13551 = ORIENTED_EDGE('',*,*,#13552,.F.);
#13552 = EDGE_CURVE('',#13553,#13545,#13555,.T.);
#13553 = VERTEX_POINT('',#13554);
#13554 = CARTESIAN_POINT('',(-0.15,-4.15,1.21));
#13555 = CIRCLE('',#13556,0.29);
#13556 = AXIS2_PLACEMENT_3D('',#13557,#13558,#13559);
#13557 = CARTESIAN_POINT('',(0.14,-4.15,1.21));
#13558 = DIRECTION('',(-0.,1.,3.330669073875E-16));
#13559 = DIRECTION('',(0.,-3.330669073875E-16,1.));
#13560 = ORIENTED_EDGE('',*,*,#13561,.F.);
#13561 = EDGE_CURVE('',#13562,#13553,#13564,.T.);
#13562 = VERTEX_POINT('',#13563);
#13563 = CARTESIAN_POINT('',(-0.15,-4.15,-0.457437037472));
#13564 = LINE('',#13565,#13566);
#13565 = CARTESIAN_POINT('',(-0.15,-4.15,-0.5));
#13566 = VECTOR('',#13567,1.);
#13567 = DIRECTION('',(0.,-5.551115123126E-16,1.));
#13568 = ORIENTED_EDGE('',*,*,#13569,.F.);
#13569 = EDGE_CURVE('',#13435,#13562,#13570,.T.);
#13570 = CIRCLE('',#13571,0.29);
#13571 = AXIS2_PLACEMENT_3D('',#13572,#13573,#13574);
#13572 = CARTESIAN_POINT('',(-0.44,-4.15,-0.457437037472));
#13573 = DIRECTION('',(0.,-1.,-3.330669073875E-16));
#13574 = DIRECTION('',(0.,-3.330669073875E-16,1.));
#13575 = PLANE('',#13576);
#13576 = AXIS2_PLACEMENT_3D('',#13577,#13578,#13579);
#13577 = CARTESIAN_POINT('',(-0.15,-4.15,-0.5));
#13578 = DIRECTION('',(0.,-1.,-3.330669073875E-16));
#13579 = DIRECTION('',(0.,3.330669073875E-16,-1.));
#13580 = ADVANCED_FACE('',(#13581),#13592,.F.);
#13581 = FACE_BOUND('',#13582,.F.);
#13582 = EDGE_LOOP('',(#13583,#13584,#13590,#13591));
#13583 = ORIENTED_EDGE('',*,*,#13394,.F.);
#13584 = ORIENTED_EDGE('',*,*,#13585,.T.);
#13585 = EDGE_CURVE('',#13395,#13545,#13586,.T.);
#13586 = LINE('',#13587,#13588);
#13587 = CARTESIAN_POINT('',(0.14,-4.85,1.5));
#13588 = VECTOR('',#13589,1.);
#13589 = DIRECTION('',(0.,1.,3.330669073875E-16));
#13590 = ORIENTED_EDGE('',*,*,#13544,.T.);
#13591 = ORIENTED_EDGE('',*,*,#12661,.F.);
#13592 = PLANE('',#13593);
#13593 = AXIS2_PLACEMENT_3D('',#13594,#13595,#13596);
#13594 = CARTESIAN_POINT('',(-0.15,-4.85,1.5));
#13595 = DIRECTION('',(0.,3.330669073875E-16,-1.));
#13596 = DIRECTION('',(1.,0.,0.));
#13597 = ADVANCED_FACE('',(#13598),#13742,.F.);
#13598 = FACE_BOUND('',#13599,.F.);
#13599 = EDGE_LOOP('',(#13600,#13610,#13619,#13627,#13636,#13644,#13652,
    #13660,#13669,#13677,#13686,#13694,#13703,#13709,#13710,#13718,
    #13727,#13735));
#13600 = ORIENTED_EDGE('',*,*,#13601,.T.);
#13601 = EDGE_CURVE('',#13602,#13604,#13606,.T.);
#13602 = VERTEX_POINT('',#13603);
#13603 = CARTESIAN_POINT('',(6.462230377286,-4.85,-0.540767924286));
#13604 = VERTEX_POINT('',#13605);
#13605 = CARTESIAN_POINT('',(6.725000733956,-4.85,-1.416669113186));
#13606 = LINE('',#13607,#13608);
#13607 = CARTESIAN_POINT('',(6.45,-4.85,-0.5));
#13608 = VECTOR('',#13609,1.);
#13609 = DIRECTION('',(0.287347885566,5.31700397722E-16,-0.957826285221)
  );
#13610 = ORIENTED_EDGE('',*,*,#13611,.T.);
#13611 = EDGE_CURVE('',#13604,#13612,#13614,.T.);
#13612 = VERTEX_POINT('',#13613);
#13613 = CARTESIAN_POINT('',(6.725000733956,-4.85,-1.583330886814));
#13614 = CIRCLE('',#13615,0.29);
#13615 = AXIS2_PLACEMENT_3D('',#13616,#13617,#13618);
#13616 = CARTESIAN_POINT('',(6.447231111242,-4.85,-1.5));
#13617 = DIRECTION('',(-0.,1.,3.330669073875E-16));
#13618 = DIRECTION('',(0.,-3.330669073875E-16,1.));
#13619 = ORIENTED_EDGE('',*,*,#13620,.T.);
#13620 = EDGE_CURVE('',#13612,#13621,#13623,.T.);
#13621 = VERTEX_POINT('',#13622);
#13622 = CARTESIAN_POINT('',(6.462230377286,-4.85,-2.459232075714));
#13623 = LINE('',#13624,#13625);
#13624 = CARTESIAN_POINT('',(6.75,-4.85,-1.5));
#13625 = VECTOR('',#13626,1.);
#13626 = DIRECTION('',(-0.287347885566,5.31700397722E-16,-0.957826285221
    ));
#13627 = ORIENTED_EDGE('',*,*,#13628,.F.);
#13628 = EDGE_CURVE('',#13629,#13621,#13631,.T.);
#13629 = VERTEX_POINT('',#13630);
#13630 = CARTESIAN_POINT('',(6.45,-4.85,-2.542562962528));
#13631 = CIRCLE('',#13632,0.29);
#13632 = AXIS2_PLACEMENT_3D('',#13633,#13634,#13635);
#13633 = CARTESIAN_POINT('',(6.74,-4.85,-2.542562962528));
#13634 = DIRECTION('',(-0.,1.,3.330669073875E-16));
#13635 = DIRECTION('',(0.,-3.330669073875E-16,1.));
#13636 = ORIENTED_EDGE('',*,*,#13637,.F.);
#13637 = EDGE_CURVE('',#13638,#13629,#13640,.T.);
#13638 = VERTEX_POINT('',#13639);
#13639 = CARTESIAN_POINT('',(6.45,-4.85,-3.5));
#13640 = LINE('',#13641,#13642);
#13641 = CARTESIAN_POINT('',(6.45,-4.85,-3.5));
#13642 = VECTOR('',#13643,1.);
#13643 = DIRECTION('',(0.,-5.551115123126E-16,1.));
#13644 = ORIENTED_EDGE('',*,*,#13645,.F.);
#13645 = EDGE_CURVE('',#13646,#13638,#13648,.T.);
#13646 = VERTEX_POINT('',#13647);
#13647 = CARTESIAN_POINT('',(6.15,-4.85,-3.5));
#13648 = LINE('',#13649,#13650);
#13649 = CARTESIAN_POINT('',(6.15,-4.85,-3.5));
#13650 = VECTOR('',#13651,1.);
#13651 = DIRECTION('',(1.,0.,0.));
#13652 = ORIENTED_EDGE('',*,*,#13653,.F.);
#13653 = EDGE_CURVE('',#13654,#13646,#13656,.T.);
#13654 = VERTEX_POINT('',#13655);
#13655 = CARTESIAN_POINT('',(6.15,-4.85,-2.542562962528));
#13656 = LINE('',#13657,#13658);
#13657 = CARTESIAN_POINT('',(6.15,-4.85,-2.5));
#13658 = VECTOR('',#13659,1.);
#13659 = DIRECTION('',(0.,5.551115123126E-16,-1.));
#13660 = ORIENTED_EDGE('',*,*,#13661,.F.);
#13661 = EDGE_CURVE('',#13662,#13654,#13664,.T.);
#13662 = VERTEX_POINT('',#13663);
#13663 = CARTESIAN_POINT('',(6.162230377286,-4.85,-2.459232075714));
#13664 = CIRCLE('',#13665,0.29);
#13665 = AXIS2_PLACEMENT_3D('',#13666,#13667,#13668);
#13666 = CARTESIAN_POINT('',(6.44,-4.85,-2.542562962528));
#13667 = DIRECTION('',(0.,-1.,-3.330669073875E-16));
#13668 = DIRECTION('',(0.,-3.330669073875E-16,1.));
#13669 = ORIENTED_EDGE('',*,*,#13670,.T.);
#13670 = EDGE_CURVE('',#13662,#13671,#13673,.T.);
#13671 = VERTEX_POINT('',#13672);
#13672 = CARTESIAN_POINT('',(6.425000733956,-4.85,-1.583330886814));
#13673 = LINE('',#13674,#13675);
#13674 = CARTESIAN_POINT('',(6.15,-4.85,-2.5));
#13675 = VECTOR('',#13676,1.);
#13676 = DIRECTION('',(0.287347885566,-5.31700397722E-16,0.957826285221)
  );
#13677 = ORIENTED_EDGE('',*,*,#13678,.F.);
#13678 = EDGE_CURVE('',#13679,#13671,#13681,.T.);
#13679 = VERTEX_POINT('',#13680);
#13680 = CARTESIAN_POINT('',(6.425000733956,-4.85,-1.416669113186));
#13681 = CIRCLE('',#13682,0.29);
#13682 = AXIS2_PLACEMENT_3D('',#13683,#13684,#13685);
#13683 = CARTESIAN_POINT('',(6.147231111242,-4.85,-1.5));
#13684 = DIRECTION('',(-0.,1.,3.330669073875E-16));
#13685 = DIRECTION('',(0.,-3.330669073875E-16,1.));
#13686 = ORIENTED_EDGE('',*,*,#13687,.T.);
#13687 = EDGE_CURVE('',#13679,#13688,#13690,.T.);
#13688 = VERTEX_POINT('',#13689);
#13689 = CARTESIAN_POINT('',(6.162230377286,-4.85,-0.540767924286));
#13690 = LINE('',#13691,#13692);
#13691 = CARTESIAN_POINT('',(6.45,-4.85,-1.5));
#13692 = VECTOR('',#13693,1.);
#13693 = DIRECTION('',(-0.287347885566,-5.31700397722E-16,0.957826285221
    ));
#13694 = ORIENTED_EDGE('',*,*,#13695,.F.);
#13695 = EDGE_CURVE('',#13696,#13688,#13698,.T.);
#13696 = VERTEX_POINT('',#13697);
#13697 = CARTESIAN_POINT('',(6.15,-4.85,-0.457437037472));
#13698 = CIRCLE('',#13699,0.29);
#13699 = AXIS2_PLACEMENT_3D('',#13700,#13701,#13702);
#13700 = CARTESIAN_POINT('',(6.44,-4.85,-0.457437037472));
#13701 = DIRECTION('',(0.,-1.,-3.330669073875E-16));
#13702 = DIRECTION('',(0.,-3.330669073875E-16,1.));
#13703 = ORIENTED_EDGE('',*,*,#13704,.F.);
#13704 = EDGE_CURVE('',#12716,#13696,#13705,.T.);
#13705 = LINE('',#13706,#13707);
#13706 = CARTESIAN_POINT('',(6.15,-4.85,1.5));
#13707 = VECTOR('',#13708,1.);
#13708 = DIRECTION('',(0.,5.551115123126E-16,-1.));
#13709 = ORIENTED_EDGE('',*,*,#12789,.F.);
#13710 = ORIENTED_EDGE('',*,*,#13711,.F.);
#13711 = EDGE_CURVE('',#13712,#12782,#13714,.T.);
#13712 = VERTEX_POINT('',#13713);
#13713 = CARTESIAN_POINT('',(6.16,-4.85,1.5));
#13714 = LINE('',#13715,#13716);
#13715 = CARTESIAN_POINT('',(6.45,-4.85,1.5));
#13716 = VECTOR('',#13717,1.);
#13717 = DIRECTION('',(-1.,-0.,0.));
#13718 = ORIENTED_EDGE('',*,*,#13719,.F.);
#13719 = EDGE_CURVE('',#13720,#13712,#13722,.T.);
#13720 = VERTEX_POINT('',#13721);
#13721 = CARTESIAN_POINT('',(6.45,-4.85,1.21));
#13722 = CIRCLE('',#13723,0.29);
#13723 = AXIS2_PLACEMENT_3D('',#13724,#13725,#13726);
#13724 = CARTESIAN_POINT('',(6.16,-4.85,1.21));
#13725 = DIRECTION('',(0.,-1.,-3.330669073875E-16));
#13726 = DIRECTION('',(0.,-3.330669073875E-16,1.));
#13727 = ORIENTED_EDGE('',*,*,#13728,.F.);
#13728 = EDGE_CURVE('',#13729,#13720,#13731,.T.);
#13729 = VERTEX_POINT('',#13730);
#13730 = CARTESIAN_POINT('',(6.45,-4.85,-0.457437037472));
#13731 = LINE('',#13732,#13733);
#13732 = CARTESIAN_POINT('',(6.45,-4.85,-0.5));
#13733 = VECTOR('',#13734,1.);
#13734 = DIRECTION('',(0.,-5.551115123126E-16,1.));
#13735 = ORIENTED_EDGE('',*,*,#13736,.F.);
#13736 = EDGE_CURVE('',#13602,#13729,#13737,.T.);
#13737 = CIRCLE('',#13738,0.29);
#13738 = AXIS2_PLACEMENT_3D('',#13739,#13740,#13741);
#13739 = CARTESIAN_POINT('',(6.74,-4.85,-0.457437037472));
#13740 = DIRECTION('',(-0.,1.,3.330669073875E-16));
#13741 = DIRECTION('',(0.,-3.330669073875E-16,1.));
#13742 = PLANE('',#13743);
#13743 = AXIS2_PLACEMENT_3D('',#13744,#13745,#13746);
#13744 = CARTESIAN_POINT('',(6.45,-4.85,-0.5));
#13745 = DIRECTION('',(0.,1.,3.330669073875E-16));
#13746 = DIRECTION('',(0.,-3.330669073875E-16,1.));
#13747 = ADVANCED_FACE('',(#13748),#13766,.T.);
#13748 = FACE_BOUND('',#13749,.T.);
#13749 = EDGE_LOOP('',(#13750,#13751,#13759,#13765));
#13750 = ORIENTED_EDGE('',*,*,#13711,.F.);
#13751 = ORIENTED_EDGE('',*,*,#13752,.T.);
#13752 = EDGE_CURVE('',#13712,#13753,#13755,.T.);
#13753 = VERTEX_POINT('',#13754);
#13754 = CARTESIAN_POINT('',(6.16,-4.15,1.5));
#13755 = LINE('',#13756,#13757);
#13756 = CARTESIAN_POINT('',(6.16,-4.85,1.5));
#13757 = VECTOR('',#13758,1.);
#13758 = DIRECTION('',(0.,1.,3.330669073875E-16));
#13759 = ORIENTED_EDGE('',*,*,#13760,.T.);
#13760 = EDGE_CURVE('',#13753,#12774,#13761,.T.);
#13761 = LINE('',#13762,#13763);
#13762 = CARTESIAN_POINT('',(6.45,-4.15,1.5));
#13763 = VECTOR('',#13764,1.);
#13764 = DIRECTION('',(-1.,-0.,0.));
#13765 = ORIENTED_EDGE('',*,*,#12781,.F.);
#13766 = PLANE('',#13767);
#13767 = AXIS2_PLACEMENT_3D('',#13768,#13769,#13770);
#13768 = CARTESIAN_POINT('',(6.45,-4.85,1.5));
#13769 = DIRECTION('',(0.,-3.330669073875E-16,1.));
#13770 = DIRECTION('',(-1.,0.,0.));
#13771 = ADVANCED_FACE('',(#13772),#13909,.T.);
#13772 = FACE_BOUND('',#13773,.T.);
#13773 = EDGE_LOOP('',(#13774,#13784,#13793,#13801,#13810,#13818,#13826,
    #13834,#13843,#13851,#13860,#13868,#13877,#13883,#13884,#13885,
    #13894,#13902));
#13774 = ORIENTED_EDGE('',*,*,#13775,.T.);
#13775 = EDGE_CURVE('',#13776,#13778,#13780,.T.);
#13776 = VERTEX_POINT('',#13777);
#13777 = CARTESIAN_POINT('',(6.462230377286,-4.15,-0.540767924286));
#13778 = VERTEX_POINT('',#13779);
#13779 = CARTESIAN_POINT('',(6.725000733956,-4.15,-1.416669113186));
#13780 = LINE('',#13781,#13782);
#13781 = CARTESIAN_POINT('',(6.45,-4.15,-0.5));
#13782 = VECTOR('',#13783,1.);
#13783 = DIRECTION('',(0.287347885566,5.31700397722E-16,-0.957826285221)
  );
#13784 = ORIENTED_EDGE('',*,*,#13785,.T.);
#13785 = EDGE_CURVE('',#13778,#13786,#13788,.T.);
#13786 = VERTEX_POINT('',#13787);
#13787 = CARTESIAN_POINT('',(6.725000733956,-4.15,-1.583330886814));
#13788 = CIRCLE('',#13789,0.29);
#13789 = AXIS2_PLACEMENT_3D('',#13790,#13791,#13792);
#13790 = CARTESIAN_POINT('',(6.447231111242,-4.15,-1.5));
#13791 = DIRECTION('',(-0.,1.,3.330669073875E-16));
#13792 = DIRECTION('',(0.,-3.330669073875E-16,1.));
#13793 = ORIENTED_EDGE('',*,*,#13794,.T.);
#13794 = EDGE_CURVE('',#13786,#13795,#13797,.T.);
#13795 = VERTEX_POINT('',#13796);
#13796 = CARTESIAN_POINT('',(6.462230377286,-4.15,-2.459232075714));
#13797 = LINE('',#13798,#13799);
#13798 = CARTESIAN_POINT('',(6.75,-4.15,-1.5));
#13799 = VECTOR('',#13800,1.);
#13800 = DIRECTION('',(-0.287347885566,5.31700397722E-16,-0.957826285221
    ));
#13801 = ORIENTED_EDGE('',*,*,#13802,.F.);
#13802 = EDGE_CURVE('',#13803,#13795,#13805,.T.);
#13803 = VERTEX_POINT('',#13804);
#13804 = CARTESIAN_POINT('',(6.45,-4.15,-2.542562962528));
#13805 = CIRCLE('',#13806,0.29);
#13806 = AXIS2_PLACEMENT_3D('',#13807,#13808,#13809);
#13807 = CARTESIAN_POINT('',(6.74,-4.15,-2.542562962528));
#13808 = DIRECTION('',(-0.,1.,3.330669073875E-16));
#13809 = DIRECTION('',(0.,-3.330669073875E-16,1.));
#13810 = ORIENTED_EDGE('',*,*,#13811,.F.);
#13811 = EDGE_CURVE('',#13812,#13803,#13814,.T.);
#13812 = VERTEX_POINT('',#13813);
#13813 = CARTESIAN_POINT('',(6.45,-4.15,-3.5));
#13814 = LINE('',#13815,#13816);
#13815 = CARTESIAN_POINT('',(6.45,-4.15,-3.5));
#13816 = VECTOR('',#13817,1.);
#13817 = DIRECTION('',(0.,-5.551115123126E-16,1.));
#13818 = ORIENTED_EDGE('',*,*,#13819,.F.);
#13819 = EDGE_CURVE('',#13820,#13812,#13822,.T.);
#13820 = VERTEX_POINT('',#13821);
#13821 = CARTESIAN_POINT('',(6.15,-4.15,-3.5));
#13822 = LINE('',#13823,#13824);
#13823 = CARTESIAN_POINT('',(6.15,-4.15,-3.5));
#13824 = VECTOR('',#13825,1.);
#13825 = DIRECTION('',(1.,0.,0.));
#13826 = ORIENTED_EDGE('',*,*,#13827,.F.);
#13827 = EDGE_CURVE('',#13828,#13820,#13830,.T.);
#13828 = VERTEX_POINT('',#13829);
#13829 = CARTESIAN_POINT('',(6.15,-4.15,-2.542562962528));
#13830 = LINE('',#13831,#13832);
#13831 = CARTESIAN_POINT('',(6.15,-4.15,-2.5));
#13832 = VECTOR('',#13833,1.);
#13833 = DIRECTION('',(0.,5.551115123126E-16,-1.));
#13834 = ORIENTED_EDGE('',*,*,#13835,.F.);
#13835 = EDGE_CURVE('',#13836,#13828,#13838,.T.);
#13836 = VERTEX_POINT('',#13837);
#13837 = CARTESIAN_POINT('',(6.162230377286,-4.15,-2.459232075714));
#13838 = CIRCLE('',#13839,0.29);
#13839 = AXIS2_PLACEMENT_3D('',#13840,#13841,#13842);
#13840 = CARTESIAN_POINT('',(6.44,-4.15,-2.542562962528));
#13841 = DIRECTION('',(0.,-1.,-3.330669073875E-16));
#13842 = DIRECTION('',(0.,-3.330669073875E-16,1.));
#13843 = ORIENTED_EDGE('',*,*,#13844,.T.);
#13844 = EDGE_CURVE('',#13836,#13845,#13847,.T.);
#13845 = VERTEX_POINT('',#13846);
#13846 = CARTESIAN_POINT('',(6.425000733956,-4.15,-1.583330886814));
#13847 = LINE('',#13848,#13849);
#13848 = CARTESIAN_POINT('',(6.15,-4.15,-2.5));
#13849 = VECTOR('',#13850,1.);
#13850 = DIRECTION('',(0.287347885566,-5.31700397722E-16,0.957826285221)
  );
#13851 = ORIENTED_EDGE('',*,*,#13852,.F.);
#13852 = EDGE_CURVE('',#13853,#13845,#13855,.T.);
#13853 = VERTEX_POINT('',#13854);
#13854 = CARTESIAN_POINT('',(6.425000733956,-4.15,-1.416669113186));
#13855 = CIRCLE('',#13856,0.29);
#13856 = AXIS2_PLACEMENT_3D('',#13857,#13858,#13859);
#13857 = CARTESIAN_POINT('',(6.147231111242,-4.15,-1.5));
#13858 = DIRECTION('',(-0.,1.,3.330669073875E-16));
#13859 = DIRECTION('',(0.,-3.330669073875E-16,1.));
#13860 = ORIENTED_EDGE('',*,*,#13861,.T.);
#13861 = EDGE_CURVE('',#13853,#13862,#13864,.T.);
#13862 = VERTEX_POINT('',#13863);
#13863 = CARTESIAN_POINT('',(6.162230377286,-4.15,-0.540767924286));
#13864 = LINE('',#13865,#13866);
#13865 = CARTESIAN_POINT('',(6.45,-4.15,-1.5));
#13866 = VECTOR('',#13867,1.);
#13867 = DIRECTION('',(-0.287347885566,-5.31700397722E-16,0.957826285221
    ));
#13868 = ORIENTED_EDGE('',*,*,#13869,.F.);
#13869 = EDGE_CURVE('',#13870,#13862,#13872,.T.);
#13870 = VERTEX_POINT('',#13871);
#13871 = CARTESIAN_POINT('',(6.15,-4.15,-0.457437037472));
#13872 = CIRCLE('',#13873,0.29);
#13873 = AXIS2_PLACEMENT_3D('',#13874,#13875,#13876);
#13874 = CARTESIAN_POINT('',(6.44,-4.15,-0.457437037472));
#13875 = DIRECTION('',(0.,-1.,-3.330669073875E-16));
#13876 = DIRECTION('',(0.,-3.330669073875E-16,1.));
#13877 = ORIENTED_EDGE('',*,*,#13878,.F.);
#13878 = EDGE_CURVE('',#12766,#13870,#13879,.T.);
#13879 = LINE('',#13880,#13881);
#13880 = CARTESIAN_POINT('',(6.15,-4.15,1.5));
#13881 = VECTOR('',#13882,1.);
#13882 = DIRECTION('',(0.,5.551115123126E-16,-1.));
#13883 = ORIENTED_EDGE('',*,*,#12773,.F.);
#13884 = ORIENTED_EDGE('',*,*,#13760,.F.);
#13885 = ORIENTED_EDGE('',*,*,#13886,.F.);
#13886 = EDGE_CURVE('',#13887,#13753,#13889,.T.);
#13887 = VERTEX_POINT('',#13888);
#13888 = CARTESIAN_POINT('',(6.45,-4.15,1.21));
#13889 = CIRCLE('',#13890,0.29);
#13890 = AXIS2_PLACEMENT_3D('',#13891,#13892,#13893);
#13891 = CARTESIAN_POINT('',(6.16,-4.15,1.21));
#13892 = DIRECTION('',(0.,-1.,-3.330669073875E-16));
#13893 = DIRECTION('',(0.,-3.330669073875E-16,1.));
#13894 = ORIENTED_EDGE('',*,*,#13895,.F.);
#13895 = EDGE_CURVE('',#13896,#13887,#13898,.T.);
#13896 = VERTEX_POINT('',#13897);
#13897 = CARTESIAN_POINT('',(6.45,-4.15,-0.457437037472));
#13898 = LINE('',#13899,#13900);
#13899 = CARTESIAN_POINT('',(6.45,-4.15,-0.5));
#13900 = VECTOR('',#13901,1.);
#13901 = DIRECTION('',(0.,-5.551115123126E-16,1.));
#13902 = ORIENTED_EDGE('',*,*,#13903,.F.);
#13903 = EDGE_CURVE('',#13776,#13896,#13904,.T.);
#13904 = CIRCLE('',#13905,0.29);
#13905 = AXIS2_PLACEMENT_3D('',#13906,#13907,#13908);
#13906 = CARTESIAN_POINT('',(6.74,-4.15,-0.457437037472));
#13907 = DIRECTION('',(-0.,1.,3.330669073875E-16));
#13908 = DIRECTION('',(0.,-3.330669073875E-16,1.));
#13909 = PLANE('',#13910);
#13910 = AXIS2_PLACEMENT_3D('',#13911,#13912,#13913);
#13911 = CARTESIAN_POINT('',(6.45,-4.15,-0.5));
#13912 = DIRECTION('',(0.,1.,3.330669073875E-16));
#13913 = DIRECTION('',(0.,-3.330669073875E-16,1.));
#13914 = ADVANCED_FACE('',(#13915),#14059,.T.);
#13915 = FACE_BOUND('',#13916,.T.);
#13916 = EDGE_LOOP('',(#13917,#13927,#13936,#13944,#13953,#13961,#13969,
    #13977,#13986,#13994,#14003,#14011,#14020,#14026,#14027,#14035,
    #14044,#14052));
#13917 = ORIENTED_EDGE('',*,*,#13918,.T.);
#13918 = EDGE_CURVE('',#13919,#13921,#13923,.T.);
#13919 = VERTEX_POINT('',#13920);
#13920 = CARTESIAN_POINT('',(6.462230377286,0.35,-0.540767924286));
#13921 = VERTEX_POINT('',#13922);
#13922 = CARTESIAN_POINT('',(6.725000733956,0.35,-1.416669113186));
#13923 = LINE('',#13924,#13925);
#13924 = CARTESIAN_POINT('',(6.45,0.35,-0.5));
#13925 = VECTOR('',#13926,1.);
#13926 = DIRECTION('',(0.287347885566,5.31700397722E-16,-0.957826285221)
  );
#13927 = ORIENTED_EDGE('',*,*,#13928,.T.);
#13928 = EDGE_CURVE('',#13921,#13929,#13931,.T.);
#13929 = VERTEX_POINT('',#13930);
#13930 = CARTESIAN_POINT('',(6.725000733956,0.35,-1.583330886814));
#13931 = CIRCLE('',#13932,0.29);
#13932 = AXIS2_PLACEMENT_3D('',#13933,#13934,#13935);
#13933 = CARTESIAN_POINT('',(6.447231111242,0.35,-1.5));
#13934 = DIRECTION('',(-0.,1.,3.330669073875E-16));
#13935 = DIRECTION('',(0.,-3.330669073875E-16,1.));
#13936 = ORIENTED_EDGE('',*,*,#13937,.T.);
#13937 = EDGE_CURVE('',#13929,#13938,#13940,.T.);
#13938 = VERTEX_POINT('',#13939);
#13939 = CARTESIAN_POINT('',(6.462230377286,0.35,-2.459232075714));
#13940 = LINE('',#13941,#13942);
#13941 = CARTESIAN_POINT('',(6.75,0.35,-1.5));
#13942 = VECTOR('',#13943,1.);
#13943 = DIRECTION('',(-0.287347885566,5.31700397722E-16,-0.957826285221
    ));
#13944 = ORIENTED_EDGE('',*,*,#13945,.F.);
#13945 = EDGE_CURVE('',#13946,#13938,#13948,.T.);
#13946 = VERTEX_POINT('',#13947);
#13947 = CARTESIAN_POINT('',(6.45,0.35,-2.542562962528));
#13948 = CIRCLE('',#13949,0.29);
#13949 = AXIS2_PLACEMENT_3D('',#13950,#13951,#13952);
#13950 = CARTESIAN_POINT('',(6.74,0.35,-2.542562962528));
#13951 = DIRECTION('',(-0.,1.,3.330669073875E-16));
#13952 = DIRECTION('',(0.,-3.330669073875E-16,1.));
#13953 = ORIENTED_EDGE('',*,*,#13954,.F.);
#13954 = EDGE_CURVE('',#13955,#13946,#13957,.T.);
#13955 = VERTEX_POINT('',#13956);
#13956 = CARTESIAN_POINT('',(6.45,0.35,-3.5));
#13957 = LINE('',#13958,#13959);
#13958 = CARTESIAN_POINT('',(6.45,0.35,-3.5));
#13959 = VECTOR('',#13960,1.);
#13960 = DIRECTION('',(0.,-5.551115123126E-16,1.));
#13961 = ORIENTED_EDGE('',*,*,#13962,.F.);
#13962 = EDGE_CURVE('',#13963,#13955,#13965,.T.);
#13963 = VERTEX_POINT('',#13964);
#13964 = CARTESIAN_POINT('',(6.15,0.35,-3.5));
#13965 = LINE('',#13966,#13967);
#13966 = CARTESIAN_POINT('',(6.15,0.35,-3.5));
#13967 = VECTOR('',#13968,1.);
#13968 = DIRECTION('',(1.,0.,0.));
#13969 = ORIENTED_EDGE('',*,*,#13970,.F.);
#13970 = EDGE_CURVE('',#13971,#13963,#13973,.T.);
#13971 = VERTEX_POINT('',#13972);
#13972 = CARTESIAN_POINT('',(6.15,0.35,-2.542562962528));
#13973 = LINE('',#13974,#13975);
#13974 = CARTESIAN_POINT('',(6.15,0.35,-2.5));
#13975 = VECTOR('',#13976,1.);
#13976 = DIRECTION('',(0.,5.551115123126E-16,-1.));
#13977 = ORIENTED_EDGE('',*,*,#13978,.F.);
#13978 = EDGE_CURVE('',#13979,#13971,#13981,.T.);
#13979 = VERTEX_POINT('',#13980);
#13980 = CARTESIAN_POINT('',(6.162230377286,0.35,-2.459232075714));
#13981 = CIRCLE('',#13982,0.29);
#13982 = AXIS2_PLACEMENT_3D('',#13983,#13984,#13985);
#13983 = CARTESIAN_POINT('',(6.44,0.35,-2.542562962528));
#13984 = DIRECTION('',(0.,-1.,-3.330669073875E-16));
#13985 = DIRECTION('',(0.,-3.330669073875E-16,1.));
#13986 = ORIENTED_EDGE('',*,*,#13987,.T.);
#13987 = EDGE_CURVE('',#13979,#13988,#13990,.T.);
#13988 = VERTEX_POINT('',#13989);
#13989 = CARTESIAN_POINT('',(6.425000733956,0.35,-1.583330886814));
#13990 = LINE('',#13991,#13992);
#13991 = CARTESIAN_POINT('',(6.15,0.35,-2.5));
#13992 = VECTOR('',#13993,1.);
#13993 = DIRECTION('',(0.287347885566,-5.31700397722E-16,0.957826285221)
  );
#13994 = ORIENTED_EDGE('',*,*,#13995,.F.);
#13995 = EDGE_CURVE('',#13996,#13988,#13998,.T.);
#13996 = VERTEX_POINT('',#13997);
#13997 = CARTESIAN_POINT('',(6.425000733956,0.35,-1.416669113186));
#13998 = CIRCLE('',#13999,0.29);
#13999 = AXIS2_PLACEMENT_3D('',#14000,#14001,#14002);
#14000 = CARTESIAN_POINT('',(6.147231111242,0.35,-1.5));
#14001 = DIRECTION('',(-0.,1.,3.330669073875E-16));
#14002 = DIRECTION('',(0.,-3.330669073875E-16,1.));
#14003 = ORIENTED_EDGE('',*,*,#14004,.T.);
#14004 = EDGE_CURVE('',#13996,#14005,#14007,.T.);
#14005 = VERTEX_POINT('',#14006);
#14006 = CARTESIAN_POINT('',(6.162230377286,0.35,-0.540767924286));
#14007 = LINE('',#14008,#14009);
#14008 = CARTESIAN_POINT('',(6.45,0.35,-1.5));
#14009 = VECTOR('',#14010,1.);
#14010 = DIRECTION('',(-0.287347885566,-5.31700397722E-16,0.957826285221
    ));
#14011 = ORIENTED_EDGE('',*,*,#14012,.F.);
#14012 = EDGE_CURVE('',#14013,#14005,#14015,.T.);
#14013 = VERTEX_POINT('',#14014);
#14014 = CARTESIAN_POINT('',(6.15,0.35,-0.457437037472));
#14015 = CIRCLE('',#14016,0.29);
#14016 = AXIS2_PLACEMENT_3D('',#14017,#14018,#14019);
#14017 = CARTESIAN_POINT('',(6.44,0.35,-0.457437037472));
#14018 = DIRECTION('',(0.,-1.,-3.330669073875E-16));
#14019 = DIRECTION('',(0.,-3.330669073875E-16,1.));
#14020 = ORIENTED_EDGE('',*,*,#14021,.F.);
#14021 = EDGE_CURVE('',#12734,#14013,#14022,.T.);
#14022 = LINE('',#14023,#14024);
#14023 = CARTESIAN_POINT('',(6.15,0.35,1.5));
#14024 = VECTOR('',#14025,1.);
#14025 = DIRECTION('',(0.,5.551115123126E-16,-1.));
#14026 = ORIENTED_EDGE('',*,*,#12741,.F.);
#14027 = ORIENTED_EDGE('',*,*,#14028,.F.);
#14028 = EDGE_CURVE('',#14029,#12742,#14031,.T.);
#14029 = VERTEX_POINT('',#14030);
#14030 = CARTESIAN_POINT('',(6.16,0.35,1.5));
#14031 = LINE('',#14032,#14033);
#14032 = CARTESIAN_POINT('',(6.45,0.35,1.5));
#14033 = VECTOR('',#14034,1.);
#14034 = DIRECTION('',(-1.,-0.,0.));
#14035 = ORIENTED_EDGE('',*,*,#14036,.F.);
#14036 = EDGE_CURVE('',#14037,#14029,#14039,.T.);
#14037 = VERTEX_POINT('',#14038);
#14038 = CARTESIAN_POINT('',(6.45,0.35,1.21));
#14039 = CIRCLE('',#14040,0.29);
#14040 = AXIS2_PLACEMENT_3D('',#14041,#14042,#14043);
#14041 = CARTESIAN_POINT('',(6.16,0.35,1.21));
#14042 = DIRECTION('',(0.,-1.,-3.330669073875E-16));
#14043 = DIRECTION('',(0.,-3.330669073875E-16,1.));
#14044 = ORIENTED_EDGE('',*,*,#14045,.F.);
#14045 = EDGE_CURVE('',#14046,#14037,#14048,.T.);
#14046 = VERTEX_POINT('',#14047);
#14047 = CARTESIAN_POINT('',(6.45,0.35,-0.457437037472));
#14048 = LINE('',#14049,#14050);
#14049 = CARTESIAN_POINT('',(6.45,0.35,-0.5));
#14050 = VECTOR('',#14051,1.);
#14051 = DIRECTION('',(0.,-5.551115123126E-16,1.));
#14052 = ORIENTED_EDGE('',*,*,#14053,.F.);
#14053 = EDGE_CURVE('',#13919,#14046,#14054,.T.);
#14054 = CIRCLE('',#14055,0.29);
#14055 = AXIS2_PLACEMENT_3D('',#14056,#14057,#14058);
#14056 = CARTESIAN_POINT('',(6.74,0.35,-0.457437037472));
#14057 = DIRECTION('',(-0.,1.,3.330669073875E-16));
#14058 = DIRECTION('',(0.,-3.330669073875E-16,1.));
#14059 = PLANE('',#14060);
#14060 = AXIS2_PLACEMENT_3D('',#14061,#14062,#14063);
#14061 = CARTESIAN_POINT('',(6.45,0.35,-0.5));
#14062 = DIRECTION('',(1.64346021921E-31,1.,5.551115123126E-16));
#14063 = DIRECTION('',(0.,-5.551115123126E-16,1.));
#14064 = ADVANCED_FACE('',(#14065),#14209,.F.);
#14065 = FACE_BOUND('',#14066,.F.);
#14066 = EDGE_LOOP('',(#14067,#14077,#14086,#14094,#14103,#14111,#14119,
    #14127,#14136,#14144,#14153,#14161,#14170,#14176,#14177,#14185,
    #14194,#14202));
#14067 = ORIENTED_EDGE('',*,*,#14068,.T.);
#14068 = EDGE_CURVE('',#14069,#14071,#14073,.T.);
#14069 = VERTEX_POINT('',#14070);
#14070 = CARTESIAN_POINT('',(6.462230377286,-0.35,-0.540767924286));
#14071 = VERTEX_POINT('',#14072);
#14072 = CARTESIAN_POINT('',(6.725000733956,-0.35,-1.416669113186));
#14073 = LINE('',#14074,#14075);
#14074 = CARTESIAN_POINT('',(6.45,-0.35,-0.5));
#14075 = VECTOR('',#14076,1.);
#14076 = DIRECTION('',(0.287347885566,5.31700397722E-16,-0.957826285221)
  );
#14077 = ORIENTED_EDGE('',*,*,#14078,.T.);
#14078 = EDGE_CURVE('',#14071,#14079,#14081,.T.);
#14079 = VERTEX_POINT('',#14080);
#14080 = CARTESIAN_POINT('',(6.725000733956,-0.35,-1.583330886814));
#14081 = CIRCLE('',#14082,0.29);
#14082 = AXIS2_PLACEMENT_3D('',#14083,#14084,#14085);
#14083 = CARTESIAN_POINT('',(6.447231111242,-0.35,-1.5));
#14084 = DIRECTION('',(-0.,1.,3.330669073875E-16));
#14085 = DIRECTION('',(0.,-3.330669073875E-16,1.));
#14086 = ORIENTED_EDGE('',*,*,#14087,.T.);
#14087 = EDGE_CURVE('',#14079,#14088,#14090,.T.);
#14088 = VERTEX_POINT('',#14089);
#14089 = CARTESIAN_POINT('',(6.462230377286,-0.35,-2.459232075714));
#14090 = LINE('',#14091,#14092);
#14091 = CARTESIAN_POINT('',(6.75,-0.35,-1.5));
#14092 = VECTOR('',#14093,1.);
#14093 = DIRECTION('',(-0.287347885566,5.31700397722E-16,-0.957826285221
    ));
#14094 = ORIENTED_EDGE('',*,*,#14095,.F.);
#14095 = EDGE_CURVE('',#14096,#14088,#14098,.T.);
#14096 = VERTEX_POINT('',#14097);
#14097 = CARTESIAN_POINT('',(6.45,-0.35,-2.542562962528));
#14098 = CIRCLE('',#14099,0.29);
#14099 = AXIS2_PLACEMENT_3D('',#14100,#14101,#14102);
#14100 = CARTESIAN_POINT('',(6.74,-0.35,-2.542562962528));
#14101 = DIRECTION('',(-0.,1.,3.330669073875E-16));
#14102 = DIRECTION('',(0.,-3.330669073875E-16,1.));
#14103 = ORIENTED_EDGE('',*,*,#14104,.F.);
#14104 = EDGE_CURVE('',#14105,#14096,#14107,.T.);
#14105 = VERTEX_POINT('',#14106);
#14106 = CARTESIAN_POINT('',(6.45,-0.35,-3.5));
#14107 = LINE('',#14108,#14109);
#14108 = CARTESIAN_POINT('',(6.45,-0.35,-3.5));
#14109 = VECTOR('',#14110,1.);
#14110 = DIRECTION('',(0.,-5.551115123126E-16,1.));
#14111 = ORIENTED_EDGE('',*,*,#14112,.F.);
#14112 = EDGE_CURVE('',#14113,#14105,#14115,.T.);
#14113 = VERTEX_POINT('',#14114);
#14114 = CARTESIAN_POINT('',(6.15,-0.35,-3.5));
#14115 = LINE('',#14116,#14117);
#14116 = CARTESIAN_POINT('',(6.15,-0.35,-3.5));
#14117 = VECTOR('',#14118,1.);
#14118 = DIRECTION('',(1.,0.,0.));
#14119 = ORIENTED_EDGE('',*,*,#14120,.F.);
#14120 = EDGE_CURVE('',#14121,#14113,#14123,.T.);
#14121 = VERTEX_POINT('',#14122);
#14122 = CARTESIAN_POINT('',(6.15,-0.35,-2.542562962528));
#14123 = LINE('',#14124,#14125);
#14124 = CARTESIAN_POINT('',(6.15,-0.35,-2.5));
#14125 = VECTOR('',#14126,1.);
#14126 = DIRECTION('',(0.,5.551115123126E-16,-1.));
#14127 = ORIENTED_EDGE('',*,*,#14128,.F.);
#14128 = EDGE_CURVE('',#14129,#14121,#14131,.T.);
#14129 = VERTEX_POINT('',#14130);
#14130 = CARTESIAN_POINT('',(6.162230377286,-0.35,-2.459232075714));
#14131 = CIRCLE('',#14132,0.29);
#14132 = AXIS2_PLACEMENT_3D('',#14133,#14134,#14135);
#14133 = CARTESIAN_POINT('',(6.44,-0.35,-2.542562962528));
#14134 = DIRECTION('',(0.,-1.,-3.330669073875E-16));
#14135 = DIRECTION('',(0.,-3.330669073875E-16,1.));
#14136 = ORIENTED_EDGE('',*,*,#14137,.T.);
#14137 = EDGE_CURVE('',#14129,#14138,#14140,.T.);
#14138 = VERTEX_POINT('',#14139);
#14139 = CARTESIAN_POINT('',(6.425000733956,-0.35,-1.583330886814));
#14140 = LINE('',#14141,#14142);
#14141 = CARTESIAN_POINT('',(6.15,-0.35,-2.5));
#14142 = VECTOR('',#14143,1.);
#14143 = DIRECTION('',(0.287347885566,-5.31700397722E-16,0.957826285221)
  );
#14144 = ORIENTED_EDGE('',*,*,#14145,.F.);
#14145 = EDGE_CURVE('',#14146,#14138,#14148,.T.);
#14146 = VERTEX_POINT('',#14147);
#14147 = CARTESIAN_POINT('',(6.425000733956,-0.35,-1.416669113186));
#14148 = CIRCLE('',#14149,0.29);
#14149 = AXIS2_PLACEMENT_3D('',#14150,#14151,#14152);
#14150 = CARTESIAN_POINT('',(6.147231111242,-0.35,-1.5));
#14151 = DIRECTION('',(-0.,1.,3.330669073875E-16));
#14152 = DIRECTION('',(0.,-3.330669073875E-16,1.));
#14153 = ORIENTED_EDGE('',*,*,#14154,.T.);
#14154 = EDGE_CURVE('',#14146,#14155,#14157,.T.);
#14155 = VERTEX_POINT('',#14156);
#14156 = CARTESIAN_POINT('',(6.162230377286,-0.35,-0.540767924286));
#14157 = LINE('',#14158,#14159);
#14158 = CARTESIAN_POINT('',(6.45,-0.35,-1.5));
#14159 = VECTOR('',#14160,1.);
#14160 = DIRECTION('',(-0.287347885566,-5.31700397722E-16,0.957826285221
    ));
#14161 = ORIENTED_EDGE('',*,*,#14162,.F.);
#14162 = EDGE_CURVE('',#14163,#14155,#14165,.T.);
#14163 = VERTEX_POINT('',#14164);
#14164 = CARTESIAN_POINT('',(6.15,-0.35,-0.457437037472));
#14165 = CIRCLE('',#14166,0.29);
#14166 = AXIS2_PLACEMENT_3D('',#14167,#14168,#14169);
#14167 = CARTESIAN_POINT('',(6.44,-0.35,-0.457437037472));
#14168 = DIRECTION('',(0.,-1.,-3.330669073875E-16));
#14169 = DIRECTION('',(0.,-3.330669073875E-16,1.));
#14170 = ORIENTED_EDGE('',*,*,#14171,.F.);
#14171 = EDGE_CURVE('',#12758,#14163,#14172,.T.);
#14172 = LINE('',#14173,#14174);
#14173 = CARTESIAN_POINT('',(6.15,-0.35,1.5));
#14174 = VECTOR('',#14175,1.);
#14175 = DIRECTION('',(0.,5.551115123126E-16,-1.));
#14176 = ORIENTED_EDGE('',*,*,#12757,.F.);
#14177 = ORIENTED_EDGE('',*,*,#14178,.F.);
#14178 = EDGE_CURVE('',#14179,#12750,#14181,.T.);
#14179 = VERTEX_POINT('',#14180);
#14180 = CARTESIAN_POINT('',(6.16,-0.35,1.5));
#14181 = LINE('',#14182,#14183);
#14182 = CARTESIAN_POINT('',(6.45,-0.35,1.5));
#14183 = VECTOR('',#14184,1.);
#14184 = DIRECTION('',(-1.,-0.,0.));
#14185 = ORIENTED_EDGE('',*,*,#14186,.F.);
#14186 = EDGE_CURVE('',#14187,#14179,#14189,.T.);
#14187 = VERTEX_POINT('',#14188);
#14188 = CARTESIAN_POINT('',(6.45,-0.35,1.21));
#14189 = CIRCLE('',#14190,0.29);
#14190 = AXIS2_PLACEMENT_3D('',#14191,#14192,#14193);
#14191 = CARTESIAN_POINT('',(6.16,-0.35,1.21));
#14192 = DIRECTION('',(0.,-1.,-3.330669073875E-16));
#14193 = DIRECTION('',(0.,-3.330669073875E-16,1.));
#14194 = ORIENTED_EDGE('',*,*,#14195,.F.);
#14195 = EDGE_CURVE('',#14196,#14187,#14198,.T.);
#14196 = VERTEX_POINT('',#14197);
#14197 = CARTESIAN_POINT('',(6.45,-0.35,-0.457437037472));
#14198 = LINE('',#14199,#14200);
#14199 = CARTESIAN_POINT('',(6.45,-0.35,-0.5));
#14200 = VECTOR('',#14201,1.);
#14201 = DIRECTION('',(0.,-5.551115123126E-16,1.));
#14202 = ORIENTED_EDGE('',*,*,#14203,.F.);
#14203 = EDGE_CURVE('',#14069,#14196,#14204,.T.);
#14204 = CIRCLE('',#14205,0.29);
#14205 = AXIS2_PLACEMENT_3D('',#14206,#14207,#14208);
#14206 = CARTESIAN_POINT('',(6.74,-0.35,-0.457437037472));
#14207 = DIRECTION('',(-0.,1.,3.330669073875E-16));
#14208 = DIRECTION('',(0.,-3.330669073875E-16,1.));
#14209 = PLANE('',#14210);
#14210 = AXIS2_PLACEMENT_3D('',#14211,#14212,#14213);
#14211 = CARTESIAN_POINT('',(6.45,-0.35,-0.5));
#14212 = DIRECTION('',(1.64346021921E-31,1.,5.551115123126E-16));
#14213 = DIRECTION('',(0.,-5.551115123126E-16,1.));
#14214 = ADVANCED_FACE('',(#14215),#14226,.T.);
#14215 = FACE_BOUND('',#14216,.T.);
#14216 = EDGE_LOOP('',(#14217,#14218,#14224,#14225));
#14217 = ORIENTED_EDGE('',*,*,#14178,.F.);
#14218 = ORIENTED_EDGE('',*,*,#14219,.T.);
#14219 = EDGE_CURVE('',#14179,#14029,#14220,.T.);
#14220 = LINE('',#14221,#14222);
#14221 = CARTESIAN_POINT('',(6.16,-0.35,1.5));
#14222 = VECTOR('',#14223,1.);
#14223 = DIRECTION('',(0.,1.,3.330669073875E-16));
#14224 = ORIENTED_EDGE('',*,*,#14028,.T.);
#14225 = ORIENTED_EDGE('',*,*,#12749,.F.);
#14226 = PLANE('',#14227);
#14227 = AXIS2_PLACEMENT_3D('',#14228,#14229,#14230);
#14228 = CARTESIAN_POINT('',(6.45,-0.35,1.5));
#14229 = DIRECTION('',(0.,-3.330669073875E-16,1.));
#14230 = DIRECTION('',(-1.,0.,0.));
#14231 = ADVANCED_FACE('',(#14232),#14235,.F.);
#14232 = FACE_BOUND('',#14233,.F.);
#14233 = EDGE_LOOP('',(#14234));
#14234 = ORIENTED_EDGE('',*,*,#12889,.F.);
#14235 = PLANE('',#14236);
#14236 = AXIS2_PLACEMENT_3D('',#14237,#14238,#14239);
#14237 = CARTESIAN_POINT('',(4.9,-2.25,4.3));
#14238 = DIRECTION('',(0.,0.,-1.));
#14239 = DIRECTION('',(-1.,0.,0.));
#14240 = ADVANCED_FACE('',(#14241),#14252,.F.);
#14241 = FACE_BOUND('',#14242,.F.);
#14242 = EDGE_LOOP('',(#14243,#14244,#14245,#14246));
#14243 = ORIENTED_EDGE('',*,*,#13387,.F.);
#14244 = ORIENTED_EDGE('',*,*,#12926,.F.);
#14245 = ORIENTED_EDGE('',*,*,#13537,.T.);
#14246 = ORIENTED_EDGE('',*,*,#14247,.F.);
#14247 = EDGE_CURVE('',#13379,#13529,#14248,.T.);
#14248 = LINE('',#14249,#14250);
#14249 = CARTESIAN_POINT('',(0.15,-4.85,-0.457437037472));
#14250 = VECTOR('',#14251,1.);
#14251 = DIRECTION('',(0.,1.,3.330669073875E-16));
#14252 = PLANE('',#14253);
#14253 = AXIS2_PLACEMENT_3D('',#14254,#14255,#14256);
#14254 = CARTESIAN_POINT('',(0.15,-4.85,1.5));
#14255 = DIRECTION('',(-1.,0.,-0.));
#14256 = DIRECTION('',(0.,5.551115123126E-16,-1.));
#14257 = ADVANCED_FACE('',(#14258),#14269,.T.);
#14258 = FACE_BOUND('',#14259,.T.);
#14259 = EDGE_LOOP('',(#14260,#14261,#14262,#14263));
#14260 = ORIENTED_EDGE('',*,*,#13704,.F.);
#14261 = ORIENTED_EDGE('',*,*,#12951,.T.);
#14262 = ORIENTED_EDGE('',*,*,#13878,.T.);
#14263 = ORIENTED_EDGE('',*,*,#14264,.F.);
#14264 = EDGE_CURVE('',#13696,#13870,#14265,.T.);
#14265 = LINE('',#14266,#14267);
#14266 = CARTESIAN_POINT('',(6.15,-4.85,-0.457437037472));
#14267 = VECTOR('',#14268,1.);
#14268 = DIRECTION('',(0.,1.,3.330669073875E-16));
#14269 = PLANE('',#14270);
#14270 = AXIS2_PLACEMENT_3D('',#14271,#14272,#14273);
#14271 = CARTESIAN_POINT('',(6.15,-4.85,1.5));
#14272 = DIRECTION('',(-1.,0.,-0.));
#14273 = DIRECTION('',(0.,5.551115123126E-16,-1.));
#14274 = ADVANCED_FACE('',(#14275),#14286,.F.);
#14275 = FACE_BOUND('',#14276,.F.);
#14276 = EDGE_LOOP('',(#14277,#14278,#14279,#14280));
#14277 = ORIENTED_EDGE('',*,*,#13244,.F.);
#14278 = ORIENTED_EDGE('',*,*,#12933,.F.);
#14279 = ORIENTED_EDGE('',*,*,#13070,.T.);
#14280 = ORIENTED_EDGE('',*,*,#14281,.F.);
#14281 = EDGE_CURVE('',#13236,#13062,#14282,.T.);
#14282 = LINE('',#14283,#14284);
#14283 = CARTESIAN_POINT('',(0.15,-0.35,-0.457437037472));
#14284 = VECTOR('',#14285,1.);
#14285 = DIRECTION('',(0.,1.,3.330669073875E-16));
#14286 = PLANE('',#14287);
#14287 = AXIS2_PLACEMENT_3D('',#14288,#14289,#14290);
#14288 = CARTESIAN_POINT('',(0.15,-0.35,1.5));
#14289 = DIRECTION('',(-1.,0.,-0.));
#14290 = DIRECTION('',(0.,5.551115123126E-16,-1.));
#14291 = ADVANCED_FACE('',(#14292),#14303,.T.);
#14292 = FACE_BOUND('',#14293,.T.);
#14293 = EDGE_LOOP('',(#14294,#14295,#14296,#14297));
#14294 = ORIENTED_EDGE('',*,*,#14171,.F.);
#14295 = ORIENTED_EDGE('',*,*,#12944,.T.);
#14296 = ORIENTED_EDGE('',*,*,#14021,.T.);
#14297 = ORIENTED_EDGE('',*,*,#14298,.F.);
#14298 = EDGE_CURVE('',#14163,#14013,#14299,.T.);
#14299 = LINE('',#14300,#14301);
#14300 = CARTESIAN_POINT('',(6.15,-0.35,-0.457437037472));
#14301 = VECTOR('',#14302,1.);
#14302 = DIRECTION('',(0.,1.,3.330669073875E-16));
#14303 = PLANE('',#14304);
#14304 = AXIS2_PLACEMENT_3D('',#14305,#14306,#14307);
#14305 = CARTESIAN_POINT('',(6.15,-0.35,1.5));
#14306 = DIRECTION('',(-1.,0.,-0.));
#14307 = DIRECTION('',(0.,5.551115123126E-16,-1.));
#14308 = ADVANCED_FACE('',(#14309),#14325,.T.);
#14309 = FACE_BOUND('',#14310,.T.);
#14310 = EDGE_LOOP('',(#14311,#14312,#14318,#14319));
#14311 = ORIENTED_EDGE('',*,*,#13141,.F.);
#14312 = ORIENTED_EDGE('',*,*,#14313,.T.);
#14313 = EDGE_CURVE('',#13142,#12968,#14314,.T.);
#14314 = LINE('',#14315,#14316);
#14315 = CARTESIAN_POINT('',(-0.162230377286,-0.35,-0.540767924286));
#14316 = VECTOR('',#14317,1.);
#14317 = DIRECTION('',(0.,1.,3.330669073875E-16));
#14318 = ORIENTED_EDGE('',*,*,#12967,.T.);
#14319 = ORIENTED_EDGE('',*,*,#14320,.F.);
#14320 = EDGE_CURVE('',#13144,#12970,#14321,.T.);
#14321 = LINE('',#14322,#14323);
#14322 = CARTESIAN_POINT('',(-0.425000733956,-0.35,-1.416669113186));
#14323 = VECTOR('',#14324,1.);
#14324 = DIRECTION('',(0.,1.,3.330669073875E-16));
#14325 = PLANE('',#14326);
#14326 = AXIS2_PLACEMENT_3D('',#14327,#14328,#14329);
#14327 = CARTESIAN_POINT('',(-0.15,-0.35,-0.5));
#14328 = DIRECTION('',(-0.957826285221,-9.570607158995E-17,
    0.287347885566));
#14329 = DIRECTION('',(-0.287347885566,5.31700397722E-16,-0.957826285221
    ));
#14330 = ADVANCED_FACE('',(#14331),#14342,.F.);
#14331 = FACE_BOUND('',#14332,.F.);
#14332 = EDGE_LOOP('',(#14333,#14334,#14335,#14341));
#14333 = ORIENTED_EDGE('',*,*,#14313,.T.);
#14334 = ORIENTED_EDGE('',*,*,#13102,.T.);
#14335 = ORIENTED_EDGE('',*,*,#14336,.F.);
#14336 = EDGE_CURVE('',#13262,#13095,#14337,.T.);
#14337 = LINE('',#14338,#14339);
#14338 = CARTESIAN_POINT('',(-0.15,-0.35,-0.457437037472));
#14339 = VECTOR('',#14340,1.);
#14340 = DIRECTION('',(0.,1.,3.330669073875E-16));
#14341 = ORIENTED_EDGE('',*,*,#13269,.F.);
#14342 = CYLINDRICAL_SURFACE('',#14343,0.29);
#14343 = AXIS2_PLACEMENT_3D('',#14344,#14345,#14346);
#14344 = CARTESIAN_POINT('',(-0.44,-0.35,-0.457437037472));
#14345 = DIRECTION('',(0.,1.,3.330669073875E-16));
#14346 = DIRECTION('',(0.957826285221,9.570607158983E-17,-0.287347885566
    ));
#14347 = ADVANCED_FACE('',(#14348),#14359,.T.);
#14348 = FACE_BOUND('',#14349,.T.);
#14349 = EDGE_LOOP('',(#14350,#14351,#14352,#14358));
#14350 = ORIENTED_EDGE('',*,*,#14320,.T.);
#14351 = ORIENTED_EDGE('',*,*,#12977,.T.);
#14352 = ORIENTED_EDGE('',*,*,#14353,.F.);
#14353 = EDGE_CURVE('',#13152,#12978,#14354,.T.);
#14354 = LINE('',#14355,#14356);
#14355 = CARTESIAN_POINT('',(-0.425000733956,-0.35,-1.583330886814));
#14356 = VECTOR('',#14357,1.);
#14357 = DIRECTION('',(0.,1.,3.330669073875E-16));
#14358 = ORIENTED_EDGE('',*,*,#13151,.F.);
#14359 = CYLINDRICAL_SURFACE('',#14360,0.29);
#14360 = AXIS2_PLACEMENT_3D('',#14361,#14362,#14363);
#14361 = CARTESIAN_POINT('',(-0.147231111242,-0.35,-1.5));
#14362 = DIRECTION('',(0.,1.,3.330669073875E-16));
#14363 = DIRECTION('',(-0.957826285221,-9.570607158983E-17,
    0.287347885566));
#14364 = ADVANCED_FACE('',(#14365),#14376,.F.);
#14365 = FACE_BOUND('',#14366,.F.);
#14366 = EDGE_LOOP('',(#14367,#14368,#14369,#14370));
#14367 = ORIENTED_EDGE('',*,*,#13261,.F.);
#14368 = ORIENTED_EDGE('',*,*,#14336,.T.);
#14369 = ORIENTED_EDGE('',*,*,#13094,.T.);
#14370 = ORIENTED_EDGE('',*,*,#14371,.F.);
#14371 = EDGE_CURVE('',#13253,#13086,#14372,.T.);
#14372 = LINE('',#14373,#14374);
#14373 = CARTESIAN_POINT('',(-0.15,-0.35,1.21));
#14374 = VECTOR('',#14375,1.);
#14375 = DIRECTION('',(0.,1.,3.330669073875E-16));
#14376 = PLANE('',#14377);
#14377 = AXIS2_PLACEMENT_3D('',#14378,#14379,#14380);
#14378 = CARTESIAN_POINT('',(-0.15,-0.35,-0.5));
#14379 = DIRECTION('',(1.,0.,0.));
#14380 = DIRECTION('',(0.,-5.551115123126E-16,1.));
#14381 = ADVANCED_FACE('',(#14382),#14393,.T.);
#14382 = FACE_BOUND('',#14383,.T.);
#14383 = EDGE_LOOP('',(#14384,#14385,#14386,#14387));
#14384 = ORIENTED_EDGE('',*,*,#13160,.F.);
#14385 = ORIENTED_EDGE('',*,*,#14353,.T.);
#14386 = ORIENTED_EDGE('',*,*,#12986,.T.);
#14387 = ORIENTED_EDGE('',*,*,#14388,.F.);
#14388 = EDGE_CURVE('',#13161,#12987,#14389,.T.);
#14389 = LINE('',#14390,#14391);
#14390 = CARTESIAN_POINT('',(-0.162230377286,-0.35,-2.459232075714));
#14391 = VECTOR('',#14392,1.);
#14392 = DIRECTION('',(0.,1.,3.330669073875E-16));
#14393 = PLANE('',#14394);
#14394 = AXIS2_PLACEMENT_3D('',#14395,#14396,#14397);
#14395 = CARTESIAN_POINT('',(-0.45,-0.35,-1.5));
#14396 = DIRECTION('',(-0.957826285221,9.570607158995E-17,
    -0.287347885566));
#14397 = DIRECTION('',(0.287347885566,5.31700397722E-16,-0.957826285221)
  );
#14398 = ADVANCED_FACE('',(#14399),#14405,.T.);
#14399 = FACE_BOUND('',#14400,.T.);
#14400 = EDGE_LOOP('',(#14401,#14402,#14403,#14404));
#14401 = ORIENTED_EDGE('',*,*,#13252,.T.);
#14402 = ORIENTED_EDGE('',*,*,#13125,.T.);
#14403 = ORIENTED_EDGE('',*,*,#13085,.F.);
#14404 = ORIENTED_EDGE('',*,*,#14371,.F.);
#14405 = CYLINDRICAL_SURFACE('',#14406,0.29);
#14406 = AXIS2_PLACEMENT_3D('',#14407,#14408,#14409);
#14407 = CARTESIAN_POINT('',(0.14,-0.35,1.21));
#14408 = DIRECTION('',(0.,1.,3.330669073875E-16));
#14409 = DIRECTION('',(-1.,0.,0.));
#14410 = ADVANCED_FACE('',(#14411),#14422,.F.);
#14411 = FACE_BOUND('',#14412,.F.);
#14412 = EDGE_LOOP('',(#14413,#14419,#14420,#14421));
#14413 = ORIENTED_EDGE('',*,*,#14414,.T.);
#14414 = EDGE_CURVE('',#13169,#12995,#14415,.T.);
#14415 = LINE('',#14416,#14417);
#14416 = CARTESIAN_POINT('',(-0.15,-0.35,-2.542562962528));
#14417 = VECTOR('',#14418,1.);
#14418 = DIRECTION('',(0.,1.,3.330669073875E-16));
#14419 = ORIENTED_EDGE('',*,*,#12994,.T.);
#14420 = ORIENTED_EDGE('',*,*,#14388,.F.);
#14421 = ORIENTED_EDGE('',*,*,#13168,.F.);
#14422 = CYLINDRICAL_SURFACE('',#14423,0.29);
#14423 = AXIS2_PLACEMENT_3D('',#14424,#14425,#14426);
#14424 = CARTESIAN_POINT('',(-0.44,-0.35,-2.542562962528));
#14425 = DIRECTION('',(0.,1.,3.330669073875E-16));
#14426 = DIRECTION('',(1.,0.,-0.));
#14427 = ADVANCED_FACE('',(#14428),#14439,.F.);
#14428 = FACE_BOUND('',#14429,.F.);
#14429 = EDGE_LOOP('',(#14430,#14431,#14437,#14438));
#14430 = ORIENTED_EDGE('',*,*,#13177,.F.);
#14431 = ORIENTED_EDGE('',*,*,#14432,.T.);
#14432 = EDGE_CURVE('',#13178,#13004,#14433,.T.);
#14433 = LINE('',#14434,#14435);
#14434 = CARTESIAN_POINT('',(-0.15,-0.35,-3.5));
#14435 = VECTOR('',#14436,1.);
#14436 = DIRECTION('',(0.,1.,3.330669073875E-16));
#14437 = ORIENTED_EDGE('',*,*,#13003,.T.);
#14438 = ORIENTED_EDGE('',*,*,#14414,.F.);
#14439 = PLANE('',#14440);
#14440 = AXIS2_PLACEMENT_3D('',#14441,#14442,#14443);
#14441 = CARTESIAN_POINT('',(-0.15,-0.35,-3.5));
#14442 = DIRECTION('',(1.,0.,0.));
#14443 = DIRECTION('',(0.,-5.551115123126E-16,1.));
#14444 = ADVANCED_FACE('',(#14445),#14456,.F.);
#14445 = FACE_BOUND('',#14446,.F.);
#14446 = EDGE_LOOP('',(#14447,#14453,#14454,#14455));
#14447 = ORIENTED_EDGE('',*,*,#14448,.T.);
#14448 = EDGE_CURVE('',#13186,#13012,#14449,.T.);
#14449 = LINE('',#14450,#14451);
#14450 = CARTESIAN_POINT('',(0.15,-0.35,-3.5));
#14451 = VECTOR('',#14452,1.);
#14452 = DIRECTION('',(0.,1.,3.330669073875E-16));
#14453 = ORIENTED_EDGE('',*,*,#13011,.T.);
#14454 = ORIENTED_EDGE('',*,*,#14432,.F.);
#14455 = ORIENTED_EDGE('',*,*,#13185,.F.);
#14456 = PLANE('',#14457);
#14457 = AXIS2_PLACEMENT_3D('',#14458,#14459,#14460);
#14458 = CARTESIAN_POINT('',(0.15,-0.35,-3.5));
#14459 = DIRECTION('',(0.,-3.330669073875E-16,1.));
#14460 = DIRECTION('',(-1.,0.,0.));
#14461 = ADVANCED_FACE('',(#14462),#14473,.F.);
#14462 = FACE_BOUND('',#14463,.F.);
#14463 = EDGE_LOOP('',(#14464,#14465,#14471,#14472));
#14464 = ORIENTED_EDGE('',*,*,#13193,.F.);
#14465 = ORIENTED_EDGE('',*,*,#14466,.T.);
#14466 = EDGE_CURVE('',#13194,#13020,#14467,.T.);
#14467 = LINE('',#14468,#14469);
#14468 = CARTESIAN_POINT('',(0.15,-0.35,-2.542562962528));
#14469 = VECTOR('',#14470,1.);
#14470 = DIRECTION('',(0.,1.,3.330669073875E-16));
#14471 = ORIENTED_EDGE('',*,*,#13019,.T.);
#14472 = ORIENTED_EDGE('',*,*,#14448,.F.);
#14473 = PLANE('',#14474);
#14474 = AXIS2_PLACEMENT_3D('',#14475,#14476,#14477);
#14475 = CARTESIAN_POINT('',(0.15,-0.35,-2.5));
#14476 = DIRECTION('',(-1.,0.,-0.));
#14477 = DIRECTION('',(0.,5.551115123126E-16,-1.));
#14478 = ADVANCED_FACE('',(#14479),#14490,.T.);
#14479 = FACE_BOUND('',#14480,.T.);
#14480 = EDGE_LOOP('',(#14481,#14482,#14488,#14489));
#14481 = ORIENTED_EDGE('',*,*,#13235,.T.);
#14482 = ORIENTED_EDGE('',*,*,#14483,.T.);
#14483 = EDGE_CURVE('',#13228,#13054,#14484,.T.);
#14484 = LINE('',#14485,#14486);
#14485 = CARTESIAN_POINT('',(0.137769622714,-0.35,-0.540767924286));
#14486 = VECTOR('',#14487,1.);
#14487 = DIRECTION('',(0.,1.,3.330669073875E-16));
#14488 = ORIENTED_EDGE('',*,*,#13061,.F.);
#14489 = ORIENTED_EDGE('',*,*,#14281,.F.);
#14490 = CYLINDRICAL_SURFACE('',#14491,0.29);
#14491 = AXIS2_PLACEMENT_3D('',#14492,#14493,#14494);
#14492 = CARTESIAN_POINT('',(-0.14,-0.35,-0.457437037472));
#14493 = DIRECTION('',(0.,1.,3.330669073875E-16));
#14494 = DIRECTION('',(1.,0.,-0.));
#14495 = ADVANCED_FACE('',(#14496),#14507,.T.);
#14496 = FACE_BOUND('',#14497,.T.);
#14497 = EDGE_LOOP('',(#14498,#14499,#14500,#14501));
#14498 = ORIENTED_EDGE('',*,*,#13201,.T.);
#14499 = ORIENTED_EDGE('',*,*,#14466,.T.);
#14500 = ORIENTED_EDGE('',*,*,#13027,.F.);
#14501 = ORIENTED_EDGE('',*,*,#14502,.F.);
#14502 = EDGE_CURVE('',#13202,#13028,#14503,.T.);
#14503 = LINE('',#14504,#14505);
#14504 = CARTESIAN_POINT('',(0.137769622714,-0.35,-2.459232075714));
#14505 = VECTOR('',#14506,1.);
#14506 = DIRECTION('',(0.,1.,3.330669073875E-16));
#14507 = CYLINDRICAL_SURFACE('',#14508,0.29);
#14508 = AXIS2_PLACEMENT_3D('',#14509,#14510,#14511);
#14509 = CARTESIAN_POINT('',(-0.14,-0.35,-2.542562962528));
#14510 = DIRECTION('',(0.,1.,3.330669073875E-16));
#14511 = DIRECTION('',(0.957826285221,-9.570607158983E-17,0.287347885566
    ));
#14512 = ADVANCED_FACE('',(#14513),#14524,.T.);
#14513 = FACE_BOUND('',#14514,.T.);
#14514 = EDGE_LOOP('',(#14515,#14516,#14522,#14523));
#14515 = ORIENTED_EDGE('',*,*,#13227,.F.);
#14516 = ORIENTED_EDGE('',*,*,#14517,.T.);
#14517 = EDGE_CURVE('',#13219,#13045,#14518,.T.);
#14518 = LINE('',#14519,#14520);
#14519 = CARTESIAN_POINT('',(-0.125000733956,-0.35,-1.416669113186));
#14520 = VECTOR('',#14521,1.);
#14521 = DIRECTION('',(0.,1.,3.330669073875E-16));
#14522 = ORIENTED_EDGE('',*,*,#13053,.T.);
#14523 = ORIENTED_EDGE('',*,*,#14483,.F.);
#14524 = PLANE('',#14525);
#14525 = AXIS2_PLACEMENT_3D('',#14526,#14527,#14528);
#14526 = CARTESIAN_POINT('',(-0.15,-0.35,-1.5));
#14527 = DIRECTION('',(0.957826285221,9.570607158995E-17,-0.287347885566
    ));
#14528 = DIRECTION('',(0.287347885566,-5.31700397722E-16,0.957826285221)
  );
#14529 = ADVANCED_FACE('',(#14530),#14541,.T.);
#14530 = FACE_BOUND('',#14531,.T.);
#14531 = EDGE_LOOP('',(#14532,#14533,#14534,#14535));
#14532 = ORIENTED_EDGE('',*,*,#13210,.F.);
#14533 = ORIENTED_EDGE('',*,*,#14502,.T.);
#14534 = ORIENTED_EDGE('',*,*,#13036,.T.);
#14535 = ORIENTED_EDGE('',*,*,#14536,.F.);
#14536 = EDGE_CURVE('',#13211,#13037,#14537,.T.);
#14537 = LINE('',#14538,#14539);
#14538 = CARTESIAN_POINT('',(-0.125000733956,-0.35,-1.583330886814));
#14539 = VECTOR('',#14540,1.);
#14540 = DIRECTION('',(0.,1.,3.330669073875E-16));
#14541 = PLANE('',#14542);
#14542 = AXIS2_PLACEMENT_3D('',#14543,#14544,#14545);
#14543 = CARTESIAN_POINT('',(0.15,-0.35,-2.5));
#14544 = DIRECTION('',(0.957826285221,-9.570607158995E-17,0.287347885566
    ));
#14545 = DIRECTION('',(-0.287347885566,-5.31700397722E-16,0.957826285221
    ));
#14546 = ADVANCED_FACE('',(#14547),#14553,.F.);
#14547 = FACE_BOUND('',#14548,.F.);
#14548 = EDGE_LOOP('',(#14549,#14550,#14551,#14552));
#14549 = ORIENTED_EDGE('',*,*,#14517,.T.);
#14550 = ORIENTED_EDGE('',*,*,#13044,.T.);
#14551 = ORIENTED_EDGE('',*,*,#14536,.F.);
#14552 = ORIENTED_EDGE('',*,*,#13218,.F.);
#14553 = CYLINDRICAL_SURFACE('',#14554,0.29);
#14554 = AXIS2_PLACEMENT_3D('',#14555,#14556,#14557);
#14555 = CARTESIAN_POINT('',(0.152768888758,-0.35,-1.5));
#14556 = DIRECTION('',(0.,1.,3.330669073875E-16));
#14557 = DIRECTION('',(-0.957826285221,-9.570607158983E-17,
    0.287347885566));
#14558 = ADVANCED_FACE('',(#14559),#14575,.T.);
#14559 = FACE_BOUND('',#14560,.T.);
#14560 = EDGE_LOOP('',(#14561,#14562,#14568,#14569));
#14561 = ORIENTED_EDGE('',*,*,#13284,.F.);
#14562 = ORIENTED_EDGE('',*,*,#14563,.T.);
#14563 = EDGE_CURVE('',#13285,#13435,#14564,.T.);
#14564 = LINE('',#14565,#14566);
#14565 = CARTESIAN_POINT('',(-0.162230377286,-4.85,-0.540767924286));
#14566 = VECTOR('',#14567,1.);
#14567 = DIRECTION('',(0.,1.,3.330669073875E-16));
#14568 = ORIENTED_EDGE('',*,*,#13434,.T.);
#14569 = ORIENTED_EDGE('',*,*,#14570,.F.);
#14570 = EDGE_CURVE('',#13287,#13437,#14571,.T.);
#14571 = LINE('',#14572,#14573);
#14572 = CARTESIAN_POINT('',(-0.425000733956,-4.85,-1.416669113186));
#14573 = VECTOR('',#14574,1.);
#14574 = DIRECTION('',(0.,1.,3.330669073875E-16));
#14575 = PLANE('',#14576);
#14576 = AXIS2_PLACEMENT_3D('',#14577,#14578,#14579);
#14577 = CARTESIAN_POINT('',(-0.15,-4.85,-0.5));
#14578 = DIRECTION('',(-0.957826285221,-9.570607158995E-17,
    0.287347885566));
#14579 = DIRECTION('',(-0.287347885566,5.31700397722E-16,-0.957826285221
    ));
#14580 = ADVANCED_FACE('',(#14581),#14592,.F.);
#14581 = FACE_BOUND('',#14582,.F.);
#14582 = EDGE_LOOP('',(#14583,#14584,#14585,#14591));
#14583 = ORIENTED_EDGE('',*,*,#14563,.T.);
#14584 = ORIENTED_EDGE('',*,*,#13569,.T.);
#14585 = ORIENTED_EDGE('',*,*,#14586,.F.);
#14586 = EDGE_CURVE('',#13412,#13562,#14587,.T.);
#14587 = LINE('',#14588,#14589);
#14588 = CARTESIAN_POINT('',(-0.15,-4.85,-0.457437037472));
#14589 = VECTOR('',#14590,1.);
#14590 = DIRECTION('',(0.,1.,3.330669073875E-16));
#14591 = ORIENTED_EDGE('',*,*,#13419,.F.);
#14592 = CYLINDRICAL_SURFACE('',#14593,0.29);
#14593 = AXIS2_PLACEMENT_3D('',#14594,#14595,#14596);
#14594 = CARTESIAN_POINT('',(-0.44,-4.85,-0.457437037472));
#14595 = DIRECTION('',(0.,1.,3.330669073875E-16));
#14596 = DIRECTION('',(0.957826285221,9.570607158983E-17,-0.287347885566
    ));
#14597 = ADVANCED_FACE('',(#14598),#14609,.T.);
#14598 = FACE_BOUND('',#14599,.T.);
#14599 = EDGE_LOOP('',(#14600,#14601,#14602,#14608));
#14600 = ORIENTED_EDGE('',*,*,#14570,.T.);
#14601 = ORIENTED_EDGE('',*,*,#13444,.T.);
#14602 = ORIENTED_EDGE('',*,*,#14603,.F.);
#14603 = EDGE_CURVE('',#13295,#13445,#14604,.T.);
#14604 = LINE('',#14605,#14606);
#14605 = CARTESIAN_POINT('',(-0.425000733956,-4.85,-1.583330886814));
#14606 = VECTOR('',#14607,1.);
#14607 = DIRECTION('',(0.,1.,3.330669073875E-16));
#14608 = ORIENTED_EDGE('',*,*,#13294,.F.);
#14609 = CYLINDRICAL_SURFACE('',#14610,0.29);
#14610 = AXIS2_PLACEMENT_3D('',#14611,#14612,#14613);
#14611 = CARTESIAN_POINT('',(-0.147231111242,-4.85,-1.5));
#14612 = DIRECTION('',(0.,1.,3.330669073875E-16));
#14613 = DIRECTION('',(-0.957826285221,-9.570607158983E-17,
    0.287347885566));
#14614 = ADVANCED_FACE('',(#14615),#14626,.F.);
#14615 = FACE_BOUND('',#14616,.F.);
#14616 = EDGE_LOOP('',(#14617,#14618,#14619,#14620));
#14617 = ORIENTED_EDGE('',*,*,#13411,.F.);
#14618 = ORIENTED_EDGE('',*,*,#14586,.T.);
#14619 = ORIENTED_EDGE('',*,*,#13561,.T.);
#14620 = ORIENTED_EDGE('',*,*,#14621,.F.);
#14621 = EDGE_CURVE('',#13403,#13553,#14622,.T.);
#14622 = LINE('',#14623,#14624);
#14623 = CARTESIAN_POINT('',(-0.15,-4.85,1.21));
#14624 = VECTOR('',#14625,1.);
#14625 = DIRECTION('',(0.,1.,3.330669073875E-16));
#14626 = PLANE('',#14627);
#14627 = AXIS2_PLACEMENT_3D('',#14628,#14629,#14630);
#14628 = CARTESIAN_POINT('',(-0.15,-4.85,-0.5));
#14629 = DIRECTION('',(1.,0.,0.));
#14630 = DIRECTION('',(0.,-5.551115123126E-16,1.));
#14631 = ADVANCED_FACE('',(#14632),#14643,.T.);
#14632 = FACE_BOUND('',#14633,.T.);
#14633 = EDGE_LOOP('',(#14634,#14635,#14636,#14637));
#14634 = ORIENTED_EDGE('',*,*,#13303,.F.);
#14635 = ORIENTED_EDGE('',*,*,#14603,.T.);
#14636 = ORIENTED_EDGE('',*,*,#13453,.T.);
#14637 = ORIENTED_EDGE('',*,*,#14638,.F.);
#14638 = EDGE_CURVE('',#13304,#13454,#14639,.T.);
#14639 = LINE('',#14640,#14641);
#14640 = CARTESIAN_POINT('',(-0.162230377286,-4.85,-2.459232075714));
#14641 = VECTOR('',#14642,1.);
#14642 = DIRECTION('',(0.,1.,3.330669073875E-16));
#14643 = PLANE('',#14644);
#14644 = AXIS2_PLACEMENT_3D('',#14645,#14646,#14647);
#14645 = CARTESIAN_POINT('',(-0.45,-4.85,-1.5));
#14646 = DIRECTION('',(-0.957826285221,9.570607158995E-17,
    -0.287347885566));
#14647 = DIRECTION('',(0.287347885566,5.31700397722E-16,-0.957826285221)
  );
#14648 = ADVANCED_FACE('',(#14649),#14655,.T.);
#14649 = FACE_BOUND('',#14650,.T.);
#14650 = EDGE_LOOP('',(#14651,#14652,#14653,#14654));
#14651 = ORIENTED_EDGE('',*,*,#13402,.T.);
#14652 = ORIENTED_EDGE('',*,*,#13585,.T.);
#14653 = ORIENTED_EDGE('',*,*,#13552,.F.);
#14654 = ORIENTED_EDGE('',*,*,#14621,.F.);
#14655 = CYLINDRICAL_SURFACE('',#14656,0.29);
#14656 = AXIS2_PLACEMENT_3D('',#14657,#14658,#14659);
#14657 = CARTESIAN_POINT('',(0.14,-4.85,1.21));
#14658 = DIRECTION('',(0.,1.,3.330669073875E-16));
#14659 = DIRECTION('',(-1.,0.,0.));
#14660 = ADVANCED_FACE('',(#14661),#14672,.F.);
#14661 = FACE_BOUND('',#14662,.F.);
#14662 = EDGE_LOOP('',(#14663,#14669,#14670,#14671));
#14663 = ORIENTED_EDGE('',*,*,#14664,.T.);
#14664 = EDGE_CURVE('',#13312,#13462,#14665,.T.);
#14665 = LINE('',#14666,#14667);
#14666 = CARTESIAN_POINT('',(-0.15,-4.85,-2.542562962528));
#14667 = VECTOR('',#14668,1.);
#14668 = DIRECTION('',(0.,1.,3.330669073875E-16));
#14669 = ORIENTED_EDGE('',*,*,#13461,.T.);
#14670 = ORIENTED_EDGE('',*,*,#14638,.F.);
#14671 = ORIENTED_EDGE('',*,*,#13311,.F.);
#14672 = CYLINDRICAL_SURFACE('',#14673,0.29);
#14673 = AXIS2_PLACEMENT_3D('',#14674,#14675,#14676);
#14674 = CARTESIAN_POINT('',(-0.44,-4.85,-2.542562962528));
#14675 = DIRECTION('',(0.,1.,3.330669073875E-16));
#14676 = DIRECTION('',(1.,0.,-0.));
#14677 = ADVANCED_FACE('',(#14678),#14689,.F.);
#14678 = FACE_BOUND('',#14679,.F.);
#14679 = EDGE_LOOP('',(#14680,#14681,#14687,#14688));
#14680 = ORIENTED_EDGE('',*,*,#13320,.F.);
#14681 = ORIENTED_EDGE('',*,*,#14682,.T.);
#14682 = EDGE_CURVE('',#13321,#13471,#14683,.T.);
#14683 = LINE('',#14684,#14685);
#14684 = CARTESIAN_POINT('',(-0.15,-4.85,-3.5));
#14685 = VECTOR('',#14686,1.);
#14686 = DIRECTION('',(0.,1.,3.330669073875E-16));
#14687 = ORIENTED_EDGE('',*,*,#13470,.T.);
#14688 = ORIENTED_EDGE('',*,*,#14664,.F.);
#14689 = PLANE('',#14690);
#14690 = AXIS2_PLACEMENT_3D('',#14691,#14692,#14693);
#14691 = CARTESIAN_POINT('',(-0.15,-4.85,-3.5));
#14692 = DIRECTION('',(1.,0.,0.));
#14693 = DIRECTION('',(0.,-5.551115123126E-16,1.));
#14694 = ADVANCED_FACE('',(#14695),#14706,.F.);
#14695 = FACE_BOUND('',#14696,.F.);
#14696 = EDGE_LOOP('',(#14697,#14703,#14704,#14705));
#14697 = ORIENTED_EDGE('',*,*,#14698,.T.);
#14698 = EDGE_CURVE('',#13329,#13479,#14699,.T.);
#14699 = LINE('',#14700,#14701);
#14700 = CARTESIAN_POINT('',(0.15,-4.85,-3.5));
#14701 = VECTOR('',#14702,1.);
#14702 = DIRECTION('',(0.,1.,3.330669073875E-16));
#14703 = ORIENTED_EDGE('',*,*,#13478,.T.);
#14704 = ORIENTED_EDGE('',*,*,#14682,.F.);
#14705 = ORIENTED_EDGE('',*,*,#13328,.F.);
#14706 = PLANE('',#14707);
#14707 = AXIS2_PLACEMENT_3D('',#14708,#14709,#14710);
#14708 = CARTESIAN_POINT('',(0.15,-4.85,-3.5));
#14709 = DIRECTION('',(0.,-3.330669073875E-16,1.));
#14710 = DIRECTION('',(-1.,0.,0.));
#14711 = ADVANCED_FACE('',(#14712),#14723,.F.);
#14712 = FACE_BOUND('',#14713,.F.);
#14713 = EDGE_LOOP('',(#14714,#14715,#14721,#14722));
#14714 = ORIENTED_EDGE('',*,*,#13336,.F.);
#14715 = ORIENTED_EDGE('',*,*,#14716,.T.);
#14716 = EDGE_CURVE('',#13337,#13487,#14717,.T.);
#14717 = LINE('',#14718,#14719);
#14718 = CARTESIAN_POINT('',(0.15,-4.85,-2.542562962528));
#14719 = VECTOR('',#14720,1.);
#14720 = DIRECTION('',(0.,1.,3.330669073875E-16));
#14721 = ORIENTED_EDGE('',*,*,#13486,.T.);
#14722 = ORIENTED_EDGE('',*,*,#14698,.F.);
#14723 = PLANE('',#14724);
#14724 = AXIS2_PLACEMENT_3D('',#14725,#14726,#14727);
#14725 = CARTESIAN_POINT('',(0.15,-4.85,-2.5));
#14726 = DIRECTION('',(-1.,0.,-0.));
#14727 = DIRECTION('',(0.,5.551115123126E-16,-1.));
#14728 = ADVANCED_FACE('',(#14729),#14740,.T.);
#14729 = FACE_BOUND('',#14730,.T.);
#14730 = EDGE_LOOP('',(#14731,#14732,#14738,#14739));
#14731 = ORIENTED_EDGE('',*,*,#13378,.T.);
#14732 = ORIENTED_EDGE('',*,*,#14733,.T.);
#14733 = EDGE_CURVE('',#13371,#13521,#14734,.T.);
#14734 = LINE('',#14735,#14736);
#14735 = CARTESIAN_POINT('',(0.137769622714,-4.85,-0.540767924286));
#14736 = VECTOR('',#14737,1.);
#14737 = DIRECTION('',(0.,1.,3.330669073875E-16));
#14738 = ORIENTED_EDGE('',*,*,#13528,.F.);
#14739 = ORIENTED_EDGE('',*,*,#14247,.F.);
#14740 = CYLINDRICAL_SURFACE('',#14741,0.29);
#14741 = AXIS2_PLACEMENT_3D('',#14742,#14743,#14744);
#14742 = CARTESIAN_POINT('',(-0.14,-4.85,-0.457437037472));
#14743 = DIRECTION('',(0.,1.,3.330669073875E-16));
#14744 = DIRECTION('',(1.,0.,-0.));
#14745 = ADVANCED_FACE('',(#14746),#14757,.T.);
#14746 = FACE_BOUND('',#14747,.T.);
#14747 = EDGE_LOOP('',(#14748,#14749,#14750,#14751));
#14748 = ORIENTED_EDGE('',*,*,#13344,.T.);
#14749 = ORIENTED_EDGE('',*,*,#14716,.T.);
#14750 = ORIENTED_EDGE('',*,*,#13494,.F.);
#14751 = ORIENTED_EDGE('',*,*,#14752,.F.);
#14752 = EDGE_CURVE('',#13345,#13495,#14753,.T.);
#14753 = LINE('',#14754,#14755);
#14754 = CARTESIAN_POINT('',(0.137769622714,-4.85,-2.459232075714));
#14755 = VECTOR('',#14756,1.);
#14756 = DIRECTION('',(0.,1.,3.330669073875E-16));
#14757 = CYLINDRICAL_SURFACE('',#14758,0.29);
#14758 = AXIS2_PLACEMENT_3D('',#14759,#14760,#14761);
#14759 = CARTESIAN_POINT('',(-0.14,-4.85,-2.542562962528));
#14760 = DIRECTION('',(0.,1.,3.330669073875E-16));
#14761 = DIRECTION('',(0.957826285221,-9.570607158983E-17,0.287347885566
    ));
#14762 = ADVANCED_FACE('',(#14763),#14774,.T.);
#14763 = FACE_BOUND('',#14764,.T.);
#14764 = EDGE_LOOP('',(#14765,#14766,#14772,#14773));
#14765 = ORIENTED_EDGE('',*,*,#13370,.F.);
#14766 = ORIENTED_EDGE('',*,*,#14767,.T.);
#14767 = EDGE_CURVE('',#13362,#13512,#14768,.T.);
#14768 = LINE('',#14769,#14770);
#14769 = CARTESIAN_POINT('',(-0.125000733956,-4.85,-1.416669113186));
#14770 = VECTOR('',#14771,1.);
#14771 = DIRECTION('',(0.,1.,3.330669073875E-16));
#14772 = ORIENTED_EDGE('',*,*,#13520,.T.);
#14773 = ORIENTED_EDGE('',*,*,#14733,.F.);
#14774 = PLANE('',#14775);
#14775 = AXIS2_PLACEMENT_3D('',#14776,#14777,#14778);
#14776 = CARTESIAN_POINT('',(-0.15,-4.85,-1.5));
#14777 = DIRECTION('',(0.957826285221,9.570607158995E-17,-0.287347885566
    ));
#14778 = DIRECTION('',(0.287347885566,-5.31700397722E-16,0.957826285221)
  );
#14779 = ADVANCED_FACE('',(#14780),#14791,.T.);
#14780 = FACE_BOUND('',#14781,.T.);
#14781 = EDGE_LOOP('',(#14782,#14783,#14784,#14785));
#14782 = ORIENTED_EDGE('',*,*,#13353,.F.);
#14783 = ORIENTED_EDGE('',*,*,#14752,.T.);
#14784 = ORIENTED_EDGE('',*,*,#13503,.T.);
#14785 = ORIENTED_EDGE('',*,*,#14786,.F.);
#14786 = EDGE_CURVE('',#13354,#13504,#14787,.T.);
#14787 = LINE('',#14788,#14789);
#14788 = CARTESIAN_POINT('',(-0.125000733956,-4.85,-1.583330886814));
#14789 = VECTOR('',#14790,1.);
#14790 = DIRECTION('',(0.,1.,3.330669073875E-16));
#14791 = PLANE('',#14792);
#14792 = AXIS2_PLACEMENT_3D('',#14793,#14794,#14795);
#14793 = CARTESIAN_POINT('',(0.15,-4.85,-2.5));
#14794 = DIRECTION('',(0.957826285221,-9.570607158995E-17,0.287347885566
    ));
#14795 = DIRECTION('',(-0.287347885566,-5.31700397722E-16,0.957826285221
    ));
#14796 = ADVANCED_FACE('',(#14797),#14803,.F.);
#14797 = FACE_BOUND('',#14798,.F.);
#14798 = EDGE_LOOP('',(#14799,#14800,#14801,#14802));
#14799 = ORIENTED_EDGE('',*,*,#14767,.T.);
#14800 = ORIENTED_EDGE('',*,*,#13511,.T.);
#14801 = ORIENTED_EDGE('',*,*,#14786,.F.);
#14802 = ORIENTED_EDGE('',*,*,#13361,.F.);
#14803 = CYLINDRICAL_SURFACE('',#14804,0.29);
#14804 = AXIS2_PLACEMENT_3D('',#14805,#14806,#14807);
#14805 = CARTESIAN_POINT('',(0.152768888758,-4.85,-1.5));
#14806 = DIRECTION('',(0.,1.,3.330669073875E-16));
#14807 = DIRECTION('',(-0.957826285221,-9.570607158983E-17,
    0.287347885566));
#14808 = ADVANCED_FACE('',(#14809),#14825,.F.);
#14809 = FACE_BOUND('',#14810,.F.);
#14810 = EDGE_LOOP('',(#14811,#14812,#14818,#14819));
#14811 = ORIENTED_EDGE('',*,*,#13601,.F.);
#14812 = ORIENTED_EDGE('',*,*,#14813,.T.);
#14813 = EDGE_CURVE('',#13602,#13776,#14814,.T.);
#14814 = LINE('',#14815,#14816);
#14815 = CARTESIAN_POINT('',(6.462230377286,-4.85,-0.540767924286));
#14816 = VECTOR('',#14817,1.);
#14817 = DIRECTION('',(0.,1.,3.330669073875E-16));
#14818 = ORIENTED_EDGE('',*,*,#13775,.T.);
#14819 = ORIENTED_EDGE('',*,*,#14820,.F.);
#14820 = EDGE_CURVE('',#13604,#13778,#14821,.T.);
#14821 = LINE('',#14822,#14823);
#14822 = CARTESIAN_POINT('',(6.725000733956,-4.85,-1.416669113186));
#14823 = VECTOR('',#14824,1.);
#14824 = DIRECTION('',(0.,1.,3.330669073875E-16));
#14825 = PLANE('',#14826);
#14826 = AXIS2_PLACEMENT_3D('',#14827,#14828,#14829);
#14827 = CARTESIAN_POINT('',(6.45,-4.85,-0.5));
#14828 = DIRECTION('',(-0.957826285221,9.570607158995E-17,
    -0.287347885566));
#14829 = DIRECTION('',(0.287347885566,5.31700397722E-16,-0.957826285221)
  );
#14830 = ADVANCED_FACE('',(#14831),#14842,.F.);
#14831 = FACE_BOUND('',#14832,.F.);
#14832 = EDGE_LOOP('',(#14833,#14834,#14840,#14841));
#14833 = ORIENTED_EDGE('',*,*,#13736,.T.);
#14834 = ORIENTED_EDGE('',*,*,#14835,.T.);
#14835 = EDGE_CURVE('',#13729,#13896,#14836,.T.);
#14836 = LINE('',#14837,#14838);
#14837 = CARTESIAN_POINT('',(6.45,-4.85,-0.457437037472));
#14838 = VECTOR('',#14839,1.);
#14839 = DIRECTION('',(0.,1.,3.330669073875E-16));
#14840 = ORIENTED_EDGE('',*,*,#13903,.F.);
#14841 = ORIENTED_EDGE('',*,*,#14813,.F.);
#14842 = CYLINDRICAL_SURFACE('',#14843,0.29);
#14843 = AXIS2_PLACEMENT_3D('',#14844,#14845,#14846);
#14844 = CARTESIAN_POINT('',(6.74,-4.85,-0.457437037472));
#14845 = DIRECTION('',(0.,1.,3.330669073875E-16));
#14846 = DIRECTION('',(-0.957826285221,9.570607158983E-17,
    -0.287347885566));
#14847 = ADVANCED_FACE('',(#14848),#14859,.T.);
#14848 = FACE_BOUND('',#14849,.T.);
#14849 = EDGE_LOOP('',(#14850,#14851,#14857,#14858));
#14850 = ORIENTED_EDGE('',*,*,#13611,.T.);
#14851 = ORIENTED_EDGE('',*,*,#14852,.T.);
#14852 = EDGE_CURVE('',#13612,#13786,#14853,.T.);
#14853 = LINE('',#14854,#14855);
#14854 = CARTESIAN_POINT('',(6.725000733956,-4.85,-1.583330886814));
#14855 = VECTOR('',#14856,1.);
#14856 = DIRECTION('',(0.,1.,3.330669073875E-16));
#14857 = ORIENTED_EDGE('',*,*,#13785,.F.);
#14858 = ORIENTED_EDGE('',*,*,#14820,.F.);
#14859 = CYLINDRICAL_SURFACE('',#14860,0.29);
#14860 = AXIS2_PLACEMENT_3D('',#14861,#14862,#14863);
#14861 = CARTESIAN_POINT('',(6.447231111242,-4.85,-1.5));
#14862 = DIRECTION('',(0.,1.,3.330669073875E-16));
#14863 = DIRECTION('',(0.957826285221,-9.570607158983E-17,0.287347885566
    ));
#14864 = ADVANCED_FACE('',(#14865),#14876,.T.);
#14865 = FACE_BOUND('',#14866,.T.);
#14866 = EDGE_LOOP('',(#14867,#14868,#14869,#14870));
#14867 = ORIENTED_EDGE('',*,*,#13728,.F.);
#14868 = ORIENTED_EDGE('',*,*,#14835,.T.);
#14869 = ORIENTED_EDGE('',*,*,#13895,.T.);
#14870 = ORIENTED_EDGE('',*,*,#14871,.F.);
#14871 = EDGE_CURVE('',#13720,#13887,#14872,.T.);
#14872 = LINE('',#14873,#14874);
#14873 = CARTESIAN_POINT('',(6.45,-4.85,1.21));
#14874 = VECTOR('',#14875,1.);
#14875 = DIRECTION('',(0.,1.,3.330669073875E-16));
#14876 = PLANE('',#14877);
#14877 = AXIS2_PLACEMENT_3D('',#14878,#14879,#14880);
#14878 = CARTESIAN_POINT('',(6.45,-4.85,-0.5));
#14879 = DIRECTION('',(1.,0.,0.));
#14880 = DIRECTION('',(0.,-5.551115123126E-16,1.));
#14881 = ADVANCED_FACE('',(#14882),#14893,.F.);
#14882 = FACE_BOUND('',#14883,.F.);
#14883 = EDGE_LOOP('',(#14884,#14885,#14886,#14887));
#14884 = ORIENTED_EDGE('',*,*,#13620,.F.);
#14885 = ORIENTED_EDGE('',*,*,#14852,.T.);
#14886 = ORIENTED_EDGE('',*,*,#13794,.T.);
#14887 = ORIENTED_EDGE('',*,*,#14888,.F.);
#14888 = EDGE_CURVE('',#13621,#13795,#14889,.T.);
#14889 = LINE('',#14890,#14891);
#14890 = CARTESIAN_POINT('',(6.462230377286,-4.85,-2.459232075714));
#14891 = VECTOR('',#14892,1.);
#14892 = DIRECTION('',(0.,1.,3.330669073875E-16));
#14893 = PLANE('',#14894);
#14894 = AXIS2_PLACEMENT_3D('',#14895,#14896,#14897);
#14895 = CARTESIAN_POINT('',(6.75,-4.85,-1.5));
#14896 = DIRECTION('',(-0.957826285221,-9.570607158995E-17,
    0.287347885566));
#14897 = DIRECTION('',(-0.287347885566,5.31700397722E-16,-0.957826285221
    ));
#14898 = ADVANCED_FACE('',(#14899),#14905,.T.);
#14899 = FACE_BOUND('',#14900,.T.);
#14900 = EDGE_LOOP('',(#14901,#14902,#14903,#14904));
#14901 = ORIENTED_EDGE('',*,*,#14871,.T.);
#14902 = ORIENTED_EDGE('',*,*,#13886,.T.);
#14903 = ORIENTED_EDGE('',*,*,#13752,.F.);
#14904 = ORIENTED_EDGE('',*,*,#13719,.F.);
#14905 = CYLINDRICAL_SURFACE('',#14906,0.29);
#14906 = AXIS2_PLACEMENT_3D('',#14907,#14908,#14909);
#14907 = CARTESIAN_POINT('',(6.16,-4.85,1.21));
#14908 = DIRECTION('',(0.,1.,3.330669073875E-16));
#14909 = DIRECTION('',(1.,0.,-0.));
#14910 = ADVANCED_FACE('',(#14911),#14922,.F.);
#14911 = FACE_BOUND('',#14912,.F.);
#14912 = EDGE_LOOP('',(#14913,#14914,#14915,#14916));
#14913 = ORIENTED_EDGE('',*,*,#13628,.T.);
#14914 = ORIENTED_EDGE('',*,*,#14888,.T.);
#14915 = ORIENTED_EDGE('',*,*,#13802,.F.);
#14916 = ORIENTED_EDGE('',*,*,#14917,.F.);
#14917 = EDGE_CURVE('',#13629,#13803,#14918,.T.);
#14918 = LINE('',#14919,#14920);
#14919 = CARTESIAN_POINT('',(6.45,-4.85,-2.542562962528));
#14920 = VECTOR('',#14921,1.);
#14921 = DIRECTION('',(0.,1.,3.330669073875E-16));
#14922 = CYLINDRICAL_SURFACE('',#14923,0.29);
#14923 = AXIS2_PLACEMENT_3D('',#14924,#14925,#14926);
#14924 = CARTESIAN_POINT('',(6.74,-4.85,-2.542562962528));
#14925 = DIRECTION('',(0.,1.,3.330669073875E-16));
#14926 = DIRECTION('',(-1.,0.,0.));
#14927 = ADVANCED_FACE('',(#14928),#14939,.T.);
#14928 = FACE_BOUND('',#14929,.T.);
#14929 = EDGE_LOOP('',(#14930,#14931,#14937,#14938));
#14930 = ORIENTED_EDGE('',*,*,#13637,.F.);
#14931 = ORIENTED_EDGE('',*,*,#14932,.T.);
#14932 = EDGE_CURVE('',#13638,#13812,#14933,.T.);
#14933 = LINE('',#14934,#14935);
#14934 = CARTESIAN_POINT('',(6.45,-4.85,-3.5));
#14935 = VECTOR('',#14936,1.);
#14936 = DIRECTION('',(0.,1.,3.330669073875E-16));
#14937 = ORIENTED_EDGE('',*,*,#13811,.T.);
#14938 = ORIENTED_EDGE('',*,*,#14917,.F.);
#14939 = PLANE('',#14940);
#14940 = AXIS2_PLACEMENT_3D('',#14941,#14942,#14943);
#14941 = CARTESIAN_POINT('',(6.45,-4.85,-3.5));
#14942 = DIRECTION('',(1.,0.,0.));
#14943 = DIRECTION('',(0.,-5.551115123126E-16,1.));
#14944 = ADVANCED_FACE('',(#14945),#14956,.T.);
#14945 = FACE_BOUND('',#14946,.T.);
#14946 = EDGE_LOOP('',(#14947,#14953,#14954,#14955));
#14947 = ORIENTED_EDGE('',*,*,#14948,.T.);
#14948 = EDGE_CURVE('',#13646,#13820,#14949,.T.);
#14949 = LINE('',#14950,#14951);
#14950 = CARTESIAN_POINT('',(6.15,-4.85,-3.5));
#14951 = VECTOR('',#14952,1.);
#14952 = DIRECTION('',(0.,1.,3.330669073875E-16));
#14953 = ORIENTED_EDGE('',*,*,#13819,.T.);
#14954 = ORIENTED_EDGE('',*,*,#14932,.F.);
#14955 = ORIENTED_EDGE('',*,*,#13645,.F.);
#14956 = PLANE('',#14957);
#14957 = AXIS2_PLACEMENT_3D('',#14958,#14959,#14960);
#14958 = CARTESIAN_POINT('',(6.15,-4.85,-3.5));
#14959 = DIRECTION('',(0.,3.330669073875E-16,-1.));
#14960 = DIRECTION('',(1.,0.,0.));
#14961 = ADVANCED_FACE('',(#14962),#14973,.T.);
#14962 = FACE_BOUND('',#14963,.T.);
#14963 = EDGE_LOOP('',(#14964,#14965,#14971,#14972));
#14964 = ORIENTED_EDGE('',*,*,#13653,.F.);
#14965 = ORIENTED_EDGE('',*,*,#14966,.T.);
#14966 = EDGE_CURVE('',#13654,#13828,#14967,.T.);
#14967 = LINE('',#14968,#14969);
#14968 = CARTESIAN_POINT('',(6.15,-4.85,-2.542562962528));
#14969 = VECTOR('',#14970,1.);
#14970 = DIRECTION('',(0.,1.,3.330669073875E-16));
#14971 = ORIENTED_EDGE('',*,*,#13827,.T.);
#14972 = ORIENTED_EDGE('',*,*,#14948,.F.);
#14973 = PLANE('',#14974);
#14974 = AXIS2_PLACEMENT_3D('',#14975,#14976,#14977);
#14975 = CARTESIAN_POINT('',(6.15,-4.85,-2.5));
#14976 = DIRECTION('',(-1.,0.,-0.));
#14977 = DIRECTION('',(0.,5.551115123126E-16,-1.));
#14978 = ADVANCED_FACE('',(#14979),#14990,.T.);
#14979 = FACE_BOUND('',#14980,.T.);
#14980 = EDGE_LOOP('',(#14981,#14982,#14983,#14989));
#14981 = ORIENTED_EDGE('',*,*,#14264,.T.);
#14982 = ORIENTED_EDGE('',*,*,#13869,.T.);
#14983 = ORIENTED_EDGE('',*,*,#14984,.F.);
#14984 = EDGE_CURVE('',#13688,#13862,#14985,.T.);
#14985 = LINE('',#14986,#14987);
#14986 = CARTESIAN_POINT('',(6.162230377286,-4.85,-0.540767924286));
#14987 = VECTOR('',#14988,1.);
#14988 = DIRECTION('',(0.,1.,3.330669073875E-16));
#14989 = ORIENTED_EDGE('',*,*,#13695,.F.);
#14990 = CYLINDRICAL_SURFACE('',#14991,0.29);
#14991 = AXIS2_PLACEMENT_3D('',#14992,#14993,#14994);
#14992 = CARTESIAN_POINT('',(6.44,-4.85,-0.457437037472));
#14993 = DIRECTION('',(0.,1.,3.330669073875E-16));
#14994 = DIRECTION('',(-1.,0.,0.));
#14995 = ADVANCED_FACE('',(#14996),#15007,.T.);
#14996 = FACE_BOUND('',#14997,.T.);
#14997 = EDGE_LOOP('',(#14998,#15004,#15005,#15006));
#14998 = ORIENTED_EDGE('',*,*,#14999,.T.);
#14999 = EDGE_CURVE('',#13662,#13836,#15000,.T.);
#15000 = LINE('',#15001,#15002);
#15001 = CARTESIAN_POINT('',(6.162230377286,-4.85,-2.459232075714));
#15002 = VECTOR('',#15003,1.);
#15003 = DIRECTION('',(0.,1.,3.330669073875E-16));
#15004 = ORIENTED_EDGE('',*,*,#13835,.T.);
#15005 = ORIENTED_EDGE('',*,*,#14966,.F.);
#15006 = ORIENTED_EDGE('',*,*,#13661,.F.);
#15007 = CYLINDRICAL_SURFACE('',#15008,0.29);
#15008 = AXIS2_PLACEMENT_3D('',#15009,#15010,#15011);
#15009 = CARTESIAN_POINT('',(6.44,-4.85,-2.542562962528));
#15010 = DIRECTION('',(0.,1.,3.330669073875E-16));
#15011 = DIRECTION('',(-0.957826285221,-9.570607158983E-17,
    0.287347885566));
#15012 = ADVANCED_FACE('',(#15013),#15024,.F.);
#15013 = FACE_BOUND('',#15014,.F.);
#15014 = EDGE_LOOP('',(#15015,#15016,#15022,#15023));
#15015 = ORIENTED_EDGE('',*,*,#13687,.F.);
#15016 = ORIENTED_EDGE('',*,*,#15017,.T.);
#15017 = EDGE_CURVE('',#13679,#13853,#15018,.T.);
#15018 = LINE('',#15019,#15020);
#15019 = CARTESIAN_POINT('',(6.425000733956,-4.85,-1.416669113186));
#15020 = VECTOR('',#15021,1.);
#15021 = DIRECTION('',(0.,1.,3.330669073875E-16));
#15022 = ORIENTED_EDGE('',*,*,#13861,.T.);
#15023 = ORIENTED_EDGE('',*,*,#14984,.F.);
#15024 = PLANE('',#15025);
#15025 = AXIS2_PLACEMENT_3D('',#15026,#15027,#15028);
#15026 = CARTESIAN_POINT('',(6.45,-4.85,-1.5));
#15027 = DIRECTION('',(0.957826285221,-9.570607158995E-17,0.287347885566
    ));
#15028 = DIRECTION('',(-0.287347885566,-5.31700397722E-16,0.957826285221
    ));
#15029 = ADVANCED_FACE('',(#15030),#15041,.F.);
#15030 = FACE_BOUND('',#15031,.F.);
#15031 = EDGE_LOOP('',(#15032,#15033,#15034,#15035));
#15032 = ORIENTED_EDGE('',*,*,#13670,.F.);
#15033 = ORIENTED_EDGE('',*,*,#14999,.T.);
#15034 = ORIENTED_EDGE('',*,*,#13844,.T.);
#15035 = ORIENTED_EDGE('',*,*,#15036,.F.);
#15036 = EDGE_CURVE('',#13671,#13845,#15037,.T.);
#15037 = LINE('',#15038,#15039);
#15038 = CARTESIAN_POINT('',(6.425000733956,-4.85,-1.583330886814));
#15039 = VECTOR('',#15040,1.);
#15040 = DIRECTION('',(0.,1.,3.330669073875E-16));
#15041 = PLANE('',#15042);
#15042 = AXIS2_PLACEMENT_3D('',#15043,#15044,#15045);
#15043 = CARTESIAN_POINT('',(6.15,-4.85,-2.5));
#15044 = DIRECTION('',(0.957826285221,9.570607158995E-17,-0.287347885566
    ));
#15045 = DIRECTION('',(0.287347885566,-5.31700397722E-16,0.957826285221)
  );
#15046 = ADVANCED_FACE('',(#15047),#15053,.F.);
#15047 = FACE_BOUND('',#15048,.F.);
#15048 = EDGE_LOOP('',(#15049,#15050,#15051,#15052));
#15049 = ORIENTED_EDGE('',*,*,#13678,.T.);
#15050 = ORIENTED_EDGE('',*,*,#15036,.T.);
#15051 = ORIENTED_EDGE('',*,*,#13852,.F.);
#15052 = ORIENTED_EDGE('',*,*,#15017,.F.);
#15053 = CYLINDRICAL_SURFACE('',#15054,0.29);
#15054 = AXIS2_PLACEMENT_3D('',#15055,#15056,#15057);
#15055 = CARTESIAN_POINT('',(6.147231111242,-4.85,-1.5));
#15056 = DIRECTION('',(0.,1.,3.330669073875E-16));
#15057 = DIRECTION('',(0.957826285221,-9.570607158983E-17,0.287347885566
    ));
#15058 = ADVANCED_FACE('',(#15059),#15075,.F.);
#15059 = FACE_BOUND('',#15060,.F.);
#15060 = EDGE_LOOP('',(#15061,#15062,#15068,#15069));
#15061 = ORIENTED_EDGE('',*,*,#14068,.F.);
#15062 = ORIENTED_EDGE('',*,*,#15063,.T.);
#15063 = EDGE_CURVE('',#14069,#13919,#15064,.T.);
#15064 = LINE('',#15065,#15066);
#15065 = CARTESIAN_POINT('',(6.462230377286,-0.35,-0.540767924286));
#15066 = VECTOR('',#15067,1.);
#15067 = DIRECTION('',(0.,1.,3.330669073875E-16));
#15068 = ORIENTED_EDGE('',*,*,#13918,.T.);
#15069 = ORIENTED_EDGE('',*,*,#15070,.F.);
#15070 = EDGE_CURVE('',#14071,#13921,#15071,.T.);
#15071 = LINE('',#15072,#15073);
#15072 = CARTESIAN_POINT('',(6.725000733956,-0.35,-1.416669113186));
#15073 = VECTOR('',#15074,1.);
#15074 = DIRECTION('',(0.,1.,3.330669073875E-16));
#15075 = PLANE('',#15076);
#15076 = AXIS2_PLACEMENT_3D('',#15077,#15078,#15079);
#15077 = CARTESIAN_POINT('',(6.45,-0.35,-0.5));
#15078 = DIRECTION('',(-0.957826285221,9.570607158995E-17,
    -0.287347885566));
#15079 = DIRECTION('',(0.287347885566,5.31700397722E-16,-0.957826285221)
  );
#15080 = ADVANCED_FACE('',(#15081),#15092,.F.);
#15081 = FACE_BOUND('',#15082,.F.);
#15082 = EDGE_LOOP('',(#15083,#15084,#15090,#15091));
#15083 = ORIENTED_EDGE('',*,*,#14203,.T.);
#15084 = ORIENTED_EDGE('',*,*,#15085,.T.);
#15085 = EDGE_CURVE('',#14196,#14046,#15086,.T.);
#15086 = LINE('',#15087,#15088);
#15087 = CARTESIAN_POINT('',(6.45,-0.35,-0.457437037472));
#15088 = VECTOR('',#15089,1.);
#15089 = DIRECTION('',(0.,1.,3.330669073875E-16));
#15090 = ORIENTED_EDGE('',*,*,#14053,.F.);
#15091 = ORIENTED_EDGE('',*,*,#15063,.F.);
#15092 = CYLINDRICAL_SURFACE('',#15093,0.29);
#15093 = AXIS2_PLACEMENT_3D('',#15094,#15095,#15096);
#15094 = CARTESIAN_POINT('',(6.74,-0.35,-0.457437037472));
#15095 = DIRECTION('',(0.,1.,3.330669073875E-16));
#15096 = DIRECTION('',(-0.957826285221,9.570607158983E-17,
    -0.287347885566));
#15097 = ADVANCED_FACE('',(#15098),#15109,.T.);
#15098 = FACE_BOUND('',#15099,.T.);
#15099 = EDGE_LOOP('',(#15100,#15101,#15107,#15108));
#15100 = ORIENTED_EDGE('',*,*,#14078,.T.);
#15101 = ORIENTED_EDGE('',*,*,#15102,.T.);
#15102 = EDGE_CURVE('',#14079,#13929,#15103,.T.);
#15103 = LINE('',#15104,#15105);
#15104 = CARTESIAN_POINT('',(6.725000733956,-0.35,-1.583330886814));
#15105 = VECTOR('',#15106,1.);
#15106 = DIRECTION('',(0.,1.,3.330669073875E-16));
#15107 = ORIENTED_EDGE('',*,*,#13928,.F.);
#15108 = ORIENTED_EDGE('',*,*,#15070,.F.);
#15109 = CYLINDRICAL_SURFACE('',#15110,0.29);
#15110 = AXIS2_PLACEMENT_3D('',#15111,#15112,#15113);
#15111 = CARTESIAN_POINT('',(6.447231111242,-0.35,-1.5));
#15112 = DIRECTION('',(0.,1.,3.330669073875E-16));
#15113 = DIRECTION('',(0.957826285221,-9.570607158983E-17,0.287347885566
    ));
#15114 = ADVANCED_FACE('',(#15115),#15126,.T.);
#15115 = FACE_BOUND('',#15116,.T.);
#15116 = EDGE_LOOP('',(#15117,#15118,#15119,#15120));
#15117 = ORIENTED_EDGE('',*,*,#14195,.F.);
#15118 = ORIENTED_EDGE('',*,*,#15085,.T.);
#15119 = ORIENTED_EDGE('',*,*,#14045,.T.);
#15120 = ORIENTED_EDGE('',*,*,#15121,.F.);
#15121 = EDGE_CURVE('',#14187,#14037,#15122,.T.);
#15122 = LINE('',#15123,#15124);
#15123 = CARTESIAN_POINT('',(6.45,-0.35,1.21));
#15124 = VECTOR('',#15125,1.);
#15125 = DIRECTION('',(0.,1.,3.330669073875E-16));
#15126 = PLANE('',#15127);
#15127 = AXIS2_PLACEMENT_3D('',#15128,#15129,#15130);
#15128 = CARTESIAN_POINT('',(6.45,-0.35,-0.5));
#15129 = DIRECTION('',(1.,0.,0.));
#15130 = DIRECTION('',(0.,-5.551115123126E-16,1.));
#15131 = ADVANCED_FACE('',(#15132),#15143,.F.);
#15132 = FACE_BOUND('',#15133,.F.);
#15133 = EDGE_LOOP('',(#15134,#15135,#15136,#15137));
#15134 = ORIENTED_EDGE('',*,*,#14087,.F.);
#15135 = ORIENTED_EDGE('',*,*,#15102,.T.);
#15136 = ORIENTED_EDGE('',*,*,#13937,.T.);
#15137 = ORIENTED_EDGE('',*,*,#15138,.F.);
#15138 = EDGE_CURVE('',#14088,#13938,#15139,.T.);
#15139 = LINE('',#15140,#15141);
#15140 = CARTESIAN_POINT('',(6.462230377286,-0.35,-2.459232075714));
#15141 = VECTOR('',#15142,1.);
#15142 = DIRECTION('',(0.,1.,3.330669073875E-16));
#15143 = PLANE('',#15144);
#15144 = AXIS2_PLACEMENT_3D('',#15145,#15146,#15147);
#15145 = CARTESIAN_POINT('',(6.75,-0.35,-1.5));
#15146 = DIRECTION('',(-0.957826285221,-9.570607158995E-17,
    0.287347885566));
#15147 = DIRECTION('',(-0.287347885566,5.31700397722E-16,-0.957826285221
    ));
#15148 = ADVANCED_FACE('',(#15149),#15155,.T.);
#15149 = FACE_BOUND('',#15150,.T.);
#15150 = EDGE_LOOP('',(#15151,#15152,#15153,#15154));
#15151 = ORIENTED_EDGE('',*,*,#15121,.T.);
#15152 = ORIENTED_EDGE('',*,*,#14036,.T.);
#15153 = ORIENTED_EDGE('',*,*,#14219,.F.);
#15154 = ORIENTED_EDGE('',*,*,#14186,.F.);
#15155 = CYLINDRICAL_SURFACE('',#15156,0.29);
#15156 = AXIS2_PLACEMENT_3D('',#15157,#15158,#15159);
#15157 = CARTESIAN_POINT('',(6.16,-0.35,1.21));
#15158 = DIRECTION('',(0.,1.,3.330669073875E-16));
#15159 = DIRECTION('',(1.,0.,-0.));
#15160 = ADVANCED_FACE('',(#15161),#15172,.F.);
#15161 = FACE_BOUND('',#15162,.F.);
#15162 = EDGE_LOOP('',(#15163,#15164,#15165,#15166));
#15163 = ORIENTED_EDGE('',*,*,#14095,.T.);
#15164 = ORIENTED_EDGE('',*,*,#15138,.T.);
#15165 = ORIENTED_EDGE('',*,*,#13945,.F.);
#15166 = ORIENTED_EDGE('',*,*,#15167,.F.);
#15167 = EDGE_CURVE('',#14096,#13946,#15168,.T.);
#15168 = LINE('',#15169,#15170);
#15169 = CARTESIAN_POINT('',(6.45,-0.35,-2.542562962528));
#15170 = VECTOR('',#15171,1.);
#15171 = DIRECTION('',(0.,1.,3.330669073875E-16));
#15172 = CYLINDRICAL_SURFACE('',#15173,0.29);
#15173 = AXIS2_PLACEMENT_3D('',#15174,#15175,#15176);
#15174 = CARTESIAN_POINT('',(6.74,-0.35,-2.542562962528));
#15175 = DIRECTION('',(0.,1.,3.330669073875E-16));
#15176 = DIRECTION('',(-1.,0.,0.));
#15177 = ADVANCED_FACE('',(#15178),#15189,.T.);
#15178 = FACE_BOUND('',#15179,.T.);
#15179 = EDGE_LOOP('',(#15180,#15181,#15187,#15188));
#15180 = ORIENTED_EDGE('',*,*,#14104,.F.);
#15181 = ORIENTED_EDGE('',*,*,#15182,.T.);
#15182 = EDGE_CURVE('',#14105,#13955,#15183,.T.);
#15183 = LINE('',#15184,#15185);
#15184 = CARTESIAN_POINT('',(6.45,-0.35,-3.5));
#15185 = VECTOR('',#15186,1.);
#15186 = DIRECTION('',(0.,1.,3.330669073875E-16));
#15187 = ORIENTED_EDGE('',*,*,#13954,.T.);
#15188 = ORIENTED_EDGE('',*,*,#15167,.F.);
#15189 = PLANE('',#15190);
#15190 = AXIS2_PLACEMENT_3D('',#15191,#15192,#15193);
#15191 = CARTESIAN_POINT('',(6.45,-0.35,-3.5));
#15192 = DIRECTION('',(1.,0.,0.));
#15193 = DIRECTION('',(0.,-5.551115123126E-16,1.));
#15194 = ADVANCED_FACE('',(#15195),#15206,.T.);
#15195 = FACE_BOUND('',#15196,.T.);
#15196 = EDGE_LOOP('',(#15197,#15203,#15204,#15205));
#15197 = ORIENTED_EDGE('',*,*,#15198,.T.);
#15198 = EDGE_CURVE('',#14113,#13963,#15199,.T.);
#15199 = LINE('',#15200,#15201);
#15200 = CARTESIAN_POINT('',(6.15,-0.35,-3.5));
#15201 = VECTOR('',#15202,1.);
#15202 = DIRECTION('',(0.,1.,3.330669073875E-16));
#15203 = ORIENTED_EDGE('',*,*,#13962,.T.);
#15204 = ORIENTED_EDGE('',*,*,#15182,.F.);
#15205 = ORIENTED_EDGE('',*,*,#14112,.F.);
#15206 = PLANE('',#15207);
#15207 = AXIS2_PLACEMENT_3D('',#15208,#15209,#15210);
#15208 = CARTESIAN_POINT('',(6.15,-0.35,-3.5));
#15209 = DIRECTION('',(0.,3.330669073875E-16,-1.));
#15210 = DIRECTION('',(1.,0.,0.));
#15211 = ADVANCED_FACE('',(#15212),#15223,.T.);
#15212 = FACE_BOUND('',#15213,.T.);
#15213 = EDGE_LOOP('',(#15214,#15215,#15221,#15222));
#15214 = ORIENTED_EDGE('',*,*,#14120,.F.);
#15215 = ORIENTED_EDGE('',*,*,#15216,.T.);
#15216 = EDGE_CURVE('',#14121,#13971,#15217,.T.);
#15217 = LINE('',#15218,#15219);
#15218 = CARTESIAN_POINT('',(6.15,-0.35,-2.542562962528));
#15219 = VECTOR('',#15220,1.);
#15220 = DIRECTION('',(0.,1.,3.330669073875E-16));
#15221 = ORIENTED_EDGE('',*,*,#13970,.T.);
#15222 = ORIENTED_EDGE('',*,*,#15198,.F.);
#15223 = PLANE('',#15224);
#15224 = AXIS2_PLACEMENT_3D('',#15225,#15226,#15227);
#15225 = CARTESIAN_POINT('',(6.15,-0.35,-2.5));
#15226 = DIRECTION('',(-1.,0.,-0.));
#15227 = DIRECTION('',(0.,5.551115123126E-16,-1.));
#15228 = ADVANCED_FACE('',(#15229),#15240,.T.);
#15229 = FACE_BOUND('',#15230,.T.);
#15230 = EDGE_LOOP('',(#15231,#15232,#15233,#15239));
#15231 = ORIENTED_EDGE('',*,*,#14298,.T.);
#15232 = ORIENTED_EDGE('',*,*,#14012,.T.);
#15233 = ORIENTED_EDGE('',*,*,#15234,.F.);
#15234 = EDGE_CURVE('',#14155,#14005,#15235,.T.);
#15235 = LINE('',#15236,#15237);
#15236 = CARTESIAN_POINT('',(6.162230377286,-0.35,-0.540767924286));
#15237 = VECTOR('',#15238,1.);
#15238 = DIRECTION('',(0.,1.,3.330669073875E-16));
#15239 = ORIENTED_EDGE('',*,*,#14162,.F.);
#15240 = CYLINDRICAL_SURFACE('',#15241,0.29);
#15241 = AXIS2_PLACEMENT_3D('',#15242,#15243,#15244);
#15242 = CARTESIAN_POINT('',(6.44,-0.35,-0.457437037472));
#15243 = DIRECTION('',(0.,1.,3.330669073875E-16));
#15244 = DIRECTION('',(-1.,0.,0.));
#15245 = ADVANCED_FACE('',(#15246),#15257,.T.);
#15246 = FACE_BOUND('',#15247,.T.);
#15247 = EDGE_LOOP('',(#15248,#15254,#15255,#15256));
#15248 = ORIENTED_EDGE('',*,*,#15249,.T.);
#15249 = EDGE_CURVE('',#14129,#13979,#15250,.T.);
#15250 = LINE('',#15251,#15252);
#15251 = CARTESIAN_POINT('',(6.162230377286,-0.35,-2.459232075714));
#15252 = VECTOR('',#15253,1.);
#15253 = DIRECTION('',(0.,1.,3.330669073875E-16));
#15254 = ORIENTED_EDGE('',*,*,#13978,.T.);
#15255 = ORIENTED_EDGE('',*,*,#15216,.F.);
#15256 = ORIENTED_EDGE('',*,*,#14128,.F.);
#15257 = CYLINDRICAL_SURFACE('',#15258,0.29);
#15258 = AXIS2_PLACEMENT_3D('',#15259,#15260,#15261);
#15259 = CARTESIAN_POINT('',(6.44,-0.35,-2.542562962528));
#15260 = DIRECTION('',(0.,1.,3.330669073875E-16));
#15261 = DIRECTION('',(-0.957826285221,-9.570607158983E-17,
    0.287347885566));
#15262 = ADVANCED_FACE('',(#15263),#15274,.F.);
#15263 = FACE_BOUND('',#15264,.F.);
#15264 = EDGE_LOOP('',(#15265,#15266,#15272,#15273));
#15265 = ORIENTED_EDGE('',*,*,#14154,.F.);
#15266 = ORIENTED_EDGE('',*,*,#15267,.T.);
#15267 = EDGE_CURVE('',#14146,#13996,#15268,.T.);
#15268 = LINE('',#15269,#15270);
#15269 = CARTESIAN_POINT('',(6.425000733956,-0.35,-1.416669113186));
#15270 = VECTOR('',#15271,1.);
#15271 = DIRECTION('',(0.,1.,3.330669073875E-16));
#15272 = ORIENTED_EDGE('',*,*,#14004,.T.);
#15273 = ORIENTED_EDGE('',*,*,#15234,.F.);
#15274 = PLANE('',#15275);
#15275 = AXIS2_PLACEMENT_3D('',#15276,#15277,#15278);
#15276 = CARTESIAN_POINT('',(6.45,-0.35,-1.5));
#15277 = DIRECTION('',(0.957826285221,-9.570607158995E-17,0.287347885566
    ));
#15278 = DIRECTION('',(-0.287347885566,-5.31700397722E-16,0.957826285221
    ));
#15279 = ADVANCED_FACE('',(#15280),#15291,.F.);
#15280 = FACE_BOUND('',#15281,.F.);
#15281 = EDGE_LOOP('',(#15282,#15283,#15284,#15285));
#15282 = ORIENTED_EDGE('',*,*,#14137,.F.);
#15283 = ORIENTED_EDGE('',*,*,#15249,.T.);
#15284 = ORIENTED_EDGE('',*,*,#13987,.T.);
#15285 = ORIENTED_EDGE('',*,*,#15286,.F.);
#15286 = EDGE_CURVE('',#14138,#13988,#15287,.T.);
#15287 = LINE('',#15288,#15289);
#15288 = CARTESIAN_POINT('',(6.425000733956,-0.35,-1.583330886814));
#15289 = VECTOR('',#15290,1.);
#15290 = DIRECTION('',(0.,1.,3.330669073875E-16));
#15291 = PLANE('',#15292);
#15292 = AXIS2_PLACEMENT_3D('',#15293,#15294,#15295);
#15293 = CARTESIAN_POINT('',(6.15,-0.35,-2.5));
#15294 = DIRECTION('',(0.957826285221,9.570607158995E-17,-0.287347885566
    ));
#15295 = DIRECTION('',(0.287347885566,-5.31700397722E-16,0.957826285221)
  );
#15296 = ADVANCED_FACE('',(#15297),#15303,.F.);
#15297 = FACE_BOUND('',#15298,.F.);
#15298 = EDGE_LOOP('',(#15299,#15300,#15301,#15302));
#15299 = ORIENTED_EDGE('',*,*,#14145,.T.);
#15300 = ORIENTED_EDGE('',*,*,#15286,.T.);
#15301 = ORIENTED_EDGE('',*,*,#13995,.F.);
#15302 = ORIENTED_EDGE('',*,*,#15267,.F.);
#15303 = CYLINDRICAL_SURFACE('',#15304,0.29);
#15304 = AXIS2_PLACEMENT_3D('',#15305,#15306,#15307);
#15305 = CARTESIAN_POINT('',(6.147231111242,-0.35,-1.5));
#15306 = DIRECTION('',(0.,1.,3.330669073875E-16));
#15307 = DIRECTION('',(0.957826285221,-9.570607158983E-17,0.287347885566
    ));
#15308 = ( GEOMETRIC_REPRESENTATION_CONTEXT(3) 
GLOBAL_UNCERTAINTY_ASSIGNED_CONTEXT((#15312)) 
GLOBAL_UNIT_ASSIGNED_CONTEXT((#15309,#15310,#15311)) 
REPRESENTATION_CONTEXT('Context #1',
  '3D Context with UNIT and UNCERTAINTY') );
#15309 = ( LENGTH_UNIT() NAMED_UNIT(*) SI_UNIT(.MILLI.,.METRE.) );
#15310 = ( NAMED_UNIT(*) PLANE_ANGLE_UNIT() SI_UNIT($,.RADIAN.) );
#15311 = ( NAMED_UNIT(*) SI_UNIT($,.STERADIAN.) SOLID_ANGLE_UNIT() );
#15312 = UNCERTAINTY_MEASURE_WITH_UNIT(LENGTH_MEASURE(1.E-07),#15309,
  'distance_accuracy_value','confusion accuracy');
#15313 = CONTEXT_DEPENDENT_SHAPE_REPRESENTATION(#15314,#15316);
#15314 = ( REPRESENTATION_RELATIONSHIP('','',#12078,#10) 
REPRESENTATION_RELATIONSHIP_WITH_TRANSFORMATION(#15315) 
SHAPE_REPRESENTATION_RELATIONSHIP() );
#15315 = ITEM_DEFINED_TRANSFORMATION('','',#11,#63);
#15316 = PRODUCT_DEFINITION_SHAPE('Placement','Placement of an item',
  #15317);
#15317 = NEXT_ASSEMBLY_USAGE_OCCURRENCE('13','SW1','',#5,#12073,$);
#15318 = PRODUCT_RELATED_PRODUCT_CATEGORY('part',$,(#12075));
#15319 = CONTEXT_DEPENDENT_SHAPE_REPRESENTATION(#15320,#15322);
#15320 = ( REPRESENTATION_RELATIONSHIP('','',#1778,#10) 
REPRESENTATION_RELATIONSHIP_WITH_TRANSFORMATION(#15321) 
SHAPE_REPRESENTATION_RELATIONSHIP() );
#15321 = ITEM_DEFINED_TRANSFORMATION('','',#11,#67);
#15322 = PRODUCT_DEFINITION_SHAPE('Placement','Placement of an item',
  #15323);
#15323 = NEXT_ASSEMBLY_USAGE_OCCURRENCE('14','D2','',#5,#1773,$);
#15324 = CONTEXT_DEPENDENT_SHAPE_REPRESENTATION(#15325,#15327);
#15325 = ( REPRESENTATION_RELATIONSHIP('','',#96,#10) 
REPRESENTATION_RELATIONSHIP_WITH_TRANSFORMATION(#15326) 
SHAPE_REPRESENTATION_RELATIONSHIP() );
#15326 = ITEM_DEFINED_TRANSFORMATION('','',#11,#71);
#15327 = PRODUCT_DEFINITION_SHAPE('Placement','Placement of an item',
  #15328);
#15328 = NEXT_ASSEMBLY_USAGE_OCCURRENCE('15','C1','',#5,#91,$);
#15329 = CONTEXT_DEPENDENT_SHAPE_REPRESENTATION(#15330,#15332);
#15330 = ( REPRESENTATION_RELATIONSHIP('','',#969,#10) 
REPRESENTATION_RELATIONSHIP_WITH_TRANSFORMATION(#15331) 
SHAPE_REPRESENTATION_RELATIONSHIP() );
#15331 = ITEM_DEFINED_TRANSFORMATION('','',#11,#75);
#15332 = PRODUCT_DEFINITION_SHAPE('Placement','Placement of an item',
  #15333);
#15333 = NEXT_ASSEMBLY_USAGE_OCCURRENCE('16','R1','',#5,#964,$);
#15334 = SHAPE_DEFINITION_REPRESENTATION(#15335,#15341);
#15335 = PRODUCT_DEFINITION_SHAPE('','',#15336);
#15336 = PRODUCT_DEFINITION('design','',#15337,#15340);
#15337 = PRODUCT_DEFINITION_FORMATION('','',#15338);
#15338 = PRODUCT('SnoreSense_Display_PCB_v1_PCB',
  'SnoreSense_Display_PCB_v1_PCB','',(#15339));
#15339 = PRODUCT_CONTEXT('',#2,'mechanical');
#15340 = PRODUCT_DEFINITION_CONTEXT('part definition',#2,'design');
#15341 = ADVANCED_BREP_SHAPE_REPRESENTATION('',(#11,#15342),#17231);
#15342 = MANIFOLD_SOLID_BREP('',#15343);
#15343 = CLOSED_SHELL('',(#15344,#15386,#15417,#15448,#15951,#16454,
    #16471,#16488,#16505,#16522,#16534,#16551,#16568,#16585,#16602,
    #16619,#16636,#16653,#16670,#16687,#16704,#16721,#16738,#16755,
    #16772,#16789,#16806,#16823,#16840,#16857,#16874,#16891,#16908,
    #16925,#16942,#16959,#16976,#16993,#17010,#17027,#17044,#17061,
    #17078,#17095,#17112,#17129,#17146,#17163,#17180,#17197,#17214));
#15344 = ADVANCED_FACE('',(#15345),#15381,.T.);
#15345 = FACE_BOUND('',#15346,.T.);
#15346 = EDGE_LOOP('',(#15347,#15357,#15366,#15374));
#15347 = ORIENTED_EDGE('',*,*,#15348,.T.);
#15348 = EDGE_CURVE('',#15349,#15351,#15353,.T.);
#15349 = VERTEX_POINT('',#15350);
#15350 = CARTESIAN_POINT('',(161.75,-44.25,0.));
#15351 = VERTEX_POINT('',#15352);
#15352 = CARTESIAN_POINT('',(161.75,-44.25,1.51));
#15353 = LINE('',#15354,#15355);
#15354 = CARTESIAN_POINT('',(161.75,-44.25,0.));
#15355 = VECTOR('',#15356,1.);
#15356 = DIRECTION('',(0.,0.,1.));
#15357 = ORIENTED_EDGE('',*,*,#15358,.T.);
#15358 = EDGE_CURVE('',#15351,#15359,#15361,.T.);
#15359 = VERTEX_POINT('',#15360);
#15360 = CARTESIAN_POINT('',(162.75,-45.25,1.51));
#15361 = CIRCLE('',#15362,0.999999252925);
#15362 = AXIS2_PLACEMENT_3D('',#15363,#15364,#15365);
#15363 = CARTESIAN_POINT('',(161.75000074707,-45.24999925292,1.51));
#15364 = DIRECTION('',(0.,0.,-1.));
#15365 = DIRECTION('',(-7.470757633756E-07,1.,0.));
#15366 = ORIENTED_EDGE('',*,*,#15367,.F.);
#15367 = EDGE_CURVE('',#15368,#15359,#15370,.T.);
#15368 = VERTEX_POINT('',#15369);
#15369 = CARTESIAN_POINT('',(162.75,-45.25,0.));
#15370 = LINE('',#15371,#15372);
#15371 = CARTESIAN_POINT('',(162.75,-45.25,0.));
#15372 = VECTOR('',#15373,1.);
#15373 = DIRECTION('',(0.,0.,1.));
#15374 = ORIENTED_EDGE('',*,*,#15375,.F.);
#15375 = EDGE_CURVE('',#15349,#15368,#15376,.T.);
#15376 = CIRCLE('',#15377,0.999999252925);
#15377 = AXIS2_PLACEMENT_3D('',#15378,#15379,#15380);
#15378 = CARTESIAN_POINT('',(161.75000074707,-45.24999925292,0.));
#15379 = DIRECTION('',(0.,0.,-1.));
#15380 = DIRECTION('',(-7.470757633756E-07,1.,0.));
#15381 = CYLINDRICAL_SURFACE('',#15382,0.999999252925);
#15382 = AXIS2_PLACEMENT_3D('',#15383,#15384,#15385);
#15383 = CARTESIAN_POINT('',(161.75000074707,-45.24999925292,0.));
#15384 = DIRECTION('',(0.,0.,-1.));
#15385 = DIRECTION('',(-7.470757633756E-07,1.,0.));
#15386 = ADVANCED_FACE('',(#15387),#15412,.T.);
#15387 = FACE_BOUND('',#15388,.T.);
#15388 = EDGE_LOOP('',(#15389,#15399,#15405,#15406));
#15389 = ORIENTED_EDGE('',*,*,#15390,.T.);
#15390 = EDGE_CURVE('',#15391,#15393,#15395,.T.);
#15391 = VERTEX_POINT('',#15392);
#15392 = CARTESIAN_POINT('',(82.8,-44.25,0.));
#15393 = VERTEX_POINT('',#15394);
#15394 = CARTESIAN_POINT('',(82.8,-44.25,1.51));
#15395 = LINE('',#15396,#15397);
#15396 = CARTESIAN_POINT('',(82.8,-44.25,0.));
#15397 = VECTOR('',#15398,1.);
#15398 = DIRECTION('',(0.,0.,1.));
#15399 = ORIENTED_EDGE('',*,*,#15400,.T.);
#15400 = EDGE_CURVE('',#15393,#15351,#15401,.T.);
#15401 = LINE('',#15402,#15403);
#15402 = CARTESIAN_POINT('',(82.8,-44.25,1.51));
#15403 = VECTOR('',#15404,1.);
#15404 = DIRECTION('',(1.,0.,0.));
#15405 = ORIENTED_EDGE('',*,*,#15348,.F.);
#15406 = ORIENTED_EDGE('',*,*,#15407,.F.);
#15407 = EDGE_CURVE('',#15391,#15349,#15408,.T.);
#15408 = LINE('',#15409,#15410);
#15409 = CARTESIAN_POINT('',(82.8,-44.25,0.));
#15410 = VECTOR('',#15411,1.);
#15411 = DIRECTION('',(1.,0.,0.));
#15412 = PLANE('',#15413);
#15413 = AXIS2_PLACEMENT_3D('',#15414,#15415,#15416);
#15414 = CARTESIAN_POINT('',(82.8,-44.25,0.));
#15415 = DIRECTION('',(0.,1.,0.));
#15416 = DIRECTION('',(1.,0.,0.));
#15417 = ADVANCED_FACE('',(#15418),#15443,.T.);
#15418 = FACE_BOUND('',#15419,.T.);
#15419 = EDGE_LOOP('',(#15420,#15421,#15429,#15437));
#15420 = ORIENTED_EDGE('',*,*,#15367,.T.);
#15421 = ORIENTED_EDGE('',*,*,#15422,.T.);
#15422 = EDGE_CURVE('',#15359,#15423,#15425,.T.);
#15423 = VERTEX_POINT('',#15424);
#15424 = CARTESIAN_POINT('',(162.75,-103.7,1.51));
#15425 = LINE('',#15426,#15427);
#15426 = CARTESIAN_POINT('',(162.75,-45.25,1.51));
#15427 = VECTOR('',#15428,1.);
#15428 = DIRECTION('',(0.,-1.,0.));
#15429 = ORIENTED_EDGE('',*,*,#15430,.F.);
#15430 = EDGE_CURVE('',#15431,#15423,#15433,.T.);
#15431 = VERTEX_POINT('',#15432);
#15432 = CARTESIAN_POINT('',(162.75,-103.7,0.));
#15433 = LINE('',#15434,#15435);
#15434 = CARTESIAN_POINT('',(162.75,-103.7,0.));
#15435 = VECTOR('',#15436,1.);
#15436 = DIRECTION('',(0.,0.,1.));
#15437 = ORIENTED_EDGE('',*,*,#15438,.F.);
#15438 = EDGE_CURVE('',#15368,#15431,#15439,.T.);
#15439 = LINE('',#15440,#15441);
#15440 = CARTESIAN_POINT('',(162.75,-45.25,0.));
#15441 = VECTOR('',#15442,1.);
#15442 = DIRECTION('',(0.,-1.,0.));
#15443 = PLANE('',#15444);
#15444 = AXIS2_PLACEMENT_3D('',#15445,#15446,#15447);
#15445 = CARTESIAN_POINT('',(162.75,-45.25,0.));
#15446 = DIRECTION('',(1.,0.,-0.));
#15447 = DIRECTION('',(0.,-1.,0.));
#15448 = ADVANCED_FACE('',(#15449,#15495,#15506,#15517,#15528,#15539,
    #15550,#15561,#15572,#15583,#15594,#15605,#15616,#15627,#15638,
    #15649,#15660,#15671,#15682,#15693,#15704,#15715,#15726,#15737,
    #15748,#15759,#15770,#15781,#15792,#15803,#15814,#15825,#15836,
    #15847,#15858,#15869,#15880,#15891,#15902,#15913,#15924,#15935),
  #15946,.F.);
#15449 = FACE_BOUND('',#15450,.F.);
#15450 = EDGE_LOOP('',(#15451,#15452,#15453,#15462,#15470,#15479,#15487,
    #15494));
#15451 = ORIENTED_EDGE('',*,*,#15375,.F.);
#15452 = ORIENTED_EDGE('',*,*,#15407,.F.);
#15453 = ORIENTED_EDGE('',*,*,#15454,.F.);
#15454 = EDGE_CURVE('',#15455,#15391,#15457,.T.);
#15455 = VERTEX_POINT('',#15456);
#15456 = CARTESIAN_POINT('',(81.8,-45.25,0.));
#15457 = CIRCLE('',#15458,0.999999252925);
#15458 = AXIS2_PLACEMENT_3D('',#15459,#15460,#15461);
#15459 = CARTESIAN_POINT('',(82.799999252925,-45.24999925292,0.));
#15460 = DIRECTION('',(0.,0.,-1.));
#15461 = DIRECTION('',(-1.,-7.470757349539E-07,-0.));
#15462 = ORIENTED_EDGE('',*,*,#15463,.F.);
#15463 = EDGE_CURVE('',#15464,#15455,#15466,.T.);
#15464 = VERTEX_POINT('',#15465);
#15465 = CARTESIAN_POINT('',(81.8,-103.7,0.));
#15466 = LINE('',#15467,#15468);
#15467 = CARTESIAN_POINT('',(81.8,-103.7,0.));
#15468 = VECTOR('',#15469,1.);
#15469 = DIRECTION('',(0.,1.,0.));
#15470 = ORIENTED_EDGE('',*,*,#15471,.F.);
#15471 = EDGE_CURVE('',#15472,#15464,#15474,.T.);
#15472 = VERTEX_POINT('',#15473);
#15473 = CARTESIAN_POINT('',(82.8,-104.7,0.));
#15474 = CIRCLE('',#15475,0.999999252925);
#15475 = AXIS2_PLACEMENT_3D('',#15476,#15477,#15478);
#15476 = CARTESIAN_POINT('',(82.799999252925,-103.700000747,0.));
#15477 = DIRECTION('',(0.,0.,-1.));
#15478 = DIRECTION('',(7.470757065321E-07,-1.,0.));
#15479 = ORIENTED_EDGE('',*,*,#15480,.F.);
#15480 = EDGE_CURVE('',#15481,#15472,#15483,.T.);
#15481 = VERTEX_POINT('',#15482);
#15482 = CARTESIAN_POINT('',(161.75,-104.7,0.));
#15483 = LINE('',#15484,#15485);
#15484 = CARTESIAN_POINT('',(161.75,-104.7,0.));
#15485 = VECTOR('',#15486,1.);
#15486 = DIRECTION('',(-1.,0.,0.));
#15487 = ORIENTED_EDGE('',*,*,#15488,.F.);
#15488 = EDGE_CURVE('',#15431,#15481,#15489,.T.);
#15489 = CIRCLE('',#15490,0.999999252925);
#15490 = AXIS2_PLACEMENT_3D('',#15491,#15492,#15493);
#15491 = CARTESIAN_POINT('',(161.75000074707,-103.700000747,0.));
#15492 = DIRECTION('',(0.,0.,-1.));
#15493 = DIRECTION('',(1.,7.470757349539E-07,0.));
#15494 = ORIENTED_EDGE('',*,*,#15438,.F.);
#15495 = FACE_BOUND('',#15496,.F.);
#15496 = EDGE_LOOP('',(#15497));
#15497 = ORIENTED_EDGE('',*,*,#15498,.T.);
#15498 = EDGE_CURVE('',#15499,#15499,#15501,.T.);
#15499 = VERTEX_POINT('',#15500);
#15500 = CARTESIAN_POINT('',(85.8,-102.05,0.));
#15501 = CIRCLE('',#15502,1.05);
#15502 = AXIS2_PLACEMENT_3D('',#15503,#15504,#15505);
#15503 = CARTESIAN_POINT('',(85.8,-101.,0.));
#15504 = DIRECTION('',(-0.,0.,-1.));
#15505 = DIRECTION('',(-0.,-1.,0.));
#15506 = FACE_BOUND('',#15507,.F.);
#15507 = EDGE_LOOP('',(#15508));
#15508 = ORIENTED_EDGE('',*,*,#15509,.T.);
#15509 = EDGE_CURVE('',#15510,#15510,#15512,.T.);
#15510 = VERTEX_POINT('',#15511);
#15511 = CARTESIAN_POINT('',(85.2,-95.55,0.));
#15512 = CIRCLE('',#15513,0.75);
#15513 = AXIS2_PLACEMENT_3D('',#15514,#15515,#15516);
#15514 = CARTESIAN_POINT('',(85.2,-94.8,0.));
#15515 = DIRECTION('',(-0.,0.,-1.));
#15516 = DIRECTION('',(-0.,-1.,0.));
#15517 = FACE_BOUND('',#15518,.F.);
#15518 = EDGE_LOOP('',(#15519));
#15519 = ORIENTED_EDGE('',*,*,#15520,.T.);
#15520 = EDGE_CURVE('',#15521,#15521,#15523,.T.);
#15521 = VERTEX_POINT('',#15522);
#15522 = CARTESIAN_POINT('',(85.2,-93.1,0.));
#15523 = CIRCLE('',#15524,0.4);
#15524 = AXIS2_PLACEMENT_3D('',#15525,#15526,#15527);
#15525 = CARTESIAN_POINT('',(85.2,-92.7,0.));
#15526 = DIRECTION('',(-0.,0.,-1.));
#15527 = DIRECTION('',(3.5527136788E-14,-1.,-0.));
#15528 = FACE_BOUND('',#15529,.F.);
#15529 = EDGE_LOOP('',(#15530));
#15530 = ORIENTED_EDGE('',*,*,#15531,.T.);
#15531 = EDGE_CURVE('',#15532,#15532,#15534,.T.);
#15532 = VERTEX_POINT('',#15533);
#15533 = CARTESIAN_POINT('',(85.2,-91.1,0.));
#15534 = CIRCLE('',#15535,0.4);
#15535 = AXIS2_PLACEMENT_3D('',#15536,#15537,#15538);
#15536 = CARTESIAN_POINT('',(85.2,-90.7,0.));
#15537 = DIRECTION('',(-0.,0.,-1.));
#15538 = DIRECTION('',(3.5527136788E-14,-1.,-0.));
#15539 = FACE_BOUND('',#15540,.F.);
#15540 = EDGE_LOOP('',(#15541));
#15541 = ORIENTED_EDGE('',*,*,#15542,.T.);
#15542 = EDGE_CURVE('',#15543,#15543,#15545,.T.);
#15543 = VERTEX_POINT('',#15544);
#15544 = CARTESIAN_POINT('',(85.2,-89.1,0.));
#15545 = CIRCLE('',#15546,0.4);
#15546 = AXIS2_PLACEMENT_3D('',#15547,#15548,#15549);
#15547 = CARTESIAN_POINT('',(85.2,-88.7,0.));
#15548 = DIRECTION('',(-0.,0.,-1.));
#15549 = DIRECTION('',(3.5527136788E-14,-1.,-0.));
#15550 = FACE_BOUND('',#15551,.F.);
#15551 = EDGE_LOOP('',(#15552));
#15552 = ORIENTED_EDGE('',*,*,#15553,.T.);
#15553 = EDGE_CURVE('',#15554,#15554,#15556,.T.);
#15554 = VERTEX_POINT('',#15555);
#15555 = CARTESIAN_POINT('',(106.95,-95.55,0.));
#15556 = CIRCLE('',#15557,0.55);
#15557 = AXIS2_PLACEMENT_3D('',#15558,#15559,#15560);
#15558 = CARTESIAN_POINT('',(106.95,-95.,0.));
#15559 = DIRECTION('',(-0.,0.,-1.));
#15560 = DIRECTION('',(-0.,-1.,0.));
#15561 = FACE_BOUND('',#15562,.F.);
#15562 = EDGE_LOOP('',(#15563));
#15563 = ORIENTED_EDGE('',*,*,#15564,.T.);
#15564 = EDGE_CURVE('',#15565,#15565,#15567,.T.);
#15565 = VERTEX_POINT('',#15566);
#15566 = CARTESIAN_POINT('',(106.95,-91.05,0.));
#15567 = CIRCLE('',#15568,0.55);
#15568 = AXIS2_PLACEMENT_3D('',#15569,#15570,#15571);
#15569 = CARTESIAN_POINT('',(106.95,-90.5,0.));
#15570 = DIRECTION('',(-0.,0.,-1.));
#15571 = DIRECTION('',(-0.,-1.,0.));
#15572 = FACE_BOUND('',#15573,.F.);
#15573 = EDGE_LOOP('',(#15574));
#15574 = ORIENTED_EDGE('',*,*,#15575,.T.);
#15575 = EDGE_CURVE('',#15576,#15576,#15578,.T.);
#15576 = VERTEX_POINT('',#15577);
#15577 = CARTESIAN_POINT('',(113.45,-95.55,0.));
#15578 = CIRCLE('',#15579,0.55);
#15579 = AXIS2_PLACEMENT_3D('',#15580,#15581,#15582);
#15580 = CARTESIAN_POINT('',(113.45,-95.,0.));
#15581 = DIRECTION('',(-0.,0.,-1.));
#15582 = DIRECTION('',(-0.,-1.,0.));
#15583 = FACE_BOUND('',#15584,.F.);
#15584 = EDGE_LOOP('',(#15585));
#15585 = ORIENTED_EDGE('',*,*,#15586,.T.);
#15586 = EDGE_CURVE('',#15587,#15587,#15589,.T.);
#15587 = VERTEX_POINT('',#15588);
#15588 = CARTESIAN_POINT('',(113.45,-91.05,0.));
#15589 = CIRCLE('',#15590,0.55);
#15590 = AXIS2_PLACEMENT_3D('',#15591,#15592,#15593);
#15591 = CARTESIAN_POINT('',(113.45,-90.5,0.));
#15592 = DIRECTION('',(-0.,0.,-1.));
#15593 = DIRECTION('',(-0.,-1.,0.));
#15594 = FACE_BOUND('',#15595,.F.);
#15595 = EDGE_LOOP('',(#15596));
#15596 = ORIENTED_EDGE('',*,*,#15597,.T.);
#15597 = EDGE_CURVE('',#15598,#15598,#15600,.T.);
#15598 = VERTEX_POINT('',#15599);
#15599 = CARTESIAN_POINT('',(85.2,-87.35,0.));
#15600 = CIRCLE('',#15601,0.75);
#15601 = AXIS2_PLACEMENT_3D('',#15602,#15603,#15604);
#15602 = CARTESIAN_POINT('',(85.2,-86.6,0.));
#15603 = DIRECTION('',(-0.,0.,-1.));
#15604 = DIRECTION('',(-0.,-1.,0.));
#15605 = FACE_BOUND('',#15606,.F.);
#15606 = EDGE_LOOP('',(#15607));
#15607 = ORIENTED_EDGE('',*,*,#15608,.F.);
#15608 = EDGE_CURVE('',#15609,#15609,#15611,.T.);
#15609 = VERTEX_POINT('',#15610);
#15610 = CARTESIAN_POINT('',(93.87,-78.01,0.));
#15611 = CIRCLE('',#15612,1.3);
#15612 = AXIS2_PLACEMENT_3D('',#15613,#15614,#15615);
#15613 = CARTESIAN_POINT('',(92.57,-78.01,0.));
#15614 = DIRECTION('',(0.,0.,1.));
#15615 = DIRECTION('',(1.,0.,-0.));
#15616 = FACE_BOUND('',#15617,.F.);
#15617 = EDGE_LOOP('',(#15618));
#15618 = ORIENTED_EDGE('',*,*,#15619,.T.);
#15619 = EDGE_CURVE('',#15620,#15620,#15622,.T.);
#15620 = VERTEX_POINT('',#15621);
#15621 = CARTESIAN_POINT('',(133.9135,-94.564,0.));
#15622 = CIRCLE('',#15623,0.45);
#15623 = AXIS2_PLACEMENT_3D('',#15624,#15625,#15626);
#15624 = CARTESIAN_POINT('',(133.9135,-94.114,0.));
#15625 = DIRECTION('',(-0.,0.,-1.));
#15626 = DIRECTION('',(-0.,-1.,0.));
#15627 = FACE_BOUND('',#15628,.F.);
#15628 = EDGE_LOOP('',(#15629));
#15629 = ORIENTED_EDGE('',*,*,#15630,.T.);
#15630 = EDGE_CURVE('',#15631,#15631,#15633,.T.);
#15631 = VERTEX_POINT('',#15632);
#15632 = CARTESIAN_POINT('',(133.9135,-92.024,0.));
#15633 = CIRCLE('',#15634,0.45);
#15634 = AXIS2_PLACEMENT_3D('',#15635,#15636,#15637);
#15635 = CARTESIAN_POINT('',(133.9135,-91.574,0.));
#15636 = DIRECTION('',(-0.,0.,-1.));
#15637 = DIRECTION('',(-0.,-1.,0.));
#15638 = FACE_BOUND('',#15639,.F.);
#15639 = EDGE_LOOP('',(#15640));
#15640 = ORIENTED_EDGE('',*,*,#15641,.T.);
#15641 = EDGE_CURVE('',#15642,#15642,#15644,.T.);
#15642 = VERTEX_POINT('',#15643);
#15643 = CARTESIAN_POINT('',(158.6,-102.45,0.));
#15644 = CIRCLE('',#15645,1.05);
#15645 = AXIS2_PLACEMENT_3D('',#15646,#15647,#15648);
#15646 = CARTESIAN_POINT('',(158.6,-101.4,0.));
#15647 = DIRECTION('',(-0.,0.,-1.));
#15648 = DIRECTION('',(-2.706829469562E-14,-1.,0.));
#15649 = FACE_BOUND('',#15650,.F.);
#15650 = EDGE_LOOP('',(#15651));
#15651 = ORIENTED_EDGE('',*,*,#15652,.T.);
#15652 = EDGE_CURVE('',#15653,#15653,#15655,.T.);
#15653 = VERTEX_POINT('',#15654);
#15654 = CARTESIAN_POINT('',(153.95,-94.775,0.));
#15655 = CIRCLE('',#15656,0.375);
#15656 = AXIS2_PLACEMENT_3D('',#15657,#15658,#15659);
#15657 = CARTESIAN_POINT('',(153.95,-94.4,0.));
#15658 = DIRECTION('',(-0.,0.,-1.));
#15659 = DIRECTION('',(-0.,-1.,0.));
#15660 = FACE_BOUND('',#15661,.F.);
#15661 = EDGE_LOOP('',(#15662));
#15662 = ORIENTED_EDGE('',*,*,#15663,.T.);
#15663 = EDGE_CURVE('',#15664,#15664,#15666,.T.);
#15664 = VERTEX_POINT('',#15665);
#15665 = CARTESIAN_POINT('',(153.95,-92.775,0.));
#15666 = CIRCLE('',#15667,0.375);
#15667 = AXIS2_PLACEMENT_3D('',#15668,#15669,#15670);
#15668 = CARTESIAN_POINT('',(153.95,-92.4,0.));
#15669 = DIRECTION('',(-0.,0.,-1.));
#15670 = DIRECTION('',(-0.,-1.,0.));
#15671 = FACE_BOUND('',#15672,.F.);
#15672 = EDGE_LOOP('',(#15673));
#15673 = ORIENTED_EDGE('',*,*,#15674,.T.);
#15674 = EDGE_CURVE('',#15675,#15675,#15677,.T.);
#15675 = VERTEX_POINT('',#15676);
#15676 = CARTESIAN_POINT('',(122.75,-78.39,0.));
#15677 = CIRCLE('',#15678,0.4);
#15678 = AXIS2_PLACEMENT_3D('',#15679,#15680,#15681);
#15679 = CARTESIAN_POINT('',(122.75,-77.99,0.));
#15680 = DIRECTION('',(-0.,0.,-1.));
#15681 = DIRECTION('',(-0.,-1.,0.));
#15682 = FACE_BOUND('',#15683,.F.);
#15683 = EDGE_LOOP('',(#15684));
#15684 = ORIENTED_EDGE('',*,*,#15685,.T.);
#15685 = EDGE_CURVE('',#15686,#15686,#15688,.T.);
#15686 = VERTEX_POINT('',#15687);
#15687 = CARTESIAN_POINT('',(126.3,-78.39,0.));
#15688 = CIRCLE('',#15689,0.4);
#15689 = AXIS2_PLACEMENT_3D('',#15690,#15691,#15692);
#15690 = CARTESIAN_POINT('',(126.3,-77.99,0.));
#15691 = DIRECTION('',(-0.,0.,-1.));
#15692 = DIRECTION('',(-3.552713678801E-14,-1.,0.));
#15693 = FACE_BOUND('',#15694,.F.);
#15694 = EDGE_LOOP('',(#15695));
#15695 = ORIENTED_EDGE('',*,*,#15696,.T.);
#15696 = EDGE_CURVE('',#15697,#15697,#15699,.T.);
#15697 = VERTEX_POINT('',#15698);
#15698 = CARTESIAN_POINT('',(129.85,-78.39,0.));
#15699 = CIRCLE('',#15700,0.4);
#15700 = AXIS2_PLACEMENT_3D('',#15701,#15702,#15703);
#15701 = CARTESIAN_POINT('',(129.85,-77.99,0.));
#15702 = DIRECTION('',(-0.,0.,-1.));
#15703 = DIRECTION('',(-0.,-1.,0.));
#15704 = FACE_BOUND('',#15705,.F.);
#15705 = EDGE_LOOP('',(#15706));
#15706 = ORIENTED_EDGE('',*,*,#15707,.T.);
#15707 = EDGE_CURVE('',#15708,#15708,#15710,.T.);
#15708 = VERTEX_POINT('',#15709);
#15709 = CARTESIAN_POINT('',(133.4,-78.39,0.));
#15710 = CIRCLE('',#15711,0.4);
#15711 = AXIS2_PLACEMENT_3D('',#15712,#15713,#15714);
#15712 = CARTESIAN_POINT('',(133.4,-77.99,0.));
#15713 = DIRECTION('',(-0.,0.,-1.));
#15714 = DIRECTION('',(-0.,-1.,0.));
#15715 = FACE_BOUND('',#15716,.F.);
#15716 = EDGE_LOOP('',(#15717));
#15717 = ORIENTED_EDGE('',*,*,#15718,.T.);
#15718 = EDGE_CURVE('',#15719,#15719,#15721,.T.);
#15719 = VERTEX_POINT('',#15720);
#15720 = CARTESIAN_POINT('',(90.14,-73.245,0.));
#15721 = CIRCLE('',#15722,0.425);
#15722 = AXIS2_PLACEMENT_3D('',#15723,#15724,#15725);
#15723 = CARTESIAN_POINT('',(90.14,-72.82,0.));
#15724 = DIRECTION('',(-0.,0.,-1.));
#15725 = DIRECTION('',(-0.,-1.,0.));
#15726 = FACE_BOUND('',#15727,.F.);
#15727 = EDGE_LOOP('',(#15728));
#15728 = ORIENTED_EDGE('',*,*,#15729,.F.);
#15729 = EDGE_CURVE('',#15730,#15730,#15732,.T.);
#15730 = VERTEX_POINT('',#15731);
#15731 = CARTESIAN_POINT('',(89.02,-69.01,0.));
#15732 = CIRCLE('',#15733,0.95);
#15733 = AXIS2_PLACEMENT_3D('',#15734,#15735,#15736);
#15734 = CARTESIAN_POINT('',(88.07,-69.01,0.));
#15735 = DIRECTION('',(0.,0.,1.));
#15736 = DIRECTION('',(1.,0.,-0.));
#15737 = FACE_BOUND('',#15738,.F.);
#15738 = EDGE_LOOP('',(#15739));
#15739 = ORIENTED_EDGE('',*,*,#15740,.T.);
#15740 = EDGE_CURVE('',#15741,#15741,#15743,.T.);
#15741 = VERTEX_POINT('',#15742);
#15742 = CARTESIAN_POINT('',(90.14,-65.625,0.));
#15743 = CIRCLE('',#15744,0.425);
#15744 = AXIS2_PLACEMENT_3D('',#15745,#15746,#15747);
#15745 = CARTESIAN_POINT('',(90.14,-65.2,0.));
#15746 = DIRECTION('',(-0.,0.,-1.));
#15747 = DIRECTION('',(-0.,-1.,0.));
#15748 = FACE_BOUND('',#15749,.F.);
#15749 = EDGE_LOOP('',(#15750));
#15750 = ORIENTED_EDGE('',*,*,#15751,.T.);
#15751 = EDGE_CURVE('',#15752,#15752,#15754,.T.);
#15752 = VERTEX_POINT('',#15753);
#15753 = CARTESIAN_POINT('',(113.,-73.245,0.));
#15754 = CIRCLE('',#15755,0.425);
#15755 = AXIS2_PLACEMENT_3D('',#15756,#15757,#15758);
#15756 = CARTESIAN_POINT('',(113.,-72.82,0.));
#15757 = DIRECTION('',(-0.,0.,-1.));
#15758 = DIRECTION('',(-0.,-1.,0.));
#15759 = FACE_BOUND('',#15760,.F.);
#15760 = EDGE_LOOP('',(#15761));
#15761 = ORIENTED_EDGE('',*,*,#15762,.F.);
#15762 = EDGE_CURVE('',#15763,#15763,#15765,.T.);
#15763 = VERTEX_POINT('',#15764);
#15764 = CARTESIAN_POINT('',(116.02,-69.01,0.));
#15765 = CIRCLE('',#15766,0.95);
#15766 = AXIS2_PLACEMENT_3D('',#15767,#15768,#15769);
#15767 = CARTESIAN_POINT('',(115.07,-69.01,0.));
#15768 = DIRECTION('',(0.,0.,1.));
#15769 = DIRECTION('',(1.,0.,-0.));
#15770 = FACE_BOUND('',#15771,.F.);
#15771 = EDGE_LOOP('',(#15772));
#15772 = ORIENTED_EDGE('',*,*,#15773,.T.);
#15773 = EDGE_CURVE('',#15774,#15774,#15776,.T.);
#15774 = VERTEX_POINT('',#15775);
#15775 = CARTESIAN_POINT('',(113.,-65.625,0.));
#15776 = CIRCLE('',#15777,0.425);
#15777 = AXIS2_PLACEMENT_3D('',#15778,#15779,#15780);
#15778 = CARTESIAN_POINT('',(113.,-65.2,0.));
#15779 = DIRECTION('',(-0.,0.,-1.));
#15780 = DIRECTION('',(-0.,-1.,0.));
#15781 = FACE_BOUND('',#15782,.F.);
#15782 = EDGE_LOOP('',(#15783));
#15783 = ORIENTED_EDGE('',*,*,#15784,.F.);
#15784 = EDGE_CURVE('',#15785,#15785,#15787,.T.);
#15785 = VERTEX_POINT('',#15786);
#15786 = CARTESIAN_POINT('',(103.52,-59.01,0.));
#15787 = CIRCLE('',#15788,1.95);
#15788 = AXIS2_PLACEMENT_3D('',#15789,#15790,#15791);
#15789 = CARTESIAN_POINT('',(101.57,-59.01,0.));
#15790 = DIRECTION('',(0.,0.,1.));
#15791 = DIRECTION('',(1.,0.,-0.));
#15792 = FACE_BOUND('',#15793,.F.);
#15793 = EDGE_LOOP('',(#15794));
#15794 = ORIENTED_EDGE('',*,*,#15795,.T.);
#15795 = EDGE_CURVE('',#15796,#15796,#15798,.T.);
#15796 = VERTEX_POINT('',#15797);
#15797 = CARTESIAN_POINT('',(85.6,-48.45,0.));
#15798 = CIRCLE('',#15799,1.05);
#15799 = AXIS2_PLACEMENT_3D('',#15800,#15801,#15802);
#15800 = CARTESIAN_POINT('',(85.6,-47.4,0.));
#15801 = DIRECTION('',(-0.,0.,-1.));
#15802 = DIRECTION('',(-0.,-1.,0.));
#15803 = FACE_BOUND('',#15804,.F.);
#15804 = EDGE_LOOP('',(#15805));
#15805 = ORIENTED_EDGE('',*,*,#15806,.T.);
#15806 = EDGE_CURVE('',#15807,#15807,#15809,.T.);
#15807 = VERTEX_POINT('',#15808);
#15808 = CARTESIAN_POINT('',(122.75,-70.77,0.));
#15809 = CIRCLE('',#15810,0.4);
#15810 = AXIS2_PLACEMENT_3D('',#15811,#15812,#15813);
#15811 = CARTESIAN_POINT('',(122.75,-70.37,0.));
#15812 = DIRECTION('',(-0.,0.,-1.));
#15813 = DIRECTION('',(-0.,-1.,0.));
#15814 = FACE_BOUND('',#15815,.F.);
#15815 = EDGE_LOOP('',(#15816));
#15816 = ORIENTED_EDGE('',*,*,#15817,.T.);
#15817 = EDGE_CURVE('',#15818,#15818,#15820,.T.);
#15818 = VERTEX_POINT('',#15819);
#15819 = CARTESIAN_POINT('',(126.3,-70.77,0.));
#15820 = CIRCLE('',#15821,0.4);
#15821 = AXIS2_PLACEMENT_3D('',#15822,#15823,#15824);
#15822 = CARTESIAN_POINT('',(126.3,-70.37,0.));
#15823 = DIRECTION('',(-0.,0.,-1.));
#15824 = DIRECTION('',(-3.5527136788E-14,-1.,0.));
#15825 = FACE_BOUND('',#15826,.F.);
#15826 = EDGE_LOOP('',(#15827));
#15827 = ORIENTED_EDGE('',*,*,#15828,.T.);
#15828 = EDGE_CURVE('',#15829,#15829,#15831,.T.);
#15829 = VERTEX_POINT('',#15830);
#15830 = CARTESIAN_POINT('',(129.85,-70.77,0.));
#15831 = CIRCLE('',#15832,0.4);
#15832 = AXIS2_PLACEMENT_3D('',#15833,#15834,#15835);
#15833 = CARTESIAN_POINT('',(129.85,-70.37,0.));
#15834 = DIRECTION('',(-0.,0.,-1.));
#15835 = DIRECTION('',(-0.,-1.,0.));
#15836 = FACE_BOUND('',#15837,.F.);
#15837 = EDGE_LOOP('',(#15838));
#15838 = ORIENTED_EDGE('',*,*,#15839,.T.);
#15839 = EDGE_CURVE('',#15840,#15840,#15842,.T.);
#15840 = VERTEX_POINT('',#15841);
#15841 = CARTESIAN_POINT('',(133.4,-70.77,0.));
#15842 = CIRCLE('',#15843,0.4);
#15843 = AXIS2_PLACEMENT_3D('',#15844,#15845,#15846);
#15844 = CARTESIAN_POINT('',(133.4,-70.37,0.));
#15845 = DIRECTION('',(-0.,0.,-1.));
#15846 = DIRECTION('',(-0.,-1.,0.));
#15847 = FACE_BOUND('',#15848,.F.);
#15848 = EDGE_LOOP('',(#15849));
#15849 = ORIENTED_EDGE('',*,*,#15850,.T.);
#15850 = EDGE_CURVE('',#15851,#15851,#15853,.T.);
#15851 = VERTEX_POINT('',#15852);
#15852 = CARTESIAN_POINT('',(122.85,-65.21,0.));
#15853 = CIRCLE('',#15854,0.4);
#15854 = AXIS2_PLACEMENT_3D('',#15855,#15856,#15857);
#15855 = CARTESIAN_POINT('',(122.85,-64.81,0.));
#15856 = DIRECTION('',(-0.,0.,-1.));
#15857 = DIRECTION('',(-0.,-1.,0.));
#15858 = FACE_BOUND('',#15859,.F.);
#15859 = EDGE_LOOP('',(#15860));
#15860 = ORIENTED_EDGE('',*,*,#15861,.T.);
#15861 = EDGE_CURVE('',#15862,#15862,#15864,.T.);
#15862 = VERTEX_POINT('',#15863);
#15863 = CARTESIAN_POINT('',(126.4,-65.21,0.));
#15864 = CIRCLE('',#15865,0.4);
#15865 = AXIS2_PLACEMENT_3D('',#15866,#15867,#15868);
#15866 = CARTESIAN_POINT('',(126.4,-64.81,0.));
#15867 = DIRECTION('',(-0.,0.,-1.));
#15868 = DIRECTION('',(-0.,-1.,0.));
#15869 = FACE_BOUND('',#15870,.F.);
#15870 = EDGE_LOOP('',(#15871));
#15871 = ORIENTED_EDGE('',*,*,#15872,.T.);
#15872 = EDGE_CURVE('',#15873,#15873,#15875,.T.);
#15873 = VERTEX_POINT('',#15874);
#15874 = CARTESIAN_POINT('',(129.95,-65.21,0.));
#15875 = CIRCLE('',#15876,0.4);
#15876 = AXIS2_PLACEMENT_3D('',#15877,#15878,#15879);
#15877 = CARTESIAN_POINT('',(129.95,-64.81,0.));
#15878 = DIRECTION('',(-0.,0.,-1.));
#15879 = DIRECTION('',(-0.,-1.,0.));
#15880 = FACE_BOUND('',#15881,.F.);
#15881 = EDGE_LOOP('',(#15882));
#15882 = ORIENTED_EDGE('',*,*,#15883,.T.);
#15883 = EDGE_CURVE('',#15884,#15884,#15886,.T.);
#15884 = VERTEX_POINT('',#15885);
#15885 = CARTESIAN_POINT('',(133.5,-65.21,0.));
#15886 = CIRCLE('',#15887,0.4);
#15887 = AXIS2_PLACEMENT_3D('',#15888,#15889,#15890);
#15888 = CARTESIAN_POINT('',(133.5,-64.81,0.));
#15889 = DIRECTION('',(-0.,0.,-1.));
#15890 = DIRECTION('',(-0.,-1.,0.));
#15891 = FACE_BOUND('',#15892,.F.);
#15892 = EDGE_LOOP('',(#15893));
#15893 = ORIENTED_EDGE('',*,*,#15894,.T.);
#15894 = EDGE_CURVE('',#15895,#15895,#15897,.T.);
#15895 = VERTEX_POINT('',#15896);
#15896 = CARTESIAN_POINT('',(122.85,-57.59,0.));
#15897 = CIRCLE('',#15898,0.4);
#15898 = AXIS2_PLACEMENT_3D('',#15899,#15900,#15901);
#15899 = CARTESIAN_POINT('',(122.85,-57.19,0.));
#15900 = DIRECTION('',(-0.,0.,-1.));
#15901 = DIRECTION('',(-0.,-1.,0.));
#15902 = FACE_BOUND('',#15903,.F.);
#15903 = EDGE_LOOP('',(#15904));
#15904 = ORIENTED_EDGE('',*,*,#15905,.T.);
#15905 = EDGE_CURVE('',#15906,#15906,#15908,.T.);
#15906 = VERTEX_POINT('',#15907);
#15907 = CARTESIAN_POINT('',(126.4,-57.59,0.));
#15908 = CIRCLE('',#15909,0.4);
#15909 = AXIS2_PLACEMENT_3D('',#15910,#15911,#15912);
#15910 = CARTESIAN_POINT('',(126.4,-57.19,0.));
#15911 = DIRECTION('',(-0.,0.,-1.));
#15912 = DIRECTION('',(-0.,-1.,0.));
#15913 = FACE_BOUND('',#15914,.F.);
#15914 = EDGE_LOOP('',(#15915));
#15915 = ORIENTED_EDGE('',*,*,#15916,.T.);
#15916 = EDGE_CURVE('',#15917,#15917,#15919,.T.);
#15917 = VERTEX_POINT('',#15918);
#15918 = CARTESIAN_POINT('',(129.95,-57.59,0.));
#15919 = CIRCLE('',#15920,0.4);
#15920 = AXIS2_PLACEMENT_3D('',#15921,#15922,#15923);
#15921 = CARTESIAN_POINT('',(129.95,-57.19,0.));
#15922 = DIRECTION('',(-0.,0.,-1.));
#15923 = DIRECTION('',(-0.,-1.,0.));
#15924 = FACE_BOUND('',#15925,.F.);
#15925 = EDGE_LOOP('',(#15926));
#15926 = ORIENTED_EDGE('',*,*,#15927,.T.);
#15927 = EDGE_CURVE('',#15928,#15928,#15930,.T.);
#15928 = VERTEX_POINT('',#15929);
#15929 = CARTESIAN_POINT('',(133.5,-57.59,0.));
#15930 = CIRCLE('',#15931,0.4);
#15931 = AXIS2_PLACEMENT_3D('',#15932,#15933,#15934);
#15932 = CARTESIAN_POINT('',(133.5,-57.19,0.));
#15933 = DIRECTION('',(-0.,0.,-1.));
#15934 = DIRECTION('',(-0.,-1.,0.));
#15935 = FACE_BOUND('',#15936,.F.);
#15936 = EDGE_LOOP('',(#15937));
#15937 = ORIENTED_EDGE('',*,*,#15938,.T.);
#15938 = EDGE_CURVE('',#15939,#15939,#15941,.T.);
#15939 = VERTEX_POINT('',#15940);
#15940 = CARTESIAN_POINT('',(158.6,-48.65,0.));
#15941 = CIRCLE('',#15942,1.05);
#15942 = AXIS2_PLACEMENT_3D('',#15943,#15944,#15945);
#15943 = CARTESIAN_POINT('',(158.6,-47.6,0.));
#15944 = DIRECTION('',(-0.,0.,-1.));
#15945 = DIRECTION('',(-2.706829469562E-14,-1.,0.));
#15946 = PLANE('',#15947);
#15947 = AXIS2_PLACEMENT_3D('',#15948,#15949,#15950);
#15948 = CARTESIAN_POINT('',(0.,0.,0.));
#15949 = DIRECTION('',(0.,0.,1.));
#15950 = DIRECTION('',(1.,0.,-0.));
#15951 = ADVANCED_FACE('',(#15952,#15998,#16009,#16020,#16031,#16042,
    #16053,#16064,#16075,#16086,#16097,#16108,#16119,#16130,#16141,
    #16152,#16163,#16174,#16185,#16196,#16207,#16218,#16229,#16240,
    #16251,#16262,#16273,#16284,#16295,#16306,#16317,#16328,#16339,
    #16350,#16361,#16372,#16383,#16394,#16405,#16416,#16427,#16438),
  #16449,.T.);
#15952 = FACE_BOUND('',#15953,.T.);
#15953 = EDGE_LOOP('',(#15954,#15955,#15956,#15965,#15973,#15982,#15990,
    #15997));
#15954 = ORIENTED_EDGE('',*,*,#15358,.F.);
#15955 = ORIENTED_EDGE('',*,*,#15400,.F.);
#15956 = ORIENTED_EDGE('',*,*,#15957,.F.);
#15957 = EDGE_CURVE('',#15958,#15393,#15960,.T.);
#15958 = VERTEX_POINT('',#15959);
#15959 = CARTESIAN_POINT('',(81.8,-45.25,1.51));
#15960 = CIRCLE('',#15961,0.999999252925);
#15961 = AXIS2_PLACEMENT_3D('',#15962,#15963,#15964);
#15962 = CARTESIAN_POINT('',(82.799999252925,-45.24999925292,1.51));
#15963 = DIRECTION('',(0.,0.,-1.));
#15964 = DIRECTION('',(-1.,-7.470757349539E-07,-0.));
#15965 = ORIENTED_EDGE('',*,*,#15966,.F.);
#15966 = EDGE_CURVE('',#15967,#15958,#15969,.T.);
#15967 = VERTEX_POINT('',#15968);
#15968 = CARTESIAN_POINT('',(81.8,-103.7,1.51));
#15969 = LINE('',#15970,#15971);
#15970 = CARTESIAN_POINT('',(81.8,-103.7,1.51));
#15971 = VECTOR('',#15972,1.);
#15972 = DIRECTION('',(0.,1.,0.));
#15973 = ORIENTED_EDGE('',*,*,#15974,.F.);
#15974 = EDGE_CURVE('',#15975,#15967,#15977,.T.);
#15975 = VERTEX_POINT('',#15976);
#15976 = CARTESIAN_POINT('',(82.8,-104.7,1.51));
#15977 = CIRCLE('',#15978,0.999999252925);
#15978 = AXIS2_PLACEMENT_3D('',#15979,#15980,#15981);
#15979 = CARTESIAN_POINT('',(82.799999252925,-103.700000747,1.51));
#15980 = DIRECTION('',(0.,0.,-1.));
#15981 = DIRECTION('',(7.470757065321E-07,-1.,0.));
#15982 = ORIENTED_EDGE('',*,*,#15983,.F.);
#15983 = EDGE_CURVE('',#15984,#15975,#15986,.T.);
#15984 = VERTEX_POINT('',#15985);
#15985 = CARTESIAN_POINT('',(161.75,-104.7,1.51));
#15986 = LINE('',#15987,#15988);
#15987 = CARTESIAN_POINT('',(161.75,-104.7,1.51));
#15988 = VECTOR('',#15989,1.);
#15989 = DIRECTION('',(-1.,0.,0.));
#15990 = ORIENTED_EDGE('',*,*,#15991,.F.);
#15991 = EDGE_CURVE('',#15423,#15984,#15992,.T.);
#15992 = CIRCLE('',#15993,0.999999252925);
#15993 = AXIS2_PLACEMENT_3D('',#15994,#15995,#15996);
#15994 = CARTESIAN_POINT('',(161.75000074707,-103.700000747,1.51));
#15995 = DIRECTION('',(0.,0.,-1.));
#15996 = DIRECTION('',(1.,7.470757349539E-07,0.));
#15997 = ORIENTED_EDGE('',*,*,#15422,.F.);
#15998 = FACE_BOUND('',#15999,.T.);
#15999 = EDGE_LOOP('',(#16000));
#16000 = ORIENTED_EDGE('',*,*,#16001,.T.);
#16001 = EDGE_CURVE('',#16002,#16002,#16004,.T.);
#16002 = VERTEX_POINT('',#16003);
#16003 = CARTESIAN_POINT('',(85.8,-102.05,1.51));
#16004 = CIRCLE('',#16005,1.05);
#16005 = AXIS2_PLACEMENT_3D('',#16006,#16007,#16008);
#16006 = CARTESIAN_POINT('',(85.8,-101.,1.51));
#16007 = DIRECTION('',(-0.,0.,-1.));
#16008 = DIRECTION('',(-0.,-1.,0.));
#16009 = FACE_BOUND('',#16010,.T.);
#16010 = EDGE_LOOP('',(#16011));
#16011 = ORIENTED_EDGE('',*,*,#16012,.T.);
#16012 = EDGE_CURVE('',#16013,#16013,#16015,.T.);
#16013 = VERTEX_POINT('',#16014);
#16014 = CARTESIAN_POINT('',(85.2,-95.55,1.51));
#16015 = CIRCLE('',#16016,0.75);
#16016 = AXIS2_PLACEMENT_3D('',#16017,#16018,#16019);
#16017 = CARTESIAN_POINT('',(85.2,-94.8,1.51));
#16018 = DIRECTION('',(-0.,0.,-1.));
#16019 = DIRECTION('',(-0.,-1.,0.));
#16020 = FACE_BOUND('',#16021,.T.);
#16021 = EDGE_LOOP('',(#16022));
#16022 = ORIENTED_EDGE('',*,*,#16023,.T.);
#16023 = EDGE_CURVE('',#16024,#16024,#16026,.T.);
#16024 = VERTEX_POINT('',#16025);
#16025 = CARTESIAN_POINT('',(85.2,-93.1,1.51));
#16026 = CIRCLE('',#16027,0.4);
#16027 = AXIS2_PLACEMENT_3D('',#16028,#16029,#16030);
#16028 = CARTESIAN_POINT('',(85.2,-92.7,1.51));
#16029 = DIRECTION('',(-0.,0.,-1.));
#16030 = DIRECTION('',(3.5527136788E-14,-1.,-0.));
#16031 = FACE_BOUND('',#16032,.T.);
#16032 = EDGE_LOOP('',(#16033));
#16033 = ORIENTED_EDGE('',*,*,#16034,.T.);
#16034 = EDGE_CURVE('',#16035,#16035,#16037,.T.);
#16035 = VERTEX_POINT('',#16036);
#16036 = CARTESIAN_POINT('',(85.2,-91.1,1.51));
#16037 = CIRCLE('',#16038,0.4);
#16038 = AXIS2_PLACEMENT_3D('',#16039,#16040,#16041);
#16039 = CARTESIAN_POINT('',(85.2,-90.7,1.51));
#16040 = DIRECTION('',(-0.,0.,-1.));
#16041 = DIRECTION('',(3.5527136788E-14,-1.,-0.));
#16042 = FACE_BOUND('',#16043,.T.);
#16043 = EDGE_LOOP('',(#16044));
#16044 = ORIENTED_EDGE('',*,*,#16045,.T.);
#16045 = EDGE_CURVE('',#16046,#16046,#16048,.T.);
#16046 = VERTEX_POINT('',#16047);
#16047 = CARTESIAN_POINT('',(85.2,-89.1,1.51));
#16048 = CIRCLE('',#16049,0.4);
#16049 = AXIS2_PLACEMENT_3D('',#16050,#16051,#16052);
#16050 = CARTESIAN_POINT('',(85.2,-88.7,1.51));
#16051 = DIRECTION('',(-0.,0.,-1.));
#16052 = DIRECTION('',(3.5527136788E-14,-1.,-0.));
#16053 = FACE_BOUND('',#16054,.T.);
#16054 = EDGE_LOOP('',(#16055));
#16055 = ORIENTED_EDGE('',*,*,#16056,.T.);
#16056 = EDGE_CURVE('',#16057,#16057,#16059,.T.);
#16057 = VERTEX_POINT('',#16058);
#16058 = CARTESIAN_POINT('',(106.95,-95.55,1.51));
#16059 = CIRCLE('',#16060,0.55);
#16060 = AXIS2_PLACEMENT_3D('',#16061,#16062,#16063);
#16061 = CARTESIAN_POINT('',(106.95,-95.,1.51));
#16062 = DIRECTION('',(-0.,0.,-1.));
#16063 = DIRECTION('',(-0.,-1.,0.));
#16064 = FACE_BOUND('',#16065,.T.);
#16065 = EDGE_LOOP('',(#16066));
#16066 = ORIENTED_EDGE('',*,*,#16067,.T.);
#16067 = EDGE_CURVE('',#16068,#16068,#16070,.T.);
#16068 = VERTEX_POINT('',#16069);
#16069 = CARTESIAN_POINT('',(106.95,-91.05,1.51));
#16070 = CIRCLE('',#16071,0.55);
#16071 = AXIS2_PLACEMENT_3D('',#16072,#16073,#16074);
#16072 = CARTESIAN_POINT('',(106.95,-90.5,1.51));
#16073 = DIRECTION('',(-0.,0.,-1.));
#16074 = DIRECTION('',(-0.,-1.,0.));
#16075 = FACE_BOUND('',#16076,.T.);
#16076 = EDGE_LOOP('',(#16077));
#16077 = ORIENTED_EDGE('',*,*,#16078,.T.);
#16078 = EDGE_CURVE('',#16079,#16079,#16081,.T.);
#16079 = VERTEX_POINT('',#16080);
#16080 = CARTESIAN_POINT('',(113.45,-95.55,1.51));
#16081 = CIRCLE('',#16082,0.55);
#16082 = AXIS2_PLACEMENT_3D('',#16083,#16084,#16085);
#16083 = CARTESIAN_POINT('',(113.45,-95.,1.51));
#16084 = DIRECTION('',(-0.,0.,-1.));
#16085 = DIRECTION('',(-0.,-1.,0.));
#16086 = FACE_BOUND('',#16087,.T.);
#16087 = EDGE_LOOP('',(#16088));
#16088 = ORIENTED_EDGE('',*,*,#16089,.T.);
#16089 = EDGE_CURVE('',#16090,#16090,#16092,.T.);
#16090 = VERTEX_POINT('',#16091);
#16091 = CARTESIAN_POINT('',(113.45,-91.05,1.51));
#16092 = CIRCLE('',#16093,0.55);
#16093 = AXIS2_PLACEMENT_3D('',#16094,#16095,#16096);
#16094 = CARTESIAN_POINT('',(113.45,-90.5,1.51));
#16095 = DIRECTION('',(-0.,0.,-1.));
#16096 = DIRECTION('',(-0.,-1.,0.));
#16097 = FACE_BOUND('',#16098,.T.);
#16098 = EDGE_LOOP('',(#16099));
#16099 = ORIENTED_EDGE('',*,*,#16100,.T.);
#16100 = EDGE_CURVE('',#16101,#16101,#16103,.T.);
#16101 = VERTEX_POINT('',#16102);
#16102 = CARTESIAN_POINT('',(85.2,-87.35,1.51));
#16103 = CIRCLE('',#16104,0.75);
#16104 = AXIS2_PLACEMENT_3D('',#16105,#16106,#16107);
#16105 = CARTESIAN_POINT('',(85.2,-86.6,1.51));
#16106 = DIRECTION('',(-0.,0.,-1.));
#16107 = DIRECTION('',(-0.,-1.,0.));
#16108 = FACE_BOUND('',#16109,.T.);
#16109 = EDGE_LOOP('',(#16110));
#16110 = ORIENTED_EDGE('',*,*,#16111,.F.);
#16111 = EDGE_CURVE('',#16112,#16112,#16114,.T.);
#16112 = VERTEX_POINT('',#16113);
#16113 = CARTESIAN_POINT('',(93.87,-78.01,1.51));
#16114 = CIRCLE('',#16115,1.3);
#16115 = AXIS2_PLACEMENT_3D('',#16116,#16117,#16118);
#16116 = CARTESIAN_POINT('',(92.57,-78.01,1.51));
#16117 = DIRECTION('',(0.,0.,1.));
#16118 = DIRECTION('',(1.,0.,-0.));
#16119 = FACE_BOUND('',#16120,.T.);
#16120 = EDGE_LOOP('',(#16121));
#16121 = ORIENTED_EDGE('',*,*,#16122,.T.);
#16122 = EDGE_CURVE('',#16123,#16123,#16125,.T.);
#16123 = VERTEX_POINT('',#16124);
#16124 = CARTESIAN_POINT('',(133.9135,-94.564,1.51));
#16125 = CIRCLE('',#16126,0.45);
#16126 = AXIS2_PLACEMENT_3D('',#16127,#16128,#16129);
#16127 = CARTESIAN_POINT('',(133.9135,-94.114,1.51));
#16128 = DIRECTION('',(-0.,0.,-1.));
#16129 = DIRECTION('',(-0.,-1.,0.));
#16130 = FACE_BOUND('',#16131,.T.);
#16131 = EDGE_LOOP('',(#16132));
#16132 = ORIENTED_EDGE('',*,*,#16133,.T.);
#16133 = EDGE_CURVE('',#16134,#16134,#16136,.T.);
#16134 = VERTEX_POINT('',#16135);
#16135 = CARTESIAN_POINT('',(133.9135,-92.024,1.51));
#16136 = CIRCLE('',#16137,0.45);
#16137 = AXIS2_PLACEMENT_3D('',#16138,#16139,#16140);
#16138 = CARTESIAN_POINT('',(133.9135,-91.574,1.51));
#16139 = DIRECTION('',(-0.,0.,-1.));
#16140 = DIRECTION('',(-0.,-1.,0.));
#16141 = FACE_BOUND('',#16142,.T.);
#16142 = EDGE_LOOP('',(#16143));
#16143 = ORIENTED_EDGE('',*,*,#16144,.T.);
#16144 = EDGE_CURVE('',#16145,#16145,#16147,.T.);
#16145 = VERTEX_POINT('',#16146);
#16146 = CARTESIAN_POINT('',(158.6,-102.45,1.51));
#16147 = CIRCLE('',#16148,1.05);
#16148 = AXIS2_PLACEMENT_3D('',#16149,#16150,#16151);
#16149 = CARTESIAN_POINT('',(158.6,-101.4,1.51));
#16150 = DIRECTION('',(-0.,0.,-1.));
#16151 = DIRECTION('',(-2.706829469562E-14,-1.,0.));
#16152 = FACE_BOUND('',#16153,.T.);
#16153 = EDGE_LOOP('',(#16154));
#16154 = ORIENTED_EDGE('',*,*,#16155,.T.);
#16155 = EDGE_CURVE('',#16156,#16156,#16158,.T.);
#16156 = VERTEX_POINT('',#16157);
#16157 = CARTESIAN_POINT('',(153.95,-94.775,1.51));
#16158 = CIRCLE('',#16159,0.375);
#16159 = AXIS2_PLACEMENT_3D('',#16160,#16161,#16162);
#16160 = CARTESIAN_POINT('',(153.95,-94.4,1.51));
#16161 = DIRECTION('',(-0.,0.,-1.));
#16162 = DIRECTION('',(-0.,-1.,0.));
#16163 = FACE_BOUND('',#16164,.T.);
#16164 = EDGE_LOOP('',(#16165));
#16165 = ORIENTED_EDGE('',*,*,#16166,.T.);
#16166 = EDGE_CURVE('',#16167,#16167,#16169,.T.);
#16167 = VERTEX_POINT('',#16168);
#16168 = CARTESIAN_POINT('',(153.95,-92.775,1.51));
#16169 = CIRCLE('',#16170,0.375);
#16170 = AXIS2_PLACEMENT_3D('',#16171,#16172,#16173);
#16171 = CARTESIAN_POINT('',(153.95,-92.4,1.51));
#16172 = DIRECTION('',(-0.,0.,-1.));
#16173 = DIRECTION('',(-0.,-1.,0.));
#16174 = FACE_BOUND('',#16175,.T.);
#16175 = EDGE_LOOP('',(#16176));
#16176 = ORIENTED_EDGE('',*,*,#16177,.T.);
#16177 = EDGE_CURVE('',#16178,#16178,#16180,.T.);
#16178 = VERTEX_POINT('',#16179);
#16179 = CARTESIAN_POINT('',(122.75,-78.39,1.51));
#16180 = CIRCLE('',#16181,0.4);
#16181 = AXIS2_PLACEMENT_3D('',#16182,#16183,#16184);
#16182 = CARTESIAN_POINT('',(122.75,-77.99,1.51));
#16183 = DIRECTION('',(-0.,0.,-1.));
#16184 = DIRECTION('',(-0.,-1.,0.));
#16185 = FACE_BOUND('',#16186,.T.);
#16186 = EDGE_LOOP('',(#16187));
#16187 = ORIENTED_EDGE('',*,*,#16188,.T.);
#16188 = EDGE_CURVE('',#16189,#16189,#16191,.T.);
#16189 = VERTEX_POINT('',#16190);
#16190 = CARTESIAN_POINT('',(126.3,-78.39,1.51));
#16191 = CIRCLE('',#16192,0.4);
#16192 = AXIS2_PLACEMENT_3D('',#16193,#16194,#16195);
#16193 = CARTESIAN_POINT('',(126.3,-77.99,1.51));
#16194 = DIRECTION('',(-0.,0.,-1.));
#16195 = DIRECTION('',(-3.552713678801E-14,-1.,0.));
#16196 = FACE_BOUND('',#16197,.T.);
#16197 = EDGE_LOOP('',(#16198));
#16198 = ORIENTED_EDGE('',*,*,#16199,.T.);
#16199 = EDGE_CURVE('',#16200,#16200,#16202,.T.);
#16200 = VERTEX_POINT('',#16201);
#16201 = CARTESIAN_POINT('',(129.85,-78.39,1.51));
#16202 = CIRCLE('',#16203,0.4);
#16203 = AXIS2_PLACEMENT_3D('',#16204,#16205,#16206);
#16204 = CARTESIAN_POINT('',(129.85,-77.99,1.51));
#16205 = DIRECTION('',(-0.,0.,-1.));
#16206 = DIRECTION('',(-0.,-1.,0.));
#16207 = FACE_BOUND('',#16208,.T.);
#16208 = EDGE_LOOP('',(#16209));
#16209 = ORIENTED_EDGE('',*,*,#16210,.T.);
#16210 = EDGE_CURVE('',#16211,#16211,#16213,.T.);
#16211 = VERTEX_POINT('',#16212);
#16212 = CARTESIAN_POINT('',(133.4,-78.39,1.51));
#16213 = CIRCLE('',#16214,0.4);
#16214 = AXIS2_PLACEMENT_3D('',#16215,#16216,#16217);
#16215 = CARTESIAN_POINT('',(133.4,-77.99,1.51));
#16216 = DIRECTION('',(-0.,0.,-1.));
#16217 = DIRECTION('',(-0.,-1.,0.));
#16218 = FACE_BOUND('',#16219,.T.);
#16219 = EDGE_LOOP('',(#16220));
#16220 = ORIENTED_EDGE('',*,*,#16221,.T.);
#16221 = EDGE_CURVE('',#16222,#16222,#16224,.T.);
#16222 = VERTEX_POINT('',#16223);
#16223 = CARTESIAN_POINT('',(90.14,-73.245,1.51));
#16224 = CIRCLE('',#16225,0.425);
#16225 = AXIS2_PLACEMENT_3D('',#16226,#16227,#16228);
#16226 = CARTESIAN_POINT('',(90.14,-72.82,1.51));
#16227 = DIRECTION('',(-0.,0.,-1.));
#16228 = DIRECTION('',(-0.,-1.,0.));
#16229 = FACE_BOUND('',#16230,.T.);
#16230 = EDGE_LOOP('',(#16231));
#16231 = ORIENTED_EDGE('',*,*,#16232,.F.);
#16232 = EDGE_CURVE('',#16233,#16233,#16235,.T.);
#16233 = VERTEX_POINT('',#16234);
#16234 = CARTESIAN_POINT('',(89.02,-69.01,1.51));
#16235 = CIRCLE('',#16236,0.95);
#16236 = AXIS2_PLACEMENT_3D('',#16237,#16238,#16239);
#16237 = CARTESIAN_POINT('',(88.07,-69.01,1.51));
#16238 = DIRECTION('',(0.,0.,1.));
#16239 = DIRECTION('',(1.,0.,-0.));
#16240 = FACE_BOUND('',#16241,.T.);
#16241 = EDGE_LOOP('',(#16242));
#16242 = ORIENTED_EDGE('',*,*,#16243,.T.);
#16243 = EDGE_CURVE('',#16244,#16244,#16246,.T.);
#16244 = VERTEX_POINT('',#16245);
#16245 = CARTESIAN_POINT('',(90.14,-65.625,1.51));
#16246 = CIRCLE('',#16247,0.425);
#16247 = AXIS2_PLACEMENT_3D('',#16248,#16249,#16250);
#16248 = CARTESIAN_POINT('',(90.14,-65.2,1.51));
#16249 = DIRECTION('',(-0.,0.,-1.));
#16250 = DIRECTION('',(-0.,-1.,0.));
#16251 = FACE_BOUND('',#16252,.T.);
#16252 = EDGE_LOOP('',(#16253));
#16253 = ORIENTED_EDGE('',*,*,#16254,.T.);
#16254 = EDGE_CURVE('',#16255,#16255,#16257,.T.);
#16255 = VERTEX_POINT('',#16256);
#16256 = CARTESIAN_POINT('',(113.,-73.245,1.51));
#16257 = CIRCLE('',#16258,0.425);
#16258 = AXIS2_PLACEMENT_3D('',#16259,#16260,#16261);
#16259 = CARTESIAN_POINT('',(113.,-72.82,1.51));
#16260 = DIRECTION('',(-0.,0.,-1.));
#16261 = DIRECTION('',(-0.,-1.,0.));
#16262 = FACE_BOUND('',#16263,.T.);
#16263 = EDGE_LOOP('',(#16264));
#16264 = ORIENTED_EDGE('',*,*,#16265,.F.);
#16265 = EDGE_CURVE('',#16266,#16266,#16268,.T.);
#16266 = VERTEX_POINT('',#16267);
#16267 = CARTESIAN_POINT('',(116.02,-69.01,1.51));
#16268 = CIRCLE('',#16269,0.95);
#16269 = AXIS2_PLACEMENT_3D('',#16270,#16271,#16272);
#16270 = CARTESIAN_POINT('',(115.07,-69.01,1.51));
#16271 = DIRECTION('',(0.,0.,1.));
#16272 = DIRECTION('',(1.,0.,-0.));
#16273 = FACE_BOUND('',#16274,.T.);
#16274 = EDGE_LOOP('',(#16275));
#16275 = ORIENTED_EDGE('',*,*,#16276,.T.);
#16276 = EDGE_CURVE('',#16277,#16277,#16279,.T.);
#16277 = VERTEX_POINT('',#16278);
#16278 = CARTESIAN_POINT('',(113.,-65.625,1.51));
#16279 = CIRCLE('',#16280,0.425);
#16280 = AXIS2_PLACEMENT_3D('',#16281,#16282,#16283);
#16281 = CARTESIAN_POINT('',(113.,-65.2,1.51));
#16282 = DIRECTION('',(-0.,0.,-1.));
#16283 = DIRECTION('',(-0.,-1.,0.));
#16284 = FACE_BOUND('',#16285,.T.);
#16285 = EDGE_LOOP('',(#16286));
#16286 = ORIENTED_EDGE('',*,*,#16287,.F.);
#16287 = EDGE_CURVE('',#16288,#16288,#16290,.T.);
#16288 = VERTEX_POINT('',#16289);
#16289 = CARTESIAN_POINT('',(103.52,-59.01,1.51));
#16290 = CIRCLE('',#16291,1.95);
#16291 = AXIS2_PLACEMENT_3D('',#16292,#16293,#16294);
#16292 = CARTESIAN_POINT('',(101.57,-59.01,1.51));
#16293 = DIRECTION('',(0.,0.,1.));
#16294 = DIRECTION('',(1.,0.,-0.));
#16295 = FACE_BOUND('',#16296,.T.);
#16296 = EDGE_LOOP('',(#16297));
#16297 = ORIENTED_EDGE('',*,*,#16298,.T.);
#16298 = EDGE_CURVE('',#16299,#16299,#16301,.T.);
#16299 = VERTEX_POINT('',#16300);
#16300 = CARTESIAN_POINT('',(85.6,-48.45,1.51));
#16301 = CIRCLE('',#16302,1.05);
#16302 = AXIS2_PLACEMENT_3D('',#16303,#16304,#16305);
#16303 = CARTESIAN_POINT('',(85.6,-47.4,1.51));
#16304 = DIRECTION('',(-0.,0.,-1.));
#16305 = DIRECTION('',(-0.,-1.,0.));
#16306 = FACE_BOUND('',#16307,.T.);
#16307 = EDGE_LOOP('',(#16308));
#16308 = ORIENTED_EDGE('',*,*,#16309,.T.);
#16309 = EDGE_CURVE('',#16310,#16310,#16312,.T.);
#16310 = VERTEX_POINT('',#16311);
#16311 = CARTESIAN_POINT('',(122.75,-70.77,1.51));
#16312 = CIRCLE('',#16313,0.4);
#16313 = AXIS2_PLACEMENT_3D('',#16314,#16315,#16316);
#16314 = CARTESIAN_POINT('',(122.75,-70.37,1.51));
#16315 = DIRECTION('',(-0.,0.,-1.));
#16316 = DIRECTION('',(-0.,-1.,0.));
#16317 = FACE_BOUND('',#16318,.T.);
#16318 = EDGE_LOOP('',(#16319));
#16319 = ORIENTED_EDGE('',*,*,#16320,.T.);
#16320 = EDGE_CURVE('',#16321,#16321,#16323,.T.);
#16321 = VERTEX_POINT('',#16322);
#16322 = CARTESIAN_POINT('',(126.3,-70.77,1.51));
#16323 = CIRCLE('',#16324,0.4);
#16324 = AXIS2_PLACEMENT_3D('',#16325,#16326,#16327);
#16325 = CARTESIAN_POINT('',(126.3,-70.37,1.51));
#16326 = DIRECTION('',(-0.,0.,-1.));
#16327 = DIRECTION('',(-3.5527136788E-14,-1.,0.));
#16328 = FACE_BOUND('',#16329,.T.);
#16329 = EDGE_LOOP('',(#16330));
#16330 = ORIENTED_EDGE('',*,*,#16331,.T.);
#16331 = EDGE_CURVE('',#16332,#16332,#16334,.T.);
#16332 = VERTEX_POINT('',#16333);
#16333 = CARTESIAN_POINT('',(129.85,-70.77,1.51));
#16334 = CIRCLE('',#16335,0.4);
#16335 = AXIS2_PLACEMENT_3D('',#16336,#16337,#16338);
#16336 = CARTESIAN_POINT('',(129.85,-70.37,1.51));
#16337 = DIRECTION('',(-0.,0.,-1.));
#16338 = DIRECTION('',(-0.,-1.,0.));
#16339 = FACE_BOUND('',#16340,.T.);
#16340 = EDGE_LOOP('',(#16341));
#16341 = ORIENTED_EDGE('',*,*,#16342,.T.);
#16342 = EDGE_CURVE('',#16343,#16343,#16345,.T.);
#16343 = VERTEX_POINT('',#16344);
#16344 = CARTESIAN_POINT('',(133.4,-70.77,1.51));
#16345 = CIRCLE('',#16346,0.4);
#16346 = AXIS2_PLACEMENT_3D('',#16347,#16348,#16349);
#16347 = CARTESIAN_POINT('',(133.4,-70.37,1.51));
#16348 = DIRECTION('',(-0.,0.,-1.));
#16349 = DIRECTION('',(-0.,-1.,0.));
#16350 = FACE_BOUND('',#16351,.T.);
#16351 = EDGE_LOOP('',(#16352));
#16352 = ORIENTED_EDGE('',*,*,#16353,.T.);
#16353 = EDGE_CURVE('',#16354,#16354,#16356,.T.);
#16354 = VERTEX_POINT('',#16355);
#16355 = CARTESIAN_POINT('',(122.85,-65.21,1.51));
#16356 = CIRCLE('',#16357,0.4);
#16357 = AXIS2_PLACEMENT_3D('',#16358,#16359,#16360);
#16358 = CARTESIAN_POINT('',(122.85,-64.81,1.51));
#16359 = DIRECTION('',(-0.,0.,-1.));
#16360 = DIRECTION('',(-0.,-1.,0.));
#16361 = FACE_BOUND('',#16362,.T.);
#16362 = EDGE_LOOP('',(#16363));
#16363 = ORIENTED_EDGE('',*,*,#16364,.T.);
#16364 = EDGE_CURVE('',#16365,#16365,#16367,.T.);
#16365 = VERTEX_POINT('',#16366);
#16366 = CARTESIAN_POINT('',(126.4,-65.21,1.51));
#16367 = CIRCLE('',#16368,0.4);
#16368 = AXIS2_PLACEMENT_3D('',#16369,#16370,#16371);
#16369 = CARTESIAN_POINT('',(126.4,-64.81,1.51));
#16370 = DIRECTION('',(-0.,0.,-1.));
#16371 = DIRECTION('',(-0.,-1.,0.));
#16372 = FACE_BOUND('',#16373,.T.);
#16373 = EDGE_LOOP('',(#16374));
#16374 = ORIENTED_EDGE('',*,*,#16375,.T.);
#16375 = EDGE_CURVE('',#16376,#16376,#16378,.T.);
#16376 = VERTEX_POINT('',#16377);
#16377 = CARTESIAN_POINT('',(129.95,-65.21,1.51));
#16378 = CIRCLE('',#16379,0.4);
#16379 = AXIS2_PLACEMENT_3D('',#16380,#16381,#16382);
#16380 = CARTESIAN_POINT('',(129.95,-64.81,1.51));
#16381 = DIRECTION('',(-0.,0.,-1.));
#16382 = DIRECTION('',(-0.,-1.,0.));
#16383 = FACE_BOUND('',#16384,.T.);
#16384 = EDGE_LOOP('',(#16385));
#16385 = ORIENTED_EDGE('',*,*,#16386,.T.);
#16386 = EDGE_CURVE('',#16387,#16387,#16389,.T.);
#16387 = VERTEX_POINT('',#16388);
#16388 = CARTESIAN_POINT('',(133.5,-65.21,1.51));
#16389 = CIRCLE('',#16390,0.4);
#16390 = AXIS2_PLACEMENT_3D('',#16391,#16392,#16393);
#16391 = CARTESIAN_POINT('',(133.5,-64.81,1.51));
#16392 = DIRECTION('',(-0.,0.,-1.));
#16393 = DIRECTION('',(-0.,-1.,0.));
#16394 = FACE_BOUND('',#16395,.T.);
#16395 = EDGE_LOOP('',(#16396));
#16396 = ORIENTED_EDGE('',*,*,#16397,.T.);
#16397 = EDGE_CURVE('',#16398,#16398,#16400,.T.);
#16398 = VERTEX_POINT('',#16399);
#16399 = CARTESIAN_POINT('',(122.85,-57.59,1.51));
#16400 = CIRCLE('',#16401,0.4);
#16401 = AXIS2_PLACEMENT_3D('',#16402,#16403,#16404);
#16402 = CARTESIAN_POINT('',(122.85,-57.19,1.51));
#16403 = DIRECTION('',(-0.,0.,-1.));
#16404 = DIRECTION('',(-0.,-1.,0.));
#16405 = FACE_BOUND('',#16406,.T.);
#16406 = EDGE_LOOP('',(#16407));
#16407 = ORIENTED_EDGE('',*,*,#16408,.T.);
#16408 = EDGE_CURVE('',#16409,#16409,#16411,.T.);
#16409 = VERTEX_POINT('',#16410);
#16410 = CARTESIAN_POINT('',(126.4,-57.59,1.51));
#16411 = CIRCLE('',#16412,0.4);
#16412 = AXIS2_PLACEMENT_3D('',#16413,#16414,#16415);
#16413 = CARTESIAN_POINT('',(126.4,-57.19,1.51));
#16414 = DIRECTION('',(-0.,0.,-1.));
#16415 = DIRECTION('',(-0.,-1.,0.));
#16416 = FACE_BOUND('',#16417,.T.);
#16417 = EDGE_LOOP('',(#16418));
#16418 = ORIENTED_EDGE('',*,*,#16419,.T.);
#16419 = EDGE_CURVE('',#16420,#16420,#16422,.T.);
#16420 = VERTEX_POINT('',#16421);
#16421 = CARTESIAN_POINT('',(129.95,-57.59,1.51));
#16422 = CIRCLE('',#16423,0.4);
#16423 = AXIS2_PLACEMENT_3D('',#16424,#16425,#16426);
#16424 = CARTESIAN_POINT('',(129.95,-57.19,1.51));
#16425 = DIRECTION('',(-0.,0.,-1.));
#16426 = DIRECTION('',(-0.,-1.,0.));
#16427 = FACE_BOUND('',#16428,.T.);
#16428 = EDGE_LOOP('',(#16429));
#16429 = ORIENTED_EDGE('',*,*,#16430,.T.);
#16430 = EDGE_CURVE('',#16431,#16431,#16433,.T.);
#16431 = VERTEX_POINT('',#16432);
#16432 = CARTESIAN_POINT('',(133.5,-57.59,1.51));
#16433 = CIRCLE('',#16434,0.4);
#16434 = AXIS2_PLACEMENT_3D('',#16435,#16436,#16437);
#16435 = CARTESIAN_POINT('',(133.5,-57.19,1.51));
#16436 = DIRECTION('',(-0.,0.,-1.));
#16437 = DIRECTION('',(-0.,-1.,0.));
#16438 = FACE_BOUND('',#16439,.T.);
#16439 = EDGE_LOOP('',(#16440));
#16440 = ORIENTED_EDGE('',*,*,#16441,.T.);
#16441 = EDGE_CURVE('',#16442,#16442,#16444,.T.);
#16442 = VERTEX_POINT('',#16443);
#16443 = CARTESIAN_POINT('',(158.6,-48.65,1.51));
#16444 = CIRCLE('',#16445,1.05);
#16445 = AXIS2_PLACEMENT_3D('',#16446,#16447,#16448);
#16446 = CARTESIAN_POINT('',(158.6,-47.6,1.51));
#16447 = DIRECTION('',(-0.,0.,-1.));
#16448 = DIRECTION('',(-2.706829469562E-14,-1.,0.));
#16449 = PLANE('',#16450);
#16450 = AXIS2_PLACEMENT_3D('',#16451,#16452,#16453);
#16451 = CARTESIAN_POINT('',(0.,0.,1.51));
#16452 = DIRECTION('',(0.,0.,1.));
#16453 = DIRECTION('',(1.,0.,-0.));
#16454 = ADVANCED_FACE('',(#16455),#16466,.T.);
#16455 = FACE_BOUND('',#16456,.T.);
#16456 = EDGE_LOOP('',(#16457,#16463,#16464,#16465));
#16457 = ORIENTED_EDGE('',*,*,#16458,.T.);
#16458 = EDGE_CURVE('',#15455,#15958,#16459,.T.);
#16459 = LINE('',#16460,#16461);
#16460 = CARTESIAN_POINT('',(81.8,-45.25,0.));
#16461 = VECTOR('',#16462,1.);
#16462 = DIRECTION('',(0.,0.,1.));
#16463 = ORIENTED_EDGE('',*,*,#15957,.T.);
#16464 = ORIENTED_EDGE('',*,*,#15390,.F.);
#16465 = ORIENTED_EDGE('',*,*,#15454,.F.);
#16466 = CYLINDRICAL_SURFACE('',#16467,0.999999252925);
#16467 = AXIS2_PLACEMENT_3D('',#16468,#16469,#16470);
#16468 = CARTESIAN_POINT('',(82.799999252925,-45.24999925292,0.));
#16469 = DIRECTION('',(0.,0.,-1.));
#16470 = DIRECTION('',(-1.,-7.470757349539E-07,-0.));
#16471 = ADVANCED_FACE('',(#16472),#16483,.T.);
#16472 = FACE_BOUND('',#16473,.T.);
#16473 = EDGE_LOOP('',(#16474,#16475,#16476,#16482));
#16474 = ORIENTED_EDGE('',*,*,#15430,.T.);
#16475 = ORIENTED_EDGE('',*,*,#15991,.T.);
#16476 = ORIENTED_EDGE('',*,*,#16477,.F.);
#16477 = EDGE_CURVE('',#15481,#15984,#16478,.T.);
#16478 = LINE('',#16479,#16480);
#16479 = CARTESIAN_POINT('',(161.75,-104.7,0.));
#16480 = VECTOR('',#16481,1.);
#16481 = DIRECTION('',(0.,0.,1.));
#16482 = ORIENTED_EDGE('',*,*,#15488,.F.);
#16483 = CYLINDRICAL_SURFACE('',#16484,0.999999252925);
#16484 = AXIS2_PLACEMENT_3D('',#16485,#16486,#16487);
#16485 = CARTESIAN_POINT('',(161.75000074707,-103.700000747,0.));
#16486 = DIRECTION('',(0.,0.,-1.));
#16487 = DIRECTION('',(1.,7.470757349539E-07,0.));
#16488 = ADVANCED_FACE('',(#16489),#16500,.T.);
#16489 = FACE_BOUND('',#16490,.T.);
#16490 = EDGE_LOOP('',(#16491,#16497,#16498,#16499));
#16491 = ORIENTED_EDGE('',*,*,#16492,.T.);
#16492 = EDGE_CURVE('',#15464,#15967,#16493,.T.);
#16493 = LINE('',#16494,#16495);
#16494 = CARTESIAN_POINT('',(81.8,-103.7,0.));
#16495 = VECTOR('',#16496,1.);
#16496 = DIRECTION('',(0.,0.,1.));
#16497 = ORIENTED_EDGE('',*,*,#15966,.T.);
#16498 = ORIENTED_EDGE('',*,*,#16458,.F.);
#16499 = ORIENTED_EDGE('',*,*,#15463,.F.);
#16500 = PLANE('',#16501);
#16501 = AXIS2_PLACEMENT_3D('',#16502,#16503,#16504);
#16502 = CARTESIAN_POINT('',(81.8,-103.7,0.));
#16503 = DIRECTION('',(-1.,0.,0.));
#16504 = DIRECTION('',(0.,1.,0.));
#16505 = ADVANCED_FACE('',(#16506),#16517,.T.);
#16506 = FACE_BOUND('',#16507,.T.);
#16507 = EDGE_LOOP('',(#16508,#16509,#16510,#16516));
#16508 = ORIENTED_EDGE('',*,*,#16477,.T.);
#16509 = ORIENTED_EDGE('',*,*,#15983,.T.);
#16510 = ORIENTED_EDGE('',*,*,#16511,.F.);
#16511 = EDGE_CURVE('',#15472,#15975,#16512,.T.);
#16512 = LINE('',#16513,#16514);
#16513 = CARTESIAN_POINT('',(82.8,-104.7,0.));
#16514 = VECTOR('',#16515,1.);
#16515 = DIRECTION('',(0.,0.,1.));
#16516 = ORIENTED_EDGE('',*,*,#15480,.F.);
#16517 = PLANE('',#16518);
#16518 = AXIS2_PLACEMENT_3D('',#16519,#16520,#16521);
#16519 = CARTESIAN_POINT('',(161.75,-104.7,0.));
#16520 = DIRECTION('',(0.,-1.,0.));
#16521 = DIRECTION('',(-1.,0.,0.));
#16522 = ADVANCED_FACE('',(#16523),#16529,.T.);
#16523 = FACE_BOUND('',#16524,.T.);
#16524 = EDGE_LOOP('',(#16525,#16526,#16527,#16528));
#16525 = ORIENTED_EDGE('',*,*,#16511,.T.);
#16526 = ORIENTED_EDGE('',*,*,#15974,.T.);
#16527 = ORIENTED_EDGE('',*,*,#16492,.F.);
#16528 = ORIENTED_EDGE('',*,*,#15471,.F.);
#16529 = CYLINDRICAL_SURFACE('',#16530,0.999999252925);
#16530 = AXIS2_PLACEMENT_3D('',#16531,#16532,#16533);
#16531 = CARTESIAN_POINT('',(82.799999252925,-103.700000747,0.));
#16532 = DIRECTION('',(0.,0.,-1.));
#16533 = DIRECTION('',(7.470757065321E-07,-1.,0.));
#16534 = ADVANCED_FACE('',(#16535),#16546,.F.);
#16535 = FACE_BOUND('',#16536,.T.);
#16536 = EDGE_LOOP('',(#16537,#16538,#16544,#16545));
#16537 = ORIENTED_EDGE('',*,*,#15498,.T.);
#16538 = ORIENTED_EDGE('',*,*,#16539,.T.);
#16539 = EDGE_CURVE('',#15499,#16002,#16540,.T.);
#16540 = LINE('',#16541,#16542);
#16541 = CARTESIAN_POINT('',(85.8,-102.05,-4.6E-02));
#16542 = VECTOR('',#16543,1.);
#16543 = DIRECTION('',(0.,0.,1.));
#16544 = ORIENTED_EDGE('',*,*,#16001,.F.);
#16545 = ORIENTED_EDGE('',*,*,#16539,.F.);
#16546 = CYLINDRICAL_SURFACE('',#16547,1.05);
#16547 = AXIS2_PLACEMENT_3D('',#16548,#16549,#16550);
#16548 = CARTESIAN_POINT('',(85.8,-101.,-4.6E-02));
#16549 = DIRECTION('',(-0.,-0.,-1.));
#16550 = DIRECTION('',(-0.,-1.,0.));
#16551 = ADVANCED_FACE('',(#16552),#16563,.F.);
#16552 = FACE_BOUND('',#16553,.T.);
#16553 = EDGE_LOOP('',(#16554,#16555,#16561,#16562));
#16554 = ORIENTED_EDGE('',*,*,#15509,.T.);
#16555 = ORIENTED_EDGE('',*,*,#16556,.T.);
#16556 = EDGE_CURVE('',#15510,#16013,#16557,.T.);
#16557 = LINE('',#16558,#16559);
#16558 = CARTESIAN_POINT('',(85.2,-95.55,-4.6E-02));
#16559 = VECTOR('',#16560,1.);
#16560 = DIRECTION('',(0.,0.,1.));
#16561 = ORIENTED_EDGE('',*,*,#16012,.F.);
#16562 = ORIENTED_EDGE('',*,*,#16556,.F.);
#16563 = CYLINDRICAL_SURFACE('',#16564,0.75);
#16564 = AXIS2_PLACEMENT_3D('',#16565,#16566,#16567);
#16565 = CARTESIAN_POINT('',(85.2,-94.8,-4.6E-02));
#16566 = DIRECTION('',(-0.,-0.,-1.));
#16567 = DIRECTION('',(-0.,-1.,0.));
#16568 = ADVANCED_FACE('',(#16569),#16580,.F.);
#16569 = FACE_BOUND('',#16570,.T.);
#16570 = EDGE_LOOP('',(#16571,#16572,#16578,#16579));
#16571 = ORIENTED_EDGE('',*,*,#15520,.T.);
#16572 = ORIENTED_EDGE('',*,*,#16573,.T.);
#16573 = EDGE_CURVE('',#15521,#16024,#16574,.T.);
#16574 = LINE('',#16575,#16576);
#16575 = CARTESIAN_POINT('',(85.2,-93.1,-4.6E-02));
#16576 = VECTOR('',#16577,1.);
#16577 = DIRECTION('',(0.,0.,1.));
#16578 = ORIENTED_EDGE('',*,*,#16023,.F.);
#16579 = ORIENTED_EDGE('',*,*,#16573,.F.);
#16580 = CYLINDRICAL_SURFACE('',#16581,0.4);
#16581 = AXIS2_PLACEMENT_3D('',#16582,#16583,#16584);
#16582 = CARTESIAN_POINT('',(85.2,-92.7,-4.6E-02));
#16583 = DIRECTION('',(-0.,0.,-1.));
#16584 = DIRECTION('',(3.5527136788E-14,-1.,-0.));
#16585 = ADVANCED_FACE('',(#16586),#16597,.F.);
#16586 = FACE_BOUND('',#16587,.T.);
#16587 = EDGE_LOOP('',(#16588,#16589,#16595,#16596));
#16588 = ORIENTED_EDGE('',*,*,#15531,.T.);
#16589 = ORIENTED_EDGE('',*,*,#16590,.T.);
#16590 = EDGE_CURVE('',#15532,#16035,#16591,.T.);
#16591 = LINE('',#16592,#16593);
#16592 = CARTESIAN_POINT('',(85.2,-91.1,-4.6E-02));
#16593 = VECTOR('',#16594,1.);
#16594 = DIRECTION('',(0.,0.,1.));
#16595 = ORIENTED_EDGE('',*,*,#16034,.F.);
#16596 = ORIENTED_EDGE('',*,*,#16590,.F.);
#16597 = CYLINDRICAL_SURFACE('',#16598,0.4);
#16598 = AXIS2_PLACEMENT_3D('',#16599,#16600,#16601);
#16599 = CARTESIAN_POINT('',(85.2,-90.7,-4.6E-02));
#16600 = DIRECTION('',(-0.,0.,-1.));
#16601 = DIRECTION('',(3.5527136788E-14,-1.,-0.));
#16602 = ADVANCED_FACE('',(#16603),#16614,.F.);
#16603 = FACE_BOUND('',#16604,.T.);
#16604 = EDGE_LOOP('',(#16605,#16606,#16612,#16613));
#16605 = ORIENTED_EDGE('',*,*,#15542,.T.);
#16606 = ORIENTED_EDGE('',*,*,#16607,.T.);
#16607 = EDGE_CURVE('',#15543,#16046,#16608,.T.);
#16608 = LINE('',#16609,#16610);
#16609 = CARTESIAN_POINT('',(85.2,-89.1,-4.6E-02));
#16610 = VECTOR('',#16611,1.);
#16611 = DIRECTION('',(0.,0.,1.));
#16612 = ORIENTED_EDGE('',*,*,#16045,.F.);
#16613 = ORIENTED_EDGE('',*,*,#16607,.F.);
#16614 = CYLINDRICAL_SURFACE('',#16615,0.4);
#16615 = AXIS2_PLACEMENT_3D('',#16616,#16617,#16618);
#16616 = CARTESIAN_POINT('',(85.2,-88.7,-4.6E-02));
#16617 = DIRECTION('',(-0.,0.,-1.));
#16618 = DIRECTION('',(3.5527136788E-14,-1.,-0.));
#16619 = ADVANCED_FACE('',(#16620),#16631,.F.);
#16620 = FACE_BOUND('',#16621,.T.);
#16621 = EDGE_LOOP('',(#16622,#16623,#16629,#16630));
#16622 = ORIENTED_EDGE('',*,*,#15553,.T.);
#16623 = ORIENTED_EDGE('',*,*,#16624,.T.);
#16624 = EDGE_CURVE('',#15554,#16057,#16625,.T.);
#16625 = LINE('',#16626,#16627);
#16626 = CARTESIAN_POINT('',(106.95,-95.55,-4.6E-02));
#16627 = VECTOR('',#16628,1.);
#16628 = DIRECTION('',(0.,0.,1.));
#16629 = ORIENTED_EDGE('',*,*,#16056,.F.);
#16630 = ORIENTED_EDGE('',*,*,#16624,.F.);
#16631 = CYLINDRICAL_SURFACE('',#16632,0.55);
#16632 = AXIS2_PLACEMENT_3D('',#16633,#16634,#16635);
#16633 = CARTESIAN_POINT('',(106.95,-95.,-4.6E-02));
#16634 = DIRECTION('',(-0.,-0.,-1.));
#16635 = DIRECTION('',(-0.,-1.,0.));
#16636 = ADVANCED_FACE('',(#16637),#16648,.F.);
#16637 = FACE_BOUND('',#16638,.T.);
#16638 = EDGE_LOOP('',(#16639,#16640,#16646,#16647));
#16639 = ORIENTED_EDGE('',*,*,#15564,.T.);
#16640 = ORIENTED_EDGE('',*,*,#16641,.T.);
#16641 = EDGE_CURVE('',#15565,#16068,#16642,.T.);
#16642 = LINE('',#16643,#16644);
#16643 = CARTESIAN_POINT('',(106.95,-91.05,-4.6E-02));
#16644 = VECTOR('',#16645,1.);
#16645 = DIRECTION('',(0.,0.,1.));
#16646 = ORIENTED_EDGE('',*,*,#16067,.F.);
#16647 = ORIENTED_EDGE('',*,*,#16641,.F.);
#16648 = CYLINDRICAL_SURFACE('',#16649,0.55);
#16649 = AXIS2_PLACEMENT_3D('',#16650,#16651,#16652);
#16650 = CARTESIAN_POINT('',(106.95,-90.5,-4.6E-02));
#16651 = DIRECTION('',(-0.,-0.,-1.));
#16652 = DIRECTION('',(-0.,-1.,0.));
#16653 = ADVANCED_FACE('',(#16654),#16665,.F.);
#16654 = FACE_BOUND('',#16655,.T.);
#16655 = EDGE_LOOP('',(#16656,#16657,#16663,#16664));
#16656 = ORIENTED_EDGE('',*,*,#15575,.T.);
#16657 = ORIENTED_EDGE('',*,*,#16658,.T.);
#16658 = EDGE_CURVE('',#15576,#16079,#16659,.T.);
#16659 = LINE('',#16660,#16661);
#16660 = CARTESIAN_POINT('',(113.45,-95.55,-4.6E-02));
#16661 = VECTOR('',#16662,1.);
#16662 = DIRECTION('',(0.,0.,1.));
#16663 = ORIENTED_EDGE('',*,*,#16078,.F.);
#16664 = ORIENTED_EDGE('',*,*,#16658,.F.);
#16665 = CYLINDRICAL_SURFACE('',#16666,0.55);
#16666 = AXIS2_PLACEMENT_3D('',#16667,#16668,#16669);
#16667 = CARTESIAN_POINT('',(113.45,-95.,-4.6E-02));
#16668 = DIRECTION('',(-0.,-0.,-1.));
#16669 = DIRECTION('',(-0.,-1.,0.));
#16670 = ADVANCED_FACE('',(#16671),#16682,.F.);
#16671 = FACE_BOUND('',#16672,.T.);
#16672 = EDGE_LOOP('',(#16673,#16674,#16680,#16681));
#16673 = ORIENTED_EDGE('',*,*,#15586,.T.);
#16674 = ORIENTED_EDGE('',*,*,#16675,.T.);
#16675 = EDGE_CURVE('',#15587,#16090,#16676,.T.);
#16676 = LINE('',#16677,#16678);
#16677 = CARTESIAN_POINT('',(113.45,-91.05,-4.6E-02));
#16678 = VECTOR('',#16679,1.);
#16679 = DIRECTION('',(0.,0.,1.));
#16680 = ORIENTED_EDGE('',*,*,#16089,.F.);
#16681 = ORIENTED_EDGE('',*,*,#16675,.F.);
#16682 = CYLINDRICAL_SURFACE('',#16683,0.55);
#16683 = AXIS2_PLACEMENT_3D('',#16684,#16685,#16686);
#16684 = CARTESIAN_POINT('',(113.45,-90.5,-4.6E-02));
#16685 = DIRECTION('',(-0.,-0.,-1.));
#16686 = DIRECTION('',(-0.,-1.,0.));
#16687 = ADVANCED_FACE('',(#16688),#16699,.F.);
#16688 = FACE_BOUND('',#16689,.T.);
#16689 = EDGE_LOOP('',(#16690,#16691,#16697,#16698));
#16690 = ORIENTED_EDGE('',*,*,#15597,.T.);
#16691 = ORIENTED_EDGE('',*,*,#16692,.T.);
#16692 = EDGE_CURVE('',#15598,#16101,#16693,.T.);
#16693 = LINE('',#16694,#16695);
#16694 = CARTESIAN_POINT('',(85.2,-87.35,-4.6E-02));
#16695 = VECTOR('',#16696,1.);
#16696 = DIRECTION('',(0.,0.,1.));
#16697 = ORIENTED_EDGE('',*,*,#16100,.F.);
#16698 = ORIENTED_EDGE('',*,*,#16692,.F.);
#16699 = CYLINDRICAL_SURFACE('',#16700,0.75);
#16700 = AXIS2_PLACEMENT_3D('',#16701,#16702,#16703);
#16701 = CARTESIAN_POINT('',(85.2,-86.6,-4.6E-02));
#16702 = DIRECTION('',(-0.,-0.,-1.));
#16703 = DIRECTION('',(-0.,-1.,0.));
#16704 = ADVANCED_FACE('',(#16705),#16716,.F.);
#16705 = FACE_BOUND('',#16706,.T.);
#16706 = EDGE_LOOP('',(#16707,#16713,#16714,#16715));
#16707 = ORIENTED_EDGE('',*,*,#16708,.T.);
#16708 = EDGE_CURVE('',#15609,#16112,#16709,.T.);
#16709 = LINE('',#16710,#16711);
#16710 = CARTESIAN_POINT('',(93.87,-78.01,0.));
#16711 = VECTOR('',#16712,1.);
#16712 = DIRECTION('',(0.,0.,1.));
#16713 = ORIENTED_EDGE('',*,*,#16111,.T.);
#16714 = ORIENTED_EDGE('',*,*,#16708,.F.);
#16715 = ORIENTED_EDGE('',*,*,#15608,.F.);
#16716 = CYLINDRICAL_SURFACE('',#16717,1.3);
#16717 = AXIS2_PLACEMENT_3D('',#16718,#16719,#16720);
#16718 = CARTESIAN_POINT('',(92.57,-78.01,0.));
#16719 = DIRECTION('',(-0.,-0.,-1.));
#16720 = DIRECTION('',(1.,0.,-0.));
#16721 = ADVANCED_FACE('',(#16722),#16733,.F.);
#16722 = FACE_BOUND('',#16723,.T.);
#16723 = EDGE_LOOP('',(#16724,#16725,#16731,#16732));
#16724 = ORIENTED_EDGE('',*,*,#15619,.T.);
#16725 = ORIENTED_EDGE('',*,*,#16726,.T.);
#16726 = EDGE_CURVE('',#15620,#16123,#16727,.T.);
#16727 = LINE('',#16728,#16729);
#16728 = CARTESIAN_POINT('',(133.9135,-94.564,-4.6E-02));
#16729 = VECTOR('',#16730,1.);
#16730 = DIRECTION('',(0.,0.,1.));
#16731 = ORIENTED_EDGE('',*,*,#16122,.F.);
#16732 = ORIENTED_EDGE('',*,*,#16726,.F.);
#16733 = CYLINDRICAL_SURFACE('',#16734,0.45);
#16734 = AXIS2_PLACEMENT_3D('',#16735,#16736,#16737);
#16735 = CARTESIAN_POINT('',(133.9135,-94.114,-4.6E-02));
#16736 = DIRECTION('',(-0.,-0.,-1.));
#16737 = DIRECTION('',(-0.,-1.,0.));
#16738 = ADVANCED_FACE('',(#16739),#16750,.F.);
#16739 = FACE_BOUND('',#16740,.T.);
#16740 = EDGE_LOOP('',(#16741,#16742,#16748,#16749));
#16741 = ORIENTED_EDGE('',*,*,#15630,.T.);
#16742 = ORIENTED_EDGE('',*,*,#16743,.T.);
#16743 = EDGE_CURVE('',#15631,#16134,#16744,.T.);
#16744 = LINE('',#16745,#16746);
#16745 = CARTESIAN_POINT('',(133.9135,-92.024,-4.6E-02));
#16746 = VECTOR('',#16747,1.);
#16747 = DIRECTION('',(0.,0.,1.));
#16748 = ORIENTED_EDGE('',*,*,#16133,.F.);
#16749 = ORIENTED_EDGE('',*,*,#16743,.F.);
#16750 = CYLINDRICAL_SURFACE('',#16751,0.45);
#16751 = AXIS2_PLACEMENT_3D('',#16752,#16753,#16754);
#16752 = CARTESIAN_POINT('',(133.9135,-91.574,-4.6E-02));
#16753 = DIRECTION('',(-0.,-0.,-1.));
#16754 = DIRECTION('',(-0.,-1.,0.));
#16755 = ADVANCED_FACE('',(#16756),#16767,.F.);
#16756 = FACE_BOUND('',#16757,.T.);
#16757 = EDGE_LOOP('',(#16758,#16759,#16765,#16766));
#16758 = ORIENTED_EDGE('',*,*,#15641,.T.);
#16759 = ORIENTED_EDGE('',*,*,#16760,.T.);
#16760 = EDGE_CURVE('',#15642,#16145,#16761,.T.);
#16761 = LINE('',#16762,#16763);
#16762 = CARTESIAN_POINT('',(158.6,-102.45,-4.6E-02));
#16763 = VECTOR('',#16764,1.);
#16764 = DIRECTION('',(0.,0.,1.));
#16765 = ORIENTED_EDGE('',*,*,#16144,.F.);
#16766 = ORIENTED_EDGE('',*,*,#16760,.F.);
#16767 = CYLINDRICAL_SURFACE('',#16768,1.05);
#16768 = AXIS2_PLACEMENT_3D('',#16769,#16770,#16771);
#16769 = CARTESIAN_POINT('',(158.6,-101.4,-4.6E-02));
#16770 = DIRECTION('',(-0.,-0.,-1.));
#16771 = DIRECTION('',(-2.706829469562E-14,-1.,0.));
#16772 = ADVANCED_FACE('',(#16773),#16784,.F.);
#16773 = FACE_BOUND('',#16774,.T.);
#16774 = EDGE_LOOP('',(#16775,#16776,#16782,#16783));
#16775 = ORIENTED_EDGE('',*,*,#15652,.T.);
#16776 = ORIENTED_EDGE('',*,*,#16777,.T.);
#16777 = EDGE_CURVE('',#15653,#16156,#16778,.T.);
#16778 = LINE('',#16779,#16780);
#16779 = CARTESIAN_POINT('',(153.95,-94.775,-4.6E-02));
#16780 = VECTOR('',#16781,1.);
#16781 = DIRECTION('',(0.,0.,1.));
#16782 = ORIENTED_EDGE('',*,*,#16155,.F.);
#16783 = ORIENTED_EDGE('',*,*,#16777,.F.);
#16784 = CYLINDRICAL_SURFACE('',#16785,0.375);
#16785 = AXIS2_PLACEMENT_3D('',#16786,#16787,#16788);
#16786 = CARTESIAN_POINT('',(153.95,-94.4,-4.6E-02));
#16787 = DIRECTION('',(-0.,-0.,-1.));
#16788 = DIRECTION('',(-0.,-1.,0.));
#16789 = ADVANCED_FACE('',(#16790),#16801,.F.);
#16790 = FACE_BOUND('',#16791,.T.);
#16791 = EDGE_LOOP('',(#16792,#16793,#16799,#16800));
#16792 = ORIENTED_EDGE('',*,*,#15663,.T.);
#16793 = ORIENTED_EDGE('',*,*,#16794,.T.);
#16794 = EDGE_CURVE('',#15664,#16167,#16795,.T.);
#16795 = LINE('',#16796,#16797);
#16796 = CARTESIAN_POINT('',(153.95,-92.775,-4.6E-02));
#16797 = VECTOR('',#16798,1.);
#16798 = DIRECTION('',(0.,0.,1.));
#16799 = ORIENTED_EDGE('',*,*,#16166,.F.);
#16800 = ORIENTED_EDGE('',*,*,#16794,.F.);
#16801 = CYLINDRICAL_SURFACE('',#16802,0.375);
#16802 = AXIS2_PLACEMENT_3D('',#16803,#16804,#16805);
#16803 = CARTESIAN_POINT('',(153.95,-92.4,-4.6E-02));
#16804 = DIRECTION('',(-0.,-0.,-1.));
#16805 = DIRECTION('',(-0.,-1.,0.));
#16806 = ADVANCED_FACE('',(#16807),#16818,.F.);
#16807 = FACE_BOUND('',#16808,.T.);
#16808 = EDGE_LOOP('',(#16809,#16810,#16816,#16817));
#16809 = ORIENTED_EDGE('',*,*,#15674,.T.);
#16810 = ORIENTED_EDGE('',*,*,#16811,.T.);
#16811 = EDGE_CURVE('',#15675,#16178,#16812,.T.);
#16812 = LINE('',#16813,#16814);
#16813 = CARTESIAN_POINT('',(122.75,-78.39,-4.6E-02));
#16814 = VECTOR('',#16815,1.);
#16815 = DIRECTION('',(0.,0.,1.));
#16816 = ORIENTED_EDGE('',*,*,#16177,.F.);
#16817 = ORIENTED_EDGE('',*,*,#16811,.F.);
#16818 = CYLINDRICAL_SURFACE('',#16819,0.4);
#16819 = AXIS2_PLACEMENT_3D('',#16820,#16821,#16822);
#16820 = CARTESIAN_POINT('',(122.75,-77.99,-4.6E-02));
#16821 = DIRECTION('',(-0.,-0.,-1.));
#16822 = DIRECTION('',(-0.,-1.,0.));
#16823 = ADVANCED_FACE('',(#16824),#16835,.F.);
#16824 = FACE_BOUND('',#16825,.T.);
#16825 = EDGE_LOOP('',(#16826,#16827,#16833,#16834));
#16826 = ORIENTED_EDGE('',*,*,#15685,.T.);
#16827 = ORIENTED_EDGE('',*,*,#16828,.T.);
#16828 = EDGE_CURVE('',#15686,#16189,#16829,.T.);
#16829 = LINE('',#16830,#16831);
#16830 = CARTESIAN_POINT('',(126.3,-78.39,-4.6E-02));
#16831 = VECTOR('',#16832,1.);
#16832 = DIRECTION('',(0.,0.,1.));
#16833 = ORIENTED_EDGE('',*,*,#16188,.F.);
#16834 = ORIENTED_EDGE('',*,*,#16828,.F.);
#16835 = CYLINDRICAL_SURFACE('',#16836,0.4);
#16836 = AXIS2_PLACEMENT_3D('',#16837,#16838,#16839);
#16837 = CARTESIAN_POINT('',(126.3,-77.99,-4.6E-02));
#16838 = DIRECTION('',(-0.,-0.,-1.));
#16839 = DIRECTION('',(-3.552713678801E-14,-1.,0.));
#16840 = ADVANCED_FACE('',(#16841),#16852,.F.);
#16841 = FACE_BOUND('',#16842,.T.);
#16842 = EDGE_LOOP('',(#16843,#16844,#16850,#16851));
#16843 = ORIENTED_EDGE('',*,*,#15696,.T.);
#16844 = ORIENTED_EDGE('',*,*,#16845,.T.);
#16845 = EDGE_CURVE('',#15697,#16200,#16846,.T.);
#16846 = LINE('',#16847,#16848);
#16847 = CARTESIAN_POINT('',(129.85,-78.39,-4.6E-02));
#16848 = VECTOR('',#16849,1.);
#16849 = DIRECTION('',(0.,0.,1.));
#16850 = ORIENTED_EDGE('',*,*,#16199,.F.);
#16851 = ORIENTED_EDGE('',*,*,#16845,.F.);
#16852 = CYLINDRICAL_SURFACE('',#16853,0.4);
#16853 = AXIS2_PLACEMENT_3D('',#16854,#16855,#16856);
#16854 = CARTESIAN_POINT('',(129.85,-77.99,-4.6E-02));
#16855 = DIRECTION('',(-0.,-0.,-1.));
#16856 = DIRECTION('',(-0.,-1.,0.));
#16857 = ADVANCED_FACE('',(#16858),#16869,.F.);
#16858 = FACE_BOUND('',#16859,.T.);
#16859 = EDGE_LOOP('',(#16860,#16861,#16867,#16868));
#16860 = ORIENTED_EDGE('',*,*,#15707,.T.);
#16861 = ORIENTED_EDGE('',*,*,#16862,.T.);
#16862 = EDGE_CURVE('',#15708,#16211,#16863,.T.);
#16863 = LINE('',#16864,#16865);
#16864 = CARTESIAN_POINT('',(133.4,-78.39,-4.6E-02));
#16865 = VECTOR('',#16866,1.);
#16866 = DIRECTION('',(0.,0.,1.));
#16867 = ORIENTED_EDGE('',*,*,#16210,.F.);
#16868 = ORIENTED_EDGE('',*,*,#16862,.F.);
#16869 = CYLINDRICAL_SURFACE('',#16870,0.4);
#16870 = AXIS2_PLACEMENT_3D('',#16871,#16872,#16873);
#16871 = CARTESIAN_POINT('',(133.4,-77.99,-4.6E-02));
#16872 = DIRECTION('',(-0.,-0.,-1.));
#16873 = DIRECTION('',(-0.,-1.,0.));
#16874 = ADVANCED_FACE('',(#16875),#16886,.F.);
#16875 = FACE_BOUND('',#16876,.T.);
#16876 = EDGE_LOOP('',(#16877,#16878,#16884,#16885));
#16877 = ORIENTED_EDGE('',*,*,#15718,.T.);
#16878 = ORIENTED_EDGE('',*,*,#16879,.T.);
#16879 = EDGE_CURVE('',#15719,#16222,#16880,.T.);
#16880 = LINE('',#16881,#16882);
#16881 = CARTESIAN_POINT('',(90.14,-73.245,-4.6E-02));
#16882 = VECTOR('',#16883,1.);
#16883 = DIRECTION('',(0.,0.,1.));
#16884 = ORIENTED_EDGE('',*,*,#16221,.F.);
#16885 = ORIENTED_EDGE('',*,*,#16879,.F.);
#16886 = CYLINDRICAL_SURFACE('',#16887,0.425);
#16887 = AXIS2_PLACEMENT_3D('',#16888,#16889,#16890);
#16888 = CARTESIAN_POINT('',(90.14,-72.82,-4.6E-02));
#16889 = DIRECTION('',(-0.,-0.,-1.));
#16890 = DIRECTION('',(-0.,-1.,0.));
#16891 = ADVANCED_FACE('',(#16892),#16903,.F.);
#16892 = FACE_BOUND('',#16893,.T.);
#16893 = EDGE_LOOP('',(#16894,#16900,#16901,#16902));
#16894 = ORIENTED_EDGE('',*,*,#16895,.T.);
#16895 = EDGE_CURVE('',#15730,#16233,#16896,.T.);
#16896 = LINE('',#16897,#16898);
#16897 = CARTESIAN_POINT('',(89.02,-69.01,0.));
#16898 = VECTOR('',#16899,1.);
#16899 = DIRECTION('',(0.,0.,1.));
#16900 = ORIENTED_EDGE('',*,*,#16232,.T.);
#16901 = ORIENTED_EDGE('',*,*,#16895,.F.);
#16902 = ORIENTED_EDGE('',*,*,#15729,.F.);
#16903 = CYLINDRICAL_SURFACE('',#16904,0.95);
#16904 = AXIS2_PLACEMENT_3D('',#16905,#16906,#16907);
#16905 = CARTESIAN_POINT('',(88.07,-69.01,0.));
#16906 = DIRECTION('',(-0.,-0.,-1.));
#16907 = DIRECTION('',(1.,0.,-0.));
#16908 = ADVANCED_FACE('',(#16909),#16920,.F.);
#16909 = FACE_BOUND('',#16910,.T.);
#16910 = EDGE_LOOP('',(#16911,#16912,#16918,#16919));
#16911 = ORIENTED_EDGE('',*,*,#15740,.T.);
#16912 = ORIENTED_EDGE('',*,*,#16913,.T.);
#16913 = EDGE_CURVE('',#15741,#16244,#16914,.T.);
#16914 = LINE('',#16915,#16916);
#16915 = CARTESIAN_POINT('',(90.14,-65.625,-4.6E-02));
#16916 = VECTOR('',#16917,1.);
#16917 = DIRECTION('',(0.,0.,1.));
#16918 = ORIENTED_EDGE('',*,*,#16243,.F.);
#16919 = ORIENTED_EDGE('',*,*,#16913,.F.);
#16920 = CYLINDRICAL_SURFACE('',#16921,0.425);
#16921 = AXIS2_PLACEMENT_3D('',#16922,#16923,#16924);
#16922 = CARTESIAN_POINT('',(90.14,-65.2,-4.6E-02));
#16923 = DIRECTION('',(-0.,-0.,-1.));
#16924 = DIRECTION('',(-0.,-1.,0.));
#16925 = ADVANCED_FACE('',(#16926),#16937,.F.);
#16926 = FACE_BOUND('',#16927,.T.);
#16927 = EDGE_LOOP('',(#16928,#16929,#16935,#16936));
#16928 = ORIENTED_EDGE('',*,*,#15751,.T.);
#16929 = ORIENTED_EDGE('',*,*,#16930,.T.);
#16930 = EDGE_CURVE('',#15752,#16255,#16931,.T.);
#16931 = LINE('',#16932,#16933);
#16932 = CARTESIAN_POINT('',(113.,-73.245,-4.6E-02));
#16933 = VECTOR('',#16934,1.);
#16934 = DIRECTION('',(0.,0.,1.));
#16935 = ORIENTED_EDGE('',*,*,#16254,.F.);
#16936 = ORIENTED_EDGE('',*,*,#16930,.F.);
#16937 = CYLINDRICAL_SURFACE('',#16938,0.425);
#16938 = AXIS2_PLACEMENT_3D('',#16939,#16940,#16941);
#16939 = CARTESIAN_POINT('',(113.,-72.82,-4.6E-02));
#16940 = DIRECTION('',(-0.,-0.,-1.));
#16941 = DIRECTION('',(-0.,-1.,0.));
#16942 = ADVANCED_FACE('',(#16943),#16954,.F.);
#16943 = FACE_BOUND('',#16944,.T.);
#16944 = EDGE_LOOP('',(#16945,#16951,#16952,#16953));
#16945 = ORIENTED_EDGE('',*,*,#16946,.T.);
#16946 = EDGE_CURVE('',#15763,#16266,#16947,.T.);
#16947 = LINE('',#16948,#16949);
#16948 = CARTESIAN_POINT('',(116.02,-69.01,0.));
#16949 = VECTOR('',#16950,1.);
#16950 = DIRECTION('',(0.,0.,1.));
#16951 = ORIENTED_EDGE('',*,*,#16265,.T.);
#16952 = ORIENTED_EDGE('',*,*,#16946,.F.);
#16953 = ORIENTED_EDGE('',*,*,#15762,.F.);
#16954 = CYLINDRICAL_SURFACE('',#16955,0.95);
#16955 = AXIS2_PLACEMENT_3D('',#16956,#16957,#16958);
#16956 = CARTESIAN_POINT('',(115.07,-69.01,0.));
#16957 = DIRECTION('',(-0.,-0.,-1.));
#16958 = DIRECTION('',(1.,0.,-0.));
#16959 = ADVANCED_FACE('',(#16960),#16971,.F.);
#16960 = FACE_BOUND('',#16961,.T.);
#16961 = EDGE_LOOP('',(#16962,#16963,#16969,#16970));
#16962 = ORIENTED_EDGE('',*,*,#15773,.T.);
#16963 = ORIENTED_EDGE('',*,*,#16964,.T.);
#16964 = EDGE_CURVE('',#15774,#16277,#16965,.T.);
#16965 = LINE('',#16966,#16967);
#16966 = CARTESIAN_POINT('',(113.,-65.625,-4.6E-02));
#16967 = VECTOR('',#16968,1.);
#16968 = DIRECTION('',(0.,0.,1.));
#16969 = ORIENTED_EDGE('',*,*,#16276,.F.);
#16970 = ORIENTED_EDGE('',*,*,#16964,.F.);
#16971 = CYLINDRICAL_SURFACE('',#16972,0.425);
#16972 = AXIS2_PLACEMENT_3D('',#16973,#16974,#16975);
#16973 = CARTESIAN_POINT('',(113.,-65.2,-4.6E-02));
#16974 = DIRECTION('',(-0.,-0.,-1.));
#16975 = DIRECTION('',(-0.,-1.,0.));
#16976 = ADVANCED_FACE('',(#16977),#16988,.F.);
#16977 = FACE_BOUND('',#16978,.T.);
#16978 = EDGE_LOOP('',(#16979,#16985,#16986,#16987));
#16979 = ORIENTED_EDGE('',*,*,#16980,.T.);
#16980 = EDGE_CURVE('',#15785,#16288,#16981,.T.);
#16981 = LINE('',#16982,#16983);
#16982 = CARTESIAN_POINT('',(103.52,-59.01,0.));
#16983 = VECTOR('',#16984,1.);
#16984 = DIRECTION('',(0.,0.,1.));
#16985 = ORIENTED_EDGE('',*,*,#16287,.T.);
#16986 = ORIENTED_EDGE('',*,*,#16980,.F.);
#16987 = ORIENTED_EDGE('',*,*,#15784,.F.);
#16988 = CYLINDRICAL_SURFACE('',#16989,1.95);
#16989 = AXIS2_PLACEMENT_3D('',#16990,#16991,#16992);
#16990 = CARTESIAN_POINT('',(101.57,-59.01,0.));
#16991 = DIRECTION('',(-0.,-0.,-1.));
#16992 = DIRECTION('',(1.,0.,-0.));
#16993 = ADVANCED_FACE('',(#16994),#17005,.F.);
#16994 = FACE_BOUND('',#16995,.T.);
#16995 = EDGE_LOOP('',(#16996,#16997,#17003,#17004));
#16996 = ORIENTED_EDGE('',*,*,#15795,.T.);
#16997 = ORIENTED_EDGE('',*,*,#16998,.T.);
#16998 = EDGE_CURVE('',#15796,#16299,#16999,.T.);
#16999 = LINE('',#17000,#17001);
#17000 = CARTESIAN_POINT('',(85.6,-48.45,-4.6E-02));
#17001 = VECTOR('',#17002,1.);
#17002 = DIRECTION('',(0.,0.,1.));
#17003 = ORIENTED_EDGE('',*,*,#16298,.F.);
#17004 = ORIENTED_EDGE('',*,*,#16998,.F.);
#17005 = CYLINDRICAL_SURFACE('',#17006,1.05);
#17006 = AXIS2_PLACEMENT_3D('',#17007,#17008,#17009);
#17007 = CARTESIAN_POINT('',(85.6,-47.4,-4.6E-02));
#17008 = DIRECTION('',(-0.,-0.,-1.));
#17009 = DIRECTION('',(-0.,-1.,0.));
#17010 = ADVANCED_FACE('',(#17011),#17022,.F.);
#17011 = FACE_BOUND('',#17012,.T.);
#17012 = EDGE_LOOP('',(#17013,#17014,#17020,#17021));
#17013 = ORIENTED_EDGE('',*,*,#15806,.T.);
#17014 = ORIENTED_EDGE('',*,*,#17015,.T.);
#17015 = EDGE_CURVE('',#15807,#16310,#17016,.T.);
#17016 = LINE('',#17017,#17018);
#17017 = CARTESIAN_POINT('',(122.75,-70.77,-4.6E-02));
#17018 = VECTOR('',#17019,1.);
#17019 = DIRECTION('',(0.,0.,1.));
#17020 = ORIENTED_EDGE('',*,*,#16309,.F.);
#17021 = ORIENTED_EDGE('',*,*,#17015,.F.);
#17022 = CYLINDRICAL_SURFACE('',#17023,0.4);
#17023 = AXIS2_PLACEMENT_3D('',#17024,#17025,#17026);
#17024 = CARTESIAN_POINT('',(122.75,-70.37,-4.6E-02));
#17025 = DIRECTION('',(-0.,-0.,-1.));
#17026 = DIRECTION('',(-0.,-1.,0.));
#17027 = ADVANCED_FACE('',(#17028),#17039,.F.);
#17028 = FACE_BOUND('',#17029,.T.);
#17029 = EDGE_LOOP('',(#17030,#17031,#17037,#17038));
#17030 = ORIENTED_EDGE('',*,*,#15817,.T.);
#17031 = ORIENTED_EDGE('',*,*,#17032,.T.);
#17032 = EDGE_CURVE('',#15818,#16321,#17033,.T.);
#17033 = LINE('',#17034,#17035);
#17034 = CARTESIAN_POINT('',(126.3,-70.77,-4.6E-02));
#17035 = VECTOR('',#17036,1.);
#17036 = DIRECTION('',(0.,0.,1.));
#17037 = ORIENTED_EDGE('',*,*,#16320,.F.);
#17038 = ORIENTED_EDGE('',*,*,#17032,.F.);
#17039 = CYLINDRICAL_SURFACE('',#17040,0.4);
#17040 = AXIS2_PLACEMENT_3D('',#17041,#17042,#17043);
#17041 = CARTESIAN_POINT('',(126.3,-70.37,-4.6E-02));
#17042 = DIRECTION('',(-0.,-0.,-1.));
#17043 = DIRECTION('',(-3.5527136788E-14,-1.,0.));
#17044 = ADVANCED_FACE('',(#17045),#17056,.F.);
#17045 = FACE_BOUND('',#17046,.T.);
#17046 = EDGE_LOOP('',(#17047,#17048,#17054,#17055));
#17047 = ORIENTED_EDGE('',*,*,#15828,.T.);
#17048 = ORIENTED_EDGE('',*,*,#17049,.T.);
#17049 = EDGE_CURVE('',#15829,#16332,#17050,.T.);
#17050 = LINE('',#17051,#17052);
#17051 = CARTESIAN_POINT('',(129.85,-70.77,-4.6E-02));
#17052 = VECTOR('',#17053,1.);
#17053 = DIRECTION('',(0.,0.,1.));
#17054 = ORIENTED_EDGE('',*,*,#16331,.F.);
#17055 = ORIENTED_EDGE('',*,*,#17049,.F.);
#17056 = CYLINDRICAL_SURFACE('',#17057,0.4);
#17057 = AXIS2_PLACEMENT_3D('',#17058,#17059,#17060);
#17058 = CARTESIAN_POINT('',(129.85,-70.37,-4.6E-02));
#17059 = DIRECTION('',(-0.,-0.,-1.));
#17060 = DIRECTION('',(-0.,-1.,0.));
#17061 = ADVANCED_FACE('',(#17062),#17073,.F.);
#17062 = FACE_BOUND('',#17063,.T.);
#17063 = EDGE_LOOP('',(#17064,#17065,#17071,#17072));
#17064 = ORIENTED_EDGE('',*,*,#15839,.T.);
#17065 = ORIENTED_EDGE('',*,*,#17066,.T.);
#17066 = EDGE_CURVE('',#15840,#16343,#17067,.T.);
#17067 = LINE('',#17068,#17069);
#17068 = CARTESIAN_POINT('',(133.4,-70.77,-4.6E-02));
#17069 = VECTOR('',#17070,1.);
#17070 = DIRECTION('',(0.,0.,1.));
#17071 = ORIENTED_EDGE('',*,*,#16342,.F.);
#17072 = ORIENTED_EDGE('',*,*,#17066,.F.);
#17073 = CYLINDRICAL_SURFACE('',#17074,0.4);
#17074 = AXIS2_PLACEMENT_3D('',#17075,#17076,#17077);
#17075 = CARTESIAN_POINT('',(133.4,-70.37,-4.6E-02));
#17076 = DIRECTION('',(-0.,-0.,-1.));
#17077 = DIRECTION('',(-0.,-1.,0.));
#17078 = ADVANCED_FACE('',(#17079),#17090,.F.);
#17079 = FACE_BOUND('',#17080,.T.);
#17080 = EDGE_LOOP('',(#17081,#17082,#17088,#17089));
#17081 = ORIENTED_EDGE('',*,*,#15850,.T.);
#17082 = ORIENTED_EDGE('',*,*,#17083,.T.);
#17083 = EDGE_CURVE('',#15851,#16354,#17084,.T.);
#17084 = LINE('',#17085,#17086);
#17085 = CARTESIAN_POINT('',(122.85,-65.21,-4.6E-02));
#17086 = VECTOR('',#17087,1.);
#17087 = DIRECTION('',(0.,0.,1.));
#17088 = ORIENTED_EDGE('',*,*,#16353,.F.);
#17089 = ORIENTED_EDGE('',*,*,#17083,.F.);
#17090 = CYLINDRICAL_SURFACE('',#17091,0.4);
#17091 = AXIS2_PLACEMENT_3D('',#17092,#17093,#17094);
#17092 = CARTESIAN_POINT('',(122.85,-64.81,-4.6E-02));
#17093 = DIRECTION('',(-0.,-0.,-1.));
#17094 = DIRECTION('',(-0.,-1.,0.));
#17095 = ADVANCED_FACE('',(#17096),#17107,.F.);
#17096 = FACE_BOUND('',#17097,.T.);
#17097 = EDGE_LOOP('',(#17098,#17099,#17105,#17106));
#17098 = ORIENTED_EDGE('',*,*,#15861,.T.);
#17099 = ORIENTED_EDGE('',*,*,#17100,.T.);
#17100 = EDGE_CURVE('',#15862,#16365,#17101,.T.);
#17101 = LINE('',#17102,#17103);
#17102 = CARTESIAN_POINT('',(126.4,-65.21,-4.6E-02));
#17103 = VECTOR('',#17104,1.);
#17104 = DIRECTION('',(0.,0.,1.));
#17105 = ORIENTED_EDGE('',*,*,#16364,.F.);
#17106 = ORIENTED_EDGE('',*,*,#17100,.F.);
#17107 = CYLINDRICAL_SURFACE('',#17108,0.4);
#17108 = AXIS2_PLACEMENT_3D('',#17109,#17110,#17111);
#17109 = CARTESIAN_POINT('',(126.4,-64.81,-4.6E-02));
#17110 = DIRECTION('',(-0.,-0.,-1.));
#17111 = DIRECTION('',(-0.,-1.,0.));
#17112 = ADVANCED_FACE('',(#17113),#17124,.F.);
#17113 = FACE_BOUND('',#17114,.T.);
#17114 = EDGE_LOOP('',(#17115,#17116,#17122,#17123));
#17115 = ORIENTED_EDGE('',*,*,#15872,.T.);
#17116 = ORIENTED_EDGE('',*,*,#17117,.T.);
#17117 = EDGE_CURVE('',#15873,#16376,#17118,.T.);
#17118 = LINE('',#17119,#17120);
#17119 = CARTESIAN_POINT('',(129.95,-65.21,-4.6E-02));
#17120 = VECTOR('',#17121,1.);
#17121 = DIRECTION('',(0.,0.,1.));
#17122 = ORIENTED_EDGE('',*,*,#16375,.F.);
#17123 = ORIENTED_EDGE('',*,*,#17117,.F.);
#17124 = CYLINDRICAL_SURFACE('',#17125,0.4);
#17125 = AXIS2_PLACEMENT_3D('',#17126,#17127,#17128);
#17126 = CARTESIAN_POINT('',(129.95,-64.81,-4.6E-02));
#17127 = DIRECTION('',(-0.,-0.,-1.));
#17128 = DIRECTION('',(-0.,-1.,0.));
#17129 = ADVANCED_FACE('',(#17130),#17141,.F.);
#17130 = FACE_BOUND('',#17131,.T.);
#17131 = EDGE_LOOP('',(#17132,#17133,#17139,#17140));
#17132 = ORIENTED_EDGE('',*,*,#15883,.T.);
#17133 = ORIENTED_EDGE('',*,*,#17134,.T.);
#17134 = EDGE_CURVE('',#15884,#16387,#17135,.T.);
#17135 = LINE('',#17136,#17137);
#17136 = CARTESIAN_POINT('',(133.5,-65.21,-4.6E-02));
#17137 = VECTOR('',#17138,1.);
#17138 = DIRECTION('',(0.,0.,1.));
#17139 = ORIENTED_EDGE('',*,*,#16386,.F.);
#17140 = ORIENTED_EDGE('',*,*,#17134,.F.);
#17141 = CYLINDRICAL_SURFACE('',#17142,0.4);
#17142 = AXIS2_PLACEMENT_3D('',#17143,#17144,#17145);
#17143 = CARTESIAN_POINT('',(133.5,-64.81,-4.6E-02));
#17144 = DIRECTION('',(-0.,-0.,-1.));
#17145 = DIRECTION('',(-0.,-1.,0.));
#17146 = ADVANCED_FACE('',(#17147),#17158,.F.);
#17147 = FACE_BOUND('',#17148,.T.);
#17148 = EDGE_LOOP('',(#17149,#17150,#17156,#17157));
#17149 = ORIENTED_EDGE('',*,*,#15894,.T.);
#17150 = ORIENTED_EDGE('',*,*,#17151,.T.);
#17151 = EDGE_CURVE('',#15895,#16398,#17152,.T.);
#17152 = LINE('',#17153,#17154);
#17153 = CARTESIAN_POINT('',(122.85,-57.59,-4.6E-02));
#17154 = VECTOR('',#17155,1.);
#17155 = DIRECTION('',(0.,0.,1.));
#17156 = ORIENTED_EDGE('',*,*,#16397,.F.);
#17157 = ORIENTED_EDGE('',*,*,#17151,.F.);
#17158 = CYLINDRICAL_SURFACE('',#17159,0.4);
#17159 = AXIS2_PLACEMENT_3D('',#17160,#17161,#17162);
#17160 = CARTESIAN_POINT('',(122.85,-57.19,-4.6E-02));
#17161 = DIRECTION('',(-0.,-0.,-1.));
#17162 = DIRECTION('',(-0.,-1.,0.));
#17163 = ADVANCED_FACE('',(#17164),#17175,.F.);
#17164 = FACE_BOUND('',#17165,.T.);
#17165 = EDGE_LOOP('',(#17166,#17167,#17173,#17174));
#17166 = ORIENTED_EDGE('',*,*,#15905,.T.);
#17167 = ORIENTED_EDGE('',*,*,#17168,.T.);
#17168 = EDGE_CURVE('',#15906,#16409,#17169,.T.);
#17169 = LINE('',#17170,#17171);
#17170 = CARTESIAN_POINT('',(126.4,-57.59,-4.6E-02));
#17171 = VECTOR('',#17172,1.);
#17172 = DIRECTION('',(0.,0.,1.));
#17173 = ORIENTED_EDGE('',*,*,#16408,.F.);
#17174 = ORIENTED_EDGE('',*,*,#17168,.F.);
#17175 = CYLINDRICAL_SURFACE('',#17176,0.4);
#17176 = AXIS2_PLACEMENT_3D('',#17177,#17178,#17179);
#17177 = CARTESIAN_POINT('',(126.4,-57.19,-4.6E-02));
#17178 = DIRECTION('',(-0.,-0.,-1.));
#17179 = DIRECTION('',(-0.,-1.,0.));
#17180 = ADVANCED_FACE('',(#17181),#17192,.F.);
#17181 = FACE_BOUND('',#17182,.T.);
#17182 = EDGE_LOOP('',(#17183,#17184,#17190,#17191));
#17183 = ORIENTED_EDGE('',*,*,#15916,.T.);
#17184 = ORIENTED_EDGE('',*,*,#17185,.T.);
#17185 = EDGE_CURVE('',#15917,#16420,#17186,.T.);
#17186 = LINE('',#17187,#17188);
#17187 = CARTESIAN_POINT('',(129.95,-57.59,-4.6E-02));
#17188 = VECTOR('',#17189,1.);
#17189 = DIRECTION('',(0.,0.,1.));
#17190 = ORIENTED_EDGE('',*,*,#16419,.F.);
#17191 = ORIENTED_EDGE('',*,*,#17185,.F.);
#17192 = CYLINDRICAL_SURFACE('',#17193,0.4);
#17193 = AXIS2_PLACEMENT_3D('',#17194,#17195,#17196);
#17194 = CARTESIAN_POINT('',(129.95,-57.19,-4.6E-02));
#17195 = DIRECTION('',(-0.,-0.,-1.));
#17196 = DIRECTION('',(-0.,-1.,0.));
#17197 = ADVANCED_FACE('',(#17198),#17209,.F.);
#17198 = FACE_BOUND('',#17199,.T.);
#17199 = EDGE_LOOP('',(#17200,#17201,#17207,#17208));
#17200 = ORIENTED_EDGE('',*,*,#15927,.T.);
#17201 = ORIENTED_EDGE('',*,*,#17202,.T.);
#17202 = EDGE_CURVE('',#15928,#16431,#17203,.T.);
#17203 = LINE('',#17204,#17205);
#17204 = CARTESIAN_POINT('',(133.5,-57.59,-4.6E-02));
#17205 = VECTOR('',#17206,1.);
#17206 = DIRECTION('',(0.,0.,1.));
#17207 = ORIENTED_EDGE('',*,*,#16430,.F.);
#17208 = ORIENTED_EDGE('',*,*,#17202,.F.);
#17209 = CYLINDRICAL_SURFACE('',#17210,0.4);
#17210 = AXIS2_PLACEMENT_3D('',#17211,#17212,#17213);
#17211 = CARTESIAN_POINT('',(133.5,-57.19,-4.6E-02));
#17212 = DIRECTION('',(-0.,-0.,-1.));
#17213 = DIRECTION('',(-0.,-1.,0.));
#17214 = ADVANCED_FACE('',(#17215),#17226,.F.);
#17215 = FACE_BOUND('',#17216,.T.);
#17216 = EDGE_LOOP('',(#17217,#17218,#17224,#17225));
#17217 = ORIENTED_EDGE('',*,*,#15938,.T.);
#17218 = ORIENTED_EDGE('',*,*,#17219,.T.);
#17219 = EDGE_CURVE('',#15939,#16442,#17220,.T.);
#17220 = LINE('',#17221,#17222);
#17221 = CARTESIAN_POINT('',(158.6,-48.65,-4.6E-02));
#17222 = VECTOR('',#17223,1.);
#17223 = DIRECTION('',(0.,0.,1.));
#17224 = ORIENTED_EDGE('',*,*,#16441,.F.);
#17225 = ORIENTED_EDGE('',*,*,#17219,.F.);
#17226 = CYLINDRICAL_SURFACE('',#17227,1.05);
#17227 = AXIS2_PLACEMENT_3D('',#17228,#17229,#17230);
#17228 = CARTESIAN_POINT('',(158.6,-47.6,-4.6E-02));
#17229 = DIRECTION('',(-0.,-0.,-1.));
#17230 = DIRECTION('',(-2.706829469562E-14,-1.,0.));
#17231 = ( GEOMETRIC_REPRESENTATION_CONTEXT(3) 
GLOBAL_UNCERTAINTY_ASSIGNED_CONTEXT((#17235)) 
GLOBAL_UNIT_ASSIGNED_CONTEXT((#17232,#17233,#17234)) 
REPRESENTATION_CONTEXT('Context #1',
  '3D Context with UNIT and UNCERTAINTY') );
#17232 = ( LENGTH_UNIT() NAMED_UNIT(*) SI_UNIT(.MILLI.,.METRE.) );
#17233 = ( NAMED_UNIT(*) PLANE_ANGLE_UNIT() SI_UNIT($,.RADIAN.) );
#17234 = ( NAMED_UNIT(*) SI_UNIT($,.STERADIAN.) SOLID_ANGLE_UNIT() );
#17235 = UNCERTAINTY_MEASURE_WITH_UNIT(LENGTH_MEASURE(1.E-07),#17232,
  'distance_accuracy_value','confusion accuracy');
#17236 = CONTEXT_DEPENDENT_SHAPE_REPRESENTATION(#17237,#17239);
#17237 = ( REPRESENTATION_RELATIONSHIP('','',#15341,#10) 
REPRESENTATION_RELATIONSHIP_WITH_TRANSFORMATION(#17238) 
SHAPE_REPRESENTATION_RELATIONSHIP() );
#17238 = ITEM_DEFINED_TRANSFORMATION('','',#11,#79);
#17239 = PRODUCT_DEFINITION_SHAPE('Placement','Placement of an item',
  #17240);
#17240 = NEXT_ASSEMBLY_USAGE_OCCURRENCE('17','=>[0:1:1:9]','',#5,#15336,
  $);
#17241 = PRODUCT_RELATED_PRODUCT_CATEGORY('part',$,(#15338));
#17242 = MECHANICAL_DESIGN_GEOMETRIC_PRESENTATION_REPRESENTATION('',(
    #17243,#17251,#17258,#17265,#17272,#17279,#17286,#17293,#17300,
    #17307,#17314,#17321,#17328,#17335,#17342,#17349,#17356,#17363,
    #17370,#17377,#17384,#17391,#17398,#17405,#17412,#17419,#17426,
    #17433,#17440,#17447,#17454,#17461,#17468,#17475,#17482,#17489,
    #17496,#17503,#17510,#17517,#17524,#17531,#17538,#17545,#17552,
    #17559,#17566,#17573,#17580,#17587,#17594,#17601,#17608,#17615,
    #17622,#17630,#17637,#17644,#17651,#17658,#17665,#17672,#17679,
    #17686,#17693,#17700,#17707,#17714,#17721,#17728,#17735,#17742,
    #17749,#17756,#17763,#17770,#17777,#17784,#17791,#17798,#17805,
    #17812,#17819,#17826,#17833,#17840,#17847,#17854,#17861,#17868,
    #17875,#17882,#17889,#17896,#17903,#17910,#17917,#17924,#17931,
    #17938,#17945,#17952,#17959,#17966,#17973,#17980,#17987,#17994,
    #18001,#18008),#5662);
#17243 = STYLED_ITEM('color',(#17244),#2170);
#17244 = PRESENTATION_STYLE_ASSIGNMENT((#17245));
#17245 = SURFACE_STYLE_USAGE(.BOTH.,#17246);
#17246 = SURFACE_SIDE_STYLE('',(#17247));
#17247 = SURFACE_STYLE_FILL_AREA(#17248);
#17248 = FILL_AREA_STYLE('',(#17249));
#17249 = FILL_AREA_STYLE_COLOUR('',#17250);
#17250 = COLOUR_RGB('',0.894117649055,0.890196087049,0.811764731185);
#17251 = STYLED_ITEM('color',(#17252),#2210);
#17252 = PRESENTATION_STYLE_ASSIGNMENT((#17253));
#17253 = SURFACE_STYLE_USAGE(.BOTH.,#17254);
#17254 = SURFACE_SIDE_STYLE('',(#17255));
#17255 = SURFACE_STYLE_FILL_AREA(#17256);
#17256 = FILL_AREA_STYLE('',(#17257));
#17257 = FILL_AREA_STYLE_COLOUR('',#17250);
#17258 = STYLED_ITEM('color',(#17259),#2290);
#17259 = PRESENTATION_STYLE_ASSIGNMENT((#17260));
#17260 = SURFACE_STYLE_USAGE(.BOTH.,#17261);
#17261 = SURFACE_SIDE_STYLE('',(#17262));
#17262 = SURFACE_STYLE_FILL_AREA(#17263);
#17263 = FILL_AREA_STYLE('',(#17264));
#17264 = FILL_AREA_STYLE_COLOUR('',#17250);
#17265 = STYLED_ITEM('color',(#17266),#2378);
#17266 = PRESENTATION_STYLE_ASSIGNMENT((#17267));
#17267 = SURFACE_STYLE_USAGE(.BOTH.,#17268);
#17268 = SURFACE_SIDE_STYLE('',(#17269));
#17269 = SURFACE_STYLE_FILL_AREA(#17270);
#17270 = FILL_AREA_STYLE('',(#17271));
#17271 = FILL_AREA_STYLE_COLOUR('',#17250);
#17272 = STYLED_ITEM('color',(#17273),#2435);
#17273 = PRESENTATION_STYLE_ASSIGNMENT((#17274));
#17274 = SURFACE_STYLE_USAGE(.BOTH.,#17275);
#17275 = SURFACE_SIDE_STYLE('',(#17276));
#17276 = SURFACE_STYLE_FILL_AREA(#17277);
#17277 = FILL_AREA_STYLE('',(#17278));
#17278 = FILL_AREA_STYLE_COLOUR('',#17250);
#17279 = STYLED_ITEM('color',(#17280),#2452);
#17280 = PRESENTATION_STYLE_ASSIGNMENT((#17281));
#17281 = SURFACE_STYLE_USAGE(.BOTH.,#17282);
#17282 = SURFACE_SIDE_STYLE('',(#17283));
#17283 = SURFACE_STYLE_FILL_AREA(#17284);
#17284 = FILL_AREA_STYLE('',(#17285));
#17285 = FILL_AREA_STYLE_COLOUR('',#17250);
#17286 = STYLED_ITEM('color',(#17287),#2476);
#17287 = PRESENTATION_STYLE_ASSIGNMENT((#17288));
#17288 = SURFACE_STYLE_USAGE(.BOTH.,#17289);
#17289 = SURFACE_SIDE_STYLE('',(#17290));
#17290 = SURFACE_STYLE_FILL_AREA(#17291);
#17291 = FILL_AREA_STYLE('',(#17292));
#17292 = FILL_AREA_STYLE_COLOUR('',#17250);
#17293 = STYLED_ITEM('color',(#17294),#2500);
#17294 = PRESENTATION_STYLE_ASSIGNMENT((#17295));
#17295 = SURFACE_STYLE_USAGE(.BOTH.,#17296);
#17296 = SURFACE_SIDE_STYLE('',(#17297));
#17297 = SURFACE_STYLE_FILL_AREA(#17298);
#17298 = FILL_AREA_STYLE('',(#17299));
#17299 = FILL_AREA_STYLE_COLOUR('',#17250);
#17300 = STYLED_ITEM('color',(#17301),#2524);
#17301 = PRESENTATION_STYLE_ASSIGNMENT((#17302));
#17302 = SURFACE_STYLE_USAGE(.BOTH.,#17303);
#17303 = SURFACE_SIDE_STYLE('',(#17304));
#17304 = SURFACE_STYLE_FILL_AREA(#17305);
#17305 = FILL_AREA_STYLE('',(#17306));
#17306 = FILL_AREA_STYLE_COLOUR('',#17250);
#17307 = STYLED_ITEM('color',(#17308),#2580);
#17308 = PRESENTATION_STYLE_ASSIGNMENT((#17309));
#17309 = SURFACE_STYLE_USAGE(.BOTH.,#17310);
#17310 = SURFACE_SIDE_STYLE('',(#17311));
#17311 = SURFACE_STYLE_FILL_AREA(#17312);
#17312 = FILL_AREA_STYLE('',(#17313));
#17313 = FILL_AREA_STYLE_COLOUR('',#17250);
#17314 = STYLED_ITEM('color',(#17315),#2716);
#17315 = PRESENTATION_STYLE_ASSIGNMENT((#17316));
#17316 = SURFACE_STYLE_USAGE(.BOTH.,#17317);
#17317 = SURFACE_SIDE_STYLE('',(#17318));
#17318 = SURFACE_STYLE_FILL_AREA(#17319);
#17319 = FILL_AREA_STYLE('',(#17320));
#17320 = FILL_AREA_STYLE_COLOUR('',#17250);
#17321 = STYLED_ITEM('color',(#17322),#2747);
#17322 = PRESENTATION_STYLE_ASSIGNMENT((#17323));
#17323 = SURFACE_STYLE_USAGE(.BOTH.,#17324);
#17324 = SURFACE_SIDE_STYLE('',(#17325));
#17325 = SURFACE_STYLE_FILL_AREA(#17326);
#17326 = FILL_AREA_STYLE('',(#17327));
#17327 = FILL_AREA_STYLE_COLOUR('',#17250);
#17328 = STYLED_ITEM('color',(#17329),#2759);
#17329 = PRESENTATION_STYLE_ASSIGNMENT((#17330));
#17330 = SURFACE_STYLE_USAGE(.BOTH.,#17331);
#17331 = SURFACE_SIDE_STYLE('',(#17332));
#17332 = SURFACE_STYLE_FILL_AREA(#17333);
#17333 = FILL_AREA_STYLE('',(#17334));
#17334 = FILL_AREA_STYLE_COLOUR('',#17250);
#17335 = STYLED_ITEM('color',(#17336),#2845);
#17336 = PRESENTATION_STYLE_ASSIGNMENT((#17337));
#17337 = SURFACE_STYLE_USAGE(.BOTH.,#17338);
#17338 = SURFACE_SIDE_STYLE('',(#17339));
#17339 = SURFACE_STYLE_FILL_AREA(#17340);
#17340 = FILL_AREA_STYLE('',(#17341));
#17341 = FILL_AREA_STYLE_COLOUR('',#17250);
#17342 = STYLED_ITEM('color',(#17343),#2859);
#17343 = PRESENTATION_STYLE_ASSIGNMENT((#17344));
#17344 = SURFACE_STYLE_USAGE(.BOTH.,#17345);
#17345 = SURFACE_SIDE_STYLE('',(#17346));
#17346 = SURFACE_STYLE_FILL_AREA(#17347);
#17347 = FILL_AREA_STYLE('',(#17348));
#17348 = FILL_AREA_STYLE_COLOUR('',#17250);
#17349 = STYLED_ITEM('color',(#17350),#2915);
#17350 = PRESENTATION_STYLE_ASSIGNMENT((#17351));
#17351 = SURFACE_STYLE_USAGE(.BOTH.,#17352);
#17352 = SURFACE_SIDE_STYLE('',(#17353));
#17353 = SURFACE_STYLE_FILL_AREA(#17354);
#17354 = FILL_AREA_STYLE('',(#17355));
#17355 = FILL_AREA_STYLE_COLOUR('',#17250);
#17356 = STYLED_ITEM('color',(#17357),#2972);
#17357 = PRESENTATION_STYLE_ASSIGNMENT((#17358));
#17358 = SURFACE_STYLE_USAGE(.BOTH.,#17359);
#17359 = SURFACE_SIDE_STYLE('',(#17360));
#17360 = SURFACE_STYLE_FILL_AREA(#17361);
#17361 = FILL_AREA_STYLE('',(#17362));
#17362 = FILL_AREA_STYLE_COLOUR('',#17250);
#17363 = STYLED_ITEM('color',(#17364),#2996);
#17364 = PRESENTATION_STYLE_ASSIGNMENT((#17365));
#17365 = SURFACE_STYLE_USAGE(.BOTH.,#17366);
#17366 = SURFACE_SIDE_STYLE('',(#17367));
#17367 = SURFACE_STYLE_FILL_AREA(#17368);
#17368 = FILL_AREA_STYLE('',(#17369));
#17369 = FILL_AREA_STYLE_COLOUR('',#17250);
#17370 = STYLED_ITEM('color',(#17371),#3069);
#17371 = PRESENTATION_STYLE_ASSIGNMENT((#17372));
#17372 = SURFACE_STYLE_USAGE(.BOTH.,#17373);
#17373 = SURFACE_SIDE_STYLE('',(#17374));
#17374 = SURFACE_STYLE_FILL_AREA(#17375);
#17375 = FILL_AREA_STYLE('',(#17376));
#17376 = FILL_AREA_STYLE_COLOUR('',#17250);
#17377 = STYLED_ITEM('color',(#17378),#3093);
#17378 = PRESENTATION_STYLE_ASSIGNMENT((#17379));
#17379 = SURFACE_STYLE_USAGE(.BOTH.,#17380);
#17380 = SURFACE_SIDE_STYLE('',(#17381));
#17381 = SURFACE_STYLE_FILL_AREA(#17382);
#17382 = FILL_AREA_STYLE('',(#17383));
#17383 = FILL_AREA_STYLE_COLOUR('',#17250);
#17384 = STYLED_ITEM('color',(#17385),#3126);
#17385 = PRESENTATION_STYLE_ASSIGNMENT((#17386));
#17386 = SURFACE_STYLE_USAGE(.BOTH.,#17387);
#17387 = SURFACE_SIDE_STYLE('',(#17388));
#17388 = SURFACE_STYLE_FILL_AREA(#17389);
#17389 = FILL_AREA_STYLE('',(#17390));
#17390 = FILL_AREA_STYLE_COLOUR('',#17250);
#17391 = STYLED_ITEM('color',(#17392),#3237);
#17392 = PRESENTATION_STYLE_ASSIGNMENT((#17393));
#17393 = SURFACE_STYLE_USAGE(.BOTH.,#17394);
#17394 = SURFACE_SIDE_STYLE('',(#17395));
#17395 = SURFACE_STYLE_FILL_AREA(#17396);
#17396 = FILL_AREA_STYLE('',(#17397));
#17397 = FILL_AREA_STYLE_COLOUR('',#17250);
#17398 = STYLED_ITEM('color',(#17399),#3354);
#17399 = PRESENTATION_STYLE_ASSIGNMENT((#17400));
#17400 = SURFACE_STYLE_USAGE(.BOTH.,#17401);
#17401 = SURFACE_SIDE_STYLE('',(#17402));
#17402 = SURFACE_STYLE_FILL_AREA(#17403);
#17403 = FILL_AREA_STYLE('',(#17404));
#17404 = FILL_AREA_STYLE_COLOUR('',#17250);
#17405 = STYLED_ITEM('color',(#17406),#3394);
#17406 = PRESENTATION_STYLE_ASSIGNMENT((#17407));
#17407 = SURFACE_STYLE_USAGE(.BOTH.,#17408);
#17408 = SURFACE_SIDE_STYLE('',(#17409));
#17409 = SURFACE_STYLE_FILL_AREA(#17410);
#17410 = FILL_AREA_STYLE('',(#17411));
#17411 = FILL_AREA_STYLE_COLOUR('',#17250);
#17412 = STYLED_ITEM('color',(#17413),#3425);
#17413 = PRESENTATION_STYLE_ASSIGNMENT((#17414));
#17414 = SURFACE_STYLE_USAGE(.BOTH.,#17415);
#17415 = SURFACE_SIDE_STYLE('',(#17416));
#17416 = SURFACE_STYLE_FILL_AREA(#17417);
#17417 = FILL_AREA_STYLE('',(#17418));
#17418 = FILL_AREA_STYLE_COLOUR('',#17250);
#17419 = STYLED_ITEM('color',(#17420),#3443);
#17420 = PRESENTATION_STYLE_ASSIGNMENT((#17421));
#17421 = SURFACE_STYLE_USAGE(.BOTH.,#17422);
#17422 = SURFACE_SIDE_STYLE('',(#17423));
#17423 = SURFACE_STYLE_FILL_AREA(#17424);
#17424 = FILL_AREA_STYLE('',(#17425));
#17425 = FILL_AREA_STYLE_COLOUR('',#17250);
#17426 = STYLED_ITEM('color',(#17427),#3460);
#17427 = PRESENTATION_STYLE_ASSIGNMENT((#17428));
#17428 = SURFACE_STYLE_USAGE(.BOTH.,#17429);
#17429 = SURFACE_SIDE_STYLE('',(#17430));
#17430 = SURFACE_STYLE_FILL_AREA(#17431);
#17431 = FILL_AREA_STYLE('',(#17432));
#17432 = FILL_AREA_STYLE_COLOUR('',#17250);
#17433 = STYLED_ITEM('color',(#17434),#3478);
#17434 = PRESENTATION_STYLE_ASSIGNMENT((#17435));
#17435 = SURFACE_STYLE_USAGE(.BOTH.,#17436);
#17436 = SURFACE_SIDE_STYLE('',(#17437));
#17437 = SURFACE_STYLE_FILL_AREA(#17438);
#17438 = FILL_AREA_STYLE('',(#17439));
#17439 = FILL_AREA_STYLE_COLOUR('',#17250);
#17440 = STYLED_ITEM('color',(#17441),#3504);
#17441 = PRESENTATION_STYLE_ASSIGNMENT((#17442));
#17442 = SURFACE_STYLE_USAGE(.BOTH.,#17443);
#17443 = SURFACE_SIDE_STYLE('',(#17444));
#17444 = SURFACE_STYLE_FILL_AREA(#17445);
#17445 = FILL_AREA_STYLE('',(#17446));
#17446 = FILL_AREA_STYLE_COLOUR('',#17250);
#17447 = STYLED_ITEM('color',(#17448),#3535);
#17448 = PRESENTATION_STYLE_ASSIGNMENT((#17449));
#17449 = SURFACE_STYLE_USAGE(.BOTH.,#17450);
#17450 = SURFACE_SIDE_STYLE('',(#17451));
#17451 = SURFACE_STYLE_FILL_AREA(#17452);
#17452 = FILL_AREA_STYLE('',(#17453));
#17453 = FILL_AREA_STYLE_COLOUR('',#17250);
#17454 = STYLED_ITEM('color',(#17455),#3552);
#17455 = PRESENTATION_STYLE_ASSIGNMENT((#17456));
#17456 = SURFACE_STYLE_USAGE(.BOTH.,#17457);
#17457 = SURFACE_SIDE_STYLE('',(#17458));
#17458 = SURFACE_STYLE_FILL_AREA(#17459);
#17459 = FILL_AREA_STYLE('',(#17460));
#17460 = FILL_AREA_STYLE_COLOUR('',#17250);
#17461 = STYLED_ITEM('color',(#17462),#3585);
#17462 = PRESENTATION_STYLE_ASSIGNMENT((#17463));
#17463 = SURFACE_STYLE_USAGE(.BOTH.,#17464);
#17464 = SURFACE_SIDE_STYLE('',(#17465));
#17465 = SURFACE_STYLE_FILL_AREA(#17466);
#17466 = FILL_AREA_STYLE('',(#17467));
#17467 = FILL_AREA_STYLE_COLOUR('',#17250);
#17468 = STYLED_ITEM('color',(#17469),#3625);
#17469 = PRESENTATION_STYLE_ASSIGNMENT((#17470));
#17470 = SURFACE_STYLE_USAGE(.BOTH.,#17471);
#17471 = SURFACE_SIDE_STYLE('',(#17472));
#17472 = SURFACE_STYLE_FILL_AREA(#17473);
#17473 = FILL_AREA_STYLE('',(#17474));
#17474 = FILL_AREA_STYLE_COLOUR('',#17250);
#17475 = STYLED_ITEM('color',(#17476),#3648);
#17476 = PRESENTATION_STYLE_ASSIGNMENT((#17477));
#17477 = SURFACE_STYLE_USAGE(.BOTH.,#17478);
#17478 = SURFACE_SIDE_STYLE('',(#17479));
#17479 = SURFACE_STYLE_FILL_AREA(#17480);
#17480 = FILL_AREA_STYLE('',(#17481));
#17481 = FILL_AREA_STYLE_COLOUR('',#17250);
#17482 = STYLED_ITEM('color',(#17483),#3697);
#17483 = PRESENTATION_STYLE_ASSIGNMENT((#17484));
#17484 = SURFACE_STYLE_USAGE(.BOTH.,#17485);
#17485 = SURFACE_SIDE_STYLE('',(#17486));
#17486 = SURFACE_STYLE_FILL_AREA(#17487);
#17487 = FILL_AREA_STYLE('',(#17488));
#17488 = FILL_AREA_STYLE_COLOUR('',#17250);
#17489 = STYLED_ITEM('color',(#17490),#3721);
#17490 = PRESENTATION_STYLE_ASSIGNMENT((#17491));
#17491 = SURFACE_STYLE_USAGE(.BOTH.,#17492);
#17492 = SURFACE_SIDE_STYLE('',(#17493));
#17493 = SURFACE_STYLE_FILL_AREA(#17494);
#17494 = FILL_AREA_STYLE('',(#17495));
#17495 = FILL_AREA_STYLE_COLOUR('',#17250);
#17496 = STYLED_ITEM('color',(#17497),#3768);
#17497 = PRESENTATION_STYLE_ASSIGNMENT((#17498));
#17498 = SURFACE_STYLE_USAGE(.BOTH.,#17499);
#17499 = SURFACE_SIDE_STYLE('',(#17500));
#17500 = SURFACE_STYLE_FILL_AREA(#17501);
#17501 = FILL_AREA_STYLE('',(#17502));
#17502 = FILL_AREA_STYLE_COLOUR('',#17250);
#17503 = STYLED_ITEM('color',(#17504),#3785);
#17504 = PRESENTATION_STYLE_ASSIGNMENT((#17505));
#17505 = SURFACE_STYLE_USAGE(.BOTH.,#17506);
#17506 = SURFACE_SIDE_STYLE('',(#17507));
#17507 = SURFACE_STYLE_FILL_AREA(#17508);
#17508 = FILL_AREA_STYLE('',(#17509));
#17509 = FILL_AREA_STYLE_COLOUR('',#17250);
#17510 = STYLED_ITEM('color',(#17511),#3802);
#17511 = PRESENTATION_STYLE_ASSIGNMENT((#17512));
#17512 = SURFACE_STYLE_USAGE(.BOTH.,#17513);
#17513 = SURFACE_SIDE_STYLE('',(#17514));
#17514 = SURFACE_STYLE_FILL_AREA(#17515);
#17515 = FILL_AREA_STYLE('',(#17516));
#17516 = FILL_AREA_STYLE_COLOUR('',#17250);
#17517 = STYLED_ITEM('color',(#17518),#3814);
#17518 = PRESENTATION_STYLE_ASSIGNMENT((#17519));
#17519 = SURFACE_STYLE_USAGE(.BOTH.,#17520);
#17520 = SURFACE_SIDE_STYLE('',(#17521));
#17521 = SURFACE_STYLE_FILL_AREA(#17522);
#17522 = FILL_AREA_STYLE('',(#17523));
#17523 = FILL_AREA_STYLE_COLOUR('',#17250);
#17524 = STYLED_ITEM('color',(#17525),#3861);
#17525 = PRESENTATION_STYLE_ASSIGNMENT((#17526));
#17526 = SURFACE_STYLE_USAGE(.BOTH.,#17527);
#17527 = SURFACE_SIDE_STYLE('',(#17528));
#17528 = SURFACE_STYLE_FILL_AREA(#17529);
#17529 = FILL_AREA_STYLE('',(#17530));
#17530 = FILL_AREA_STYLE_COLOUR('',#17250);
#17531 = STYLED_ITEM('color',(#17532),#3892);
#17532 = PRESENTATION_STYLE_ASSIGNMENT((#17533));
#17533 = SURFACE_STYLE_USAGE(.BOTH.,#17534);
#17534 = SURFACE_SIDE_STYLE('',(#17535));
#17535 = SURFACE_STYLE_FILL_AREA(#17536);
#17536 = FILL_AREA_STYLE('',(#17537));
#17537 = FILL_AREA_STYLE_COLOUR('',#17250);
#17538 = STYLED_ITEM('color',(#17539),#3909);
#17539 = PRESENTATION_STYLE_ASSIGNMENT((#17540));
#17540 = SURFACE_STYLE_USAGE(.BOTH.,#17541);
#17541 = SURFACE_SIDE_STYLE('',(#17542));
#17542 = SURFACE_STYLE_FILL_AREA(#17543);
#17543 = FILL_AREA_STYLE('',(#17544));
#17544 = FILL_AREA_STYLE_COLOUR('',#17250);
#17545 = STYLED_ITEM('color',(#17546),#3926);
#17546 = PRESENTATION_STYLE_ASSIGNMENT((#17547));
#17547 = SURFACE_STYLE_USAGE(.BOTH.,#17548);
#17548 = SURFACE_SIDE_STYLE('',(#17549));
#17549 = SURFACE_STYLE_FILL_AREA(#17550);
#17550 = FILL_AREA_STYLE('',(#17551));
#17551 = FILL_AREA_STYLE_COLOUR('',#17250);
#17552 = STYLED_ITEM('color',(#17553),#3950);
#17553 = PRESENTATION_STYLE_ASSIGNMENT((#17554));
#17554 = SURFACE_STYLE_USAGE(.BOTH.,#17555);
#17555 = SURFACE_SIDE_STYLE('',(#17556));
#17556 = SURFACE_STYLE_FILL_AREA(#17557);
#17557 = FILL_AREA_STYLE('',(#17558));
#17558 = FILL_AREA_STYLE_COLOUR('',#17250);
#17559 = STYLED_ITEM('color',(#17560),#3974);
#17560 = PRESENTATION_STYLE_ASSIGNMENT((#17561));
#17561 = SURFACE_STYLE_USAGE(.BOTH.,#17562);
#17562 = SURFACE_SIDE_STYLE('',(#17563));
#17563 = SURFACE_STYLE_FILL_AREA(#17564);
#17564 = FILL_AREA_STYLE('',(#17565));
#17565 = FILL_AREA_STYLE_COLOUR('',#17250);
#17566 = STYLED_ITEM('color',(#17567),#3991);
#17567 = PRESENTATION_STYLE_ASSIGNMENT((#17568));
#17568 = SURFACE_STYLE_USAGE(.BOTH.,#17569);
#17569 = SURFACE_SIDE_STYLE('',(#17570));
#17570 = SURFACE_STYLE_FILL_AREA(#17571);
#17571 = FILL_AREA_STYLE('',(#17572));
#17572 = FILL_AREA_STYLE_COLOUR('',#17250);
#17573 = STYLED_ITEM('color',(#17574),#4008);
#17574 = PRESENTATION_STYLE_ASSIGNMENT((#17575));
#17575 = SURFACE_STYLE_USAGE(.BOTH.,#17576);
#17576 = SURFACE_SIDE_STYLE('',(#17577));
#17577 = SURFACE_STYLE_FILL_AREA(#17578);
#17578 = FILL_AREA_STYLE('',(#17579));
#17579 = FILL_AREA_STYLE_COLOUR('',#17250);
#17580 = STYLED_ITEM('color',(#17581),#4020);
#17581 = PRESENTATION_STYLE_ASSIGNMENT((#17582));
#17582 = SURFACE_STYLE_USAGE(.BOTH.,#17583);
#17583 = SURFACE_SIDE_STYLE('',(#17584));
#17584 = SURFACE_STYLE_FILL_AREA(#17585);
#17585 = FILL_AREA_STYLE('',(#17586));
#17586 = FILL_AREA_STYLE_COLOUR('',#17250);
#17587 = STYLED_ITEM('color',(#17588),#4037);
#17588 = PRESENTATION_STYLE_ASSIGNMENT((#17589));
#17589 = SURFACE_STYLE_USAGE(.BOTH.,#17590);
#17590 = SURFACE_SIDE_STYLE('',(#17591));
#17591 = SURFACE_STYLE_FILL_AREA(#17592);
#17592 = FILL_AREA_STYLE('',(#17593));
#17593 = FILL_AREA_STYLE_COLOUR('',#17250);
#17594 = STYLED_ITEM('color',(#17595),#4049);
#17595 = PRESENTATION_STYLE_ASSIGNMENT((#17596));
#17596 = SURFACE_STYLE_USAGE(.BOTH.,#17597);
#17597 = SURFACE_SIDE_STYLE('',(#17598));
#17598 = SURFACE_STYLE_FILL_AREA(#17599);
#17599 = FILL_AREA_STYLE('',(#17600));
#17600 = FILL_AREA_STYLE_COLOUR('',#17250);
#17601 = STYLED_ITEM('color',(#17602),#4073);
#17602 = PRESENTATION_STYLE_ASSIGNMENT((#17603));
#17603 = SURFACE_STYLE_USAGE(.BOTH.,#17604);
#17604 = SURFACE_SIDE_STYLE('',(#17605));
#17605 = SURFACE_STYLE_FILL_AREA(#17606);
#17606 = FILL_AREA_STYLE('',(#17607));
#17607 = FILL_AREA_STYLE_COLOUR('',#17250);
#17608 = STYLED_ITEM('color',(#17609),#4091);
#17609 = PRESENTATION_STYLE_ASSIGNMENT((#17610));
#17610 = SURFACE_STYLE_USAGE(.BOTH.,#17611);
#17611 = SURFACE_SIDE_STYLE('',(#17612));
#17612 = SURFACE_STYLE_FILL_AREA(#17613);
#17613 = FILL_AREA_STYLE('',(#17614));
#17614 = FILL_AREA_STYLE_COLOUR('',#17250);
#17615 = STYLED_ITEM('color',(#17616),#4103);
#17616 = PRESENTATION_STYLE_ASSIGNMENT((#17617));
#17617 = SURFACE_STYLE_USAGE(.BOTH.,#17618);
#17618 = SURFACE_SIDE_STYLE('',(#17619));
#17619 = SURFACE_STYLE_FILL_AREA(#17620);
#17620 = FILL_AREA_STYLE('',(#17621));
#17621 = FILL_AREA_STYLE_COLOUR('',#17250);
#17622 = STYLED_ITEM('color',(#17623),#4117);
#17623 = PRESENTATION_STYLE_ASSIGNMENT((#17624));
#17624 = SURFACE_STYLE_USAGE(.BOTH.,#17625);
#17625 = SURFACE_SIDE_STYLE('',(#17626));
#17626 = SURFACE_STYLE_FILL_AREA(#17627);
#17627 = FILL_AREA_STYLE('',(#17628));
#17628 = FILL_AREA_STYLE_COLOUR('',#17629);
#17629 = COLOUR_RGB('',0.823529417451,0.819607860991,0.780392170416);
#17630 = STYLED_ITEM('color',(#17631),#4148);
#17631 = PRESENTATION_STYLE_ASSIGNMENT((#17632));
#17632 = SURFACE_STYLE_USAGE(.BOTH.,#17633);
#17633 = SURFACE_SIDE_STYLE('',(#17634));
#17634 = SURFACE_STYLE_FILL_AREA(#17635);
#17635 = FILL_AREA_STYLE('',(#17636));
#17636 = FILL_AREA_STYLE_COLOUR('',#17629);
#17637 = STYLED_ITEM('color',(#17638),#4172);
#17638 = PRESENTATION_STYLE_ASSIGNMENT((#17639));
#17639 = SURFACE_STYLE_USAGE(.BOTH.,#17640);
#17640 = SURFACE_SIDE_STYLE('',(#17641));
#17641 = SURFACE_STYLE_FILL_AREA(#17642);
#17642 = FILL_AREA_STYLE('',(#17643));
#17643 = FILL_AREA_STYLE_COLOUR('',#17629);
#17644 = STYLED_ITEM('color',(#17645),#4196);
#17645 = PRESENTATION_STYLE_ASSIGNMENT((#17646));
#17646 = SURFACE_STYLE_USAGE(.BOTH.,#17647);
#17647 = SURFACE_SIDE_STYLE('',(#17648));
#17648 = SURFACE_STYLE_FILL_AREA(#17649);
#17649 = FILL_AREA_STYLE('',(#17650));
#17650 = FILL_AREA_STYLE_COLOUR('',#17629);
#17651 = STYLED_ITEM('color',(#17652),#4213);
#17652 = PRESENTATION_STYLE_ASSIGNMENT((#17653));
#17653 = SURFACE_STYLE_USAGE(.BOTH.,#17654);
#17654 = SURFACE_SIDE_STYLE('',(#17655));
#17655 = SURFACE_STYLE_FILL_AREA(#17656);
#17656 = FILL_AREA_STYLE('',(#17657));
#17657 = FILL_AREA_STYLE_COLOUR('',#17629);
#17658 = STYLED_ITEM('color',(#17659),#4244);
#17659 = PRESENTATION_STYLE_ASSIGNMENT((#17660));
#17660 = SURFACE_STYLE_USAGE(.BOTH.,#17661);
#17661 = SURFACE_SIDE_STYLE('',(#17662));
#17662 = SURFACE_STYLE_FILL_AREA(#17663);
#17663 = FILL_AREA_STYLE('',(#17664));
#17664 = FILL_AREA_STYLE_COLOUR('',#17629);
#17665 = STYLED_ITEM('color',(#17666),#4268);
#17666 = PRESENTATION_STYLE_ASSIGNMENT((#17667));
#17667 = SURFACE_STYLE_USAGE(.BOTH.,#17668);
#17668 = SURFACE_SIDE_STYLE('',(#17669));
#17669 = SURFACE_STYLE_FILL_AREA(#17670);
#17670 = FILL_AREA_STYLE('',(#17671));
#17671 = FILL_AREA_STYLE_COLOUR('',#17629);
#17672 = STYLED_ITEM('color',(#17673),#4292);
#17673 = PRESENTATION_STYLE_ASSIGNMENT((#17674));
#17674 = SURFACE_STYLE_USAGE(.BOTH.,#17675);
#17675 = SURFACE_SIDE_STYLE('',(#17676));
#17676 = SURFACE_STYLE_FILL_AREA(#17677);
#17677 = FILL_AREA_STYLE('',(#17678));
#17678 = FILL_AREA_STYLE_COLOUR('',#17629);
#17679 = STYLED_ITEM('color',(#17680),#4309);
#17680 = PRESENTATION_STYLE_ASSIGNMENT((#17681));
#17681 = SURFACE_STYLE_USAGE(.BOTH.,#17682);
#17682 = SURFACE_SIDE_STYLE('',(#17683));
#17683 = SURFACE_STYLE_FILL_AREA(#17684);
#17684 = FILL_AREA_STYLE('',(#17685));
#17685 = FILL_AREA_STYLE_COLOUR('',#17250);
#17686 = STYLED_ITEM('color',(#17687),#4355);
#17687 = PRESENTATION_STYLE_ASSIGNMENT((#17688));
#17688 = SURFACE_STYLE_USAGE(.BOTH.,#17689);
#17689 = SURFACE_SIDE_STYLE('',(#17690));
#17690 = SURFACE_STYLE_FILL_AREA(#17691);
#17691 = FILL_AREA_STYLE('',(#17692));
#17692 = FILL_AREA_STYLE_COLOUR('',#17250);
#17693 = STYLED_ITEM('color',(#17694),#4401);
#17694 = PRESENTATION_STYLE_ASSIGNMENT((#17695));
#17695 = SURFACE_STYLE_USAGE(.BOTH.,#17696);
#17696 = SURFACE_SIDE_STYLE('',(#17697));
#17697 = SURFACE_STYLE_FILL_AREA(#17698);
#17698 = FILL_AREA_STYLE('',(#17699));
#17699 = FILL_AREA_STYLE_COLOUR('',#17250);
#17700 = STYLED_ITEM('color',(#17701),#4418);
#17701 = PRESENTATION_STYLE_ASSIGNMENT((#17702));
#17702 = SURFACE_STYLE_USAGE(.BOTH.,#17703);
#17703 = SURFACE_SIDE_STYLE('',(#17704));
#17704 = SURFACE_STYLE_FILL_AREA(#17705);
#17705 = FILL_AREA_STYLE('',(#17706));
#17706 = FILL_AREA_STYLE_COLOUR('',#17250);
#17707 = STYLED_ITEM('color',(#17708),#4430);
#17708 = PRESENTATION_STYLE_ASSIGNMENT((#17709));
#17709 = SURFACE_STYLE_USAGE(.BOTH.,#17710);
#17710 = SURFACE_SIDE_STYLE('',(#17711));
#17711 = SURFACE_STYLE_FILL_AREA(#17712);
#17712 = FILL_AREA_STYLE('',(#17713));
#17713 = FILL_AREA_STYLE_COLOUR('',#17629);
#17714 = STYLED_ITEM('color',(#17715),#4461);
#17715 = PRESENTATION_STYLE_ASSIGNMENT((#17716));
#17716 = SURFACE_STYLE_USAGE(.BOTH.,#17717);
#17717 = SURFACE_SIDE_STYLE('',(#17718));
#17718 = SURFACE_STYLE_FILL_AREA(#17719);
#17719 = FILL_AREA_STYLE('',(#17720));
#17720 = FILL_AREA_STYLE_COLOUR('',#17629);
#17721 = STYLED_ITEM('color',(#17722),#4485);
#17722 = PRESENTATION_STYLE_ASSIGNMENT((#17723));
#17723 = SURFACE_STYLE_USAGE(.BOTH.,#17724);
#17724 = SURFACE_SIDE_STYLE('',(#17725));
#17725 = SURFACE_STYLE_FILL_AREA(#17726);
#17726 = FILL_AREA_STYLE('',(#17727));
#17727 = FILL_AREA_STYLE_COLOUR('',#17629);
#17728 = STYLED_ITEM('color',(#17729),#4509);
#17729 = PRESENTATION_STYLE_ASSIGNMENT((#17730));
#17730 = SURFACE_STYLE_USAGE(.BOTH.,#17731);
#17731 = SURFACE_SIDE_STYLE('',(#17732));
#17732 = SURFACE_STYLE_FILL_AREA(#17733);
#17733 = FILL_AREA_STYLE('',(#17734));
#17734 = FILL_AREA_STYLE_COLOUR('',#17629);
#17735 = STYLED_ITEM('color',(#17736),#4526);
#17736 = PRESENTATION_STYLE_ASSIGNMENT((#17737));
#17737 = SURFACE_STYLE_USAGE(.BOTH.,#17738);
#17738 = SURFACE_SIDE_STYLE('',(#17739));
#17739 = SURFACE_STYLE_FILL_AREA(#17740);
#17740 = FILL_AREA_STYLE('',(#17741));
#17741 = FILL_AREA_STYLE_COLOUR('',#17629);
#17742 = STYLED_ITEM('color',(#17743),#4557);
#17743 = PRESENTATION_STYLE_ASSIGNMENT((#17744));
#17744 = SURFACE_STYLE_USAGE(.BOTH.,#17745);
#17745 = SURFACE_SIDE_STYLE('',(#17746));
#17746 = SURFACE_STYLE_FILL_AREA(#17747);
#17747 = FILL_AREA_STYLE('',(#17748));
#17748 = FILL_AREA_STYLE_COLOUR('',#17629);
#17749 = STYLED_ITEM('color',(#17750),#4581);
#17750 = PRESENTATION_STYLE_ASSIGNMENT((#17751));
#17751 = SURFACE_STYLE_USAGE(.BOTH.,#17752);
#17752 = SURFACE_SIDE_STYLE('',(#17753));
#17753 = SURFACE_STYLE_FILL_AREA(#17754);
#17754 = FILL_AREA_STYLE('',(#17755));
#17755 = FILL_AREA_STYLE_COLOUR('',#17629);
#17756 = STYLED_ITEM('color',(#17757),#4605);
#17757 = PRESENTATION_STYLE_ASSIGNMENT((#17758));
#17758 = SURFACE_STYLE_USAGE(.BOTH.,#17759);
#17759 = SURFACE_SIDE_STYLE('',(#17760));
#17760 = SURFACE_STYLE_FILL_AREA(#17761);
#17761 = FILL_AREA_STYLE('',(#17762));
#17762 = FILL_AREA_STYLE_COLOUR('',#17629);
#17763 = STYLED_ITEM('color',(#17764),#4622);
#17764 = PRESENTATION_STYLE_ASSIGNMENT((#17765));
#17765 = SURFACE_STYLE_USAGE(.BOTH.,#17766);
#17766 = SURFACE_SIDE_STYLE('',(#17767));
#17767 = SURFACE_STYLE_FILL_AREA(#17768);
#17768 = FILL_AREA_STYLE('',(#17769));
#17769 = FILL_AREA_STYLE_COLOUR('',#17629);
#17770 = STYLED_ITEM('color',(#17771),#4719);
#17771 = PRESENTATION_STYLE_ASSIGNMENT((#17772));
#17772 = SURFACE_STYLE_USAGE(.BOTH.,#17773);
#17773 = SURFACE_SIDE_STYLE('',(#17774));
#17774 = SURFACE_STYLE_FILL_AREA(#17775);
#17775 = FILL_AREA_STYLE('',(#17776));
#17776 = FILL_AREA_STYLE_COLOUR('',#17629);
#17777 = STYLED_ITEM('color',(#17778),#4743);
#17778 = PRESENTATION_STYLE_ASSIGNMENT((#17779));
#17779 = SURFACE_STYLE_USAGE(.BOTH.,#17780);
#17780 = SURFACE_SIDE_STYLE('',(#17781));
#17781 = SURFACE_STYLE_FILL_AREA(#17782);
#17782 = FILL_AREA_STYLE('',(#17783));
#17783 = FILL_AREA_STYLE_COLOUR('',#17629);
#17784 = STYLED_ITEM('color',(#17785),#4833);
#17785 = PRESENTATION_STYLE_ASSIGNMENT((#17786));
#17786 = SURFACE_STYLE_USAGE(.BOTH.,#17787);
#17787 = SURFACE_SIDE_STYLE('',(#17788));
#17788 = SURFACE_STYLE_FILL_AREA(#17789);
#17789 = FILL_AREA_STYLE('',(#17790));
#17790 = FILL_AREA_STYLE_COLOUR('',#17629);
#17791 = STYLED_ITEM('color',(#17792),#4850);
#17792 = PRESENTATION_STYLE_ASSIGNMENT((#17793));
#17793 = SURFACE_STYLE_USAGE(.BOTH.,#17794);
#17794 = SURFACE_SIDE_STYLE('',(#17795));
#17795 = SURFACE_STYLE_FILL_AREA(#17796);
#17796 = FILL_AREA_STYLE('',(#17797));
#17797 = FILL_AREA_STYLE_COLOUR('',#17629);
#17798 = STYLED_ITEM('color',(#17799),#4947);
#17799 = PRESENTATION_STYLE_ASSIGNMENT((#17800));
#17800 = SURFACE_STYLE_USAGE(.BOTH.,#17801);
#17801 = SURFACE_SIDE_STYLE('',(#17802));
#17802 = SURFACE_STYLE_FILL_AREA(#17803);
#17803 = FILL_AREA_STYLE('',(#17804));
#17804 = FILL_AREA_STYLE_COLOUR('',#17629);
#17805 = STYLED_ITEM('color',(#17806),#4971);
#17806 = PRESENTATION_STYLE_ASSIGNMENT((#17807));
#17807 = SURFACE_STYLE_USAGE(.BOTH.,#17808);
#17808 = SURFACE_SIDE_STYLE('',(#17809));
#17809 = SURFACE_STYLE_FILL_AREA(#17810);
#17810 = FILL_AREA_STYLE('',(#17811));
#17811 = FILL_AREA_STYLE_COLOUR('',#17629);
#17812 = STYLED_ITEM('color',(#17813),#5061);
#17813 = PRESENTATION_STYLE_ASSIGNMENT((#17814));
#17814 = SURFACE_STYLE_USAGE(.BOTH.,#17815);
#17815 = SURFACE_SIDE_STYLE('',(#17816));
#17816 = SURFACE_STYLE_FILL_AREA(#17817);
#17817 = FILL_AREA_STYLE('',(#17818));
#17818 = FILL_AREA_STYLE_COLOUR('',#17629);
#17819 = STYLED_ITEM('color',(#17820),#5078);
#17820 = PRESENTATION_STYLE_ASSIGNMENT((#17821));
#17821 = SURFACE_STYLE_USAGE(.BOTH.,#17822);
#17822 = SURFACE_SIDE_STYLE('',(#17823));
#17823 = SURFACE_STYLE_FILL_AREA(#17824);
#17824 = FILL_AREA_STYLE('',(#17825));
#17825 = FILL_AREA_STYLE_COLOUR('',#17629);
#17826 = STYLED_ITEM('color',(#17827),#5090);
#17827 = PRESENTATION_STYLE_ASSIGNMENT((#17828));
#17828 = SURFACE_STYLE_USAGE(.BOTH.,#17829);
#17829 = SURFACE_SIDE_STYLE('',(#17830));
#17830 = SURFACE_STYLE_FILL_AREA(#17831);
#17831 = FILL_AREA_STYLE('',(#17832));
#17832 = FILL_AREA_STYLE_COLOUR('',#17629);
#17833 = STYLED_ITEM('color',(#17834),#5102);
#17834 = PRESENTATION_STYLE_ASSIGNMENT((#17835));
#17835 = SURFACE_STYLE_USAGE(.BOTH.,#17836);
#17836 = SURFACE_SIDE_STYLE('',(#17837));
#17837 = SURFACE_STYLE_FILL_AREA(#17838);
#17838 = FILL_AREA_STYLE('',(#17839));
#17839 = FILL_AREA_STYLE_COLOUR('',#17629);
#17840 = STYLED_ITEM('color',(#17841),#5119);
#17841 = PRESENTATION_STYLE_ASSIGNMENT((#17842));
#17842 = SURFACE_STYLE_USAGE(.BOTH.,#17843);
#17843 = SURFACE_SIDE_STYLE('',(#17844));
#17844 = SURFACE_STYLE_FILL_AREA(#17845);
#17845 = FILL_AREA_STYLE('',(#17846));
#17846 = FILL_AREA_STYLE_COLOUR('',#17629);
#17847 = STYLED_ITEM('color',(#17848),#5136);
#17848 = PRESENTATION_STYLE_ASSIGNMENT((#17849));
#17849 = SURFACE_STYLE_USAGE(.BOTH.,#17850);
#17850 = SURFACE_SIDE_STYLE('',(#17851));
#17851 = SURFACE_STYLE_FILL_AREA(#17852);
#17852 = FILL_AREA_STYLE('',(#17853));
#17853 = FILL_AREA_STYLE_COLOUR('',#17629);
#17854 = STYLED_ITEM('color',(#17855),#5153);
#17855 = PRESENTATION_STYLE_ASSIGNMENT((#17856));
#17856 = SURFACE_STYLE_USAGE(.BOTH.,#17857);
#17857 = SURFACE_SIDE_STYLE('',(#17858));
#17858 = SURFACE_STYLE_FILL_AREA(#17859);
#17859 = FILL_AREA_STYLE('',(#17860));
#17860 = FILL_AREA_STYLE_COLOUR('',#17629);
#17861 = STYLED_ITEM('color',(#17862),#5186);
#17862 = PRESENTATION_STYLE_ASSIGNMENT((#17863));
#17863 = SURFACE_STYLE_USAGE(.BOTH.,#17864);
#17864 = SURFACE_SIDE_STYLE('',(#17865));
#17865 = SURFACE_STYLE_FILL_AREA(#17866);
#17866 = FILL_AREA_STYLE('',(#17867));
#17867 = FILL_AREA_STYLE_COLOUR('',#17629);
#17868 = STYLED_ITEM('color',(#17869),#5226);
#17869 = PRESENTATION_STYLE_ASSIGNMENT((#17870));
#17870 = SURFACE_STYLE_USAGE(.BOTH.,#17871);
#17871 = SURFACE_SIDE_STYLE('',(#17872));
#17872 = SURFACE_STYLE_FILL_AREA(#17873);
#17873 = FILL_AREA_STYLE('',(#17874));
#17874 = FILL_AREA_STYLE_COLOUR('',#17629);
#17875 = STYLED_ITEM('color',(#17876),#5257);
#17876 = PRESENTATION_STYLE_ASSIGNMENT((#17877));
#17877 = SURFACE_STYLE_USAGE(.BOTH.,#17878);
#17878 = SURFACE_SIDE_STYLE('',(#17879));
#17879 = SURFACE_STYLE_FILL_AREA(#17880);
#17880 = FILL_AREA_STYLE('',(#17881));
#17881 = FILL_AREA_STYLE_COLOUR('',#17629);
#17882 = STYLED_ITEM('color',(#17883),#5274);
#17883 = PRESENTATION_STYLE_ASSIGNMENT((#17884));
#17884 = SURFACE_STYLE_USAGE(.BOTH.,#17885);
#17885 = SURFACE_SIDE_STYLE('',(#17886));
#17886 = SURFACE_STYLE_FILL_AREA(#17887);
#17887 = FILL_AREA_STYLE('',(#17888));
#17888 = FILL_AREA_STYLE_COLOUR('',#17629);
#17889 = STYLED_ITEM('color',(#17890),#5291);
#17890 = PRESENTATION_STYLE_ASSIGNMENT((#17891));
#17891 = SURFACE_STYLE_USAGE(.BOTH.,#17892);
#17892 = SURFACE_SIDE_STYLE('',(#17893));
#17893 = SURFACE_STYLE_FILL_AREA(#17894);
#17894 = FILL_AREA_STYLE('',(#17895));
#17895 = FILL_AREA_STYLE_COLOUR('',#17629);
#17896 = STYLED_ITEM('color',(#17897),#5303);
#17897 = PRESENTATION_STYLE_ASSIGNMENT((#17898));
#17898 = SURFACE_STYLE_USAGE(.BOTH.,#17899);
#17899 = SURFACE_SIDE_STYLE('',(#17900));
#17900 = SURFACE_STYLE_FILL_AREA(#17901);
#17901 = FILL_AREA_STYLE('',(#17902));
#17902 = FILL_AREA_STYLE_COLOUR('',#17629);
#17903 = STYLED_ITEM('color',(#17904),#5336);
#17904 = PRESENTATION_STYLE_ASSIGNMENT((#17905));
#17905 = SURFACE_STYLE_USAGE(.BOTH.,#17906);
#17906 = SURFACE_SIDE_STYLE('',(#17907));
#17907 = SURFACE_STYLE_FILL_AREA(#17908);
#17908 = FILL_AREA_STYLE('',(#17909));
#17909 = FILL_AREA_STYLE_COLOUR('',#17629);
#17910 = STYLED_ITEM('color',(#17911),#5353);
#17911 = PRESENTATION_STYLE_ASSIGNMENT((#17912));
#17912 = SURFACE_STYLE_USAGE(.BOTH.,#17913);
#17913 = SURFACE_SIDE_STYLE('',(#17914));
#17914 = SURFACE_STYLE_FILL_AREA(#17915);
#17915 = FILL_AREA_STYLE('',(#17916));
#17916 = FILL_AREA_STYLE_COLOUR('',#17629);
#17917 = STYLED_ITEM('color',(#17918),#5370);
#17918 = PRESENTATION_STYLE_ASSIGNMENT((#17919));
#17919 = SURFACE_STYLE_USAGE(.BOTH.,#17920);
#17920 = SURFACE_SIDE_STYLE('',(#17921));
#17921 = SURFACE_STYLE_FILL_AREA(#17922);
#17922 = FILL_AREA_STYLE('',(#17923));
#17923 = FILL_AREA_STYLE_COLOUR('',#17629);
#17924 = STYLED_ITEM('color',(#17925),#5387);
#17925 = PRESENTATION_STYLE_ASSIGNMENT((#17926));
#17926 = SURFACE_STYLE_USAGE(.BOTH.,#17927);
#17927 = SURFACE_SIDE_STYLE('',(#17928));
#17928 = SURFACE_STYLE_FILL_AREA(#17929);
#17929 = FILL_AREA_STYLE('',(#17930));
#17930 = FILL_AREA_STYLE_COLOUR('',#17629);
#17931 = STYLED_ITEM('color',(#17932),#5420);
#17932 = PRESENTATION_STYLE_ASSIGNMENT((#17933));
#17933 = SURFACE_STYLE_USAGE(.BOTH.,#17934);
#17934 = SURFACE_SIDE_STYLE('',(#17935));
#17935 = SURFACE_STYLE_FILL_AREA(#17936);
#17936 = FILL_AREA_STYLE('',(#17937));
#17937 = FILL_AREA_STYLE_COLOUR('',#17629);
#17938 = STYLED_ITEM('color',(#17939),#5460);
#17939 = PRESENTATION_STYLE_ASSIGNMENT((#17940));
#17940 = SURFACE_STYLE_USAGE(.BOTH.,#17941);
#17941 = SURFACE_SIDE_STYLE('',(#17942));
#17942 = SURFACE_STYLE_FILL_AREA(#17943);
#17943 = FILL_AREA_STYLE('',(#17944));
#17944 = FILL_AREA_STYLE_COLOUR('',#17629);
#17945 = STYLED_ITEM('color',(#17946),#5491);
#17946 = PRESENTATION_STYLE_ASSIGNMENT((#17947));
#17947 = SURFACE_STYLE_USAGE(.BOTH.,#17948);
#17948 = SURFACE_SIDE_STYLE('',(#17949));
#17949 = SURFACE_STYLE_FILL_AREA(#17950);
#17950 = FILL_AREA_STYLE('',(#17951));
#17951 = FILL_AREA_STYLE_COLOUR('',#17629);
#17952 = STYLED_ITEM('color',(#17953),#5508);
#17953 = PRESENTATION_STYLE_ASSIGNMENT((#17954));
#17954 = SURFACE_STYLE_USAGE(.BOTH.,#17955);
#17955 = SURFACE_SIDE_STYLE('',(#17956));
#17956 = SURFACE_STYLE_FILL_AREA(#17957);
#17957 = FILL_AREA_STYLE('',(#17958));
#17958 = FILL_AREA_STYLE_COLOUR('',#17629);
#17959 = STYLED_ITEM('color',(#17960),#5525);
#17960 = PRESENTATION_STYLE_ASSIGNMENT((#17961));
#17961 = SURFACE_STYLE_USAGE(.BOTH.,#17962);
#17962 = SURFACE_SIDE_STYLE('',(#17963));
#17963 = SURFACE_STYLE_FILL_AREA(#17964);
#17964 = FILL_AREA_STYLE('',(#17965));
#17965 = FILL_AREA_STYLE_COLOUR('',#17629);
#17966 = STYLED_ITEM('color',(#17967),#5537);
#17967 = PRESENTATION_STYLE_ASSIGNMENT((#17968));
#17968 = SURFACE_STYLE_USAGE(.BOTH.,#17969);
#17969 = SURFACE_SIDE_STYLE('',(#17970));
#17970 = SURFACE_STYLE_FILL_AREA(#17971);
#17971 = FILL_AREA_STYLE('',(#17972));
#17972 = FILL_AREA_STYLE_COLOUR('',#17629);
#17973 = STYLED_ITEM('color',(#17974),#5570);
#17974 = PRESENTATION_STYLE_ASSIGNMENT((#17975));
#17975 = SURFACE_STYLE_USAGE(.BOTH.,#17976);
#17976 = SURFACE_SIDE_STYLE('',(#17977));
#17977 = SURFACE_STYLE_FILL_AREA(#17978);
#17978 = FILL_AREA_STYLE('',(#17979));
#17979 = FILL_AREA_STYLE_COLOUR('',#17629);
#17980 = STYLED_ITEM('color',(#17981),#5587);
#17981 = PRESENTATION_STYLE_ASSIGNMENT((#17982));
#17982 = SURFACE_STYLE_USAGE(.BOTH.,#17983);
#17983 = SURFACE_SIDE_STYLE('',(#17984));
#17984 = SURFACE_STYLE_FILL_AREA(#17985);
#17985 = FILL_AREA_STYLE('',(#17986));
#17986 = FILL_AREA_STYLE_COLOUR('',#17629);
#17987 = STYLED_ITEM('color',(#17988),#5604);
#17988 = PRESENTATION_STYLE_ASSIGNMENT((#17989));
#17989 = SURFACE_STYLE_USAGE(.BOTH.,#17990);
#17990 = SURFACE_SIDE_STYLE('',(#17991));
#17991 = SURFACE_STYLE_FILL_AREA(#17992);
#17992 = FILL_AREA_STYLE('',(#17993));
#17993 = FILL_AREA_STYLE_COLOUR('',#17629);
#17994 = STYLED_ITEM('color',(#17995),#5616);
#17995 = PRESENTATION_STYLE_ASSIGNMENT((#17996));
#17996 = SURFACE_STYLE_USAGE(.BOTH.,#17997);
#17997 = SURFACE_SIDE_STYLE('',(#17998));
#17998 = SURFACE_STYLE_FILL_AREA(#17999);
#17999 = FILL_AREA_STYLE('',(#18000));
#18000 = FILL_AREA_STYLE_COLOUR('',#17629);
#18001 = STYLED_ITEM('color',(#18002),#5633);
#18002 = PRESENTATION_STYLE_ASSIGNMENT((#18003));
#18003 = SURFACE_STYLE_USAGE(.BOTH.,#18004);
#18004 = SURFACE_SIDE_STYLE('',(#18005));
#18005 = SURFACE_STYLE_FILL_AREA(#18006);
#18006 = FILL_AREA_STYLE('',(#18007));
#18007 = FILL_AREA_STYLE_COLOUR('',#17629);
#18008 = STYLED_ITEM('color',(#18009),#5650);
#18009 = PRESENTATION_STYLE_ASSIGNMENT((#18010));
#18010 = SURFACE_STYLE_USAGE(.BOTH.,#18011);
#18011 = SURFACE_SIDE_STYLE('',(#18012));
#18012 = SURFACE_STYLE_FILL_AREA(#18013);
#18013 = FILL_AREA_STYLE('',(#18014));
#18014 = FILL_AREA_STYLE_COLOUR('',#17629);
#18015 = MECHANICAL_DESIGN_GEOMETRIC_PRESENTATION_REPRESENTATION('',(
    #18016,#18024,#18031,#18038,#18045,#18052,#18059,#18066,#18074,
    #18081,#18088,#18096,#18103,#18110,#18117,#18124),#2129);
#18016 = STYLED_ITEM('color',(#18017),#1781);
#18017 = PRESENTATION_STYLE_ASSIGNMENT((#18018));
#18018 = SURFACE_STYLE_USAGE(.BOTH.,#18019);
#18019 = SURFACE_SIDE_STYLE('',(#18020));
#18020 = SURFACE_STYLE_FILL_AREA(#18021);
#18021 = FILL_AREA_STYLE('',(#18022));
#18022 = FILL_AREA_STYLE_COLOUR('',#18023);
#18023 = COLOUR_RGB('',0.823999987314,0.819999987296,0.781000009244);
#18024 = STYLED_ITEM('color',(#18025),#1814);
#18025 = PRESENTATION_STYLE_ASSIGNMENT((#18026));
#18026 = SURFACE_STYLE_USAGE(.BOTH.,#18027);
#18027 = SURFACE_SIDE_STYLE('',(#18028));
#18028 = SURFACE_STYLE_FILL_AREA(#18029);
#18029 = FILL_AREA_STYLE('',(#18030));
#18030 = FILL_AREA_STYLE_COLOUR('',#18023);
#18031 = STYLED_ITEM('color',(#18032),#1840);
#18032 = PRESENTATION_STYLE_ASSIGNMENT((#18033));
#18033 = SURFACE_STYLE_USAGE(.BOTH.,#18034);
#18034 = SURFACE_SIDE_STYLE('',(#18035));
#18035 = SURFACE_STYLE_FILL_AREA(#18036);
#18036 = FILL_AREA_STYLE('',(#18037));
#18037 = FILL_AREA_STYLE_COLOUR('',#18023);
#18038 = STYLED_ITEM('color',(#18039),#1865);
#18039 = PRESENTATION_STYLE_ASSIGNMENT((#18040));
#18040 = SURFACE_STYLE_USAGE(.BOTH.,#18041);
#18041 = SURFACE_SIDE_STYLE('',(#18042));
#18042 = SURFACE_STYLE_FILL_AREA(#18043);
#18043 = FILL_AREA_STYLE('',(#18044));
#18044 = FILL_AREA_STYLE_COLOUR('',#18023);
#18045 = STYLED_ITEM('color',(#18046),#1891);
#18046 = PRESENTATION_STYLE_ASSIGNMENT((#18047));
#18047 = SURFACE_STYLE_USAGE(.BOTH.,#18048);
#18048 = SURFACE_SIDE_STYLE('',(#18049));
#18049 = SURFACE_STYLE_FILL_AREA(#18050);
#18050 = FILL_AREA_STYLE('',(#18051));
#18051 = FILL_AREA_STYLE_COLOUR('',#18023);
#18052 = STYLED_ITEM('color',(#18053),#1916);
#18053 = PRESENTATION_STYLE_ASSIGNMENT((#18054));
#18054 = SURFACE_STYLE_USAGE(.BOTH.,#18055);
#18055 = SURFACE_SIDE_STYLE('',(#18056));
#18056 = SURFACE_STYLE_FILL_AREA(#18057);
#18057 = FILL_AREA_STYLE('',(#18058));
#18058 = FILL_AREA_STYLE_COLOUR('',#18023);
#18059 = STYLED_ITEM('color',(#18060),#1925);
#18060 = PRESENTATION_STYLE_ASSIGNMENT((#18061));
#18061 = SURFACE_STYLE_USAGE(.BOTH.,#18062);
#18062 = SURFACE_SIDE_STYLE('',(#18063));
#18063 = SURFACE_STYLE_FILL_AREA(#18064);
#18064 = FILL_AREA_STYLE('',(#18065));
#18065 = FILL_AREA_STYLE_COLOUR('',#18023);
#18066 = STYLED_ITEM('color',(#18067),#1936);
#18067 = PRESENTATION_STYLE_ASSIGNMENT((#18068));
#18068 = SURFACE_STYLE_USAGE(.BOTH.,#18069);
#18069 = SURFACE_SIDE_STYLE('',(#18070));
#18070 = SURFACE_STYLE_FILL_AREA(#18071);
#18071 = FILL_AREA_STYLE('',(#18072));
#18072 = FILL_AREA_STYLE_COLOUR('',#18073);
#18073 = COLOUR_RGB('',0.699999984889,9.999999991362E-02,
  5.000000142576E-02);
#18074 = STYLED_ITEM('color',(#18075),#1969);
#18075 = PRESENTATION_STYLE_ASSIGNMENT((#18076));
#18076 = SURFACE_STYLE_USAGE(.BOTH.,#18077);
#18077 = SURFACE_SIDE_STYLE('',(#18078));
#18078 = SURFACE_STYLE_FILL_AREA(#18079);
#18079 = FILL_AREA_STYLE('',(#18080));
#18080 = FILL_AREA_STYLE_COLOUR('',#18073);
#18081 = STYLED_ITEM('color',(#18082),#1989);
#18082 = PRESENTATION_STYLE_ASSIGNMENT((#18083));
#18083 = SURFACE_STYLE_USAGE(.BOTH.,#18084);
#18084 = SURFACE_SIDE_STYLE('',(#18085));
#18085 = SURFACE_STYLE_FILL_AREA(#18086);
#18086 = FILL_AREA_STYLE('',(#18087));
#18087 = FILL_AREA_STYLE_COLOUR('',#18073);
#18088 = STYLED_ITEM('color',(#18089),#2009);
#18089 = PRESENTATION_STYLE_ASSIGNMENT((#18090));
#18090 = SURFACE_STYLE_USAGE(.BOTH.,#18091);
#18091 = SURFACE_SIDE_STYLE('',(#18092));
#18092 = SURFACE_STYLE_FILL_AREA(#18093);
#18093 = FILL_AREA_STYLE('',(#18094));
#18094 = FILL_AREA_STYLE_COLOUR('',#18095);
#18095 = COLOUR_RGB('',0.,0.631244006163,0.748016017657);
#18096 = STYLED_ITEM('color',(#18097),#2034);
#18097 = PRESENTATION_STYLE_ASSIGNMENT((#18098));
#18098 = SURFACE_STYLE_USAGE(.BOTH.,#18099);
#18099 = SURFACE_SIDE_STYLE('',(#18100));
#18100 = SURFACE_STYLE_FILL_AREA(#18101);
#18101 = FILL_AREA_STYLE('',(#18102));
#18102 = FILL_AREA_STYLE_COLOUR('',#18095);
#18103 = STYLED_ITEM('color',(#18104),#2059);
#18104 = PRESENTATION_STYLE_ASSIGNMENT((#18105));
#18105 = SURFACE_STYLE_USAGE(.BOTH.,#18106);
#18106 = SURFACE_SIDE_STYLE('',(#18107));
#18107 = SURFACE_STYLE_FILL_AREA(#18108);
#18108 = FILL_AREA_STYLE('',(#18109));
#18109 = FILL_AREA_STYLE_COLOUR('',#18095);
#18110 = STYLED_ITEM('color',(#18111),#2085);
#18111 = PRESENTATION_STYLE_ASSIGNMENT((#18112));
#18112 = SURFACE_STYLE_USAGE(.BOTH.,#18113);
#18113 = SURFACE_SIDE_STYLE('',(#18114));
#18114 = SURFACE_STYLE_FILL_AREA(#18115);
#18115 = FILL_AREA_STYLE('',(#18116));
#18116 = FILL_AREA_STYLE_COLOUR('',#18095);
#18117 = STYLED_ITEM('color',(#18118),#2111);
#18118 = PRESENTATION_STYLE_ASSIGNMENT((#18119));
#18119 = SURFACE_STYLE_USAGE(.BOTH.,#18120);
#18120 = SURFACE_SIDE_STYLE('',(#18121));
#18121 = SURFACE_STYLE_FILL_AREA(#18122);
#18122 = FILL_AREA_STYLE('',(#18123));
#18123 = FILL_AREA_STYLE_COLOUR('',#18095);
#18124 = STYLED_ITEM('color',(#18125),#2120);
#18125 = PRESENTATION_STYLE_ASSIGNMENT((#18126));
#18126 = SURFACE_STYLE_USAGE(.BOTH.,#18127);
#18127 = SURFACE_SIDE_STYLE('',(#18128));
#18128 = SURFACE_STYLE_FILL_AREA(#18129);
#18129 = FILL_AREA_STYLE('',(#18130));
#18130 = FILL_AREA_STYLE_COLOUR('',#18095);
#18131 = MECHANICAL_DESIGN_GEOMETRIC_PRESENTATION_REPRESENTATION('',(
    #18132,#18143,#18150,#18157,#18164,#18171,#18178,#18185,#18192,
    #18199,#18206,#18213,#18220,#18227,#18234,#18241,#18248,#18255,
    #18262,#18269,#18276,#18283,#18290,#18297,#18304,#18311,#18318,
    #18325,#18332,#18339,#18346,#18353,#18360,#18367,#18374,#18381,
    #18388,#18395,#18402,#18409,#18416,#18423,#18430,#18437,#18444,
    #18451,#18458,#18465,#18472,#18479,#18486,#18493,#18500,#18507,
    #18514,#18521,#18528,#18535,#18542,#18549,#18556,#18563,#18570,
    #18577,#18584,#18591,#18598,#18605,#18612,#18619,#18626,#18633,
    #18640,#18647,#18654,#18661,#18668,#18675,#18682,#18689,#18696,
    #18703,#18710,#18717,#18724,#18731,#18738,#18745,#18752,#18759,
    #18766,#18773,#18780,#18787,#18794,#18801,#18808,#18815,#18822,
    #18829,#18836,#18843,#18850,#18857,#18864,#18871,#18878,#18885,
    #18892,#18899,#18906,#18913,#18920,#18927,#18934,#18941,#18948,
    #18955,#18962,#18969,#18976,#18983,#18990,#18997,#19004,#19011,
    #19018,#19025,#19032,#19039,#19046,#19053,#19060,#19067,#19074,
    #19081,#19088,#19095,#19102,#19109,#19116,#19123,#19130,#19137,
    #19144,#19151,#19158,#19165,#19172,#19179,#19186,#19193,#19200,
    #19207,#19214,#19221,#19228,#19235,#19242,#19249,#19256,#19263,
    #19270,#19277,#19286,#19294,#19301,#19308,#19315,#19322,#19329,
    #19336,#19343,#19350,#19357,#19364,#19371,#19378,#19385,#19394,
    #19401,#19408,#19415,#19422,#19429,#19436,#19443,#19450,#19459,
    #19466,#19473,#19480,#19487,#19494,#19501,#19508,#19515,#19524,
    #19531,#19538,#19545,#19552,#19559,#19566,#19573,#19580,#19589,
    #19597,#19604,#19611,#19618,#19625,#19632,#19639,#19646,#19653,
    #19660,#19667,#19674,#19681,#19688,#19695,#19702,#19709,#19716,
    #19723,#19730),#12050);
#18132 = STYLED_ITEM('color',(#18133),#6125);
#18133 = PRESENTATION_STYLE_ASSIGNMENT((#18134,#18140));
#18134 = SURFACE_STYLE_USAGE(.BOTH.,#18135);
#18135 = SURFACE_SIDE_STYLE('',(#18136));
#18136 = SURFACE_STYLE_FILL_AREA(#18137);
#18137 = FILL_AREA_STYLE('',(#18138));
#18138 = FILL_AREA_STYLE_COLOUR('',#18139);
#18139 = COLOUR_RGB('',0.800000010877,0.800000010877,0.800000010877);
#18140 = CURVE_STYLE('',#18141,POSITIVE_LENGTH_MEASURE(0.1),#18142);
#18141 = DRAUGHTING_PRE_DEFINED_CURVE_FONT('continuous');
#18142 = COLOUR_RGB('',9.803921802644E-02,9.803921802644E-02,
  9.803921802644E-02);
#18143 = OVER_RIDING_STYLED_ITEM('overriding color',(#18144),#6127,
  #18132);
#18144 = PRESENTATION_STYLE_ASSIGNMENT((#18145));
#18145 = SURFACE_STYLE_USAGE(.BOTH.,#18146);
#18146 = SURFACE_SIDE_STYLE('',(#18147));
#18147 = SURFACE_STYLE_FILL_AREA(#18148);
#18148 = FILL_AREA_STYLE('',(#18149));
#18149 = FILL_AREA_STYLE_COLOUR('',#18023);
#18150 = OVER_RIDING_STYLED_ITEM('overriding color',(#18151),#6176,
  #18132);
#18151 = PRESENTATION_STYLE_ASSIGNMENT((#18152));
#18152 = SURFACE_STYLE_USAGE(.BOTH.,#18153);
#18153 = SURFACE_SIDE_STYLE('',(#18154));
#18154 = SURFACE_STYLE_FILL_AREA(#18155);
#18155 = FILL_AREA_STYLE('',(#18156));
#18156 = FILL_AREA_STYLE_COLOUR('',#18023);
#18157 = OVER_RIDING_STYLED_ITEM('overriding color',(#18158),#6207,
  #18132);
#18158 = PRESENTATION_STYLE_ASSIGNMENT((#18159));
#18159 = SURFACE_STYLE_USAGE(.BOTH.,#18160);
#18160 = SURFACE_SIDE_STYLE('',(#18161));
#18161 = SURFACE_STYLE_FILL_AREA(#18162);
#18162 = FILL_AREA_STYLE('',(#18163));
#18163 = FILL_AREA_STYLE_COLOUR('',#18023);
#18164 = OVER_RIDING_STYLED_ITEM('overriding color',(#18165),#6232,
  #18132);
#18165 = PRESENTATION_STYLE_ASSIGNMENT((#18166));
#18166 = SURFACE_STYLE_USAGE(.BOTH.,#18167);
#18167 = SURFACE_SIDE_STYLE('',(#18168));
#18168 = SURFACE_STYLE_FILL_AREA(#18169);
#18169 = FILL_AREA_STYLE('',(#18170));
#18170 = FILL_AREA_STYLE_COLOUR('',#18023);
#18171 = OVER_RIDING_STYLED_ITEM('overriding color',(#18172),#6263,
  #18132);
#18172 = PRESENTATION_STYLE_ASSIGNMENT((#18173));
#18173 = SURFACE_STYLE_USAGE(.BOTH.,#18174);
#18174 = SURFACE_SIDE_STYLE('',(#18175));
#18175 = SURFACE_STYLE_FILL_AREA(#18176);
#18176 = FILL_AREA_STYLE('',(#18177));
#18177 = FILL_AREA_STYLE_COLOUR('',#18023);
#18178 = OVER_RIDING_STYLED_ITEM('overriding color',(#18179),#6287,
  #18132);
#18179 = PRESENTATION_STYLE_ASSIGNMENT((#18180));
#18180 = SURFACE_STYLE_USAGE(.BOTH.,#18181);
#18181 = SURFACE_SIDE_STYLE('',(#18182));
#18182 = SURFACE_STYLE_FILL_AREA(#18183);
#18183 = FILL_AREA_STYLE('',(#18184));
#18184 = FILL_AREA_STYLE_COLOUR('',#18023);
#18185 = OVER_RIDING_STYLED_ITEM('overriding color',(#18186),#6318,
  #18132);
#18186 = PRESENTATION_STYLE_ASSIGNMENT((#18187));
#18187 = SURFACE_STYLE_USAGE(.BOTH.,#18188);
#18188 = SURFACE_SIDE_STYLE('',(#18189));
#18189 = SURFACE_STYLE_FILL_AREA(#18190);
#18190 = FILL_AREA_STYLE('',(#18191));
#18191 = FILL_AREA_STYLE_COLOUR('',#18023);
#18192 = OVER_RIDING_STYLED_ITEM('overriding color',(#18193),#6343,
  #18132);
#18193 = PRESENTATION_STYLE_ASSIGNMENT((#18194));
#18194 = SURFACE_STYLE_USAGE(.BOTH.,#18195);
#18195 = SURFACE_SIDE_STYLE('',(#18196));
#18196 = SURFACE_STYLE_FILL_AREA(#18197);
#18197 = FILL_AREA_STYLE('',(#18198));
#18198 = FILL_AREA_STYLE_COLOUR('',#18023);
#18199 = OVER_RIDING_STYLED_ITEM('overriding color',(#18200),#6465,
  #18132);
#18200 = PRESENTATION_STYLE_ASSIGNMENT((#18201));
#18201 = SURFACE_STYLE_USAGE(.BOTH.,#18202);
#18202 = SURFACE_SIDE_STYLE('',(#18203));
#18203 = SURFACE_STYLE_FILL_AREA(#18204);
#18204 = FILL_AREA_STYLE('',(#18205));
#18205 = FILL_AREA_STYLE_COLOUR('',#18023);
#18206 = OVER_RIDING_STYLED_ITEM('overriding color',(#18207),#6489,
  #18132);
#18207 = PRESENTATION_STYLE_ASSIGNMENT((#18208));
#18208 = SURFACE_STYLE_USAGE(.BOTH.,#18209);
#18209 = SURFACE_SIDE_STYLE('',(#18210));
#18210 = SURFACE_STYLE_FILL_AREA(#18211);
#18211 = FILL_AREA_STYLE('',(#18212));
#18212 = FILL_AREA_STYLE_COLOUR('',#18023);
#18213 = OVER_RIDING_STYLED_ITEM('overriding color',(#18214),#6609,
  #18132);
#18214 = PRESENTATION_STYLE_ASSIGNMENT((#18215));
#18215 = SURFACE_STYLE_USAGE(.BOTH.,#18216);
#18216 = SURFACE_SIDE_STYLE('',(#18217));
#18217 = SURFACE_STYLE_FILL_AREA(#18218);
#18218 = FILL_AREA_STYLE('',(#18219));
#18219 = FILL_AREA_STYLE_COLOUR('',#18023);
#18220 = OVER_RIDING_STYLED_ITEM('overriding color',(#18221),#6633,
  #18132);
#18221 = PRESENTATION_STYLE_ASSIGNMENT((#18222));
#18222 = SURFACE_STYLE_USAGE(.BOTH.,#18223);
#18223 = SURFACE_SIDE_STYLE('',(#18224));
#18224 = SURFACE_STYLE_FILL_AREA(#18225);
#18225 = FILL_AREA_STYLE('',(#18226));
#18226 = FILL_AREA_STYLE_COLOUR('',#18023);
#18227 = OVER_RIDING_STYLED_ITEM('overriding color',(#18228),#6657,
  #18132);
#18228 = PRESENTATION_STYLE_ASSIGNMENT((#18229));
#18229 = SURFACE_STYLE_USAGE(.BOTH.,#18230);
#18230 = SURFACE_SIDE_STYLE('',(#18231));
#18231 = SURFACE_STYLE_FILL_AREA(#18232);
#18232 = FILL_AREA_STYLE('',(#18233));
#18233 = FILL_AREA_STYLE_COLOUR('',#18023);
#18234 = OVER_RIDING_STYLED_ITEM('overriding color',(#18235),#6688,
  #18132);
#18235 = PRESENTATION_STYLE_ASSIGNMENT((#18236));
#18236 = SURFACE_STYLE_USAGE(.BOTH.,#18237);
#18237 = SURFACE_SIDE_STYLE('',(#18238));
#18238 = SURFACE_STYLE_FILL_AREA(#18239);
#18239 = FILL_AREA_STYLE('',(#18240));
#18240 = FILL_AREA_STYLE_COLOUR('',#18023);
#18241 = OVER_RIDING_STYLED_ITEM('overriding color',(#18242),#6705,
  #18132);
#18242 = PRESENTATION_STYLE_ASSIGNMENT((#18243));
#18243 = SURFACE_STYLE_USAGE(.BOTH.,#18244);
#18244 = SURFACE_SIDE_STYLE('',(#18245));
#18245 = SURFACE_STYLE_FILL_AREA(#18246);
#18246 = FILL_AREA_STYLE('',(#18247));
#18247 = FILL_AREA_STYLE_COLOUR('',#18023);
#18248 = OVER_RIDING_STYLED_ITEM('overriding color',(#18249),#6722,
  #18132);
#18249 = PRESENTATION_STYLE_ASSIGNMENT((#18250));
#18250 = SURFACE_STYLE_USAGE(.BOTH.,#18251);
#18251 = SURFACE_SIDE_STYLE('',(#18252));
#18252 = SURFACE_STYLE_FILL_AREA(#18253);
#18253 = FILL_AREA_STYLE('',(#18254));
#18254 = FILL_AREA_STYLE_COLOUR('',#18023);
#18255 = OVER_RIDING_STYLED_ITEM('overriding color',(#18256),#6739,
  #18132);
#18256 = PRESENTATION_STYLE_ASSIGNMENT((#18257));
#18257 = SURFACE_STYLE_USAGE(.BOTH.,#18258);
#18258 = SURFACE_SIDE_STYLE('',(#18259));
#18259 = SURFACE_STYLE_FILL_AREA(#18260);
#18260 = FILL_AREA_STYLE('',(#18261));
#18261 = FILL_AREA_STYLE_COLOUR('',#18023);
#18262 = OVER_RIDING_STYLED_ITEM('overriding color',(#18263),#6770,
  #18132);
#18263 = PRESENTATION_STYLE_ASSIGNMENT((#18264));
#18264 = SURFACE_STYLE_USAGE(.BOTH.,#18265);
#18265 = SURFACE_SIDE_STYLE('',(#18266));
#18266 = SURFACE_STYLE_FILL_AREA(#18267);
#18267 = FILL_AREA_STYLE('',(#18268));
#18268 = FILL_AREA_STYLE_COLOUR('',#18023);
#18269 = OVER_RIDING_STYLED_ITEM('overriding color',(#18270),#6801,
  #18132);
#18270 = PRESENTATION_STYLE_ASSIGNMENT((#18271));
#18271 = SURFACE_STYLE_USAGE(.BOTH.,#18272);
#18272 = SURFACE_SIDE_STYLE('',(#18273));
#18273 = SURFACE_STYLE_FILL_AREA(#18274);
#18274 = FILL_AREA_STYLE('',(#18275));
#18275 = FILL_AREA_STYLE_COLOUR('',#18023);
#18276 = OVER_RIDING_STYLED_ITEM('overriding color',(#18277),#6823,
  #18132);
#18277 = PRESENTATION_STYLE_ASSIGNMENT((#18278));
#18278 = SURFACE_STYLE_USAGE(.BOTH.,#18279);
#18279 = SURFACE_SIDE_STYLE('',(#18280));
#18280 = SURFACE_STYLE_FILL_AREA(#18281);
#18281 = FILL_AREA_STYLE('',(#18282));
#18282 = FILL_AREA_STYLE_COLOUR('',#18023);
#18283 = OVER_RIDING_STYLED_ITEM('overriding color',(#18284),#6845,
  #18132);
#18284 = PRESENTATION_STYLE_ASSIGNMENT((#18285));
#18285 = SURFACE_STYLE_USAGE(.BOTH.,#18286);
#18286 = SURFACE_SIDE_STYLE('',(#18287));
#18287 = SURFACE_STYLE_FILL_AREA(#18288);
#18288 = FILL_AREA_STYLE('',(#18289));
#18289 = FILL_AREA_STYLE_COLOUR('',#18023);
#18290 = OVER_RIDING_STYLED_ITEM('overriding color',(#18291),#6862,
  #18132);
#18291 = PRESENTATION_STYLE_ASSIGNMENT((#18292));
#18292 = SURFACE_STYLE_USAGE(.BOTH.,#18293);
#18293 = SURFACE_SIDE_STYLE('',(#18294));
#18294 = SURFACE_STYLE_FILL_AREA(#18295);
#18295 = FILL_AREA_STYLE('',(#18296));
#18296 = FILL_AREA_STYLE_COLOUR('',#18023);
#18297 = OVER_RIDING_STYLED_ITEM('overriding color',(#18298),#6879,
  #18132);
#18298 = PRESENTATION_STYLE_ASSIGNMENT((#18299));
#18299 = SURFACE_STYLE_USAGE(.BOTH.,#18300);
#18300 = SURFACE_SIDE_STYLE('',(#18301));
#18301 = SURFACE_STYLE_FILL_AREA(#18302);
#18302 = FILL_AREA_STYLE('',(#18303));
#18303 = FILL_AREA_STYLE_COLOUR('',#18023);
#18304 = OVER_RIDING_STYLED_ITEM('overriding color',(#18305),#6910,
  #18132);
#18305 = PRESENTATION_STYLE_ASSIGNMENT((#18306));
#18306 = SURFACE_STYLE_USAGE(.BOTH.,#18307);
#18307 = SURFACE_SIDE_STYLE('',(#18308));
#18308 = SURFACE_STYLE_FILL_AREA(#18309);
#18309 = FILL_AREA_STYLE('',(#18310));
#18310 = FILL_AREA_STYLE_COLOUR('',#18023);
#18311 = OVER_RIDING_STYLED_ITEM('overriding color',(#18312),#6932,
  #18132);
#18312 = PRESENTATION_STYLE_ASSIGNMENT((#18313));
#18313 = SURFACE_STYLE_USAGE(.BOTH.,#18314);
#18314 = SURFACE_SIDE_STYLE('',(#18315));
#18315 = SURFACE_STYLE_FILL_AREA(#18316);
#18316 = FILL_AREA_STYLE('',(#18317));
#18317 = FILL_AREA_STYLE_COLOUR('',#18023);
#18318 = OVER_RIDING_STYLED_ITEM('overriding color',(#18319),#6949,
  #18132);
#18319 = PRESENTATION_STYLE_ASSIGNMENT((#18320));
#18320 = SURFACE_STYLE_USAGE(.BOTH.,#18321);
#18321 = SURFACE_SIDE_STYLE('',(#18322));
#18322 = SURFACE_STYLE_FILL_AREA(#18323);
#18323 = FILL_AREA_STYLE('',(#18324));
#18324 = FILL_AREA_STYLE_COLOUR('',#18023);
#18325 = OVER_RIDING_STYLED_ITEM('overriding color',(#18326),#6966,
  #18132);
#18326 = PRESENTATION_STYLE_ASSIGNMENT((#18327));
#18327 = SURFACE_STYLE_USAGE(.BOTH.,#18328);
#18328 = SURFACE_SIDE_STYLE('',(#18329));
#18329 = SURFACE_STYLE_FILL_AREA(#18330);
#18330 = FILL_AREA_STYLE('',(#18331));
#18331 = FILL_AREA_STYLE_COLOUR('',#18023);
#18332 = OVER_RIDING_STYLED_ITEM('overriding color',(#18333),#6978,
  #18132);
#18333 = PRESENTATION_STYLE_ASSIGNMENT((#18334));
#18334 = SURFACE_STYLE_USAGE(.BOTH.,#18335);
#18335 = SURFACE_SIDE_STYLE('',(#18336));
#18336 = SURFACE_STYLE_FILL_AREA(#18337);
#18337 = FILL_AREA_STYLE('',(#18338));
#18338 = FILL_AREA_STYLE_COLOUR('',#18023);
#18339 = OVER_RIDING_STYLED_ITEM('overriding color',(#18340),#7011,
  #18132);
#18340 = PRESENTATION_STYLE_ASSIGNMENT((#18341));
#18341 = SURFACE_STYLE_USAGE(.BOTH.,#18342);
#18342 = SURFACE_SIDE_STYLE('',(#18343));
#18343 = SURFACE_STYLE_FILL_AREA(#18344);
#18344 = FILL_AREA_STYLE('',(#18345));
#18345 = FILL_AREA_STYLE_COLOUR('',#18023);
#18346 = OVER_RIDING_STYLED_ITEM('overriding color',(#18347),#7126,
  #18132);
#18347 = PRESENTATION_STYLE_ASSIGNMENT((#18348));
#18348 = SURFACE_STYLE_USAGE(.BOTH.,#18349);
#18349 = SURFACE_SIDE_STYLE('',(#18350));
#18350 = SURFACE_STYLE_FILL_AREA(#18351);
#18351 = FILL_AREA_STYLE('',(#18352));
#18352 = FILL_AREA_STYLE_COLOUR('',#18023);
#18353 = OVER_RIDING_STYLED_ITEM('overriding color',(#18354),#7173,
  #18132);
#18354 = PRESENTATION_STYLE_ASSIGNMENT((#18355));
#18355 = SURFACE_STYLE_USAGE(.BOTH.,#18356);
#18356 = SURFACE_SIDE_STYLE('',(#18357));
#18357 = SURFACE_STYLE_FILL_AREA(#18358);
#18358 = FILL_AREA_STYLE('',(#18359));
#18359 = FILL_AREA_STYLE_COLOUR('',#18023);
#18360 = OVER_RIDING_STYLED_ITEM('overriding color',(#18361),#7204,
  #18132);
#18361 = PRESENTATION_STYLE_ASSIGNMENT((#18362));
#18362 = SURFACE_STYLE_USAGE(.BOTH.,#18363);
#18363 = SURFACE_SIDE_STYLE('',(#18364));
#18364 = SURFACE_STYLE_FILL_AREA(#18365);
#18365 = FILL_AREA_STYLE('',(#18366));
#18366 = FILL_AREA_STYLE_COLOUR('',#18023);
#18367 = OVER_RIDING_STYLED_ITEM('overriding color',(#18368),#7269,
  #18132);
#18368 = PRESENTATION_STYLE_ASSIGNMENT((#18369));
#18369 = SURFACE_STYLE_USAGE(.BOTH.,#18370);
#18370 = SURFACE_SIDE_STYLE('',(#18371));
#18371 = SURFACE_STYLE_FILL_AREA(#18372);
#18372 = FILL_AREA_STYLE('',(#18373));
#18373 = FILL_AREA_STYLE_COLOUR('',#18023);
#18374 = OVER_RIDING_STYLED_ITEM('overriding color',(#18375),#7334,
  #18132);
#18375 = PRESENTATION_STYLE_ASSIGNMENT((#18376));
#18376 = SURFACE_STYLE_USAGE(.BOTH.,#18377);
#18377 = SURFACE_SIDE_STYLE('',(#18378));
#18378 = SURFACE_STYLE_FILL_AREA(#18379);
#18379 = FILL_AREA_STYLE('',(#18380));
#18380 = FILL_AREA_STYLE_COLOUR('',#18023);
#18381 = OVER_RIDING_STYLED_ITEM('overriding color',(#18382),#7358,
  #18132);
#18382 = PRESENTATION_STYLE_ASSIGNMENT((#18383));
#18383 = SURFACE_STYLE_USAGE(.BOTH.,#18384);
#18384 = SURFACE_SIDE_STYLE('',(#18385));
#18385 = SURFACE_STYLE_FILL_AREA(#18386);
#18386 = FILL_AREA_STYLE('',(#18387));
#18387 = FILL_AREA_STYLE_COLOUR('',#18023);
#18388 = OVER_RIDING_STYLED_ITEM('overriding color',(#18389),#7382,
  #18132);
#18389 = PRESENTATION_STYLE_ASSIGNMENT((#18390));
#18390 = SURFACE_STYLE_USAGE(.BOTH.,#18391);
#18391 = SURFACE_SIDE_STYLE('',(#18392));
#18392 = SURFACE_STYLE_FILL_AREA(#18393);
#18393 = FILL_AREA_STYLE('',(#18394));
#18394 = FILL_AREA_STYLE_COLOUR('',#18023);
#18395 = OVER_RIDING_STYLED_ITEM('overriding color',(#18396),#7399,
  #18132);
#18396 = PRESENTATION_STYLE_ASSIGNMENT((#18397));
#18397 = SURFACE_STYLE_USAGE(.BOTH.,#18398);
#18398 = SURFACE_SIDE_STYLE('',(#18399));
#18399 = SURFACE_STYLE_FILL_AREA(#18400);
#18400 = FILL_AREA_STYLE('',(#18401));
#18401 = FILL_AREA_STYLE_COLOUR('',#18023);
#18402 = OVER_RIDING_STYLED_ITEM('overriding color',(#18403),#7430,
  #18132);
#18403 = PRESENTATION_STYLE_ASSIGNMENT((#18404));
#18404 = SURFACE_STYLE_USAGE(.BOTH.,#18405);
#18405 = SURFACE_SIDE_STYLE('',(#18406));
#18406 = SURFACE_STYLE_FILL_AREA(#18407);
#18407 = FILL_AREA_STYLE('',(#18408));
#18408 = FILL_AREA_STYLE_COLOUR('',#18023);
#18409 = OVER_RIDING_STYLED_ITEM('overriding color',(#18410),#7463,
  #18132);
#18410 = PRESENTATION_STYLE_ASSIGNMENT((#18411));
#18411 = SURFACE_STYLE_USAGE(.BOTH.,#18412);
#18412 = SURFACE_SIDE_STYLE('',(#18413));
#18413 = SURFACE_STYLE_FILL_AREA(#18414);
#18414 = FILL_AREA_STYLE('',(#18415));
#18415 = FILL_AREA_STYLE_COLOUR('',#18023);
#18416 = OVER_RIDING_STYLED_ITEM('overriding color',(#18417),#7488,
  #18132);
#18417 = PRESENTATION_STYLE_ASSIGNMENT((#18418));
#18418 = SURFACE_STYLE_USAGE(.BOTH.,#18419);
#18419 = SURFACE_SIDE_STYLE('',(#18420));
#18420 = SURFACE_STYLE_FILL_AREA(#18421);
#18421 = FILL_AREA_STYLE('',(#18422));
#18422 = FILL_AREA_STYLE_COLOUR('',#18023);
#18423 = OVER_RIDING_STYLED_ITEM('overriding color',(#18424),#7513,
  #18132);
#18424 = PRESENTATION_STYLE_ASSIGNMENT((#18425));
#18425 = SURFACE_STYLE_USAGE(.BOTH.,#18426);
#18426 = SURFACE_SIDE_STYLE('',(#18427));
#18427 = SURFACE_STYLE_FILL_AREA(#18428);
#18428 = FILL_AREA_STYLE('',(#18429));
#18429 = FILL_AREA_STYLE_COLOUR('',#18023);
#18430 = OVER_RIDING_STYLED_ITEM('overriding color',(#18431),#7546,
  #18132);
#18431 = PRESENTATION_STYLE_ASSIGNMENT((#18432));
#18432 = SURFACE_STYLE_USAGE(.BOTH.,#18433);
#18433 = SURFACE_SIDE_STYLE('',(#18434));
#18434 = SURFACE_STYLE_FILL_AREA(#18435);
#18435 = FILL_AREA_STYLE('',(#18436));
#18436 = FILL_AREA_STYLE_COLOUR('',#18023);
#18437 = OVER_RIDING_STYLED_ITEM('overriding color',(#18438),#7563,
  #18132);
#18438 = PRESENTATION_STYLE_ASSIGNMENT((#18439));
#18439 = SURFACE_STYLE_USAGE(.BOTH.,#18440);
#18440 = SURFACE_SIDE_STYLE('',(#18441));
#18441 = SURFACE_STYLE_FILL_AREA(#18442);
#18442 = FILL_AREA_STYLE('',(#18443));
#18443 = FILL_AREA_STYLE_COLOUR('',#18023);
#18444 = OVER_RIDING_STYLED_ITEM('overriding color',(#18445),#7596,
  #18132);
#18445 = PRESENTATION_STYLE_ASSIGNMENT((#18446));
#18446 = SURFACE_STYLE_USAGE(.BOTH.,#18447);
#18447 = SURFACE_SIDE_STYLE('',(#18448));
#18448 = SURFACE_STYLE_FILL_AREA(#18449);
#18449 = FILL_AREA_STYLE('',(#18450));
#18450 = FILL_AREA_STYLE_COLOUR('',#18023);
#18451 = OVER_RIDING_STYLED_ITEM('overriding color',(#18452),#7629,
  #18132);
#18452 = PRESENTATION_STYLE_ASSIGNMENT((#18453));
#18453 = SURFACE_STYLE_USAGE(.BOTH.,#18454);
#18454 = SURFACE_SIDE_STYLE('',(#18455));
#18455 = SURFACE_STYLE_FILL_AREA(#18456);
#18456 = FILL_AREA_STYLE('',(#18457));
#18457 = FILL_AREA_STYLE_COLOUR('',#18023);
#18458 = OVER_RIDING_STYLED_ITEM('overriding color',(#18459),#7646,
  #18132);
#18459 = PRESENTATION_STYLE_ASSIGNMENT((#18460));
#18460 = SURFACE_STYLE_USAGE(.BOTH.,#18461);
#18461 = SURFACE_SIDE_STYLE('',(#18462));
#18462 = SURFACE_STYLE_FILL_AREA(#18463);
#18463 = FILL_AREA_STYLE('',(#18464));
#18464 = FILL_AREA_STYLE_COLOUR('',#18023);
#18465 = OVER_RIDING_STYLED_ITEM('overriding color',(#18466),#7663,
  #18132);
#18466 = PRESENTATION_STYLE_ASSIGNMENT((#18467));
#18467 = SURFACE_STYLE_USAGE(.BOTH.,#18468);
#18468 = SURFACE_SIDE_STYLE('',(#18469));
#18469 = SURFACE_STYLE_FILL_AREA(#18470);
#18470 = FILL_AREA_STYLE('',(#18471));
#18471 = FILL_AREA_STYLE_COLOUR('',#18023);
#18472 = OVER_RIDING_STYLED_ITEM('overriding color',(#18473),#7687,
  #18132);
#18473 = PRESENTATION_STYLE_ASSIGNMENT((#18474));
#18474 = SURFACE_STYLE_USAGE(.BOTH.,#18475);
#18475 = SURFACE_SIDE_STYLE('',(#18476));
#18476 = SURFACE_STYLE_FILL_AREA(#18477);
#18477 = FILL_AREA_STYLE('',(#18478));
#18478 = FILL_AREA_STYLE_COLOUR('',#18023);
#18479 = OVER_RIDING_STYLED_ITEM('overriding color',(#18480),#7711,
  #18132);
#18480 = PRESENTATION_STYLE_ASSIGNMENT((#18481));
#18481 = SURFACE_STYLE_USAGE(.BOTH.,#18482);
#18482 = SURFACE_SIDE_STYLE('',(#18483));
#18483 = SURFACE_STYLE_FILL_AREA(#18484);
#18484 = FILL_AREA_STYLE('',(#18485));
#18485 = FILL_AREA_STYLE_COLOUR('',#18023);
#18486 = OVER_RIDING_STYLED_ITEM('overriding color',(#18487),#7742,
  #18132);
#18487 = PRESENTATION_STYLE_ASSIGNMENT((#18488));
#18488 = SURFACE_STYLE_USAGE(.BOTH.,#18489);
#18489 = SURFACE_SIDE_STYLE('',(#18490));
#18490 = SURFACE_STYLE_FILL_AREA(#18491);
#18491 = FILL_AREA_STYLE('',(#18492));
#18492 = FILL_AREA_STYLE_COLOUR('',#18023);
#18493 = OVER_RIDING_STYLED_ITEM('overriding color',(#18494),#7766,
  #18132);
#18494 = PRESENTATION_STYLE_ASSIGNMENT((#18495));
#18495 = SURFACE_STYLE_USAGE(.BOTH.,#18496);
#18496 = SURFACE_SIDE_STYLE('',(#18497));
#18497 = SURFACE_STYLE_FILL_AREA(#18498);
#18498 = FILL_AREA_STYLE('',(#18499));
#18499 = FILL_AREA_STYLE_COLOUR('',#18023);
#18500 = OVER_RIDING_STYLED_ITEM('overriding color',(#18501),#7797,
  #18132);
#18501 = PRESENTATION_STYLE_ASSIGNMENT((#18502));
#18502 = SURFACE_STYLE_USAGE(.BOTH.,#18503);
#18503 = SURFACE_SIDE_STYLE('',(#18504));
#18504 = SURFACE_STYLE_FILL_AREA(#18505);
#18505 = FILL_AREA_STYLE('',(#18506));
#18506 = FILL_AREA_STYLE_COLOUR('',#18023);
#18507 = OVER_RIDING_STYLED_ITEM('overriding color',(#18508),#7828,
  #18132);
#18508 = PRESENTATION_STYLE_ASSIGNMENT((#18509));
#18509 = SURFACE_STYLE_USAGE(.BOTH.,#18510);
#18510 = SURFACE_SIDE_STYLE('',(#18511));
#18511 = SURFACE_STYLE_FILL_AREA(#18512);
#18512 = FILL_AREA_STYLE('',(#18513));
#18513 = FILL_AREA_STYLE_COLOUR('',#18023);
#18514 = OVER_RIDING_STYLED_ITEM('overriding color',(#18515),#7859,
  #18132);
#18515 = PRESENTATION_STYLE_ASSIGNMENT((#18516));
#18516 = SURFACE_STYLE_USAGE(.BOTH.,#18517);
#18517 = SURFACE_SIDE_STYLE('',(#18518));
#18518 = SURFACE_STYLE_FILL_AREA(#18519);
#18519 = FILL_AREA_STYLE('',(#18520));
#18520 = FILL_AREA_STYLE_COLOUR('',#18023);
#18521 = OVER_RIDING_STYLED_ITEM('overriding color',(#18522),#7883,
  #18132);
#18522 = PRESENTATION_STYLE_ASSIGNMENT((#18523));
#18523 = SURFACE_STYLE_USAGE(.BOTH.,#18524);
#18524 = SURFACE_SIDE_STYLE('',(#18525));
#18525 = SURFACE_STYLE_FILL_AREA(#18526);
#18526 = FILL_AREA_STYLE('',(#18527));
#18527 = FILL_AREA_STYLE_COLOUR('',#18023);
#18528 = OVER_RIDING_STYLED_ITEM('overriding color',(#18529),#7907,
  #18132);
#18529 = PRESENTATION_STYLE_ASSIGNMENT((#18530));
#18530 = SURFACE_STYLE_USAGE(.BOTH.,#18531);
#18531 = SURFACE_SIDE_STYLE('',(#18532));
#18532 = SURFACE_STYLE_FILL_AREA(#18533);
#18533 = FILL_AREA_STYLE('',(#18534));
#18534 = FILL_AREA_STYLE_COLOUR('',#18023);
#18535 = OVER_RIDING_STYLED_ITEM('overriding color',(#18536),#7924,
  #18132);
#18536 = PRESENTATION_STYLE_ASSIGNMENT((#18537));
#18537 = SURFACE_STYLE_USAGE(.BOTH.,#18538);
#18538 = SURFACE_SIDE_STYLE('',(#18539));
#18539 = SURFACE_STYLE_FILL_AREA(#18540);
#18540 = FILL_AREA_STYLE('',(#18541));
#18541 = FILL_AREA_STYLE_COLOUR('',#18023);
#18542 = OVER_RIDING_STYLED_ITEM('overriding color',(#18543),#7955,
  #18132);
#18543 = PRESENTATION_STYLE_ASSIGNMENT((#18544));
#18544 = SURFACE_STYLE_USAGE(.BOTH.,#18545);
#18545 = SURFACE_SIDE_STYLE('',(#18546));
#18546 = SURFACE_STYLE_FILL_AREA(#18547);
#18547 = FILL_AREA_STYLE('',(#18548));
#18548 = FILL_AREA_STYLE_COLOUR('',#18023);
#18549 = OVER_RIDING_STYLED_ITEM('overriding color',(#18550),#7979,
  #18132);
#18550 = PRESENTATION_STYLE_ASSIGNMENT((#18551));
#18551 = SURFACE_STYLE_USAGE(.BOTH.,#18552);
#18552 = SURFACE_SIDE_STYLE('',(#18553));
#18553 = SURFACE_STYLE_FILL_AREA(#18554);
#18554 = FILL_AREA_STYLE('',(#18555));
#18555 = FILL_AREA_STYLE_COLOUR('',#18023);
#18556 = OVER_RIDING_STYLED_ITEM('overriding color',(#18557),#8003,
  #18132);
#18557 = PRESENTATION_STYLE_ASSIGNMENT((#18558));
#18558 = SURFACE_STYLE_USAGE(.BOTH.,#18559);
#18559 = SURFACE_SIDE_STYLE('',(#18560));
#18560 = SURFACE_STYLE_FILL_AREA(#18561);
#18561 = FILL_AREA_STYLE('',(#18562));
#18562 = FILL_AREA_STYLE_COLOUR('',#18023);
#18563 = OVER_RIDING_STYLED_ITEM('overriding color',(#18564),#8020,
  #18132);
#18564 = PRESENTATION_STYLE_ASSIGNMENT((#18565));
#18565 = SURFACE_STYLE_USAGE(.BOTH.,#18566);
#18566 = SURFACE_SIDE_STYLE('',(#18567));
#18567 = SURFACE_STYLE_FILL_AREA(#18568);
#18568 = FILL_AREA_STYLE('',(#18569));
#18569 = FILL_AREA_STYLE_COLOUR('',#18023);
#18570 = OVER_RIDING_STYLED_ITEM('overriding color',(#18571),#8044,
  #18132);
#18571 = PRESENTATION_STYLE_ASSIGNMENT((#18572));
#18572 = SURFACE_STYLE_USAGE(.BOTH.,#18573);
#18573 = SURFACE_SIDE_STYLE('',(#18574));
#18574 = SURFACE_STYLE_FILL_AREA(#18575);
#18575 = FILL_AREA_STYLE('',(#18576));
#18576 = FILL_AREA_STYLE_COLOUR('',#18023);
#18577 = OVER_RIDING_STYLED_ITEM('overriding color',(#18578),#8075,
  #18132);
#18578 = PRESENTATION_STYLE_ASSIGNMENT((#18579));
#18579 = SURFACE_STYLE_USAGE(.BOTH.,#18580);
#18580 = SURFACE_SIDE_STYLE('',(#18581));
#18581 = SURFACE_STYLE_FILL_AREA(#18582);
#18582 = FILL_AREA_STYLE('',(#18583));
#18583 = FILL_AREA_STYLE_COLOUR('',#18023);
#18584 = OVER_RIDING_STYLED_ITEM('overriding color',(#18585),#8106,
  #18132);
#18585 = PRESENTATION_STYLE_ASSIGNMENT((#18586));
#18586 = SURFACE_STYLE_USAGE(.BOTH.,#18587);
#18587 = SURFACE_SIDE_STYLE('',(#18588));
#18588 = SURFACE_STYLE_FILL_AREA(#18589);
#18589 = FILL_AREA_STYLE('',(#18590));
#18590 = FILL_AREA_STYLE_COLOUR('',#18023);
#18591 = OVER_RIDING_STYLED_ITEM('overriding color',(#18592),#8137,
  #18132);
#18592 = PRESENTATION_STYLE_ASSIGNMENT((#18593));
#18593 = SURFACE_STYLE_USAGE(.BOTH.,#18594);
#18594 = SURFACE_SIDE_STYLE('',(#18595));
#18595 = SURFACE_STYLE_FILL_AREA(#18596);
#18596 = FILL_AREA_STYLE('',(#18597));
#18597 = FILL_AREA_STYLE_COLOUR('',#18023);
#18598 = OVER_RIDING_STYLED_ITEM('overriding color',(#18599),#8161,
  #18132);
#18599 = PRESENTATION_STYLE_ASSIGNMENT((#18600));
#18600 = SURFACE_STYLE_USAGE(.BOTH.,#18601);
#18601 = SURFACE_SIDE_STYLE('',(#18602));
#18602 = SURFACE_STYLE_FILL_AREA(#18603);
#18603 = FILL_AREA_STYLE('',(#18604));
#18604 = FILL_AREA_STYLE_COLOUR('',#18023);
#18605 = OVER_RIDING_STYLED_ITEM('overriding color',(#18606),#8185,
  #18132);
#18606 = PRESENTATION_STYLE_ASSIGNMENT((#18607));
#18607 = SURFACE_STYLE_USAGE(.BOTH.,#18608);
#18608 = SURFACE_SIDE_STYLE('',(#18609));
#18609 = SURFACE_STYLE_FILL_AREA(#18610);
#18610 = FILL_AREA_STYLE('',(#18611));
#18611 = FILL_AREA_STYLE_COLOUR('',#18023);
#18612 = OVER_RIDING_STYLED_ITEM('overriding color',(#18613),#8250,
  #18132);
#18613 = PRESENTATION_STYLE_ASSIGNMENT((#18614));
#18614 = SURFACE_STYLE_USAGE(.BOTH.,#18615);
#18615 = SURFACE_SIDE_STYLE('',(#18616));
#18616 = SURFACE_STYLE_FILL_AREA(#18617);
#18617 = FILL_AREA_STYLE('',(#18618));
#18618 = FILL_AREA_STYLE_COLOUR('',#18023);
#18619 = OVER_RIDING_STYLED_ITEM('overriding color',(#18620),#8272,
  #18132);
#18620 = PRESENTATION_STYLE_ASSIGNMENT((#18621));
#18621 = SURFACE_STYLE_USAGE(.BOTH.,#18622);
#18622 = SURFACE_SIDE_STYLE('',(#18623));
#18623 = SURFACE_STYLE_FILL_AREA(#18624);
#18624 = FILL_AREA_STYLE('',(#18625));
#18625 = FILL_AREA_STYLE_COLOUR('',#18023);
#18626 = OVER_RIDING_STYLED_ITEM('overriding color',(#18627),#8289,
  #18132);
#18627 = PRESENTATION_STYLE_ASSIGNMENT((#18628));
#18628 = SURFACE_STYLE_USAGE(.BOTH.,#18629);
#18629 = SURFACE_SIDE_STYLE('',(#18630));
#18630 = SURFACE_STYLE_FILL_AREA(#18631);
#18631 = FILL_AREA_STYLE('',(#18632));
#18632 = FILL_AREA_STYLE_COLOUR('',#18023);
#18633 = OVER_RIDING_STYLED_ITEM('overriding color',(#18634),#8336,
  #18132);
#18634 = PRESENTATION_STYLE_ASSIGNMENT((#18635));
#18635 = SURFACE_STYLE_USAGE(.BOTH.,#18636);
#18636 = SURFACE_SIDE_STYLE('',(#18637));
#18637 = SURFACE_STYLE_FILL_AREA(#18638);
#18638 = FILL_AREA_STYLE('',(#18639));
#18639 = FILL_AREA_STYLE_COLOUR('',#18023);
#18640 = OVER_RIDING_STYLED_ITEM('overriding color',(#18641),#8358,
  #18132);
#18641 = PRESENTATION_STYLE_ASSIGNMENT((#18642));
#18642 = SURFACE_STYLE_USAGE(.BOTH.,#18643);
#18643 = SURFACE_SIDE_STYLE('',(#18644));
#18644 = SURFACE_STYLE_FILL_AREA(#18645);
#18645 = FILL_AREA_STYLE('',(#18646));
#18646 = FILL_AREA_STYLE_COLOUR('',#18023);
#18647 = OVER_RIDING_STYLED_ITEM('overriding color',(#18648),#8375,
  #18132);
#18648 = PRESENTATION_STYLE_ASSIGNMENT((#18649));
#18649 = SURFACE_STYLE_USAGE(.BOTH.,#18650);
#18650 = SURFACE_SIDE_STYLE('',(#18651));
#18651 = SURFACE_STYLE_FILL_AREA(#18652);
#18652 = FILL_AREA_STYLE('',(#18653));
#18653 = FILL_AREA_STYLE_COLOUR('',#18023);
#18654 = OVER_RIDING_STYLED_ITEM('overriding color',(#18655),#8399,
  #18132);
#18655 = PRESENTATION_STYLE_ASSIGNMENT((#18656));
#18656 = SURFACE_STYLE_USAGE(.BOTH.,#18657);
#18657 = SURFACE_SIDE_STYLE('',(#18658));
#18658 = SURFACE_STYLE_FILL_AREA(#18659);
#18659 = FILL_AREA_STYLE('',(#18660));
#18660 = FILL_AREA_STYLE_COLOUR('',#18023);
#18661 = OVER_RIDING_STYLED_ITEM('overriding color',(#18662),#8446,
  #18132);
#18662 = PRESENTATION_STYLE_ASSIGNMENT((#18663));
#18663 = SURFACE_STYLE_USAGE(.BOTH.,#18664);
#18664 = SURFACE_SIDE_STYLE('',(#18665));
#18665 = SURFACE_STYLE_FILL_AREA(#18666);
#18666 = FILL_AREA_STYLE('',(#18667));
#18667 = FILL_AREA_STYLE_COLOUR('',#18023);
#18668 = OVER_RIDING_STYLED_ITEM('overriding color',(#18669),#8470,
  #18132);
#18669 = PRESENTATION_STYLE_ASSIGNMENT((#18670));
#18670 = SURFACE_STYLE_USAGE(.BOTH.,#18671);
#18671 = SURFACE_SIDE_STYLE('',(#18672));
#18672 = SURFACE_STYLE_FILL_AREA(#18673);
#18673 = FILL_AREA_STYLE('',(#18674));
#18674 = FILL_AREA_STYLE_COLOUR('',#18023);
#18675 = OVER_RIDING_STYLED_ITEM('overriding color',(#18676),#8482,
  #18132);
#18676 = PRESENTATION_STYLE_ASSIGNMENT((#18677));
#18677 = SURFACE_STYLE_USAGE(.BOTH.,#18678);
#18678 = SURFACE_SIDE_STYLE('',(#18679));
#18679 = SURFACE_STYLE_FILL_AREA(#18680);
#18680 = FILL_AREA_STYLE('',(#18681));
#18681 = FILL_AREA_STYLE_COLOUR('',#18023);
#18682 = OVER_RIDING_STYLED_ITEM('overriding color',(#18683),#8499,
  #18132);
#18683 = PRESENTATION_STYLE_ASSIGNMENT((#18684));
#18684 = SURFACE_STYLE_USAGE(.BOTH.,#18685);
#18685 = SURFACE_SIDE_STYLE('',(#18686));
#18686 = SURFACE_STYLE_FILL_AREA(#18687);
#18687 = FILL_AREA_STYLE('',(#18688));
#18688 = FILL_AREA_STYLE_COLOUR('',#18023);
#18689 = OVER_RIDING_STYLED_ITEM('overriding color',(#18690),#8516,
  #18132);
#18690 = PRESENTATION_STYLE_ASSIGNMENT((#18691));
#18691 = SURFACE_STYLE_USAGE(.BOTH.,#18692);
#18692 = SURFACE_SIDE_STYLE('',(#18693));
#18693 = SURFACE_STYLE_FILL_AREA(#18694);
#18694 = FILL_AREA_STYLE('',(#18695));
#18695 = FILL_AREA_STYLE_COLOUR('',#18023);
#18696 = OVER_RIDING_STYLED_ITEM('overriding color',(#18697),#8533,
  #18132);
#18697 = PRESENTATION_STYLE_ASSIGNMENT((#18698));
#18698 = SURFACE_STYLE_USAGE(.BOTH.,#18699);
#18699 = SURFACE_SIDE_STYLE('',(#18700));
#18700 = SURFACE_STYLE_FILL_AREA(#18701);
#18701 = FILL_AREA_STYLE('',(#18702));
#18702 = FILL_AREA_STYLE_COLOUR('',#18023);
#18703 = OVER_RIDING_STYLED_ITEM('overriding color',(#18704),#8557,
  #18132);
#18704 = PRESENTATION_STYLE_ASSIGNMENT((#18705));
#18705 = SURFACE_STYLE_USAGE(.BOTH.,#18706);
#18706 = SURFACE_SIDE_STYLE('',(#18707));
#18707 = SURFACE_STYLE_FILL_AREA(#18708);
#18708 = FILL_AREA_STYLE('',(#18709));
#18709 = FILL_AREA_STYLE_COLOUR('',#18023);
#18710 = OVER_RIDING_STYLED_ITEM('overriding color',(#18711),#8581,
  #18132);
#18711 = PRESENTATION_STYLE_ASSIGNMENT((#18712));
#18712 = SURFACE_STYLE_USAGE(.BOTH.,#18713);
#18713 = SURFACE_SIDE_STYLE('',(#18714));
#18714 = SURFACE_STYLE_FILL_AREA(#18715);
#18715 = FILL_AREA_STYLE('',(#18716));
#18716 = FILL_AREA_STYLE_COLOUR('',#18023);
#18717 = OVER_RIDING_STYLED_ITEM('overriding color',(#18718),#8617,
  #18132);
#18718 = PRESENTATION_STYLE_ASSIGNMENT((#18719));
#18719 = SURFACE_STYLE_USAGE(.BOTH.,#18720);
#18720 = SURFACE_SIDE_STYLE('',(#18721));
#18721 = SURFACE_STYLE_FILL_AREA(#18722);
#18722 = FILL_AREA_STYLE('',(#18723));
#18723 = FILL_AREA_STYLE_COLOUR('',#18023);
#18724 = OVER_RIDING_STYLED_ITEM('overriding color',(#18725),#8641,
  #18132);
#18725 = PRESENTATION_STYLE_ASSIGNMENT((#18726));
#18726 = SURFACE_STYLE_USAGE(.BOTH.,#18727);
#18727 = SURFACE_SIDE_STYLE('',(#18728));
#18728 = SURFACE_STYLE_FILL_AREA(#18729);
#18729 = FILL_AREA_STYLE('',(#18730));
#18730 = FILL_AREA_STYLE_COLOUR('',#18023);
#18731 = OVER_RIDING_STYLED_ITEM('overriding color',(#18732),#8665,
  #18132);
#18732 = PRESENTATION_STYLE_ASSIGNMENT((#18733));
#18733 = SURFACE_STYLE_USAGE(.BOTH.,#18734);
#18734 = SURFACE_SIDE_STYLE('',(#18735));
#18735 = SURFACE_STYLE_FILL_AREA(#18736);
#18736 = FILL_AREA_STYLE('',(#18737));
#18737 = FILL_AREA_STYLE_COLOUR('',#18023);
#18738 = OVER_RIDING_STYLED_ITEM('overriding color',(#18739),#8696,
  #18132);
#18739 = PRESENTATION_STYLE_ASSIGNMENT((#18740));
#18740 = SURFACE_STYLE_USAGE(.BOTH.,#18741);
#18741 = SURFACE_SIDE_STYLE('',(#18742));
#18742 = SURFACE_STYLE_FILL_AREA(#18743);
#18743 = FILL_AREA_STYLE('',(#18744));
#18744 = FILL_AREA_STYLE_COLOUR('',#18023);
#18745 = OVER_RIDING_STYLED_ITEM('overriding color',(#18746),#8720,
  #18132);
#18746 = PRESENTATION_STYLE_ASSIGNMENT((#18747));
#18747 = SURFACE_STYLE_USAGE(.BOTH.,#18748);
#18748 = SURFACE_SIDE_STYLE('',(#18749));
#18749 = SURFACE_STYLE_FILL_AREA(#18750);
#18750 = FILL_AREA_STYLE('',(#18751));
#18751 = FILL_AREA_STYLE_COLOUR('',#18023);
#18752 = OVER_RIDING_STYLED_ITEM('overriding color',(#18753),#8744,
  #18132);
#18753 = PRESENTATION_STYLE_ASSIGNMENT((#18754));
#18754 = SURFACE_STYLE_USAGE(.BOTH.,#18755);
#18755 = SURFACE_SIDE_STYLE('',(#18756));
#18756 = SURFACE_STYLE_FILL_AREA(#18757);
#18757 = FILL_AREA_STYLE('',(#18758));
#18758 = FILL_AREA_STYLE_COLOUR('',#18023);
#18759 = OVER_RIDING_STYLED_ITEM('overriding color',(#18760),#8775,
  #18132);
#18760 = PRESENTATION_STYLE_ASSIGNMENT((#18761));
#18761 = SURFACE_STYLE_USAGE(.BOTH.,#18762);
#18762 = SURFACE_SIDE_STYLE('',(#18763));
#18763 = SURFACE_STYLE_FILL_AREA(#18764);
#18764 = FILL_AREA_STYLE('',(#18765));
#18765 = FILL_AREA_STYLE_COLOUR('',#18023);
#18766 = OVER_RIDING_STYLED_ITEM('overriding color',(#18767),#8799,
  #18132);
#18767 = PRESENTATION_STYLE_ASSIGNMENT((#18768));
#18768 = SURFACE_STYLE_USAGE(.BOTH.,#18769);
#18769 = SURFACE_SIDE_STYLE('',(#18770));
#18770 = SURFACE_STYLE_FILL_AREA(#18771);
#18771 = FILL_AREA_STYLE('',(#18772));
#18772 = FILL_AREA_STYLE_COLOUR('',#18023);
#18773 = OVER_RIDING_STYLED_ITEM('overriding color',(#18774),#8823,
  #18132);
#18774 = PRESENTATION_STYLE_ASSIGNMENT((#18775));
#18775 = SURFACE_STYLE_USAGE(.BOTH.,#18776);
#18776 = SURFACE_SIDE_STYLE('',(#18777));
#18777 = SURFACE_STYLE_FILL_AREA(#18778);
#18778 = FILL_AREA_STYLE('',(#18779));
#18779 = FILL_AREA_STYLE_COLOUR('',#18023);
#18780 = OVER_RIDING_STYLED_ITEM('overriding color',(#18781),#8854,
  #18132);
#18781 = PRESENTATION_STYLE_ASSIGNMENT((#18782));
#18782 = SURFACE_STYLE_USAGE(.BOTH.,#18783);
#18783 = SURFACE_SIDE_STYLE('',(#18784));
#18784 = SURFACE_STYLE_FILL_AREA(#18785);
#18785 = FILL_AREA_STYLE('',(#18786));
#18786 = FILL_AREA_STYLE_COLOUR('',#18023);
#18787 = OVER_RIDING_STYLED_ITEM('overriding color',(#18788),#8878,
  #18132);
#18788 = PRESENTATION_STYLE_ASSIGNMENT((#18789));
#18789 = SURFACE_STYLE_USAGE(.BOTH.,#18790);
#18790 = SURFACE_SIDE_STYLE('',(#18791));
#18791 = SURFACE_STYLE_FILL_AREA(#18792);
#18792 = FILL_AREA_STYLE('',(#18793));
#18793 = FILL_AREA_STYLE_COLOUR('',#18023);
#18794 = OVER_RIDING_STYLED_ITEM('overriding color',(#18795),#8909,
  #18132);
#18795 = PRESENTATION_STYLE_ASSIGNMENT((#18796));
#18796 = SURFACE_STYLE_USAGE(.BOTH.,#18797);
#18797 = SURFACE_SIDE_STYLE('',(#18798));
#18798 = SURFACE_STYLE_FILL_AREA(#18799);
#18799 = FILL_AREA_STYLE('',(#18800));
#18800 = FILL_AREA_STYLE_COLOUR('',#18023);
#18801 = OVER_RIDING_STYLED_ITEM('overriding color',(#18802),#8926,
  #18132);
#18802 = PRESENTATION_STYLE_ASSIGNMENT((#18803));
#18803 = SURFACE_STYLE_USAGE(.BOTH.,#18804);
#18804 = SURFACE_SIDE_STYLE('',(#18805));
#18805 = SURFACE_STYLE_FILL_AREA(#18806);
#18806 = FILL_AREA_STYLE('',(#18807));
#18807 = FILL_AREA_STYLE_COLOUR('',#18023);
#18808 = OVER_RIDING_STYLED_ITEM('overriding color',(#18809),#8957,
  #18132);
#18809 = PRESENTATION_STYLE_ASSIGNMENT((#18810));
#18810 = SURFACE_STYLE_USAGE(.BOTH.,#18811);
#18811 = SURFACE_SIDE_STYLE('',(#18812));
#18812 = SURFACE_STYLE_FILL_AREA(#18813);
#18813 = FILL_AREA_STYLE('',(#18814));
#18814 = FILL_AREA_STYLE_COLOUR('',#18023);
#18815 = OVER_RIDING_STYLED_ITEM('overriding color',(#18816),#8988,
  #18132);
#18816 = PRESENTATION_STYLE_ASSIGNMENT((#18817));
#18817 = SURFACE_STYLE_USAGE(.BOTH.,#18818);
#18818 = SURFACE_SIDE_STYLE('',(#18819));
#18819 = SURFACE_STYLE_FILL_AREA(#18820);
#18820 = FILL_AREA_STYLE('',(#18821));
#18821 = FILL_AREA_STYLE_COLOUR('',#18023);
#18822 = OVER_RIDING_STYLED_ITEM('overriding color',(#18823),#9012,
  #18132);
#18823 = PRESENTATION_STYLE_ASSIGNMENT((#18824));
#18824 = SURFACE_STYLE_USAGE(.BOTH.,#18825);
#18825 = SURFACE_SIDE_STYLE('',(#18826));
#18826 = SURFACE_STYLE_FILL_AREA(#18827);
#18827 = FILL_AREA_STYLE('',(#18828));
#18828 = FILL_AREA_STYLE_COLOUR('',#18023);
#18829 = OVER_RIDING_STYLED_ITEM('overriding color',(#18830),#9043,
  #18132);
#18830 = PRESENTATION_STYLE_ASSIGNMENT((#18831));
#18831 = SURFACE_STYLE_USAGE(.BOTH.,#18832);
#18832 = SURFACE_SIDE_STYLE('',(#18833));
#18833 = SURFACE_STYLE_FILL_AREA(#18834);
#18834 = FILL_AREA_STYLE('',(#18835));
#18835 = FILL_AREA_STYLE_COLOUR('',#18023);
#18836 = OVER_RIDING_STYLED_ITEM('overriding color',(#18837),#9068,
  #18132);
#18837 = PRESENTATION_STYLE_ASSIGNMENT((#18838));
#18838 = SURFACE_STYLE_USAGE(.BOTH.,#18839);
#18839 = SURFACE_SIDE_STYLE('',(#18840));
#18840 = SURFACE_STYLE_FILL_AREA(#18841);
#18841 = FILL_AREA_STYLE('',(#18842));
#18842 = FILL_AREA_STYLE_COLOUR('',#18023);
#18843 = OVER_RIDING_STYLED_ITEM('overriding color',(#18844),#9115,
  #18132);
#18844 = PRESENTATION_STYLE_ASSIGNMENT((#18845));
#18845 = SURFACE_STYLE_USAGE(.BOTH.,#18846);
#18846 = SURFACE_SIDE_STYLE('',(#18847));
#18847 = SURFACE_STYLE_FILL_AREA(#18848);
#18848 = FILL_AREA_STYLE('',(#18849));
#18849 = FILL_AREA_STYLE_COLOUR('',#18023);
#18850 = OVER_RIDING_STYLED_ITEM('overriding color',(#18851),#9147,
  #18132);
#18851 = PRESENTATION_STYLE_ASSIGNMENT((#18852));
#18852 = SURFACE_STYLE_USAGE(.BOTH.,#18853);
#18853 = SURFACE_SIDE_STYLE('',(#18854));
#18854 = SURFACE_STYLE_FILL_AREA(#18855);
#18855 = FILL_AREA_STYLE('',(#18856));
#18856 = FILL_AREA_STYLE_COLOUR('',#18023);
#18857 = OVER_RIDING_STYLED_ITEM('overriding color',(#18858),#9171,
  #18132);
#18858 = PRESENTATION_STYLE_ASSIGNMENT((#18859));
#18859 = SURFACE_STYLE_USAGE(.BOTH.,#18860);
#18860 = SURFACE_SIDE_STYLE('',(#18861));
#18861 = SURFACE_STYLE_FILL_AREA(#18862);
#18862 = FILL_AREA_STYLE('',(#18863));
#18863 = FILL_AREA_STYLE_COLOUR('',#18023);
#18864 = OVER_RIDING_STYLED_ITEM('overriding color',(#18865),#9195,
  #18132);
#18865 = PRESENTATION_STYLE_ASSIGNMENT((#18866));
#18866 = SURFACE_STYLE_USAGE(.BOTH.,#18867);
#18867 = SURFACE_SIDE_STYLE('',(#18868));
#18868 = SURFACE_STYLE_FILL_AREA(#18869);
#18869 = FILL_AREA_STYLE('',(#18870));
#18870 = FILL_AREA_STYLE_COLOUR('',#18023);
#18871 = OVER_RIDING_STYLED_ITEM('overriding color',(#18872),#9212,
  #18132);
#18872 = PRESENTATION_STYLE_ASSIGNMENT((#18873));
#18873 = SURFACE_STYLE_USAGE(.BOTH.,#18874);
#18874 = SURFACE_SIDE_STYLE('',(#18875));
#18875 = SURFACE_STYLE_FILL_AREA(#18876);
#18876 = FILL_AREA_STYLE('',(#18877));
#18877 = FILL_AREA_STYLE_COLOUR('',#18023);
#18878 = OVER_RIDING_STYLED_ITEM('overriding color',(#18879),#9234,
  #18132);
#18879 = PRESENTATION_STYLE_ASSIGNMENT((#18880));
#18880 = SURFACE_STYLE_USAGE(.BOTH.,#18881);
#18881 = SURFACE_SIDE_STYLE('',(#18882));
#18882 = SURFACE_STYLE_FILL_AREA(#18883);
#18883 = FILL_AREA_STYLE('',(#18884));
#18884 = FILL_AREA_STYLE_COLOUR('',#18023);
#18885 = OVER_RIDING_STYLED_ITEM('overriding color',(#18886),#9246,
  #18132);
#18886 = PRESENTATION_STYLE_ASSIGNMENT((#18887));
#18887 = SURFACE_STYLE_USAGE(.BOTH.,#18888);
#18888 = SURFACE_SIDE_STYLE('',(#18889));
#18889 = SURFACE_STYLE_FILL_AREA(#18890);
#18890 = FILL_AREA_STYLE('',(#18891));
#18891 = FILL_AREA_STYLE_COLOUR('',#18023);
#18892 = OVER_RIDING_STYLED_ITEM('overriding color',(#18893),#9263,
  #18132);
#18893 = PRESENTATION_STYLE_ASSIGNMENT((#18894));
#18894 = SURFACE_STYLE_USAGE(.BOTH.,#18895);
#18895 = SURFACE_SIDE_STYLE('',(#18896));
#18896 = SURFACE_STYLE_FILL_AREA(#18897);
#18897 = FILL_AREA_STYLE('',(#18898));
#18898 = FILL_AREA_STYLE_COLOUR('',#18023);
#18899 = OVER_RIDING_STYLED_ITEM('overriding color',(#18900),#9275,
  #18132);
#18900 = PRESENTATION_STYLE_ASSIGNMENT((#18901));
#18901 = SURFACE_STYLE_USAGE(.BOTH.,#18902);
#18902 = SURFACE_SIDE_STYLE('',(#18903));
#18903 = SURFACE_STYLE_FILL_AREA(#18904);
#18904 = FILL_AREA_STYLE('',(#18905));
#18905 = FILL_AREA_STYLE_COLOUR('',#18023);
#18906 = OVER_RIDING_STYLED_ITEM('overriding color',(#18907),#9287,
  #18132);
#18907 = PRESENTATION_STYLE_ASSIGNMENT((#18908));
#18908 = SURFACE_STYLE_USAGE(.BOTH.,#18909);
#18909 = SURFACE_SIDE_STYLE('',(#18910));
#18910 = SURFACE_STYLE_FILL_AREA(#18911);
#18911 = FILL_AREA_STYLE('',(#18912));
#18912 = FILL_AREA_STYLE_COLOUR('',#18023);
#18913 = OVER_RIDING_STYLED_ITEM('overriding color',(#18914),#9304,
  #18132);
#18914 = PRESENTATION_STYLE_ASSIGNMENT((#18915));
#18915 = SURFACE_STYLE_USAGE(.BOTH.,#18916);
#18916 = SURFACE_SIDE_STYLE('',(#18917));
#18917 = SURFACE_STYLE_FILL_AREA(#18918);
#18918 = FILL_AREA_STYLE('',(#18919));
#18919 = FILL_AREA_STYLE_COLOUR('',#18023);
#18920 = OVER_RIDING_STYLED_ITEM('overriding color',(#18921),#9321,
  #18132);
#18921 = PRESENTATION_STYLE_ASSIGNMENT((#18922));
#18922 = SURFACE_STYLE_USAGE(.BOTH.,#18923);
#18923 = SURFACE_SIDE_STYLE('',(#18924));
#18924 = SURFACE_STYLE_FILL_AREA(#18925);
#18925 = FILL_AREA_STYLE('',(#18926));
#18926 = FILL_AREA_STYLE_COLOUR('',#18023);
#18927 = OVER_RIDING_STYLED_ITEM('overriding color',(#18928),#9361,
  #18132);
#18928 = PRESENTATION_STYLE_ASSIGNMENT((#18929));
#18929 = SURFACE_STYLE_USAGE(.BOTH.,#18930);
#18930 = SURFACE_SIDE_STYLE('',(#18931));
#18931 = SURFACE_STYLE_FILL_AREA(#18932);
#18932 = FILL_AREA_STYLE('',(#18933));
#18933 = FILL_AREA_STYLE_COLOUR('',#18023);
#18934 = OVER_RIDING_STYLED_ITEM('overriding color',(#18935),#9378,
  #18132);
#18935 = PRESENTATION_STYLE_ASSIGNMENT((#18936));
#18936 = SURFACE_STYLE_USAGE(.BOTH.,#18937);
#18937 = SURFACE_SIDE_STYLE('',(#18938));
#18938 = SURFACE_STYLE_FILL_AREA(#18939);
#18939 = FILL_AREA_STYLE('',(#18940));
#18940 = FILL_AREA_STYLE_COLOUR('',#18023);
#18941 = OVER_RIDING_STYLED_ITEM('overriding color',(#18942),#9395,
  #18132);
#18942 = PRESENTATION_STYLE_ASSIGNMENT((#18943));
#18943 = SURFACE_STYLE_USAGE(.BOTH.,#18944);
#18944 = SURFACE_SIDE_STYLE('',(#18945));
#18945 = SURFACE_STYLE_FILL_AREA(#18946);
#18946 = FILL_AREA_STYLE('',(#18947));
#18947 = FILL_AREA_STYLE_COLOUR('',#18023);
#18948 = OVER_RIDING_STYLED_ITEM('overriding color',(#18949),#9435,
  #18132);
#18949 = PRESENTATION_STYLE_ASSIGNMENT((#18950));
#18950 = SURFACE_STYLE_USAGE(.BOTH.,#18951);
#18951 = SURFACE_SIDE_STYLE('',(#18952));
#18952 = SURFACE_STYLE_FILL_AREA(#18953);
#18953 = FILL_AREA_STYLE('',(#18954));
#18954 = FILL_AREA_STYLE_COLOUR('',#18023);
#18955 = OVER_RIDING_STYLED_ITEM('overriding color',(#18956),#9475,
  #18132);
#18956 = PRESENTATION_STYLE_ASSIGNMENT((#18957));
#18957 = SURFACE_STYLE_USAGE(.BOTH.,#18958);
#18958 = SURFACE_SIDE_STYLE('',(#18959));
#18959 = SURFACE_STYLE_FILL_AREA(#18960);
#18960 = FILL_AREA_STYLE('',(#18961));
#18961 = FILL_AREA_STYLE_COLOUR('',#18023);
#18962 = OVER_RIDING_STYLED_ITEM('overriding color',(#18963),#9499,
  #18132);
#18963 = PRESENTATION_STYLE_ASSIGNMENT((#18964));
#18964 = SURFACE_STYLE_USAGE(.BOTH.,#18965);
#18965 = SURFACE_SIDE_STYLE('',(#18966));
#18966 = SURFACE_STYLE_FILL_AREA(#18967);
#18967 = FILL_AREA_STYLE('',(#18968));
#18968 = FILL_AREA_STYLE_COLOUR('',#18023);
#18969 = OVER_RIDING_STYLED_ITEM('overriding color',(#18970),#9523,
  #18132);
#18970 = PRESENTATION_STYLE_ASSIGNMENT((#18971));
#18971 = SURFACE_STYLE_USAGE(.BOTH.,#18972);
#18972 = SURFACE_SIDE_STYLE('',(#18973));
#18973 = SURFACE_STYLE_FILL_AREA(#18974);
#18974 = FILL_AREA_STYLE('',(#18975));
#18975 = FILL_AREA_STYLE_COLOUR('',#18023);
#18976 = OVER_RIDING_STYLED_ITEM('overriding color',(#18977),#9540,
  #18132);
#18977 = PRESENTATION_STYLE_ASSIGNMENT((#18978));
#18978 = SURFACE_STYLE_USAGE(.BOTH.,#18979);
#18979 = SURFACE_SIDE_STYLE('',(#18980));
#18980 = SURFACE_STYLE_FILL_AREA(#18981);
#18981 = FILL_AREA_STYLE('',(#18982));
#18982 = FILL_AREA_STYLE_COLOUR('',#18023);
#18983 = OVER_RIDING_STYLED_ITEM('overriding color',(#18984),#9580,
  #18132);
#18984 = PRESENTATION_STYLE_ASSIGNMENT((#18985));
#18985 = SURFACE_STYLE_USAGE(.BOTH.,#18986);
#18986 = SURFACE_SIDE_STYLE('',(#18987));
#18987 = SURFACE_STYLE_FILL_AREA(#18988);
#18988 = FILL_AREA_STYLE('',(#18989));
#18989 = FILL_AREA_STYLE_COLOUR('',#18023);
#18990 = OVER_RIDING_STYLED_ITEM('overriding color',(#18991),#9620,
  #18132);
#18991 = PRESENTATION_STYLE_ASSIGNMENT((#18992));
#18992 = SURFACE_STYLE_USAGE(.BOTH.,#18993);
#18993 = SURFACE_SIDE_STYLE('',(#18994));
#18994 = SURFACE_STYLE_FILL_AREA(#18995);
#18995 = FILL_AREA_STYLE('',(#18996));
#18996 = FILL_AREA_STYLE_COLOUR('',#18023);
#18997 = OVER_RIDING_STYLED_ITEM('overriding color',(#18998),#9644,
  #18132);
#18998 = PRESENTATION_STYLE_ASSIGNMENT((#18999));
#18999 = SURFACE_STYLE_USAGE(.BOTH.,#19000);
#19000 = SURFACE_SIDE_STYLE('',(#19001));
#19001 = SURFACE_STYLE_FILL_AREA(#19002);
#19002 = FILL_AREA_STYLE('',(#19003));
#19003 = FILL_AREA_STYLE_COLOUR('',#18023);
#19004 = OVER_RIDING_STYLED_ITEM('overriding color',(#19005),#9668,
  #18132);
#19005 = PRESENTATION_STYLE_ASSIGNMENT((#19006));
#19006 = SURFACE_STYLE_USAGE(.BOTH.,#19007);
#19007 = SURFACE_SIDE_STYLE('',(#19008));
#19008 = SURFACE_STYLE_FILL_AREA(#19009);
#19009 = FILL_AREA_STYLE('',(#19010));
#19010 = FILL_AREA_STYLE_COLOUR('',#18023);
#19011 = OVER_RIDING_STYLED_ITEM('overriding color',(#19012),#9685,
  #18132);
#19012 = PRESENTATION_STYLE_ASSIGNMENT((#19013));
#19013 = SURFACE_STYLE_USAGE(.BOTH.,#19014);
#19014 = SURFACE_SIDE_STYLE('',(#19015));
#19015 = SURFACE_STYLE_FILL_AREA(#19016);
#19016 = FILL_AREA_STYLE('',(#19017));
#19017 = FILL_AREA_STYLE_COLOUR('',#18023);
#19018 = OVER_RIDING_STYLED_ITEM('overriding color',(#19019),#9725,
  #18132);
#19019 = PRESENTATION_STYLE_ASSIGNMENT((#19020));
#19020 = SURFACE_STYLE_USAGE(.BOTH.,#19021);
#19021 = SURFACE_SIDE_STYLE('',(#19022));
#19022 = SURFACE_STYLE_FILL_AREA(#19023);
#19023 = FILL_AREA_STYLE('',(#19024));
#19024 = FILL_AREA_STYLE_COLOUR('',#18023);
#19025 = OVER_RIDING_STYLED_ITEM('overriding color',(#19026),#9765,
  #18132);
#19026 = PRESENTATION_STYLE_ASSIGNMENT((#19027));
#19027 = SURFACE_STYLE_USAGE(.BOTH.,#19028);
#19028 = SURFACE_SIDE_STYLE('',(#19029));
#19029 = SURFACE_STYLE_FILL_AREA(#19030);
#19030 = FILL_AREA_STYLE('',(#19031));
#19031 = FILL_AREA_STYLE_COLOUR('',#18023);
#19032 = OVER_RIDING_STYLED_ITEM('overriding color',(#19033),#9789,
  #18132);
#19033 = PRESENTATION_STYLE_ASSIGNMENT((#19034));
#19034 = SURFACE_STYLE_USAGE(.BOTH.,#19035);
#19035 = SURFACE_SIDE_STYLE('',(#19036));
#19036 = SURFACE_STYLE_FILL_AREA(#19037);
#19037 = FILL_AREA_STYLE('',(#19038));
#19038 = FILL_AREA_STYLE_COLOUR('',#18023);
#19039 = OVER_RIDING_STYLED_ITEM('overriding color',(#19040),#9813,
  #18132);
#19040 = PRESENTATION_STYLE_ASSIGNMENT((#19041));
#19041 = SURFACE_STYLE_USAGE(.BOTH.,#19042);
#19042 = SURFACE_SIDE_STYLE('',(#19043));
#19043 = SURFACE_STYLE_FILL_AREA(#19044);
#19044 = FILL_AREA_STYLE('',(#19045));
#19045 = FILL_AREA_STYLE_COLOUR('',#18023);
#19046 = OVER_RIDING_STYLED_ITEM('overriding color',(#19047),#9830,
  #18132);
#19047 = PRESENTATION_STYLE_ASSIGNMENT((#19048));
#19048 = SURFACE_STYLE_USAGE(.BOTH.,#19049);
#19049 = SURFACE_SIDE_STYLE('',(#19050));
#19050 = SURFACE_STYLE_FILL_AREA(#19051);
#19051 = FILL_AREA_STYLE('',(#19052));
#19052 = FILL_AREA_STYLE_COLOUR('',#18023);
#19053 = OVER_RIDING_STYLED_ITEM('overriding color',(#19054),#9870,
  #18132);
#19054 = PRESENTATION_STYLE_ASSIGNMENT((#19055));
#19055 = SURFACE_STYLE_USAGE(.BOTH.,#19056);
#19056 = SURFACE_SIDE_STYLE('',(#19057));
#19057 = SURFACE_STYLE_FILL_AREA(#19058);
#19058 = FILL_AREA_STYLE('',(#19059));
#19059 = FILL_AREA_STYLE_COLOUR('',#18023);
#19060 = OVER_RIDING_STYLED_ITEM('overriding color',(#19061),#9894,
  #18132);
#19061 = PRESENTATION_STYLE_ASSIGNMENT((#19062));
#19062 = SURFACE_STYLE_USAGE(.BOTH.,#19063);
#19063 = SURFACE_SIDE_STYLE('',(#19064));
#19064 = SURFACE_STYLE_FILL_AREA(#19065);
#19065 = FILL_AREA_STYLE('',(#19066));
#19066 = FILL_AREA_STYLE_COLOUR('',#18023);
#19067 = OVER_RIDING_STYLED_ITEM('overriding color',(#19068),#9918,
  #18132);
#19068 = PRESENTATION_STYLE_ASSIGNMENT((#19069));
#19069 = SURFACE_STYLE_USAGE(.BOTH.,#19070);
#19070 = SURFACE_SIDE_STYLE('',(#19071));
#19071 = SURFACE_STYLE_FILL_AREA(#19072);
#19072 = FILL_AREA_STYLE('',(#19073));
#19073 = FILL_AREA_STYLE_COLOUR('',#18023);
#19074 = OVER_RIDING_STYLED_ITEM('overriding color',(#19075),#9935,
  #18132);
#19075 = PRESENTATION_STYLE_ASSIGNMENT((#19076));
#19076 = SURFACE_STYLE_USAGE(.BOTH.,#19077);
#19077 = SURFACE_SIDE_STYLE('',(#19078));
#19078 = SURFACE_STYLE_FILL_AREA(#19079);
#19079 = FILL_AREA_STYLE('',(#19080));
#19080 = FILL_AREA_STYLE_COLOUR('',#18023);
#19081 = OVER_RIDING_STYLED_ITEM('overriding color',(#19082),#9966,
  #18132);
#19082 = PRESENTATION_STYLE_ASSIGNMENT((#19083));
#19083 = SURFACE_STYLE_USAGE(.BOTH.,#19084);
#19084 = SURFACE_SIDE_STYLE('',(#19085));
#19085 = SURFACE_STYLE_FILL_AREA(#19086);
#19086 = FILL_AREA_STYLE('',(#19087));
#19087 = FILL_AREA_STYLE_COLOUR('',#18023);
#19088 = OVER_RIDING_STYLED_ITEM('overriding color',(#19089),#9990,
  #18132);
#19089 = PRESENTATION_STYLE_ASSIGNMENT((#19090));
#19090 = SURFACE_STYLE_USAGE(.BOTH.,#19091);
#19091 = SURFACE_SIDE_STYLE('',(#19092));
#19092 = SURFACE_STYLE_FILL_AREA(#19093);
#19093 = FILL_AREA_STYLE('',(#19094));
#19094 = FILL_AREA_STYLE_COLOUR('',#18023);
#19095 = OVER_RIDING_STYLED_ITEM('overriding color',(#19096),#10007,
  #18132);
#19096 = PRESENTATION_STYLE_ASSIGNMENT((#19097));
#19097 = SURFACE_STYLE_USAGE(.BOTH.,#19098);
#19098 = SURFACE_SIDE_STYLE('',(#19099));
#19099 = SURFACE_STYLE_FILL_AREA(#19100);
#19100 = FILL_AREA_STYLE('',(#19101));
#19101 = FILL_AREA_STYLE_COLOUR('',#18023);
#19102 = OVER_RIDING_STYLED_ITEM('overriding color',(#19103),#10031,
  #18132);
#19103 = PRESENTATION_STYLE_ASSIGNMENT((#19104));
#19104 = SURFACE_STYLE_USAGE(.BOTH.,#19105);
#19105 = SURFACE_SIDE_STYLE('',(#19106));
#19106 = SURFACE_STYLE_FILL_AREA(#19107);
#19107 = FILL_AREA_STYLE('',(#19108));
#19108 = FILL_AREA_STYLE_COLOUR('',#18023);
#19109 = OVER_RIDING_STYLED_ITEM('overriding color',(#19110),#10048,
  #18132);
#19110 = PRESENTATION_STYLE_ASSIGNMENT((#19111));
#19111 = SURFACE_STYLE_USAGE(.BOTH.,#19112);
#19112 = SURFACE_SIDE_STYLE('',(#19113));
#19113 = SURFACE_STYLE_FILL_AREA(#19114);
#19114 = FILL_AREA_STYLE('',(#19115));
#19115 = FILL_AREA_STYLE_COLOUR('',#18023);
#19116 = OVER_RIDING_STYLED_ITEM('overriding color',(#19117),#10060,
  #18132);
#19117 = PRESENTATION_STYLE_ASSIGNMENT((#19118));
#19118 = SURFACE_STYLE_USAGE(.BOTH.,#19119);
#19119 = SURFACE_SIDE_STYLE('',(#19120));
#19120 = SURFACE_STYLE_FILL_AREA(#19121);
#19121 = FILL_AREA_STYLE('',(#19122));
#19122 = FILL_AREA_STYLE_COLOUR('',#18023);
#19123 = OVER_RIDING_STYLED_ITEM('overriding color',(#19124),#10084,
  #18132);
#19124 = PRESENTATION_STYLE_ASSIGNMENT((#19125));
#19125 = SURFACE_STYLE_USAGE(.BOTH.,#19126);
#19126 = SURFACE_SIDE_STYLE('',(#19127));
#19127 = SURFACE_STYLE_FILL_AREA(#19128);
#19128 = FILL_AREA_STYLE('',(#19129));
#19129 = FILL_AREA_STYLE_COLOUR('',#18023);
#19130 = OVER_RIDING_STYLED_ITEM('overriding color',(#19131),#10115,
  #18132);
#19131 = PRESENTATION_STYLE_ASSIGNMENT((#19132));
#19132 = SURFACE_STYLE_USAGE(.BOTH.,#19133);
#19133 = SURFACE_SIDE_STYLE('',(#19134));
#19134 = SURFACE_STYLE_FILL_AREA(#19135);
#19135 = FILL_AREA_STYLE('',(#19136));
#19136 = FILL_AREA_STYLE_COLOUR('',#18023);
#19137 = OVER_RIDING_STYLED_ITEM('overriding color',(#19138),#10132,
  #18132);
#19138 = PRESENTATION_STYLE_ASSIGNMENT((#19139));
#19139 = SURFACE_STYLE_USAGE(.BOTH.,#19140);
#19140 = SURFACE_SIDE_STYLE('',(#19141));
#19141 = SURFACE_STYLE_FILL_AREA(#19142);
#19142 = FILL_AREA_STYLE('',(#19143));
#19143 = FILL_AREA_STYLE_COLOUR('',#18023);
#19144 = OVER_RIDING_STYLED_ITEM('overriding color',(#19145),#10156,
  #18132);
#19145 = PRESENTATION_STYLE_ASSIGNMENT((#19146));
#19146 = SURFACE_STYLE_USAGE(.BOTH.,#19147);
#19147 = SURFACE_SIDE_STYLE('',(#19148));
#19148 = SURFACE_STYLE_FILL_AREA(#19149);
#19149 = FILL_AREA_STYLE('',(#19150));
#19150 = FILL_AREA_STYLE_COLOUR('',#18023);
#19151 = OVER_RIDING_STYLED_ITEM('overriding color',(#19152),#10173,
  #18132);
#19152 = PRESENTATION_STYLE_ASSIGNMENT((#19153));
#19153 = SURFACE_STYLE_USAGE(.BOTH.,#19154);
#19154 = SURFACE_SIDE_STYLE('',(#19155));
#19155 = SURFACE_STYLE_FILL_AREA(#19156);
#19156 = FILL_AREA_STYLE('',(#19157));
#19157 = FILL_AREA_STYLE_COLOUR('',#18023);
#19158 = OVER_RIDING_STYLED_ITEM('overriding color',(#19159),#10185,
  #18132);
#19159 = PRESENTATION_STYLE_ASSIGNMENT((#19160));
#19160 = SURFACE_STYLE_USAGE(.BOTH.,#19161);
#19161 = SURFACE_SIDE_STYLE('',(#19162));
#19162 = SURFACE_STYLE_FILL_AREA(#19163);
#19163 = FILL_AREA_STYLE('',(#19164));
#19164 = FILL_AREA_STYLE_COLOUR('',#18023);
#19165 = OVER_RIDING_STYLED_ITEM('overriding color',(#19166),#10202,
  #18132);
#19166 = PRESENTATION_STYLE_ASSIGNMENT((#19167));
#19167 = SURFACE_STYLE_USAGE(.BOTH.,#19168);
#19168 = SURFACE_SIDE_STYLE('',(#19169));
#19169 = SURFACE_STYLE_FILL_AREA(#19170);
#19170 = FILL_AREA_STYLE('',(#19171));
#19171 = FILL_AREA_STYLE_COLOUR('',#18023);
#19172 = OVER_RIDING_STYLED_ITEM('overriding color',(#19173),#10219,
  #18132);
#19173 = PRESENTATION_STYLE_ASSIGNMENT((#19174));
#19174 = SURFACE_STYLE_USAGE(.BOTH.,#19175);
#19175 = SURFACE_SIDE_STYLE('',(#19176));
#19176 = SURFACE_STYLE_FILL_AREA(#19177);
#19177 = FILL_AREA_STYLE('',(#19178));
#19178 = FILL_AREA_STYLE_COLOUR('',#18023);
#19179 = OVER_RIDING_STYLED_ITEM('overriding color',(#19180),#10236,
  #18132);
#19180 = PRESENTATION_STYLE_ASSIGNMENT((#19181));
#19181 = SURFACE_STYLE_USAGE(.BOTH.,#19182);
#19182 = SURFACE_SIDE_STYLE('',(#19183));
#19183 = SURFACE_STYLE_FILL_AREA(#19184);
#19184 = FILL_AREA_STYLE('',(#19185));
#19185 = FILL_AREA_STYLE_COLOUR('',#18023);
#19186 = OVER_RIDING_STYLED_ITEM('overriding color',(#19187),#10253,
  #18132);
#19187 = PRESENTATION_STYLE_ASSIGNMENT((#19188));
#19188 = SURFACE_STYLE_USAGE(.BOTH.,#19189);
#19189 = SURFACE_SIDE_STYLE('',(#19190));
#19190 = SURFACE_STYLE_FILL_AREA(#19191);
#19191 = FILL_AREA_STYLE('',(#19192));
#19192 = FILL_AREA_STYLE_COLOUR('',#18023);
#19193 = OVER_RIDING_STYLED_ITEM('overriding color',(#19194),#10270,
  #18132);
#19194 = PRESENTATION_STYLE_ASSIGNMENT((#19195));
#19195 = SURFACE_STYLE_USAGE(.BOTH.,#19196);
#19196 = SURFACE_SIDE_STYLE('',(#19197));
#19197 = SURFACE_STYLE_FILL_AREA(#19198);
#19198 = FILL_AREA_STYLE('',(#19199));
#19199 = FILL_AREA_STYLE_COLOUR('',#18023);
#19200 = OVER_RIDING_STYLED_ITEM('overriding color',(#19201),#10287,
  #18132);
#19201 = PRESENTATION_STYLE_ASSIGNMENT((#19202));
#19202 = SURFACE_STYLE_USAGE(.BOTH.,#19203);
#19203 = SURFACE_SIDE_STYLE('',(#19204));
#19204 = SURFACE_STYLE_FILL_AREA(#19205);
#19205 = FILL_AREA_STYLE('',(#19206));
#19206 = FILL_AREA_STYLE_COLOUR('',#18023);
#19207 = OVER_RIDING_STYLED_ITEM('overriding color',(#19208),#10304,
  #18132);
#19208 = PRESENTATION_STYLE_ASSIGNMENT((#19209));
#19209 = SURFACE_STYLE_USAGE(.BOTH.,#19210);
#19210 = SURFACE_SIDE_STYLE('',(#19211));
#19211 = SURFACE_STYLE_FILL_AREA(#19212);
#19212 = FILL_AREA_STYLE('',(#19213));
#19213 = FILL_AREA_STYLE_COLOUR('',#18023);
#19214 = OVER_RIDING_STYLED_ITEM('overriding color',(#19215),#10321,
  #18132);
#19215 = PRESENTATION_STYLE_ASSIGNMENT((#19216));
#19216 = SURFACE_STYLE_USAGE(.BOTH.,#19217);
#19217 = SURFACE_SIDE_STYLE('',(#19218));
#19218 = SURFACE_STYLE_FILL_AREA(#19219);
#19219 = FILL_AREA_STYLE('',(#19220));
#19220 = FILL_AREA_STYLE_COLOUR('',#18023);
#19221 = OVER_RIDING_STYLED_ITEM('overriding color',(#19222),#10333,
  #18132);
#19222 = PRESENTATION_STYLE_ASSIGNMENT((#19223));
#19223 = SURFACE_STYLE_USAGE(.BOTH.,#19224);
#19224 = SURFACE_SIDE_STYLE('',(#19225));
#19225 = SURFACE_STYLE_FILL_AREA(#19226);
#19226 = FILL_AREA_STYLE('',(#19227));
#19227 = FILL_AREA_STYLE_COLOUR('',#18023);
#19228 = OVER_RIDING_STYLED_ITEM('overriding color',(#19229),#10350,
  #18132);
#19229 = PRESENTATION_STYLE_ASSIGNMENT((#19230));
#19230 = SURFACE_STYLE_USAGE(.BOTH.,#19231);
#19231 = SURFACE_SIDE_STYLE('',(#19232));
#19232 = SURFACE_STYLE_FILL_AREA(#19233);
#19233 = FILL_AREA_STYLE('',(#19234));
#19234 = FILL_AREA_STYLE_COLOUR('',#18023);
#19235 = OVER_RIDING_STYLED_ITEM('overriding color',(#19236),#10367,
  #18132);
#19236 = PRESENTATION_STYLE_ASSIGNMENT((#19237));
#19237 = SURFACE_STYLE_USAGE(.BOTH.,#19238);
#19238 = SURFACE_SIDE_STYLE('',(#19239));
#19239 = SURFACE_STYLE_FILL_AREA(#19240);
#19240 = FILL_AREA_STYLE('',(#19241));
#19241 = FILL_AREA_STYLE_COLOUR('',#18023);
#19242 = OVER_RIDING_STYLED_ITEM('overriding color',(#19243),#10379,
  #18132);
#19243 = PRESENTATION_STYLE_ASSIGNMENT((#19244));
#19244 = SURFACE_STYLE_USAGE(.BOTH.,#19245);
#19245 = SURFACE_SIDE_STYLE('',(#19246));
#19246 = SURFACE_STYLE_FILL_AREA(#19247);
#19247 = FILL_AREA_STYLE('',(#19248));
#19248 = FILL_AREA_STYLE_COLOUR('',#18023);
#19249 = OVER_RIDING_STYLED_ITEM('overriding color',(#19250),#10396,
  #18132);
#19250 = PRESENTATION_STYLE_ASSIGNMENT((#19251));
#19251 = SURFACE_STYLE_USAGE(.BOTH.,#19252);
#19252 = SURFACE_SIDE_STYLE('',(#19253));
#19253 = SURFACE_STYLE_FILL_AREA(#19254);
#19254 = FILL_AREA_STYLE('',(#19255));
#19255 = FILL_AREA_STYLE_COLOUR('',#18023);
#19256 = OVER_RIDING_STYLED_ITEM('overriding color',(#19257),#10413,
  #18132);
#19257 = PRESENTATION_STYLE_ASSIGNMENT((#19258));
#19258 = SURFACE_STYLE_USAGE(.BOTH.,#19259);
#19259 = SURFACE_SIDE_STYLE('',(#19260));
#19260 = SURFACE_STYLE_FILL_AREA(#19261);
#19261 = FILL_AREA_STYLE('',(#19262));
#19262 = FILL_AREA_STYLE_COLOUR('',#18023);
#19263 = OVER_RIDING_STYLED_ITEM('overriding color',(#19264),#10425,
  #18132);
#19264 = PRESENTATION_STYLE_ASSIGNMENT((#19265));
#19265 = SURFACE_STYLE_USAGE(.BOTH.,#19266);
#19266 = SURFACE_SIDE_STYLE('',(#19267));
#19267 = SURFACE_STYLE_FILL_AREA(#19268);
#19268 = FILL_AREA_STYLE('',(#19269));
#19269 = FILL_AREA_STYLE_COLOUR('',#18023);
#19270 = OVER_RIDING_STYLED_ITEM('overriding color',(#19271),#10437,
  #18132);
#19271 = PRESENTATION_STYLE_ASSIGNMENT((#19272));
#19272 = SURFACE_STYLE_USAGE(.BOTH.,#19273);
#19273 = SURFACE_SIDE_STYLE('',(#19274));
#19274 = SURFACE_STYLE_FILL_AREA(#19275);
#19275 = FILL_AREA_STYLE('',(#19276));
#19276 = FILL_AREA_STYLE_COLOUR('',#18023);
#19277 = STYLED_ITEM('color',(#19278),#10451);
#19278 = PRESENTATION_STYLE_ASSIGNMENT((#19279,#19284));
#19279 = SURFACE_STYLE_USAGE(.BOTH.,#19280);
#19280 = SURFACE_SIDE_STYLE('',(#19281));
#19281 = SURFACE_STYLE_FILL_AREA(#19282);
#19282 = FILL_AREA_STYLE('',(#19283));
#19283 = FILL_AREA_STYLE_COLOUR('',#18139);
#19284 = CURVE_STYLE('',#19285,POSITIVE_LENGTH_MEASURE(0.1),#18142);
#19285 = DRAUGHTING_PRE_DEFINED_CURVE_FONT('continuous');
#19286 = OVER_RIDING_STYLED_ITEM('overriding color',(#19287),#10453,
  #19277);
#19287 = PRESENTATION_STYLE_ASSIGNMENT((#19288));
#19288 = SURFACE_STYLE_USAGE(.BOTH.,#19289);
#19289 = SURFACE_SIDE_STYLE('',(#19290));
#19290 = SURFACE_STYLE_FILL_AREA(#19291);
#19291 = FILL_AREA_STYLE('',(#19292));
#19292 = FILL_AREA_STYLE_COLOUR('',#19293);
#19293 = COLOUR_RGB('',0.832000011642,0.68000001254,6.599999832223E-02);
#19294 = OVER_RIDING_STYLED_ITEM('overriding color',(#19295),#10493,
  #19277);
#19295 = PRESENTATION_STYLE_ASSIGNMENT((#19296));
#19296 = SURFACE_STYLE_USAGE(.BOTH.,#19297);
#19297 = SURFACE_SIDE_STYLE('',(#19298));
#19298 = SURFACE_STYLE_FILL_AREA(#19299);
#19299 = FILL_AREA_STYLE('',(#19300));
#19300 = FILL_AREA_STYLE_COLOUR('',#19293);
#19301 = OVER_RIDING_STYLED_ITEM('overriding color',(#19302),#10524,
  #19277);
#19302 = PRESENTATION_STYLE_ASSIGNMENT((#19303));
#19303 = SURFACE_STYLE_USAGE(.BOTH.,#19304);
#19304 = SURFACE_SIDE_STYLE('',(#19305));
#19305 = SURFACE_STYLE_FILL_AREA(#19306);
#19306 = FILL_AREA_STYLE('',(#19307));
#19307 = FILL_AREA_STYLE_COLOUR('',#19293);
#19308 = OVER_RIDING_STYLED_ITEM('overriding color',(#19309),#10555,
  #19277);
#19309 = PRESENTATION_STYLE_ASSIGNMENT((#19310));
#19310 = SURFACE_STYLE_USAGE(.BOTH.,#19311);
#19311 = SURFACE_SIDE_STYLE('',(#19312));
#19312 = SURFACE_STYLE_FILL_AREA(#19313);
#19313 = FILL_AREA_STYLE('',(#19314));
#19314 = FILL_AREA_STYLE_COLOUR('',#19293);
#19315 = OVER_RIDING_STYLED_ITEM('overriding color',(#19316),#10586,
  #19277);
#19316 = PRESENTATION_STYLE_ASSIGNMENT((#19317));
#19317 = SURFACE_STYLE_USAGE(.BOTH.,#19318);
#19318 = SURFACE_SIDE_STYLE('',(#19319));
#19319 = SURFACE_STYLE_FILL_AREA(#19320);
#19320 = FILL_AREA_STYLE('',(#19321));
#19321 = FILL_AREA_STYLE_COLOUR('',#19293);
#19322 = OVER_RIDING_STYLED_ITEM('overriding color',(#19323),#10617,
  #19277);
#19323 = PRESENTATION_STYLE_ASSIGNMENT((#19324));
#19324 = SURFACE_STYLE_USAGE(.BOTH.,#19325);
#19325 = SURFACE_SIDE_STYLE('',(#19326));
#19326 = SURFACE_STYLE_FILL_AREA(#19327);
#19327 = FILL_AREA_STYLE('',(#19328));
#19328 = FILL_AREA_STYLE_COLOUR('',#19293);
#19329 = OVER_RIDING_STYLED_ITEM('overriding color',(#19330),#10648,
  #19277);
#19330 = PRESENTATION_STYLE_ASSIGNMENT((#19331));
#19331 = SURFACE_STYLE_USAGE(.BOTH.,#19332);
#19332 = SURFACE_SIDE_STYLE('',(#19333));
#19333 = SURFACE_STYLE_FILL_AREA(#19334);
#19334 = FILL_AREA_STYLE('',(#19335));
#19335 = FILL_AREA_STYLE_COLOUR('',#19293);
#19336 = OVER_RIDING_STYLED_ITEM('overriding color',(#19337),#10679,
  #19277);
#19337 = PRESENTATION_STYLE_ASSIGNMENT((#19338));
#19338 = SURFACE_STYLE_USAGE(.BOTH.,#19339);
#19339 = SURFACE_SIDE_STYLE('',(#19340));
#19340 = SURFACE_STYLE_FILL_AREA(#19341);
#19341 = FILL_AREA_STYLE('',(#19342));
#19342 = FILL_AREA_STYLE_COLOUR('',#19293);
#19343 = OVER_RIDING_STYLED_ITEM('overriding color',(#19344),#10710,
  #19277);
#19344 = PRESENTATION_STYLE_ASSIGNMENT((#19345));
#19345 = SURFACE_STYLE_USAGE(.BOTH.,#19346);
#19346 = SURFACE_SIDE_STYLE('',(#19347));
#19347 = SURFACE_STYLE_FILL_AREA(#19348);
#19348 = FILL_AREA_STYLE('',(#19349));
#19349 = FILL_AREA_STYLE_COLOUR('',#19293);
#19350 = OVER_RIDING_STYLED_ITEM('overriding color',(#19351),#10741,
  #19277);
#19351 = PRESENTATION_STYLE_ASSIGNMENT((#19352));
#19352 = SURFACE_STYLE_USAGE(.BOTH.,#19353);
#19353 = SURFACE_SIDE_STYLE('',(#19354));
#19354 = SURFACE_STYLE_FILL_AREA(#19355);
#19355 = FILL_AREA_STYLE('',(#19356));
#19356 = FILL_AREA_STYLE_COLOUR('',#19293);
#19357 = OVER_RIDING_STYLED_ITEM('overriding color',(#19358),#10772,
  #19277);
#19358 = PRESENTATION_STYLE_ASSIGNMENT((#19359));
#19359 = SURFACE_STYLE_USAGE(.BOTH.,#19360);
#19360 = SURFACE_SIDE_STYLE('',(#19361));
#19361 = SURFACE_STYLE_FILL_AREA(#19362);
#19362 = FILL_AREA_STYLE('',(#19363));
#19363 = FILL_AREA_STYLE_COLOUR('',#19293);
#19364 = OVER_RIDING_STYLED_ITEM('overriding color',(#19365),#10803,
  #19277);
#19365 = PRESENTATION_STYLE_ASSIGNMENT((#19366));
#19366 = SURFACE_STYLE_USAGE(.BOTH.,#19367);
#19367 = SURFACE_SIDE_STYLE('',(#19368));
#19368 = SURFACE_STYLE_FILL_AREA(#19369);
#19369 = FILL_AREA_STYLE('',(#19370));
#19370 = FILL_AREA_STYLE_COLOUR('',#19293);
#19371 = OVER_RIDING_STYLED_ITEM('overriding color',(#19372),#10825,
  #19277);
#19372 = PRESENTATION_STYLE_ASSIGNMENT((#19373));
#19373 = SURFACE_STYLE_USAGE(.BOTH.,#19374);
#19374 = SURFACE_SIDE_STYLE('',(#19375));
#19375 = SURFACE_STYLE_FILL_AREA(#19376);
#19376 = FILL_AREA_STYLE('',(#19377));
#19377 = FILL_AREA_STYLE_COLOUR('',#19293);
#19378 = OVER_RIDING_STYLED_ITEM('overriding color',(#19379),#10845,
  #19277);
#19379 = PRESENTATION_STYLE_ASSIGNMENT((#19380));
#19380 = SURFACE_STYLE_USAGE(.BOTH.,#19381);
#19381 = SURFACE_SIDE_STYLE('',(#19382));
#19382 = SURFACE_STYLE_FILL_AREA(#19383);
#19383 = FILL_AREA_STYLE('',(#19384));
#19384 = FILL_AREA_STYLE_COLOUR('',#19293);
#19385 = STYLED_ITEM('color',(#19386),#10865);
#19386 = PRESENTATION_STYLE_ASSIGNMENT((#19387,#19392));
#19387 = SURFACE_STYLE_USAGE(.BOTH.,#19388);
#19388 = SURFACE_SIDE_STYLE('',(#19389));
#19389 = SURFACE_STYLE_FILL_AREA(#19390);
#19390 = FILL_AREA_STYLE('',(#19391));
#19391 = FILL_AREA_STYLE_COLOUR('',#18139);
#19392 = CURVE_STYLE('',#19393,POSITIVE_LENGTH_MEASURE(0.1),#18142);
#19393 = DRAUGHTING_PRE_DEFINED_CURVE_FONT('continuous');
#19394 = OVER_RIDING_STYLED_ITEM('overriding color',(#19395),#10867,
  #19385);
#19395 = PRESENTATION_STYLE_ASSIGNMENT((#19396));
#19396 = SURFACE_STYLE_USAGE(.BOTH.,#19397);
#19397 = SURFACE_SIDE_STYLE('',(#19398));
#19398 = SURFACE_STYLE_FILL_AREA(#19399);
#19399 = FILL_AREA_STYLE('',(#19400));
#19400 = FILL_AREA_STYLE_COLOUR('',#18023);
#19401 = OVER_RIDING_STYLED_ITEM('overriding color',(#19402),#10923,
  #19385);
#19402 = PRESENTATION_STYLE_ASSIGNMENT((#19403));
#19403 = SURFACE_STYLE_USAGE(.BOTH.,#19404);
#19404 = SURFACE_SIDE_STYLE('',(#19405));
#19405 = SURFACE_STYLE_FILL_AREA(#19406);
#19406 = FILL_AREA_STYLE('',(#19407));
#19407 = FILL_AREA_STYLE_COLOUR('',#18023);
#19408 = OVER_RIDING_STYLED_ITEM('overriding color',(#19409),#10954,
  #19385);
#19409 = PRESENTATION_STYLE_ASSIGNMENT((#19410));
#19410 = SURFACE_STYLE_USAGE(.BOTH.,#19411);
#19411 = SURFACE_SIDE_STYLE('',(#19412));
#19412 = SURFACE_STYLE_FILL_AREA(#19413);
#19413 = FILL_AREA_STYLE('',(#19414));
#19414 = FILL_AREA_STYLE_COLOUR('',#18023);
#19415 = OVER_RIDING_STYLED_ITEM('overriding color',(#19416),#10978,
  #19385);
#19416 = PRESENTATION_STYLE_ASSIGNMENT((#19417));
#19417 = SURFACE_STYLE_USAGE(.BOTH.,#19418);
#19418 = SURFACE_SIDE_STYLE('',(#19419));
#19419 = SURFACE_STYLE_FILL_AREA(#19420);
#19420 = FILL_AREA_STYLE('',(#19421));
#19421 = FILL_AREA_STYLE_COLOUR('',#18023);
#19422 = OVER_RIDING_STYLED_ITEM('overriding color',(#19423),#11002,
  #19385);
#19423 = PRESENTATION_STYLE_ASSIGNMENT((#19424));
#19424 = SURFACE_STYLE_USAGE(.BOTH.,#19425);
#19425 = SURFACE_SIDE_STYLE('',(#19426));
#19426 = SURFACE_STYLE_FILL_AREA(#19427);
#19427 = FILL_AREA_STYLE('',(#19428));
#19428 = FILL_AREA_STYLE_COLOUR('',#18023);
#19429 = OVER_RIDING_STYLED_ITEM('overriding color',(#19430),#11026,
  #19385);
#19430 = PRESENTATION_STYLE_ASSIGNMENT((#19431));
#19431 = SURFACE_STYLE_USAGE(.BOTH.,#19432);
#19432 = SURFACE_SIDE_STYLE('',(#19433));
#19433 = SURFACE_STYLE_FILL_AREA(#19434);
#19434 = FILL_AREA_STYLE('',(#19435));
#19435 = FILL_AREA_STYLE_COLOUR('',#18023);
#19436 = OVER_RIDING_STYLED_ITEM('overriding color',(#19437),#11050,
  #19385);
#19437 = PRESENTATION_STYLE_ASSIGNMENT((#19438));
#19438 = SURFACE_STYLE_USAGE(.BOTH.,#19439);
#19439 = SURFACE_SIDE_STYLE('',(#19440));
#19440 = SURFACE_STYLE_FILL_AREA(#19441);
#19441 = FILL_AREA_STYLE('',(#19442));
#19442 = FILL_AREA_STYLE_COLOUR('',#18023);
#19443 = OVER_RIDING_STYLED_ITEM('overriding color',(#19444),#11067,
  #19385);
#19444 = PRESENTATION_STYLE_ASSIGNMENT((#19445));
#19445 = SURFACE_STYLE_USAGE(.BOTH.,#19446);
#19446 = SURFACE_SIDE_STYLE('',(#19447));
#19447 = SURFACE_STYLE_FILL_AREA(#19448);
#19448 = FILL_AREA_STYLE('',(#19449));
#19449 = FILL_AREA_STYLE_COLOUR('',#18023);
#19450 = STYLED_ITEM('color',(#19451),#11081);
#19451 = PRESENTATION_STYLE_ASSIGNMENT((#19452,#19457));
#19452 = SURFACE_STYLE_USAGE(.BOTH.,#19453);
#19453 = SURFACE_SIDE_STYLE('',(#19454));
#19454 = SURFACE_STYLE_FILL_AREA(#19455);
#19455 = FILL_AREA_STYLE('',(#19456));
#19456 = FILL_AREA_STYLE_COLOUR('',#18139);
#19457 = CURVE_STYLE('',#19458,POSITIVE_LENGTH_MEASURE(0.1),#18142);
#19458 = DRAUGHTING_PRE_DEFINED_CURVE_FONT('continuous');
#19459 = OVER_RIDING_STYLED_ITEM('overriding color',(#19460),#11083,
  #19450);
#19460 = PRESENTATION_STYLE_ASSIGNMENT((#19461));
#19461 = SURFACE_STYLE_USAGE(.BOTH.,#19462);
#19462 = SURFACE_SIDE_STYLE('',(#19463));
#19463 = SURFACE_STYLE_FILL_AREA(#19464);
#19464 = FILL_AREA_STYLE('',(#19465));
#19465 = FILL_AREA_STYLE_COLOUR('',#18023);
#19466 = OVER_RIDING_STYLED_ITEM('overriding color',(#19467),#11139,
  #19450);
#19467 = PRESENTATION_STYLE_ASSIGNMENT((#19468));
#19468 = SURFACE_STYLE_USAGE(.BOTH.,#19469);
#19469 = SURFACE_SIDE_STYLE('',(#19470));
#19470 = SURFACE_STYLE_FILL_AREA(#19471);
#19471 = FILL_AREA_STYLE('',(#19472));
#19472 = FILL_AREA_STYLE_COLOUR('',#18023);
#19473 = OVER_RIDING_STYLED_ITEM('overriding color',(#19474),#11170,
  #19450);
#19474 = PRESENTATION_STYLE_ASSIGNMENT((#19475));
#19475 = SURFACE_STYLE_USAGE(.BOTH.,#19476);
#19476 = SURFACE_SIDE_STYLE('',(#19477));
#19477 = SURFACE_STYLE_FILL_AREA(#19478);
#19478 = FILL_AREA_STYLE('',(#19479));
#19479 = FILL_AREA_STYLE_COLOUR('',#18023);
#19480 = OVER_RIDING_STYLED_ITEM('overriding color',(#19481),#11194,
  #19450);
#19481 = PRESENTATION_STYLE_ASSIGNMENT((#19482));
#19482 = SURFACE_STYLE_USAGE(.BOTH.,#19483);
#19483 = SURFACE_SIDE_STYLE('',(#19484));
#19484 = SURFACE_STYLE_FILL_AREA(#19485);
#19485 = FILL_AREA_STYLE('',(#19486));
#19486 = FILL_AREA_STYLE_COLOUR('',#18023);
#19487 = OVER_RIDING_STYLED_ITEM('overriding color',(#19488),#11218,
  #19450);
#19488 = PRESENTATION_STYLE_ASSIGNMENT((#19489));
#19489 = SURFACE_STYLE_USAGE(.BOTH.,#19490);
#19490 = SURFACE_SIDE_STYLE('',(#19491));
#19491 = SURFACE_STYLE_FILL_AREA(#19492);
#19492 = FILL_AREA_STYLE('',(#19493));
#19493 = FILL_AREA_STYLE_COLOUR('',#18023);
#19494 = OVER_RIDING_STYLED_ITEM('overriding color',(#19495),#11242,
  #19450);
#19495 = PRESENTATION_STYLE_ASSIGNMENT((#19496));
#19496 = SURFACE_STYLE_USAGE(.BOTH.,#19497);
#19497 = SURFACE_SIDE_STYLE('',(#19498));
#19498 = SURFACE_STYLE_FILL_AREA(#19499);
#19499 = FILL_AREA_STYLE('',(#19500));
#19500 = FILL_AREA_STYLE_COLOUR('',#18023);
#19501 = OVER_RIDING_STYLED_ITEM('overriding color',(#19502),#11266,
  #19450);
#19502 = PRESENTATION_STYLE_ASSIGNMENT((#19503));
#19503 = SURFACE_STYLE_USAGE(.BOTH.,#19504);
#19504 = SURFACE_SIDE_STYLE('',(#19505));
#19505 = SURFACE_STYLE_FILL_AREA(#19506);
#19506 = FILL_AREA_STYLE('',(#19507));
#19507 = FILL_AREA_STYLE_COLOUR('',#18023);
#19508 = OVER_RIDING_STYLED_ITEM('overriding color',(#19509),#11283,
  #19450);
#19509 = PRESENTATION_STYLE_ASSIGNMENT((#19510));
#19510 = SURFACE_STYLE_USAGE(.BOTH.,#19511);
#19511 = SURFACE_SIDE_STYLE('',(#19512));
#19512 = SURFACE_STYLE_FILL_AREA(#19513);
#19513 = FILL_AREA_STYLE('',(#19514));
#19514 = FILL_AREA_STYLE_COLOUR('',#18023);
#19515 = STYLED_ITEM('color',(#19516),#11297);
#19516 = PRESENTATION_STYLE_ASSIGNMENT((#19517,#19522));
#19517 = SURFACE_STYLE_USAGE(.BOTH.,#19518);
#19518 = SURFACE_SIDE_STYLE('',(#19519));
#19519 = SURFACE_STYLE_FILL_AREA(#19520);
#19520 = FILL_AREA_STYLE('',(#19521));
#19521 = FILL_AREA_STYLE_COLOUR('',#18139);
#19522 = CURVE_STYLE('',#19523,POSITIVE_LENGTH_MEASURE(0.1),#18142);
#19523 = DRAUGHTING_PRE_DEFINED_CURVE_FONT('continuous');
#19524 = OVER_RIDING_STYLED_ITEM('overriding color',(#19525),#11299,
  #19515);
#19525 = PRESENTATION_STYLE_ASSIGNMENT((#19526));
#19526 = SURFACE_STYLE_USAGE(.BOTH.,#19527);
#19527 = SURFACE_SIDE_STYLE('',(#19528));
#19528 = SURFACE_STYLE_FILL_AREA(#19529);
#19529 = FILL_AREA_STYLE('',(#19530));
#19530 = FILL_AREA_STYLE_COLOUR('',#18023);
#19531 = OVER_RIDING_STYLED_ITEM('overriding color',(#19532),#11355,
  #19515);
#19532 = PRESENTATION_STYLE_ASSIGNMENT((#19533));
#19533 = SURFACE_STYLE_USAGE(.BOTH.,#19534);
#19534 = SURFACE_SIDE_STYLE('',(#19535));
#19535 = SURFACE_STYLE_FILL_AREA(#19536);
#19536 = FILL_AREA_STYLE('',(#19537));
#19537 = FILL_AREA_STYLE_COLOUR('',#18023);
#19538 = OVER_RIDING_STYLED_ITEM('overriding color',(#19539),#11386,
  #19515);
#19539 = PRESENTATION_STYLE_ASSIGNMENT((#19540));
#19540 = SURFACE_STYLE_USAGE(.BOTH.,#19541);
#19541 = SURFACE_SIDE_STYLE('',(#19542));
#19542 = SURFACE_STYLE_FILL_AREA(#19543);
#19543 = FILL_AREA_STYLE('',(#19544));
#19544 = FILL_AREA_STYLE_COLOUR('',#18023);
#19545 = OVER_RIDING_STYLED_ITEM('overriding color',(#19546),#11410,
  #19515);
#19546 = PRESENTATION_STYLE_ASSIGNMENT((#19547));
#19547 = SURFACE_STYLE_USAGE(.BOTH.,#19548);
#19548 = SURFACE_SIDE_STYLE('',(#19549));
#19549 = SURFACE_STYLE_FILL_AREA(#19550);
#19550 = FILL_AREA_STYLE('',(#19551));
#19551 = FILL_AREA_STYLE_COLOUR('',#18023);
#19552 = OVER_RIDING_STYLED_ITEM('overriding color',(#19553),#11434,
  #19515);
#19553 = PRESENTATION_STYLE_ASSIGNMENT((#19554));
#19554 = SURFACE_STYLE_USAGE(.BOTH.,#19555);
#19555 = SURFACE_SIDE_STYLE('',(#19556));
#19556 = SURFACE_STYLE_FILL_AREA(#19557);
#19557 = FILL_AREA_STYLE('',(#19558));
#19558 = FILL_AREA_STYLE_COLOUR('',#18023);
#19559 = OVER_RIDING_STYLED_ITEM('overriding color',(#19560),#11458,
  #19515);
#19560 = PRESENTATION_STYLE_ASSIGNMENT((#19561));
#19561 = SURFACE_STYLE_USAGE(.BOTH.,#19562);
#19562 = SURFACE_SIDE_STYLE('',(#19563));
#19563 = SURFACE_STYLE_FILL_AREA(#19564);
#19564 = FILL_AREA_STYLE('',(#19565));
#19565 = FILL_AREA_STYLE_COLOUR('',#18023);
#19566 = OVER_RIDING_STYLED_ITEM('overriding color',(#19567),#11482,
  #19515);
#19567 = PRESENTATION_STYLE_ASSIGNMENT((#19568));
#19568 = SURFACE_STYLE_USAGE(.BOTH.,#19569);
#19569 = SURFACE_SIDE_STYLE('',(#19570));
#19570 = SURFACE_STYLE_FILL_AREA(#19571);
#19571 = FILL_AREA_STYLE('',(#19572));
#19572 = FILL_AREA_STYLE_COLOUR('',#18023);
#19573 = OVER_RIDING_STYLED_ITEM('overriding color',(#19574),#11499,
  #19515);
#19574 = PRESENTATION_STYLE_ASSIGNMENT((#19575));
#19575 = SURFACE_STYLE_USAGE(.BOTH.,#19576);
#19576 = SURFACE_SIDE_STYLE('',(#19577));
#19577 = SURFACE_STYLE_FILL_AREA(#19578);
#19578 = FILL_AREA_STYLE('',(#19579));
#19579 = FILL_AREA_STYLE_COLOUR('',#18023);
#19580 = STYLED_ITEM('color',(#19581),#11513);
#19581 = PRESENTATION_STYLE_ASSIGNMENT((#19582,#19587));
#19582 = SURFACE_STYLE_USAGE(.BOTH.,#19583);
#19583 = SURFACE_SIDE_STYLE('',(#19584));
#19584 = SURFACE_STYLE_FILL_AREA(#19585);
#19585 = FILL_AREA_STYLE('',(#19586));
#19586 = FILL_AREA_STYLE_COLOUR('',#18139);
#19587 = CURVE_STYLE('',#19588,POSITIVE_LENGTH_MEASURE(0.1),#18142);
#19588 = DRAUGHTING_PRE_DEFINED_CURVE_FONT('continuous');
#19589 = OVER_RIDING_STYLED_ITEM('overriding color',(#19590),#11515,
  #19580);
#19590 = PRESENTATION_STYLE_ASSIGNMENT((#19591));
#19591 = SURFACE_STYLE_USAGE(.BOTH.,#19592);
#19592 = SURFACE_SIDE_STYLE('',(#19593));
#19593 = SURFACE_STYLE_FILL_AREA(#19594);
#19594 = FILL_AREA_STYLE('',(#19595));
#19595 = FILL_AREA_STYLE_COLOUR('',#19596);
#19596 = COLOUR_RGB('',0.272999999305,0.272999999305,0.272999999305);
#19597 = OVER_RIDING_STYLED_ITEM('overriding color',(#19598),#11555,
  #19580);
#19598 = PRESENTATION_STYLE_ASSIGNMENT((#19599));
#19599 = SURFACE_STYLE_USAGE(.BOTH.,#19600);
#19600 = SURFACE_SIDE_STYLE('',(#19601));
#19601 = SURFACE_STYLE_FILL_AREA(#19602);
#19602 = FILL_AREA_STYLE('',(#19603));
#19603 = FILL_AREA_STYLE_COLOUR('',#19596);
#19604 = OVER_RIDING_STYLED_ITEM('overriding color',(#19605),#11586,
  #19580);
#19605 = PRESENTATION_STYLE_ASSIGNMENT((#19606));
#19606 = SURFACE_STYLE_USAGE(.BOTH.,#19607);
#19607 = SURFACE_SIDE_STYLE('',(#19608));
#19608 = SURFACE_STYLE_FILL_AREA(#19609);
#19609 = FILL_AREA_STYLE('',(#19610));
#19610 = FILL_AREA_STYLE_COLOUR('',#19596);
#19611 = OVER_RIDING_STYLED_ITEM('overriding color',(#19612),#11617,
  #19580);
#19612 = PRESENTATION_STYLE_ASSIGNMENT((#19613));
#19613 = SURFACE_STYLE_USAGE(.BOTH.,#19614);
#19614 = SURFACE_SIDE_STYLE('',(#19615));
#19615 = SURFACE_STYLE_FILL_AREA(#19616);
#19616 = FILL_AREA_STYLE('',(#19617));
#19617 = FILL_AREA_STYLE_COLOUR('',#19596);
#19618 = OVER_RIDING_STYLED_ITEM('overriding color',(#19619),#11648,
  #19580);
#19619 = PRESENTATION_STYLE_ASSIGNMENT((#19620));
#19620 = SURFACE_STYLE_USAGE(.BOTH.,#19621);
#19621 = SURFACE_SIDE_STYLE('',(#19622));
#19622 = SURFACE_STYLE_FILL_AREA(#19623);
#19623 = FILL_AREA_STYLE('',(#19624));
#19624 = FILL_AREA_STYLE_COLOUR('',#19596);
#19625 = OVER_RIDING_STYLED_ITEM('overriding color',(#19626),#11703,
  #19580);
#19626 = PRESENTATION_STYLE_ASSIGNMENT((#19627));
#19627 = SURFACE_STYLE_USAGE(.BOTH.,#19628);
#19628 = SURFACE_SIDE_STYLE('',(#19629));
#19629 = SURFACE_STYLE_FILL_AREA(#19630);
#19630 = FILL_AREA_STYLE('',(#19631));
#19631 = FILL_AREA_STYLE_COLOUR('',#19596);
#19632 = OVER_RIDING_STYLED_ITEM('overriding color',(#19633),#11727,
  #19580);
#19633 = PRESENTATION_STYLE_ASSIGNMENT((#19634));
#19634 = SURFACE_STYLE_USAGE(.BOTH.,#19635);
#19635 = SURFACE_SIDE_STYLE('',(#19636));
#19636 = SURFACE_STYLE_FILL_AREA(#19637);
#19637 = FILL_AREA_STYLE('',(#19638));
#19638 = FILL_AREA_STYLE_COLOUR('',#19596);
#19639 = OVER_RIDING_STYLED_ITEM('overriding color',(#19640),#11758,
  #19580);
#19640 = PRESENTATION_STYLE_ASSIGNMENT((#19641));
#19641 = SURFACE_STYLE_USAGE(.BOTH.,#19642);
#19642 = SURFACE_SIDE_STYLE('',(#19643));
#19643 = SURFACE_STYLE_FILL_AREA(#19644);
#19644 = FILL_AREA_STYLE('',(#19645));
#19645 = FILL_AREA_STYLE_COLOUR('',#19596);
#19646 = OVER_RIDING_STYLED_ITEM('overriding color',(#19647),#11775,
  #19580);
#19647 = PRESENTATION_STYLE_ASSIGNMENT((#19648));
#19648 = SURFACE_STYLE_USAGE(.BOTH.,#19649);
#19649 = SURFACE_SIDE_STYLE('',(#19650));
#19650 = SURFACE_STYLE_FILL_AREA(#19651);
#19651 = FILL_AREA_STYLE('',(#19652));
#19652 = FILL_AREA_STYLE_COLOUR('',#19596);
#19653 = OVER_RIDING_STYLED_ITEM('overriding color',(#19654),#11799,
  #19580);
#19654 = PRESENTATION_STYLE_ASSIGNMENT((#19655));
#19655 = SURFACE_STYLE_USAGE(.BOTH.,#19656);
#19656 = SURFACE_SIDE_STYLE('',(#19657));
#19657 = SURFACE_STYLE_FILL_AREA(#19658);
#19658 = FILL_AREA_STYLE('',(#19659));
#19659 = FILL_AREA_STYLE_COLOUR('',#19596);
#19660 = OVER_RIDING_STYLED_ITEM('overriding color',(#19661),#11830,
  #19580);
#19661 = PRESENTATION_STYLE_ASSIGNMENT((#19662));
#19662 = SURFACE_STYLE_USAGE(.BOTH.,#19663);
#19663 = SURFACE_SIDE_STYLE('',(#19664));
#19664 = SURFACE_STYLE_FILL_AREA(#19665);
#19665 = FILL_AREA_STYLE('',(#19666));
#19666 = FILL_AREA_STYLE_COLOUR('',#19596);
#19667 = OVER_RIDING_STYLED_ITEM('overriding color',(#19668),#11847,
  #19580);
#19668 = PRESENTATION_STYLE_ASSIGNMENT((#19669));
#19669 = SURFACE_STYLE_USAGE(.BOTH.,#19670);
#19670 = SURFACE_SIDE_STYLE('',(#19671));
#19671 = SURFACE_STYLE_FILL_AREA(#19672);
#19672 = FILL_AREA_STYLE('',(#19673));
#19673 = FILL_AREA_STYLE_COLOUR('',#19596);
#19674 = OVER_RIDING_STYLED_ITEM('overriding color',(#19675),#11874,
  #19580);
#19675 = PRESENTATION_STYLE_ASSIGNMENT((#19676));
#19676 = SURFACE_STYLE_USAGE(.BOTH.,#19677);
#19677 = SURFACE_SIDE_STYLE('',(#19678));
#19678 = SURFACE_STYLE_FILL_AREA(#19679);
#19679 = FILL_AREA_STYLE('',(#19680));
#19680 = FILL_AREA_STYLE_COLOUR('',#19596);
#19681 = OVER_RIDING_STYLED_ITEM('overriding color',(#19682),#11898,
  #19580);
#19682 = PRESENTATION_STYLE_ASSIGNMENT((#19683));
#19683 = SURFACE_STYLE_USAGE(.BOTH.,#19684);
#19684 = SURFACE_SIDE_STYLE('',(#19685));
#19685 = SURFACE_STYLE_FILL_AREA(#19686);
#19686 = FILL_AREA_STYLE('',(#19687));
#19687 = FILL_AREA_STYLE_COLOUR('',#19596);
#19688 = OVER_RIDING_STYLED_ITEM('overriding color',(#19689),#11922,
  #19580);
#19689 = PRESENTATION_STYLE_ASSIGNMENT((#19690));
#19690 = SURFACE_STYLE_USAGE(.BOTH.,#19691);
#19691 = SURFACE_SIDE_STYLE('',(#19692));
#19692 = SURFACE_STYLE_FILL_AREA(#19693);
#19693 = FILL_AREA_STYLE('',(#19694));
#19694 = FILL_AREA_STYLE_COLOUR('',#19596);
#19695 = OVER_RIDING_STYLED_ITEM('overriding color',(#19696),#11946,
  #19580);
#19696 = PRESENTATION_STYLE_ASSIGNMENT((#19697));
#19697 = SURFACE_STYLE_USAGE(.BOTH.,#19698);
#19698 = SURFACE_SIDE_STYLE('',(#19699));
#19699 = SURFACE_STYLE_FILL_AREA(#19700);
#19700 = FILL_AREA_STYLE('',(#19701));
#19701 = FILL_AREA_STYLE_COLOUR('',#19596);
#19702 = OVER_RIDING_STYLED_ITEM('overriding color',(#19703),#11970,
  #19580);
#19703 = PRESENTATION_STYLE_ASSIGNMENT((#19704));
#19704 = SURFACE_STYLE_USAGE(.BOTH.,#19705);
#19705 = SURFACE_SIDE_STYLE('',(#19706));
#19706 = SURFACE_STYLE_FILL_AREA(#19707);
#19707 = FILL_AREA_STYLE('',(#19708));
#19708 = FILL_AREA_STYLE_COLOUR('',#19596);
#19709 = OVER_RIDING_STYLED_ITEM('overriding color',(#19710),#11994,
  #19580);
#19710 = PRESENTATION_STYLE_ASSIGNMENT((#19711));
#19711 = SURFACE_STYLE_USAGE(.BOTH.,#19712);
#19712 = SURFACE_SIDE_STYLE('',(#19713));
#19713 = SURFACE_STYLE_FILL_AREA(#19714);
#19714 = FILL_AREA_STYLE('',(#19715));
#19715 = FILL_AREA_STYLE_COLOUR('',#19596);
#19716 = OVER_RIDING_STYLED_ITEM('overriding color',(#19717),#12011,
  #19580);
#19717 = PRESENTATION_STYLE_ASSIGNMENT((#19718));
#19718 = SURFACE_STYLE_USAGE(.BOTH.,#19719);
#19719 = SURFACE_SIDE_STYLE('',(#19720));
#19720 = SURFACE_STYLE_FILL_AREA(#19721);
#19721 = FILL_AREA_STYLE('',(#19722));
#19722 = FILL_AREA_STYLE_COLOUR('',#19596);
#19723 = OVER_RIDING_STYLED_ITEM('overriding color',(#19724),#12023,
  #19580);
#19724 = PRESENTATION_STYLE_ASSIGNMENT((#19725));
#19725 = SURFACE_STYLE_USAGE(.BOTH.,#19726);
#19726 = SURFACE_SIDE_STYLE('',(#19727));
#19727 = SURFACE_STYLE_FILL_AREA(#19728);
#19728 = FILL_AREA_STYLE('',(#19729));
#19729 = FILL_AREA_STYLE_COLOUR('',#19596);
#19730 = OVER_RIDING_STYLED_ITEM('overriding color',(#19731),#12035,
  #19580);
#19731 = PRESENTATION_STYLE_ASSIGNMENT((#19732));
#19732 = SURFACE_STYLE_USAGE(.BOTH.,#19733);
#19733 = SURFACE_SIDE_STYLE('',(#19734));
#19734 = SURFACE_STYLE_FILL_AREA(#19735);
#19735 = FILL_AREA_STYLE('',(#19736));
#19736 = FILL_AREA_STYLE_COLOUR('',#19596);
#19737 = MECHANICAL_DESIGN_GEOMETRIC_PRESENTATION_REPRESENTATION('',(
    #19738),#17231);
#19738 = STYLED_ITEM('color',(#19739),#15342);
#19739 = PRESENTATION_STYLE_ASSIGNMENT((#19740));
#19740 = SURFACE_STYLE_USAGE(.BOTH.,#19741);
#19741 = SURFACE_SIDE_STYLE('',(#19742));
#19742 = SURFACE_STYLE_FILL_AREA(#19743);
#19743 = FILL_AREA_STYLE('',(#19744));
#19744 = FILL_AREA_STYLE_COLOUR('',#19745);
#19745 = COLOUR_RGB('',0.313304153717,0.484529207832,0.410020903123);
#19746 = MECHANICAL_DESIGN_GEOMETRIC_PRESENTATION_REPRESENTATION('',(
    #19747,#19754,#19761,#19768,#19775,#19782,#19789,#19796,#19804,
    #19811,#19818,#19825,#19832,#19839,#19847,#19854,#19861,#19868,
    #19875,#19882,#19889,#19896,#19903,#19910,#19917,#19924),#1760);
#19747 = STYLED_ITEM('color',(#19748),#972);
#19748 = PRESENTATION_STYLE_ASSIGNMENT((#19749));
#19749 = SURFACE_STYLE_USAGE(.BOTH.,#19750);
#19750 = SURFACE_SIDE_STYLE('',(#19751));
#19751 = SURFACE_STYLE_FILL_AREA(#19752);
#19752 = FILL_AREA_STYLE('',(#19753));
#19753 = FILL_AREA_STYLE_COLOUR('',#18023);
#19754 = STYLED_ITEM('color',(#19755),#1012);
#19755 = PRESENTATION_STYLE_ASSIGNMENT((#19756));
#19756 = SURFACE_STYLE_USAGE(.BOTH.,#19757);
#19757 = SURFACE_SIDE_STYLE('',(#19758));
#19758 = SURFACE_STYLE_FILL_AREA(#19759);
#19759 = FILL_AREA_STYLE('',(#19760));
#19760 = FILL_AREA_STYLE_COLOUR('',#18023);
#19761 = STYLED_ITEM('color',(#19762),#1095);
#19762 = PRESENTATION_STYLE_ASSIGNMENT((#19763));
#19763 = SURFACE_STYLE_USAGE(.BOTH.,#19764);
#19764 = SURFACE_SIDE_STYLE('',(#19765));
#19765 = SURFACE_STYLE_FILL_AREA(#19766);
#19766 = FILL_AREA_STYLE('',(#19767));
#19767 = FILL_AREA_STYLE_COLOUR('',#18023);
#19768 = STYLED_ITEM('color',(#19769),#1120);
#19769 = PRESENTATION_STYLE_ASSIGNMENT((#19770));
#19770 = SURFACE_STYLE_USAGE(.BOTH.,#19771);
#19771 = SURFACE_SIDE_STYLE('',(#19772));
#19772 = SURFACE_STYLE_FILL_AREA(#19773);
#19773 = FILL_AREA_STYLE('',(#19774));
#19774 = FILL_AREA_STYLE_COLOUR('',#18023);
#19775 = STYLED_ITEM('color',(#19776),#1145);
#19776 = PRESENTATION_STYLE_ASSIGNMENT((#19777));
#19777 = SURFACE_STYLE_USAGE(.BOTH.,#19778);
#19778 = SURFACE_SIDE_STYLE('',(#19779));
#19779 = SURFACE_STYLE_FILL_AREA(#19780);
#19780 = FILL_AREA_STYLE('',(#19781));
#19781 = FILL_AREA_STYLE_COLOUR('',#18023);
#19782 = STYLED_ITEM('color',(#19783),#1212);
#19783 = PRESENTATION_STYLE_ASSIGNMENT((#19784));
#19784 = SURFACE_STYLE_USAGE(.BOTH.,#19785);
#19785 = SURFACE_SIDE_STYLE('',(#19786));
#19786 = SURFACE_STYLE_FILL_AREA(#19787);
#19787 = FILL_AREA_STYLE('',(#19788));
#19788 = FILL_AREA_STYLE_COLOUR('',#18023);
#19789 = STYLED_ITEM('color',(#19790),#1229);
#19790 = PRESENTATION_STYLE_ASSIGNMENT((#19791));
#19791 = SURFACE_STYLE_USAGE(.BOTH.,#19792);
#19792 = SURFACE_SIDE_STYLE('',(#19793));
#19793 = SURFACE_STYLE_FILL_AREA(#19794);
#19794 = FILL_AREA_STYLE('',(#19795));
#19795 = FILL_AREA_STYLE_COLOUR('',#18023);
#19796 = STYLED_ITEM('color',(#19797),#1246);
#19797 = PRESENTATION_STYLE_ASSIGNMENT((#19798));
#19798 = SURFACE_STYLE_USAGE(.BOTH.,#19799);
#19799 = SURFACE_SIDE_STYLE('',(#19800));
#19800 = SURFACE_STYLE_FILL_AREA(#19801);
#19801 = FILL_AREA_STYLE('',(#19802));
#19802 = FILL_AREA_STYLE_COLOUR('',#19803);
#19803 = COLOUR_RGB('',0.894999966383,0.890999961016,0.813000030345);
#19804 = STYLED_ITEM('color',(#19805),#1295);
#19805 = PRESENTATION_STYLE_ASSIGNMENT((#19806));
#19806 = SURFACE_STYLE_USAGE(.BOTH.,#19807);
#19807 = SURFACE_SIDE_STYLE('',(#19808));
#19808 = SURFACE_STYLE_FILL_AREA(#19809);
#19809 = FILL_AREA_STYLE('',(#19810));
#19810 = FILL_AREA_STYLE_COLOUR('',#18023);
#19811 = STYLED_ITEM('color',(#19812),#1312);
#19812 = PRESENTATION_STYLE_ASSIGNMENT((#19813));
#19813 = SURFACE_STYLE_USAGE(.BOTH.,#19814);
#19814 = SURFACE_SIDE_STYLE('',(#19815));
#19815 = SURFACE_STYLE_FILL_AREA(#19816);
#19816 = FILL_AREA_STYLE('',(#19817));
#19817 = FILL_AREA_STYLE_COLOUR('',#18023);
#19818 = STYLED_ITEM('color',(#19819),#1329);
#19819 = PRESENTATION_STYLE_ASSIGNMENT((#19820));
#19820 = SURFACE_STYLE_USAGE(.BOTH.,#19821);
#19821 = SURFACE_SIDE_STYLE('',(#19822));
#19822 = SURFACE_STYLE_FILL_AREA(#19823);
#19823 = FILL_AREA_STYLE('',(#19824));
#19824 = FILL_AREA_STYLE_COLOUR('',#19803);
#19825 = STYLED_ITEM('color',(#19826),#1378);
#19826 = PRESENTATION_STYLE_ASSIGNMENT((#19827));
#19827 = SURFACE_STYLE_USAGE(.BOTH.,#19828);
#19828 = SURFACE_SIDE_STYLE('',(#19829));
#19829 = SURFACE_STYLE_FILL_AREA(#19830);
#19830 = FILL_AREA_STYLE('',(#19831));
#19831 = FILL_AREA_STYLE_COLOUR('',#19803);
#19832 = STYLED_ITEM('color',(#19833),#1395);
#19833 = PRESENTATION_STYLE_ASSIGNMENT((#19834));
#19834 = SURFACE_STYLE_USAGE(.BOTH.,#19835);
#19835 = SURFACE_SIDE_STYLE('',(#19836));
#19836 = SURFACE_STYLE_FILL_AREA(#19837);
#19837 = FILL_AREA_STYLE('',(#19838));
#19838 = FILL_AREA_STYLE_COLOUR('',#18023);
#19839 = STYLED_ITEM('color',(#19840),#1464);
#19840 = PRESENTATION_STYLE_ASSIGNMENT((#19841));
#19841 = SURFACE_STYLE_USAGE(.BOTH.,#19842);
#19842 = SURFACE_SIDE_STYLE('',(#19843));
#19843 = SURFACE_STYLE_FILL_AREA(#19844);
#19844 = FILL_AREA_STYLE('',(#19845));
#19845 = FILL_AREA_STYLE_COLOUR('',#19846);
#19846 = COLOUR_RGB('',8.200000279077E-02,8.600000121357E-02,
  9.399999706163E-02);
#19847 = STYLED_ITEM('color',(#19848),#1495);
#19848 = PRESENTATION_STYLE_ASSIGNMENT((#19849));
#19849 = SURFACE_STYLE_USAGE(.BOTH.,#19850);
#19850 = SURFACE_SIDE_STYLE('',(#19851));
#19851 = SURFACE_STYLE_FILL_AREA(#19852);
#19852 = FILL_AREA_STYLE('',(#19853));
#19853 = FILL_AREA_STYLE_COLOUR('',#19846);
#19854 = STYLED_ITEM('color',(#19855),#1519);
#19855 = PRESENTATION_STYLE_ASSIGNMENT((#19856));
#19856 = SURFACE_STYLE_USAGE(.BOTH.,#19857);
#19857 = SURFACE_SIDE_STYLE('',(#19858));
#19858 = SURFACE_STYLE_FILL_AREA(#19859);
#19859 = FILL_AREA_STYLE('',(#19860));
#19860 = FILL_AREA_STYLE_COLOUR('',#18023);
#19861 = STYLED_ITEM('color',(#19862),#1588);
#19862 = PRESENTATION_STYLE_ASSIGNMENT((#19863));
#19863 = SURFACE_STYLE_USAGE(.BOTH.,#19864);
#19864 = SURFACE_SIDE_STYLE('',(#19865));
#19865 = SURFACE_STYLE_FILL_AREA(#19866);
#19866 = FILL_AREA_STYLE('',(#19867));
#19867 = FILL_AREA_STYLE_COLOUR('',#19846);
#19868 = STYLED_ITEM('color',(#19869),#1612);
#19869 = PRESENTATION_STYLE_ASSIGNMENT((#19870));
#19870 = SURFACE_STYLE_USAGE(.BOTH.,#19871);
#19871 = SURFACE_SIDE_STYLE('',(#19872));
#19872 = SURFACE_STYLE_FILL_AREA(#19873);
#19873 = FILL_AREA_STYLE('',(#19874));
#19874 = FILL_AREA_STYLE_COLOUR('',#18023);
#19875 = STYLED_ITEM('color',(#19876),#1629);
#19876 = PRESENTATION_STYLE_ASSIGNMENT((#19877));
#19877 = SURFACE_STYLE_USAGE(.BOTH.,#19878);
#19878 = SURFACE_SIDE_STYLE('',(#19879));
#19879 = SURFACE_STYLE_FILL_AREA(#19880);
#19880 = FILL_AREA_STYLE('',(#19881));
#19881 = FILL_AREA_STYLE_COLOUR('',#18023);
#19882 = STYLED_ITEM('color',(#19883),#1646);
#19883 = PRESENTATION_STYLE_ASSIGNMENT((#19884));
#19884 = SURFACE_STYLE_USAGE(.BOTH.,#19885);
#19885 = SURFACE_SIDE_STYLE('',(#19886));
#19886 = SURFACE_STYLE_FILL_AREA(#19887);
#19887 = FILL_AREA_STYLE('',(#19888));
#19888 = FILL_AREA_STYLE_COLOUR('',#18023);
#19889 = STYLED_ITEM('color',(#19890),#1663);
#19890 = PRESENTATION_STYLE_ASSIGNMENT((#19891));
#19891 = SURFACE_STYLE_USAGE(.BOTH.,#19892);
#19892 = SURFACE_SIDE_STYLE('',(#19893));
#19893 = SURFACE_STYLE_FILL_AREA(#19894);
#19894 = FILL_AREA_STYLE('',(#19895));
#19895 = FILL_AREA_STYLE_COLOUR('',#18023);
#19896 = STYLED_ITEM('color',(#19897),#1680);
#19897 = PRESENTATION_STYLE_ASSIGNMENT((#19898));
#19898 = SURFACE_STYLE_USAGE(.BOTH.,#19899);
#19899 = SURFACE_SIDE_STYLE('',(#19900));
#19900 = SURFACE_STYLE_FILL_AREA(#19901);
#19901 = FILL_AREA_STYLE('',(#19902));
#19902 = FILL_AREA_STYLE_COLOUR('',#18023);
#19903 = STYLED_ITEM('color',(#19904),#1697);
#19904 = PRESENTATION_STYLE_ASSIGNMENT((#19905));
#19905 = SURFACE_STYLE_USAGE(.BOTH.,#19906);
#19906 = SURFACE_SIDE_STYLE('',(#19907));
#19907 = SURFACE_STYLE_FILL_AREA(#19908);
#19908 = FILL_AREA_STYLE('',(#19909));
#19909 = FILL_AREA_STYLE_COLOUR('',#18023);
#19910 = STYLED_ITEM('color',(#19911),#1714);
#19911 = PRESENTATION_STYLE_ASSIGNMENT((#19912));
#19912 = SURFACE_STYLE_USAGE(.BOTH.,#19913);
#19913 = SURFACE_SIDE_STYLE('',(#19914));
#19914 = SURFACE_STYLE_FILL_AREA(#19915);
#19915 = FILL_AREA_STYLE('',(#19916));
#19916 = FILL_AREA_STYLE_COLOUR('',#18023);
#19917 = STYLED_ITEM('color',(#19918),#1731);
#19918 = PRESENTATION_STYLE_ASSIGNMENT((#19919));
#19919 = SURFACE_STYLE_USAGE(.BOTH.,#19920);
#19920 = SURFACE_SIDE_STYLE('',(#19921));
#19921 = SURFACE_STYLE_FILL_AREA(#19922);
#19922 = FILL_AREA_STYLE('',(#19923));
#19923 = FILL_AREA_STYLE_COLOUR('',#19846);
#19924 = STYLED_ITEM('color',(#19925),#1748);
#19925 = PRESENTATION_STYLE_ASSIGNMENT((#19926));
#19926 = SURFACE_STYLE_USAGE(.BOTH.,#19927);
#19927 = SURFACE_SIDE_STYLE('',(#19928));
#19928 = SURFACE_STYLE_FILL_AREA(#19929);
#19929 = FILL_AREA_STYLE('',(#19930));
#19930 = FILL_AREA_STYLE_COLOUR('',#19846);
#19931 = MECHANICAL_DESIGN_GEOMETRIC_PRESENTATION_REPRESENTATION('',(
    #19932,#19939,#19946,#19953,#19960,#19967,#19974,#19981,#19988,
    #19995,#20002,#20010,#20017,#20024,#20031,#20038,#20045,#20052,
    #20059,#20066,#20073,#20080,#20087,#20094,#20101,#20108,#20115,
    #20122),#951);
#19932 = STYLED_ITEM('color',(#19933),#99);
#19933 = PRESENTATION_STYLE_ASSIGNMENT((#19934));
#19934 = SURFACE_STYLE_USAGE(.BOTH.,#19935);
#19935 = SURFACE_SIDE_STYLE('',(#19936));
#19936 = SURFACE_STYLE_FILL_AREA(#19937);
#19937 = FILL_AREA_STYLE('',(#19938));
#19938 = FILL_AREA_STYLE_COLOUR('',#18023);
#19939 = STYLED_ITEM('color',(#19940),#175);
#19940 = PRESENTATION_STYLE_ASSIGNMENT((#19941));
#19941 = SURFACE_STYLE_USAGE(.BOTH.,#19942);
#19942 = SURFACE_SIDE_STYLE('',(#19943));
#19943 = SURFACE_STYLE_FILL_AREA(#19944);
#19944 = FILL_AREA_STYLE('',(#19945));
#19945 = FILL_AREA_STYLE_COLOUR('',#18023);
#19946 = STYLED_ITEM('color',(#19947),#206);
#19947 = PRESENTATION_STYLE_ASSIGNMENT((#19948));
#19948 = SURFACE_STYLE_USAGE(.BOTH.,#19949);
#19949 = SURFACE_SIDE_STYLE('',(#19950));
#19950 = SURFACE_STYLE_FILL_AREA(#19951);
#19951 = FILL_AREA_STYLE('',(#19952));
#19952 = FILL_AREA_STYLE_COLOUR('',#18023);
#19953 = STYLED_ITEM('color',(#19954),#231);
#19954 = PRESENTATION_STYLE_ASSIGNMENT((#19955));
#19955 = SURFACE_STYLE_USAGE(.BOTH.,#19956);
#19956 = SURFACE_SIDE_STYLE('',(#19957));
#19957 = SURFACE_STYLE_FILL_AREA(#19958);
#19958 = FILL_AREA_STYLE('',(#19959));
#19959 = FILL_AREA_STYLE_COLOUR('',#18023);
#19960 = STYLED_ITEM('color',(#19961),#256);
#19961 = PRESENTATION_STYLE_ASSIGNMENT((#19962));
#19962 = SURFACE_STYLE_USAGE(.BOTH.,#19963);
#19963 = SURFACE_SIDE_STYLE('',(#19964));
#19964 = SURFACE_STYLE_FILL_AREA(#19965);
#19965 = FILL_AREA_STYLE('',(#19966));
#19966 = FILL_AREA_STYLE_COLOUR('',#18023);
#19967 = STYLED_ITEM('color',(#19968),#280);
#19968 = PRESENTATION_STYLE_ASSIGNMENT((#19969));
#19969 = SURFACE_STYLE_USAGE(.BOTH.,#19970);
#19970 = SURFACE_SIDE_STYLE('',(#19971));
#19971 = SURFACE_STYLE_FILL_AREA(#19972);
#19972 = FILL_AREA_STYLE('',(#19973));
#19973 = FILL_AREA_STYLE_COLOUR('',#18023);
#19974 = STYLED_ITEM('color',(#19975),#304);
#19975 = PRESENTATION_STYLE_ASSIGNMENT((#19976));
#19976 = SURFACE_STYLE_USAGE(.BOTH.,#19977);
#19977 = SURFACE_SIDE_STYLE('',(#19978));
#19978 = SURFACE_STYLE_FILL_AREA(#19979);
#19979 = FILL_AREA_STYLE('',(#19980));
#19980 = FILL_AREA_STYLE_COLOUR('',#18023);
#19981 = STYLED_ITEM('color',(#19982),#329);
#19982 = PRESENTATION_STYLE_ASSIGNMENT((#19983));
#19983 = SURFACE_STYLE_USAGE(.BOTH.,#19984);
#19984 = SURFACE_SIDE_STYLE('',(#19985));
#19985 = SURFACE_STYLE_FILL_AREA(#19986);
#19986 = FILL_AREA_STYLE('',(#19987));
#19987 = FILL_AREA_STYLE_COLOUR('',#18023);
#19988 = STYLED_ITEM('color',(#19989),#354);
#19989 = PRESENTATION_STYLE_ASSIGNMENT((#19990));
#19990 = SURFACE_STYLE_USAGE(.BOTH.,#19991);
#19991 = SURFACE_SIDE_STYLE('',(#19992));
#19992 = SURFACE_STYLE_FILL_AREA(#19993);
#19993 = FILL_AREA_STYLE('',(#19994));
#19994 = FILL_AREA_STYLE_COLOUR('',#18023);
#19995 = STYLED_ITEM('color',(#19996),#371);
#19996 = PRESENTATION_STYLE_ASSIGNMENT((#19997));
#19997 = SURFACE_STYLE_USAGE(.BOTH.,#19998);
#19998 = SURFACE_SIDE_STYLE('',(#19999));
#19999 = SURFACE_STYLE_FILL_AREA(#20000);
#20000 = FILL_AREA_STYLE('',(#20001));
#20001 = FILL_AREA_STYLE_COLOUR('',#18023);
#20002 = STYLED_ITEM('color',(#20003),#457);
#20003 = PRESENTATION_STYLE_ASSIGNMENT((#20004));
#20004 = SURFACE_STYLE_USAGE(.BOTH.,#20005);
#20005 = SURFACE_SIDE_STYLE('',(#20006));
#20006 = SURFACE_STYLE_FILL_AREA(#20007);
#20007 = FILL_AREA_STYLE('',(#20008));
#20008 = FILL_AREA_STYLE_COLOUR('',#20009);
#20009 = COLOUR_RGB('',0.379000005575,0.270000008848,0.214999999939);
#20010 = STYLED_ITEM('color',(#20011),#489);
#20011 = PRESENTATION_STYLE_ASSIGNMENT((#20012));
#20012 = SURFACE_STYLE_USAGE(.BOTH.,#20013);
#20013 = SURFACE_SIDE_STYLE('',(#20014));
#20014 = SURFACE_STYLE_FILL_AREA(#20015);
#20015 = FILL_AREA_STYLE('',(#20016));
#20016 = FILL_AREA_STYLE_COLOUR('',#20009);
#20017 = STYLED_ITEM('color',(#20018),#513);
#20018 = PRESENTATION_STYLE_ASSIGNMENT((#20019));
#20019 = SURFACE_STYLE_USAGE(.BOTH.,#20020);
#20020 = SURFACE_SIDE_STYLE('',(#20021));
#20021 = SURFACE_STYLE_FILL_AREA(#20022);
#20022 = FILL_AREA_STYLE('',(#20023));
#20023 = FILL_AREA_STYLE_COLOUR('',#20009);
#20024 = STYLED_ITEM('color',(#20025),#538);
#20025 = PRESENTATION_STYLE_ASSIGNMENT((#20026));
#20026 = SURFACE_STYLE_USAGE(.BOTH.,#20027);
#20027 = SURFACE_SIDE_STYLE('',(#20028));
#20028 = SURFACE_STYLE_FILL_AREA(#20029);
#20029 = FILL_AREA_STYLE('',(#20030));
#20030 = FILL_AREA_STYLE_COLOUR('',#20009);
#20031 = STYLED_ITEM('color',(#20032),#562);
#20032 = PRESENTATION_STYLE_ASSIGNMENT((#20033));
#20033 = SURFACE_STYLE_USAGE(.BOTH.,#20034);
#20034 = SURFACE_SIDE_STYLE('',(#20035));
#20035 = SURFACE_STYLE_FILL_AREA(#20036);
#20036 = FILL_AREA_STYLE('',(#20037));
#20037 = FILL_AREA_STYLE_COLOUR('',#20009);
#20038 = STYLED_ITEM('color',(#20039),#587);
#20039 = PRESENTATION_STYLE_ASSIGNMENT((#20040));
#20040 = SURFACE_STYLE_USAGE(.BOTH.,#20041);
#20041 = SURFACE_SIDE_STYLE('',(#20042));
#20042 = SURFACE_STYLE_FILL_AREA(#20043);
#20043 = FILL_AREA_STYLE('',(#20044));
#20044 = FILL_AREA_STYLE_COLOUR('',#20009);
#20045 = STYLED_ITEM('color',(#20046),#611);
#20046 = PRESENTATION_STYLE_ASSIGNMENT((#20047));
#20047 = SURFACE_STYLE_USAGE(.BOTH.,#20048);
#20048 = SURFACE_SIDE_STYLE('',(#20049));
#20049 = SURFACE_STYLE_FILL_AREA(#20050);
#20050 = FILL_AREA_STYLE('',(#20051));
#20051 = FILL_AREA_STYLE_COLOUR('',#20009);
#20052 = STYLED_ITEM('color',(#20053),#636);
#20053 = PRESENTATION_STYLE_ASSIGNMENT((#20054));
#20054 = SURFACE_STYLE_USAGE(.BOTH.,#20055);
#20055 = SURFACE_SIDE_STYLE('',(#20056));
#20056 = SURFACE_STYLE_FILL_AREA(#20057);
#20057 = FILL_AREA_STYLE('',(#20058));
#20058 = FILL_AREA_STYLE_COLOUR('',#20009);
#20059 = STYLED_ITEM('color',(#20060),#653);
#20060 = PRESENTATION_STYLE_ASSIGNMENT((#20061));
#20061 = SURFACE_STYLE_USAGE(.BOTH.,#20062);
#20062 = SURFACE_SIDE_STYLE('',(#20063));
#20063 = SURFACE_STYLE_FILL_AREA(#20064);
#20064 = FILL_AREA_STYLE('',(#20065));
#20065 = FILL_AREA_STYLE_COLOUR('',#18023);
#20066 = STYLED_ITEM('color',(#20067),#739);
#20067 = PRESENTATION_STYLE_ASSIGNMENT((#20068));
#20068 = SURFACE_STYLE_USAGE(.BOTH.,#20069);
#20069 = SURFACE_SIDE_STYLE('',(#20070));
#20070 = SURFACE_STYLE_FILL_AREA(#20071);
#20071 = FILL_AREA_STYLE('',(#20072));
#20072 = FILL_AREA_STYLE_COLOUR('',#18023);
#20073 = STYLED_ITEM('color',(#20074),#770);
#20074 = PRESENTATION_STYLE_ASSIGNMENT((#20075));
#20075 = SURFACE_STYLE_USAGE(.BOTH.,#20076);
#20076 = SURFACE_SIDE_STYLE('',(#20077));
#20077 = SURFACE_STYLE_FILL_AREA(#20078);
#20078 = FILL_AREA_STYLE('',(#20079));
#20079 = FILL_AREA_STYLE_COLOUR('',#18023);
#20080 = STYLED_ITEM('color',(#20081),#795);
#20081 = PRESENTATION_STYLE_ASSIGNMENT((#20082));
#20082 = SURFACE_STYLE_USAGE(.BOTH.,#20083);
#20083 = SURFACE_SIDE_STYLE('',(#20084));
#20084 = SURFACE_STYLE_FILL_AREA(#20085);
#20085 = FILL_AREA_STYLE('',(#20086));
#20086 = FILL_AREA_STYLE_COLOUR('',#18023);
#20087 = STYLED_ITEM('color',(#20088),#820);
#20088 = PRESENTATION_STYLE_ASSIGNMENT((#20089));
#20089 = SURFACE_STYLE_USAGE(.BOTH.,#20090);
#20090 = SURFACE_SIDE_STYLE('',(#20091));
#20091 = SURFACE_STYLE_FILL_AREA(#20092);
#20092 = FILL_AREA_STYLE('',(#20093));
#20093 = FILL_AREA_STYLE_COLOUR('',#18023);
#20094 = STYLED_ITEM('color',(#20095),#844);
#20095 = PRESENTATION_STYLE_ASSIGNMENT((#20096));
#20096 = SURFACE_STYLE_USAGE(.BOTH.,#20097);
#20097 = SURFACE_SIDE_STYLE('',(#20098));
#20098 = SURFACE_STYLE_FILL_AREA(#20099);
#20099 = FILL_AREA_STYLE('',(#20100));
#20100 = FILL_AREA_STYLE_COLOUR('',#18023);
#20101 = STYLED_ITEM('color',(#20102),#868);
#20102 = PRESENTATION_STYLE_ASSIGNMENT((#20103));
#20103 = SURFACE_STYLE_USAGE(.BOTH.,#20104);
#20104 = SURFACE_SIDE_STYLE('',(#20105));
#20105 = SURFACE_STYLE_FILL_AREA(#20106);
#20106 = FILL_AREA_STYLE('',(#20107));
#20107 = FILL_AREA_STYLE_COLOUR('',#18023);
#20108 = STYLED_ITEM('color',(#20109),#893);
#20109 = PRESENTATION_STYLE_ASSIGNMENT((#20110));
#20110 = SURFACE_STYLE_USAGE(.BOTH.,#20111);
#20111 = SURFACE_SIDE_STYLE('',(#20112));
#20112 = SURFACE_STYLE_FILL_AREA(#20113);
#20113 = FILL_AREA_STYLE('',(#20114));
#20114 = FILL_AREA_STYLE_COLOUR('',#18023);
#20115 = STYLED_ITEM('color',(#20116),#918);
#20116 = PRESENTATION_STYLE_ASSIGNMENT((#20117));
#20117 = SURFACE_STYLE_USAGE(.BOTH.,#20118);
#20118 = SURFACE_SIDE_STYLE('',(#20119));
#20119 = SURFACE_STYLE_FILL_AREA(#20120);
#20120 = FILL_AREA_STYLE('',(#20121));
#20121 = FILL_AREA_STYLE_COLOUR('',#18023);
#20122 = STYLED_ITEM('color',(#20123),#935);
#20123 = PRESENTATION_STYLE_ASSIGNMENT((#20124));
#20124 = SURFACE_STYLE_USAGE(.BOTH.,#20125);
#20125 = SURFACE_SIDE_STYLE('',(#20126));
#20126 = SURFACE_STYLE_FILL_AREA(#20127);
#20127 = FILL_AREA_STYLE('',(#20128));
#20128 = FILL_AREA_STYLE_COLOUR('',#18023);
#20129 = MECHANICAL_DESIGN_GEOMETRIC_PRESENTATION_REPRESENTATION('',(
    #20130,#20138,#20145,#20152,#20159,#20166,#20173,#20180,#20187,
    #20194,#20201,#20208,#20215,#20222,#20229,#20236,#20243,#20250,
    #20257,#20264,#20271,#20278,#20285,#20292,#20299,#20306,#20313,
    #20320,#20327,#20334,#20341,#20348,#20355,#20362,#20369,#20376,
    #20383,#20390,#20397,#20404,#20411,#20418,#20425,#20432,#20439,
    #20446,#20453,#20460,#20467,#20474,#20481,#20488,#20495,#20502,
    #20509,#20516,#20523,#20530,#20537,#20544,#20551,#20558,#20565,
    #20572,#20579,#20586,#20593,#20600,#20607,#20614,#20621,#20628,
    #20635,#20642,#20649,#20656,#20663,#20670,#20677,#20684,#20691,
    #20698,#20705,#20712,#20719,#20726,#20733,#20740,#20747,#20754,
    #20761,#20768,#20775,#20782,#20789,#20796,#20803,#20810,#20817,
    #20824,#20831,#20838,#20845,#20852,#20859),#15308);
#20130 = STYLED_ITEM('color',(#20131),#12081);
#20131 = PRESENTATION_STYLE_ASSIGNMENT((#20132));
#20132 = SURFACE_STYLE_USAGE(.BOTH.,#20133);
#20133 = SURFACE_SIDE_STYLE('',(#20134));
#20134 = SURFACE_STYLE_FILL_AREA(#20135);
#20135 = FILL_AREA_STYLE('',(#20136));
#20136 = FILL_AREA_STYLE_COLOUR('',#20137);
#20137 = COLOUR_RGB('',0.147999998088,0.144999993226,0.144999993226);
#20138 = STYLED_ITEM('color',(#20139),#12098);
#20139 = PRESENTATION_STYLE_ASSIGNMENT((#20140));
#20140 = SURFACE_STYLE_USAGE(.BOTH.,#20141);
#20141 = SURFACE_SIDE_STYLE('',(#20142));
#20142 = SURFACE_STYLE_FILL_AREA(#20143);
#20143 = FILL_AREA_STYLE('',(#20144));
#20144 = FILL_AREA_STYLE_COLOUR('',#20137);
#20145 = STYLED_ITEM('color',(#20146),#12123);
#20146 = PRESENTATION_STYLE_ASSIGNMENT((#20147));
#20147 = SURFACE_STYLE_USAGE(.BOTH.,#20148);
#20148 = SURFACE_SIDE_STYLE('',(#20149));
#20149 = SURFACE_STYLE_FILL_AREA(#20150);
#20150 = FILL_AREA_STYLE('',(#20151));
#20151 = FILL_AREA_STYLE_COLOUR('',#18023);
#20152 = STYLED_ITEM('color',(#20153),#12246);
#20153 = PRESENTATION_STYLE_ASSIGNMENT((#20154));
#20154 = SURFACE_STYLE_USAGE(.BOTH.,#20155);
#20155 = SURFACE_SIDE_STYLE('',(#20156));
#20156 = SURFACE_STYLE_FILL_AREA(#20157);
#20157 = FILL_AREA_STYLE('',(#20158));
#20158 = FILL_AREA_STYLE_COLOUR('',#18023);
#20159 = STYLED_ITEM('color',(#20160),#12277);
#20160 = PRESENTATION_STYLE_ASSIGNMENT((#20161));
#20161 = SURFACE_STYLE_USAGE(.BOTH.,#20162);
#20162 = SURFACE_SIDE_STYLE('',(#20163));
#20163 = SURFACE_STYLE_FILL_AREA(#20164);
#20164 = FILL_AREA_STYLE('',(#20165));
#20165 = FILL_AREA_STYLE_COLOUR('',#18023);
#20166 = STYLED_ITEM('color',(#20167),#12302);
#20167 = PRESENTATION_STYLE_ASSIGNMENT((#20168));
#20168 = SURFACE_STYLE_USAGE(.BOTH.,#20169);
#20169 = SURFACE_SIDE_STYLE('',(#20170));
#20170 = SURFACE_STYLE_FILL_AREA(#20171);
#20171 = FILL_AREA_STYLE('',(#20172));
#20172 = FILL_AREA_STYLE_COLOUR('',#18023);
#20173 = STYLED_ITEM('color',(#20174),#12327);
#20174 = PRESENTATION_STYLE_ASSIGNMENT((#20175));
#20175 = SURFACE_STYLE_USAGE(.BOTH.,#20176);
#20176 = SURFACE_SIDE_STYLE('',(#20177));
#20177 = SURFACE_STYLE_FILL_AREA(#20178);
#20178 = FILL_AREA_STYLE('',(#20179));
#20179 = FILL_AREA_STYLE_COLOUR('',#18023);
#20180 = STYLED_ITEM('color',(#20181),#12351);
#20181 = PRESENTATION_STYLE_ASSIGNMENT((#20182));
#20182 = SURFACE_STYLE_USAGE(.BOTH.,#20183);
#20183 = SURFACE_SIDE_STYLE('',(#20184));
#20184 = SURFACE_STYLE_FILL_AREA(#20185);
#20185 = FILL_AREA_STYLE('',(#20186));
#20186 = FILL_AREA_STYLE_COLOUR('',#18023);
#20187 = STYLED_ITEM('color',(#20188),#12375);
#20188 = PRESENTATION_STYLE_ASSIGNMENT((#20189));
#20189 = SURFACE_STYLE_USAGE(.BOTH.,#20190);
#20190 = SURFACE_SIDE_STYLE('',(#20191));
#20191 = SURFACE_STYLE_FILL_AREA(#20192);
#20192 = FILL_AREA_STYLE('',(#20193));
#20193 = FILL_AREA_STYLE_COLOUR('',#18023);
#20194 = STYLED_ITEM('color',(#20195),#12400);
#20195 = PRESENTATION_STYLE_ASSIGNMENT((#20196));
#20196 = SURFACE_STYLE_USAGE(.BOTH.,#20197);
#20197 = SURFACE_SIDE_STYLE('',(#20198));
#20198 = SURFACE_STYLE_FILL_AREA(#20199);
#20199 = FILL_AREA_STYLE('',(#20200));
#20200 = FILL_AREA_STYLE_COLOUR('',#18023);
#20201 = STYLED_ITEM('color',(#20202),#12425);
#20202 = PRESENTATION_STYLE_ASSIGNMENT((#20203));
#20203 = SURFACE_STYLE_USAGE(.BOTH.,#20204);
#20204 = SURFACE_SIDE_STYLE('',(#20205));
#20205 = SURFACE_STYLE_FILL_AREA(#20206);
#20206 = FILL_AREA_STYLE('',(#20207));
#20207 = FILL_AREA_STYLE_COLOUR('',#18023);
#20208 = STYLED_ITEM('color',(#20209),#12442);
#20209 = PRESENTATION_STYLE_ASSIGNMENT((#20210));
#20210 = SURFACE_STYLE_USAGE(.BOTH.,#20211);
#20211 = SURFACE_SIDE_STYLE('',(#20212));
#20212 = SURFACE_STYLE_FILL_AREA(#20213);
#20213 = FILL_AREA_STYLE('',(#20214));
#20214 = FILL_AREA_STYLE_COLOUR('',#20137);
#20215 = STYLED_ITEM('color',(#20216),#12467);
#20216 = PRESENTATION_STYLE_ASSIGNMENT((#20217));
#20217 = SURFACE_STYLE_USAGE(.BOTH.,#20218);
#20218 = SURFACE_SIDE_STYLE('',(#20219));
#20219 = SURFACE_STYLE_FILL_AREA(#20220);
#20220 = FILL_AREA_STYLE('',(#20221));
#20221 = FILL_AREA_STYLE_COLOUR('',#20137);
#20222 = STYLED_ITEM('color',(#20223),#12492);
#20223 = PRESENTATION_STYLE_ASSIGNMENT((#20224));
#20224 = SURFACE_STYLE_USAGE(.BOTH.,#20225);
#20225 = SURFACE_SIDE_STYLE('',(#20226));
#20226 = SURFACE_STYLE_FILL_AREA(#20227);
#20227 = FILL_AREA_STYLE('',(#20228));
#20228 = FILL_AREA_STYLE_COLOUR('',#20137);
#20229 = STYLED_ITEM('color',(#20230),#12517);
#20230 = PRESENTATION_STYLE_ASSIGNMENT((#20231));
#20231 = SURFACE_STYLE_USAGE(.BOTH.,#20232);
#20232 = SURFACE_SIDE_STYLE('',(#20233));
#20233 = SURFACE_STYLE_FILL_AREA(#20234);
#20234 = FILL_AREA_STYLE('',(#20235));
#20235 = FILL_AREA_STYLE_COLOUR('',#20137);
#20236 = STYLED_ITEM('color',(#20237),#12542);
#20237 = PRESENTATION_STYLE_ASSIGNMENT((#20238));
#20238 = SURFACE_STYLE_USAGE(.BOTH.,#20239);
#20239 = SURFACE_SIDE_STYLE('',(#20240));
#20240 = SURFACE_STYLE_FILL_AREA(#20241);
#20241 = FILL_AREA_STYLE('',(#20242));
#20242 = FILL_AREA_STYLE_COLOUR('',#20137);
#20243 = STYLED_ITEM('color',(#20244),#12573);
#20244 = PRESENTATION_STYLE_ASSIGNMENT((#20245));
#20245 = SURFACE_STYLE_USAGE(.BOTH.,#20246);
#20246 = SURFACE_SIDE_STYLE('',(#20247));
#20247 = SURFACE_STYLE_FILL_AREA(#20248);
#20248 = FILL_AREA_STYLE('',(#20249));
#20249 = FILL_AREA_STYLE_COLOUR('',#20137);
#20250 = STYLED_ITEM('color',(#20251),#12598);
#20251 = PRESENTATION_STYLE_ASSIGNMENT((#20252));
#20252 = SURFACE_STYLE_USAGE(.BOTH.,#20253);
#20253 = SURFACE_SIDE_STYLE('',(#20254));
#20254 = SURFACE_STYLE_FILL_AREA(#20255);
#20255 = FILL_AREA_STYLE('',(#20256));
#20256 = FILL_AREA_STYLE_COLOUR('',#20137);
#20257 = STYLED_ITEM('color',(#20258),#12623);
#20258 = PRESENTATION_STYLE_ASSIGNMENT((#20259));
#20259 = SURFACE_STYLE_USAGE(.BOTH.,#20260);
#20260 = SURFACE_SIDE_STYLE('',(#20261));
#20261 = SURFACE_STYLE_FILL_AREA(#20262);
#20262 = FILL_AREA_STYLE('',(#20263));
#20263 = FILL_AREA_STYLE_COLOUR('',#20137);
#20264 = STYLED_ITEM('color',(#20265),#12711);
#20265 = PRESENTATION_STYLE_ASSIGNMENT((#20266));
#20266 = SURFACE_STYLE_USAGE(.BOTH.,#20267);
#20267 = SURFACE_SIDE_STYLE('',(#20268));
#20268 = SURFACE_STYLE_FILL_AREA(#20269);
#20269 = FILL_AREA_STYLE('',(#20270));
#20270 = FILL_AREA_STYLE_COLOUR('',#20137);
#20271 = STYLED_ITEM('color',(#20272),#12799);
#20272 = PRESENTATION_STYLE_ASSIGNMENT((#20273));
#20273 = SURFACE_STYLE_USAGE(.BOTH.,#20274);
#20274 = SURFACE_SIDE_STYLE('',(#20275));
#20275 = SURFACE_STYLE_FILL_AREA(#20276);
#20276 = FILL_AREA_STYLE('',(#20277));
#20277 = FILL_AREA_STYLE_COLOUR('',#20137);
#20278 = STYLED_ITEM('color',(#20279),#12824);
#20279 = PRESENTATION_STYLE_ASSIGNMENT((#20280));
#20280 = SURFACE_STYLE_USAGE(.BOTH.,#20281);
#20281 = SURFACE_SIDE_STYLE('',(#20282));
#20282 = SURFACE_STYLE_FILL_AREA(#20283);
#20283 = FILL_AREA_STYLE('',(#20284));
#20284 = FILL_AREA_STYLE_COLOUR('',#20137);
#20285 = STYLED_ITEM('color',(#20286),#12849);
#20286 = PRESENTATION_STYLE_ASSIGNMENT((#20287));
#20287 = SURFACE_STYLE_USAGE(.BOTH.,#20288);
#20288 = SURFACE_SIDE_STYLE('',(#20289));
#20289 = SURFACE_STYLE_FILL_AREA(#20290);
#20290 = FILL_AREA_STYLE('',(#20291));
#20291 = FILL_AREA_STYLE_COLOUR('',#20137);
#20292 = STYLED_ITEM('color',(#20293),#12866);
#20293 = PRESENTATION_STYLE_ASSIGNMENT((#20294));
#20294 = SURFACE_STYLE_USAGE(.BOTH.,#20295);
#20295 = SURFACE_SIDE_STYLE('',(#20296));
#20296 = SURFACE_STYLE_FILL_AREA(#20297);
#20297 = FILL_AREA_STYLE('',(#20298));
#20298 = FILL_AREA_STYLE_COLOUR('',#20137);
#20299 = STYLED_ITEM('color',(#20300),#12875);
#20300 = PRESENTATION_STYLE_ASSIGNMENT((#20301));
#20301 = SURFACE_STYLE_USAGE(.BOTH.,#20302);
#20302 = SURFACE_SIDE_STYLE('',(#20303));
#20303 = SURFACE_STYLE_FILL_AREA(#20304);
#20304 = FILL_AREA_STYLE('',(#20305));
#20305 = FILL_AREA_STYLE_COLOUR('',#20137);
#20306 = STYLED_ITEM('color',(#20307),#12901);
#20307 = PRESENTATION_STYLE_ASSIGNMENT((#20308));
#20308 = SURFACE_STYLE_USAGE(.BOTH.,#20309);
#20309 = SURFACE_SIDE_STYLE('',(#20310));
#20310 = SURFACE_STYLE_FILL_AREA(#20311);
#20311 = FILL_AREA_STYLE('',(#20312));
#20312 = FILL_AREA_STYLE_COLOUR('',#20137);
#20313 = STYLED_ITEM('color',(#20314),#12910);
#20314 = PRESENTATION_STYLE_ASSIGNMENT((#20315));
#20315 = SURFACE_STYLE_USAGE(.BOTH.,#20316);
#20316 = SURFACE_SIDE_STYLE('',(#20317));
#20317 = SURFACE_STYLE_FILL_AREA(#20318);
#20318 = FILL_AREA_STYLE('',(#20319));
#20319 = FILL_AREA_STYLE_COLOUR('',#20137);
#20320 = STYLED_ITEM('color',(#20321),#12919);
#20321 = PRESENTATION_STYLE_ASSIGNMENT((#20322));
#20322 = SURFACE_STYLE_USAGE(.BOTH.,#20323);
#20323 = SURFACE_SIDE_STYLE('',(#20324));
#20324 = SURFACE_STYLE_FILL_AREA(#20325);
#20325 = FILL_AREA_STYLE('',(#20326));
#20326 = FILL_AREA_STYLE_COLOUR('',#20137);
#20327 = STYLED_ITEM('color',(#20328),#12963);
#20328 = PRESENTATION_STYLE_ASSIGNMENT((#20329));
#20329 = SURFACE_STYLE_USAGE(.BOTH.,#20330);
#20330 = SURFACE_SIDE_STYLE('',(#20331));
#20331 = SURFACE_STYLE_FILL_AREA(#20332);
#20332 = FILL_AREA_STYLE('',(#20333));
#20333 = FILL_AREA_STYLE_COLOUR('',#18023);
#20334 = STYLED_ITEM('color',(#20335),#13113);
#20335 = PRESENTATION_STYLE_ASSIGNMENT((#20336));
#20336 = SURFACE_STYLE_USAGE(.BOTH.,#20337);
#20337 = SURFACE_SIDE_STYLE('',(#20338));
#20338 = SURFACE_STYLE_FILL_AREA(#20339);
#20339 = FILL_AREA_STYLE('',(#20340));
#20340 = FILL_AREA_STYLE_COLOUR('',#18023);
#20341 = STYLED_ITEM('color',(#20342),#13137);
#20342 = PRESENTATION_STYLE_ASSIGNMENT((#20343));
#20343 = SURFACE_STYLE_USAGE(.BOTH.,#20344);
#20344 = SURFACE_SIDE_STYLE('',(#20345));
#20345 = SURFACE_STYLE_FILL_AREA(#20346);
#20346 = FILL_AREA_STYLE('',(#20347));
#20347 = FILL_AREA_STYLE_COLOUR('',#18023);
#20348 = STYLED_ITEM('color',(#20349),#13280);
#20349 = PRESENTATION_STYLE_ASSIGNMENT((#20350));
#20350 = SURFACE_STYLE_USAGE(.BOTH.,#20351);
#20351 = SURFACE_SIDE_STYLE('',(#20352));
#20352 = SURFACE_STYLE_FILL_AREA(#20353);
#20353 = FILL_AREA_STYLE('',(#20354));
#20354 = FILL_AREA_STYLE_COLOUR('',#18023);
#20355 = STYLED_ITEM('color',(#20356),#13430);
#20356 = PRESENTATION_STYLE_ASSIGNMENT((#20357));
#20357 = SURFACE_STYLE_USAGE(.BOTH.,#20358);
#20358 = SURFACE_SIDE_STYLE('',(#20359));
#20359 = SURFACE_STYLE_FILL_AREA(#20360);
#20360 = FILL_AREA_STYLE('',(#20361));
#20361 = FILL_AREA_STYLE_COLOUR('',#18023);
#20362 = STYLED_ITEM('color',(#20363),#13580);
#20363 = PRESENTATION_STYLE_ASSIGNMENT((#20364));
#20364 = SURFACE_STYLE_USAGE(.BOTH.,#20365);
#20365 = SURFACE_SIDE_STYLE('',(#20366));
#20366 = SURFACE_STYLE_FILL_AREA(#20367);
#20367 = FILL_AREA_STYLE('',(#20368));
#20368 = FILL_AREA_STYLE_COLOUR('',#18023);
#20369 = STYLED_ITEM('color',(#20370),#13597);
#20370 = PRESENTATION_STYLE_ASSIGNMENT((#20371));
#20371 = SURFACE_STYLE_USAGE(.BOTH.,#20372);
#20372 = SURFACE_SIDE_STYLE('',(#20373));
#20373 = SURFACE_STYLE_FILL_AREA(#20374);
#20374 = FILL_AREA_STYLE('',(#20375));
#20375 = FILL_AREA_STYLE_COLOUR('',#18023);
#20376 = STYLED_ITEM('color',(#20377),#13747);
#20377 = PRESENTATION_STYLE_ASSIGNMENT((#20378));
#20378 = SURFACE_STYLE_USAGE(.BOTH.,#20379);
#20379 = SURFACE_SIDE_STYLE('',(#20380));
#20380 = SURFACE_STYLE_FILL_AREA(#20381);
#20381 = FILL_AREA_STYLE('',(#20382));
#20382 = FILL_AREA_STYLE_COLOUR('',#18023);
#20383 = STYLED_ITEM('color',(#20384),#13771);
#20384 = PRESENTATION_STYLE_ASSIGNMENT((#20385));
#20385 = SURFACE_STYLE_USAGE(.BOTH.,#20386);
#20386 = SURFACE_SIDE_STYLE('',(#20387));
#20387 = SURFACE_STYLE_FILL_AREA(#20388);
#20388 = FILL_AREA_STYLE('',(#20389));
#20389 = FILL_AREA_STYLE_COLOUR('',#18023);
#20390 = STYLED_ITEM('color',(#20391),#13914);
#20391 = PRESENTATION_STYLE_ASSIGNMENT((#20392));
#20392 = SURFACE_STYLE_USAGE(.BOTH.,#20393);
#20393 = SURFACE_SIDE_STYLE('',(#20394));
#20394 = SURFACE_STYLE_FILL_AREA(#20395);
#20395 = FILL_AREA_STYLE('',(#20396));
#20396 = FILL_AREA_STYLE_COLOUR('',#18023);
#20397 = STYLED_ITEM('color',(#20398),#14064);
#20398 = PRESENTATION_STYLE_ASSIGNMENT((#20399));
#20399 = SURFACE_STYLE_USAGE(.BOTH.,#20400);
#20400 = SURFACE_SIDE_STYLE('',(#20401));
#20401 = SURFACE_STYLE_FILL_AREA(#20402);
#20402 = FILL_AREA_STYLE('',(#20403));
#20403 = FILL_AREA_STYLE_COLOUR('',#18023);
#20404 = STYLED_ITEM('color',(#20405),#14214);
#20405 = PRESENTATION_STYLE_ASSIGNMENT((#20406));
#20406 = SURFACE_STYLE_USAGE(.BOTH.,#20407);
#20407 = SURFACE_SIDE_STYLE('',(#20408));
#20408 = SURFACE_STYLE_FILL_AREA(#20409);
#20409 = FILL_AREA_STYLE('',(#20410));
#20410 = FILL_AREA_STYLE_COLOUR('',#18023);
#20411 = STYLED_ITEM('color',(#20412),#14231);
#20412 = PRESENTATION_STYLE_ASSIGNMENT((#20413));
#20413 = SURFACE_STYLE_USAGE(.BOTH.,#20414);
#20414 = SURFACE_SIDE_STYLE('',(#20415));
#20415 = SURFACE_STYLE_FILL_AREA(#20416);
#20416 = FILL_AREA_STYLE('',(#20417));
#20417 = FILL_AREA_STYLE_COLOUR('',#20137);
#20418 = STYLED_ITEM('color',(#20419),#14240);
#20419 = PRESENTATION_STYLE_ASSIGNMENT((#20420));
#20420 = SURFACE_STYLE_USAGE(.BOTH.,#20421);
#20421 = SURFACE_SIDE_STYLE('',(#20422));
#20422 = SURFACE_STYLE_FILL_AREA(#20423);
#20423 = FILL_AREA_STYLE('',(#20424));
#20424 = FILL_AREA_STYLE_COLOUR('',#18023);
#20425 = STYLED_ITEM('color',(#20426),#14257);
#20426 = PRESENTATION_STYLE_ASSIGNMENT((#20427));
#20427 = SURFACE_STYLE_USAGE(.BOTH.,#20428);
#20428 = SURFACE_SIDE_STYLE('',(#20429));
#20429 = SURFACE_STYLE_FILL_AREA(#20430);
#20430 = FILL_AREA_STYLE('',(#20431));
#20431 = FILL_AREA_STYLE_COLOUR('',#18023);
#20432 = STYLED_ITEM('color',(#20433),#14274);
#20433 = PRESENTATION_STYLE_ASSIGNMENT((#20434));
#20434 = SURFACE_STYLE_USAGE(.BOTH.,#20435);
#20435 = SURFACE_SIDE_STYLE('',(#20436));
#20436 = SURFACE_STYLE_FILL_AREA(#20437);
#20437 = FILL_AREA_STYLE('',(#20438));
#20438 = FILL_AREA_STYLE_COLOUR('',#18023);
#20439 = STYLED_ITEM('color',(#20440),#14291);
#20440 = PRESENTATION_STYLE_ASSIGNMENT((#20441));
#20441 = SURFACE_STYLE_USAGE(.BOTH.,#20442);
#20442 = SURFACE_SIDE_STYLE('',(#20443));
#20443 = SURFACE_STYLE_FILL_AREA(#20444);
#20444 = FILL_AREA_STYLE('',(#20445));
#20445 = FILL_AREA_STYLE_COLOUR('',#18023);
#20446 = STYLED_ITEM('color',(#20447),#14308);
#20447 = PRESENTATION_STYLE_ASSIGNMENT((#20448));
#20448 = SURFACE_STYLE_USAGE(.BOTH.,#20449);
#20449 = SURFACE_SIDE_STYLE('',(#20450));
#20450 = SURFACE_STYLE_FILL_AREA(#20451);
#20451 = FILL_AREA_STYLE('',(#20452));
#20452 = FILL_AREA_STYLE_COLOUR('',#18023);
#20453 = STYLED_ITEM('color',(#20454),#14330);
#20454 = PRESENTATION_STYLE_ASSIGNMENT((#20455));
#20455 = SURFACE_STYLE_USAGE(.BOTH.,#20456);
#20456 = SURFACE_SIDE_STYLE('',(#20457));
#20457 = SURFACE_STYLE_FILL_AREA(#20458);
#20458 = FILL_AREA_STYLE('',(#20459));
#20459 = FILL_AREA_STYLE_COLOUR('',#18023);
#20460 = STYLED_ITEM('color',(#20461),#14347);
#20461 = PRESENTATION_STYLE_ASSIGNMENT((#20462));
#20462 = SURFACE_STYLE_USAGE(.BOTH.,#20463);
#20463 = SURFACE_SIDE_STYLE('',(#20464));
#20464 = SURFACE_STYLE_FILL_AREA(#20465);
#20465 = FILL_AREA_STYLE('',(#20466));
#20466 = FILL_AREA_STYLE_COLOUR('',#18023);
#20467 = STYLED_ITEM('color',(#20468),#14364);
#20468 = PRESENTATION_STYLE_ASSIGNMENT((#20469));
#20469 = SURFACE_STYLE_USAGE(.BOTH.,#20470);
#20470 = SURFACE_SIDE_STYLE('',(#20471));
#20471 = SURFACE_STYLE_FILL_AREA(#20472);
#20472 = FILL_AREA_STYLE('',(#20473));
#20473 = FILL_AREA_STYLE_COLOUR('',#18023);
#20474 = STYLED_ITEM('color',(#20475),#14381);
#20475 = PRESENTATION_STYLE_ASSIGNMENT((#20476));
#20476 = SURFACE_STYLE_USAGE(.BOTH.,#20477);
#20477 = SURFACE_SIDE_STYLE('',(#20478));
#20478 = SURFACE_STYLE_FILL_AREA(#20479);
#20479 = FILL_AREA_STYLE('',(#20480));
#20480 = FILL_AREA_STYLE_COLOUR('',#18023);
#20481 = STYLED_ITEM('color',(#20482),#14398);
#20482 = PRESENTATION_STYLE_ASSIGNMENT((#20483));
#20483 = SURFACE_STYLE_USAGE(.BOTH.,#20484);
#20484 = SURFACE_SIDE_STYLE('',(#20485));
#20485 = SURFACE_STYLE_FILL_AREA(#20486);
#20486 = FILL_AREA_STYLE('',(#20487));
#20487 = FILL_AREA_STYLE_COLOUR('',#18023);
#20488 = STYLED_ITEM('color',(#20489),#14410);
#20489 = PRESENTATION_STYLE_ASSIGNMENT((#20490));
#20490 = SURFACE_STYLE_USAGE(.BOTH.,#20491);
#20491 = SURFACE_SIDE_STYLE('',(#20492));
#20492 = SURFACE_STYLE_FILL_AREA(#20493);
#20493 = FILL_AREA_STYLE('',(#20494));
#20494 = FILL_AREA_STYLE_COLOUR('',#18023);
#20495 = STYLED_ITEM('color',(#20496),#14427);
#20496 = PRESENTATION_STYLE_ASSIGNMENT((#20497));
#20497 = SURFACE_STYLE_USAGE(.BOTH.,#20498);
#20498 = SURFACE_SIDE_STYLE('',(#20499));
#20499 = SURFACE_STYLE_FILL_AREA(#20500);
#20500 = FILL_AREA_STYLE('',(#20501));
#20501 = FILL_AREA_STYLE_COLOUR('',#18023);
#20502 = STYLED_ITEM('color',(#20503),#14444);
#20503 = PRESENTATION_STYLE_ASSIGNMENT((#20504));
#20504 = SURFACE_STYLE_USAGE(.BOTH.,#20505);
#20505 = SURFACE_SIDE_STYLE('',(#20506));
#20506 = SURFACE_STYLE_FILL_AREA(#20507);
#20507 = FILL_AREA_STYLE('',(#20508));
#20508 = FILL_AREA_STYLE_COLOUR('',#18023);
#20509 = STYLED_ITEM('color',(#20510),#14461);
#20510 = PRESENTATION_STYLE_ASSIGNMENT((#20511));
#20511 = SURFACE_STYLE_USAGE(.BOTH.,#20512);
#20512 = SURFACE_SIDE_STYLE('',(#20513));
#20513 = SURFACE_STYLE_FILL_AREA(#20514);
#20514 = FILL_AREA_STYLE('',(#20515));
#20515 = FILL_AREA_STYLE_COLOUR('',#18023);
#20516 = STYLED_ITEM('color',(#20517),#14478);
#20517 = PRESENTATION_STYLE_ASSIGNMENT((#20518));
#20518 = SURFACE_STYLE_USAGE(.BOTH.,#20519);
#20519 = SURFACE_SIDE_STYLE('',(#20520));
#20520 = SURFACE_STYLE_FILL_AREA(#20521);
#20521 = FILL_AREA_STYLE('',(#20522));
#20522 = FILL_AREA_STYLE_COLOUR('',#18023);
#20523 = STYLED_ITEM('color',(#20524),#14495);
#20524 = PRESENTATION_STYLE_ASSIGNMENT((#20525));
#20525 = SURFACE_STYLE_USAGE(.BOTH.,#20526);
#20526 = SURFACE_SIDE_STYLE('',(#20527));
#20527 = SURFACE_STYLE_FILL_AREA(#20528);
#20528 = FILL_AREA_STYLE('',(#20529));
#20529 = FILL_AREA_STYLE_COLOUR('',#18023);
#20530 = STYLED_ITEM('color',(#20531),#14512);
#20531 = PRESENTATION_STYLE_ASSIGNMENT((#20532));
#20532 = SURFACE_STYLE_USAGE(.BOTH.,#20533);
#20533 = SURFACE_SIDE_STYLE('',(#20534));
#20534 = SURFACE_STYLE_FILL_AREA(#20535);
#20535 = FILL_AREA_STYLE('',(#20536));
#20536 = FILL_AREA_STYLE_COLOUR('',#18023);
#20537 = STYLED_ITEM('color',(#20538),#14529);
#20538 = PRESENTATION_STYLE_ASSIGNMENT((#20539));
#20539 = SURFACE_STYLE_USAGE(.BOTH.,#20540);
#20540 = SURFACE_SIDE_STYLE('',(#20541));
#20541 = SURFACE_STYLE_FILL_AREA(#20542);
#20542 = FILL_AREA_STYLE('',(#20543));
#20543 = FILL_AREA_STYLE_COLOUR('',#18023);
#20544 = STYLED_ITEM('color',(#20545),#14546);
#20545 = PRESENTATION_STYLE_ASSIGNMENT((#20546));
#20546 = SURFACE_STYLE_USAGE(.BOTH.,#20547);
#20547 = SURFACE_SIDE_STYLE('',(#20548));
#20548 = SURFACE_STYLE_FILL_AREA(#20549);
#20549 = FILL_AREA_STYLE('',(#20550));
#20550 = FILL_AREA_STYLE_COLOUR('',#18023);
#20551 = STYLED_ITEM('color',(#20552),#14558);
#20552 = PRESENTATION_STYLE_ASSIGNMENT((#20553));
#20553 = SURFACE_STYLE_USAGE(.BOTH.,#20554);
#20554 = SURFACE_SIDE_STYLE('',(#20555));
#20555 = SURFACE_STYLE_FILL_AREA(#20556);
#20556 = FILL_AREA_STYLE('',(#20557));
#20557 = FILL_AREA_STYLE_COLOUR('',#18023);
#20558 = STYLED_ITEM('color',(#20559),#14580);
#20559 = PRESENTATION_STYLE_ASSIGNMENT((#20560));
#20560 = SURFACE_STYLE_USAGE(.BOTH.,#20561);
#20561 = SURFACE_SIDE_STYLE('',(#20562));
#20562 = SURFACE_STYLE_FILL_AREA(#20563);
#20563 = FILL_AREA_STYLE('',(#20564));
#20564 = FILL_AREA_STYLE_COLOUR('',#18023);
#20565 = STYLED_ITEM('color',(#20566),#14597);
#20566 = PRESENTATION_STYLE_ASSIGNMENT((#20567));
#20567 = SURFACE_STYLE_USAGE(.BOTH.,#20568);
#20568 = SURFACE_SIDE_STYLE('',(#20569));
#20569 = SURFACE_STYLE_FILL_AREA(#20570);
#20570 = FILL_AREA_STYLE('',(#20571));
#20571 = FILL_AREA_STYLE_COLOUR('',#18023);
#20572 = STYLED_ITEM('color',(#20573),#14614);
#20573 = PRESENTATION_STYLE_ASSIGNMENT((#20574));
#20574 = SURFACE_STYLE_USAGE(.BOTH.,#20575);
#20575 = SURFACE_SIDE_STYLE('',(#20576));
#20576 = SURFACE_STYLE_FILL_AREA(#20577);
#20577 = FILL_AREA_STYLE('',(#20578));
#20578 = FILL_AREA_STYLE_COLOUR('',#18023);
#20579 = STYLED_ITEM('color',(#20580),#14631);
#20580 = PRESENTATION_STYLE_ASSIGNMENT((#20581));
#20581 = SURFACE_STYLE_USAGE(.BOTH.,#20582);
#20582 = SURFACE_SIDE_STYLE('',(#20583));
#20583 = SURFACE_STYLE_FILL_AREA(#20584);
#20584 = FILL_AREA_STYLE('',(#20585));
#20585 = FILL_AREA_STYLE_COLOUR('',#18023);
#20586 = STYLED_ITEM('color',(#20587),#14648);
#20587 = PRESENTATION_STYLE_ASSIGNMENT((#20588));
#20588 = SURFACE_STYLE_USAGE(.BOTH.,#20589);
#20589 = SURFACE_SIDE_STYLE('',(#20590));
#20590 = SURFACE_STYLE_FILL_AREA(#20591);
#20591 = FILL_AREA_STYLE('',(#20592));
#20592 = FILL_AREA_STYLE_COLOUR('',#18023);
#20593 = STYLED_ITEM('color',(#20594),#14660);
#20594 = PRESENTATION_STYLE_ASSIGNMENT((#20595));
#20595 = SURFACE_STYLE_USAGE(.BOTH.,#20596);
#20596 = SURFACE_SIDE_STYLE('',(#20597));
#20597 = SURFACE_STYLE_FILL_AREA(#20598);
#20598 = FILL_AREA_STYLE('',(#20599));
#20599 = FILL_AREA_STYLE_COLOUR('',#18023);
#20600 = STYLED_ITEM('color',(#20601),#14677);
#20601 = PRESENTATION_STYLE_ASSIGNMENT((#20602));
#20602 = SURFACE_STYLE_USAGE(.BOTH.,#20603);
#20603 = SURFACE_SIDE_STYLE('',(#20604));
#20604 = SURFACE_STYLE_FILL_AREA(#20605);
#20605 = FILL_AREA_STYLE('',(#20606));
#20606 = FILL_AREA_STYLE_COLOUR('',#18023);
#20607 = STYLED_ITEM('color',(#20608),#14694);
#20608 = PRESENTATION_STYLE_ASSIGNMENT((#20609));
#20609 = SURFACE_STYLE_USAGE(.BOTH.,#20610);
#20610 = SURFACE_SIDE_STYLE('',(#20611));
#20611 = SURFACE_STYLE_FILL_AREA(#20612);
#20612 = FILL_AREA_STYLE('',(#20613));
#20613 = FILL_AREA_STYLE_COLOUR('',#18023);
#20614 = STYLED_ITEM('color',(#20615),#14711);
#20615 = PRESENTATION_STYLE_ASSIGNMENT((#20616));
#20616 = SURFACE_STYLE_USAGE(.BOTH.,#20617);
#20617 = SURFACE_SIDE_STYLE('',(#20618));
#20618 = SURFACE_STYLE_FILL_AREA(#20619);
#20619 = FILL_AREA_STYLE('',(#20620));
#20620 = FILL_AREA_STYLE_COLOUR('',#18023);
#20621 = STYLED_ITEM('color',(#20622),#14728);
#20622 = PRESENTATION_STYLE_ASSIGNMENT((#20623));
#20623 = SURFACE_STYLE_USAGE(.BOTH.,#20624);
#20624 = SURFACE_SIDE_STYLE('',(#20625));
#20625 = SURFACE_STYLE_FILL_AREA(#20626);
#20626 = FILL_AREA_STYLE('',(#20627));
#20627 = FILL_AREA_STYLE_COLOUR('',#18023);
#20628 = STYLED_ITEM('color',(#20629),#14745);
#20629 = PRESENTATION_STYLE_ASSIGNMENT((#20630));
#20630 = SURFACE_STYLE_USAGE(.BOTH.,#20631);
#20631 = SURFACE_SIDE_STYLE('',(#20632));
#20632 = SURFACE_STYLE_FILL_AREA(#20633);
#20633 = FILL_AREA_STYLE('',(#20634));
#20634 = FILL_AREA_STYLE_COLOUR('',#18023);
#20635 = STYLED_ITEM('color',(#20636),#14762);
#20636 = PRESENTATION_STYLE_ASSIGNMENT((#20637));
#20637 = SURFACE_STYLE_USAGE(.BOTH.,#20638);
#20638 = SURFACE_SIDE_STYLE('',(#20639));
#20639 = SURFACE_STYLE_FILL_AREA(#20640);
#20640 = FILL_AREA_STYLE('',(#20641));
#20641 = FILL_AREA_STYLE_COLOUR('',#18023);
#20642 = STYLED_ITEM('color',(#20643),#14779);
#20643 = PRESENTATION_STYLE_ASSIGNMENT((#20644));
#20644 = SURFACE_STYLE_USAGE(.BOTH.,#20645);
#20645 = SURFACE_SIDE_STYLE('',(#20646));
#20646 = SURFACE_STYLE_FILL_AREA(#20647);
#20647 = FILL_AREA_STYLE('',(#20648));
#20648 = FILL_AREA_STYLE_COLOUR('',#18023);
#20649 = STYLED_ITEM('color',(#20650),#14796);
#20650 = PRESENTATION_STYLE_ASSIGNMENT((#20651));
#20651 = SURFACE_STYLE_USAGE(.BOTH.,#20652);
#20652 = SURFACE_SIDE_STYLE('',(#20653));
#20653 = SURFACE_STYLE_FILL_AREA(#20654);
#20654 = FILL_AREA_STYLE('',(#20655));
#20655 = FILL_AREA_STYLE_COLOUR('',#18023);
#20656 = STYLED_ITEM('color',(#20657),#14808);
#20657 = PRESENTATION_STYLE_ASSIGNMENT((#20658));
#20658 = SURFACE_STYLE_USAGE(.BOTH.,#20659);
#20659 = SURFACE_SIDE_STYLE('',(#20660));
#20660 = SURFACE_STYLE_FILL_AREA(#20661);
#20661 = FILL_AREA_STYLE('',(#20662));
#20662 = FILL_AREA_STYLE_COLOUR('',#18023);
#20663 = STYLED_ITEM('color',(#20664),#14830);
#20664 = PRESENTATION_STYLE_ASSIGNMENT((#20665));
#20665 = SURFACE_STYLE_USAGE(.BOTH.,#20666);
#20666 = SURFACE_SIDE_STYLE('',(#20667));
#20667 = SURFACE_STYLE_FILL_AREA(#20668);
#20668 = FILL_AREA_STYLE('',(#20669));
#20669 = FILL_AREA_STYLE_COLOUR('',#18023);
#20670 = STYLED_ITEM('color',(#20671),#14847);
#20671 = PRESENTATION_STYLE_ASSIGNMENT((#20672));
#20672 = SURFACE_STYLE_USAGE(.BOTH.,#20673);
#20673 = SURFACE_SIDE_STYLE('',(#20674));
#20674 = SURFACE_STYLE_FILL_AREA(#20675);
#20675 = FILL_AREA_STYLE('',(#20676));
#20676 = FILL_AREA_STYLE_COLOUR('',#18023);
#20677 = STYLED_ITEM('color',(#20678),#14864);
#20678 = PRESENTATION_STYLE_ASSIGNMENT((#20679));
#20679 = SURFACE_STYLE_USAGE(.BOTH.,#20680);
#20680 = SURFACE_SIDE_STYLE('',(#20681));
#20681 = SURFACE_STYLE_FILL_AREA(#20682);
#20682 = FILL_AREA_STYLE('',(#20683));
#20683 = FILL_AREA_STYLE_COLOUR('',#18023);
#20684 = STYLED_ITEM('color',(#20685),#14881);
#20685 = PRESENTATION_STYLE_ASSIGNMENT((#20686));
#20686 = SURFACE_STYLE_USAGE(.BOTH.,#20687);
#20687 = SURFACE_SIDE_STYLE('',(#20688));
#20688 = SURFACE_STYLE_FILL_AREA(#20689);
#20689 = FILL_AREA_STYLE('',(#20690));
#20690 = FILL_AREA_STYLE_COLOUR('',#18023);
#20691 = STYLED_ITEM('color',(#20692),#14898);
#20692 = PRESENTATION_STYLE_ASSIGNMENT((#20693));
#20693 = SURFACE_STYLE_USAGE(.BOTH.,#20694);
#20694 = SURFACE_SIDE_STYLE('',(#20695));
#20695 = SURFACE_STYLE_FILL_AREA(#20696);
#20696 = FILL_AREA_STYLE('',(#20697));
#20697 = FILL_AREA_STYLE_COLOUR('',#18023);
#20698 = STYLED_ITEM('color',(#20699),#14910);
#20699 = PRESENTATION_STYLE_ASSIGNMENT((#20700));
#20700 = SURFACE_STYLE_USAGE(.BOTH.,#20701);
#20701 = SURFACE_SIDE_STYLE('',(#20702));
#20702 = SURFACE_STYLE_FILL_AREA(#20703);
#20703 = FILL_AREA_STYLE('',(#20704));
#20704 = FILL_AREA_STYLE_COLOUR('',#18023);
#20705 = STYLED_ITEM('color',(#20706),#14927);
#20706 = PRESENTATION_STYLE_ASSIGNMENT((#20707));
#20707 = SURFACE_STYLE_USAGE(.BOTH.,#20708);
#20708 = SURFACE_SIDE_STYLE('',(#20709));
#20709 = SURFACE_STYLE_FILL_AREA(#20710);
#20710 = FILL_AREA_STYLE('',(#20711));
#20711 = FILL_AREA_STYLE_COLOUR('',#18023);
#20712 = STYLED_ITEM('color',(#20713),#14944);
#20713 = PRESENTATION_STYLE_ASSIGNMENT((#20714));
#20714 = SURFACE_STYLE_USAGE(.BOTH.,#20715);
#20715 = SURFACE_SIDE_STYLE('',(#20716));
#20716 = SURFACE_STYLE_FILL_AREA(#20717);
#20717 = FILL_AREA_STYLE('',(#20718));
#20718 = FILL_AREA_STYLE_COLOUR('',#18023);
#20719 = STYLED_ITEM('color',(#20720),#14961);
#20720 = PRESENTATION_STYLE_ASSIGNMENT((#20721));
#20721 = SURFACE_STYLE_USAGE(.BOTH.,#20722);
#20722 = SURFACE_SIDE_STYLE('',(#20723));
#20723 = SURFACE_STYLE_FILL_AREA(#20724);
#20724 = FILL_AREA_STYLE('',(#20725));
#20725 = FILL_AREA_STYLE_COLOUR('',#18023);
#20726 = STYLED_ITEM('color',(#20727),#14978);
#20727 = PRESENTATION_STYLE_ASSIGNMENT((#20728));
#20728 = SURFACE_STYLE_USAGE(.BOTH.,#20729);
#20729 = SURFACE_SIDE_STYLE('',(#20730));
#20730 = SURFACE_STYLE_FILL_AREA(#20731);
#20731 = FILL_AREA_STYLE('',(#20732));
#20732 = FILL_AREA_STYLE_COLOUR('',#18023);
#20733 = STYLED_ITEM('color',(#20734),#14995);
#20734 = PRESENTATION_STYLE_ASSIGNMENT((#20735));
#20735 = SURFACE_STYLE_USAGE(.BOTH.,#20736);
#20736 = SURFACE_SIDE_STYLE('',(#20737));
#20737 = SURFACE_STYLE_FILL_AREA(#20738);
#20738 = FILL_AREA_STYLE('',(#20739));
#20739 = FILL_AREA_STYLE_COLOUR('',#18023);
#20740 = STYLED_ITEM('color',(#20741),#15012);
#20741 = PRESENTATION_STYLE_ASSIGNMENT((#20742));
#20742 = SURFACE_STYLE_USAGE(.BOTH.,#20743);
#20743 = SURFACE_SIDE_STYLE('',(#20744));
#20744 = SURFACE_STYLE_FILL_AREA(#20745);
#20745 = FILL_AREA_STYLE('',(#20746));
#20746 = FILL_AREA_STYLE_COLOUR('',#18023);
#20747 = STYLED_ITEM('color',(#20748),#15029);
#20748 = PRESENTATION_STYLE_ASSIGNMENT((#20749));
#20749 = SURFACE_STYLE_USAGE(.BOTH.,#20750);
#20750 = SURFACE_SIDE_STYLE('',(#20751));
#20751 = SURFACE_STYLE_FILL_AREA(#20752);
#20752 = FILL_AREA_STYLE('',(#20753));
#20753 = FILL_AREA_STYLE_COLOUR('',#18023);
#20754 = STYLED_ITEM('color',(#20755),#15046);
#20755 = PRESENTATION_STYLE_ASSIGNMENT((#20756));
#20756 = SURFACE_STYLE_USAGE(.BOTH.,#20757);
#20757 = SURFACE_SIDE_STYLE('',(#20758));
#20758 = SURFACE_STYLE_FILL_AREA(#20759);
#20759 = FILL_AREA_STYLE('',(#20760));
#20760 = FILL_AREA_STYLE_COLOUR('',#18023);
#20761 = STYLED_ITEM('color',(#20762),#15058);
#20762 = PRESENTATION_STYLE_ASSIGNMENT((#20763));
#20763 = SURFACE_STYLE_USAGE(.BOTH.,#20764);
#20764 = SURFACE_SIDE_STYLE('',(#20765));
#20765 = SURFACE_STYLE_FILL_AREA(#20766);
#20766 = FILL_AREA_STYLE('',(#20767));
#20767 = FILL_AREA_STYLE_COLOUR('',#18023);
#20768 = STYLED_ITEM('color',(#20769),#15080);
#20769 = PRESENTATION_STYLE_ASSIGNMENT((#20770));
#20770 = SURFACE_STYLE_USAGE(.BOTH.,#20771);
#20771 = SURFACE_SIDE_STYLE('',(#20772));
#20772 = SURFACE_STYLE_FILL_AREA(#20773);
#20773 = FILL_AREA_STYLE('',(#20774));
#20774 = FILL_AREA_STYLE_COLOUR('',#18023);
#20775 = STYLED_ITEM('color',(#20776),#15097);
#20776 = PRESENTATION_STYLE_ASSIGNMENT((#20777));
#20777 = SURFACE_STYLE_USAGE(.BOTH.,#20778);
#20778 = SURFACE_SIDE_STYLE('',(#20779));
#20779 = SURFACE_STYLE_FILL_AREA(#20780);
#20780 = FILL_AREA_STYLE('',(#20781));
#20781 = FILL_AREA_STYLE_COLOUR('',#18023);
#20782 = STYLED_ITEM('color',(#20783),#15114);
#20783 = PRESENTATION_STYLE_ASSIGNMENT((#20784));
#20784 = SURFACE_STYLE_USAGE(.BOTH.,#20785);
#20785 = SURFACE_SIDE_STYLE('',(#20786));
#20786 = SURFACE_STYLE_FILL_AREA(#20787);
#20787 = FILL_AREA_STYLE('',(#20788));
#20788 = FILL_AREA_STYLE_COLOUR('',#18023);
#20789 = STYLED_ITEM('color',(#20790),#15131);
#20790 = PRESENTATION_STYLE_ASSIGNMENT((#20791));
#20791 = SURFACE_STYLE_USAGE(.BOTH.,#20792);
#20792 = SURFACE_SIDE_STYLE('',(#20793));
#20793 = SURFACE_STYLE_FILL_AREA(#20794);
#20794 = FILL_AREA_STYLE('',(#20795));
#20795 = FILL_AREA_STYLE_COLOUR('',#18023);
#20796 = STYLED_ITEM('color',(#20797),#15148);
#20797 = PRESENTATION_STYLE_ASSIGNMENT((#20798));
#20798 = SURFACE_STYLE_USAGE(.BOTH.,#20799);
#20799 = SURFACE_SIDE_STYLE('',(#20800));
#20800 = SURFACE_STYLE_FILL_AREA(#20801);
#20801 = FILL_AREA_STYLE('',(#20802));
#20802 = FILL_AREA_STYLE_COLOUR('',#18023);
#20803 = STYLED_ITEM('color',(#20804),#15160);
#20804 = PRESENTATION_STYLE_ASSIGNMENT((#20805));
#20805 = SURFACE_STYLE_USAGE(.BOTH.,#20806);
#20806 = SURFACE_SIDE_STYLE('',(#20807));
#20807 = SURFACE_STYLE_FILL_AREA(#20808);
#20808 = FILL_AREA_STYLE('',(#20809));
#20809 = FILL_AREA_STYLE_COLOUR('',#18023);
#20810 = STYLED_ITEM('color',(#20811),#15177);
#20811 = PRESENTATION_STYLE_ASSIGNMENT((#20812));
#20812 = SURFACE_STYLE_USAGE(.BOTH.,#20813);
#20813 = SURFACE_SIDE_STYLE('',(#20814));
#20814 = SURFACE_STYLE_FILL_AREA(#20815);
#20815 = FILL_AREA_STYLE('',(#20816));
#20816 = FILL_AREA_STYLE_COLOUR('',#18023);
#20817 = STYLED_ITEM('color',(#20818),#15194);
#20818 = PRESENTATION_STYLE_ASSIGNMENT((#20819));
#20819 = SURFACE_STYLE_USAGE(.BOTH.,#20820);
#20820 = SURFACE_SIDE_STYLE('',(#20821));
#20821 = SURFACE_STYLE_FILL_AREA(#20822);
#20822 = FILL_AREA_STYLE('',(#20823));
#20823 = FILL_AREA_STYLE_COLOUR('',#18023);
#20824 = STYLED_ITEM('color',(#20825),#15211);
#20825 = PRESENTATION_STYLE_ASSIGNMENT((#20826));
#20826 = SURFACE_STYLE_USAGE(.BOTH.,#20827);
#20827 = SURFACE_SIDE_STYLE('',(#20828));
#20828 = SURFACE_STYLE_FILL_AREA(#20829);
#20829 = FILL_AREA_STYLE('',(#20830));
#20830 = FILL_AREA_STYLE_COLOUR('',#18023);
#20831 = STYLED_ITEM('color',(#20832),#15228);
#20832 = PRESENTATION_STYLE_ASSIGNMENT((#20833));
#20833 = SURFACE_STYLE_USAGE(.BOTH.,#20834);
#20834 = SURFACE_SIDE_STYLE('',(#20835));
#20835 = SURFACE_STYLE_FILL_AREA(#20836);
#20836 = FILL_AREA_STYLE('',(#20837));
#20837 = FILL_AREA_STYLE_COLOUR('',#18023);
#20838 = STYLED_ITEM('color',(#20839),#15245);
#20839 = PRESENTATION_STYLE_ASSIGNMENT((#20840));
#20840 = SURFACE_STYLE_USAGE(.BOTH.,#20841);
#20841 = SURFACE_SIDE_STYLE('',(#20842));
#20842 = SURFACE_STYLE_FILL_AREA(#20843);
#20843 = FILL_AREA_STYLE('',(#20844));
#20844 = FILL_AREA_STYLE_COLOUR('',#18023);
#20845 = STYLED_ITEM('color',(#20846),#15262);
#20846 = PRESENTATION_STYLE_ASSIGNMENT((#20847));
#20847 = SURFACE_STYLE_USAGE(.BOTH.,#20848);
#20848 = SURFACE_SIDE_STYLE('',(#20849));
#20849 = SURFACE_STYLE_FILL_AREA(#20850);
#20850 = FILL_AREA_STYLE('',(#20851));
#20851 = FILL_AREA_STYLE_COLOUR('',#18023);
#20852 = STYLED_ITEM('color',(#20853),#15279);
#20853 = PRESENTATION_STYLE_ASSIGNMENT((#20854));
#20854 = SURFACE_STYLE_USAGE(.BOTH.,#20855);
#20855 = SURFACE_SIDE_STYLE('',(#20856));
#20856 = SURFACE_STYLE_FILL_AREA(#20857);
#20857 = FILL_AREA_STYLE('',(#20858));
#20858 = FILL_AREA_STYLE_COLOUR('',#18023);
#20859 = STYLED_ITEM('color',(#20860),#15296);
#20860 = PRESENTATION_STYLE_ASSIGNMENT((#20861));
#20861 = SURFACE_STYLE_USAGE(.BOTH.,#20862);
#20862 = SURFACE_SIDE_STYLE('',(#20863));
#20863 = SURFACE_STYLE_FILL_AREA(#20864);
#20864 = FILL_AREA_STYLE('',(#20865));
#20865 = FILL_AREA_STYLE_COLOUR('',#18023);
#20866 = MECHANICAL_DESIGN_GEOMETRIC_PRESENTATION_REPRESENTATION('',(
    #20867,#20874,#20881,#20888,#20895,#20902,#20909,#20916,#20923,
    #20930,#20937,#20944,#20951,#20958,#20965,#20972),#6106);
#20867 = STYLED_ITEM('color',(#20868),#5683);
#20868 = PRESENTATION_STYLE_ASSIGNMENT((#20869));
#20869 = SURFACE_STYLE_USAGE(.BOTH.,#20870);
#20870 = SURFACE_SIDE_STYLE('',(#20871));
#20871 = SURFACE_STYLE_FILL_AREA(#20872);
#20872 = FILL_AREA_STYLE('',(#20873));
#20873 = FILL_AREA_STYLE_COLOUR('',#18073);
#20874 = STYLED_ITEM('color',(#20875),#5710);
#20875 = PRESENTATION_STYLE_ASSIGNMENT((#20876));
#20876 = SURFACE_STYLE_USAGE(.BOTH.,#20877);
#20877 = SURFACE_SIDE_STYLE('',(#20878));
#20878 = SURFACE_STYLE_FILL_AREA(#20879);
#20879 = FILL_AREA_STYLE('',(#20880));
#20880 = FILL_AREA_STYLE_COLOUR('',#18073);
#20881 = STYLED_ITEM('color',(#20882),#5735);
#20882 = PRESENTATION_STYLE_ASSIGNMENT((#20883));
#20883 = SURFACE_STYLE_USAGE(.BOTH.,#20884);
#20884 = SURFACE_SIDE_STYLE('',(#20885));
#20885 = SURFACE_STYLE_FILL_AREA(#20886);
#20886 = FILL_AREA_STYLE('',(#20887));
#20887 = FILL_AREA_STYLE_COLOUR('',#18073);
#20888 = STYLED_ITEM('color',(#20889),#5763);
#20889 = PRESENTATION_STYLE_ASSIGNMENT((#20890));
#20890 = SURFACE_STYLE_USAGE(.BOTH.,#20891);
#20891 = SURFACE_SIDE_STYLE('',(#20892));
#20892 = SURFACE_STYLE_FILL_AREA(#20893);
#20893 = FILL_AREA_STYLE('',(#20894));
#20894 = FILL_AREA_STYLE_COLOUR('',#18073);
#20895 = STYLED_ITEM('color',(#20896),#5795);
#20896 = PRESENTATION_STYLE_ASSIGNMENT((#20897));
#20897 = SURFACE_STYLE_USAGE(.BOTH.,#20898);
#20898 = SURFACE_SIDE_STYLE('',(#20899));
#20899 = SURFACE_STYLE_FILL_AREA(#20900);
#20900 = FILL_AREA_STYLE('',(#20901));
#20901 = FILL_AREA_STYLE_COLOUR('',#18073);
#20902 = STYLED_ITEM('color',(#20903),#5812);
#20903 = PRESENTATION_STYLE_ASSIGNMENT((#20904));
#20904 = SURFACE_STYLE_USAGE(.BOTH.,#20905);
#20905 = SURFACE_SIDE_STYLE('',(#20906));
#20906 = SURFACE_STYLE_FILL_AREA(#20907);
#20907 = FILL_AREA_STYLE('',(#20908));
#20908 = FILL_AREA_STYLE_COLOUR('',#18073);
#20909 = STYLED_ITEM('color',(#20910),#5890);
#20910 = PRESENTATION_STYLE_ASSIGNMENT((#20911));
#20911 = SURFACE_STYLE_USAGE(.BOTH.,#20912);
#20912 = SURFACE_SIDE_STYLE('',(#20913));
#20913 = SURFACE_STYLE_FILL_AREA(#20914);
#20914 = FILL_AREA_STYLE('',(#20915));
#20915 = FILL_AREA_STYLE_COLOUR('',#18023);
#20916 = STYLED_ITEM('color',(#20917),#5921);
#20917 = PRESENTATION_STYLE_ASSIGNMENT((#20918));
#20918 = SURFACE_STYLE_USAGE(.BOTH.,#20919);
#20919 = SURFACE_SIDE_STYLE('',(#20920));
#20920 = SURFACE_STYLE_FILL_AREA(#20921);
#20921 = FILL_AREA_STYLE('',(#20922));
#20922 = FILL_AREA_STYLE_COLOUR('',#18023);
#20923 = STYLED_ITEM('color',(#20924),#5945);
#20924 = PRESENTATION_STYLE_ASSIGNMENT((#20925));
#20925 = SURFACE_STYLE_USAGE(.BOTH.,#20926);
#20926 = SURFACE_SIDE_STYLE('',(#20927));
#20927 = SURFACE_STYLE_FILL_AREA(#20928);
#20928 = FILL_AREA_STYLE('',(#20929));
#20929 = FILL_AREA_STYLE_COLOUR('',#18023);
#20930 = STYLED_ITEM('color',(#20931),#5969);
#20931 = PRESENTATION_STYLE_ASSIGNMENT((#20932));
#20932 = SURFACE_STYLE_USAGE(.BOTH.,#20933);
#20933 = SURFACE_SIDE_STYLE('',(#20934));
#20934 = SURFACE_STYLE_FILL_AREA(#20935);
#20935 = FILL_AREA_STYLE('',(#20936));
#20936 = FILL_AREA_STYLE_COLOUR('',#18023);
#20937 = STYLED_ITEM('color',(#20938),#5986);
#20938 = PRESENTATION_STYLE_ASSIGNMENT((#20939));
#20939 = SURFACE_STYLE_USAGE(.BOTH.,#20940);
#20940 = SURFACE_SIDE_STYLE('',(#20941));
#20941 = SURFACE_STYLE_FILL_AREA(#20942);
#20942 = FILL_AREA_STYLE('',(#20943));
#20943 = FILL_AREA_STYLE_COLOUR('',#18023);
#20944 = STYLED_ITEM('color',(#20945),#6017);
#20945 = PRESENTATION_STYLE_ASSIGNMENT((#20946));
#20946 = SURFACE_STYLE_USAGE(.BOTH.,#20947);
#20947 = SURFACE_SIDE_STYLE('',(#20948));
#20948 = SURFACE_STYLE_FILL_AREA(#20949);
#20949 = FILL_AREA_STYLE('',(#20950));
#20950 = FILL_AREA_STYLE_COLOUR('',#18023);
#20951 = STYLED_ITEM('color',(#20952),#6041);
#20952 = PRESENTATION_STYLE_ASSIGNMENT((#20953));
#20953 = SURFACE_STYLE_USAGE(.BOTH.,#20954);
#20954 = SURFACE_SIDE_STYLE('',(#20955));
#20955 = SURFACE_STYLE_FILL_AREA(#20956);
#20956 = FILL_AREA_STYLE('',(#20957));
#20957 = FILL_AREA_STYLE_COLOUR('',#18023);
#20958 = STYLED_ITEM('color',(#20959),#6065);
#20959 = PRESENTATION_STYLE_ASSIGNMENT((#20960));
#20960 = SURFACE_STYLE_USAGE(.BOTH.,#20961);
#20961 = SURFACE_SIDE_STYLE('',(#20962));
#20962 = SURFACE_STYLE_FILL_AREA(#20963);
#20963 = FILL_AREA_STYLE('',(#20964));
#20964 = FILL_AREA_STYLE_COLOUR('',#18023);
#20965 = STYLED_ITEM('color',(#20966),#6082);
#20966 = PRESENTATION_STYLE_ASSIGNMENT((#20967));
#20967 = SURFACE_STYLE_USAGE(.BOTH.,#20968);
#20968 = SURFACE_SIDE_STYLE('',(#20969));
#20969 = SURFACE_STYLE_FILL_AREA(#20970);
#20970 = FILL_AREA_STYLE('',(#20971));
#20971 = FILL_AREA_STYLE_COLOUR('',#18023);
#20972 = STYLED_ITEM('color',(#20973),#6094);
#20973 = PRESENTATION_STYLE_ASSIGNMENT((#20974));
#20974 = SURFACE_STYLE_USAGE(.BOTH.,#20975);
#20975 = SURFACE_SIDE_STYLE('',(#20976));
#20976 = SURFACE_STYLE_FILL_AREA(#20977);
#20977 = FILL_AREA_STYLE('',(#20978));
#20978 = FILL_AREA_STYLE_COLOUR('',#18023);
ENDSEC;
END-ISO-10303-21;
