ISO-10303-21;
HEADER;
FILE_DESCRIPTION(('KiCad electronic assembly'),'2;1');
FILE_NAME('SnoreSense_Display_PCB_v6.step','2026-03-12T06:35:15',(
    'Pcbnew'),('Kicad'),'Open CASCADE STEP processor 7.8',
  'KiCad to STEP converter','Unknown');
FILE_SCHEMA(('AUTOMOTIVE_DESIGN { 1 0 10303 214 1 1 1 1 }'));
ENDSEC;
DATA;
#1 = APPLICATION_PROTOCOL_DEFINITION('international standard',
  'automotive_design',2000,#2);
#2 = APPLICATION_CONTEXT(
  'core data for automotive mechanical design processes');
#3 = SHAPE_DEFINITION_REPRESENTATION(#4,#10);
#4 = PRODUCT_DEFINITION_SHAPE('','',#5);
#5 = PRODUCT_DEFINITION('design','',#6,#9);
#6 = PRODUCT_DEFINITION_FORMATION('','',#7);
#7 = PRODUCT('SnoreSense_Display_PCB_v6 1','SnoreSense_Display_PCB_v6 1'
  ,'',(#8));
#8 = PRODUCT_CONTEXT('',#2,'mechanical');
#9 = PRODUCT_DEFINITION_CONTEXT('part definition',#2,'design');
#10 = SHAPE_REPRESENTATION('',(#11,#15,#19,#23,#27,#31,#35,#39,#43,#47),
  #51);
#11 = AXIS2_PLACEMENT_3D('',#12,#13,#14);
#12 = CARTESIAN_POINT('',(0.,0.,0.));
#13 = DIRECTION('',(0.,0.,1.));
#14 = DIRECTION('',(1.,0.,-0.));
#15 = AXIS2_PLACEMENT_3D('',#16,#17,#18);
#16 = CARTESIAN_POINT('',(153.95,-92.8,1.595));
#17 = DIRECTION('',(0.,-0.,1.));
#18 = DIRECTION('',(1.110223024625E-16,1.,0.));
#19 = AXIS2_PLACEMENT_3D('',#20,#21,#22);
#20 = CARTESIAN_POINT('',(132.8,-94.34,1.595));
#21 = DIRECTION('',(0.,-0.,1.));
#22 = DIRECTION('',(1.110223024625E-16,1.,0.));
#23 = AXIS2_PLACEMENT_3D('',#24,#25,#26);
#24 = CARTESIAN_POINT('',(85.6,-85.4,1.595));
#25 = DIRECTION('',(0.,0.,1.));
#26 = DIRECTION('',(1.,0.,0.));
#27 = AXIS2_PLACEMENT_3D('',#28,#29,#30);
#28 = CARTESIAN_POINT('',(103.6,-91.,1.595));
#29 = DIRECTION('',(0.,0.,1.));
#30 = DIRECTION('',(1.,0.,0.));
#31 = AXIS2_PLACEMENT_3D('',#32,#33,#34);
#32 = CARTESIAN_POINT('',(145.5,-99.75,-8.5E-02));
#33 = DIRECTION('',(1.224646799147E-16,-1.359631073447E-32,-1.));
#34 = DIRECTION('',(1.110223024625E-16,1.,0.));
#35 = AXIS2_PLACEMENT_3D('',#36,#37,#38);
#36 = CARTESIAN_POINT('',(155.8,-84.7125,-8.5E-02));
#37 = DIRECTION('',(1.499759782662E-32,1.224646799147E-16,-1.));
#38 = DIRECTION('',(-1.,1.224646799147E-16,0.));
#39 = AXIS2_PLACEMENT_3D('',#40,#41,#42);
#40 = CARTESIAN_POINT('',(142.,-99.75,-8.5E-02));
#41 = DIRECTION('',(1.224646799147E-16,-1.359631073447E-32,-1.));
#42 = DIRECTION('',(1.110223024625E-16,1.,0.));
#43 = AXIS2_PLACEMENT_3D('',#44,#45,#46);
#44 = CARTESIAN_POINT('',(122.2875,-98.8,-8.5E-02));
#45 = DIRECTION('',(1.499759782662E-32,1.224646799147E-16,-1.));
#46 = DIRECTION('',(-1.,1.224646799147E-16,0.));
#47 = AXIS2_PLACEMENT_3D('',#48,#49,#50);
#48 = CARTESIAN_POINT('',(0.,0.,0.));
#49 = DIRECTION('',(0.,0.,1.));
#50 = DIRECTION('',(1.,0.,-0.));
#51 = ( GEOMETRIC_REPRESENTATION_CONTEXT(3) 
GLOBAL_UNCERTAINTY_ASSIGNED_CONTEXT((#55)) GLOBAL_UNIT_ASSIGNED_CONTEXT(
(#52,#53,#54)) REPRESENTATION_CONTEXT('Context #1',
  '3D Context with UNIT and UNCERTAINTY') );
#52 = ( LENGTH_UNIT() NAMED_UNIT(*) SI_UNIT(.MILLI.,.METRE.) );
#53 = ( NAMED_UNIT(*) PLANE_ANGLE_UNIT() SI_UNIT($,.RADIAN.) );
#54 = ( NAMED_UNIT(*) SI_UNIT($,.STERADIAN.) SOLID_ANGLE_UNIT() );
#55 = UNCERTAINTY_MEASURE_WITH_UNIT(LENGTH_MEASURE(1.E-07),#52,
  'distance_accuracy_value','confusion accuracy');
#56 = PRODUCT_RELATED_PRODUCT_CATEGORY('part',$,(#7));
#57 = SHAPE_DEFINITION_REPRESENTATION(#58,#64);
#58 = PRODUCT_DEFINITION_SHAPE('','',#59);
#59 = PRODUCT_DEFINITION('design','',#60,#63);
#60 = PRODUCT_DEFINITION_FORMATION('','',#61);
#61 = PRODUCT('JST_PH_S2B-PH-K_1x02_P2.00mm_Horizontal',
  'JST_PH_S2B-PH-K_1x02_P2.00mm_Horizontal','',(#62));
#62 = PRODUCT_CONTEXT('',#2,'mechanical');
#63 = PRODUCT_DEFINITION_CONTEXT('part definition',#2,'design');
#64 = ADVANCED_BREP_SHAPE_REPRESENTATION('',(#11,#65),#3559);
#65 = MANIFOLD_SOLID_BREP('',#66);
#66 = CLOSED_SHELL('',(#67,#107,#187,#275,#332,#349,#373,#397,#421,#477,
    #613,#644,#656,#742,#756,#812,#869,#893,#966,#990,#1023,#1134,#1251,
    #1291,#1322,#1340,#1357,#1375,#1401,#1432,#1449,#1482,#1522,#1545,
    #1594,#1618,#1665,#1682,#1699,#1711,#1758,#1789,#1806,#1823,#1847,
    #1871,#1888,#1905,#1917,#1934,#1946,#1970,#1988,#2000,#2014,#2045,
    #2069,#2093,#2110,#2141,#2165,#2189,#2206,#2252,#2298,#2315,#2327,
    #2358,#2382,#2406,#2423,#2454,#2478,#2502,#2519,#2616,#2640,#2730,
    #2747,#2844,#2868,#2958,#2975,#2987,#2999,#3016,#3033,#3050,#3083,
    #3123,#3154,#3171,#3188,#3200,#3233,#3250,#3267,#3284,#3317,#3357,
    #3388,#3405,#3422,#3434,#3467,#3484,#3501,#3513,#3530,#3547));
#67 = ADVANCED_FACE('',(#68),#102,.T.);
#68 = FACE_BOUND('',#69,.T.);
#69 = EDGE_LOOP('',(#70,#80,#88,#96));
#70 = ORIENTED_EDGE('',*,*,#71,.F.);
#71 = EDGE_CURVE('',#72,#74,#76,.T.);
#72 = VERTEX_POINT('',#73);
#73 = CARTESIAN_POINT('',(3.95,-4.65,2.5));
#74 = VERTEX_POINT('',#75);
#75 = CARTESIAN_POINT('',(3.95,-6.25,2.5));
#76 = LINE('',#77,#78);
#77 = CARTESIAN_POINT('',(3.95,-4.65,2.5));
#78 = VECTOR('',#79,1.);
#79 = DIRECTION('',(-1.224646799147E-16,-1.,1.110223024625E-16));
#80 = ORIENTED_EDGE('',*,*,#81,.T.);
#81 = EDGE_CURVE('',#72,#82,#84,.T.);
#82 = VERTEX_POINT('',#83);
#83 = CARTESIAN_POINT('',(3.45,-4.65,2.5));
#84 = LINE('',#85,#86);
#85 = CARTESIAN_POINT('',(3.95,-4.65,2.5));
#86 = VECTOR('',#87,1.);
#87 = DIRECTION('',(-1.,1.224646799147E-16,0.));
#88 = ORIENTED_EDGE('',*,*,#89,.T.);
#89 = EDGE_CURVE('',#82,#90,#92,.T.);
#90 = VERTEX_POINT('',#91);
#91 = CARTESIAN_POINT('',(3.45,-6.25,2.5));
#92 = LINE('',#93,#94);
#93 = CARTESIAN_POINT('',(3.45,-5.45,2.5));
#94 = VECTOR('',#95,1.);
#95 = DIRECTION('',(-1.224646799147E-16,-1.,1.110223024625E-16));
#96 = ORIENTED_EDGE('',*,*,#97,.F.);
#97 = EDGE_CURVE('',#74,#90,#98,.T.);
#98 = LINE('',#99,#100);
#99 = CARTESIAN_POINT('',(3.95,-6.25,2.5));
#100 = VECTOR('',#101,1.);
#101 = DIRECTION('',(-1.,1.224646799147E-16,0.));
#102 = PLANE('',#103);
#103 = AXIS2_PLACEMENT_3D('',#104,#105,#106);
#104 = CARTESIAN_POINT('',(3.95,-4.65,2.5));
#105 = DIRECTION('',(1.359631073447E-32,1.110223024625E-16,1.));
#106 = DIRECTION('',(-1.224646799147E-16,-1.,1.110223024625E-16));
#107 = ADVANCED_FACE('',(#108),#182,.T.);
#108 = FACE_BOUND('',#109,.T.);
#109 = EDGE_LOOP('',(#110,#118,#126,#134,#142,#150,#158,#166,#174,#181)
  );
#110 = ORIENTED_EDGE('',*,*,#111,.F.);
#111 = EDGE_CURVE('',#112,#74,#114,.T.);
#112 = VERTEX_POINT('',#113);
#113 = CARTESIAN_POINT('',(3.95,-6.25,0.));
#114 = LINE('',#115,#116);
#115 = CARTESIAN_POINT('',(3.95,-6.25,0.3));
#116 = VECTOR('',#117,1.);
#117 = DIRECTION('',(1.359631073447E-32,1.110223024625E-16,1.));
#118 = ORIENTED_EDGE('',*,*,#119,.F.);
#119 = EDGE_CURVE('',#120,#112,#122,.T.);
#120 = VERTEX_POINT('',#121);
#121 = CARTESIAN_POINT('',(3.95,1.35,0.));
#122 = LINE('',#123,#124);
#123 = CARTESIAN_POINT('',(3.95,1.35,0.));
#124 = VECTOR('',#125,1.);
#125 = DIRECTION('',(-1.224646799147E-16,-1.,0.));
#126 = ORIENTED_EDGE('',*,*,#127,.F.);
#127 = EDGE_CURVE('',#128,#120,#130,.T.);
#128 = VERTEX_POINT('',#129);
#129 = CARTESIAN_POINT('',(3.95,1.35,3.2));
#130 = LINE('',#131,#132);
#131 = CARTESIAN_POINT('',(3.95,1.35,3.2));
#132 = VECTOR('',#133,1.);
#133 = DIRECTION('',(-0.,0.,-1.));
#134 = ORIENTED_EDGE('',*,*,#135,.F.);
#135 = EDGE_CURVE('',#136,#128,#138,.T.);
#136 = VERTEX_POINT('',#137);
#137 = CARTESIAN_POINT('',(3.95,-0.25,4.1));
#138 = LINE('',#139,#140);
#139 = CARTESIAN_POINT('',(3.95,-0.25,4.1));
#140 = VECTOR('',#141,1.);
#141 = DIRECTION('',(1.067372191754E-16,0.871575537124,-0.490261239633)
  );
#142 = ORIENTED_EDGE('',*,*,#143,.T.);
#143 = EDGE_CURVE('',#136,#144,#146,.T.);
#144 = VERTEX_POINT('',#145);
#145 = CARTESIAN_POINT('',(3.95,-0.25,4.8));
#146 = LINE('',#147,#148);
#147 = CARTESIAN_POINT('',(3.95,-0.25,0.3));
#148 = VECTOR('',#149,1.);
#149 = DIRECTION('',(1.359631073447E-32,1.110223024625E-16,1.));
#150 = ORIENTED_EDGE('',*,*,#151,.T.);
#151 = EDGE_CURVE('',#144,#152,#154,.T.);
#152 = VERTEX_POINT('',#153);
#153 = CARTESIAN_POINT('',(3.95,-6.25,4.8));
#154 = LINE('',#155,#156);
#155 = CARTESIAN_POINT('',(3.95,-0.25,4.8));
#156 = VECTOR('',#157,1.);
#157 = DIRECTION('',(-1.224646799147E-16,-1.,1.110223024625E-16));
#158 = ORIENTED_EDGE('',*,*,#159,.F.);
#159 = EDGE_CURVE('',#160,#152,#162,.T.);
#160 = VERTEX_POINT('',#161);
#161 = CARTESIAN_POINT('',(3.95,-6.25,3.3));
#162 = LINE('',#163,#164);
#163 = CARTESIAN_POINT('',(3.95,-6.25,0.3));
#164 = VECTOR('',#165,1.);
#165 = DIRECTION('',(1.359631073447E-32,1.110223024625E-16,1.));
#166 = ORIENTED_EDGE('',*,*,#167,.T.);
#167 = EDGE_CURVE('',#160,#168,#170,.T.);
#168 = VERTEX_POINT('',#169);
#169 = CARTESIAN_POINT('',(3.95,-4.65,3.3));
#170 = LINE('',#171,#172);
#171 = CARTESIAN_POINT('',(3.95,-6.25,3.3));
#172 = VECTOR('',#173,1.);
#173 = DIRECTION('',(1.224646799147E-16,1.,-1.110223024625E-16));
#174 = ORIENTED_EDGE('',*,*,#175,.T.);
#175 = EDGE_CURVE('',#168,#72,#176,.T.);
#176 = CIRCLE('',#177,0.4);
#177 = AXIS2_PLACEMENT_3D('',#178,#179,#180);
#178 = CARTESIAN_POINT('',(3.95,-4.65,2.9));
#179 = DIRECTION('',(-1.,1.224646799147E-16,0.));
#180 = DIRECTION('',(1.359631073446E-32,1.110223024625E-16,1.));
#181 = ORIENTED_EDGE('',*,*,#71,.T.);
#182 = PLANE('',#183);
#183 = AXIS2_PLACEMENT_3D('',#184,#185,#186);
#184 = CARTESIAN_POINT('',(3.95,-2.909897467985,2.368621550033));
#185 = DIRECTION('',(1.,-1.224646799147E-16,-3.096025220137E-32));
#186 = DIRECTION('',(-3.096025220137E-32,3.79153737592E-48,-1.));
#187 = ADVANCED_FACE('',(#188),#270,.T.);
#188 = FACE_BOUND('',#189,.T.);
#189 = EDGE_LOOP('',(#190,#200,#208,#214,#215,#216,#224,#232,#240,#248,
    #256,#264));
#190 = ORIENTED_EDGE('',*,*,#191,.T.);
#191 = EDGE_CURVE('',#192,#194,#196,.T.);
#192 = VERTEX_POINT('',#193);
#193 = CARTESIAN_POINT('',(-0.95,-6.25,0.3));
#194 = VERTEX_POINT('',#195);
#195 = CARTESIAN_POINT('',(2.95,-6.25,0.3));
#196 = LINE('',#197,#198);
#197 = CARTESIAN_POINT('',(-1.95,-6.25,0.3));
#198 = VECTOR('',#199,1.);
#199 = DIRECTION('',(1.,-1.224646799147E-16,0.));
#200 = ORIENTED_EDGE('',*,*,#201,.F.);
#201 = EDGE_CURVE('',#202,#194,#204,.T.);
#202 = VERTEX_POINT('',#203);
#203 = CARTESIAN_POINT('',(2.95,-6.25,0.));
#204 = LINE('',#205,#206);
#205 = CARTESIAN_POINT('',(2.95,-6.25,0.));
#206 = VECTOR('',#207,1.);
#207 = DIRECTION('',(0.,0.,1.));
#208 = ORIENTED_EDGE('',*,*,#209,.F.);
#209 = EDGE_CURVE('',#112,#202,#210,.T.);
#210 = LINE('',#211,#212);
#211 = CARTESIAN_POINT('',(3.95,-6.25,0.));
#212 = VECTOR('',#213,1.);
#213 = DIRECTION('',(-1.,1.224646799147E-16,0.));
#214 = ORIENTED_EDGE('',*,*,#111,.T.);
#215 = ORIENTED_EDGE('',*,*,#97,.T.);
#216 = ORIENTED_EDGE('',*,*,#217,.F.);
#217 = EDGE_CURVE('',#218,#90,#220,.T.);
#218 = VERTEX_POINT('',#219);
#219 = CARTESIAN_POINT('',(3.45,-6.25,0.8));
#220 = LINE('',#221,#222);
#221 = CARTESIAN_POINT('',(3.45,-6.25,0.8));
#222 = VECTOR('',#223,1.);
#223 = DIRECTION('',(1.359631073447E-32,1.110223024625E-16,1.));
#224 = ORIENTED_EDGE('',*,*,#225,.F.);
#225 = EDGE_CURVE('',#226,#218,#228,.T.);
#226 = VERTEX_POINT('',#227);
#227 = CARTESIAN_POINT('',(-1.45,-6.25,0.8));
#228 = LINE('',#229,#230);
#229 = CARTESIAN_POINT('',(-1.45,-6.25,0.8));
#230 = VECTOR('',#231,1.);
#231 = DIRECTION('',(1.,-1.224646799147E-16,0.));
#232 = ORIENTED_EDGE('',*,*,#233,.F.);
#233 = EDGE_CURVE('',#234,#226,#236,.T.);
#234 = VERTEX_POINT('',#235);
#235 = CARTESIAN_POINT('',(-1.45,-6.25,2.5));
#236 = LINE('',#237,#238);
#237 = CARTESIAN_POINT('',(-1.45,-6.25,4.2));
#238 = VECTOR('',#239,1.);
#239 = DIRECTION('',(-1.359631073447E-32,-1.110223024625E-16,-1.));
#240 = ORIENTED_EDGE('',*,*,#241,.T.);
#241 = EDGE_CURVE('',#234,#242,#244,.T.);
#242 = VERTEX_POINT('',#243);
#243 = CARTESIAN_POINT('',(-1.95,-6.25,2.5));
#244 = LINE('',#245,#246);
#245 = CARTESIAN_POINT('',(3.95,-6.25,2.5));
#246 = VECTOR('',#247,1.);
#247 = DIRECTION('',(-1.,1.224646799147E-16,0.));
#248 = ORIENTED_EDGE('',*,*,#249,.T.);
#249 = EDGE_CURVE('',#242,#250,#252,.T.);
#250 = VERTEX_POINT('',#251);
#251 = CARTESIAN_POINT('',(-1.95,-6.25,0.));
#252 = LINE('',#253,#254);
#253 = CARTESIAN_POINT('',(-1.95,-6.25,4.8));
#254 = VECTOR('',#255,1.);
#255 = DIRECTION('',(-1.359631073447E-32,-1.110223024625E-16,-1.));
#256 = ORIENTED_EDGE('',*,*,#257,.F.);
#257 = EDGE_CURVE('',#258,#250,#260,.T.);
#258 = VERTEX_POINT('',#259);
#259 = CARTESIAN_POINT('',(-0.95,-6.25,0.));
#260 = LINE('',#261,#262);
#261 = CARTESIAN_POINT('',(-0.95,-6.25,0.));
#262 = VECTOR('',#263,1.);
#263 = DIRECTION('',(-1.,1.224646799147E-16,0.));
#264 = ORIENTED_EDGE('',*,*,#265,.T.);
#265 = EDGE_CURVE('',#258,#192,#266,.T.);
#266 = LINE('',#267,#268);
#267 = CARTESIAN_POINT('',(-0.95,-6.25,0.));
#268 = VECTOR('',#269,1.);
#269 = DIRECTION('',(0.,0.,1.));
#270 = PLANE('',#271);
#271 = AXIS2_PLACEMENT_3D('',#272,#273,#274);
#272 = CARTESIAN_POINT('',(1.,-6.25,0.939423076923));
#273 = DIRECTION('',(-1.224646799147E-16,-1.,-4.111705995194E-31));
#274 = DIRECTION('',(-5.03538758605E-47,-4.111705995194E-31,1.));
#275 = ADVANCED_FACE('',(#276),#327,.F.);
#276 = FACE_BOUND('',#277,.F.);
#277 = EDGE_LOOP('',(#278,#279,#287,#295,#303,#311,#319,#326));
#278 = ORIENTED_EDGE('',*,*,#217,.F.);
#279 = ORIENTED_EDGE('',*,*,#280,.T.);
#280 = EDGE_CURVE('',#218,#281,#283,.T.);
#281 = VERTEX_POINT('',#282);
#282 = CARTESIAN_POINT('',(3.45,-2.05,0.8));
#283 = LINE('',#284,#285);
#284 = CARTESIAN_POINT('',(3.45,-6.25,0.8));
#285 = VECTOR('',#286,1.);
#286 = DIRECTION('',(1.224646799147E-16,1.,-1.110223024625E-16));
#287 = ORIENTED_EDGE('',*,*,#288,.T.);
#288 = EDGE_CURVE('',#281,#289,#291,.T.);
#289 = VERTEX_POINT('',#290);
#290 = CARTESIAN_POINT('',(3.45,-2.05,4.2));
#291 = LINE('',#292,#293);
#292 = CARTESIAN_POINT('',(3.45,-2.05,0.8));
#293 = VECTOR('',#294,1.);
#294 = DIRECTION('',(1.359631073447E-32,1.110223024625E-16,1.));
#295 = ORIENTED_EDGE('',*,*,#296,.F.);
#296 = EDGE_CURVE('',#297,#289,#299,.T.);
#297 = VERTEX_POINT('',#298);
#298 = CARTESIAN_POINT('',(3.45,-6.25,4.2));
#299 = LINE('',#300,#301);
#300 = CARTESIAN_POINT('',(3.45,-6.25,4.2));
#301 = VECTOR('',#302,1.);
#302 = DIRECTION('',(1.224646799147E-16,1.,-1.110223024625E-16));
#303 = ORIENTED_EDGE('',*,*,#304,.F.);
#304 = EDGE_CURVE('',#305,#297,#307,.T.);
#305 = VERTEX_POINT('',#306);
#306 = CARTESIAN_POINT('',(3.45,-6.25,3.3));
#307 = LINE('',#308,#309);
#308 = CARTESIAN_POINT('',(3.45,-6.25,0.8));
#309 = VECTOR('',#310,1.);
#310 = DIRECTION('',(1.359631073447E-32,1.110223024625E-16,1.));
#311 = ORIENTED_EDGE('',*,*,#312,.T.);
#312 = EDGE_CURVE('',#305,#313,#315,.T.);
#313 = VERTEX_POINT('',#314);
#314 = CARTESIAN_POINT('',(3.45,-4.65,3.3));
#315 = LINE('',#316,#317);
#316 = CARTESIAN_POINT('',(3.45,-6.25,3.3));
#317 = VECTOR('',#318,1.);
#318 = DIRECTION('',(1.224646799147E-16,1.,-1.110223024625E-16));
#319 = ORIENTED_EDGE('',*,*,#320,.F.);
#320 = EDGE_CURVE('',#82,#313,#321,.T.);
#321 = CIRCLE('',#322,0.4);
#322 = AXIS2_PLACEMENT_3D('',#323,#324,#325);
#323 = CARTESIAN_POINT('',(3.45,-4.65,2.9));
#324 = DIRECTION('',(1.,-1.224646799147E-16,0.));
#325 = DIRECTION('',(1.359631073446E-32,1.110223024625E-16,1.));
#326 = ORIENTED_EDGE('',*,*,#89,.T.);
#327 = PLANE('',#328);
#328 = AXIS2_PLACEMENT_3D('',#329,#330,#331);
#329 = CARTESIAN_POINT('',(3.45,-6.25,0.8));
#330 = DIRECTION('',(1.,-1.224646799147E-16,0.));
#331 = DIRECTION('',(1.359631073446E-32,1.110223024625E-16,1.));
#332 = ADVANCED_FACE('',(#333),#344,.F.);
#333 = FACE_BOUND('',#334,.F.);
#334 = EDGE_LOOP('',(#335,#336,#337,#343));
#335 = ORIENTED_EDGE('',*,*,#81,.T.);
#336 = ORIENTED_EDGE('',*,*,#320,.T.);
#337 = ORIENTED_EDGE('',*,*,#338,.F.);
#338 = EDGE_CURVE('',#168,#313,#339,.T.);
#339 = LINE('',#340,#341);
#340 = CARTESIAN_POINT('',(3.95,-4.65,3.3));
#341 = VECTOR('',#342,1.);
#342 = DIRECTION('',(-1.,1.224646799147E-16,0.));
#343 = ORIENTED_EDGE('',*,*,#175,.T.);
#344 = CYLINDRICAL_SURFACE('',#345,0.4);
#345 = AXIS2_PLACEMENT_3D('',#346,#347,#348);
#346 = CARTESIAN_POINT('',(3.95,-4.65,2.9));
#347 = DIRECTION('',(1.,-1.224646799147E-16,0.));
#348 = DIRECTION('',(1.359631073446E-32,1.110223024625E-16,1.));
#349 = ADVANCED_FACE('',(#350),#368,.F.);
#350 = FACE_BOUND('',#351,.F.);
#351 = EDGE_LOOP('',(#352,#360,#366,#367));
#352 = ORIENTED_EDGE('',*,*,#353,.T.);
#353 = EDGE_CURVE('',#120,#354,#356,.T.);
#354 = VERTEX_POINT('',#355);
#355 = CARTESIAN_POINT('',(2.95,1.35,0.));
#356 = LINE('',#357,#358);
#357 = CARTESIAN_POINT('',(3.95,1.35,0.));
#358 = VECTOR('',#359,1.);
#359 = DIRECTION('',(-1.,1.224646799147E-16,0.));
#360 = ORIENTED_EDGE('',*,*,#361,.T.);
#361 = EDGE_CURVE('',#354,#202,#362,.T.);
#362 = LINE('',#363,#364);
#363 = CARTESIAN_POINT('',(2.95,1.35,0.));
#364 = VECTOR('',#365,1.);
#365 = DIRECTION('',(-1.224646799147E-16,-1.,0.));
#366 = ORIENTED_EDGE('',*,*,#209,.F.);
#367 = ORIENTED_EDGE('',*,*,#119,.F.);
#368 = PLANE('',#369);
#369 = AXIS2_PLACEMENT_3D('',#370,#371,#372);
#370 = CARTESIAN_POINT('',(3.95,1.35,0.));
#371 = DIRECTION('',(0.,0.,1.));
#372 = DIRECTION('',(-1.224646799147E-16,-1.,0.));
#373 = ADVANCED_FACE('',(#374),#392,.F.);
#374 = FACE_BOUND('',#375,.F.);
#375 = EDGE_LOOP('',(#376,#384,#390,#391));
#376 = ORIENTED_EDGE('',*,*,#377,.T.);
#377 = EDGE_CURVE('',#128,#378,#380,.T.);
#378 = VERTEX_POINT('',#379);
#379 = CARTESIAN_POINT('',(2.95,1.35,3.2));
#380 = LINE('',#381,#382);
#381 = CARTESIAN_POINT('',(3.95,1.35,3.2));
#382 = VECTOR('',#383,1.);
#383 = DIRECTION('',(-1.,1.224646799147E-16,0.));
#384 = ORIENTED_EDGE('',*,*,#385,.T.);
#385 = EDGE_CURVE('',#378,#354,#386,.T.);
#386 = LINE('',#387,#388);
#387 = CARTESIAN_POINT('',(2.95,1.35,3.2));
#388 = VECTOR('',#389,1.);
#389 = DIRECTION('',(-0.,0.,-1.));
#390 = ORIENTED_EDGE('',*,*,#353,.F.);
#391 = ORIENTED_EDGE('',*,*,#127,.F.);
#392 = PLANE('',#393);
#393 = AXIS2_PLACEMENT_3D('',#394,#395,#396);
#394 = CARTESIAN_POINT('',(3.95,1.35,3.2));
#395 = DIRECTION('',(-1.224646799147E-16,-1.,0.));
#396 = DIRECTION('',(-0.,0.,-1.));
#397 = ADVANCED_FACE('',(#398),#416,.F.);
#398 = FACE_BOUND('',#399,.F.);
#399 = EDGE_LOOP('',(#400,#408,#414,#415));
#400 = ORIENTED_EDGE('',*,*,#401,.T.);
#401 = EDGE_CURVE('',#136,#402,#404,.T.);
#402 = VERTEX_POINT('',#403);
#403 = CARTESIAN_POINT('',(2.95,-0.25,4.1));
#404 = LINE('',#405,#406);
#405 = CARTESIAN_POINT('',(3.95,-0.25,4.1));
#406 = VECTOR('',#407,1.);
#407 = DIRECTION('',(-1.,1.224646799147E-16,0.));
#408 = ORIENTED_EDGE('',*,*,#409,.T.);
#409 = EDGE_CURVE('',#402,#378,#410,.T.);
#410 = LINE('',#411,#412);
#411 = CARTESIAN_POINT('',(2.95,-0.25,4.1));
#412 = VECTOR('',#413,1.);
#413 = DIRECTION('',(1.067372191754E-16,0.871575537124,-0.490261239633)
  );
#414 = ORIENTED_EDGE('',*,*,#377,.F.);
#415 = ORIENTED_EDGE('',*,*,#135,.F.);
#416 = PLANE('',#417);
#417 = AXIS2_PLACEMENT_3D('',#418,#419,#420);
#418 = CARTESIAN_POINT('',(3.95,-0.25,4.1));
#419 = DIRECTION('',(-6.003968578616E-17,-0.490261239633,-0.871575537124
    ));
#420 = DIRECTION('',(1.067372191754E-16,0.871575537124,-0.490261239633)
  );
#421 = ADVANCED_FACE('',(#422),#472,.F.);
#422 = FACE_BOUND('',#423,.F.);
#423 = EDGE_LOOP('',(#424,#434,#442,#448,#449,#450,#458,#466));
#424 = ORIENTED_EDGE('',*,*,#425,.F.);
#425 = EDGE_CURVE('',#426,#428,#430,.T.);
#426 = VERTEX_POINT('',#427);
#427 = CARTESIAN_POINT('',(2.75,-0.25,0.3));
#428 = VERTEX_POINT('',#429);
#429 = CARTESIAN_POINT('',(2.75,-0.25,4.2));
#430 = LINE('',#431,#432);
#431 = CARTESIAN_POINT('',(2.75,-0.25,0.3));
#432 = VECTOR('',#433,1.);
#433 = DIRECTION('',(1.359631073447E-32,1.110223024625E-16,1.));
#434 = ORIENTED_EDGE('',*,*,#435,.T.);
#435 = EDGE_CURVE('',#426,#436,#438,.T.);
#436 = VERTEX_POINT('',#437);
#437 = CARTESIAN_POINT('',(2.95,-0.25,0.3));
#438 = LINE('',#439,#440);
#439 = CARTESIAN_POINT('',(-1.95,-0.25,0.3));
#440 = VECTOR('',#441,1.);
#441 = DIRECTION('',(1.,-1.224646799147E-16,0.));
#442 = ORIENTED_EDGE('',*,*,#443,.T.);
#443 = EDGE_CURVE('',#436,#402,#444,.T.);
#444 = LINE('',#445,#446);
#445 = CARTESIAN_POINT('',(2.95,-0.25,0.3));
#446 = VECTOR('',#447,1.);
#447 = DIRECTION('',(0.,0.,1.));
#448 = ORIENTED_EDGE('',*,*,#401,.F.);
#449 = ORIENTED_EDGE('',*,*,#143,.T.);
#450 = ORIENTED_EDGE('',*,*,#451,.T.);
#451 = EDGE_CURVE('',#144,#452,#454,.T.);
#452 = VERTEX_POINT('',#453);
#453 = CARTESIAN_POINT('',(3.4,-0.25,4.8));
#454 = LINE('',#455,#456);
#455 = CARTESIAN_POINT('',(3.95,-0.25,4.8));
#456 = VECTOR('',#457,1.);
#457 = DIRECTION('',(-1.,1.224646799147E-16,0.));
#458 = ORIENTED_EDGE('',*,*,#459,.T.);
#459 = EDGE_CURVE('',#452,#460,#462,.T.);
#460 = VERTEX_POINT('',#461);
#461 = CARTESIAN_POINT('',(3.4,-0.25,4.2));
#462 = LINE('',#463,#464);
#463 = CARTESIAN_POINT('',(3.4,-0.25,4.8));
#464 = VECTOR('',#465,1.);
#465 = DIRECTION('',(-1.359631073447E-32,-1.110223024625E-16,-1.));
#466 = ORIENTED_EDGE('',*,*,#467,.T.);
#467 = EDGE_CURVE('',#460,#428,#468,.T.);
#468 = LINE('',#469,#470);
#469 = CARTESIAN_POINT('',(3.4,-0.25,4.2));
#470 = VECTOR('',#471,1.);
#471 = DIRECTION('',(-1.,1.224646799147E-16,0.));
#472 = PLANE('',#473);
#473 = AXIS2_PLACEMENT_3D('',#474,#475,#476);
#474 = CARTESIAN_POINT('',(1.,-0.25,2.55));
#475 = DIRECTION('',(-1.224646799147E-16,-1.,1.110223024625E-16));
#476 = DIRECTION('',(-1.,1.224646799147E-16,1.219283680787E-48));
#477 = ADVANCED_FACE('',(#478),#608,.F.);
#478 = FACE_BOUND('',#479,.F.);
#479 = EDGE_LOOP('',(#480,#481,#482,#490,#498,#506,#514,#522,#530,#538,
    #546,#554,#562,#570,#578,#586,#594,#602));
#480 = ORIENTED_EDGE('',*,*,#451,.F.);
#481 = ORIENTED_EDGE('',*,*,#151,.T.);
#482 = ORIENTED_EDGE('',*,*,#483,.T.);
#483 = EDGE_CURVE('',#152,#484,#486,.T.);
#484 = VERTEX_POINT('',#485);
#485 = CARTESIAN_POINT('',(1.45,-6.25,4.8));
#486 = LINE('',#487,#488);
#487 = CARTESIAN_POINT('',(3.95,-6.25,4.8));
#488 = VECTOR('',#489,1.);
#489 = DIRECTION('',(-1.,1.224646799147E-16,0.));
#490 = ORIENTED_EDGE('',*,*,#491,.T.);
#491 = EDGE_CURVE('',#484,#492,#494,.T.);
#492 = VERTEX_POINT('',#493);
#493 = CARTESIAN_POINT('',(1.45,-2.35,4.8));
#494 = LINE('',#495,#496);
#495 = CARTESIAN_POINT('',(1.45,-6.25,4.8));
#496 = VECTOR('',#497,1.);
#497 = DIRECTION('',(1.224646799147E-16,1.,-1.110223024625E-16));
#498 = ORIENTED_EDGE('',*,*,#499,.T.);
#499 = EDGE_CURVE('',#492,#500,#502,.T.);
#500 = VERTEX_POINT('',#501);
#501 = CARTESIAN_POINT('',(0.55,-2.35,4.8));
#502 = LINE('',#503,#504);
#503 = CARTESIAN_POINT('',(1.45,-2.35,4.8));
#504 = VECTOR('',#505,1.);
#505 = DIRECTION('',(-1.,1.224646799147E-16,0.));
#506 = ORIENTED_EDGE('',*,*,#507,.T.);
#507 = EDGE_CURVE('',#500,#508,#510,.T.);
#508 = VERTEX_POINT('',#509);
#509 = CARTESIAN_POINT('',(0.55,-6.25,4.8));
#510 = LINE('',#511,#512);
#511 = CARTESIAN_POINT('',(0.55,-2.35,4.8));
#512 = VECTOR('',#513,1.);
#513 = DIRECTION('',(-1.224646799147E-16,-1.,1.110223024625E-16));
#514 = ORIENTED_EDGE('',*,*,#515,.T.);
#515 = EDGE_CURVE('',#508,#516,#518,.T.);
#516 = VERTEX_POINT('',#517);
#517 = CARTESIAN_POINT('',(-0.45,-6.25,4.8));
#518 = LINE('',#519,#520);
#519 = CARTESIAN_POINT('',(3.95,-6.25,4.8));
#520 = VECTOR('',#521,1.);
#521 = DIRECTION('',(-1.,1.224646799147E-16,0.));
#522 = ORIENTED_EDGE('',*,*,#523,.F.);
#523 = EDGE_CURVE('',#524,#516,#526,.T.);
#524 = VERTEX_POINT('',#525);
#525 = CARTESIAN_POINT('',(-0.45,-4.45,4.8));
#526 = LINE('',#527,#528);
#527 = CARTESIAN_POINT('',(-0.45,-4.45,4.8));
#528 = VECTOR('',#529,1.);
#529 = DIRECTION('',(-1.224646799147E-16,-1.,1.110223024625E-16));
#530 = ORIENTED_EDGE('',*,*,#531,.F.);
#531 = EDGE_CURVE('',#532,#524,#534,.T.);
#532 = VERTEX_POINT('',#533);
#533 = CARTESIAN_POINT('',(-0.4,-4.45,4.8));
#534 = LINE('',#535,#536);
#535 = CARTESIAN_POINT('',(-0.4,-4.45,4.8));
#536 = VECTOR('',#537,1.);
#537 = DIRECTION('',(-1.,1.224646799147E-16,0.));
#538 = ORIENTED_EDGE('',*,*,#539,.F.);
#539 = EDGE_CURVE('',#540,#532,#542,.T.);
#540 = VERTEX_POINT('',#541);
#541 = CARTESIAN_POINT('',(-0.4,-0.45,4.8));
#542 = LINE('',#543,#544);
#543 = CARTESIAN_POINT('',(-0.4,-0.25,4.8));
#544 = VECTOR('',#545,1.);
#545 = DIRECTION('',(-1.224646799147E-16,-1.,1.110223024625E-16));
#546 = ORIENTED_EDGE('',*,*,#547,.F.);
#547 = EDGE_CURVE('',#548,#540,#550,.T.);
#548 = VERTEX_POINT('',#549);
#549 = CARTESIAN_POINT('',(0.75,-0.45,4.8));
#550 = LINE('',#551,#552);
#551 = CARTESIAN_POINT('',(0.75,-0.45,4.8));
#552 = VECTOR('',#553,1.);
#553 = DIRECTION('',(-1.,1.224646799147E-16,0.));
#554 = ORIENTED_EDGE('',*,*,#555,.F.);
#555 = EDGE_CURVE('',#556,#548,#558,.T.);
#556 = VERTEX_POINT('',#557);
#557 = CARTESIAN_POINT('',(0.75,-0.25,4.8));
#558 = LINE('',#559,#560);
#559 = CARTESIAN_POINT('',(0.75,-0.25,4.8));
#560 = VECTOR('',#561,1.);
#561 = DIRECTION('',(-1.224646799147E-16,-1.,1.110223024625E-16));
#562 = ORIENTED_EDGE('',*,*,#563,.F.);
#563 = EDGE_CURVE('',#564,#556,#566,.T.);
#564 = VERTEX_POINT('',#565);
#565 = CARTESIAN_POINT('',(1.25,-0.25,4.8));
#566 = LINE('',#567,#568);
#567 = CARTESIAN_POINT('',(3.95,-0.25,4.8));
#568 = VECTOR('',#569,1.);
#569 = DIRECTION('',(-1.,1.224646799147E-16,0.));
#570 = ORIENTED_EDGE('',*,*,#571,.T.);
#571 = EDGE_CURVE('',#564,#572,#574,.T.);
#572 = VERTEX_POINT('',#573);
#573 = CARTESIAN_POINT('',(1.25,-0.45,4.8));
#574 = LINE('',#575,#576);
#575 = CARTESIAN_POINT('',(1.25,-0.25,4.8));
#576 = VECTOR('',#577,1.);
#577 = DIRECTION('',(-1.224646799147E-16,-1.,1.110223024625E-16));
#578 = ORIENTED_EDGE('',*,*,#579,.F.);
#579 = EDGE_CURVE('',#580,#572,#582,.T.);
#580 = VERTEX_POINT('',#581);
#581 = CARTESIAN_POINT('',(2.4,-0.45,4.8));
#582 = LINE('',#583,#584);
#583 = CARTESIAN_POINT('',(2.75,-0.45,4.8));
#584 = VECTOR('',#585,1.);
#585 = DIRECTION('',(-1.,1.224646799147E-16,0.));
#586 = ORIENTED_EDGE('',*,*,#587,.T.);
#587 = EDGE_CURVE('',#580,#588,#590,.T.);
#588 = VERTEX_POINT('',#589);
#589 = CARTESIAN_POINT('',(2.4,-4.45,4.8));
#590 = LINE('',#591,#592);
#591 = CARTESIAN_POINT('',(2.4,-0.25,4.8));
#592 = VECTOR('',#593,1.);
#593 = DIRECTION('',(-1.224646799147E-16,-1.,1.110223024625E-16));
#594 = ORIENTED_EDGE('',*,*,#595,.T.);
#595 = EDGE_CURVE('',#588,#596,#598,.T.);
#596 = VERTEX_POINT('',#597);
#597 = CARTESIAN_POINT('',(3.4,-4.45,4.8));
#598 = LINE('',#599,#600);
#599 = CARTESIAN_POINT('',(2.4,-4.45,4.8));
#600 = VECTOR('',#601,1.);
#601 = DIRECTION('',(1.,-1.224646799147E-16,0.));
#602 = ORIENTED_EDGE('',*,*,#603,.T.);
#603 = EDGE_CURVE('',#596,#452,#604,.T.);
#604 = LINE('',#605,#606);
#605 = CARTESIAN_POINT('',(3.4,-4.45,4.8));
#606 = VECTOR('',#607,1.);
#607 = DIRECTION('',(1.224646799147E-16,1.,-1.110223024625E-16));
#608 = PLANE('',#609);
#609 = AXIS2_PLACEMENT_3D('',#610,#611,#612);
#610 = CARTESIAN_POINT('',(3.95,-0.25,4.8));
#611 = DIRECTION('',(-1.359631073447E-32,-1.110223024625E-16,-1.));
#612 = DIRECTION('',(-1.,1.224646799147E-16,6.927121900793E-45));
#613 = ADVANCED_FACE('',(#614),#639,.T.);
#614 = FACE_BOUND('',#615,.T.);
#615 = EDGE_LOOP('',(#616,#622,#623,#624,#632,#638));
#616 = ORIENTED_EDGE('',*,*,#617,.F.);
#617 = EDGE_CURVE('',#160,#305,#618,.T.);
#618 = LINE('',#619,#620);
#619 = CARTESIAN_POINT('',(3.95,-6.25,3.3));
#620 = VECTOR('',#621,1.);
#621 = DIRECTION('',(-1.,1.224646799147E-16,0.));
#622 = ORIENTED_EDGE('',*,*,#159,.T.);
#623 = ORIENTED_EDGE('',*,*,#483,.T.);
#624 = ORIENTED_EDGE('',*,*,#625,.T.);
#625 = EDGE_CURVE('',#484,#626,#628,.T.);
#626 = VERTEX_POINT('',#627);
#627 = CARTESIAN_POINT('',(1.45,-6.25,4.2));
#628 = LINE('',#629,#630);
#629 = CARTESIAN_POINT('',(1.45,-6.25,4.8));
#630 = VECTOR('',#631,1.);
#631 = DIRECTION('',(-1.359631073447E-32,-1.110223024625E-16,-1.));
#632 = ORIENTED_EDGE('',*,*,#633,.F.);
#633 = EDGE_CURVE('',#297,#626,#634,.T.);
#634 = LINE('',#635,#636);
#635 = CARTESIAN_POINT('',(3.45,-6.25,4.2));
#636 = VECTOR('',#637,1.);
#637 = DIRECTION('',(-1.,1.224646799147E-16,0.));
#638 = ORIENTED_EDGE('',*,*,#304,.F.);
#639 = PLANE('',#640);
#640 = AXIS2_PLACEMENT_3D('',#641,#642,#643);
#641 = CARTESIAN_POINT('',(1.,-6.25,2.55));
#642 = DIRECTION('',(-1.224646799147E-16,-1.,1.110223024625E-16));
#643 = DIRECTION('',(-1.,1.224646799147E-16,1.219283680787E-48));
#644 = ADVANCED_FACE('',(#645),#651,.T.);
#645 = FACE_BOUND('',#646,.T.);
#646 = EDGE_LOOP('',(#647,#648,#649,#650));
#647 = ORIENTED_EDGE('',*,*,#167,.F.);
#648 = ORIENTED_EDGE('',*,*,#617,.T.);
#649 = ORIENTED_EDGE('',*,*,#312,.T.);
#650 = ORIENTED_EDGE('',*,*,#338,.F.);
#651 = PLANE('',#652);
#652 = AXIS2_PLACEMENT_3D('',#653,#654,#655);
#653 = CARTESIAN_POINT('',(3.95,-6.25,3.3));
#654 = DIRECTION('',(-1.359631073447E-32,-1.110223024625E-16,-1.));
#655 = DIRECTION('',(1.224646799147E-16,1.,-1.110223024625E-16));
#656 = ADVANCED_FACE('',(#657),#737,.F.);
#657 = FACE_BOUND('',#658,.F.);
#658 = EDGE_LOOP('',(#659,#669,#675,#676,#682,#683,#691,#699,#707,#715,
    #723,#731));
#659 = ORIENTED_EDGE('',*,*,#660,.F.);
#660 = EDGE_CURVE('',#661,#663,#665,.T.);
#661 = VERTEX_POINT('',#662);
#662 = CARTESIAN_POINT('',(-0.95,-0.25,0.3));
#663 = VERTEX_POINT('',#664);
#664 = CARTESIAN_POINT('',(-0.75,-0.25,0.3));
#665 = LINE('',#666,#667);
#666 = CARTESIAN_POINT('',(-1.95,-0.25,0.3));
#667 = VECTOR('',#668,1.);
#668 = DIRECTION('',(1.,-1.224646799147E-16,0.));
#669 = ORIENTED_EDGE('',*,*,#670,.F.);
#670 = EDGE_CURVE('',#192,#661,#671,.T.);
#671 = LINE('',#672,#673);
#672 = CARTESIAN_POINT('',(-0.95,-6.25,0.3));
#673 = VECTOR('',#674,1.);
#674 = DIRECTION('',(1.224646799147E-16,1.,0.));
#675 = ORIENTED_EDGE('',*,*,#191,.T.);
#676 = ORIENTED_EDGE('',*,*,#677,.T.);
#677 = EDGE_CURVE('',#194,#436,#678,.T.);
#678 = LINE('',#679,#680);
#679 = CARTESIAN_POINT('',(2.95,-6.25,0.3));
#680 = VECTOR('',#681,1.);
#681 = DIRECTION('',(1.224646799147E-16,1.,0.));
#682 = ORIENTED_EDGE('',*,*,#435,.F.);
#683 = ORIENTED_EDGE('',*,*,#684,.F.);
#684 = EDGE_CURVE('',#685,#426,#687,.T.);
#685 = VERTEX_POINT('',#686);
#686 = CARTESIAN_POINT('',(2.75,-0.45,0.3));
#687 = LINE('',#688,#689);
#688 = CARTESIAN_POINT('',(2.75,-0.45,0.3));
#689 = VECTOR('',#690,1.);
#690 = DIRECTION('',(1.224646799147E-16,1.,-1.110223024625E-16));
#691 = ORIENTED_EDGE('',*,*,#692,.T.);
#692 = EDGE_CURVE('',#685,#693,#695,.T.);
#693 = VERTEX_POINT('',#694);
#694 = CARTESIAN_POINT('',(1.25,-0.45,0.3));
#695 = LINE('',#696,#697);
#696 = CARTESIAN_POINT('',(2.75,-0.45,0.3));
#697 = VECTOR('',#698,1.);
#698 = DIRECTION('',(-1.,1.224646799147E-16,0.));
#699 = ORIENTED_EDGE('',*,*,#700,.T.);
#700 = EDGE_CURVE('',#693,#701,#703,.T.);
#701 = VERTEX_POINT('',#702);
#702 = CARTESIAN_POINT('',(1.25,-0.25,0.3));
#703 = LINE('',#704,#705);
#704 = CARTESIAN_POINT('',(1.25,-0.45,0.3));
#705 = VECTOR('',#706,1.);
#706 = DIRECTION('',(1.224646799147E-16,1.,-1.110223024625E-16));
#707 = ORIENTED_EDGE('',*,*,#708,.F.);
#708 = EDGE_CURVE('',#709,#701,#711,.T.);
#709 = VERTEX_POINT('',#710);
#710 = CARTESIAN_POINT('',(0.75,-0.25,0.3));
#711 = LINE('',#712,#713);
#712 = CARTESIAN_POINT('',(-1.95,-0.25,0.3));
#713 = VECTOR('',#714,1.);
#714 = DIRECTION('',(1.,-1.224646799147E-16,0.));
#715 = ORIENTED_EDGE('',*,*,#716,.F.);
#716 = EDGE_CURVE('',#717,#709,#719,.T.);
#717 = VERTEX_POINT('',#718);
#718 = CARTESIAN_POINT('',(0.75,-0.45,0.3));
#719 = LINE('',#720,#721);
#720 = CARTESIAN_POINT('',(0.75,-0.45,0.3));
#721 = VECTOR('',#722,1.);
#722 = DIRECTION('',(1.224646799147E-16,1.,-1.110223024625E-16));
#723 = ORIENTED_EDGE('',*,*,#724,.T.);
#724 = EDGE_CURVE('',#717,#725,#727,.T.);
#725 = VERTEX_POINT('',#726);
#726 = CARTESIAN_POINT('',(-0.75,-0.45,0.3));
#727 = LINE('',#728,#729);
#728 = CARTESIAN_POINT('',(0.75,-0.45,0.3));
#729 = VECTOR('',#730,1.);
#730 = DIRECTION('',(-1.,1.224646799147E-16,0.));
#731 = ORIENTED_EDGE('',*,*,#732,.T.);
#732 = EDGE_CURVE('',#725,#663,#733,.T.);
#733 = LINE('',#734,#735);
#734 = CARTESIAN_POINT('',(-0.75,-0.45,0.3));
#735 = VECTOR('',#736,1.);
#736 = DIRECTION('',(1.224646799147E-16,1.,-1.110223024625E-16));
#737 = PLANE('',#738);
#738 = AXIS2_PLACEMENT_3D('',#739,#740,#741);
#739 = CARTESIAN_POINT('',(-1.95,-0.25,0.3));
#740 = DIRECTION('',(1.359631073447E-32,1.110223024625E-16,1.));
#741 = DIRECTION('',(1.,-1.224646799147E-16,-6.927121900793E-45));
#742 = ADVANCED_FACE('',(#743),#751,.T.);
#743 = FACE_BOUND('',#744,.T.);
#744 = EDGE_LOOP('',(#745,#746,#747,#748,#749,#750));
#745 = ORIENTED_EDGE('',*,*,#443,.T.);
#746 = ORIENTED_EDGE('',*,*,#409,.T.);
#747 = ORIENTED_EDGE('',*,*,#385,.T.);
#748 = ORIENTED_EDGE('',*,*,#361,.T.);
#749 = ORIENTED_EDGE('',*,*,#201,.T.);
#750 = ORIENTED_EDGE('',*,*,#677,.T.);
#751 = PLANE('',#752);
#752 = AXIS2_PLACEMENT_3D('',#753,#754,#755);
#753 = CARTESIAN_POINT('',(2.95,-1.566489992801,0.968760807125));
#754 = DIRECTION('',(-1.,1.224646799147E-16,0.));
#755 = DIRECTION('',(0.,0.,1.));
#756 = ADVANCED_FACE('',(#757),#807,.F.);
#757 = FACE_BOUND('',#758,.F.);
#758 = EDGE_LOOP('',(#759,#760,#768,#776,#784,#792,#800,#806));
#759 = ORIENTED_EDGE('',*,*,#225,.F.);
#760 = ORIENTED_EDGE('',*,*,#761,.T.);
#761 = EDGE_CURVE('',#226,#762,#764,.T.);
#762 = VERTEX_POINT('',#763);
#763 = CARTESIAN_POINT('',(-1.45,-2.05,0.8));
#764 = LINE('',#765,#766);
#765 = CARTESIAN_POINT('',(-1.45,-6.25,0.8));
#766 = VECTOR('',#767,1.);
#767 = DIRECTION('',(1.224646799147E-16,1.,-1.110223024625E-16));
#768 = ORIENTED_EDGE('',*,*,#769,.T.);
#769 = EDGE_CURVE('',#762,#770,#772,.T.);
#770 = VERTEX_POINT('',#771);
#771 = CARTESIAN_POINT('',(0.8,-2.05,0.8));
#772 = LINE('',#773,#774);
#773 = CARTESIAN_POINT('',(-1.45,-2.05,0.8));
#774 = VECTOR('',#775,1.);
#775 = DIRECTION('',(1.,-1.224646799147E-16,0.));
#776 = ORIENTED_EDGE('',*,*,#777,.T.);
#777 = EDGE_CURVE('',#770,#778,#780,.T.);
#778 = VERTEX_POINT('',#779);
#779 = CARTESIAN_POINT('',(0.8,-3.95,0.8));
#780 = LINE('',#781,#782);
#781 = CARTESIAN_POINT('',(0.8,-2.05,0.8));
#782 = VECTOR('',#783,1.);
#783 = DIRECTION('',(-1.224646799147E-16,-1.,1.110223024625E-16));
#784 = ORIENTED_EDGE('',*,*,#785,.T.);
#785 = EDGE_CURVE('',#778,#786,#788,.T.);
#786 = VERTEX_POINT('',#787);
#787 = CARTESIAN_POINT('',(1.2,-3.95,0.8));
#788 = LINE('',#789,#790);
#789 = CARTESIAN_POINT('',(0.8,-3.95,0.8));
#790 = VECTOR('',#791,1.);
#791 = DIRECTION('',(1.,-1.224646799147E-16,0.));
#792 = ORIENTED_EDGE('',*,*,#793,.F.);
#793 = EDGE_CURVE('',#794,#786,#796,.T.);
#794 = VERTEX_POINT('',#795);
#795 = CARTESIAN_POINT('',(1.2,-2.05,0.8));
#796 = LINE('',#797,#798);
#797 = CARTESIAN_POINT('',(1.2,-2.05,0.8));
#798 = VECTOR('',#799,1.);
#799 = DIRECTION('',(-1.224646799147E-16,-1.,1.110223024625E-16));
#800 = ORIENTED_EDGE('',*,*,#801,.T.);
#801 = EDGE_CURVE('',#794,#281,#802,.T.);
#802 = LINE('',#803,#804);
#803 = CARTESIAN_POINT('',(-1.45,-2.05,0.8));
#804 = VECTOR('',#805,1.);
#805 = DIRECTION('',(1.,-1.224646799147E-16,0.));
#806 = ORIENTED_EDGE('',*,*,#280,.F.);
#807 = PLANE('',#808);
#808 = AXIS2_PLACEMENT_3D('',#809,#810,#811);
#809 = CARTESIAN_POINT('',(-1.45,-6.25,0.8));
#810 = DIRECTION('',(-1.359631073447E-32,-1.110223024625E-16,-1.));
#811 = DIRECTION('',(1.,-1.224646799147E-16,-6.927121900793E-45));
#812 = ADVANCED_FACE('',(#813),#864,.F.);
#813 = FACE_BOUND('',#814,.F.);
#814 = EDGE_LOOP('',(#815,#825,#833,#839,#840,#841,#849,#858));
#815 = ORIENTED_EDGE('',*,*,#816,.F.);
#816 = EDGE_CURVE('',#817,#819,#821,.T.);
#817 = VERTEX_POINT('',#818);
#818 = CARTESIAN_POINT('',(-1.45,-6.25,4.2));
#819 = VERTEX_POINT('',#820);
#820 = CARTESIAN_POINT('',(-1.45,-6.25,3.3));
#821 = LINE('',#822,#823);
#822 = CARTESIAN_POINT('',(-1.45,-6.25,4.2));
#823 = VECTOR('',#824,1.);
#824 = DIRECTION('',(-1.359631073447E-32,-1.110223024625E-16,-1.));
#825 = ORIENTED_EDGE('',*,*,#826,.T.);
#826 = EDGE_CURVE('',#817,#827,#829,.T.);
#827 = VERTEX_POINT('',#828);
#828 = CARTESIAN_POINT('',(-1.45,-2.05,4.2));
#829 = LINE('',#830,#831);
#830 = CARTESIAN_POINT('',(-1.45,-6.25,4.2));
#831 = VECTOR('',#832,1.);
#832 = DIRECTION('',(1.224646799147E-16,1.,-1.110223024625E-16));
#833 = ORIENTED_EDGE('',*,*,#834,.T.);
#834 = EDGE_CURVE('',#827,#762,#835,.T.);
#835 = LINE('',#836,#837);
#836 = CARTESIAN_POINT('',(-1.45,-2.05,4.2));
#837 = VECTOR('',#838,1.);
#838 = DIRECTION('',(-1.359631073447E-32,-1.110223024625E-16,-1.));
#839 = ORIENTED_EDGE('',*,*,#761,.F.);
#840 = ORIENTED_EDGE('',*,*,#233,.F.);
#841 = ORIENTED_EDGE('',*,*,#842,.T.);
#842 = EDGE_CURVE('',#234,#843,#845,.T.);
#843 = VERTEX_POINT('',#844);
#844 = CARTESIAN_POINT('',(-1.45,-4.65,2.5));
#845 = LINE('',#846,#847);
#846 = CARTESIAN_POINT('',(-1.45,-5.45,2.5));
#847 = VECTOR('',#848,1.);
#848 = DIRECTION('',(1.224646799147E-16,1.,-1.110223024625E-16));
#849 = ORIENTED_EDGE('',*,*,#850,.T.);
#850 = EDGE_CURVE('',#843,#851,#853,.T.);
#851 = VERTEX_POINT('',#852);
#852 = CARTESIAN_POINT('',(-1.45,-4.65,3.3));
#853 = CIRCLE('',#854,0.4);
#854 = AXIS2_PLACEMENT_3D('',#855,#856,#857);
#855 = CARTESIAN_POINT('',(-1.45,-4.65,2.9));
#856 = DIRECTION('',(1.,-1.224646799147E-16,0.));
#857 = DIRECTION('',(1.359631073446E-32,1.110223024625E-16,1.));
#858 = ORIENTED_EDGE('',*,*,#859,.T.);
#859 = EDGE_CURVE('',#851,#819,#860,.T.);
#860 = LINE('',#861,#862);
#861 = CARTESIAN_POINT('',(-1.45,-6.25,3.3));
#862 = VECTOR('',#863,1.);
#863 = DIRECTION('',(-1.224646799147E-16,-1.,1.110223024625E-16));
#864 = PLANE('',#865);
#865 = AXIS2_PLACEMENT_3D('',#866,#867,#868);
#866 = CARTESIAN_POINT('',(-1.45,-6.25,4.2));
#867 = DIRECTION('',(-1.,1.224646799147E-16,0.));
#868 = DIRECTION('',(-1.359631073446E-32,-1.110223024625E-16,-1.));
#869 = ADVANCED_FACE('',(#870),#888,.T.);
#870 = FACE_BOUND('',#871,.T.);
#871 = EDGE_LOOP('',(#872,#873,#881,#887));
#872 = ORIENTED_EDGE('',*,*,#842,.T.);
#873 = ORIENTED_EDGE('',*,*,#874,.T.);
#874 = EDGE_CURVE('',#843,#875,#877,.T.);
#875 = VERTEX_POINT('',#876);
#876 = CARTESIAN_POINT('',(-1.95,-4.65,2.5));
#877 = LINE('',#878,#879);
#878 = CARTESIAN_POINT('',(3.95,-4.65,2.5));
#879 = VECTOR('',#880,1.);
#880 = DIRECTION('',(-1.,1.224646799147E-16,0.));
#881 = ORIENTED_EDGE('',*,*,#882,.T.);
#882 = EDGE_CURVE('',#875,#242,#883,.T.);
#883 = LINE('',#884,#885);
#884 = CARTESIAN_POINT('',(-1.95,-2.45,2.5));
#885 = VECTOR('',#886,1.);
#886 = DIRECTION('',(-1.224646799147E-16,-1.,1.110223024625E-16));
#887 = ORIENTED_EDGE('',*,*,#241,.F.);
#888 = PLANE('',#889);
#889 = AXIS2_PLACEMENT_3D('',#890,#891,#892);
#890 = CARTESIAN_POINT('',(3.95,-4.65,2.5));
#891 = DIRECTION('',(1.359631073447E-32,1.110223024625E-16,1.));
#892 = DIRECTION('',(-1.224646799147E-16,-1.,1.110223024625E-16));
#893 = ADVANCED_FACE('',(#894),#961,.T.);
#894 = FACE_BOUND('',#895,.T.);
#895 = EDGE_LOOP('',(#896,#906,#914,#922,#928,#929,#930,#939,#947,#955)
  );
#896 = ORIENTED_EDGE('',*,*,#897,.T.);
#897 = EDGE_CURVE('',#898,#900,#902,.T.);
#898 = VERTEX_POINT('',#899);
#899 = CARTESIAN_POINT('',(-1.95,-0.25,4.8));
#900 = VERTEX_POINT('',#901);
#901 = CARTESIAN_POINT('',(-1.95,-0.25,4.1));
#902 = LINE('',#903,#904);
#903 = CARTESIAN_POINT('',(-1.95,-0.25,4.8));
#904 = VECTOR('',#905,1.);
#905 = DIRECTION('',(-1.359631073447E-32,-1.110223024625E-16,-1.));
#906 = ORIENTED_EDGE('',*,*,#907,.T.);
#907 = EDGE_CURVE('',#900,#908,#910,.T.);
#908 = VERTEX_POINT('',#909);
#909 = CARTESIAN_POINT('',(-1.95,1.35,3.2));
#910 = LINE('',#911,#912);
#911 = CARTESIAN_POINT('',(-1.95,-0.25,4.1));
#912 = VECTOR('',#913,1.);
#913 = DIRECTION('',(1.067372191754E-16,0.871575537124,-0.490261239633)
  );
#914 = ORIENTED_EDGE('',*,*,#915,.T.);
#915 = EDGE_CURVE('',#908,#916,#918,.T.);
#916 = VERTEX_POINT('',#917);
#917 = CARTESIAN_POINT('',(-1.95,1.35,0.));
#918 = LINE('',#919,#920);
#919 = CARTESIAN_POINT('',(-1.95,1.35,3.2));
#920 = VECTOR('',#921,1.);
#921 = DIRECTION('',(-0.,0.,-1.));
#922 = ORIENTED_EDGE('',*,*,#923,.T.);
#923 = EDGE_CURVE('',#916,#250,#924,.T.);
#924 = LINE('',#925,#926);
#925 = CARTESIAN_POINT('',(-1.95,1.35,0.));
#926 = VECTOR('',#927,1.);
#927 = DIRECTION('',(-1.224646799147E-16,-1.,0.));
#928 = ORIENTED_EDGE('',*,*,#249,.F.);
#929 = ORIENTED_EDGE('',*,*,#882,.F.);
#930 = ORIENTED_EDGE('',*,*,#931,.T.);
#931 = EDGE_CURVE('',#875,#932,#934,.T.);
#932 = VERTEX_POINT('',#933);
#933 = CARTESIAN_POINT('',(-1.95,-4.65,3.3));
#934 = CIRCLE('',#935,0.4);
#935 = AXIS2_PLACEMENT_3D('',#936,#937,#938);
#936 = CARTESIAN_POINT('',(-1.95,-4.65,2.9));
#937 = DIRECTION('',(1.,-1.224646799147E-16,0.));
#938 = DIRECTION('',(1.359631073446E-32,1.110223024625E-16,1.));
#939 = ORIENTED_EDGE('',*,*,#940,.F.);
#940 = EDGE_CURVE('',#941,#932,#943,.T.);
#941 = VERTEX_POINT('',#942);
#942 = CARTESIAN_POINT('',(-1.95,-6.25,3.3));
#943 = LINE('',#944,#945);
#944 = CARTESIAN_POINT('',(-1.95,-3.25,3.3));
#945 = VECTOR('',#946,1.);
#946 = DIRECTION('',(1.224646799147E-16,1.,-1.110223024625E-16));
#947 = ORIENTED_EDGE('',*,*,#948,.F.);
#948 = EDGE_CURVE('',#949,#941,#951,.T.);
#949 = VERTEX_POINT('',#950);
#950 = CARTESIAN_POINT('',(-1.95,-6.25,4.8));
#951 = LINE('',#952,#953);
#952 = CARTESIAN_POINT('',(-1.95,-6.25,4.8));
#953 = VECTOR('',#954,1.);
#954 = DIRECTION('',(-1.359631073447E-32,-1.110223024625E-16,-1.));
#955 = ORIENTED_EDGE('',*,*,#956,.F.);
#956 = EDGE_CURVE('',#898,#949,#957,.T.);
#957 = LINE('',#958,#959);
#958 = CARTESIAN_POINT('',(-1.95,-0.25,4.8));
#959 = VECTOR('',#960,1.);
#960 = DIRECTION('',(-1.224646799147E-16,-1.,1.110223024625E-16));
#961 = PLANE('',#962);
#962 = AXIS2_PLACEMENT_3D('',#963,#964,#965);
#963 = CARTESIAN_POINT('',(-1.95,-2.909897467985,2.368621550033));
#964 = DIRECTION('',(-1.,1.224646799147E-16,-3.525915016947E-32));
#965 = DIRECTION('',(-3.525915016947E-32,4.31800053957E-48,1.));
#966 = ADVANCED_FACE('',(#967),#985,.F.);
#967 = FACE_BOUND('',#968,.F.);
#968 = EDGE_LOOP('',(#969,#977,#978,#979));
#969 = ORIENTED_EDGE('',*,*,#970,.T.);
#970 = EDGE_CURVE('',#971,#916,#973,.T.);
#971 = VERTEX_POINT('',#972);
#972 = CARTESIAN_POINT('',(-0.95,1.35,0.));
#973 = LINE('',#974,#975);
#974 = CARTESIAN_POINT('',(-0.95,1.35,0.));
#975 = VECTOR('',#976,1.);
#976 = DIRECTION('',(-1.,1.224646799147E-16,0.));
#977 = ORIENTED_EDGE('',*,*,#923,.T.);
#978 = ORIENTED_EDGE('',*,*,#257,.F.);
#979 = ORIENTED_EDGE('',*,*,#980,.F.);
#980 = EDGE_CURVE('',#971,#258,#981,.T.);
#981 = LINE('',#982,#983);
#982 = CARTESIAN_POINT('',(-0.95,1.35,0.));
#983 = VECTOR('',#984,1.);
#984 = DIRECTION('',(-1.224646799147E-16,-1.,0.));
#985 = PLANE('',#986);
#986 = AXIS2_PLACEMENT_3D('',#987,#988,#989);
#987 = CARTESIAN_POINT('',(-0.95,1.35,0.));
#988 = DIRECTION('',(0.,0.,1.));
#989 = DIRECTION('',(-1.224646799147E-16,-1.,0.));
#990 = ADVANCED_FACE('',(#991),#1018,.F.);
#991 = FACE_BOUND('',#992,.F.);
#992 = EDGE_LOOP('',(#993,#1001,#1009,#1015,#1016,#1017));
#993 = ORIENTED_EDGE('',*,*,#994,.T.);
#994 = EDGE_CURVE('',#661,#995,#997,.T.);
#995 = VERTEX_POINT('',#996);
#996 = CARTESIAN_POINT('',(-0.95,-0.25,4.1));
#997 = LINE('',#998,#999);
#998 = CARTESIAN_POINT('',(-0.95,-0.25,0.3));
#999 = VECTOR('',#1000,1.);
#1000 = DIRECTION('',(0.,0.,1.));
#1001 = ORIENTED_EDGE('',*,*,#1002,.T.);
#1002 = EDGE_CURVE('',#995,#1003,#1005,.T.);
#1003 = VERTEX_POINT('',#1004);
#1004 = CARTESIAN_POINT('',(-0.95,1.35,3.2));
#1005 = LINE('',#1006,#1007);
#1006 = CARTESIAN_POINT('',(-0.95,-0.25,4.1));
#1007 = VECTOR('',#1008,1.);
#1008 = DIRECTION('',(1.067372191754E-16,0.871575537124,-0.490261239633)
  );
#1009 = ORIENTED_EDGE('',*,*,#1010,.T.);
#1010 = EDGE_CURVE('',#1003,#971,#1011,.T.);
#1011 = LINE('',#1012,#1013);
#1012 = CARTESIAN_POINT('',(-0.95,1.35,3.2));
#1013 = VECTOR('',#1014,1.);
#1014 = DIRECTION('',(-0.,0.,-1.));
#1015 = ORIENTED_EDGE('',*,*,#980,.T.);
#1016 = ORIENTED_EDGE('',*,*,#265,.T.);
#1017 = ORIENTED_EDGE('',*,*,#670,.T.);
#1018 = PLANE('',#1019);
#1019 = AXIS2_PLACEMENT_3D('',#1020,#1021,#1022);
#1020 = CARTESIAN_POINT('',(-0.95,-1.566489992801,0.968760807125));
#1021 = DIRECTION('',(-1.,1.224646799147E-16,0.));
#1022 = DIRECTION('',(0.,0.,1.));
#1023 = ADVANCED_FACE('',(#1024),#1129,.F.);
#1024 = FACE_BOUND('',#1025,.F.);
#1025 = EDGE_LOOP('',(#1026,#1027,#1028,#1036,#1044,#1052,#1060,#1068,
    #1076,#1084,#1092,#1098,#1099,#1107,#1115,#1123));
#1026 = ORIENTED_EDGE('',*,*,#633,.F.);
#1027 = ORIENTED_EDGE('',*,*,#296,.T.);
#1028 = ORIENTED_EDGE('',*,*,#1029,.T.);
#1029 = EDGE_CURVE('',#289,#1030,#1032,.T.);
#1030 = VERTEX_POINT('',#1031);
#1031 = CARTESIAN_POINT('',(3.4,-2.05,4.2));
#1032 = LINE('',#1033,#1034);
#1033 = CARTESIAN_POINT('',(3.45,-2.05,4.2));
#1034 = VECTOR('',#1035,1.);
#1035 = DIRECTION('',(-1.,1.224646799147E-16,0.));
#1036 = ORIENTED_EDGE('',*,*,#1037,.F.);
#1037 = EDGE_CURVE('',#1038,#1030,#1040,.T.);
#1038 = VERTEX_POINT('',#1039);
#1039 = CARTESIAN_POINT('',(3.4,-4.45,4.2));
#1040 = LINE('',#1041,#1042);
#1041 = CARTESIAN_POINT('',(3.4,-4.45,4.2));
#1042 = VECTOR('',#1043,1.);
#1043 = DIRECTION('',(1.224646799147E-16,1.,-1.110223024625E-16));
#1044 = ORIENTED_EDGE('',*,*,#1045,.F.);
#1045 = EDGE_CURVE('',#1046,#1038,#1048,.T.);
#1046 = VERTEX_POINT('',#1047);
#1047 = CARTESIAN_POINT('',(2.4,-4.45,4.2));
#1048 = LINE('',#1049,#1050);
#1049 = CARTESIAN_POINT('',(2.4,-4.45,4.2));
#1050 = VECTOR('',#1051,1.);
#1051 = DIRECTION('',(1.,-1.224646799147E-16,0.));
#1052 = ORIENTED_EDGE('',*,*,#1053,.F.);
#1053 = EDGE_CURVE('',#1054,#1046,#1056,.T.);
#1054 = VERTEX_POINT('',#1055);
#1055 = CARTESIAN_POINT('',(2.4,-2.05,4.2));
#1056 = LINE('',#1057,#1058);
#1057 = CARTESIAN_POINT('',(2.4,-0.25,4.2));
#1058 = VECTOR('',#1059,1.);
#1059 = DIRECTION('',(-1.224646799147E-16,-1.,1.110223024625E-16));
#1060 = ORIENTED_EDGE('',*,*,#1061,.T.);
#1061 = EDGE_CURVE('',#1054,#1062,#1064,.T.);
#1062 = VERTEX_POINT('',#1063);
#1063 = CARTESIAN_POINT('',(-0.4,-2.05,4.2));
#1064 = LINE('',#1065,#1066);
#1065 = CARTESIAN_POINT('',(3.45,-2.05,4.2));
#1066 = VECTOR('',#1067,1.);
#1067 = DIRECTION('',(-1.,1.224646799147E-16,0.));
#1068 = ORIENTED_EDGE('',*,*,#1069,.T.);
#1069 = EDGE_CURVE('',#1062,#1070,#1072,.T.);
#1070 = VERTEX_POINT('',#1071);
#1071 = CARTESIAN_POINT('',(-0.4,-4.45,4.2));
#1072 = LINE('',#1073,#1074);
#1073 = CARTESIAN_POINT('',(-0.4,-0.25,4.2));
#1074 = VECTOR('',#1075,1.);
#1075 = DIRECTION('',(-1.224646799147E-16,-1.,1.110223024625E-16));
#1076 = ORIENTED_EDGE('',*,*,#1077,.T.);
#1077 = EDGE_CURVE('',#1070,#1078,#1080,.T.);
#1078 = VERTEX_POINT('',#1079);
#1079 = CARTESIAN_POINT('',(-1.4,-4.45,4.2));
#1080 = LINE('',#1081,#1082);
#1081 = CARTESIAN_POINT('',(-0.4,-4.45,4.2));
#1082 = VECTOR('',#1083,1.);
#1083 = DIRECTION('',(-1.,1.224646799147E-16,0.));
#1084 = ORIENTED_EDGE('',*,*,#1085,.T.);
#1085 = EDGE_CURVE('',#1078,#1086,#1088,.T.);
#1086 = VERTEX_POINT('',#1087);
#1087 = CARTESIAN_POINT('',(-1.4,-2.05,4.2));
#1088 = LINE('',#1089,#1090);
#1089 = CARTESIAN_POINT('',(-1.4,-4.45,4.2));
#1090 = VECTOR('',#1091,1.);
#1091 = DIRECTION('',(1.224646799147E-16,1.,-1.110223024625E-16));
#1092 = ORIENTED_EDGE('',*,*,#1093,.T.);
#1093 = EDGE_CURVE('',#1086,#827,#1094,.T.);
#1094 = LINE('',#1095,#1096);
#1095 = CARTESIAN_POINT('',(3.45,-2.05,4.2));
#1096 = VECTOR('',#1097,1.);
#1097 = DIRECTION('',(-1.,1.224646799147E-16,0.));
#1098 = ORIENTED_EDGE('',*,*,#826,.F.);
#1099 = ORIENTED_EDGE('',*,*,#1100,.F.);
#1100 = EDGE_CURVE('',#1101,#817,#1103,.T.);
#1101 = VERTEX_POINT('',#1102);
#1102 = CARTESIAN_POINT('',(0.55,-6.25,4.2));
#1103 = LINE('',#1104,#1105);
#1104 = CARTESIAN_POINT('',(3.45,-6.25,4.2));
#1105 = VECTOR('',#1106,1.);
#1106 = DIRECTION('',(-1.,1.224646799147E-16,0.));
#1107 = ORIENTED_EDGE('',*,*,#1108,.F.);
#1108 = EDGE_CURVE('',#1109,#1101,#1111,.T.);
#1109 = VERTEX_POINT('',#1110);
#1110 = CARTESIAN_POINT('',(0.55,-2.35,4.2));
#1111 = LINE('',#1112,#1113);
#1112 = CARTESIAN_POINT('',(0.55,-4.3,4.2));
#1113 = VECTOR('',#1114,1.);
#1114 = DIRECTION('',(-1.224646799147E-16,-1.,1.110223024625E-16));
#1115 = ORIENTED_EDGE('',*,*,#1116,.F.);
#1116 = EDGE_CURVE('',#1117,#1109,#1119,.T.);
#1117 = VERTEX_POINT('',#1118);
#1118 = CARTESIAN_POINT('',(1.45,-2.35,4.2));
#1119 = LINE('',#1120,#1121);
#1120 = CARTESIAN_POINT('',(2.45,-2.35,4.2));
#1121 = VECTOR('',#1122,1.);
#1122 = DIRECTION('',(-1.,1.224646799147E-16,0.));
#1123 = ORIENTED_EDGE('',*,*,#1124,.F.);
#1124 = EDGE_CURVE('',#626,#1117,#1125,.T.);
#1125 = LINE('',#1126,#1127);
#1126 = CARTESIAN_POINT('',(1.45,-6.25,4.2));
#1127 = VECTOR('',#1128,1.);
#1128 = DIRECTION('',(1.224646799147E-16,1.,-1.110223024625E-16));
#1129 = PLANE('',#1130);
#1130 = AXIS2_PLACEMENT_3D('',#1131,#1132,#1133);
#1131 = CARTESIAN_POINT('',(3.45,-6.25,4.2));
#1132 = DIRECTION('',(1.359631073447E-32,1.110223024625E-16,1.));
#1133 = DIRECTION('',(-1.,1.224646799147E-16,6.927121900793E-45));
#1134 = ADVANCED_FACE('',(#1135,#1178,#1212),#1246,.T.);
#1135 = FACE_BOUND('',#1136,.T.);
#1136 = EDGE_LOOP('',(#1137,#1138,#1139,#1145,#1146,#1152,#1153,#1154,
    #1155,#1163,#1171,#1177));
#1137 = ORIENTED_EDGE('',*,*,#288,.T.);
#1138 = ORIENTED_EDGE('',*,*,#1029,.T.);
#1139 = ORIENTED_EDGE('',*,*,#1140,.T.);
#1140 = EDGE_CURVE('',#1030,#1054,#1141,.T.);
#1141 = LINE('',#1142,#1143);
#1142 = CARTESIAN_POINT('',(3.45,-2.05,4.2));
#1143 = VECTOR('',#1144,1.);
#1144 = DIRECTION('',(-1.,1.224646799147E-16,0.));
#1145 = ORIENTED_EDGE('',*,*,#1061,.T.);
#1146 = ORIENTED_EDGE('',*,*,#1147,.T.);
#1147 = EDGE_CURVE('',#1062,#1086,#1148,.T.);
#1148 = LINE('',#1149,#1150);
#1149 = CARTESIAN_POINT('',(3.45,-2.05,4.2));
#1150 = VECTOR('',#1151,1.);
#1151 = DIRECTION('',(-1.,1.224646799147E-16,0.));
#1152 = ORIENTED_EDGE('',*,*,#1093,.T.);
#1153 = ORIENTED_EDGE('',*,*,#834,.T.);
#1154 = ORIENTED_EDGE('',*,*,#769,.T.);
#1155 = ORIENTED_EDGE('',*,*,#1156,.F.);
#1156 = EDGE_CURVE('',#1157,#770,#1159,.T.);
#1157 = VERTEX_POINT('',#1158);
#1158 = CARTESIAN_POINT('',(0.8,-2.05,1.1));
#1159 = LINE('',#1160,#1161);
#1160 = CARTESIAN_POINT('',(0.8,-2.05,1.1));
#1161 = VECTOR('',#1162,1.);
#1162 = DIRECTION('',(-1.359631073447E-32,-1.110223024625E-16,-1.));
#1163 = ORIENTED_EDGE('',*,*,#1164,.F.);
#1164 = EDGE_CURVE('',#1165,#1157,#1167,.T.);
#1165 = VERTEX_POINT('',#1166);
#1166 = CARTESIAN_POINT('',(1.2,-2.05,1.1));
#1167 = LINE('',#1168,#1169);
#1168 = CARTESIAN_POINT('',(1.2,-2.05,1.1));
#1169 = VECTOR('',#1170,1.);
#1170 = DIRECTION('',(-1.,1.224646799147E-16,0.));
#1171 = ORIENTED_EDGE('',*,*,#1172,.F.);
#1172 = EDGE_CURVE('',#794,#1165,#1173,.T.);
#1173 = LINE('',#1174,#1175);
#1174 = CARTESIAN_POINT('',(1.2,-2.05,0.8));
#1175 = VECTOR('',#1176,1.);
#1176 = DIRECTION('',(1.359631073447E-32,1.110223024625E-16,1.));
#1177 = ORIENTED_EDGE('',*,*,#801,.T.);
#1178 = FACE_BOUND('',#1179,.T.);
#1179 = EDGE_LOOP('',(#1180,#1190,#1198,#1206));
#1180 = ORIENTED_EDGE('',*,*,#1181,.T.);
#1181 = EDGE_CURVE('',#1182,#1184,#1186,.T.);
#1182 = VERTEX_POINT('',#1183);
#1183 = CARTESIAN_POINT('',(0.25,-2.05,3.35));
#1184 = VERTEX_POINT('',#1185);
#1185 = CARTESIAN_POINT('',(0.25,-2.05,2.85));
#1186 = LINE('',#1187,#1188);
#1187 = CARTESIAN_POINT('',(0.25,-2.05,1.901106711288));
#1188 = VECTOR('',#1189,1.);
#1189 = DIRECTION('',(-1.359631073447E-32,-1.110223024625E-16,-1.));
#1190 = ORIENTED_EDGE('',*,*,#1191,.T.);
#1191 = EDGE_CURVE('',#1184,#1192,#1194,.T.);
#1192 = VERTEX_POINT('',#1193);
#1193 = CARTESIAN_POINT('',(-0.25,-2.05,2.85));
#1194 = LINE('',#1195,#1196);
#1195 = CARTESIAN_POINT('',(0.625,-2.05,2.85));
#1196 = VECTOR('',#1197,1.);
#1197 = DIRECTION('',(-1.,1.224646799147E-16,0.));
#1198 = ORIENTED_EDGE('',*,*,#1199,.F.);
#1199 = EDGE_CURVE('',#1200,#1192,#1202,.T.);
#1200 = VERTEX_POINT('',#1201);
#1201 = CARTESIAN_POINT('',(-0.25,-2.05,3.35));
#1202 = LINE('',#1203,#1204);
#1203 = CARTESIAN_POINT('',(-0.25,-2.05,1.901106711288));
#1204 = VECTOR('',#1205,1.);
#1205 = DIRECTION('',(-1.359631073447E-32,-1.110223024625E-16,-1.));
#1206 = ORIENTED_EDGE('',*,*,#1207,.T.);
#1207 = EDGE_CURVE('',#1200,#1182,#1208,.T.);
#1208 = LINE('',#1209,#1210);
#1209 = CARTESIAN_POINT('',(0.625,-2.05,3.35));
#1210 = VECTOR('',#1211,1.);
#1211 = DIRECTION('',(1.,-1.224646799147E-16,0.));
#1212 = FACE_BOUND('',#1213,.T.);
#1213 = EDGE_LOOP('',(#1214,#1224,#1232,#1240));
#1214 = ORIENTED_EDGE('',*,*,#1215,.T.);
#1215 = EDGE_CURVE('',#1216,#1218,#1220,.T.);
#1216 = VERTEX_POINT('',#1217);
#1217 = CARTESIAN_POINT('',(2.25,-2.05,3.35));
#1218 = VERTEX_POINT('',#1219);
#1219 = CARTESIAN_POINT('',(2.25,-2.05,2.85));
#1220 = LINE('',#1221,#1222);
#1221 = CARTESIAN_POINT('',(2.25,-2.05,1.901106711288));
#1222 = VECTOR('',#1223,1.);
#1223 = DIRECTION('',(-1.359631073447E-32,-1.110223024625E-16,-1.));
#1224 = ORIENTED_EDGE('',*,*,#1225,.T.);
#1225 = EDGE_CURVE('',#1218,#1226,#1228,.T.);
#1226 = VERTEX_POINT('',#1227);
#1227 = CARTESIAN_POINT('',(1.75,-2.05,2.85));
#1228 = LINE('',#1229,#1230);
#1229 = CARTESIAN_POINT('',(1.625,-2.05,2.85));
#1230 = VECTOR('',#1231,1.);
#1231 = DIRECTION('',(-1.,1.224646799147E-16,0.));
#1232 = ORIENTED_EDGE('',*,*,#1233,.F.);
#1233 = EDGE_CURVE('',#1234,#1226,#1236,.T.);
#1234 = VERTEX_POINT('',#1235);
#1235 = CARTESIAN_POINT('',(1.75,-2.05,3.35));
#1236 = LINE('',#1237,#1238);
#1237 = CARTESIAN_POINT('',(1.75,-2.05,1.901106711288));
#1238 = VECTOR('',#1239,1.);
#1239 = DIRECTION('',(-1.359631073447E-32,-1.110223024625E-16,-1.));
#1240 = ORIENTED_EDGE('',*,*,#1241,.T.);
#1241 = EDGE_CURVE('',#1234,#1216,#1242,.T.);
#1242 = LINE('',#1243,#1244);
#1243 = CARTESIAN_POINT('',(1.625,-2.05,3.35));
#1244 = VECTOR('',#1245,1.);
#1245 = DIRECTION('',(1.,-1.224646799147E-16,0.));
#1246 = PLANE('',#1247);
#1247 = AXIS2_PLACEMENT_3D('',#1248,#1249,#1250);
#1248 = CARTESIAN_POINT('',(1.,-2.05,2.5));
#1249 = DIRECTION('',(-1.224646799147E-16,-1.,1.110223024625E-16));
#1250 = DIRECTION('',(-1.,1.224646799147E-16,1.219283680787E-48));
#1251 = ADVANCED_FACE('',(#1252),#1286,.F.);
#1252 = FACE_BOUND('',#1253,.F.);
#1253 = EDGE_LOOP('',(#1254,#1255,#1263,#1271,#1279,#1285));
#1254 = ORIENTED_EDGE('',*,*,#425,.T.);
#1255 = ORIENTED_EDGE('',*,*,#1256,.T.);
#1256 = EDGE_CURVE('',#428,#1257,#1259,.T.);
#1257 = VERTEX_POINT('',#1258);
#1258 = CARTESIAN_POINT('',(2.75,-0.4,4.2));
#1259 = LINE('',#1260,#1261);
#1260 = CARTESIAN_POINT('',(2.75,-1.335399017773,4.2));
#1261 = VECTOR('',#1262,1.);
#1262 = DIRECTION('',(-1.224646799147E-16,-1.,1.110223024625E-16));
#1263 = ORIENTED_EDGE('',*,*,#1264,.T.);
#1264 = EDGE_CURVE('',#1257,#1265,#1267,.T.);
#1265 = VERTEX_POINT('',#1266);
#1266 = CARTESIAN_POINT('',(2.75,-0.35,3.6));
#1267 = LINE('',#1268,#1269);
#1268 = CARTESIAN_POINT('',(2.75,-0.45,4.8));
#1269 = VECTOR('',#1270,1.);
#1270 = DIRECTION('',(1.017013810865E-17,8.304547985373E-02,
    -0.996545758245));
#1271 = ORIENTED_EDGE('',*,*,#1272,.T.);
#1272 = EDGE_CURVE('',#1265,#1273,#1275,.T.);
#1273 = VERTEX_POINT('',#1274);
#1274 = CARTESIAN_POINT('',(2.75,-0.35,2.6));
#1275 = LINE('',#1276,#1277);
#1276 = CARTESIAN_POINT('',(2.75,-0.35,3.6));
#1277 = VECTOR('',#1278,1.);
#1278 = DIRECTION('',(-1.359631073447E-32,-1.110223024625E-16,-1.));
#1279 = ORIENTED_EDGE('',*,*,#1280,.T.);
#1280 = EDGE_CURVE('',#1273,#685,#1281,.T.);
#1281 = LINE('',#1282,#1283);
#1282 = CARTESIAN_POINT('',(2.75,-0.35,2.6));
#1283 = VECTOR('',#1284,1.);
#1284 = DIRECTION('',(-5.319525767383E-18,-4.343722427631E-02,
    -0.999056158355));
#1285 = ORIENTED_EDGE('',*,*,#684,.T.);
#1286 = PLANE('',#1287);
#1287 = AXIS2_PLACEMENT_3D('',#1288,#1289,#1290);
#1288 = CARTESIAN_POINT('',(2.75,-0.320798035545,2.550475523299));
#1289 = DIRECTION('',(1.,-1.224646799147E-16,0.));
#1290 = DIRECTION('',(1.224646799147E-16,1.,-1.110223024625E-16));
#1291 = ADVANCED_FACE('',(#1292),#1317,.T.);
#1292 = FACE_BOUND('',#1293,.T.);
#1293 = EDGE_LOOP('',(#1294,#1295,#1301,#1302,#1303,#1311));
#1294 = ORIENTED_EDGE('',*,*,#1140,.F.);
#1295 = ORIENTED_EDGE('',*,*,#1296,.T.);
#1296 = EDGE_CURVE('',#1030,#460,#1297,.T.);
#1297 = LINE('',#1298,#1299);
#1298 = CARTESIAN_POINT('',(3.4,-4.45,4.2));
#1299 = VECTOR('',#1300,1.);
#1300 = DIRECTION('',(1.224646799147E-16,1.,-1.110223024625E-16));
#1301 = ORIENTED_EDGE('',*,*,#467,.T.);
#1302 = ORIENTED_EDGE('',*,*,#1256,.T.);
#1303 = ORIENTED_EDGE('',*,*,#1304,.T.);
#1304 = EDGE_CURVE('',#1257,#1305,#1307,.T.);
#1305 = VERTEX_POINT('',#1306);
#1306 = CARTESIAN_POINT('',(2.4,-0.4,4.2));
#1307 = LINE('',#1308,#1309);
#1308 = CARTESIAN_POINT('',(2.825,-0.4,4.2));
#1309 = VECTOR('',#1310,1.);
#1310 = DIRECTION('',(-1.,1.224646799147E-16,0.));
#1311 = ORIENTED_EDGE('',*,*,#1312,.T.);
#1312 = EDGE_CURVE('',#1305,#1054,#1313,.T.);
#1313 = LINE('',#1314,#1315);
#1314 = CARTESIAN_POINT('',(2.4,-0.25,4.2));
#1315 = VECTOR('',#1316,1.);
#1316 = DIRECTION('',(-1.224646799147E-16,-1.,1.110223024625E-16));
#1317 = PLANE('',#1318);
#1318 = AXIS2_PLACEMENT_3D('',#1319,#1320,#1321);
#1319 = CARTESIAN_POINT('',(2.9,-2.35,4.2));
#1320 = DIRECTION('',(1.359631073447E-32,1.110223024625E-16,1.));
#1321 = DIRECTION('',(1.224646799147E-16,1.,-1.110223024625E-16));
#1322 = ADVANCED_FACE('',(#1323),#1335,.F.);
#1323 = FACE_BOUND('',#1324,.T.);
#1324 = EDGE_LOOP('',(#1325,#1326,#1327,#1328,#1329));
#1325 = ORIENTED_EDGE('',*,*,#603,.T.);
#1326 = ORIENTED_EDGE('',*,*,#459,.T.);
#1327 = ORIENTED_EDGE('',*,*,#1296,.F.);
#1328 = ORIENTED_EDGE('',*,*,#1037,.F.);
#1329 = ORIENTED_EDGE('',*,*,#1330,.F.);
#1330 = EDGE_CURVE('',#596,#1038,#1331,.T.);
#1331 = LINE('',#1332,#1333);
#1332 = CARTESIAN_POINT('',(3.4,-4.45,4.8));
#1333 = VECTOR('',#1334,1.);
#1334 = DIRECTION('',(-1.359631073447E-32,-1.110223024625E-16,-1.));
#1335 = PLANE('',#1336);
#1336 = AXIS2_PLACEMENT_3D('',#1337,#1338,#1339);
#1337 = CARTESIAN_POINT('',(3.4,-4.45,4.8));
#1338 = DIRECTION('',(1.,-1.224646799147E-16,0.));
#1339 = DIRECTION('',(1.224646799147E-16,1.,-1.110223024625E-16));
#1340 = ADVANCED_FACE('',(#1341),#1352,.F.);
#1341 = FACE_BOUND('',#1342,.F.);
#1342 = EDGE_LOOP('',(#1343,#1344,#1350,#1351));
#1343 = ORIENTED_EDGE('',*,*,#595,.F.);
#1344 = ORIENTED_EDGE('',*,*,#1345,.T.);
#1345 = EDGE_CURVE('',#588,#1046,#1346,.T.);
#1346 = LINE('',#1347,#1348);
#1347 = CARTESIAN_POINT('',(2.4,-4.45,4.8));
#1348 = VECTOR('',#1349,1.);
#1349 = DIRECTION('',(-1.359631073447E-32,-1.110223024625E-16,-1.));
#1350 = ORIENTED_EDGE('',*,*,#1045,.T.);
#1351 = ORIENTED_EDGE('',*,*,#1330,.F.);
#1352 = PLANE('',#1353);
#1353 = AXIS2_PLACEMENT_3D('',#1354,#1355,#1356);
#1354 = CARTESIAN_POINT('',(2.4,-4.45,4.8));
#1355 = DIRECTION('',(-1.224646799147E-16,-1.,1.110223024625E-16));
#1356 = DIRECTION('',(1.,-1.224646799147E-16,-1.219283680787E-48));
#1357 = ADVANCED_FACE('',(#1358),#1370,.F.);
#1358 = FACE_BOUND('',#1359,.T.);
#1359 = EDGE_LOOP('',(#1360,#1361,#1362,#1363,#1364));
#1360 = ORIENTED_EDGE('',*,*,#587,.T.);
#1361 = ORIENTED_EDGE('',*,*,#1345,.T.);
#1362 = ORIENTED_EDGE('',*,*,#1053,.F.);
#1363 = ORIENTED_EDGE('',*,*,#1312,.F.);
#1364 = ORIENTED_EDGE('',*,*,#1365,.F.);
#1365 = EDGE_CURVE('',#580,#1305,#1366,.T.);
#1366 = LINE('',#1367,#1368);
#1367 = CARTESIAN_POINT('',(2.4,-0.449310344828,4.791724137931));
#1368 = VECTOR('',#1369,1.);
#1369 = DIRECTION('',(1.017013810865E-17,8.304547985373E-02,
    -0.996545758245));
#1370 = PLANE('',#1371);
#1371 = AXIS2_PLACEMENT_3D('',#1372,#1373,#1374);
#1372 = CARTESIAN_POINT('',(2.4,-0.25,4.8));
#1373 = DIRECTION('',(-1.,1.224646799147E-16,0.));
#1374 = DIRECTION('',(-1.224646799147E-16,-1.,1.110223024625E-16));
#1375 = ADVANCED_FACE('',(#1376),#1396,.F.);
#1376 = FACE_BOUND('',#1377,.F.);
#1377 = EDGE_LOOP('',(#1378,#1379,#1380,#1388,#1394,#1395));
#1378 = ORIENTED_EDGE('',*,*,#1365,.F.);
#1379 = ORIENTED_EDGE('',*,*,#579,.T.);
#1380 = ORIENTED_EDGE('',*,*,#1381,.T.);
#1381 = EDGE_CURVE('',#572,#1382,#1384,.T.);
#1382 = VERTEX_POINT('',#1383);
#1383 = CARTESIAN_POINT('',(1.25,-0.35,3.6));
#1384 = LINE('',#1385,#1386);
#1385 = CARTESIAN_POINT('',(1.25,-0.45,4.8));
#1386 = VECTOR('',#1387,1.);
#1387 = DIRECTION('',(1.017013810865E-17,8.304547985373E-02,
    -0.996545758245));
#1388 = ORIENTED_EDGE('',*,*,#1389,.F.);
#1389 = EDGE_CURVE('',#1265,#1382,#1390,.T.);
#1390 = LINE('',#1391,#1392);
#1391 = CARTESIAN_POINT('',(2.75,-0.35,3.6));
#1392 = VECTOR('',#1393,1.);
#1393 = DIRECTION('',(-1.,1.224646799147E-16,0.));
#1394 = ORIENTED_EDGE('',*,*,#1264,.F.);
#1395 = ORIENTED_EDGE('',*,*,#1304,.T.);
#1396 = PLANE('',#1397);
#1397 = AXIS2_PLACEMENT_3D('',#1398,#1399,#1400);
#1398 = CARTESIAN_POINT('',(2.75,-0.45,4.8));
#1399 = DIRECTION('',(-1.220416573038E-16,-0.996545758245,
    -8.304547985373E-02));
#1400 = DIRECTION('',(1.017013810865E-17,8.304547985373E-02,
    -0.996545758245));
#1401 = ADVANCED_FACE('',(#1402),#1427,.T.);
#1402 = FACE_BOUND('',#1403,.T.);
#1403 = EDGE_LOOP('',(#1404,#1405,#1406,#1414,#1420,#1421));
#1404 = ORIENTED_EDGE('',*,*,#571,.T.);
#1405 = ORIENTED_EDGE('',*,*,#1381,.T.);
#1406 = ORIENTED_EDGE('',*,*,#1407,.T.);
#1407 = EDGE_CURVE('',#1382,#1408,#1410,.T.);
#1408 = VERTEX_POINT('',#1409);
#1409 = CARTESIAN_POINT('',(1.25,-0.35,2.6));
#1410 = LINE('',#1411,#1412);
#1411 = CARTESIAN_POINT('',(1.25,-0.35,3.6));
#1412 = VECTOR('',#1413,1.);
#1413 = DIRECTION('',(-1.359631073447E-32,-1.110223024625E-16,-1.));
#1414 = ORIENTED_EDGE('',*,*,#1415,.T.);
#1415 = EDGE_CURVE('',#1408,#693,#1416,.T.);
#1416 = LINE('',#1417,#1418);
#1417 = CARTESIAN_POINT('',(1.25,-0.35,2.6));
#1418 = VECTOR('',#1419,1.);
#1419 = DIRECTION('',(-5.319525767383E-18,-4.343722427631E-02,
    -0.999056158355));
#1420 = ORIENTED_EDGE('',*,*,#700,.T.);
#1421 = ORIENTED_EDGE('',*,*,#1422,.T.);
#1422 = EDGE_CURVE('',#701,#564,#1423,.T.);
#1423 = LINE('',#1424,#1425);
#1424 = CARTESIAN_POINT('',(1.25,-0.25,0.3));
#1425 = VECTOR('',#1426,1.);
#1426 = DIRECTION('',(1.359631073447E-32,1.110223024625E-16,1.));
#1427 = PLANE('',#1428);
#1428 = AXIS2_PLACEMENT_3D('',#1429,#1430,#1431);
#1429 = CARTESIAN_POINT('',(1.25,-0.320798035545,2.550475523299));
#1430 = DIRECTION('',(1.,-1.224646799147E-16,0.));
#1431 = DIRECTION('',(1.224646799147E-16,1.,-1.110223024625E-16));
#1432 = ADVANCED_FACE('',(#1433),#1444,.F.);
#1433 = FACE_BOUND('',#1434,.F.);
#1434 = EDGE_LOOP('',(#1435,#1436,#1437,#1438));
#1435 = ORIENTED_EDGE('',*,*,#708,.T.);
#1436 = ORIENTED_EDGE('',*,*,#1422,.T.);
#1437 = ORIENTED_EDGE('',*,*,#563,.T.);
#1438 = ORIENTED_EDGE('',*,*,#1439,.F.);
#1439 = EDGE_CURVE('',#709,#556,#1440,.T.);
#1440 = LINE('',#1441,#1442);
#1441 = CARTESIAN_POINT('',(0.75,-0.25,0.3));
#1442 = VECTOR('',#1443,1.);
#1443 = DIRECTION('',(1.359631073447E-32,1.110223024625E-16,1.));
#1444 = PLANE('',#1445);
#1445 = AXIS2_PLACEMENT_3D('',#1446,#1447,#1448);
#1446 = CARTESIAN_POINT('',(1.,-0.25,2.55));
#1447 = DIRECTION('',(-1.224646799147E-16,-1.,1.110223024625E-16));
#1448 = DIRECTION('',(-1.,1.224646799147E-16,1.219283680787E-48));
#1449 = ADVANCED_FACE('',(#1450),#1477,.F.);
#1450 = FACE_BOUND('',#1451,.F.);
#1451 = EDGE_LOOP('',(#1452,#1453,#1461,#1469,#1475,#1476));
#1452 = ORIENTED_EDGE('',*,*,#555,.T.);
#1453 = ORIENTED_EDGE('',*,*,#1454,.T.);
#1454 = EDGE_CURVE('',#548,#1455,#1457,.T.);
#1455 = VERTEX_POINT('',#1456);
#1456 = CARTESIAN_POINT('',(0.75,-0.35,3.6));
#1457 = LINE('',#1458,#1459);
#1458 = CARTESIAN_POINT('',(0.75,-0.45,4.8));
#1459 = VECTOR('',#1460,1.);
#1460 = DIRECTION('',(1.017013810865E-17,8.304547985373E-02,
    -0.996545758245));
#1461 = ORIENTED_EDGE('',*,*,#1462,.T.);
#1462 = EDGE_CURVE('',#1455,#1463,#1465,.T.);
#1463 = VERTEX_POINT('',#1464);
#1464 = CARTESIAN_POINT('',(0.75,-0.35,2.6));
#1465 = LINE('',#1466,#1467);
#1466 = CARTESIAN_POINT('',(0.75,-0.35,3.6));
#1467 = VECTOR('',#1468,1.);
#1468 = DIRECTION('',(-1.359631073447E-32,-1.110223024625E-16,-1.));
#1469 = ORIENTED_EDGE('',*,*,#1470,.T.);
#1470 = EDGE_CURVE('',#1463,#717,#1471,.T.);
#1471 = LINE('',#1472,#1473);
#1472 = CARTESIAN_POINT('',(0.75,-0.35,2.6));
#1473 = VECTOR('',#1474,1.);
#1474 = DIRECTION('',(-5.319525767383E-18,-4.343722427631E-02,
    -0.999056158355));
#1475 = ORIENTED_EDGE('',*,*,#716,.T.);
#1476 = ORIENTED_EDGE('',*,*,#1439,.T.);
#1477 = PLANE('',#1478);
#1478 = AXIS2_PLACEMENT_3D('',#1479,#1480,#1481);
#1479 = CARTESIAN_POINT('',(0.75,-0.320798035545,2.550475523299));
#1480 = DIRECTION('',(1.,-1.224646799147E-16,0.));
#1481 = DIRECTION('',(1.224646799147E-16,1.,-1.110223024625E-16));
#1482 = ADVANCED_FACE('',(#1483),#1517,.F.);
#1483 = FACE_BOUND('',#1484,.F.);
#1484 = EDGE_LOOP('',(#1485,#1486,#1487,#1495,#1503,#1511));
#1485 = ORIENTED_EDGE('',*,*,#1454,.F.);
#1486 = ORIENTED_EDGE('',*,*,#547,.T.);
#1487 = ORIENTED_EDGE('',*,*,#1488,.T.);
#1488 = EDGE_CURVE('',#540,#1489,#1491,.T.);
#1489 = VERTEX_POINT('',#1490);
#1490 = CARTESIAN_POINT('',(-0.4,-0.4,4.2));
#1491 = LINE('',#1492,#1493);
#1492 = CARTESIAN_POINT('',(-0.4,-0.449310344828,4.791724137931));
#1493 = VECTOR('',#1494,1.);
#1494 = DIRECTION('',(1.017013810865E-17,8.304547985373E-02,
    -0.996545758245));
#1495 = ORIENTED_EDGE('',*,*,#1496,.F.);
#1496 = EDGE_CURVE('',#1497,#1489,#1499,.T.);
#1497 = VERTEX_POINT('',#1498);
#1498 = CARTESIAN_POINT('',(-0.75,-0.4,4.2));
#1499 = LINE('',#1500,#1501);
#1500 = CARTESIAN_POINT('',(-7.5E-02,-0.4,4.2));
#1501 = VECTOR('',#1502,1.);
#1502 = DIRECTION('',(1.,-1.224646799147E-16,-0.));
#1503 = ORIENTED_EDGE('',*,*,#1504,.T.);
#1504 = EDGE_CURVE('',#1497,#1505,#1507,.T.);
#1505 = VERTEX_POINT('',#1506);
#1506 = CARTESIAN_POINT('',(-0.75,-0.35,3.6));
#1507 = LINE('',#1508,#1509);
#1508 = CARTESIAN_POINT('',(-0.75,-0.45,4.8));
#1509 = VECTOR('',#1510,1.);
#1510 = DIRECTION('',(1.017013810865E-17,8.304547985373E-02,
    -0.996545758245));
#1511 = ORIENTED_EDGE('',*,*,#1512,.F.);
#1512 = EDGE_CURVE('',#1455,#1505,#1513,.T.);
#1513 = LINE('',#1514,#1515);
#1514 = CARTESIAN_POINT('',(0.75,-0.35,3.6));
#1515 = VECTOR('',#1516,1.);
#1516 = DIRECTION('',(-1.,1.224646799147E-16,0.));
#1517 = PLANE('',#1518);
#1518 = AXIS2_PLACEMENT_3D('',#1519,#1520,#1521);
#1519 = CARTESIAN_POINT('',(0.75,-0.45,4.8));
#1520 = DIRECTION('',(-1.220416573038E-16,-0.996545758245,
    -8.304547985373E-02));
#1521 = DIRECTION('',(1.017013810865E-17,8.304547985373E-02,
    -0.996545758245));
#1522 = ADVANCED_FACE('',(#1523),#1540,.T.);
#1523 = FACE_BOUND('',#1524,.T.);
#1524 = EDGE_LOOP('',(#1525,#1526,#1527,#1533,#1534));
#1525 = ORIENTED_EDGE('',*,*,#539,.F.);
#1526 = ORIENTED_EDGE('',*,*,#1488,.T.);
#1527 = ORIENTED_EDGE('',*,*,#1528,.T.);
#1528 = EDGE_CURVE('',#1489,#1062,#1529,.T.);
#1529 = LINE('',#1530,#1531);
#1530 = CARTESIAN_POINT('',(-0.4,-0.25,4.2));
#1531 = VECTOR('',#1532,1.);
#1532 = DIRECTION('',(-1.224646799147E-16,-1.,1.110223024625E-16));
#1533 = ORIENTED_EDGE('',*,*,#1069,.T.);
#1534 = ORIENTED_EDGE('',*,*,#1535,.F.);
#1535 = EDGE_CURVE('',#532,#1070,#1536,.T.);
#1536 = LINE('',#1537,#1538);
#1537 = CARTESIAN_POINT('',(-0.4,-4.45,4.8));
#1538 = VECTOR('',#1539,1.);
#1539 = DIRECTION('',(-1.359631073447E-32,-1.110223024625E-16,-1.));
#1540 = PLANE('',#1541);
#1541 = AXIS2_PLACEMENT_3D('',#1542,#1543,#1544);
#1542 = CARTESIAN_POINT('',(-0.4,-0.25,4.8));
#1543 = DIRECTION('',(-1.,1.224646799147E-16,0.));
#1544 = DIRECTION('',(-1.224646799147E-16,-1.,1.110223024625E-16));
#1545 = ADVANCED_FACE('',(#1546),#1589,.T.);
#1546 = FACE_BOUND('',#1547,.T.);
#1547 = EDGE_LOOP('',(#1548,#1549,#1550,#1551,#1559,#1567,#1575,#1583));
#1548 = ORIENTED_EDGE('',*,*,#531,.F.);
#1549 = ORIENTED_EDGE('',*,*,#1535,.T.);
#1550 = ORIENTED_EDGE('',*,*,#1077,.T.);
#1551 = ORIENTED_EDGE('',*,*,#1552,.F.);
#1552 = EDGE_CURVE('',#1553,#1078,#1555,.T.);
#1553 = VERTEX_POINT('',#1554);
#1554 = CARTESIAN_POINT('',(-1.4,-4.45,4.8));
#1555 = LINE('',#1556,#1557);
#1556 = CARTESIAN_POINT('',(-1.4,-4.45,4.8));
#1557 = VECTOR('',#1558,1.);
#1558 = DIRECTION('',(-1.359631073447E-32,-1.110223024625E-16,-1.));
#1559 = ORIENTED_EDGE('',*,*,#1560,.F.);
#1560 = EDGE_CURVE('',#1561,#1553,#1563,.T.);
#1561 = VERTEX_POINT('',#1562);
#1562 = CARTESIAN_POINT('',(-0.95,-4.45,4.8));
#1563 = LINE('',#1564,#1565);
#1564 = CARTESIAN_POINT('',(-0.4,-4.45,4.8));
#1565 = VECTOR('',#1566,1.);
#1566 = DIRECTION('',(-1.,1.224646799147E-16,0.));
#1567 = ORIENTED_EDGE('',*,*,#1568,.F.);
#1568 = EDGE_CURVE('',#1569,#1561,#1571,.T.);
#1569 = VERTEX_POINT('',#1570);
#1570 = CARTESIAN_POINT('',(-0.95,-4.45,4.85));
#1571 = LINE('',#1572,#1573);
#1572 = CARTESIAN_POINT('',(-0.95,-4.45,4.85));
#1573 = VECTOR('',#1574,1.);
#1574 = DIRECTION('',(-1.359631073447E-32,-1.110223024625E-16,-1.));
#1575 = ORIENTED_EDGE('',*,*,#1576,.F.);
#1576 = EDGE_CURVE('',#1577,#1569,#1579,.T.);
#1577 = VERTEX_POINT('',#1578);
#1578 = CARTESIAN_POINT('',(-0.45,-4.45,4.85));
#1579 = LINE('',#1580,#1581);
#1580 = CARTESIAN_POINT('',(-0.45,-4.45,4.85));
#1581 = VECTOR('',#1582,1.);
#1582 = DIRECTION('',(-1.,1.224646799147E-16,0.));
#1583 = ORIENTED_EDGE('',*,*,#1584,.F.);
#1584 = EDGE_CURVE('',#524,#1577,#1585,.T.);
#1585 = LINE('',#1586,#1587);
#1586 = CARTESIAN_POINT('',(-0.45,-4.45,4.8));
#1587 = VECTOR('',#1588,1.);
#1588 = DIRECTION('',(1.359631073447E-32,1.110223024625E-16,1.));
#1589 = PLANE('',#1590);
#1590 = AXIS2_PLACEMENT_3D('',#1591,#1592,#1593);
#1591 = CARTESIAN_POINT('',(-0.893939393939,-4.45,4.517424242424));
#1592 = DIRECTION('',(1.224646799147E-16,1.,-1.110223024625E-16));
#1593 = DIRECTION('',(1.,-1.224646799147E-16,-2.885949453099E-46));
#1594 = ADVANCED_FACE('',(#1595),#1613,.F.);
#1595 = FACE_BOUND('',#1596,.F.);
#1596 = EDGE_LOOP('',(#1597,#1598,#1606,#1612));
#1597 = ORIENTED_EDGE('',*,*,#523,.T.);
#1598 = ORIENTED_EDGE('',*,*,#1599,.T.);
#1599 = EDGE_CURVE('',#516,#1600,#1602,.T.);
#1600 = VERTEX_POINT('',#1601);
#1601 = CARTESIAN_POINT('',(-0.45,-6.25,4.85));
#1602 = LINE('',#1603,#1604);
#1603 = CARTESIAN_POINT('',(-0.45,-6.25,4.8));
#1604 = VECTOR('',#1605,1.);
#1605 = DIRECTION('',(1.359631073447E-32,1.110223024625E-16,1.));
#1606 = ORIENTED_EDGE('',*,*,#1607,.F.);
#1607 = EDGE_CURVE('',#1577,#1600,#1608,.T.);
#1608 = LINE('',#1609,#1610);
#1609 = CARTESIAN_POINT('',(-0.45,-4.45,4.85));
#1610 = VECTOR('',#1611,1.);
#1611 = DIRECTION('',(-1.224646799147E-16,-1.,1.110223024625E-16));
#1612 = ORIENTED_EDGE('',*,*,#1584,.F.);
#1613 = PLANE('',#1614);
#1614 = AXIS2_PLACEMENT_3D('',#1615,#1616,#1617);
#1615 = CARTESIAN_POINT('',(-0.45,-4.45,4.8));
#1616 = DIRECTION('',(-1.,1.224646799147E-16,0.));
#1617 = DIRECTION('',(1.359631073446E-32,1.110223024625E-16,1.));
#1618 = ADVANCED_FACE('',(#1619),#1660,.T.);
#1619 = FACE_BOUND('',#1620,.T.);
#1620 = EDGE_LOOP('',(#1621,#1627,#1628,#1629,#1637,#1645,#1651,#1652,
    #1658,#1659));
#1621 = ORIENTED_EDGE('',*,*,#1622,.F.);
#1622 = EDGE_CURVE('',#508,#1101,#1623,.T.);
#1623 = LINE('',#1624,#1625);
#1624 = CARTESIAN_POINT('',(0.55,-6.25,4.8));
#1625 = VECTOR('',#1626,1.);
#1626 = DIRECTION('',(-1.359631073447E-32,-1.110223024625E-16,-1.));
#1627 = ORIENTED_EDGE('',*,*,#515,.T.);
#1628 = ORIENTED_EDGE('',*,*,#1599,.T.);
#1629 = ORIENTED_EDGE('',*,*,#1630,.T.);
#1630 = EDGE_CURVE('',#1600,#1631,#1633,.T.);
#1631 = VERTEX_POINT('',#1632);
#1632 = CARTESIAN_POINT('',(-0.95,-6.25,4.85));
#1633 = LINE('',#1634,#1635);
#1634 = CARTESIAN_POINT('',(-0.45,-6.25,4.85));
#1635 = VECTOR('',#1636,1.);
#1636 = DIRECTION('',(-1.,1.224646799147E-16,0.));
#1637 = ORIENTED_EDGE('',*,*,#1638,.T.);
#1638 = EDGE_CURVE('',#1631,#1639,#1641,.T.);
#1639 = VERTEX_POINT('',#1640);
#1640 = CARTESIAN_POINT('',(-0.95,-6.25,4.8));
#1641 = LINE('',#1642,#1643);
#1642 = CARTESIAN_POINT('',(-0.95,-6.25,4.85));
#1643 = VECTOR('',#1644,1.);
#1644 = DIRECTION('',(-1.359631073447E-32,-1.110223024625E-16,-1.));
#1645 = ORIENTED_EDGE('',*,*,#1646,.T.);
#1646 = EDGE_CURVE('',#1639,#949,#1647,.T.);
#1647 = LINE('',#1648,#1649);
#1648 = CARTESIAN_POINT('',(3.95,-6.25,4.8));
#1649 = VECTOR('',#1650,1.);
#1650 = DIRECTION('',(-1.,1.224646799147E-16,0.));
#1651 = ORIENTED_EDGE('',*,*,#948,.T.);
#1652 = ORIENTED_EDGE('',*,*,#1653,.F.);
#1653 = EDGE_CURVE('',#819,#941,#1654,.T.);
#1654 = LINE('',#1655,#1656);
#1655 = CARTESIAN_POINT('',(3.95,-6.25,3.3));
#1656 = VECTOR('',#1657,1.);
#1657 = DIRECTION('',(-1.,1.224646799147E-16,0.));
#1658 = ORIENTED_EDGE('',*,*,#816,.F.);
#1659 = ORIENTED_EDGE('',*,*,#1100,.F.);
#1660 = PLANE('',#1661);
#1661 = AXIS2_PLACEMENT_3D('',#1662,#1663,#1664);
#1662 = CARTESIAN_POINT('',(-0.922222222222,-6.25,4.28487654321));
#1663 = DIRECTION('',(-1.224646799147E-16,-1.,1.110223024625E-16));
#1664 = DIRECTION('',(-1.,1.224646799147E-16,1.219283680787E-48));
#1665 = ADVANCED_FACE('',(#1666),#1677,.F.);
#1666 = FACE_BOUND('',#1667,.F.);
#1667 = EDGE_LOOP('',(#1668,#1669,#1675,#1676));
#1668 = ORIENTED_EDGE('',*,*,#507,.F.);
#1669 = ORIENTED_EDGE('',*,*,#1670,.T.);
#1670 = EDGE_CURVE('',#500,#1109,#1671,.T.);
#1671 = LINE('',#1672,#1673);
#1672 = CARTESIAN_POINT('',(0.55,-2.35,4.8));
#1673 = VECTOR('',#1674,1.);
#1674 = DIRECTION('',(-1.359631073447E-32,-1.110223024625E-16,-1.));
#1675 = ORIENTED_EDGE('',*,*,#1108,.T.);
#1676 = ORIENTED_EDGE('',*,*,#1622,.F.);
#1677 = PLANE('',#1678);
#1678 = AXIS2_PLACEMENT_3D('',#1679,#1680,#1681);
#1679 = CARTESIAN_POINT('',(0.55,-2.35,4.8));
#1680 = DIRECTION('',(-1.,1.224646799147E-16,0.));
#1681 = DIRECTION('',(-1.224646799147E-16,-1.,1.110223024625E-16));
#1682 = ADVANCED_FACE('',(#1683),#1694,.F.);
#1683 = FACE_BOUND('',#1684,.F.);
#1684 = EDGE_LOOP('',(#1685,#1686,#1692,#1693));
#1685 = ORIENTED_EDGE('',*,*,#499,.F.);
#1686 = ORIENTED_EDGE('',*,*,#1687,.T.);
#1687 = EDGE_CURVE('',#492,#1117,#1688,.T.);
#1688 = LINE('',#1689,#1690);
#1689 = CARTESIAN_POINT('',(1.45,-2.35,4.8));
#1690 = VECTOR('',#1691,1.);
#1691 = DIRECTION('',(-1.359631073447E-32,-1.110223024625E-16,-1.));
#1692 = ORIENTED_EDGE('',*,*,#1116,.T.);
#1693 = ORIENTED_EDGE('',*,*,#1670,.F.);
#1694 = PLANE('',#1695);
#1695 = AXIS2_PLACEMENT_3D('',#1696,#1697,#1698);
#1696 = CARTESIAN_POINT('',(1.45,-2.35,4.8));
#1697 = DIRECTION('',(1.224646799147E-16,1.,-1.110223024625E-16));
#1698 = DIRECTION('',(-1.,1.224646799147E-16,1.219283680787E-48));
#1699 = ADVANCED_FACE('',(#1700),#1706,.F.);
#1700 = FACE_BOUND('',#1701,.F.);
#1701 = EDGE_LOOP('',(#1702,#1703,#1704,#1705));
#1702 = ORIENTED_EDGE('',*,*,#491,.F.);
#1703 = ORIENTED_EDGE('',*,*,#625,.T.);
#1704 = ORIENTED_EDGE('',*,*,#1124,.T.);
#1705 = ORIENTED_EDGE('',*,*,#1687,.F.);
#1706 = PLANE('',#1707);
#1707 = AXIS2_PLACEMENT_3D('',#1708,#1709,#1710);
#1708 = CARTESIAN_POINT('',(1.45,-6.25,4.8));
#1709 = DIRECTION('',(1.,-1.224646799147E-16,-0.));
#1710 = DIRECTION('',(1.224646799147E-16,1.,-1.110223024625E-16));
#1711 = ADVANCED_FACE('',(#1712),#1753,.F.);
#1712 = FACE_BOUND('',#1713,.F.);
#1713 = EDGE_LOOP('',(#1714,#1722,#1723,#1729,#1730,#1731,#1739,#1747));
#1714 = ORIENTED_EDGE('',*,*,#1715,.T.);
#1715 = EDGE_CURVE('',#1716,#898,#1718,.T.);
#1716 = VERTEX_POINT('',#1717);
#1717 = CARTESIAN_POINT('',(-1.4,-0.25,4.8));
#1718 = LINE('',#1719,#1720);
#1719 = CARTESIAN_POINT('',(3.95,-0.25,4.8));
#1720 = VECTOR('',#1721,1.);
#1721 = DIRECTION('',(-1.,1.224646799147E-16,0.));
#1722 = ORIENTED_EDGE('',*,*,#897,.T.);
#1723 = ORIENTED_EDGE('',*,*,#1724,.F.);
#1724 = EDGE_CURVE('',#995,#900,#1725,.T.);
#1725 = LINE('',#1726,#1727);
#1726 = CARTESIAN_POINT('',(-0.95,-0.25,4.1));
#1727 = VECTOR('',#1728,1.);
#1728 = DIRECTION('',(-1.,1.224646799147E-16,0.));
#1729 = ORIENTED_EDGE('',*,*,#994,.F.);
#1730 = ORIENTED_EDGE('',*,*,#660,.T.);
#1731 = ORIENTED_EDGE('',*,*,#1732,.T.);
#1732 = EDGE_CURVE('',#663,#1733,#1735,.T.);
#1733 = VERTEX_POINT('',#1734);
#1734 = CARTESIAN_POINT('',(-0.75,-0.25,4.2));
#1735 = LINE('',#1736,#1737);
#1736 = CARTESIAN_POINT('',(-0.75,-0.25,0.3));
#1737 = VECTOR('',#1738,1.);
#1738 = DIRECTION('',(1.359631073447E-32,1.110223024625E-16,1.));
#1739 = ORIENTED_EDGE('',*,*,#1740,.F.);
#1740 = EDGE_CURVE('',#1741,#1733,#1743,.T.);
#1741 = VERTEX_POINT('',#1742);
#1742 = CARTESIAN_POINT('',(-1.4,-0.25,4.2));
#1743 = LINE('',#1744,#1745);
#1744 = CARTESIAN_POINT('',(-1.4,-0.25,4.2));
#1745 = VECTOR('',#1746,1.);
#1746 = DIRECTION('',(1.,-1.224646799147E-16,0.));
#1747 = ORIENTED_EDGE('',*,*,#1748,.F.);
#1748 = EDGE_CURVE('',#1716,#1741,#1749,.T.);
#1749 = LINE('',#1750,#1751);
#1750 = CARTESIAN_POINT('',(-1.4,-0.25,4.8));
#1751 = VECTOR('',#1752,1.);
#1752 = DIRECTION('',(-1.359631073447E-32,-1.110223024625E-16,-1.));
#1753 = PLANE('',#1754);
#1754 = AXIS2_PLACEMENT_3D('',#1755,#1756,#1757);
#1755 = CARTESIAN_POINT('',(1.,-0.25,2.55));
#1756 = DIRECTION('',(-1.224646799147E-16,-1.,1.110223024625E-16));
#1757 = DIRECTION('',(-1.,1.224646799147E-16,1.219283680787E-48));
#1758 = ADVANCED_FACE('',(#1759),#1784,.T.);
#1759 = FACE_BOUND('',#1760,.T.);
#1760 = EDGE_LOOP('',(#1761,#1762,#1768,#1769,#1777,#1783));
#1761 = ORIENTED_EDGE('',*,*,#1732,.T.);
#1762 = ORIENTED_EDGE('',*,*,#1763,.F.);
#1763 = EDGE_CURVE('',#1497,#1733,#1764,.T.);
#1764 = LINE('',#1765,#1766);
#1765 = CARTESIAN_POINT('',(-0.75,-1.335399017773,4.2));
#1766 = VECTOR('',#1767,1.);
#1767 = DIRECTION('',(1.224646799147E-16,1.,-1.110223024625E-16));
#1768 = ORIENTED_EDGE('',*,*,#1504,.T.);
#1769 = ORIENTED_EDGE('',*,*,#1770,.T.);
#1770 = EDGE_CURVE('',#1505,#1771,#1773,.T.);
#1771 = VERTEX_POINT('',#1772);
#1772 = CARTESIAN_POINT('',(-0.75,-0.35,2.6));
#1773 = LINE('',#1774,#1775);
#1774 = CARTESIAN_POINT('',(-0.75,-0.35,3.6));
#1775 = VECTOR('',#1776,1.);
#1776 = DIRECTION('',(-1.359631073447E-32,-1.110223024625E-16,-1.));
#1777 = ORIENTED_EDGE('',*,*,#1778,.T.);
#1778 = EDGE_CURVE('',#1771,#725,#1779,.T.);
#1779 = LINE('',#1780,#1781);
#1780 = CARTESIAN_POINT('',(-0.75,-0.35,2.6));
#1781 = VECTOR('',#1782,1.);
#1782 = DIRECTION('',(-5.319525767383E-18,-4.343722427631E-02,
    -0.999056158355));
#1783 = ORIENTED_EDGE('',*,*,#732,.T.);
#1784 = PLANE('',#1785);
#1785 = AXIS2_PLACEMENT_3D('',#1786,#1787,#1788);
#1786 = CARTESIAN_POINT('',(-0.75,-0.320798035545,2.550475523299));
#1787 = DIRECTION('',(1.,-1.224646799147E-16,0.));
#1788 = DIRECTION('',(1.224646799147E-16,1.,-1.110223024625E-16));
#1789 = ADVANCED_FACE('',(#1790),#1801,.F.);
#1790 = FACE_BOUND('',#1791,.F.);
#1791 = EDGE_LOOP('',(#1792,#1798,#1799,#1800));
#1792 = ORIENTED_EDGE('',*,*,#1793,.T.);
#1793 = EDGE_CURVE('',#1463,#1771,#1794,.T.);
#1794 = LINE('',#1795,#1796);
#1795 = CARTESIAN_POINT('',(0.75,-0.35,2.6));
#1796 = VECTOR('',#1797,1.);
#1797 = DIRECTION('',(-1.,1.224646799147E-16,0.));
#1798 = ORIENTED_EDGE('',*,*,#1778,.T.);
#1799 = ORIENTED_EDGE('',*,*,#724,.F.);
#1800 = ORIENTED_EDGE('',*,*,#1470,.F.);
#1801 = PLANE('',#1802);
#1802 = AXIS2_PLACEMENT_3D('',#1803,#1804,#1805);
#1803 = CARTESIAN_POINT('',(0.75,-0.35,2.6));
#1804 = DIRECTION('',(-1.223490926498E-16,-0.999056158355,
    4.343722427631E-02));
#1805 = DIRECTION('',(-5.319525767383E-18,-4.343722427631E-02,
    -0.999056158355));
#1806 = ADVANCED_FACE('',(#1807),#1818,.F.);
#1807 = FACE_BOUND('',#1808,.F.);
#1808 = EDGE_LOOP('',(#1809,#1815,#1816,#1817));
#1809 = ORIENTED_EDGE('',*,*,#1810,.T.);
#1810 = EDGE_CURVE('',#1273,#1408,#1811,.T.);
#1811 = LINE('',#1812,#1813);
#1812 = CARTESIAN_POINT('',(2.75,-0.35,2.6));
#1813 = VECTOR('',#1814,1.);
#1814 = DIRECTION('',(-1.,1.224646799147E-16,0.));
#1815 = ORIENTED_EDGE('',*,*,#1415,.T.);
#1816 = ORIENTED_EDGE('',*,*,#692,.F.);
#1817 = ORIENTED_EDGE('',*,*,#1280,.F.);
#1818 = PLANE('',#1819);
#1819 = AXIS2_PLACEMENT_3D('',#1820,#1821,#1822);
#1820 = CARTESIAN_POINT('',(2.75,-0.35,2.6));
#1821 = DIRECTION('',(-1.223490926498E-16,-0.999056158355,
    4.343722427631E-02));
#1822 = DIRECTION('',(-5.319525767383E-18,-4.343722427631E-02,
    -0.999056158355));
#1823 = ADVANCED_FACE('',(#1824),#1842,.F.);
#1824 = FACE_BOUND('',#1825,.F.);
#1825 = EDGE_LOOP('',(#1826,#1827,#1835,#1841));
#1826 = ORIENTED_EDGE('',*,*,#793,.T.);
#1827 = ORIENTED_EDGE('',*,*,#1828,.T.);
#1828 = EDGE_CURVE('',#786,#1829,#1831,.T.);
#1829 = VERTEX_POINT('',#1830);
#1830 = CARTESIAN_POINT('',(1.2,-3.95,1.1));
#1831 = LINE('',#1832,#1833);
#1832 = CARTESIAN_POINT('',(1.2,-3.95,0.8));
#1833 = VECTOR('',#1834,1.);
#1834 = DIRECTION('',(1.359631073447E-32,1.110223024625E-16,1.));
#1835 = ORIENTED_EDGE('',*,*,#1836,.F.);
#1836 = EDGE_CURVE('',#1165,#1829,#1837,.T.);
#1837 = LINE('',#1838,#1839);
#1838 = CARTESIAN_POINT('',(1.2,-2.05,1.1));
#1839 = VECTOR('',#1840,1.);
#1840 = DIRECTION('',(-1.224646799147E-16,-1.,1.110223024625E-16));
#1841 = ORIENTED_EDGE('',*,*,#1172,.F.);
#1842 = PLANE('',#1843);
#1843 = AXIS2_PLACEMENT_3D('',#1844,#1845,#1846);
#1844 = CARTESIAN_POINT('',(1.2,-2.05,0.8));
#1845 = DIRECTION('',(-1.,1.224646799147E-16,0.));
#1846 = DIRECTION('',(1.359631073446E-32,1.110223024625E-16,1.));
#1847 = ADVANCED_FACE('',(#1848),#1866,.T.);
#1848 = FACE_BOUND('',#1849,.T.);
#1849 = EDGE_LOOP('',(#1850,#1858,#1864,#1865));
#1850 = ORIENTED_EDGE('',*,*,#1851,.T.);
#1851 = EDGE_CURVE('',#1829,#1852,#1854,.T.);
#1852 = VERTEX_POINT('',#1853);
#1853 = CARTESIAN_POINT('',(0.8,-3.95,1.1));
#1854 = LINE('',#1855,#1856);
#1855 = CARTESIAN_POINT('',(1.2,-3.95,1.1));
#1856 = VECTOR('',#1857,1.);
#1857 = DIRECTION('',(-1.,1.224646799147E-16,0.));
#1858 = ORIENTED_EDGE('',*,*,#1859,.T.);
#1859 = EDGE_CURVE('',#1852,#778,#1860,.T.);
#1860 = LINE('',#1861,#1862);
#1861 = CARTESIAN_POINT('',(0.8,-3.95,1.1));
#1862 = VECTOR('',#1863,1.);
#1863 = DIRECTION('',(-1.359631073447E-32,-1.110223024625E-16,-1.));
#1864 = ORIENTED_EDGE('',*,*,#785,.T.);
#1865 = ORIENTED_EDGE('',*,*,#1828,.T.);
#1866 = PLANE('',#1867);
#1867 = AXIS2_PLACEMENT_3D('',#1868,#1869,#1870);
#1868 = CARTESIAN_POINT('',(1.,-3.95,0.95));
#1869 = DIRECTION('',(-1.224646799147E-16,-1.,1.110223024625E-16));
#1870 = DIRECTION('',(-1.,1.224646799147E-16,1.219283680787E-48));
#1871 = ADVANCED_FACE('',(#1872),#1883,.F.);
#1872 = FACE_BOUND('',#1873,.F.);
#1873 = EDGE_LOOP('',(#1874,#1880,#1881,#1882));
#1874 = ORIENTED_EDGE('',*,*,#1875,.T.);
#1875 = EDGE_CURVE('',#1157,#1852,#1876,.T.);
#1876 = LINE('',#1877,#1878);
#1877 = CARTESIAN_POINT('',(0.8,-2.05,1.1));
#1878 = VECTOR('',#1879,1.);
#1879 = DIRECTION('',(-1.224646799147E-16,-1.,1.110223024625E-16));
#1880 = ORIENTED_EDGE('',*,*,#1859,.T.);
#1881 = ORIENTED_EDGE('',*,*,#777,.F.);
#1882 = ORIENTED_EDGE('',*,*,#1156,.F.);
#1883 = PLANE('',#1884);
#1884 = AXIS2_PLACEMENT_3D('',#1885,#1886,#1887);
#1885 = CARTESIAN_POINT('',(0.8,-2.05,1.1));
#1886 = DIRECTION('',(1.,-1.224646799147E-16,0.));
#1887 = DIRECTION('',(-1.359631073446E-32,-1.110223024625E-16,-1.));
#1888 = ADVANCED_FACE('',(#1889),#1900,.T.);
#1889 = FACE_BOUND('',#1890,.T.);
#1890 = EDGE_LOOP('',(#1891,#1892,#1893,#1894));
#1891 = ORIENTED_EDGE('',*,*,#859,.T.);
#1892 = ORIENTED_EDGE('',*,*,#1653,.T.);
#1893 = ORIENTED_EDGE('',*,*,#940,.T.);
#1894 = ORIENTED_EDGE('',*,*,#1895,.F.);
#1895 = EDGE_CURVE('',#851,#932,#1896,.T.);
#1896 = LINE('',#1897,#1898);
#1897 = CARTESIAN_POINT('',(3.95,-4.65,3.3));
#1898 = VECTOR('',#1899,1.);
#1899 = DIRECTION('',(-1.,1.224646799147E-16,0.));
#1900 = PLANE('',#1901);
#1901 = AXIS2_PLACEMENT_3D('',#1902,#1903,#1904);
#1902 = CARTESIAN_POINT('',(3.95,-6.25,3.3));
#1903 = DIRECTION('',(-1.359631073447E-32,-1.110223024625E-16,-1.));
#1904 = DIRECTION('',(1.224646799147E-16,1.,-1.110223024625E-16));
#1905 = ADVANCED_FACE('',(#1906),#1912,.F.);
#1906 = FACE_BOUND('',#1907,.F.);
#1907 = EDGE_LOOP('',(#1908,#1909,#1910,#1911));
#1908 = ORIENTED_EDGE('',*,*,#874,.T.);
#1909 = ORIENTED_EDGE('',*,*,#931,.T.);
#1910 = ORIENTED_EDGE('',*,*,#1895,.F.);
#1911 = ORIENTED_EDGE('',*,*,#850,.F.);
#1912 = CYLINDRICAL_SURFACE('',#1913,0.4);
#1913 = AXIS2_PLACEMENT_3D('',#1914,#1915,#1916);
#1914 = CARTESIAN_POINT('',(3.95,-4.65,2.9));
#1915 = DIRECTION('',(1.,-1.224646799147E-16,0.));
#1916 = DIRECTION('',(1.359631073446E-32,1.110223024625E-16,1.));
#1917 = ADVANCED_FACE('',(#1918),#1929,.F.);
#1918 = FACE_BOUND('',#1919,.F.);
#1919 = EDGE_LOOP('',(#1920,#1921,#1922,#1928));
#1920 = ORIENTED_EDGE('',*,*,#1724,.T.);
#1921 = ORIENTED_EDGE('',*,*,#907,.T.);
#1922 = ORIENTED_EDGE('',*,*,#1923,.F.);
#1923 = EDGE_CURVE('',#1003,#908,#1924,.T.);
#1924 = LINE('',#1925,#1926);
#1925 = CARTESIAN_POINT('',(-0.95,1.35,3.2));
#1926 = VECTOR('',#1927,1.);
#1927 = DIRECTION('',(-1.,1.224646799147E-16,0.));
#1928 = ORIENTED_EDGE('',*,*,#1002,.F.);
#1929 = PLANE('',#1930);
#1930 = AXIS2_PLACEMENT_3D('',#1931,#1932,#1933);
#1931 = CARTESIAN_POINT('',(-0.95,-0.25,4.1));
#1932 = DIRECTION('',(-6.003968578616E-17,-0.490261239633,
    -0.871575537124));
#1933 = DIRECTION('',(1.067372191754E-16,0.871575537124,-0.490261239633)
  );
#1934 = ADVANCED_FACE('',(#1935),#1941,.F.);
#1935 = FACE_BOUND('',#1936,.F.);
#1936 = EDGE_LOOP('',(#1937,#1938,#1939,#1940));
#1937 = ORIENTED_EDGE('',*,*,#1923,.T.);
#1938 = ORIENTED_EDGE('',*,*,#915,.T.);
#1939 = ORIENTED_EDGE('',*,*,#970,.F.);
#1940 = ORIENTED_EDGE('',*,*,#1010,.F.);
#1941 = PLANE('',#1942);
#1942 = AXIS2_PLACEMENT_3D('',#1943,#1944,#1945);
#1943 = CARTESIAN_POINT('',(-0.95,1.35,3.2));
#1944 = DIRECTION('',(-1.224646799147E-16,-1.,0.));
#1945 = DIRECTION('',(-0.,0.,-1.));
#1946 = ADVANCED_FACE('',(#1947),#1965,.F.);
#1947 = FACE_BOUND('',#1948,.F.);
#1948 = EDGE_LOOP('',(#1949,#1950,#1956,#1957,#1963,#1964));
#1949 = ORIENTED_EDGE('',*,*,#1715,.F.);
#1950 = ORIENTED_EDGE('',*,*,#1951,.F.);
#1951 = EDGE_CURVE('',#1553,#1716,#1952,.T.);
#1952 = LINE('',#1953,#1954);
#1953 = CARTESIAN_POINT('',(-1.4,-4.45,4.8));
#1954 = VECTOR('',#1955,1.);
#1955 = DIRECTION('',(1.224646799147E-16,1.,-1.110223024625E-16));
#1956 = ORIENTED_EDGE('',*,*,#1560,.F.);
#1957 = ORIENTED_EDGE('',*,*,#1958,.T.);
#1958 = EDGE_CURVE('',#1561,#1639,#1959,.T.);
#1959 = LINE('',#1960,#1961);
#1960 = CARTESIAN_POINT('',(-0.95,-4.45,4.8));
#1961 = VECTOR('',#1962,1.);
#1962 = DIRECTION('',(-1.224646799147E-16,-1.,1.110223024625E-16));
#1963 = ORIENTED_EDGE('',*,*,#1646,.T.);
#1964 = ORIENTED_EDGE('',*,*,#956,.F.);
#1965 = PLANE('',#1966);
#1966 = AXIS2_PLACEMENT_3D('',#1967,#1968,#1969);
#1967 = CARTESIAN_POINT('',(3.95,-0.25,4.8));
#1968 = DIRECTION('',(-1.359631073447E-32,-1.110223024625E-16,-1.));
#1969 = DIRECTION('',(-1.,1.224646799147E-16,6.927121900793E-45));
#1970 = ADVANCED_FACE('',(#1971),#1983,.T.);
#1971 = FACE_BOUND('',#1972,.T.);
#1972 = EDGE_LOOP('',(#1973,#1974,#1975,#1976,#1982));
#1973 = ORIENTED_EDGE('',*,*,#1951,.F.);
#1974 = ORIENTED_EDGE('',*,*,#1552,.T.);
#1975 = ORIENTED_EDGE('',*,*,#1085,.T.);
#1976 = ORIENTED_EDGE('',*,*,#1977,.T.);
#1977 = EDGE_CURVE('',#1086,#1741,#1978,.T.);
#1978 = LINE('',#1979,#1980);
#1979 = CARTESIAN_POINT('',(-1.4,-4.45,4.2));
#1980 = VECTOR('',#1981,1.);
#1981 = DIRECTION('',(1.224646799147E-16,1.,-1.110223024625E-16));
#1982 = ORIENTED_EDGE('',*,*,#1748,.F.);
#1983 = PLANE('',#1984);
#1984 = AXIS2_PLACEMENT_3D('',#1985,#1986,#1987);
#1985 = CARTESIAN_POINT('',(-1.4,-4.45,4.8));
#1986 = DIRECTION('',(1.,-1.224646799147E-16,0.));
#1987 = DIRECTION('',(1.224646799147E-16,1.,-1.110223024625E-16));
#1988 = ADVANCED_FACE('',(#1989),#1995,.F.);
#1989 = FACE_BOUND('',#1990,.F.);
#1990 = EDGE_LOOP('',(#1991,#1992,#1993,#1994));
#1991 = ORIENTED_EDGE('',*,*,#1836,.T.);
#1992 = ORIENTED_EDGE('',*,*,#1851,.T.);
#1993 = ORIENTED_EDGE('',*,*,#1875,.F.);
#1994 = ORIENTED_EDGE('',*,*,#1164,.F.);
#1995 = PLANE('',#1996);
#1996 = AXIS2_PLACEMENT_3D('',#1997,#1998,#1999);
#1997 = CARTESIAN_POINT('',(1.2,-2.05,1.1));
#1998 = DIRECTION('',(-1.359631073447E-32,-1.110223024625E-16,-1.));
#1999 = DIRECTION('',(-1.,1.224646799147E-16,6.927121900793E-45));
#2000 = ADVANCED_FACE('',(#2001),#2009,.F.);
#2001 = FACE_BOUND('',#2002,.F.);
#2002 = EDGE_LOOP('',(#2003,#2004,#2005,#2006,#2007,#2008));
#2003 = ORIENTED_EDGE('',*,*,#1147,.T.);
#2004 = ORIENTED_EDGE('',*,*,#1977,.T.);
#2005 = ORIENTED_EDGE('',*,*,#1740,.T.);
#2006 = ORIENTED_EDGE('',*,*,#1763,.F.);
#2007 = ORIENTED_EDGE('',*,*,#1496,.T.);
#2008 = ORIENTED_EDGE('',*,*,#1528,.T.);
#2009 = PLANE('',#2010);
#2010 = AXIS2_PLACEMENT_3D('',#2011,#2012,#2013);
#2011 = CARTESIAN_POINT('',(-0.9,-2.35,4.2));
#2012 = DIRECTION('',(-1.359631073447E-32,-1.110223024625E-16,-1.));
#2013 = DIRECTION('',(-1.224646799147E-16,-1.,1.110223024625E-16));
#2014 = ADVANCED_FACE('',(#2015),#2040,.F.);
#2015 = FACE_BOUND('',#2016,.F.);
#2016 = EDGE_LOOP('',(#2017,#2027,#2033,#2034));
#2017 = ORIENTED_EDGE('',*,*,#2018,.T.);
#2018 = EDGE_CURVE('',#2019,#2021,#2023,.T.);
#2019 = VERTEX_POINT('',#2020);
#2020 = CARTESIAN_POINT('',(0.25,-5.55,2.85));
#2021 = VERTEX_POINT('',#2022);
#2022 = CARTESIAN_POINT('',(0.25,-5.55,3.35));
#2023 = LINE('',#2024,#2025);
#2024 = CARTESIAN_POINT('',(0.25,-5.55,2.85));
#2025 = VECTOR('',#2026,1.);
#2026 = DIRECTION('',(0.,0.,1.));
#2027 = ORIENTED_EDGE('',*,*,#2028,.T.);
#2028 = EDGE_CURVE('',#2021,#1182,#2029,.T.);
#2029 = LINE('',#2030,#2031);
#2030 = CARTESIAN_POINT('',(0.25,-5.75,3.35));
#2031 = VECTOR('',#2032,1.);
#2032 = DIRECTION('',(1.224646799147E-16,1.,0.));
#2033 = ORIENTED_EDGE('',*,*,#1181,.T.);
#2034 = ORIENTED_EDGE('',*,*,#2035,.T.);
#2035 = EDGE_CURVE('',#1184,#2019,#2036,.T.);
#2036 = LINE('',#2037,#2038);
#2037 = CARTESIAN_POINT('',(0.25,-0.25,2.85));
#2038 = VECTOR('',#2039,1.);
#2039 = DIRECTION('',(-1.224646799147E-16,-1.,0.));
#2040 = PLANE('',#2041);
#2041 = AXIS2_PLACEMENT_3D('',#2042,#2043,#2044);
#2042 = CARTESIAN_POINT('',(0.25,-1.421959173294,1.302213422577));
#2043 = DIRECTION('',(-1.,1.224646799147E-16,0.));
#2044 = DIRECTION('',(0.,0.,1.));
#2045 = ADVANCED_FACE('',(#2046),#2064,.F.);
#2046 = FACE_BOUND('',#2047,.F.);
#2047 = EDGE_LOOP('',(#2048,#2049,#2057,#2063));
#2048 = ORIENTED_EDGE('',*,*,#2028,.F.);
#2049 = ORIENTED_EDGE('',*,*,#2050,.T.);
#2050 = EDGE_CURVE('',#2021,#2051,#2053,.T.);
#2051 = VERTEX_POINT('',#2052);
#2052 = CARTESIAN_POINT('',(-0.25,-5.55,3.35));
#2053 = LINE('',#2054,#2055);
#2054 = CARTESIAN_POINT('',(0.25,-5.55,3.35));
#2055 = VECTOR('',#2056,1.);
#2056 = DIRECTION('',(-1.,1.224646799147E-16,0.));
#2057 = ORIENTED_EDGE('',*,*,#2058,.T.);
#2058 = EDGE_CURVE('',#2051,#1200,#2059,.T.);
#2059 = LINE('',#2060,#2061);
#2060 = CARTESIAN_POINT('',(-0.25,-5.75,3.35));
#2061 = VECTOR('',#2062,1.);
#2062 = DIRECTION('',(1.224646799147E-16,1.,0.));
#2063 = ORIENTED_EDGE('',*,*,#1207,.T.);
#2064 = PLANE('',#2065);
#2065 = AXIS2_PLACEMENT_3D('',#2066,#2067,#2068);
#2066 = CARTESIAN_POINT('',(0.25,-5.75,3.35));
#2067 = DIRECTION('',(-0.,0.,-1.));
#2068 = DIRECTION('',(1.224646799147E-16,1.,0.));
#2069 = ADVANCED_FACE('',(#2070),#2088,.T.);
#2070 = FACE_BOUND('',#2071,.T.);
#2071 = EDGE_LOOP('',(#2072,#2080,#2081,#2082));
#2072 = ORIENTED_EDGE('',*,*,#2073,.T.);
#2073 = EDGE_CURVE('',#2074,#2051,#2076,.T.);
#2074 = VERTEX_POINT('',#2075);
#2075 = CARTESIAN_POINT('',(-0.25,-5.55,2.85));
#2076 = LINE('',#2077,#2078);
#2077 = CARTESIAN_POINT('',(-0.25,-5.55,2.85));
#2078 = VECTOR('',#2079,1.);
#2079 = DIRECTION('',(0.,0.,1.));
#2080 = ORIENTED_EDGE('',*,*,#2058,.T.);
#2081 = ORIENTED_EDGE('',*,*,#1199,.T.);
#2082 = ORIENTED_EDGE('',*,*,#2083,.T.);
#2083 = EDGE_CURVE('',#1192,#2074,#2084,.T.);
#2084 = LINE('',#2085,#2086);
#2085 = CARTESIAN_POINT('',(-0.25,-0.25,2.85));
#2086 = VECTOR('',#2087,1.);
#2087 = DIRECTION('',(-1.224646799147E-16,-1.,0.));
#2088 = PLANE('',#2089);
#2089 = AXIS2_PLACEMENT_3D('',#2090,#2091,#2092);
#2090 = CARTESIAN_POINT('',(-0.25,-1.421959173294,1.302213422577));
#2091 = DIRECTION('',(-1.,1.224646799147E-16,0.));
#2092 = DIRECTION('',(0.,0.,1.));
#2093 = ADVANCED_FACE('',(#2094),#2105,.F.);
#2094 = FACE_BOUND('',#2095,.F.);
#2095 = EDGE_LOOP('',(#2096,#2097,#2098,#2099));
#2096 = ORIENTED_EDGE('',*,*,#2035,.F.);
#2097 = ORIENTED_EDGE('',*,*,#1191,.T.);
#2098 = ORIENTED_EDGE('',*,*,#2083,.T.);
#2099 = ORIENTED_EDGE('',*,*,#2100,.F.);
#2100 = EDGE_CURVE('',#2019,#2074,#2101,.T.);
#2101 = LINE('',#2102,#2103);
#2102 = CARTESIAN_POINT('',(0.25,-5.55,2.85));
#2103 = VECTOR('',#2104,1.);
#2104 = DIRECTION('',(-1.,1.224646799147E-16,0.));
#2105 = PLANE('',#2106);
#2106 = AXIS2_PLACEMENT_3D('',#2107,#2108,#2109);
#2107 = CARTESIAN_POINT('',(0.25,-0.25,2.85));
#2108 = DIRECTION('',(0.,0.,1.));
#2109 = DIRECTION('',(-1.224646799147E-16,-1.,0.));
#2110 = ADVANCED_FACE('',(#2111),#2136,.F.);
#2111 = FACE_BOUND('',#2112,.F.);
#2112 = EDGE_LOOP('',(#2113,#2123,#2129,#2130));
#2113 = ORIENTED_EDGE('',*,*,#2114,.T.);
#2114 = EDGE_CURVE('',#2115,#2117,#2119,.T.);
#2115 = VERTEX_POINT('',#2116);
#2116 = CARTESIAN_POINT('',(2.25,-5.55,2.85));
#2117 = VERTEX_POINT('',#2118);
#2118 = CARTESIAN_POINT('',(2.25,-5.55,3.35));
#2119 = LINE('',#2120,#2121);
#2120 = CARTESIAN_POINT('',(2.25,-5.55,2.85));
#2121 = VECTOR('',#2122,1.);
#2122 = DIRECTION('',(0.,0.,1.));
#2123 = ORIENTED_EDGE('',*,*,#2124,.T.);
#2124 = EDGE_CURVE('',#2117,#1216,#2125,.T.);
#2125 = LINE('',#2126,#2127);
#2126 = CARTESIAN_POINT('',(2.25,-5.75,3.35));
#2127 = VECTOR('',#2128,1.);
#2128 = DIRECTION('',(1.224646799147E-16,1.,0.));
#2129 = ORIENTED_EDGE('',*,*,#1215,.T.);
#2130 = ORIENTED_EDGE('',*,*,#2131,.T.);
#2131 = EDGE_CURVE('',#1218,#2115,#2132,.T.);
#2132 = LINE('',#2133,#2134);
#2133 = CARTESIAN_POINT('',(2.25,-0.25,2.85));
#2134 = VECTOR('',#2135,1.);
#2135 = DIRECTION('',(-1.224646799147E-16,-1.,0.));
#2136 = PLANE('',#2137);
#2137 = AXIS2_PLACEMENT_3D('',#2138,#2139,#2140);
#2138 = CARTESIAN_POINT('',(2.25,-1.421959173294,1.302213422577));
#2139 = DIRECTION('',(-1.,1.224646799147E-16,0.));
#2140 = DIRECTION('',(0.,0.,1.));
#2141 = ADVANCED_FACE('',(#2142),#2160,.F.);
#2142 = FACE_BOUND('',#2143,.F.);
#2143 = EDGE_LOOP('',(#2144,#2145,#2153,#2159));
#2144 = ORIENTED_EDGE('',*,*,#2124,.F.);
#2145 = ORIENTED_EDGE('',*,*,#2146,.T.);
#2146 = EDGE_CURVE('',#2117,#2147,#2149,.T.);
#2147 = VERTEX_POINT('',#2148);
#2148 = CARTESIAN_POINT('',(1.75,-5.55,3.35));
#2149 = LINE('',#2150,#2151);
#2150 = CARTESIAN_POINT('',(2.25,-5.55,3.35));
#2151 = VECTOR('',#2152,1.);
#2152 = DIRECTION('',(-1.,1.224646799147E-16,0.));
#2153 = ORIENTED_EDGE('',*,*,#2154,.T.);
#2154 = EDGE_CURVE('',#2147,#1234,#2155,.T.);
#2155 = LINE('',#2156,#2157);
#2156 = CARTESIAN_POINT('',(1.75,-5.75,3.35));
#2157 = VECTOR('',#2158,1.);
#2158 = DIRECTION('',(1.224646799147E-16,1.,0.));
#2159 = ORIENTED_EDGE('',*,*,#1241,.T.);
#2160 = PLANE('',#2161);
#2161 = AXIS2_PLACEMENT_3D('',#2162,#2163,#2164);
#2162 = CARTESIAN_POINT('',(2.25,-5.75,3.35));
#2163 = DIRECTION('',(-0.,0.,-1.));
#2164 = DIRECTION('',(1.224646799147E-16,1.,0.));
#2165 = ADVANCED_FACE('',(#2166),#2184,.T.);
#2166 = FACE_BOUND('',#2167,.T.);
#2167 = EDGE_LOOP('',(#2168,#2176,#2177,#2178));
#2168 = ORIENTED_EDGE('',*,*,#2169,.T.);
#2169 = EDGE_CURVE('',#2170,#2147,#2172,.T.);
#2170 = VERTEX_POINT('',#2171);
#2171 = CARTESIAN_POINT('',(1.75,-5.55,2.85));
#2172 = LINE('',#2173,#2174);
#2173 = CARTESIAN_POINT('',(1.75,-5.55,2.85));
#2174 = VECTOR('',#2175,1.);
#2175 = DIRECTION('',(0.,0.,1.));
#2176 = ORIENTED_EDGE('',*,*,#2154,.T.);
#2177 = ORIENTED_EDGE('',*,*,#1233,.T.);
#2178 = ORIENTED_EDGE('',*,*,#2179,.T.);
#2179 = EDGE_CURVE('',#1226,#2170,#2180,.T.);
#2180 = LINE('',#2181,#2182);
#2181 = CARTESIAN_POINT('',(1.75,-0.25,2.85));
#2182 = VECTOR('',#2183,1.);
#2183 = DIRECTION('',(-1.224646799147E-16,-1.,0.));
#2184 = PLANE('',#2185);
#2185 = AXIS2_PLACEMENT_3D('',#2186,#2187,#2188);
#2186 = CARTESIAN_POINT('',(1.75,-1.421959173294,1.302213422577));
#2187 = DIRECTION('',(-1.,1.224646799147E-16,0.));
#2188 = DIRECTION('',(0.,0.,1.));
#2189 = ADVANCED_FACE('',(#2190),#2201,.F.);
#2190 = FACE_BOUND('',#2191,.F.);
#2191 = EDGE_LOOP('',(#2192,#2193,#2194,#2195));
#2192 = ORIENTED_EDGE('',*,*,#2131,.F.);
#2193 = ORIENTED_EDGE('',*,*,#1225,.T.);
#2194 = ORIENTED_EDGE('',*,*,#2179,.T.);
#2195 = ORIENTED_EDGE('',*,*,#2196,.F.);
#2196 = EDGE_CURVE('',#2115,#2170,#2197,.T.);
#2197 = LINE('',#2198,#2199);
#2198 = CARTESIAN_POINT('',(2.25,-5.55,2.85));
#2199 = VECTOR('',#2200,1.);
#2200 = DIRECTION('',(-1.,1.224646799147E-16,0.));
#2201 = PLANE('',#2202);
#2202 = AXIS2_PLACEMENT_3D('',#2203,#2204,#2205);
#2203 = CARTESIAN_POINT('',(2.25,-0.25,2.85));
#2204 = DIRECTION('',(0.,0.,1.));
#2205 = DIRECTION('',(-1.224646799147E-16,-1.,0.));
#2206 = ADVANCED_FACE('',(#2207,#2213),#2247,.F.);
#2207 = FACE_BOUND('',#2208,.F.);
#2208 = EDGE_LOOP('',(#2209,#2210,#2211,#2212));
#2209 = ORIENTED_EDGE('',*,*,#1389,.T.);
#2210 = ORIENTED_EDGE('',*,*,#1407,.T.);
#2211 = ORIENTED_EDGE('',*,*,#1810,.F.);
#2212 = ORIENTED_EDGE('',*,*,#1272,.F.);
#2213 = FACE_BOUND('',#2214,.F.);
#2214 = EDGE_LOOP('',(#2215,#2225,#2233,#2241));
#2215 = ORIENTED_EDGE('',*,*,#2216,.T.);
#2216 = EDGE_CURVE('',#2217,#2219,#2221,.T.);
#2217 = VERTEX_POINT('',#2218);
#2218 = CARTESIAN_POINT('',(2.25,-0.35,3.35));
#2219 = VERTEX_POINT('',#2220);
#2220 = CARTESIAN_POINT('',(2.25,-0.35,2.85));
#2221 = LINE('',#2222,#2223);
#2222 = CARTESIAN_POINT('',(2.25,-0.35,2.451106711288));
#2223 = VECTOR('',#2224,1.);
#2224 = DIRECTION('',(-1.359631073447E-32,-1.110223024625E-16,-1.));
#2225 = ORIENTED_EDGE('',*,*,#2226,.T.);
#2226 = EDGE_CURVE('',#2219,#2227,#2229,.T.);
#2227 = VERTEX_POINT('',#2228);
#2228 = CARTESIAN_POINT('',(1.75,-0.35,2.85));
#2229 = LINE('',#2230,#2231);
#2230 = CARTESIAN_POINT('',(2.5,-0.35,2.85));
#2231 = VECTOR('',#2232,1.);
#2232 = DIRECTION('',(-1.,1.224646799147E-16,0.));
#2233 = ORIENTED_EDGE('',*,*,#2234,.F.);
#2234 = EDGE_CURVE('',#2235,#2227,#2237,.T.);
#2235 = VERTEX_POINT('',#2236);
#2236 = CARTESIAN_POINT('',(1.75,-0.35,3.35));
#2237 = LINE('',#2238,#2239);
#2238 = CARTESIAN_POINT('',(1.75,-0.35,2.451106711288));
#2239 = VECTOR('',#2240,1.);
#2240 = DIRECTION('',(-1.359631073447E-32,-1.110223024625E-16,-1.));
#2241 = ORIENTED_EDGE('',*,*,#2242,.T.);
#2242 = EDGE_CURVE('',#2235,#2217,#2243,.T.);
#2243 = LINE('',#2244,#2245);
#2244 = CARTESIAN_POINT('',(2.5,-0.35,3.35));
#2245 = VECTOR('',#2246,1.);
#2246 = DIRECTION('',(1.,-1.224646799147E-16,0.));
#2247 = PLANE('',#2248);
#2248 = AXIS2_PLACEMENT_3D('',#2249,#2250,#2251);
#2249 = CARTESIAN_POINT('',(2.75,-0.35,3.6));
#2250 = DIRECTION('',(-1.224646799147E-16,-1.,1.110223024625E-16));
#2251 = DIRECTION('',(-1.359631073447E-32,-1.110223024625E-16,-1.));
#2252 = ADVANCED_FACE('',(#2253,#2259),#2293,.F.);
#2253 = FACE_BOUND('',#2254,.F.);
#2254 = EDGE_LOOP('',(#2255,#2256,#2257,#2258));
#2255 = ORIENTED_EDGE('',*,*,#1512,.T.);
#2256 = ORIENTED_EDGE('',*,*,#1770,.T.);
#2257 = ORIENTED_EDGE('',*,*,#1793,.F.);
#2258 = ORIENTED_EDGE('',*,*,#1462,.F.);
#2259 = FACE_BOUND('',#2260,.F.);
#2260 = EDGE_LOOP('',(#2261,#2271,#2279,#2287));
#2261 = ORIENTED_EDGE('',*,*,#2262,.T.);
#2262 = EDGE_CURVE('',#2263,#2265,#2267,.T.);
#2263 = VERTEX_POINT('',#2264);
#2264 = CARTESIAN_POINT('',(0.25,-0.35,3.35));
#2265 = VERTEX_POINT('',#2266);
#2266 = CARTESIAN_POINT('',(0.25,-0.35,2.85));
#2267 = LINE('',#2268,#2269);
#2268 = CARTESIAN_POINT('',(0.25,-0.35,2.451106711288));
#2269 = VECTOR('',#2270,1.);
#2270 = DIRECTION('',(-1.359631073447E-32,-1.110223024625E-16,-1.));
#2271 = ORIENTED_EDGE('',*,*,#2272,.T.);
#2272 = EDGE_CURVE('',#2265,#2273,#2275,.T.);
#2273 = VERTEX_POINT('',#2274);
#2274 = CARTESIAN_POINT('',(-0.25,-0.35,2.85));
#2275 = LINE('',#2276,#2277);
#2276 = CARTESIAN_POINT('',(0.5,-0.35,2.85));
#2277 = VECTOR('',#2278,1.);
#2278 = DIRECTION('',(-1.,1.224646799147E-16,0.));
#2279 = ORIENTED_EDGE('',*,*,#2280,.F.);
#2280 = EDGE_CURVE('',#2281,#2273,#2283,.T.);
#2281 = VERTEX_POINT('',#2282);
#2282 = CARTESIAN_POINT('',(-0.25,-0.35,3.35));
#2283 = LINE('',#2284,#2285);
#2284 = CARTESIAN_POINT('',(-0.25,-0.35,2.451106711288));
#2285 = VECTOR('',#2286,1.);
#2286 = DIRECTION('',(-1.359631073447E-32,-1.110223024625E-16,-1.));
#2287 = ORIENTED_EDGE('',*,*,#2288,.T.);
#2288 = EDGE_CURVE('',#2281,#2263,#2289,.T.);
#2289 = LINE('',#2290,#2291);
#2290 = CARTESIAN_POINT('',(0.5,-0.35,3.35));
#2291 = VECTOR('',#2292,1.);
#2292 = DIRECTION('',(1.,-1.224646799147E-16,0.));
#2293 = PLANE('',#2294);
#2294 = AXIS2_PLACEMENT_3D('',#2295,#2296,#2297);
#2295 = CARTESIAN_POINT('',(0.75,-0.35,3.6));
#2296 = DIRECTION('',(-1.224646799147E-16,-1.,1.110223024625E-16));
#2297 = DIRECTION('',(-1.359631073447E-32,-1.110223024625E-16,-1.));
#2298 = ADVANCED_FACE('',(#2299),#2310,.F.);
#2299 = FACE_BOUND('',#2300,.F.);
#2300 = EDGE_LOOP('',(#2301,#2307,#2308,#2309));
#2301 = ORIENTED_EDGE('',*,*,#2302,.T.);
#2302 = EDGE_CURVE('',#1569,#1631,#2303,.T.);
#2303 = LINE('',#2304,#2305);
#2304 = CARTESIAN_POINT('',(-0.95,-4.45,4.85));
#2305 = VECTOR('',#2306,1.);
#2306 = DIRECTION('',(-1.224646799147E-16,-1.,1.110223024625E-16));
#2307 = ORIENTED_EDGE('',*,*,#1638,.T.);
#2308 = ORIENTED_EDGE('',*,*,#1958,.F.);
#2309 = ORIENTED_EDGE('',*,*,#1568,.F.);
#2310 = PLANE('',#2311);
#2311 = AXIS2_PLACEMENT_3D('',#2312,#2313,#2314);
#2312 = CARTESIAN_POINT('',(-0.95,-4.45,4.85));
#2313 = DIRECTION('',(1.,-1.224646799147E-16,0.));
#2314 = DIRECTION('',(-1.359631073446E-32,-1.110223024625E-16,-1.));
#2315 = ADVANCED_FACE('',(#2316),#2322,.F.);
#2316 = FACE_BOUND('',#2317,.F.);
#2317 = EDGE_LOOP('',(#2318,#2319,#2320,#2321));
#2318 = ORIENTED_EDGE('',*,*,#1607,.T.);
#2319 = ORIENTED_EDGE('',*,*,#1630,.T.);
#2320 = ORIENTED_EDGE('',*,*,#2302,.F.);
#2321 = ORIENTED_EDGE('',*,*,#1576,.F.);
#2322 = PLANE('',#2323);
#2323 = AXIS2_PLACEMENT_3D('',#2324,#2325,#2326);
#2324 = CARTESIAN_POINT('',(-0.45,-4.45,4.85));
#2325 = DIRECTION('',(-1.359631073447E-32,-1.110223024625E-16,-1.));
#2326 = DIRECTION('',(-1.,1.224646799147E-16,6.927121900793E-45));
#2327 = ADVANCED_FACE('',(#2328),#2353,.T.);
#2328 = FACE_BOUND('',#2329,.T.);
#2329 = EDGE_LOOP('',(#2330,#2338,#2339,#2347));
#2330 = ORIENTED_EDGE('',*,*,#2331,.F.);
#2331 = EDGE_CURVE('',#2019,#2332,#2334,.T.);
#2332 = VERTEX_POINT('',#2333);
#2333 = CARTESIAN_POINT('',(5.E-02,-5.75,3.05));
#2334 = LINE('',#2335,#2336);
#2335 = CARTESIAN_POINT('',(0.183333333333,-5.616666666667,
    2.916666666667));
#2336 = VECTOR('',#2337,1.);
#2337 = DIRECTION('',(-0.57735026919,-0.57735026919,0.57735026919));
#2338 = ORIENTED_EDGE('',*,*,#2018,.T.);
#2339 = ORIENTED_EDGE('',*,*,#2340,.F.);
#2340 = EDGE_CURVE('',#2341,#2021,#2343,.T.);
#2341 = VERTEX_POINT('',#2342);
#2342 = CARTESIAN_POINT('',(5.E-02,-5.75,3.15));
#2343 = LINE('',#2344,#2345);
#2344 = CARTESIAN_POINT('',(0.1,-5.7,3.2));
#2345 = VECTOR('',#2346,1.);
#2346 = DIRECTION('',(0.57735026919,0.57735026919,0.57735026919));
#2347 = ORIENTED_EDGE('',*,*,#2348,.F.);
#2348 = EDGE_CURVE('',#2332,#2341,#2349,.T.);
#2349 = LINE('',#2350,#2351);
#2350 = CARTESIAN_POINT('',(5.E-02,-5.75,2.85));
#2351 = VECTOR('',#2352,1.);
#2352 = DIRECTION('',(0.,0.,1.));
#2353 = PLANE('',#2354);
#2354 = AXIS2_PLACEMENT_3D('',#2355,#2356,#2357);
#2355 = CARTESIAN_POINT('',(0.15,-5.65,2.85));
#2356 = DIRECTION('',(0.707106781187,-0.707106781187,-1.735417226644E-18
    ));
#2357 = DIRECTION('',(1.227125289148E-18,-1.227125289148E-18,1.));
#2358 = ADVANCED_FACE('',(#2359),#2377,.T.);
#2359 = FACE_BOUND('',#2360,.F.);
#2360 = EDGE_LOOP('',(#2361,#2362,#2370,#2376));
#2361 = ORIENTED_EDGE('',*,*,#2340,.F.);
#2362 = ORIENTED_EDGE('',*,*,#2363,.T.);
#2363 = EDGE_CURVE('',#2341,#2364,#2366,.T.);
#2364 = VERTEX_POINT('',#2365);
#2365 = CARTESIAN_POINT('',(-5.E-02,-5.75,3.15));
#2366 = LINE('',#2367,#2368);
#2367 = CARTESIAN_POINT('',(0.25,-5.75,3.15));
#2368 = VECTOR('',#2369,1.);
#2369 = DIRECTION('',(-1.,1.224646799147E-16,0.));
#2370 = ORIENTED_EDGE('',*,*,#2371,.F.);
#2371 = EDGE_CURVE('',#2051,#2364,#2372,.T.);
#2372 = LINE('',#2373,#2374);
#2373 = CARTESIAN_POINT('',(-1.666666666667E-02,-5.783333333333,
    3.116666666667));
#2374 = VECTOR('',#2375,1.);
#2375 = DIRECTION('',(0.57735026919,-0.57735026919,-0.57735026919));
#2376 = ORIENTED_EDGE('',*,*,#2050,.F.);
#2377 = PLANE('',#2378);
#2378 = AXIS2_PLACEMENT_3D('',#2379,#2380,#2381);
#2379 = CARTESIAN_POINT('',(0.25,-5.65,3.25));
#2380 = DIRECTION('',(-8.659560562349E-17,-0.707106781187,0.707106781187
    ));
#2381 = DIRECTION('',(1.,-1.224646799147E-16,-2.105273685727E-29));
#2382 = ADVANCED_FACE('',(#2383),#2401,.F.);
#2383 = FACE_BOUND('',#2384,.F.);
#2384 = EDGE_LOOP('',(#2385,#2393,#2394,#2395));
#2385 = ORIENTED_EDGE('',*,*,#2386,.F.);
#2386 = EDGE_CURVE('',#2074,#2387,#2389,.T.);
#2387 = VERTEX_POINT('',#2388);
#2388 = CARTESIAN_POINT('',(-5.E-02,-5.75,3.05));
#2389 = LINE('',#2390,#2391);
#2390 = CARTESIAN_POINT('',(-0.1,-5.7,3.));
#2391 = VECTOR('',#2392,1.);
#2392 = DIRECTION('',(0.57735026919,-0.57735026919,0.57735026919));
#2393 = ORIENTED_EDGE('',*,*,#2073,.T.);
#2394 = ORIENTED_EDGE('',*,*,#2371,.T.);
#2395 = ORIENTED_EDGE('',*,*,#2396,.F.);
#2396 = EDGE_CURVE('',#2387,#2364,#2397,.T.);
#2397 = LINE('',#2398,#2399);
#2398 = CARTESIAN_POINT('',(-5.E-02,-5.75,2.85));
#2399 = VECTOR('',#2400,1.);
#2400 = DIRECTION('',(0.,0.,1.));
#2401 = PLANE('',#2402);
#2402 = AXIS2_PLACEMENT_3D('',#2403,#2404,#2405);
#2403 = CARTESIAN_POINT('',(-0.15,-5.65,2.85));
#2404 = DIRECTION('',(0.707106781187,0.707106781187,1.735417226644E-18)
  );
#2405 = DIRECTION('',(-1.227125289148E-18,-1.227125289148E-18,1.));
#2406 = ADVANCED_FACE('',(#2407),#2418,.T.);
#2407 = FACE_BOUND('',#2408,.F.);
#2408 = EDGE_LOOP('',(#2409,#2410,#2411,#2412));
#2409 = ORIENTED_EDGE('',*,*,#2331,.F.);
#2410 = ORIENTED_EDGE('',*,*,#2100,.T.);
#2411 = ORIENTED_EDGE('',*,*,#2386,.T.);
#2412 = ORIENTED_EDGE('',*,*,#2413,.F.);
#2413 = EDGE_CURVE('',#2332,#2387,#2414,.T.);
#2414 = LINE('',#2415,#2416);
#2415 = CARTESIAN_POINT('',(0.25,-5.75,3.05));
#2416 = VECTOR('',#2417,1.);
#2417 = DIRECTION('',(-1.,1.224646799147E-16,0.));
#2418 = PLANE('',#2419);
#2419 = AXIS2_PLACEMENT_3D('',#2420,#2421,#2422);
#2420 = CARTESIAN_POINT('',(0.25,-5.65,2.95));
#2421 = DIRECTION('',(-8.659560562349E-17,-0.707106781187,
    -0.707106781187));
#2422 = DIRECTION('',(1.,-1.224646799147E-16,2.105273685727E-29));
#2423 = ADVANCED_FACE('',(#2424),#2449,.T.);
#2424 = FACE_BOUND('',#2425,.T.);
#2425 = EDGE_LOOP('',(#2426,#2434,#2435,#2443));
#2426 = ORIENTED_EDGE('',*,*,#2427,.F.);
#2427 = EDGE_CURVE('',#2115,#2428,#2430,.T.);
#2428 = VERTEX_POINT('',#2429);
#2429 = CARTESIAN_POINT('',(2.05,-5.75,3.05));
#2430 = LINE('',#2431,#2432);
#2431 = CARTESIAN_POINT('',(2.183333333333,-5.616666666667,
    2.916666666667));
#2432 = VECTOR('',#2433,1.);
#2433 = DIRECTION('',(-0.57735026919,-0.57735026919,0.57735026919));
#2434 = ORIENTED_EDGE('',*,*,#2114,.T.);
#2435 = ORIENTED_EDGE('',*,*,#2436,.F.);
#2436 = EDGE_CURVE('',#2437,#2117,#2439,.T.);
#2437 = VERTEX_POINT('',#2438);
#2438 = CARTESIAN_POINT('',(2.05,-5.75,3.15));
#2439 = LINE('',#2440,#2441);
#2440 = CARTESIAN_POINT('',(2.1,-5.7,3.2));
#2441 = VECTOR('',#2442,1.);
#2442 = DIRECTION('',(0.57735026919,0.57735026919,0.57735026919));
#2443 = ORIENTED_EDGE('',*,*,#2444,.F.);
#2444 = EDGE_CURVE('',#2428,#2437,#2445,.T.);
#2445 = LINE('',#2446,#2447);
#2446 = CARTESIAN_POINT('',(2.05,-5.75,2.85));
#2447 = VECTOR('',#2448,1.);
#2448 = DIRECTION('',(0.,0.,1.));
#2449 = PLANE('',#2450);
#2450 = AXIS2_PLACEMENT_3D('',#2451,#2452,#2453);
#2451 = CARTESIAN_POINT('',(2.15,-5.65,2.85));
#2452 = DIRECTION('',(0.707106781187,-0.707106781187,-1.735417226644E-18
    ));
#2453 = DIRECTION('',(1.227125289148E-18,-1.227125289148E-18,1.));
#2454 = ADVANCED_FACE('',(#2455),#2473,.T.);
#2455 = FACE_BOUND('',#2456,.F.);
#2456 = EDGE_LOOP('',(#2457,#2458,#2466,#2472));
#2457 = ORIENTED_EDGE('',*,*,#2436,.F.);
#2458 = ORIENTED_EDGE('',*,*,#2459,.T.);
#2459 = EDGE_CURVE('',#2437,#2460,#2462,.T.);
#2460 = VERTEX_POINT('',#2461);
#2461 = CARTESIAN_POINT('',(1.95,-5.75,3.15));
#2462 = LINE('',#2463,#2464);
#2463 = CARTESIAN_POINT('',(2.25,-5.75,3.15));
#2464 = VECTOR('',#2465,1.);
#2465 = DIRECTION('',(-1.,1.224646799147E-16,0.));
#2466 = ORIENTED_EDGE('',*,*,#2467,.F.);
#2467 = EDGE_CURVE('',#2147,#2460,#2468,.T.);
#2468 = LINE('',#2469,#2470);
#2469 = CARTESIAN_POINT('',(1.983333333333,-5.783333333333,
    3.116666666667));
#2470 = VECTOR('',#2471,1.);
#2471 = DIRECTION('',(0.57735026919,-0.57735026919,-0.57735026919));
#2472 = ORIENTED_EDGE('',*,*,#2146,.F.);
#2473 = PLANE('',#2474);
#2474 = AXIS2_PLACEMENT_3D('',#2475,#2476,#2477);
#2475 = CARTESIAN_POINT('',(2.25,-5.65,3.25));
#2476 = DIRECTION('',(-8.659560562349E-17,-0.707106781187,0.707106781187
    ));
#2477 = DIRECTION('',(1.,-1.224646799147E-16,-2.105273685727E-29));
#2478 = ADVANCED_FACE('',(#2479),#2497,.F.);
#2479 = FACE_BOUND('',#2480,.F.);
#2480 = EDGE_LOOP('',(#2481,#2489,#2490,#2491));
#2481 = ORIENTED_EDGE('',*,*,#2482,.F.);
#2482 = EDGE_CURVE('',#2170,#2483,#2485,.T.);
#2483 = VERTEX_POINT('',#2484);
#2484 = CARTESIAN_POINT('',(1.95,-5.75,3.05));
#2485 = LINE('',#2486,#2487);
#2486 = CARTESIAN_POINT('',(1.9,-5.7,3.));
#2487 = VECTOR('',#2488,1.);
#2488 = DIRECTION('',(0.57735026919,-0.57735026919,0.57735026919));
#2489 = ORIENTED_EDGE('',*,*,#2169,.T.);
#2490 = ORIENTED_EDGE('',*,*,#2467,.T.);
#2491 = ORIENTED_EDGE('',*,*,#2492,.F.);
#2492 = EDGE_CURVE('',#2483,#2460,#2493,.T.);
#2493 = LINE('',#2494,#2495);
#2494 = CARTESIAN_POINT('',(1.95,-5.75,2.85));
#2495 = VECTOR('',#2496,1.);
#2496 = DIRECTION('',(0.,0.,1.));
#2497 = PLANE('',#2498);
#2498 = AXIS2_PLACEMENT_3D('',#2499,#2500,#2501);
#2499 = CARTESIAN_POINT('',(1.85,-5.65,2.85));
#2500 = DIRECTION('',(0.707106781187,0.707106781187,1.735417226644E-18)
  );
#2501 = DIRECTION('',(-1.227125289148E-18,-1.227125289148E-18,1.));
#2502 = ADVANCED_FACE('',(#2503),#2514,.T.);
#2503 = FACE_BOUND('',#2504,.F.);
#2504 = EDGE_LOOP('',(#2505,#2506,#2507,#2508));
#2505 = ORIENTED_EDGE('',*,*,#2427,.F.);
#2506 = ORIENTED_EDGE('',*,*,#2196,.T.);
#2507 = ORIENTED_EDGE('',*,*,#2482,.T.);
#2508 = ORIENTED_EDGE('',*,*,#2509,.F.);
#2509 = EDGE_CURVE('',#2428,#2483,#2510,.T.);
#2510 = LINE('',#2511,#2512);
#2511 = CARTESIAN_POINT('',(2.25,-5.75,3.05));
#2512 = VECTOR('',#2513,1.);
#2513 = DIRECTION('',(-1.,1.224646799147E-16,0.));
#2514 = PLANE('',#2515);
#2515 = AXIS2_PLACEMENT_3D('',#2516,#2517,#2518);
#2516 = CARTESIAN_POINT('',(2.25,-5.65,2.95));
#2517 = DIRECTION('',(-8.659560562349E-17,-0.707106781187,
    -0.707106781187));
#2518 = DIRECTION('',(1.,-1.224646799147E-16,2.105273685727E-29));
#2519 = ADVANCED_FACE('',(#2520),#2611,.F.);
#2520 = FACE_BOUND('',#2521,.F.);
#2521 = EDGE_LOOP('',(#2522,#2523,#2531,#2540,#2548,#2556,#2564,#2572,
    #2580,#2588,#2596,#2605));
#2522 = ORIENTED_EDGE('',*,*,#2216,.F.);
#2523 = ORIENTED_EDGE('',*,*,#2524,.T.);
#2524 = EDGE_CURVE('',#2217,#2525,#2527,.T.);
#2525 = VERTEX_POINT('',#2526);
#2526 = CARTESIAN_POINT('',(2.25,-0.3,3.35));
#2527 = LINE('',#2528,#2529);
#2528 = CARTESIAN_POINT('',(2.25,-5.75,3.35));
#2529 = VECTOR('',#2530,1.);
#2530 = DIRECTION('',(1.224646799147E-16,1.,0.));
#2531 = ORIENTED_EDGE('',*,*,#2532,.T.);
#2532 = EDGE_CURVE('',#2525,#2533,#2535,.T.);
#2533 = VERTEX_POINT('',#2534);
#2534 = CARTESIAN_POINT('',(2.25,0.25,2.8));
#2535 = CIRCLE('',#2536,0.55);
#2536 = AXIS2_PLACEMENT_3D('',#2537,#2538,#2539);
#2537 = CARTESIAN_POINT('',(2.25,-0.3,2.8));
#2538 = DIRECTION('',(-1.,1.224646799147E-16,0.));
#2539 = DIRECTION('',(0.,0.,1.));
#2540 = ORIENTED_EDGE('',*,*,#2541,.T.);
#2541 = EDGE_CURVE('',#2533,#2542,#2544,.T.);
#2542 = VERTEX_POINT('',#2543);
#2543 = CARTESIAN_POINT('',(2.25,0.25,-0.9));
#2544 = LINE('',#2545,#2546);
#2545 = CARTESIAN_POINT('',(2.25,0.25,3.35));
#2546 = VECTOR('',#2547,1.);
#2547 = DIRECTION('',(-0.,0.,-1.));
#2548 = ORIENTED_EDGE('',*,*,#2549,.T.);
#2549 = EDGE_CURVE('',#2542,#2550,#2552,.T.);
#2550 = VERTEX_POINT('',#2551);
#2551 = CARTESIAN_POINT('',(2.25,-5.E-02,-1.5));
#2552 = LINE('',#2553,#2554);
#2553 = CARTESIAN_POINT('',(2.25,0.25,-0.9));
#2554 = VECTOR('',#2555,1.);
#2555 = DIRECTION('',(-5.476786982641E-17,-0.4472135955,-0.894427191));
#2556 = ORIENTED_EDGE('',*,*,#2557,.T.);
#2557 = EDGE_CURVE('',#2550,#2558,#2560,.T.);
#2558 = VERTEX_POINT('',#2559);
#2559 = CARTESIAN_POINT('',(2.25,0.218421052632,-3.2));
#2560 = LINE('',#2561,#2562);
#2561 = CARTESIAN_POINT('',(2.25,-5.E-02,-1.5));
#2562 = VECTOR('',#2563,1.);
#2563 = DIRECTION('',(1.909990663905E-17,0.155962573473,-0.987762965329)
  );
#2564 = ORIENTED_EDGE('',*,*,#2565,.T.);
#2565 = EDGE_CURVE('',#2558,#2566,#2568,.T.);
#2566 = VERTEX_POINT('',#2567);
#2567 = CARTESIAN_POINT('',(2.25,-0.281578947368,-3.2));
#2568 = LINE('',#2569,#2570);
#2569 = CARTESIAN_POINT('',(2.25,0.25,-3.2));
#2570 = VECTOR('',#2571,1.);
#2571 = DIRECTION('',(-1.224646799147E-16,-1.,0.));
#2572 = ORIENTED_EDGE('',*,*,#2573,.T.);
#2573 = EDGE_CURVE('',#2566,#2574,#2576,.T.);
#2574 = VERTEX_POINT('',#2575);
#2575 = CARTESIAN_POINT('',(2.25,-0.55,-1.5));
#2576 = LINE('',#2577,#2578);
#2577 = CARTESIAN_POINT('',(2.25,-0.25,-3.4));
#2578 = VECTOR('',#2579,1.);
#2579 = DIRECTION('',(-1.909990663905E-17,-0.155962573473,0.987762965329
    ));
#2580 = ORIENTED_EDGE('',*,*,#2581,.T.);
#2581 = EDGE_CURVE('',#2574,#2582,#2584,.T.);
#2582 = VERTEX_POINT('',#2583);
#2583 = CARTESIAN_POINT('',(2.25,-0.25,-0.9));
#2584 = LINE('',#2585,#2586);
#2585 = CARTESIAN_POINT('',(2.25,-0.55,-1.5));
#2586 = VECTOR('',#2587,1.);
#2587 = DIRECTION('',(5.476786982641E-17,0.4472135955,0.894427191));
#2588 = ORIENTED_EDGE('',*,*,#2589,.T.);
#2589 = EDGE_CURVE('',#2582,#2590,#2592,.T.);
#2590 = VERTEX_POINT('',#2591);
#2591 = CARTESIAN_POINT('',(2.25,-0.25,2.8));
#2592 = LINE('',#2593,#2594);
#2593 = CARTESIAN_POINT('',(2.25,-0.25,-0.9));
#2594 = VECTOR('',#2595,1.);
#2595 = DIRECTION('',(0.,0.,1.));
#2596 = ORIENTED_EDGE('',*,*,#2597,.F.);
#2597 = EDGE_CURVE('',#2598,#2590,#2600,.T.);
#2598 = VERTEX_POINT('',#2599);
#2599 = CARTESIAN_POINT('',(2.25,-0.3,2.85));
#2600 = CIRCLE('',#2601,5.E-02);
#2601 = AXIS2_PLACEMENT_3D('',#2602,#2603,#2604);
#2602 = CARTESIAN_POINT('',(2.25,-0.3,2.8));
#2603 = DIRECTION('',(-1.,1.224646799147E-16,0.));
#2604 = DIRECTION('',(0.,0.,1.));
#2605 = ORIENTED_EDGE('',*,*,#2606,.T.);
#2606 = EDGE_CURVE('',#2598,#2219,#2607,.T.);
#2607 = LINE('',#2608,#2609);
#2608 = CARTESIAN_POINT('',(2.25,-0.25,2.85));
#2609 = VECTOR('',#2610,1.);
#2610 = DIRECTION('',(-1.224646799147E-16,-1.,0.));
#2611 = PLANE('',#2612);
#2612 = AXIS2_PLACEMENT_3D('',#2613,#2614,#2615);
#2613 = CARTESIAN_POINT('',(2.25,-1.421959173294,1.302213422577));
#2614 = DIRECTION('',(-1.,1.224646799147E-16,0.));
#2615 = DIRECTION('',(0.,0.,1.));
#2616 = ADVANCED_FACE('',(#2617),#2635,.F.);
#2617 = FACE_BOUND('',#2618,.F.);
#2618 = EDGE_LOOP('',(#2619,#2620,#2621,#2629));
#2619 = ORIENTED_EDGE('',*,*,#2524,.F.);
#2620 = ORIENTED_EDGE('',*,*,#2242,.F.);
#2621 = ORIENTED_EDGE('',*,*,#2622,.T.);
#2622 = EDGE_CURVE('',#2235,#2623,#2625,.T.);
#2623 = VERTEX_POINT('',#2624);
#2624 = CARTESIAN_POINT('',(1.75,-0.3,3.35));
#2625 = LINE('',#2626,#2627);
#2626 = CARTESIAN_POINT('',(1.75,-5.75,3.35));
#2627 = VECTOR('',#2628,1.);
#2628 = DIRECTION('',(1.224646799147E-16,1.,0.));
#2629 = ORIENTED_EDGE('',*,*,#2630,.F.);
#2630 = EDGE_CURVE('',#2525,#2623,#2631,.T.);
#2631 = LINE('',#2632,#2633);
#2632 = CARTESIAN_POINT('',(2.25,-0.3,3.35));
#2633 = VECTOR('',#2634,1.);
#2634 = DIRECTION('',(-1.,1.224646799147E-16,0.));
#2635 = PLANE('',#2636);
#2636 = AXIS2_PLACEMENT_3D('',#2637,#2638,#2639);
#2637 = CARTESIAN_POINT('',(2.25,-5.75,3.35));
#2638 = DIRECTION('',(-0.,0.,-1.));
#2639 = DIRECTION('',(1.224646799147E-16,1.,0.));
#2640 = ADVANCED_FACE('',(#2641),#2725,.T.);
#2641 = FACE_BOUND('',#2642,.T.);
#2642 = EDGE_LOOP('',(#2643,#2644,#2645,#2654,#2662,#2670,#2678,#2686,
    #2694,#2702,#2710,#2719));
#2643 = ORIENTED_EDGE('',*,*,#2234,.F.);
#2644 = ORIENTED_EDGE('',*,*,#2622,.T.);
#2645 = ORIENTED_EDGE('',*,*,#2646,.T.);
#2646 = EDGE_CURVE('',#2623,#2647,#2649,.T.);
#2647 = VERTEX_POINT('',#2648);
#2648 = CARTESIAN_POINT('',(1.75,0.25,2.8));
#2649 = CIRCLE('',#2650,0.55);
#2650 = AXIS2_PLACEMENT_3D('',#2651,#2652,#2653);
#2651 = CARTESIAN_POINT('',(1.75,-0.3,2.8));
#2652 = DIRECTION('',(-1.,1.224646799147E-16,0.));
#2653 = DIRECTION('',(0.,0.,1.));
#2654 = ORIENTED_EDGE('',*,*,#2655,.T.);
#2655 = EDGE_CURVE('',#2647,#2656,#2658,.T.);
#2656 = VERTEX_POINT('',#2657);
#2657 = CARTESIAN_POINT('',(1.75,0.25,-0.9));
#2658 = LINE('',#2659,#2660);
#2659 = CARTESIAN_POINT('',(1.75,0.25,3.35));
#2660 = VECTOR('',#2661,1.);
#2661 = DIRECTION('',(-0.,0.,-1.));
#2662 = ORIENTED_EDGE('',*,*,#2663,.T.);
#2663 = EDGE_CURVE('',#2656,#2664,#2666,.T.);
#2664 = VERTEX_POINT('',#2665);
#2665 = CARTESIAN_POINT('',(1.75,-5.E-02,-1.5));
#2666 = LINE('',#2667,#2668);
#2667 = CARTESIAN_POINT('',(1.75,0.25,-0.9));
#2668 = VECTOR('',#2669,1.);
#2669 = DIRECTION('',(-5.476786982641E-17,-0.4472135955,-0.894427191));
#2670 = ORIENTED_EDGE('',*,*,#2671,.T.);
#2671 = EDGE_CURVE('',#2664,#2672,#2674,.T.);
#2672 = VERTEX_POINT('',#2673);
#2673 = CARTESIAN_POINT('',(1.75,0.218421052632,-3.2));
#2674 = LINE('',#2675,#2676);
#2675 = CARTESIAN_POINT('',(1.75,-5.E-02,-1.5));
#2676 = VECTOR('',#2677,1.);
#2677 = DIRECTION('',(1.909990663905E-17,0.155962573473,-0.987762965329)
  );
#2678 = ORIENTED_EDGE('',*,*,#2679,.T.);
#2679 = EDGE_CURVE('',#2672,#2680,#2682,.T.);
#2680 = VERTEX_POINT('',#2681);
#2681 = CARTESIAN_POINT('',(1.75,-0.281578947368,-3.2));
#2682 = LINE('',#2683,#2684);
#2683 = CARTESIAN_POINT('',(1.75,0.25,-3.2));
#2684 = VECTOR('',#2685,1.);
#2685 = DIRECTION('',(-1.224646799147E-16,-1.,0.));
#2686 = ORIENTED_EDGE('',*,*,#2687,.T.);
#2687 = EDGE_CURVE('',#2680,#2688,#2690,.T.);
#2688 = VERTEX_POINT('',#2689);
#2689 = CARTESIAN_POINT('',(1.75,-0.55,-1.5));
#2690 = LINE('',#2691,#2692);
#2691 = CARTESIAN_POINT('',(1.75,-0.25,-3.4));
#2692 = VECTOR('',#2693,1.);
#2693 = DIRECTION('',(-1.909990663905E-17,-0.155962573473,0.987762965329
    ));
#2694 = ORIENTED_EDGE('',*,*,#2695,.T.);
#2695 = EDGE_CURVE('',#2688,#2696,#2698,.T.);
#2696 = VERTEX_POINT('',#2697);
#2697 = CARTESIAN_POINT('',(1.75,-0.25,-0.9));
#2698 = LINE('',#2699,#2700);
#2699 = CARTESIAN_POINT('',(1.75,-0.55,-1.5));
#2700 = VECTOR('',#2701,1.);
#2701 = DIRECTION('',(5.476786982641E-17,0.4472135955,0.894427191));
#2702 = ORIENTED_EDGE('',*,*,#2703,.T.);
#2703 = EDGE_CURVE('',#2696,#2704,#2706,.T.);
#2704 = VERTEX_POINT('',#2705);
#2705 = CARTESIAN_POINT('',(1.75,-0.25,2.8));
#2706 = LINE('',#2707,#2708);
#2707 = CARTESIAN_POINT('',(1.75,-0.25,-0.9));
#2708 = VECTOR('',#2709,1.);
#2709 = DIRECTION('',(0.,0.,1.));
#2710 = ORIENTED_EDGE('',*,*,#2711,.F.);
#2711 = EDGE_CURVE('',#2712,#2704,#2714,.T.);
#2712 = VERTEX_POINT('',#2713);
#2713 = CARTESIAN_POINT('',(1.75,-0.3,2.85));
#2714 = CIRCLE('',#2715,5.E-02);
#2715 = AXIS2_PLACEMENT_3D('',#2716,#2717,#2718);
#2716 = CARTESIAN_POINT('',(1.75,-0.3,2.8));
#2717 = DIRECTION('',(-1.,1.224646799147E-16,0.));
#2718 = DIRECTION('',(0.,0.,1.));
#2719 = ORIENTED_EDGE('',*,*,#2720,.T.);
#2720 = EDGE_CURVE('',#2712,#2227,#2721,.T.);
#2721 = LINE('',#2722,#2723);
#2722 = CARTESIAN_POINT('',(1.75,-0.25,2.85));
#2723 = VECTOR('',#2724,1.);
#2724 = DIRECTION('',(-1.224646799147E-16,-1.,0.));
#2725 = PLANE('',#2726);
#2726 = AXIS2_PLACEMENT_3D('',#2727,#2728,#2729);
#2727 = CARTESIAN_POINT('',(1.75,-1.421959173294,1.302213422577));
#2728 = DIRECTION('',(-1.,1.224646799147E-16,0.));
#2729 = DIRECTION('',(0.,0.,1.));
#2730 = ADVANCED_FACE('',(#2731),#2742,.F.);
#2731 = FACE_BOUND('',#2732,.F.);
#2732 = EDGE_LOOP('',(#2733,#2734,#2740,#2741));
#2733 = ORIENTED_EDGE('',*,*,#2606,.F.);
#2734 = ORIENTED_EDGE('',*,*,#2735,.T.);
#2735 = EDGE_CURVE('',#2598,#2712,#2736,.T.);
#2736 = LINE('',#2737,#2738);
#2737 = CARTESIAN_POINT('',(2.25,-0.3,2.85));
#2738 = VECTOR('',#2739,1.);
#2739 = DIRECTION('',(-1.,1.224646799147E-16,0.));
#2740 = ORIENTED_EDGE('',*,*,#2720,.T.);
#2741 = ORIENTED_EDGE('',*,*,#2226,.F.);
#2742 = PLANE('',#2743);
#2743 = AXIS2_PLACEMENT_3D('',#2744,#2745,#2746);
#2744 = CARTESIAN_POINT('',(2.25,-0.25,2.85));
#2745 = DIRECTION('',(0.,0.,1.));
#2746 = DIRECTION('',(-1.224646799147E-16,-1.,0.));
#2747 = ADVANCED_FACE('',(#2748),#2839,.F.);
#2748 = FACE_BOUND('',#2749,.F.);
#2749 = EDGE_LOOP('',(#2750,#2751,#2759,#2768,#2776,#2784,#2792,#2800,
    #2808,#2816,#2824,#2833));
#2750 = ORIENTED_EDGE('',*,*,#2262,.F.);
#2751 = ORIENTED_EDGE('',*,*,#2752,.T.);
#2752 = EDGE_CURVE('',#2263,#2753,#2755,.T.);
#2753 = VERTEX_POINT('',#2754);
#2754 = CARTESIAN_POINT('',(0.25,-0.3,3.35));
#2755 = LINE('',#2756,#2757);
#2756 = CARTESIAN_POINT('',(0.25,-5.75,3.35));
#2757 = VECTOR('',#2758,1.);
#2758 = DIRECTION('',(1.224646799147E-16,1.,0.));
#2759 = ORIENTED_EDGE('',*,*,#2760,.T.);
#2760 = EDGE_CURVE('',#2753,#2761,#2763,.T.);
#2761 = VERTEX_POINT('',#2762);
#2762 = CARTESIAN_POINT('',(0.25,0.25,2.8));
#2763 = CIRCLE('',#2764,0.55);
#2764 = AXIS2_PLACEMENT_3D('',#2765,#2766,#2767);
#2765 = CARTESIAN_POINT('',(0.25,-0.3,2.8));
#2766 = DIRECTION('',(-1.,1.224646799147E-16,0.));
#2767 = DIRECTION('',(0.,0.,1.));
#2768 = ORIENTED_EDGE('',*,*,#2769,.T.);
#2769 = EDGE_CURVE('',#2761,#2770,#2772,.T.);
#2770 = VERTEX_POINT('',#2771);
#2771 = CARTESIAN_POINT('',(0.25,0.25,-0.9));
#2772 = LINE('',#2773,#2774);
#2773 = CARTESIAN_POINT('',(0.25,0.25,3.35));
#2774 = VECTOR('',#2775,1.);
#2775 = DIRECTION('',(-0.,0.,-1.));
#2776 = ORIENTED_EDGE('',*,*,#2777,.T.);
#2777 = EDGE_CURVE('',#2770,#2778,#2780,.T.);
#2778 = VERTEX_POINT('',#2779);
#2779 = CARTESIAN_POINT('',(0.25,-5.E-02,-1.5));
#2780 = LINE('',#2781,#2782);
#2781 = CARTESIAN_POINT('',(0.25,0.25,-0.9));
#2782 = VECTOR('',#2783,1.);
#2783 = DIRECTION('',(-5.476786982641E-17,-0.4472135955,-0.894427191));
#2784 = ORIENTED_EDGE('',*,*,#2785,.T.);
#2785 = EDGE_CURVE('',#2778,#2786,#2788,.T.);
#2786 = VERTEX_POINT('',#2787);
#2787 = CARTESIAN_POINT('',(0.25,0.218421052632,-3.2));
#2788 = LINE('',#2789,#2790);
#2789 = CARTESIAN_POINT('',(0.25,-5.E-02,-1.5));
#2790 = VECTOR('',#2791,1.);
#2791 = DIRECTION('',(1.909990663905E-17,0.155962573473,-0.987762965329)
  );
#2792 = ORIENTED_EDGE('',*,*,#2793,.T.);
#2793 = EDGE_CURVE('',#2786,#2794,#2796,.T.);
#2794 = VERTEX_POINT('',#2795);
#2795 = CARTESIAN_POINT('',(0.25,-0.281578947368,-3.2));
#2796 = LINE('',#2797,#2798);
#2797 = CARTESIAN_POINT('',(0.25,0.25,-3.2));
#2798 = VECTOR('',#2799,1.);
#2799 = DIRECTION('',(-1.224646799147E-16,-1.,0.));
#2800 = ORIENTED_EDGE('',*,*,#2801,.T.);
#2801 = EDGE_CURVE('',#2794,#2802,#2804,.T.);
#2802 = VERTEX_POINT('',#2803);
#2803 = CARTESIAN_POINT('',(0.25,-0.55,-1.5));
#2804 = LINE('',#2805,#2806);
#2805 = CARTESIAN_POINT('',(0.25,-0.25,-3.4));
#2806 = VECTOR('',#2807,1.);
#2807 = DIRECTION('',(-1.909990663905E-17,-0.155962573473,0.987762965329
    ));
#2808 = ORIENTED_EDGE('',*,*,#2809,.T.);
#2809 = EDGE_CURVE('',#2802,#2810,#2812,.T.);
#2810 = VERTEX_POINT('',#2811);
#2811 = CARTESIAN_POINT('',(0.25,-0.25,-0.9));
#2812 = LINE('',#2813,#2814);
#2813 = CARTESIAN_POINT('',(0.25,-0.55,-1.5));
#2814 = VECTOR('',#2815,1.);
#2815 = DIRECTION('',(5.476786982641E-17,0.4472135955,0.894427191));
#2816 = ORIENTED_EDGE('',*,*,#2817,.T.);
#2817 = EDGE_CURVE('',#2810,#2818,#2820,.T.);
#2818 = VERTEX_POINT('',#2819);
#2819 = CARTESIAN_POINT('',(0.25,-0.25,2.8));
#2820 = LINE('',#2821,#2822);
#2821 = CARTESIAN_POINT('',(0.25,-0.25,-0.9));
#2822 = VECTOR('',#2823,1.);
#2823 = DIRECTION('',(0.,0.,1.));
#2824 = ORIENTED_EDGE('',*,*,#2825,.F.);
#2825 = EDGE_CURVE('',#2826,#2818,#2828,.T.);
#2826 = VERTEX_POINT('',#2827);
#2827 = CARTESIAN_POINT('',(0.25,-0.3,2.85));
#2828 = CIRCLE('',#2829,5.E-02);
#2829 = AXIS2_PLACEMENT_3D('',#2830,#2831,#2832);
#2830 = CARTESIAN_POINT('',(0.25,-0.3,2.8));
#2831 = DIRECTION('',(-1.,1.224646799147E-16,0.));
#2832 = DIRECTION('',(0.,0.,1.));
#2833 = ORIENTED_EDGE('',*,*,#2834,.T.);
#2834 = EDGE_CURVE('',#2826,#2265,#2835,.T.);
#2835 = LINE('',#2836,#2837);
#2836 = CARTESIAN_POINT('',(0.25,-0.25,2.85));
#2837 = VECTOR('',#2838,1.);
#2838 = DIRECTION('',(-1.224646799147E-16,-1.,0.));
#2839 = PLANE('',#2840);
#2840 = AXIS2_PLACEMENT_3D('',#2841,#2842,#2843);
#2841 = CARTESIAN_POINT('',(0.25,-1.421959173294,1.302213422577));
#2842 = DIRECTION('',(-1.,1.224646799147E-16,0.));
#2843 = DIRECTION('',(0.,0.,1.));
#2844 = ADVANCED_FACE('',(#2845),#2863,.F.);
#2845 = FACE_BOUND('',#2846,.F.);
#2846 = EDGE_LOOP('',(#2847,#2848,#2849,#2857));
#2847 = ORIENTED_EDGE('',*,*,#2752,.F.);
#2848 = ORIENTED_EDGE('',*,*,#2288,.F.);
#2849 = ORIENTED_EDGE('',*,*,#2850,.T.);
#2850 = EDGE_CURVE('',#2281,#2851,#2853,.T.);
#2851 = VERTEX_POINT('',#2852);
#2852 = CARTESIAN_POINT('',(-0.25,-0.3,3.35));
#2853 = LINE('',#2854,#2855);
#2854 = CARTESIAN_POINT('',(-0.25,-5.75,3.35));
#2855 = VECTOR('',#2856,1.);
#2856 = DIRECTION('',(1.224646799147E-16,1.,0.));
#2857 = ORIENTED_EDGE('',*,*,#2858,.F.);
#2858 = EDGE_CURVE('',#2753,#2851,#2859,.T.);
#2859 = LINE('',#2860,#2861);
#2860 = CARTESIAN_POINT('',(0.25,-0.3,3.35));
#2861 = VECTOR('',#2862,1.);
#2862 = DIRECTION('',(-1.,1.224646799147E-16,0.));
#2863 = PLANE('',#2864);
#2864 = AXIS2_PLACEMENT_3D('',#2865,#2866,#2867);
#2865 = CARTESIAN_POINT('',(0.25,-5.75,3.35));
#2866 = DIRECTION('',(-0.,0.,-1.));
#2867 = DIRECTION('',(1.224646799147E-16,1.,0.));
#2868 = ADVANCED_FACE('',(#2869),#2953,.T.);
#2869 = FACE_BOUND('',#2870,.T.);
#2870 = EDGE_LOOP('',(#2871,#2872,#2873,#2882,#2890,#2898,#2906,#2914,
    #2922,#2930,#2938,#2947));
#2871 = ORIENTED_EDGE('',*,*,#2280,.F.);
#2872 = ORIENTED_EDGE('',*,*,#2850,.T.);
#2873 = ORIENTED_EDGE('',*,*,#2874,.T.);
#2874 = EDGE_CURVE('',#2851,#2875,#2877,.T.);
#2875 = VERTEX_POINT('',#2876);
#2876 = CARTESIAN_POINT('',(-0.25,0.25,2.8));
#2877 = CIRCLE('',#2878,0.55);
#2878 = AXIS2_PLACEMENT_3D('',#2879,#2880,#2881);
#2879 = CARTESIAN_POINT('',(-0.25,-0.3,2.8));
#2880 = DIRECTION('',(-1.,1.224646799147E-16,0.));
#2881 = DIRECTION('',(0.,0.,1.));
#2882 = ORIENTED_EDGE('',*,*,#2883,.T.);
#2883 = EDGE_CURVE('',#2875,#2884,#2886,.T.);
#2884 = VERTEX_POINT('',#2885);
#2885 = CARTESIAN_POINT('',(-0.25,0.25,-0.9));
#2886 = LINE('',#2887,#2888);
#2887 = CARTESIAN_POINT('',(-0.25,0.25,3.35));
#2888 = VECTOR('',#2889,1.);
#2889 = DIRECTION('',(-0.,0.,-1.));
#2890 = ORIENTED_EDGE('',*,*,#2891,.T.);
#2891 = EDGE_CURVE('',#2884,#2892,#2894,.T.);
#2892 = VERTEX_POINT('',#2893);
#2893 = CARTESIAN_POINT('',(-0.25,-5.E-02,-1.5));
#2894 = LINE('',#2895,#2896);
#2895 = CARTESIAN_POINT('',(-0.25,0.25,-0.9));
#2896 = VECTOR('',#2897,1.);
#2897 = DIRECTION('',(-5.476786982641E-17,-0.4472135955,-0.894427191));
#2898 = ORIENTED_EDGE('',*,*,#2899,.T.);
#2899 = EDGE_CURVE('',#2892,#2900,#2902,.T.);
#2900 = VERTEX_POINT('',#2901);
#2901 = CARTESIAN_POINT('',(-0.25,0.218421052632,-3.2));
#2902 = LINE('',#2903,#2904);
#2903 = CARTESIAN_POINT('',(-0.25,-5.E-02,-1.5));
#2904 = VECTOR('',#2905,1.);
#2905 = DIRECTION('',(1.909990663905E-17,0.155962573473,-0.987762965329)
  );
#2906 = ORIENTED_EDGE('',*,*,#2907,.T.);
#2907 = EDGE_CURVE('',#2900,#2908,#2910,.T.);
#2908 = VERTEX_POINT('',#2909);
#2909 = CARTESIAN_POINT('',(-0.25,-0.281578947368,-3.2));
#2910 = LINE('',#2911,#2912);
#2911 = CARTESIAN_POINT('',(-0.25,0.25,-3.2));
#2912 = VECTOR('',#2913,1.);
#2913 = DIRECTION('',(-1.224646799147E-16,-1.,0.));
#2914 = ORIENTED_EDGE('',*,*,#2915,.T.);
#2915 = EDGE_CURVE('',#2908,#2916,#2918,.T.);
#2916 = VERTEX_POINT('',#2917);
#2917 = CARTESIAN_POINT('',(-0.25,-0.55,-1.5));
#2918 = LINE('',#2919,#2920);
#2919 = CARTESIAN_POINT('',(-0.25,-0.25,-3.4));
#2920 = VECTOR('',#2921,1.);
#2921 = DIRECTION('',(-1.909990663905E-17,-0.155962573473,0.987762965329
    ));
#2922 = ORIENTED_EDGE('',*,*,#2923,.T.);
#2923 = EDGE_CURVE('',#2916,#2924,#2926,.T.);
#2924 = VERTEX_POINT('',#2925);
#2925 = CARTESIAN_POINT('',(-0.25,-0.25,-0.9));
#2926 = LINE('',#2927,#2928);
#2927 = CARTESIAN_POINT('',(-0.25,-0.55,-1.5));
#2928 = VECTOR('',#2929,1.);
#2929 = DIRECTION('',(5.476786982641E-17,0.4472135955,0.894427191));
#2930 = ORIENTED_EDGE('',*,*,#2931,.T.);
#2931 = EDGE_CURVE('',#2924,#2932,#2934,.T.);
#2932 = VERTEX_POINT('',#2933);
#2933 = CARTESIAN_POINT('',(-0.25,-0.25,2.8));
#2934 = LINE('',#2935,#2936);
#2935 = CARTESIAN_POINT('',(-0.25,-0.25,-0.9));
#2936 = VECTOR('',#2937,1.);
#2937 = DIRECTION('',(0.,0.,1.));
#2938 = ORIENTED_EDGE('',*,*,#2939,.F.);
#2939 = EDGE_CURVE('',#2940,#2932,#2942,.T.);
#2940 = VERTEX_POINT('',#2941);
#2941 = CARTESIAN_POINT('',(-0.25,-0.3,2.85));
#2942 = CIRCLE('',#2943,5.E-02);
#2943 = AXIS2_PLACEMENT_3D('',#2944,#2945,#2946);
#2944 = CARTESIAN_POINT('',(-0.25,-0.3,2.8));
#2945 = DIRECTION('',(-1.,1.224646799147E-16,0.));
#2946 = DIRECTION('',(0.,0.,1.));
#2947 = ORIENTED_EDGE('',*,*,#2948,.T.);
#2948 = EDGE_CURVE('',#2940,#2273,#2949,.T.);
#2949 = LINE('',#2950,#2951);
#2950 = CARTESIAN_POINT('',(-0.25,-0.25,2.85));
#2951 = VECTOR('',#2952,1.);
#2952 = DIRECTION('',(-1.224646799147E-16,-1.,0.));
#2953 = PLANE('',#2954);
#2954 = AXIS2_PLACEMENT_3D('',#2955,#2956,#2957);
#2955 = CARTESIAN_POINT('',(-0.25,-1.421959173294,1.302213422577));
#2956 = DIRECTION('',(-1.,1.224646799147E-16,0.));
#2957 = DIRECTION('',(0.,0.,1.));
#2958 = ADVANCED_FACE('',(#2959),#2970,.F.);
#2959 = FACE_BOUND('',#2960,.F.);
#2960 = EDGE_LOOP('',(#2961,#2962,#2968,#2969));
#2961 = ORIENTED_EDGE('',*,*,#2834,.F.);
#2962 = ORIENTED_EDGE('',*,*,#2963,.T.);
#2963 = EDGE_CURVE('',#2826,#2940,#2964,.T.);
#2964 = LINE('',#2965,#2966);
#2965 = CARTESIAN_POINT('',(0.25,-0.3,2.85));
#2966 = VECTOR('',#2967,1.);
#2967 = DIRECTION('',(-1.,1.224646799147E-16,0.));
#2968 = ORIENTED_EDGE('',*,*,#2948,.T.);
#2969 = ORIENTED_EDGE('',*,*,#2272,.F.);
#2970 = PLANE('',#2971);
#2971 = AXIS2_PLACEMENT_3D('',#2972,#2973,#2974);
#2972 = CARTESIAN_POINT('',(0.25,-0.25,2.85));
#2973 = DIRECTION('',(0.,0.,1.));
#2974 = DIRECTION('',(-1.224646799147E-16,-1.,0.));
#2975 = ADVANCED_FACE('',(#2976),#2982,.F.);
#2976 = FACE_BOUND('',#2977,.F.);
#2977 = EDGE_LOOP('',(#2978,#2979,#2980,#2981));
#2978 = ORIENTED_EDGE('',*,*,#2413,.T.);
#2979 = ORIENTED_EDGE('',*,*,#2396,.T.);
#2980 = ORIENTED_EDGE('',*,*,#2363,.F.);
#2981 = ORIENTED_EDGE('',*,*,#2348,.F.);
#2982 = PLANE('',#2983);
#2983 = AXIS2_PLACEMENT_3D('',#2984,#2985,#2986);
#2984 = CARTESIAN_POINT('',(0.25,-5.75,2.85));
#2985 = DIRECTION('',(1.224646799147E-16,1.,0.));
#2986 = DIRECTION('',(0.,-0.,1.));
#2987 = ADVANCED_FACE('',(#2988),#2994,.F.);
#2988 = FACE_BOUND('',#2989,.F.);
#2989 = EDGE_LOOP('',(#2990,#2991,#2992,#2993));
#2990 = ORIENTED_EDGE('',*,*,#2509,.T.);
#2991 = ORIENTED_EDGE('',*,*,#2492,.T.);
#2992 = ORIENTED_EDGE('',*,*,#2459,.F.);
#2993 = ORIENTED_EDGE('',*,*,#2444,.F.);
#2994 = PLANE('',#2995);
#2995 = AXIS2_PLACEMENT_3D('',#2996,#2997,#2998);
#2996 = CARTESIAN_POINT('',(2.25,-5.75,2.85));
#2997 = DIRECTION('',(1.224646799147E-16,1.,0.));
#2998 = DIRECTION('',(0.,-0.,1.));
#2999 = ADVANCED_FACE('',(#3000),#3011,.F.);
#3000 = FACE_BOUND('',#3001,.F.);
#3001 = EDGE_LOOP('',(#3002,#3003,#3009,#3010));
#3002 = ORIENTED_EDGE('',*,*,#2597,.T.);
#3003 = ORIENTED_EDGE('',*,*,#3004,.T.);
#3004 = EDGE_CURVE('',#2590,#2704,#3005,.T.);
#3005 = LINE('',#3006,#3007);
#3006 = CARTESIAN_POINT('',(2.25,-0.25,2.8));
#3007 = VECTOR('',#3008,1.);
#3008 = DIRECTION('',(-1.,1.224646799147E-16,0.));
#3009 = ORIENTED_EDGE('',*,*,#2711,.F.);
#3010 = ORIENTED_EDGE('',*,*,#2735,.F.);
#3011 = CYLINDRICAL_SURFACE('',#3012,5.E-02);
#3012 = AXIS2_PLACEMENT_3D('',#3013,#3014,#3015);
#3013 = CARTESIAN_POINT('',(2.25,-0.3,2.8));
#3014 = DIRECTION('',(-1.,1.224646799147E-16,0.));
#3015 = DIRECTION('',(0.,0.,1.));
#3016 = ADVANCED_FACE('',(#3017),#3028,.F.);
#3017 = FACE_BOUND('',#3018,.F.);
#3018 = EDGE_LOOP('',(#3019,#3020,#3026,#3027));
#3019 = ORIENTED_EDGE('',*,*,#2589,.F.);
#3020 = ORIENTED_EDGE('',*,*,#3021,.T.);
#3021 = EDGE_CURVE('',#2582,#2696,#3022,.T.);
#3022 = LINE('',#3023,#3024);
#3023 = CARTESIAN_POINT('',(2.25,-0.25,-0.9));
#3024 = VECTOR('',#3025,1.);
#3025 = DIRECTION('',(-1.,1.224646799147E-16,0.));
#3026 = ORIENTED_EDGE('',*,*,#2703,.T.);
#3027 = ORIENTED_EDGE('',*,*,#3004,.F.);
#3028 = PLANE('',#3029);
#3029 = AXIS2_PLACEMENT_3D('',#3030,#3031,#3032);
#3030 = CARTESIAN_POINT('',(2.25,-0.25,-0.9));
#3031 = DIRECTION('',(1.224646799147E-16,1.,0.));
#3032 = DIRECTION('',(0.,-0.,1.));
#3033 = ADVANCED_FACE('',(#3034),#3045,.F.);
#3034 = FACE_BOUND('',#3035,.F.);
#3035 = EDGE_LOOP('',(#3036,#3042,#3043,#3044));
#3036 = ORIENTED_EDGE('',*,*,#3037,.T.);
#3037 = EDGE_CURVE('',#2574,#2688,#3038,.T.);
#3038 = LINE('',#3039,#3040);
#3039 = CARTESIAN_POINT('',(2.25,-0.55,-1.5));
#3040 = VECTOR('',#3041,1.);
#3041 = DIRECTION('',(-1.,1.224646799147E-16,0.));
#3042 = ORIENTED_EDGE('',*,*,#2695,.T.);
#3043 = ORIENTED_EDGE('',*,*,#3021,.F.);
#3044 = ORIENTED_EDGE('',*,*,#2581,.F.);
#3045 = PLANE('',#3046);
#3046 = AXIS2_PLACEMENT_3D('',#3047,#3048,#3049);
#3047 = CARTESIAN_POINT('',(2.25,-0.55,-1.5));
#3048 = DIRECTION('',(1.095357396528E-16,0.894427191,-0.4472135955));
#3049 = DIRECTION('',(5.476786982641E-17,0.4472135955,0.894427191));
#3050 = ADVANCED_FACE('',(#3051),#3078,.F.);
#3051 = FACE_BOUND('',#3052,.F.);
#3052 = EDGE_LOOP('',(#3053,#3054,#3062,#3070,#3076,#3077));
#3053 = ORIENTED_EDGE('',*,*,#2573,.F.);
#3054 = ORIENTED_EDGE('',*,*,#3055,.F.);
#3055 = EDGE_CURVE('',#3056,#2566,#3058,.T.);
#3056 = VERTEX_POINT('',#3057);
#3057 = CARTESIAN_POINT('',(2.247552593066,-0.281192514695,
    -3.202447406934));
#3058 = LINE('',#3059,#3060);
#3059 = CARTESIAN_POINT('',(2.1292749658,-0.262517099863,-3.3207250342)
  );
#3060 = VECTOR('',#3061,1.);
#3061 = DIRECTION('',(0.702740385383,-0.110959008218,0.702740385383));
#3062 = ORIENTED_EDGE('',*,*,#3063,.T.);
#3063 = EDGE_CURVE('',#3056,#3064,#3066,.T.);
#3064 = VERTEX_POINT('',#3065);
#3065 = CARTESIAN_POINT('',(1.752447406934,-0.281192514695,
    -3.202447406934));
#3066 = LINE('',#3067,#3068);
#3067 = CARTESIAN_POINT('',(2.25,-0.281192514695,-3.202447406934));
#3068 = VECTOR('',#3069,1.);
#3069 = DIRECTION('',(-1.,1.224646799147E-16,0.));
#3070 = ORIENTED_EDGE('',*,*,#3071,.T.);
#3071 = EDGE_CURVE('',#3064,#2680,#3072,.T.);
#3072 = LINE('',#3073,#3074);
#3073 = CARTESIAN_POINT('',(1.994186046512,-0.243023255814,
    -3.444186046512));
#3074 = VECTOR('',#3075,1.);
#3075 = DIRECTION('',(-0.702740385383,-0.110959008218,0.702740385383));
#3076 = ORIENTED_EDGE('',*,*,#2687,.T.);
#3077 = ORIENTED_EDGE('',*,*,#3037,.F.);
#3078 = PLANE('',#3079);
#3079 = AXIS2_PLACEMENT_3D('',#3080,#3081,#3082);
#3080 = CARTESIAN_POINT('',(2.25,-0.25,-3.4));
#3081 = DIRECTION('',(1.209660753807E-16,0.987762965329,0.155962573473)
  );
#3082 = DIRECTION('',(-1.909990663905E-17,-0.155962573473,0.987762965329
    ));
#3083 = ADVANCED_FACE('',(#3084),#3118,.T.);
#3084 = FACE_BOUND('',#3085,.F.);
#3085 = EDGE_LOOP('',(#3086,#3094,#3095,#3096,#3104,#3112));
#3086 = ORIENTED_EDGE('',*,*,#3087,.T.);
#3087 = EDGE_CURVE('',#3088,#3056,#3090,.T.);
#3088 = VERTEX_POINT('',#3089);
#3089 = CARTESIAN_POINT('',(2.05,-5.E-02,-3.4));
#3090 = LINE('',#3091,#3092);
#3091 = CARTESIAN_POINT('',(2.09198936903,-9.913946036316E-02,
    -3.35801063097));
#3092 = VECTOR('',#3093,1.);
#3093 = DIRECTION('',(0.544770019249,-0.63753529491,0.544770019249));
#3094 = ORIENTED_EDGE('',*,*,#3055,.T.);
#3095 = ORIENTED_EDGE('',*,*,#2565,.F.);
#3096 = ORIENTED_EDGE('',*,*,#3097,.F.);
#3097 = EDGE_CURVE('',#3098,#2558,#3100,.T.);
#3098 = VERTEX_POINT('',#3099);
#3099 = CARTESIAN_POINT('',(2.247552593066,0.218807485305,
    -3.202447406934));
#3100 = LINE('',#3101,#3102);
#3101 = CARTESIAN_POINT('',(2.629616963064,0.158481532148,
    -2.820383036936));
#3102 = VECTOR('',#3103,1.);
#3103 = DIRECTION('',(0.702740385383,-0.110959008218,0.702740385383));
#3104 = ORIENTED_EDGE('',*,*,#3105,.F.);
#3105 = EDGE_CURVE('',#3106,#3098,#3108,.T.);
#3106 = VERTEX_POINT('',#3107);
#3107 = CARTESIAN_POINT('',(2.05,5.E-02,-3.4));
#3108 = LINE('',#3109,#3110);
#3109 = CARTESIAN_POINT('',(2.185852405654,0.166085051658,
    -3.264147594346));
#3110 = VECTOR('',#3111,1.);
#3111 = DIRECTION('',(0.605209817607,0.517148096144,0.605209817607));
#3112 = ORIENTED_EDGE('',*,*,#3113,.T.);
#3113 = EDGE_CURVE('',#3106,#3088,#3114,.T.);
#3114 = LINE('',#3115,#3116);
#3115 = CARTESIAN_POINT('',(2.05,0.25,-3.4));
#3116 = VECTOR('',#3117,1.);
#3117 = DIRECTION('',(-1.224646799147E-16,-1.,0.));
#3118 = PLANE('',#3119);
#3119 = AXIS2_PLACEMENT_3D('',#3120,#3121,#3122);
#3120 = CARTESIAN_POINT('',(2.15,0.25,-3.3));
#3121 = DIRECTION('',(0.707106781187,-8.486018839685E-17,-0.707106781187
    ));
#3122 = DIRECTION('',(1.212375546256E-16,1.,1.227125289196E-18));
#3123 = ADVANCED_FACE('',(#3124),#3149,.F.);
#3124 = FACE_BOUND('',#3125,.F.);
#3125 = EDGE_LOOP('',(#3126,#3127,#3133,#3134,#3142,#3148));
#3126 = ORIENTED_EDGE('',*,*,#2557,.F.);
#3127 = ORIENTED_EDGE('',*,*,#3128,.T.);
#3128 = EDGE_CURVE('',#2550,#2664,#3129,.T.);
#3129 = LINE('',#3130,#3131);
#3130 = CARTESIAN_POINT('',(2.25,-5.E-02,-1.5));
#3131 = VECTOR('',#3132,1.);
#3132 = DIRECTION('',(-1.,1.224646799147E-16,0.));
#3133 = ORIENTED_EDGE('',*,*,#2671,.T.);
#3134 = ORIENTED_EDGE('',*,*,#3135,.F.);
#3135 = EDGE_CURVE('',#3136,#2672,#3138,.T.);
#3136 = VERTEX_POINT('',#3137);
#3137 = CARTESIAN_POINT('',(1.752447406934,0.218807485305,
    -3.202447406934));
#3138 = LINE('',#3139,#3140);
#3139 = CARTESIAN_POINT('',(1.493844049248,0.177975376197,
    -2.943844049248));
#3140 = VECTOR('',#3141,1.);
#3141 = DIRECTION('',(-0.702740385383,-0.110959008218,0.702740385383));
#3142 = ORIENTED_EDGE('',*,*,#3143,.F.);
#3143 = EDGE_CURVE('',#3098,#3136,#3144,.T.);
#3144 = LINE('',#3145,#3146);
#3145 = CARTESIAN_POINT('',(2.25,0.218807485305,-3.202447406934));
#3146 = VECTOR('',#3147,1.);
#3147 = DIRECTION('',(-1.,1.224646799147E-16,0.));
#3148 = ORIENTED_EDGE('',*,*,#3097,.T.);
#3149 = PLANE('',#3150);
#3150 = AXIS2_PLACEMENT_3D('',#3151,#3152,#3153);
#3151 = CARTESIAN_POINT('',(2.25,-5.E-02,-1.5));
#3152 = DIRECTION('',(-1.209660753807E-16,-0.987762965329,
    -0.155962573473));
#3153 = DIRECTION('',(1.909990663905E-17,0.155962573473,-0.987762965329)
  );
#3154 = ADVANCED_FACE('',(#3155),#3166,.F.);
#3155 = FACE_BOUND('',#3156,.F.);
#3156 = EDGE_LOOP('',(#3157,#3163,#3164,#3165));
#3157 = ORIENTED_EDGE('',*,*,#3158,.T.);
#3158 = EDGE_CURVE('',#2542,#2656,#3159,.T.);
#3159 = LINE('',#3160,#3161);
#3160 = CARTESIAN_POINT('',(2.25,0.25,-0.9));
#3161 = VECTOR('',#3162,1.);
#3162 = DIRECTION('',(-1.,1.224646799147E-16,0.));
#3163 = ORIENTED_EDGE('',*,*,#2663,.T.);
#3164 = ORIENTED_EDGE('',*,*,#3128,.F.);
#3165 = ORIENTED_EDGE('',*,*,#2549,.F.);
#3166 = PLANE('',#3167);
#3167 = AXIS2_PLACEMENT_3D('',#3168,#3169,#3170);
#3168 = CARTESIAN_POINT('',(2.25,0.25,-0.9));
#3169 = DIRECTION('',(-1.095357396528E-16,-0.894427191,0.4472135955));
#3170 = DIRECTION('',(-5.476786982641E-17,-0.4472135955,-0.894427191));
#3171 = ADVANCED_FACE('',(#3172),#3183,.F.);
#3172 = FACE_BOUND('',#3173,.F.);
#3173 = EDGE_LOOP('',(#3174,#3175,#3181,#3182));
#3174 = ORIENTED_EDGE('',*,*,#2541,.F.);
#3175 = ORIENTED_EDGE('',*,*,#3176,.T.);
#3176 = EDGE_CURVE('',#2533,#2647,#3177,.T.);
#3177 = LINE('',#3178,#3179);
#3178 = CARTESIAN_POINT('',(2.25,0.25,2.8));
#3179 = VECTOR('',#3180,1.);
#3180 = DIRECTION('',(-1.,1.224646799147E-16,0.));
#3181 = ORIENTED_EDGE('',*,*,#2655,.T.);
#3182 = ORIENTED_EDGE('',*,*,#3158,.F.);
#3183 = PLANE('',#3184);
#3184 = AXIS2_PLACEMENT_3D('',#3185,#3186,#3187);
#3185 = CARTESIAN_POINT('',(2.25,0.25,3.35));
#3186 = DIRECTION('',(-1.224646799147E-16,-1.,0.));
#3187 = DIRECTION('',(-0.,0.,-1.));
#3188 = ADVANCED_FACE('',(#3189),#3195,.T.);
#3189 = FACE_BOUND('',#3190,.T.);
#3190 = EDGE_LOOP('',(#3191,#3192,#3193,#3194));
#3191 = ORIENTED_EDGE('',*,*,#2532,.T.);
#3192 = ORIENTED_EDGE('',*,*,#3176,.T.);
#3193 = ORIENTED_EDGE('',*,*,#2646,.F.);
#3194 = ORIENTED_EDGE('',*,*,#2630,.F.);
#3195 = CYLINDRICAL_SURFACE('',#3196,0.55);
#3196 = AXIS2_PLACEMENT_3D('',#3197,#3198,#3199);
#3197 = CARTESIAN_POINT('',(2.25,-0.3,2.8));
#3198 = DIRECTION('',(-1.,1.224646799147E-16,0.));
#3199 = DIRECTION('',(0.,0.,1.));
#3200 = ADVANCED_FACE('',(#3201),#3228,.F.);
#3201 = FACE_BOUND('',#3202,.T.);
#3202 = EDGE_LOOP('',(#3203,#3211,#3212,#3213,#3214,#3222));
#3203 = ORIENTED_EDGE('',*,*,#3204,.T.);
#3204 = EDGE_CURVE('',#3205,#3064,#3207,.T.);
#3205 = VERTEX_POINT('',#3206);
#3206 = CARTESIAN_POINT('',(1.95,-5.E-02,-3.4));
#3207 = LINE('',#3208,#3209);
#3208 = CARTESIAN_POINT('',(1.982204224438,-1.231193164325E-02,
    -3.432204224438));
#3209 = VECTOR('',#3210,1.);
#3210 = DIRECTION('',(-0.544770019249,-0.63753529491,0.544770019249));
#3211 = ORIENTED_EDGE('',*,*,#3071,.T.);
#3212 = ORIENTED_EDGE('',*,*,#2679,.F.);
#3213 = ORIENTED_EDGE('',*,*,#3135,.F.);
#3214 = ORIENTED_EDGE('',*,*,#3215,.F.);
#3215 = EDGE_CURVE('',#3216,#3136,#3218,.T.);
#3216 = VERTEX_POINT('',#3217);
#3217 = CARTESIAN_POINT('',(1.95,5.E-02,-3.4));
#3218 = LINE('',#3219,#3220);
#3219 = CARTESIAN_POINT('',(1.905717325178,8.783927542193E-02,
    -3.355717325178));
#3220 = VECTOR('',#3221,1.);
#3221 = DIRECTION('',(-0.605209817607,0.517148096144,0.605209817607));
#3222 = ORIENTED_EDGE('',*,*,#3223,.T.);
#3223 = EDGE_CURVE('',#3216,#3205,#3224,.T.);
#3224 = LINE('',#3225,#3226);
#3225 = CARTESIAN_POINT('',(1.95,0.25,-3.4));
#3226 = VECTOR('',#3227,1.);
#3227 = DIRECTION('',(-1.224646799147E-16,-1.,0.));
#3228 = PLANE('',#3229);
#3229 = AXIS2_PLACEMENT_3D('',#3230,#3231,#3232);
#3230 = CARTESIAN_POINT('',(1.85,0.25,-3.3));
#3231 = DIRECTION('',(0.707106781187,-8.833102285013E-17,0.707106781187)
  );
#3232 = DIRECTION('',(1.236918052038E-16,1.,1.227125289097E-18));
#3233 = ADVANCED_FACE('',(#3234),#3245,.F.);
#3234 = FACE_BOUND('',#3235,.F.);
#3235 = EDGE_LOOP('',(#3236,#3237,#3243,#3244));
#3236 = ORIENTED_EDGE('',*,*,#2825,.T.);
#3237 = ORIENTED_EDGE('',*,*,#3238,.T.);
#3238 = EDGE_CURVE('',#2818,#2932,#3239,.T.);
#3239 = LINE('',#3240,#3241);
#3240 = CARTESIAN_POINT('',(0.25,-0.25,2.8));
#3241 = VECTOR('',#3242,1.);
#3242 = DIRECTION('',(-1.,1.224646799147E-16,0.));
#3243 = ORIENTED_EDGE('',*,*,#2939,.F.);
#3244 = ORIENTED_EDGE('',*,*,#2963,.F.);
#3245 = CYLINDRICAL_SURFACE('',#3246,5.E-02);
#3246 = AXIS2_PLACEMENT_3D('',#3247,#3248,#3249);
#3247 = CARTESIAN_POINT('',(0.25,-0.3,2.8));
#3248 = DIRECTION('',(-1.,1.224646799147E-16,0.));
#3249 = DIRECTION('',(0.,0.,1.));
#3250 = ADVANCED_FACE('',(#3251),#3262,.F.);
#3251 = FACE_BOUND('',#3252,.F.);
#3252 = EDGE_LOOP('',(#3253,#3254,#3260,#3261));
#3253 = ORIENTED_EDGE('',*,*,#2817,.F.);
#3254 = ORIENTED_EDGE('',*,*,#3255,.T.);
#3255 = EDGE_CURVE('',#2810,#2924,#3256,.T.);
#3256 = LINE('',#3257,#3258);
#3257 = CARTESIAN_POINT('',(0.25,-0.25,-0.9));
#3258 = VECTOR('',#3259,1.);
#3259 = DIRECTION('',(-1.,1.224646799147E-16,0.));
#3260 = ORIENTED_EDGE('',*,*,#2931,.T.);
#3261 = ORIENTED_EDGE('',*,*,#3238,.F.);
#3262 = PLANE('',#3263);
#3263 = AXIS2_PLACEMENT_3D('',#3264,#3265,#3266);
#3264 = CARTESIAN_POINT('',(0.25,-0.25,-0.9));
#3265 = DIRECTION('',(1.224646799147E-16,1.,0.));
#3266 = DIRECTION('',(0.,-0.,1.));
#3267 = ADVANCED_FACE('',(#3268),#3279,.F.);
#3268 = FACE_BOUND('',#3269,.F.);
#3269 = EDGE_LOOP('',(#3270,#3276,#3277,#3278));
#3270 = ORIENTED_EDGE('',*,*,#3271,.T.);
#3271 = EDGE_CURVE('',#2802,#2916,#3272,.T.);
#3272 = LINE('',#3273,#3274);
#3273 = CARTESIAN_POINT('',(0.25,-0.55,-1.5));
#3274 = VECTOR('',#3275,1.);
#3275 = DIRECTION('',(-1.,1.224646799147E-16,0.));
#3276 = ORIENTED_EDGE('',*,*,#2923,.T.);
#3277 = ORIENTED_EDGE('',*,*,#3255,.F.);
#3278 = ORIENTED_EDGE('',*,*,#2809,.F.);
#3279 = PLANE('',#3280);
#3280 = AXIS2_PLACEMENT_3D('',#3281,#3282,#3283);
#3281 = CARTESIAN_POINT('',(0.25,-0.55,-1.5));
#3282 = DIRECTION('',(1.095357396528E-16,0.894427191,-0.4472135955));
#3283 = DIRECTION('',(5.476786982641E-17,0.4472135955,0.894427191));
#3284 = ADVANCED_FACE('',(#3285),#3312,.F.);
#3285 = FACE_BOUND('',#3286,.F.);
#3286 = EDGE_LOOP('',(#3287,#3288,#3296,#3304,#3310,#3311));
#3287 = ORIENTED_EDGE('',*,*,#2801,.F.);
#3288 = ORIENTED_EDGE('',*,*,#3289,.F.);
#3289 = EDGE_CURVE('',#3290,#2794,#3292,.T.);
#3290 = VERTEX_POINT('',#3291);
#3291 = CARTESIAN_POINT('',(0.247552593066,-0.281192514695,
    -3.202447406934));
#3292 = LINE('',#3293,#3294);
#3293 = CARTESIAN_POINT('',(0.1292749658,-0.262517099863,-3.3207250342)
  );
#3294 = VECTOR('',#3295,1.);
#3295 = DIRECTION('',(0.702740385383,-0.110959008218,0.702740385383));
#3296 = ORIENTED_EDGE('',*,*,#3297,.T.);
#3297 = EDGE_CURVE('',#3290,#3298,#3300,.T.);
#3298 = VERTEX_POINT('',#3299);
#3299 = CARTESIAN_POINT('',(-0.247552593066,-0.281192514695,
    -3.202447406934));
#3300 = LINE('',#3301,#3302);
#3301 = CARTESIAN_POINT('',(0.25,-0.281192514695,-3.202447406934));
#3302 = VECTOR('',#3303,1.);
#3303 = DIRECTION('',(-1.,1.224646799147E-16,0.));
#3304 = ORIENTED_EDGE('',*,*,#3305,.T.);
#3305 = EDGE_CURVE('',#3298,#2908,#3306,.T.);
#3306 = LINE('',#3307,#3308);
#3307 = CARTESIAN_POINT('',(-5.813953488372E-03,-0.243023255814,
    -3.444186046512));
#3308 = VECTOR('',#3309,1.);
#3309 = DIRECTION('',(-0.702740385383,-0.110959008218,0.702740385383));
#3310 = ORIENTED_EDGE('',*,*,#2915,.T.);
#3311 = ORIENTED_EDGE('',*,*,#3271,.F.);
#3312 = PLANE('',#3313);
#3313 = AXIS2_PLACEMENT_3D('',#3314,#3315,#3316);
#3314 = CARTESIAN_POINT('',(0.25,-0.25,-3.4));
#3315 = DIRECTION('',(1.209660753807E-16,0.987762965329,0.155962573473)
  );
#3316 = DIRECTION('',(-1.909990663905E-17,-0.155962573473,0.987762965329
    ));
#3317 = ADVANCED_FACE('',(#3318),#3352,.T.);
#3318 = FACE_BOUND('',#3319,.F.);
#3319 = EDGE_LOOP('',(#3320,#3328,#3329,#3330,#3338,#3346));
#3320 = ORIENTED_EDGE('',*,*,#3321,.T.);
#3321 = EDGE_CURVE('',#3322,#3290,#3324,.T.);
#3322 = VERTEX_POINT('',#3323);
#3323 = CARTESIAN_POINT('',(5.E-02,-5.E-02,-3.4));
#3324 = LINE('',#3325,#3326);
#3325 = CARTESIAN_POINT('',(9.198936903048E-02,-9.913946036316E-02,
    -3.35801063097));
#3326 = VECTOR('',#3327,1.);
#3327 = DIRECTION('',(0.544770019249,-0.63753529491,0.544770019249));
#3328 = ORIENTED_EDGE('',*,*,#3289,.T.);
#3329 = ORIENTED_EDGE('',*,*,#2793,.F.);
#3330 = ORIENTED_EDGE('',*,*,#3331,.F.);
#3331 = EDGE_CURVE('',#3332,#2786,#3334,.T.);
#3332 = VERTEX_POINT('',#3333);
#3333 = CARTESIAN_POINT('',(0.247552593066,0.218807485305,
    -3.202447406934));
#3334 = LINE('',#3335,#3336);
#3335 = CARTESIAN_POINT('',(0.629616963064,0.158481532148,
    -2.820383036936));
#3336 = VECTOR('',#3337,1.);
#3337 = DIRECTION('',(0.702740385383,-0.110959008218,0.702740385383));
#3338 = ORIENTED_EDGE('',*,*,#3339,.F.);
#3339 = EDGE_CURVE('',#3340,#3332,#3342,.T.);
#3340 = VERTEX_POINT('',#3341);
#3341 = CARTESIAN_POINT('',(5.E-02,5.E-02,-3.4));
#3342 = LINE('',#3343,#3344);
#3343 = CARTESIAN_POINT('',(0.185852405654,0.166085051658,
    -3.264147594346));
#3344 = VECTOR('',#3345,1.);
#3345 = DIRECTION('',(0.605209817607,0.517148096144,0.605209817607));
#3346 = ORIENTED_EDGE('',*,*,#3347,.T.);
#3347 = EDGE_CURVE('',#3340,#3322,#3348,.T.);
#3348 = LINE('',#3349,#3350);
#3349 = CARTESIAN_POINT('',(5.E-02,0.25,-3.4));
#3350 = VECTOR('',#3351,1.);
#3351 = DIRECTION('',(-1.224646799147E-16,-1.,0.));
#3352 = PLANE('',#3353);
#3353 = AXIS2_PLACEMENT_3D('',#3354,#3355,#3356);
#3354 = CARTESIAN_POINT('',(0.15,0.25,-3.3));
#3355 = DIRECTION('',(0.707106781187,-8.486018839685E-17,-0.707106781187
    ));
#3356 = DIRECTION('',(1.212375546256E-16,1.,1.227125289196E-18));
#3357 = ADVANCED_FACE('',(#3358),#3383,.F.);
#3358 = FACE_BOUND('',#3359,.F.);
#3359 = EDGE_LOOP('',(#3360,#3361,#3367,#3368,#3376,#3382));
#3360 = ORIENTED_EDGE('',*,*,#2785,.F.);
#3361 = ORIENTED_EDGE('',*,*,#3362,.T.);
#3362 = EDGE_CURVE('',#2778,#2892,#3363,.T.);
#3363 = LINE('',#3364,#3365);
#3364 = CARTESIAN_POINT('',(0.25,-5.E-02,-1.5));
#3365 = VECTOR('',#3366,1.);
#3366 = DIRECTION('',(-1.,1.224646799147E-16,0.));
#3367 = ORIENTED_EDGE('',*,*,#2899,.T.);
#3368 = ORIENTED_EDGE('',*,*,#3369,.F.);
#3369 = EDGE_CURVE('',#3370,#2900,#3372,.T.);
#3370 = VERTEX_POINT('',#3371);
#3371 = CARTESIAN_POINT('',(-0.247552593066,0.218807485305,
    -3.202447406934));
#3372 = LINE('',#3373,#3374);
#3373 = CARTESIAN_POINT('',(-0.506155950752,0.177975376197,
    -2.943844049248));
#3374 = VECTOR('',#3375,1.);
#3375 = DIRECTION('',(-0.702740385383,-0.110959008218,0.702740385383));
#3376 = ORIENTED_EDGE('',*,*,#3377,.F.);
#3377 = EDGE_CURVE('',#3332,#3370,#3378,.T.);
#3378 = LINE('',#3379,#3380);
#3379 = CARTESIAN_POINT('',(0.25,0.218807485305,-3.202447406934));
#3380 = VECTOR('',#3381,1.);
#3381 = DIRECTION('',(-1.,1.224646799147E-16,0.));
#3382 = ORIENTED_EDGE('',*,*,#3331,.T.);
#3383 = PLANE('',#3384);
#3384 = AXIS2_PLACEMENT_3D('',#3385,#3386,#3387);
#3385 = CARTESIAN_POINT('',(0.25,-5.E-02,-1.5));
#3386 = DIRECTION('',(-1.209660753807E-16,-0.987762965329,
    -0.155962573473));
#3387 = DIRECTION('',(1.909990663905E-17,0.155962573473,-0.987762965329)
  );
#3388 = ADVANCED_FACE('',(#3389),#3400,.F.);
#3389 = FACE_BOUND('',#3390,.F.);
#3390 = EDGE_LOOP('',(#3391,#3397,#3398,#3399));
#3391 = ORIENTED_EDGE('',*,*,#3392,.T.);
#3392 = EDGE_CURVE('',#2770,#2884,#3393,.T.);
#3393 = LINE('',#3394,#3395);
#3394 = CARTESIAN_POINT('',(0.25,0.25,-0.9));
#3395 = VECTOR('',#3396,1.);
#3396 = DIRECTION('',(-1.,1.224646799147E-16,0.));
#3397 = ORIENTED_EDGE('',*,*,#2891,.T.);
#3398 = ORIENTED_EDGE('',*,*,#3362,.F.);
#3399 = ORIENTED_EDGE('',*,*,#2777,.F.);
#3400 = PLANE('',#3401);
#3401 = AXIS2_PLACEMENT_3D('',#3402,#3403,#3404);
#3402 = CARTESIAN_POINT('',(0.25,0.25,-0.9));
#3403 = DIRECTION('',(-1.095357396528E-16,-0.894427191,0.4472135955));
#3404 = DIRECTION('',(-5.476786982641E-17,-0.4472135955,-0.894427191));
#3405 = ADVANCED_FACE('',(#3406),#3417,.F.);
#3406 = FACE_BOUND('',#3407,.F.);
#3407 = EDGE_LOOP('',(#3408,#3409,#3415,#3416));
#3408 = ORIENTED_EDGE('',*,*,#2769,.F.);
#3409 = ORIENTED_EDGE('',*,*,#3410,.T.);
#3410 = EDGE_CURVE('',#2761,#2875,#3411,.T.);
#3411 = LINE('',#3412,#3413);
#3412 = CARTESIAN_POINT('',(0.25,0.25,2.8));
#3413 = VECTOR('',#3414,1.);
#3414 = DIRECTION('',(-1.,1.224646799147E-16,0.));
#3415 = ORIENTED_EDGE('',*,*,#2883,.T.);
#3416 = ORIENTED_EDGE('',*,*,#3392,.F.);
#3417 = PLANE('',#3418);
#3418 = AXIS2_PLACEMENT_3D('',#3419,#3420,#3421);
#3419 = CARTESIAN_POINT('',(0.25,0.25,3.35));
#3420 = DIRECTION('',(-1.224646799147E-16,-1.,0.));
#3421 = DIRECTION('',(-0.,0.,-1.));
#3422 = ADVANCED_FACE('',(#3423),#3429,.T.);
#3423 = FACE_BOUND('',#3424,.T.);
#3424 = EDGE_LOOP('',(#3425,#3426,#3427,#3428));
#3425 = ORIENTED_EDGE('',*,*,#2760,.T.);
#3426 = ORIENTED_EDGE('',*,*,#3410,.T.);
#3427 = ORIENTED_EDGE('',*,*,#2874,.F.);
#3428 = ORIENTED_EDGE('',*,*,#2858,.F.);
#3429 = CYLINDRICAL_SURFACE('',#3430,0.55);
#3430 = AXIS2_PLACEMENT_3D('',#3431,#3432,#3433);
#3431 = CARTESIAN_POINT('',(0.25,-0.3,2.8));
#3432 = DIRECTION('',(-1.,1.224646799147E-16,0.));
#3433 = DIRECTION('',(0.,0.,1.));
#3434 = ADVANCED_FACE('',(#3435),#3462,.F.);
#3435 = FACE_BOUND('',#3436,.T.);
#3436 = EDGE_LOOP('',(#3437,#3445,#3446,#3447,#3448,#3456));
#3437 = ORIENTED_EDGE('',*,*,#3438,.T.);
#3438 = EDGE_CURVE('',#3439,#3298,#3441,.T.);
#3439 = VERTEX_POINT('',#3440);
#3440 = CARTESIAN_POINT('',(-5.E-02,-5.E-02,-3.4));
#3441 = LINE('',#3442,#3443);
#3442 = CARTESIAN_POINT('',(-1.77957755624E-02,-1.231193164325E-02,
    -3.432204224438));
#3443 = VECTOR('',#3444,1.);
#3444 = DIRECTION('',(-0.544770019249,-0.63753529491,0.544770019249));
#3445 = ORIENTED_EDGE('',*,*,#3305,.T.);
#3446 = ORIENTED_EDGE('',*,*,#2907,.F.);
#3447 = ORIENTED_EDGE('',*,*,#3369,.F.);
#3448 = ORIENTED_EDGE('',*,*,#3449,.F.);
#3449 = EDGE_CURVE('',#3450,#3370,#3452,.T.);
#3450 = VERTEX_POINT('',#3451);
#3451 = CARTESIAN_POINT('',(-5.E-02,5.E-02,-3.4));
#3452 = LINE('',#3453,#3454);
#3453 = CARTESIAN_POINT('',(-9.428267482221E-02,8.783927542193E-02,
    -3.355717325178));
#3454 = VECTOR('',#3455,1.);
#3455 = DIRECTION('',(-0.605209817607,0.517148096144,0.605209817607));
#3456 = ORIENTED_EDGE('',*,*,#3457,.T.);
#3457 = EDGE_CURVE('',#3450,#3439,#3458,.T.);
#3458 = LINE('',#3459,#3460);
#3459 = CARTESIAN_POINT('',(-5.E-02,0.25,-3.4));
#3460 = VECTOR('',#3461,1.);
#3461 = DIRECTION('',(-1.224646799147E-16,-1.,0.));
#3462 = PLANE('',#3463);
#3463 = AXIS2_PLACEMENT_3D('',#3464,#3465,#3466);
#3464 = CARTESIAN_POINT('',(-0.15,0.25,-3.3));
#3465 = DIRECTION('',(0.707106781187,-8.833102285013E-17,0.707106781187)
  );
#3466 = DIRECTION('',(1.236918052038E-16,1.,1.227125289097E-18));
#3467 = ADVANCED_FACE('',(#3468),#3479,.T.);
#3468 = FACE_BOUND('',#3469,.F.);
#3469 = EDGE_LOOP('',(#3470,#3471,#3477,#3478));
#3470 = ORIENTED_EDGE('',*,*,#3087,.F.);
#3471 = ORIENTED_EDGE('',*,*,#3472,.T.);
#3472 = EDGE_CURVE('',#3088,#3205,#3473,.T.);
#3473 = LINE('',#3474,#3475);
#3474 = CARTESIAN_POINT('',(2.25,-5.E-02,-3.4));
#3475 = VECTOR('',#3476,1.);
#3476 = DIRECTION('',(-1.,1.224646799147E-16,0.));
#3477 = ORIENTED_EDGE('',*,*,#3204,.T.);
#3478 = ORIENTED_EDGE('',*,*,#3063,.F.);
#3479 = PLANE('',#3480);
#3480 = AXIS2_PLACEMENT_3D('',#3481,#3482,#3483);
#3481 = CARTESIAN_POINT('',(2.25,-0.165596257347,-3.301223703467));
#3482 = DIRECTION('',(-8.302774088379E-17,-0.64962967394,-0.760250805153
    ));
#3483 = DIRECTION('',(1.,-1.247195775152E-16,-2.638869166629E-18));
#3484 = ADVANCED_FACE('',(#3485),#3496,.F.);
#3485 = FACE_BOUND('',#3486,.F.);
#3486 = EDGE_LOOP('',(#3487,#3488,#3489,#3495));
#3487 = ORIENTED_EDGE('',*,*,#3472,.F.);
#3488 = ORIENTED_EDGE('',*,*,#3113,.F.);
#3489 = ORIENTED_EDGE('',*,*,#3490,.T.);
#3490 = EDGE_CURVE('',#3106,#3216,#3491,.T.);
#3491 = LINE('',#3492,#3493);
#3492 = CARTESIAN_POINT('',(2.25,5.E-02,-3.4));
#3493 = VECTOR('',#3494,1.);
#3494 = DIRECTION('',(-1.,1.224646799147E-16,0.));
#3495 = ORIENTED_EDGE('',*,*,#3223,.T.);
#3496 = PLANE('',#3497);
#3497 = AXIS2_PLACEMENT_3D('',#3498,#3499,#3500);
#3498 = CARTESIAN_POINT('',(2.25,0.25,-3.4));
#3499 = DIRECTION('',(0.,0.,1.));
#3500 = DIRECTION('',(-1.224646799147E-16,-1.,0.));
#3501 = ADVANCED_FACE('',(#3502),#3508,.T.);
#3502 = FACE_BOUND('',#3503,.T.);
#3503 = EDGE_LOOP('',(#3504,#3505,#3506,#3507));
#3504 = ORIENTED_EDGE('',*,*,#3105,.F.);
#3505 = ORIENTED_EDGE('',*,*,#3490,.T.);
#3506 = ORIENTED_EDGE('',*,*,#3215,.T.);
#3507 = ORIENTED_EDGE('',*,*,#3143,.F.);
#3508 = PLANE('',#3509);
#3509 = AXIS2_PLACEMENT_3D('',#3510,#3511,#3512);
#3510 = CARTESIAN_POINT('',(2.25,0.134403742653,-3.301223703467));
#3511 = DIRECTION('',(9.136856246232E-17,0.760250805153,-0.64962967394)
  );
#3512 = DIRECTION('',(-1.,1.211454098155E-16,1.127308249542E-18));
#3513 = ADVANCED_FACE('',(#3514),#3525,.T.);
#3514 = FACE_BOUND('',#3515,.F.);
#3515 = EDGE_LOOP('',(#3516,#3517,#3523,#3524));
#3516 = ORIENTED_EDGE('',*,*,#3321,.F.);
#3517 = ORIENTED_EDGE('',*,*,#3518,.T.);
#3518 = EDGE_CURVE('',#3322,#3439,#3519,.T.);
#3519 = LINE('',#3520,#3521);
#3520 = CARTESIAN_POINT('',(0.25,-5.E-02,-3.4));
#3521 = VECTOR('',#3522,1.);
#3522 = DIRECTION('',(-1.,1.224646799147E-16,0.));
#3523 = ORIENTED_EDGE('',*,*,#3438,.T.);
#3524 = ORIENTED_EDGE('',*,*,#3297,.F.);
#3525 = PLANE('',#3526);
#3526 = AXIS2_PLACEMENT_3D('',#3527,#3528,#3529);
#3527 = CARTESIAN_POINT('',(0.25,-0.165596257347,-3.301223703467));
#3528 = DIRECTION('',(-8.302774088379E-17,-0.64962967394,-0.760250805153
    ));
#3529 = DIRECTION('',(1.,-1.247195775152E-16,-2.638869166629E-18));
#3530 = ADVANCED_FACE('',(#3531),#3542,.F.);
#3531 = FACE_BOUND('',#3532,.F.);
#3532 = EDGE_LOOP('',(#3533,#3534,#3535,#3541));
#3533 = ORIENTED_EDGE('',*,*,#3518,.F.);
#3534 = ORIENTED_EDGE('',*,*,#3347,.F.);
#3535 = ORIENTED_EDGE('',*,*,#3536,.T.);
#3536 = EDGE_CURVE('',#3340,#3450,#3537,.T.);
#3537 = LINE('',#3538,#3539);
#3538 = CARTESIAN_POINT('',(0.25,5.E-02,-3.4));
#3539 = VECTOR('',#3540,1.);
#3540 = DIRECTION('',(-1.,1.224646799147E-16,0.));
#3541 = ORIENTED_EDGE('',*,*,#3457,.T.);
#3542 = PLANE('',#3543);
#3543 = AXIS2_PLACEMENT_3D('',#3544,#3545,#3546);
#3544 = CARTESIAN_POINT('',(0.25,0.25,-3.4));
#3545 = DIRECTION('',(0.,0.,1.));
#3546 = DIRECTION('',(-1.224646799147E-16,-1.,0.));
#3547 = ADVANCED_FACE('',(#3548),#3554,.T.);
#3548 = FACE_BOUND('',#3549,.T.);
#3549 = EDGE_LOOP('',(#3550,#3551,#3552,#3553));
#3550 = ORIENTED_EDGE('',*,*,#3339,.F.);
#3551 = ORIENTED_EDGE('',*,*,#3536,.T.);
#3552 = ORIENTED_EDGE('',*,*,#3449,.T.);
#3553 = ORIENTED_EDGE('',*,*,#3377,.F.);
#3554 = PLANE('',#3555);
#3555 = AXIS2_PLACEMENT_3D('',#3556,#3557,#3558);
#3556 = CARTESIAN_POINT('',(0.25,0.134403742653,-3.301223703467));
#3557 = DIRECTION('',(9.136856246232E-17,0.760250805153,-0.64962967394)
  );
#3558 = DIRECTION('',(-1.,1.211454098155E-16,1.127308249542E-18));
#3559 = ( GEOMETRIC_REPRESENTATION_CONTEXT(3) 
GLOBAL_UNCERTAINTY_ASSIGNED_CONTEXT((#3563)) 
GLOBAL_UNIT_ASSIGNED_CONTEXT((#3560,#3561,#3562)) REPRESENTATION_CONTEXT
('Context #1','3D Context with UNIT and UNCERTAINTY') );
#3560 = ( LENGTH_UNIT() NAMED_UNIT(*) SI_UNIT(.MILLI.,.METRE.) );
#3561 = ( NAMED_UNIT(*) PLANE_ANGLE_UNIT() SI_UNIT($,.RADIAN.) );
#3562 = ( NAMED_UNIT(*) SI_UNIT($,.STERADIAN.) SOLID_ANGLE_UNIT() );
#3563 = UNCERTAINTY_MEASURE_WITH_UNIT(LENGTH_MEASURE(1.E-07),#3560,
  'distance_accuracy_value','confusion accuracy');
#3564 = CONTEXT_DEPENDENT_SHAPE_REPRESENTATION(#3565,#3567);
#3565 = ( REPRESENTATION_RELATIONSHIP('','',#64,#10) 
REPRESENTATION_RELATIONSHIP_WITH_TRANSFORMATION(#3566) 
SHAPE_REPRESENTATION_RELATIONSHIP() );
#3566 = ITEM_DEFINED_TRANSFORMATION('','',#11,#15);
#3567 = PRODUCT_DEFINITION_SHAPE('Placement','Placement of an item',
  #3568);
#3568 = NEXT_ASSEMBLY_USAGE_OCCURRENCE('1','J2','',#5,#59,$);
#3569 = PRODUCT_RELATED_PRODUCT_CATEGORY('part',$,(#61));
#3570 = SHAPE_DEFINITION_REPRESENTATION(#3571,#3577);
#3571 = PRODUCT_DEFINITION_SHAPE('','',#3572);
#3572 = PRODUCT_DEFINITION('design','',#3573,#3576);
#3573 = PRODUCT_DEFINITION_FORMATION('','',#3574);
#3574 = PRODUCT('LED_D5.0mm','LED_D5.0mm','',(#3575));
#3575 = PRODUCT_CONTEXT('',#2,'mechanical');
#3576 = PRODUCT_DEFINITION_CONTEXT('part definition',#2,'design');
#3577 = ADVANCED_BREP_SHAPE_REPRESENTATION('',(#11,#3578),#4003);
#3578 = MANIFOLD_SOLID_BREP('',#3579);
#3579 = CLOSED_SHELL('',(#3580,#3607,#3632,#3660,#3692,#3709,#3787,#3818
    ,#3842,#3866,#3883,#3914,#3938,#3962,#3979,#3991));
#3580 = ADVANCED_FACE('',(#3581),#3602,.T.);
#3581 = FACE_BOUND('',#3582,.T.);
#3582 = EDGE_LOOP('',(#3583,#3594,#3595));
#3583 = ORIENTED_EDGE('',*,*,#3584,.T.);
#3584 = EDGE_CURVE('',#3585,#3587,#3589,.T.);
#3585 = VERTEX_POINT('',#3586);
#3586 = CARTESIAN_POINT('',(3.72,6.095124405192E-15,9.15));
#3587 = VERTEX_POINT('',#3588);
#3588 = CARTESIAN_POINT('',(1.27,7.727152251391E-15,11.6));
#3589 = CIRCLE('',#3590,2.45);
#3590 = AXIS2_PLACEMENT_3D('',#3591,#3592,#3593);
#3591 = CARTESIAN_POINT('',(1.27,6.095124405192E-15,9.15));
#3592 = DIRECTION('',(0.,-1.,6.661338147751E-16));
#3593 = DIRECTION('',(1.,0.,0.));
#3594 = ORIENTED_EDGE('',*,*,#3584,.F.);
#3595 = ORIENTED_EDGE('',*,*,#3596,.F.);
#3596 = EDGE_CURVE('',#3585,#3585,#3597,.T.);
#3597 = CIRCLE('',#3598,2.45);
#3598 = AXIS2_PLACEMENT_3D('',#3599,#3600,#3601);
#3599 = CARTESIAN_POINT('',(1.27,4.063416270128E-15,9.15));
#3600 = DIRECTION('',(-5.585532782092E-47,-4.440892098501E-16,-1.));
#3601 = DIRECTION('',(1.,8.292686265567E-16,-3.68269249121E-31));
#3602 = SPHERICAL_SURFACE('',#3603,2.45);
#3603 = AXIS2_PLACEMENT_3D('',#3604,#3605,#3606);
#3604 = CARTESIAN_POINT('',(1.27,6.095124405192E-15,9.15));
#3605 = DIRECTION('',(0.,4.440892098501E-16,1.));
#3606 = DIRECTION('',(1.,1.394807543452E-15,-6.194189798646E-31));
#3607 = ADVANCED_FACE('',(#3608),#3627,.T.);
#3608 = FACE_BOUND('',#3609,.T.);
#3609 = EDGE_LOOP('',(#3610,#3618,#3619,#3620));
#3610 = ORIENTED_EDGE('',*,*,#3611,.F.);
#3611 = EDGE_CURVE('',#3585,#3612,#3614,.T.);
#3612 = VERTEX_POINT('',#3613);
#3613 = CARTESIAN_POINT('',(3.72,2.6645352591E-15,4.));
#3614 = LINE('',#3615,#3616);
#3615 = CARTESIAN_POINT('',(3.72,6.095124405192E-15,9.15));
#3616 = VECTOR('',#3617,1.);
#3617 = DIRECTION('',(0.,-6.661338147751E-16,-1.));
#3618 = ORIENTED_EDGE('',*,*,#3596,.T.);
#3619 = ORIENTED_EDGE('',*,*,#3611,.T.);
#3620 = ORIENTED_EDGE('',*,*,#3621,.F.);
#3621 = EDGE_CURVE('',#3612,#3612,#3622,.T.);
#3622 = CIRCLE('',#3623,2.45);
#3623 = AXIS2_PLACEMENT_3D('',#3624,#3625,#3626);
#3624 = CARTESIAN_POINT('',(1.27,1.7763568394E-15,4.));
#3625 = DIRECTION('',(-2.681055735445E-47,-4.440892098501E-16,-1.));
#3626 = DIRECTION('',(1.,3.625218039592E-16,-1.609920214737E-31));
#3627 = CYLINDRICAL_SURFACE('',#3628,2.45);
#3628 = AXIS2_PLACEMENT_3D('',#3629,#3630,#3631);
#3629 = CARTESIAN_POINT('',(1.27,4.063416270128E-15,9.15));
#3630 = DIRECTION('',(0.,-4.440892098501E-16,-1.));
#3631 = DIRECTION('',(1.,8.292686265567E-16,-3.68269249121E-31));
#3632 = ADVANCED_FACE('',(#3633,#3652),#3655,.F.);
#3633 = FACE_BOUND('',#3634,.F.);
#3634 = EDGE_LOOP('',(#3635,#3646));
#3635 = ORIENTED_EDGE('',*,*,#3636,.F.);
#3636 = EDGE_CURVE('',#3637,#3639,#3641,.T.);
#3637 = VERTEX_POINT('',#3638);
#3638 = CARTESIAN_POINT('',(-1.229999999999,-1.46969384567,4.));
#3639 = VERTEX_POINT('',#3640);
#3640 = CARTESIAN_POINT('',(-1.23,1.469693845669,4.));
#3641 = CIRCLE('',#3642,2.9);
#3642 = AXIS2_PLACEMENT_3D('',#3643,#3644,#3645);
#3643 = CARTESIAN_POINT('',(1.27,0.,4.));
#3644 = DIRECTION('',(0.,0.,1.));
#3645 = DIRECTION('',(1.,0.,-0.));
#3646 = ORIENTED_EDGE('',*,*,#3647,.T.);
#3647 = EDGE_CURVE('',#3637,#3639,#3648,.T.);
#3648 = LINE('',#3649,#3650);
#3649 = CARTESIAN_POINT('',(-1.229999999999,-1.46969384567,4.));
#3650 = VECTOR('',#3651,1.);
#3651 = DIRECTION('',(0.,1.,0.));
#3652 = FACE_BOUND('',#3653,.F.);
#3653 = EDGE_LOOP('',(#3654));
#3654 = ORIENTED_EDGE('',*,*,#3621,.F.);
#3655 = PLANE('',#3656);
#3656 = AXIS2_PLACEMENT_3D('',#3657,#3658,#3659);
#3657 = CARTESIAN_POINT('',(-1.229999999999,-1.469693845671,4.));
#3658 = DIRECTION('',(0.,0.,-1.));
#3659 = DIRECTION('',(-1.,0.,0.));
#3660 = ADVANCED_FACE('',(#3661),#3687,.T.);
#3661 = FACE_BOUND('',#3662,.T.);
#3662 = EDGE_LOOP('',(#3663,#3674,#3680,#3681));
#3663 = ORIENTED_EDGE('',*,*,#3664,.T.);
#3664 = EDGE_CURVE('',#3665,#3667,#3669,.T.);
#3665 = VERTEX_POINT('',#3666);
#3666 = CARTESIAN_POINT('',(-1.229999999999,-1.46969384567,3.));
#3667 = VERTEX_POINT('',#3668);
#3668 = CARTESIAN_POINT('',(-1.23,1.469693845669,3.));
#3669 = CIRCLE('',#3670,2.9);
#3670 = AXIS2_PLACEMENT_3D('',#3671,#3672,#3673);
#3671 = CARTESIAN_POINT('',(1.27,0.,3.));
#3672 = DIRECTION('',(0.,0.,1.));
#3673 = DIRECTION('',(1.,0.,-0.));
#3674 = ORIENTED_EDGE('',*,*,#3675,.T.);
#3675 = EDGE_CURVE('',#3667,#3639,#3676,.T.);
#3676 = LINE('',#3677,#3678);
#3677 = CARTESIAN_POINT('',(-1.23,1.469693845669,3.));
#3678 = VECTOR('',#3679,1.);
#3679 = DIRECTION('',(0.,0.,1.));
#3680 = ORIENTED_EDGE('',*,*,#3636,.F.);
#3681 = ORIENTED_EDGE('',*,*,#3682,.F.);
#3682 = EDGE_CURVE('',#3665,#3637,#3683,.T.);
#3683 = LINE('',#3684,#3685);
#3684 = CARTESIAN_POINT('',(-1.229999999999,-1.46969384567,3.));
#3685 = VECTOR('',#3686,1.);
#3686 = DIRECTION('',(0.,0.,1.));
#3687 = CYLINDRICAL_SURFACE('',#3688,2.9);
#3688 = AXIS2_PLACEMENT_3D('',#3689,#3690,#3691);
#3689 = CARTESIAN_POINT('',(1.27,0.,3.));
#3690 = DIRECTION('',(-0.,-0.,-1.));
#3691 = DIRECTION('',(1.,0.,0.));
#3692 = ADVANCED_FACE('',(#3693),#3704,.T.);
#3693 = FACE_BOUND('',#3694,.T.);
#3694 = EDGE_LOOP('',(#3695,#3696,#3697,#3698));
#3695 = ORIENTED_EDGE('',*,*,#3682,.T.);
#3696 = ORIENTED_EDGE('',*,*,#3647,.T.);
#3697 = ORIENTED_EDGE('',*,*,#3675,.F.);
#3698 = ORIENTED_EDGE('',*,*,#3699,.F.);
#3699 = EDGE_CURVE('',#3665,#3667,#3700,.T.);
#3700 = LINE('',#3701,#3702);
#3701 = CARTESIAN_POINT('',(-1.229999999999,-1.46969384567,3.));
#3702 = VECTOR('',#3703,1.);
#3703 = DIRECTION('',(0.,1.,0.));
#3704 = PLANE('',#3705);
#3705 = AXIS2_PLACEMENT_3D('',#3706,#3707,#3708);
#3706 = CARTESIAN_POINT('',(-1.229999999999,-1.46969384567,3.));
#3707 = DIRECTION('',(-1.,0.,0.));
#3708 = DIRECTION('',(0.,1.,0.));
#3709 = ADVANCED_FACE('',(#3710,#3714,#3748),#3782,.T.);
#3710 = FACE_BOUND('',#3711,.T.);
#3711 = EDGE_LOOP('',(#3712,#3713));
#3712 = ORIENTED_EDGE('',*,*,#3664,.F.);
#3713 = ORIENTED_EDGE('',*,*,#3699,.T.);
#3714 = FACE_BOUND('',#3715,.T.);
#3715 = EDGE_LOOP('',(#3716,#3726,#3734,#3742));
#3716 = ORIENTED_EDGE('',*,*,#3717,.T.);
#3717 = EDGE_CURVE('',#3718,#3720,#3722,.T.);
#3718 = VERTEX_POINT('',#3719);
#3719 = CARTESIAN_POINT('',(-0.2,-0.2,3.));
#3720 = VERTEX_POINT('',#3721);
#3721 = CARTESIAN_POINT('',(0.2,-0.2,3.));
#3722 = LINE('',#3723,#3724);
#3723 = CARTESIAN_POINT('',(-0.515,-0.2,3.));
#3724 = VECTOR('',#3725,1.);
#3725 = DIRECTION('',(1.,0.,0.));
#3726 = ORIENTED_EDGE('',*,*,#3727,.T.);
#3727 = EDGE_CURVE('',#3720,#3728,#3730,.T.);
#3728 = VERTEX_POINT('',#3729);
#3729 = CARTESIAN_POINT('',(0.2,0.2,3.));
#3730 = LINE('',#3731,#3732);
#3731 = CARTESIAN_POINT('',(0.2,-0.634846922835,3.));
#3732 = VECTOR('',#3733,1.);
#3733 = DIRECTION('',(0.,1.,0.));
#3734 = ORIENTED_EDGE('',*,*,#3735,.T.);
#3735 = EDGE_CURVE('',#3728,#3736,#3738,.T.);
#3736 = VERTEX_POINT('',#3737);
#3737 = CARTESIAN_POINT('',(-0.2,0.2,3.));
#3738 = LINE('',#3739,#3740);
#3739 = CARTESIAN_POINT('',(-0.715,0.2,3.));
#3740 = VECTOR('',#3741,1.);
#3741 = DIRECTION('',(-1.,-0.,-0.));
#3742 = ORIENTED_EDGE('',*,*,#3743,.T.);
#3743 = EDGE_CURVE('',#3736,#3718,#3744,.T.);
#3744 = LINE('',#3745,#3746);
#3745 = CARTESIAN_POINT('',(-0.2,-0.834846922835,3.));
#3746 = VECTOR('',#3747,1.);
#3747 = DIRECTION('',(0.,-1.,0.));
#3748 = FACE_BOUND('',#3749,.T.);
#3749 = EDGE_LOOP('',(#3750,#3760,#3768,#3776));
#3750 = ORIENTED_EDGE('',*,*,#3751,.T.);
#3751 = EDGE_CURVE('',#3752,#3754,#3756,.T.);
#3752 = VERTEX_POINT('',#3753);
#3753 = CARTESIAN_POINT('',(2.34,0.2,3.));
#3754 = VERTEX_POINT('',#3755);
#3755 = CARTESIAN_POINT('',(2.34,-0.2,3.));
#3756 = LINE('',#3757,#3758);
#3757 = CARTESIAN_POINT('',(2.34,-0.834846922835,3.));
#3758 = VECTOR('',#3759,1.);
#3759 = DIRECTION('',(0.,-1.,0.));
#3760 = ORIENTED_EDGE('',*,*,#3761,.T.);
#3761 = EDGE_CURVE('',#3754,#3762,#3764,.T.);
#3762 = VERTEX_POINT('',#3763);
#3763 = CARTESIAN_POINT('',(2.74,-0.2,3.));
#3764 = LINE('',#3765,#3766);
#3765 = CARTESIAN_POINT('',(0.755,-0.2,3.));
#3766 = VECTOR('',#3767,1.);
#3767 = DIRECTION('',(1.,0.,0.));
#3768 = ORIENTED_EDGE('',*,*,#3769,.T.);
#3769 = EDGE_CURVE('',#3762,#3770,#3772,.T.);
#3770 = VERTEX_POINT('',#3771);
#3771 = CARTESIAN_POINT('',(2.74,0.2,3.));
#3772 = LINE('',#3773,#3774);
#3773 = CARTESIAN_POINT('',(2.74,-0.634846922835,3.));
#3774 = VECTOR('',#3775,1.);
#3775 = DIRECTION('',(0.,1.,0.));
#3776 = ORIENTED_EDGE('',*,*,#3777,.T.);
#3777 = EDGE_CURVE('',#3770,#3752,#3778,.T.);
#3778 = LINE('',#3779,#3780);
#3779 = CARTESIAN_POINT('',(0.555,0.2,3.));
#3780 = VECTOR('',#3781,1.);
#3781 = DIRECTION('',(-1.,-0.,-0.));
#3782 = PLANE('',#3783);
#3783 = AXIS2_PLACEMENT_3D('',#3784,#3785,#3786);
#3784 = CARTESIAN_POINT('',(-1.229999999999,-1.469693845671,3.));
#3785 = DIRECTION('',(0.,0.,-1.));
#3786 = DIRECTION('',(-1.,0.,0.));
#3787 = ADVANCED_FACE('',(#3788),#3813,.F.);
#3788 = FACE_BOUND('',#3789,.F.);
#3789 = EDGE_LOOP('',(#3790,#3791,#3799,#3807));
#3790 = ORIENTED_EDGE('',*,*,#3717,.T.);
#3791 = ORIENTED_EDGE('',*,*,#3792,.T.);
#3792 = EDGE_CURVE('',#3720,#3793,#3795,.T.);
#3793 = VERTEX_POINT('',#3794);
#3794 = CARTESIAN_POINT('',(0.2,-0.2,-2.5));
#3795 = LINE('',#3796,#3797);
#3796 = CARTESIAN_POINT('',(0.2,-0.2,3.5));
#3797 = VECTOR('',#3798,1.);
#3798 = DIRECTION('',(-0.,-0.,-1.));
#3799 = ORIENTED_EDGE('',*,*,#3800,.T.);
#3800 = EDGE_CURVE('',#3793,#3801,#3803,.T.);
#3801 = VERTEX_POINT('',#3802);
#3802 = CARTESIAN_POINT('',(-0.2,-0.2,-2.5));
#3803 = LINE('',#3804,#3805);
#3804 = CARTESIAN_POINT('',(0.2,-0.2,-2.5));
#3805 = VECTOR('',#3806,1.);
#3806 = DIRECTION('',(-1.,0.,0.));
#3807 = ORIENTED_EDGE('',*,*,#3808,.F.);
#3808 = EDGE_CURVE('',#3718,#3801,#3809,.T.);
#3809 = LINE('',#3810,#3811);
#3810 = CARTESIAN_POINT('',(-0.2,-0.2,3.5));
#3811 = VECTOR('',#3812,1.);
#3812 = DIRECTION('',(-0.,-0.,-1.));
#3813 = PLANE('',#3814);
#3814 = AXIS2_PLACEMENT_3D('',#3815,#3816,#3817);
#3815 = CARTESIAN_POINT('',(0.2,-0.2,3.5));
#3816 = DIRECTION('',(0.,1.,0.));
#3817 = DIRECTION('',(-1.,0.,0.));
#3818 = ADVANCED_FACE('',(#3819),#3837,.F.);
#3819 = FACE_BOUND('',#3820,.F.);
#3820 = EDGE_LOOP('',(#3821,#3822,#3823,#3831));
#3821 = ORIENTED_EDGE('',*,*,#3743,.T.);
#3822 = ORIENTED_EDGE('',*,*,#3808,.T.);
#3823 = ORIENTED_EDGE('',*,*,#3824,.T.);
#3824 = EDGE_CURVE('',#3801,#3825,#3827,.T.);
#3825 = VERTEX_POINT('',#3826);
#3826 = CARTESIAN_POINT('',(-0.2,0.2,-2.5));
#3827 = LINE('',#3828,#3829);
#3828 = CARTESIAN_POINT('',(-0.2,-0.2,-2.5));
#3829 = VECTOR('',#3830,1.);
#3830 = DIRECTION('',(0.,1.,0.));
#3831 = ORIENTED_EDGE('',*,*,#3832,.F.);
#3832 = EDGE_CURVE('',#3736,#3825,#3833,.T.);
#3833 = LINE('',#3834,#3835);
#3834 = CARTESIAN_POINT('',(-0.2,0.2,3.5));
#3835 = VECTOR('',#3836,1.);
#3836 = DIRECTION('',(-0.,-0.,-1.));
#3837 = PLANE('',#3838);
#3838 = AXIS2_PLACEMENT_3D('',#3839,#3840,#3841);
#3839 = CARTESIAN_POINT('',(-0.2,-0.2,3.5));
#3840 = DIRECTION('',(1.,0.,0.));
#3841 = DIRECTION('',(-0.,1.,0.));
#3842 = ADVANCED_FACE('',(#3843),#3861,.F.);
#3843 = FACE_BOUND('',#3844,.F.);
#3844 = EDGE_LOOP('',(#3845,#3846,#3847,#3855));
#3845 = ORIENTED_EDGE('',*,*,#3735,.T.);
#3846 = ORIENTED_EDGE('',*,*,#3832,.T.);
#3847 = ORIENTED_EDGE('',*,*,#3848,.T.);
#3848 = EDGE_CURVE('',#3825,#3849,#3851,.T.);
#3849 = VERTEX_POINT('',#3850);
#3850 = CARTESIAN_POINT('',(0.2,0.2,-2.5));
#3851 = LINE('',#3852,#3853);
#3852 = CARTESIAN_POINT('',(-0.2,0.2,-2.5));
#3853 = VECTOR('',#3854,1.);
#3854 = DIRECTION('',(1.,0.,0.));
#3855 = ORIENTED_EDGE('',*,*,#3856,.F.);
#3856 = EDGE_CURVE('',#3728,#3849,#3857,.T.);
#3857 = LINE('',#3858,#3859);
#3858 = CARTESIAN_POINT('',(0.2,0.2,3.5));
#3859 = VECTOR('',#3860,1.);
#3860 = DIRECTION('',(-0.,-0.,-1.));
#3861 = PLANE('',#3862);
#3862 = AXIS2_PLACEMENT_3D('',#3863,#3864,#3865);
#3863 = CARTESIAN_POINT('',(-0.2,0.2,3.5));
#3864 = DIRECTION('',(0.,-1.,0.));
#3865 = DIRECTION('',(1.,0.,0.));
#3866 = ADVANCED_FACE('',(#3867),#3878,.F.);
#3867 = FACE_BOUND('',#3868,.F.);
#3868 = EDGE_LOOP('',(#3869,#3870,#3871,#3877));
#3869 = ORIENTED_EDGE('',*,*,#3727,.T.);
#3870 = ORIENTED_EDGE('',*,*,#3856,.T.);
#3871 = ORIENTED_EDGE('',*,*,#3872,.T.);
#3872 = EDGE_CURVE('',#3849,#3793,#3873,.T.);
#3873 = LINE('',#3874,#3875);
#3874 = CARTESIAN_POINT('',(0.2,0.2,-2.5));
#3875 = VECTOR('',#3876,1.);
#3876 = DIRECTION('',(0.,-1.,0.));
#3877 = ORIENTED_EDGE('',*,*,#3792,.F.);
#3878 = PLANE('',#3879);
#3879 = AXIS2_PLACEMENT_3D('',#3880,#3881,#3882);
#3880 = CARTESIAN_POINT('',(0.2,0.2,3.5));
#3881 = DIRECTION('',(-1.,0.,0.));
#3882 = DIRECTION('',(0.,-1.,0.));
#3883 = ADVANCED_FACE('',(#3884),#3909,.F.);
#3884 = FACE_BOUND('',#3885,.F.);
#3885 = EDGE_LOOP('',(#3886,#3887,#3895,#3903));
#3886 = ORIENTED_EDGE('',*,*,#3751,.T.);
#3887 = ORIENTED_EDGE('',*,*,#3888,.T.);
#3888 = EDGE_CURVE('',#3754,#3889,#3891,.T.);
#3889 = VERTEX_POINT('',#3890);
#3890 = CARTESIAN_POINT('',(2.34,-0.2,-2.5));
#3891 = LINE('',#3892,#3893);
#3892 = CARTESIAN_POINT('',(2.34,-0.2,3.5));
#3893 = VECTOR('',#3894,1.);
#3894 = DIRECTION('',(-0.,-0.,-1.));
#3895 = ORIENTED_EDGE('',*,*,#3896,.T.);
#3896 = EDGE_CURVE('',#3889,#3897,#3899,.T.);
#3897 = VERTEX_POINT('',#3898);
#3898 = CARTESIAN_POINT('',(2.34,0.2,-2.5));
#3899 = LINE('',#3900,#3901);
#3900 = CARTESIAN_POINT('',(2.34,-0.2,-2.5));
#3901 = VECTOR('',#3902,1.);
#3902 = DIRECTION('',(0.,1.,0.));
#3903 = ORIENTED_EDGE('',*,*,#3904,.F.);
#3904 = EDGE_CURVE('',#3752,#3897,#3905,.T.);
#3905 = LINE('',#3906,#3907);
#3906 = CARTESIAN_POINT('',(2.34,0.2,3.5));
#3907 = VECTOR('',#3908,1.);
#3908 = DIRECTION('',(-0.,-0.,-1.));
#3909 = PLANE('',#3910);
#3910 = AXIS2_PLACEMENT_3D('',#3911,#3912,#3913);
#3911 = CARTESIAN_POINT('',(2.34,-0.2,3.5));
#3912 = DIRECTION('',(1.,0.,0.));
#3913 = DIRECTION('',(-0.,1.,0.));
#3914 = ADVANCED_FACE('',(#3915),#3933,.F.);
#3915 = FACE_BOUND('',#3916,.F.);
#3916 = EDGE_LOOP('',(#3917,#3918,#3919,#3927));
#3917 = ORIENTED_EDGE('',*,*,#3777,.T.);
#3918 = ORIENTED_EDGE('',*,*,#3904,.T.);
#3919 = ORIENTED_EDGE('',*,*,#3920,.T.);
#3920 = EDGE_CURVE('',#3897,#3921,#3923,.T.);
#3921 = VERTEX_POINT('',#3922);
#3922 = CARTESIAN_POINT('',(2.74,0.2,-2.5));
#3923 = LINE('',#3924,#3925);
#3924 = CARTESIAN_POINT('',(2.34,0.2,-2.5));
#3925 = VECTOR('',#3926,1.);
#3926 = DIRECTION('',(1.,0.,0.));
#3927 = ORIENTED_EDGE('',*,*,#3928,.F.);
#3928 = EDGE_CURVE('',#3770,#3921,#3929,.T.);
#3929 = LINE('',#3930,#3931);
#3930 = CARTESIAN_POINT('',(2.74,0.2,3.5));
#3931 = VECTOR('',#3932,1.);
#3932 = DIRECTION('',(-0.,-0.,-1.));
#3933 = PLANE('',#3934);
#3934 = AXIS2_PLACEMENT_3D('',#3935,#3936,#3937);
#3935 = CARTESIAN_POINT('',(2.34,0.2,3.5));
#3936 = DIRECTION('',(0.,-1.,0.));
#3937 = DIRECTION('',(1.,0.,0.));
#3938 = ADVANCED_FACE('',(#3939),#3957,.F.);
#3939 = FACE_BOUND('',#3940,.F.);
#3940 = EDGE_LOOP('',(#3941,#3942,#3943,#3951));
#3941 = ORIENTED_EDGE('',*,*,#3769,.T.);
#3942 = ORIENTED_EDGE('',*,*,#3928,.T.);
#3943 = ORIENTED_EDGE('',*,*,#3944,.T.);
#3944 = EDGE_CURVE('',#3921,#3945,#3947,.T.);
#3945 = VERTEX_POINT('',#3946);
#3946 = CARTESIAN_POINT('',(2.74,-0.2,-2.5));
#3947 = LINE('',#3948,#3949);
#3948 = CARTESIAN_POINT('',(2.74,0.2,-2.5));
#3949 = VECTOR('',#3950,1.);
#3950 = DIRECTION('',(0.,-1.,0.));
#3951 = ORIENTED_EDGE('',*,*,#3952,.F.);
#3952 = EDGE_CURVE('',#3762,#3945,#3953,.T.);
#3953 = LINE('',#3954,#3955);
#3954 = CARTESIAN_POINT('',(2.74,-0.2,3.5));
#3955 = VECTOR('',#3956,1.);
#3956 = DIRECTION('',(-0.,-0.,-1.));
#3957 = PLANE('',#3958);
#3958 = AXIS2_PLACEMENT_3D('',#3959,#3960,#3961);
#3959 = CARTESIAN_POINT('',(2.74,0.2,3.5));
#3960 = DIRECTION('',(-1.,0.,0.));
#3961 = DIRECTION('',(0.,-1.,0.));
#3962 = ADVANCED_FACE('',(#3963),#3974,.F.);
#3963 = FACE_BOUND('',#3964,.F.);
#3964 = EDGE_LOOP('',(#3965,#3966,#3967,#3973));
#3965 = ORIENTED_EDGE('',*,*,#3761,.T.);
#3966 = ORIENTED_EDGE('',*,*,#3952,.T.);
#3967 = ORIENTED_EDGE('',*,*,#3968,.T.);
#3968 = EDGE_CURVE('',#3945,#3889,#3969,.T.);
#3969 = LINE('',#3970,#3971);
#3970 = CARTESIAN_POINT('',(2.74,-0.2,-2.5));
#3971 = VECTOR('',#3972,1.);
#3972 = DIRECTION('',(-1.,0.,0.));
#3973 = ORIENTED_EDGE('',*,*,#3888,.F.);
#3974 = PLANE('',#3975);
#3975 = AXIS2_PLACEMENT_3D('',#3976,#3977,#3978);
#3976 = CARTESIAN_POINT('',(2.74,-0.2,3.5));
#3977 = DIRECTION('',(0.,1.,0.));
#3978 = DIRECTION('',(-1.,0.,0.));
#3979 = ADVANCED_FACE('',(#3980),#3986,.F.);
#3980 = FACE_BOUND('',#3981,.T.);
#3981 = EDGE_LOOP('',(#3982,#3983,#3984,#3985));
#3982 = ORIENTED_EDGE('',*,*,#3848,.T.);
#3983 = ORIENTED_EDGE('',*,*,#3872,.T.);
#3984 = ORIENTED_EDGE('',*,*,#3800,.T.);
#3985 = ORIENTED_EDGE('',*,*,#3824,.T.);
#3986 = PLANE('',#3987);
#3987 = AXIS2_PLACEMENT_3D('',#3988,#3989,#3990);
#3988 = CARTESIAN_POINT('',(-0.2,0.2,-2.5));
#3989 = DIRECTION('',(0.,0.,1.));
#3990 = DIRECTION('',(1.,0.,-0.));
#3991 = ADVANCED_FACE('',(#3992),#3998,.F.);
#3992 = FACE_BOUND('',#3993,.T.);
#3993 = EDGE_LOOP('',(#3994,#3995,#3996,#3997));
#3994 = ORIENTED_EDGE('',*,*,#3920,.T.);
#3995 = ORIENTED_EDGE('',*,*,#3944,.T.);
#3996 = ORIENTED_EDGE('',*,*,#3968,.T.);
#3997 = ORIENTED_EDGE('',*,*,#3896,.T.);
#3998 = PLANE('',#3999);
#3999 = AXIS2_PLACEMENT_3D('',#4000,#4001,#4002);
#4000 = CARTESIAN_POINT('',(2.34,0.2,-2.5));
#4001 = DIRECTION('',(0.,0.,1.));
#4002 = DIRECTION('',(1.,0.,-0.));
#4003 = ( GEOMETRIC_REPRESENTATION_CONTEXT(3) 
GLOBAL_UNCERTAINTY_ASSIGNED_CONTEXT((#4007)) 
GLOBAL_UNIT_ASSIGNED_CONTEXT((#4004,#4005,#4006)) REPRESENTATION_CONTEXT
('Context #1','3D Context with UNIT and UNCERTAINTY') );
#4004 = ( LENGTH_UNIT() NAMED_UNIT(*) SI_UNIT(.MILLI.,.METRE.) );
#4005 = ( NAMED_UNIT(*) PLANE_ANGLE_UNIT() SI_UNIT($,.RADIAN.) );
#4006 = ( NAMED_UNIT(*) SI_UNIT($,.STERADIAN.) SOLID_ANGLE_UNIT() );
#4007 = UNCERTAINTY_MEASURE_WITH_UNIT(LENGTH_MEASURE(1.E-07),#4004,
  'distance_accuracy_value','confusion accuracy');
#4008 = CONTEXT_DEPENDENT_SHAPE_REPRESENTATION(#4009,#4011);
#4009 = ( REPRESENTATION_RELATIONSHIP('','',#3577,#10) 
REPRESENTATION_RELATIONSHIP_WITH_TRANSFORMATION(#4010) 
SHAPE_REPRESENTATION_RELATIONSHIP() );
#4010 = ITEM_DEFINED_TRANSFORMATION('','',#11,#19);
#4011 = PRODUCT_DEFINITION_SHAPE('Placement','Placement of an item',
  #4012);
#4012 = NEXT_ASSEMBLY_USAGE_OCCURRENCE('2','D1','',#5,#3572,$);
#4013 = PRODUCT_RELATED_PRODUCT_CATEGORY('part',$,(#3574));
#4014 = SHAPE_DEFINITION_REPRESENTATION(#4015,#4021);
#4015 = PRODUCT_DEFINITION_SHAPE('','',#4016);
#4016 = PRODUCT_DEFINITION('design','',#4017,#4020);
#4017 = PRODUCT_DEFINITION_FORMATION('','',#4018);
#4018 = PRODUCT('PinSocket_1x03_P2.54mm_Vertical',
  'PinSocket_1x03_P2.54mm_Vertical','',(#4019));
#4019 = PRODUCT_CONTEXT('',#2,'mechanical');
#4020 = PRODUCT_DEFINITION_CONTEXT('part definition',#2,'design');
#4021 = ADVANCED_BREP_SHAPE_REPRESENTATION('',(#11,#4022),#6632);
#4022 = MANIFOLD_SOLID_BREP('',#4023);
#4023 = CLOSED_SHELL('',(#4024,#4064,#4127,#4190,#4207,#4326,#4348,#4365
    ,#4580,#4592,#4604,#4635,#4659,#4683,#4700,#4731,#4755,#4779,#4796,
    #4827,#4851,#4875,#4892,#4909,#4956,#4973,#5020,#5037,#5084,#5101,
    #5148,#5165,#5212,#5229,#5276,#5307,#5363,#5387,#5436,#5467,#5523,
    #5547,#5596,#5627,#5683,#5707,#5756,#5773,#5790,#5807,#5824,#5836,
    #5853,#5870,#5887,#5904,#5916,#5933,#5950,#5967,#5984,#5996,#6013,
    #6030,#6079,#6103,#6145,#6162,#6179,#6196,#6245,#6269,#6311,#6328,
    #6345,#6362,#6411,#6435,#6477,#6494,#6511,#6528,#6540,#6557,#6574,
    #6586,#6603,#6620));
#4024 = ADVANCED_FACE('',(#4025),#4059,.F.);
#4025 = FACE_BOUND('',#4026,.F.);
#4026 = EDGE_LOOP('',(#4027,#4037,#4045,#4053));
#4027 = ORIENTED_EDGE('',*,*,#4028,.T.);
#4028 = EDGE_CURVE('',#4029,#4031,#4033,.T.);
#4029 = VERTEX_POINT('',#4030);
#4030 = CARTESIAN_POINT('',(1.27,-6.35,0.));
#4031 = VERTEX_POINT('',#4032);
#4032 = CARTESIAN_POINT('',(1.27,-6.35,8.5));
#4033 = LINE('',#4034,#4035);
#4034 = CARTESIAN_POINT('',(1.27,-6.35,0.));
#4035 = VECTOR('',#4036,1.);
#4036 = DIRECTION('',(0.,0.,1.));
#4037 = ORIENTED_EDGE('',*,*,#4038,.T.);
#4038 = EDGE_CURVE('',#4031,#4039,#4041,.T.);
#4039 = VERTEX_POINT('',#4040);
#4040 = CARTESIAN_POINT('',(1.27,1.27,8.5));
#4041 = LINE('',#4042,#4043);
#4042 = CARTESIAN_POINT('',(1.27,-6.35,8.5));
#4043 = VECTOR('',#4044,1.);
#4044 = DIRECTION('',(1.110223024625E-16,1.,0.));
#4045 = ORIENTED_EDGE('',*,*,#4046,.F.);
#4046 = EDGE_CURVE('',#4047,#4039,#4049,.T.);
#4047 = VERTEX_POINT('',#4048);
#4048 = CARTESIAN_POINT('',(1.27,1.27,0.));
#4049 = LINE('',#4050,#4051);
#4050 = CARTESIAN_POINT('',(1.27,1.27,0.));
#4051 = VECTOR('',#4052,1.);
#4052 = DIRECTION('',(0.,0.,1.));
#4053 = ORIENTED_EDGE('',*,*,#4054,.F.);
#4054 = EDGE_CURVE('',#4029,#4047,#4055,.T.);
#4055 = LINE('',#4056,#4057);
#4056 = CARTESIAN_POINT('',(1.27,-6.35,0.));
#4057 = VECTOR('',#4058,1.);
#4058 = DIRECTION('',(1.110223024625E-16,1.,0.));
#4059 = PLANE('',#4060);
#4060 = AXIS2_PLACEMENT_3D('',#4061,#4062,#4063);
#4061 = CARTESIAN_POINT('',(1.27,-6.35,0.));
#4062 = DIRECTION('',(-1.,1.110223024625E-16,0.));
#4063 = DIRECTION('',(1.110223024625E-16,1.,0.));
#4064 = ADVANCED_FACE('',(#4065),#4122,.F.);
#4065 = FACE_BOUND('',#4066,.F.);
#4066 = EDGE_LOOP('',(#4067,#4077,#4085,#4091,#4092,#4100,#4108,#4116));
#4067 = ORIENTED_EDGE('',*,*,#4068,.F.);
#4068 = EDGE_CURVE('',#4069,#4071,#4073,.T.);
#4069 = VERTEX_POINT('',#4070);
#4070 = CARTESIAN_POINT('',(-1.27,-6.35,0.));
#4071 = VERTEX_POINT('',#4072);
#4072 = CARTESIAN_POINT('',(-0.846666666667,-6.35,0.));
#4073 = LINE('',#4074,#4075);
#4074 = CARTESIAN_POINT('',(-1.27,-6.35,0.));
#4075 = VECTOR('',#4076,1.);
#4076 = DIRECTION('',(1.,-1.110223024625E-16,0.));
#4077 = ORIENTED_EDGE('',*,*,#4078,.T.);
#4078 = EDGE_CURVE('',#4069,#4079,#4081,.T.);
#4079 = VERTEX_POINT('',#4080);
#4080 = CARTESIAN_POINT('',(-1.27,-6.35,8.5));
#4081 = LINE('',#4082,#4083);
#4082 = CARTESIAN_POINT('',(-1.27,-6.35,0.));
#4083 = VECTOR('',#4084,1.);
#4084 = DIRECTION('',(0.,0.,1.));
#4085 = ORIENTED_EDGE('',*,*,#4086,.T.);
#4086 = EDGE_CURVE('',#4079,#4031,#4087,.T.);
#4087 = LINE('',#4088,#4089);
#4088 = CARTESIAN_POINT('',(-1.27,-6.35,8.5));
#4089 = VECTOR('',#4090,1.);
#4090 = DIRECTION('',(1.,-1.110223024625E-16,0.));
#4091 = ORIENTED_EDGE('',*,*,#4028,.F.);
#4092 = ORIENTED_EDGE('',*,*,#4093,.F.);
#4093 = EDGE_CURVE('',#4094,#4029,#4096,.T.);
#4094 = VERTEX_POINT('',#4095);
#4095 = CARTESIAN_POINT('',(0.846666666667,-6.35,0.));
#4096 = LINE('',#4097,#4098);
#4097 = CARTESIAN_POINT('',(-1.27,-6.35,0.));
#4098 = VECTOR('',#4099,1.);
#4099 = DIRECTION('',(1.,-1.110223024625E-16,0.));
#4100 = ORIENTED_EDGE('',*,*,#4101,.T.);
#4101 = EDGE_CURVE('',#4094,#4102,#4104,.T.);
#4102 = VERTEX_POINT('',#4103);
#4103 = CARTESIAN_POINT('',(0.846666666667,-6.35,0.2));
#4104 = LINE('',#4105,#4106);
#4105 = CARTESIAN_POINT('',(0.846666666667,-6.35,0.));
#4106 = VECTOR('',#4107,1.);
#4107 = DIRECTION('',(0.,0.,1.));
#4108 = ORIENTED_EDGE('',*,*,#4109,.F.);
#4109 = EDGE_CURVE('',#4110,#4102,#4112,.T.);
#4110 = VERTEX_POINT('',#4111);
#4111 = CARTESIAN_POINT('',(-0.846666666667,-6.35,0.2));
#4112 = LINE('',#4113,#4114);
#4113 = CARTESIAN_POINT('',(-0.846666666667,-6.35,0.2));
#4114 = VECTOR('',#4115,1.);
#4115 = DIRECTION('',(1.,-1.110223024625E-16,0.));
#4116 = ORIENTED_EDGE('',*,*,#4117,.F.);
#4117 = EDGE_CURVE('',#4071,#4110,#4118,.T.);
#4118 = LINE('',#4119,#4120);
#4119 = CARTESIAN_POINT('',(-0.846666666667,-6.35,0.));
#4120 = VECTOR('',#4121,1.);
#4121 = DIRECTION('',(0.,0.,1.));
#4122 = PLANE('',#4123);
#4123 = AXIS2_PLACEMENT_3D('',#4124,#4125,#4126);
#4124 = CARTESIAN_POINT('',(-1.27,-6.35,0.));
#4125 = DIRECTION('',(1.110223024625E-16,1.,0.));
#4126 = DIRECTION('',(1.,-1.110223024625E-16,0.));
#4127 = ADVANCED_FACE('',(#4128),#4185,.F.);
#4128 = FACE_BOUND('',#4129,.F.);
#4129 = EDGE_LOOP('',(#4130,#4138,#4139,#4147,#4155,#4163,#4171,#4179));
#4130 = ORIENTED_EDGE('',*,*,#4131,.F.);
#4131 = EDGE_CURVE('',#4047,#4132,#4134,.T.);
#4132 = VERTEX_POINT('',#4133);
#4133 = CARTESIAN_POINT('',(0.846666666667,1.27,0.));
#4134 = LINE('',#4135,#4136);
#4135 = CARTESIAN_POINT('',(1.27,1.27,0.));
#4136 = VECTOR('',#4137,1.);
#4137 = DIRECTION('',(-1.,1.110223024625E-16,0.));
#4138 = ORIENTED_EDGE('',*,*,#4046,.T.);
#4139 = ORIENTED_EDGE('',*,*,#4140,.T.);
#4140 = EDGE_CURVE('',#4039,#4141,#4143,.T.);
#4141 = VERTEX_POINT('',#4142);
#4142 = CARTESIAN_POINT('',(-1.27,1.27,8.5));
#4143 = LINE('',#4144,#4145);
#4144 = CARTESIAN_POINT('',(1.27,1.27,8.5));
#4145 = VECTOR('',#4146,1.);
#4146 = DIRECTION('',(-1.,1.110223024625E-16,0.));
#4147 = ORIENTED_EDGE('',*,*,#4148,.F.);
#4148 = EDGE_CURVE('',#4149,#4141,#4151,.T.);
#4149 = VERTEX_POINT('',#4150);
#4150 = CARTESIAN_POINT('',(-1.27,1.27,0.));
#4151 = LINE('',#4152,#4153);
#4152 = CARTESIAN_POINT('',(-1.27,1.27,0.));
#4153 = VECTOR('',#4154,1.);
#4154 = DIRECTION('',(0.,0.,1.));
#4155 = ORIENTED_EDGE('',*,*,#4156,.F.);
#4156 = EDGE_CURVE('',#4157,#4149,#4159,.T.);
#4157 = VERTEX_POINT('',#4158);
#4158 = CARTESIAN_POINT('',(-0.846666666667,1.27,0.));
#4159 = LINE('',#4160,#4161);
#4160 = CARTESIAN_POINT('',(1.27,1.27,0.));
#4161 = VECTOR('',#4162,1.);
#4162 = DIRECTION('',(-1.,1.110223024625E-16,0.));
#4163 = ORIENTED_EDGE('',*,*,#4164,.T.);
#4164 = EDGE_CURVE('',#4157,#4165,#4167,.T.);
#4165 = VERTEX_POINT('',#4166);
#4166 = CARTESIAN_POINT('',(-0.846666666667,1.27,0.2));
#4167 = LINE('',#4168,#4169);
#4168 = CARTESIAN_POINT('',(-0.846666666667,1.27,0.));
#4169 = VECTOR('',#4170,1.);
#4170 = DIRECTION('',(0.,0.,1.));
#4171 = ORIENTED_EDGE('',*,*,#4172,.F.);
#4172 = EDGE_CURVE('',#4173,#4165,#4175,.T.);
#4173 = VERTEX_POINT('',#4174);
#4174 = CARTESIAN_POINT('',(0.846666666667,1.27,0.2));
#4175 = LINE('',#4176,#4177);
#4176 = CARTESIAN_POINT('',(0.846666666667,1.27,0.2));
#4177 = VECTOR('',#4178,1.);
#4178 = DIRECTION('',(-1.,1.110223024625E-16,0.));
#4179 = ORIENTED_EDGE('',*,*,#4180,.F.);
#4180 = EDGE_CURVE('',#4132,#4173,#4181,.T.);
#4181 = LINE('',#4182,#4183);
#4182 = CARTESIAN_POINT('',(0.846666666667,1.27,0.));
#4183 = VECTOR('',#4184,1.);
#4184 = DIRECTION('',(0.,0.,1.));
#4185 = PLANE('',#4186);
#4186 = AXIS2_PLACEMENT_3D('',#4187,#4188,#4189);
#4187 = CARTESIAN_POINT('',(1.27,1.27,0.));
#4188 = DIRECTION('',(-1.110223024625E-16,-1.,0.));
#4189 = DIRECTION('',(-1.,1.110223024625E-16,0.));
#4190 = ADVANCED_FACE('',(#4191),#4202,.F.);
#4191 = FACE_BOUND('',#4192,.F.);
#4192 = EDGE_LOOP('',(#4193,#4194,#4195,#4196));
#4193 = ORIENTED_EDGE('',*,*,#4093,.T.);
#4194 = ORIENTED_EDGE('',*,*,#4054,.T.);
#4195 = ORIENTED_EDGE('',*,*,#4131,.T.);
#4196 = ORIENTED_EDGE('',*,*,#4197,.F.);
#4197 = EDGE_CURVE('',#4094,#4132,#4198,.T.);
#4198 = LINE('',#4199,#4200);
#4199 = CARTESIAN_POINT('',(0.846666666667,-6.35,0.));
#4200 = VECTOR('',#4201,1.);
#4201 = DIRECTION('',(1.110223024625E-16,1.,0.));
#4202 = PLANE('',#4203);
#4203 = AXIS2_PLACEMENT_3D('',#4204,#4205,#4206);
#4204 = CARTESIAN_POINT('',(-2.542410726392E-16,-2.54,0.));
#4205 = DIRECTION('',(0.,0.,1.));
#4206 = DIRECTION('',(1.110223024625E-16,1.,-0.));
#4207 = ADVANCED_FACE('',(#4208,#4219,#4253,#4287),#4321,.T.);
#4208 = FACE_BOUND('',#4209,.T.);
#4209 = EDGE_LOOP('',(#4210,#4211,#4212,#4218));
#4210 = ORIENTED_EDGE('',*,*,#4038,.T.);
#4211 = ORIENTED_EDGE('',*,*,#4140,.T.);
#4212 = ORIENTED_EDGE('',*,*,#4213,.T.);
#4213 = EDGE_CURVE('',#4141,#4079,#4214,.T.);
#4214 = LINE('',#4215,#4216);
#4215 = CARTESIAN_POINT('',(-1.27,1.27,8.5));
#4216 = VECTOR('',#4217,1.);
#4217 = DIRECTION('',(-1.110223024625E-16,-1.,0.));
#4218 = ORIENTED_EDGE('',*,*,#4086,.T.);
#4219 = FACE_BOUND('',#4220,.T.);
#4220 = EDGE_LOOP('',(#4221,#4231,#4239,#4247));
#4221 = ORIENTED_EDGE('',*,*,#4222,.F.);
#4222 = EDGE_CURVE('',#4223,#4225,#4227,.T.);
#4223 = VERTEX_POINT('',#4224);
#4224 = CARTESIAN_POINT('',(0.6,-5.68,8.5));
#4225 = VERTEX_POINT('',#4226);
#4226 = CARTESIAN_POINT('',(0.6,-4.48,8.5));
#4227 = LINE('',#4228,#4229);
#4228 = CARTESIAN_POINT('',(0.6,-5.68,8.5));
#4229 = VECTOR('',#4230,1.);
#4230 = DIRECTION('',(1.110223024625E-16,1.,0.));
#4231 = ORIENTED_EDGE('',*,*,#4232,.F.);
#4232 = EDGE_CURVE('',#4233,#4223,#4235,.T.);
#4233 = VERTEX_POINT('',#4234);
#4234 = CARTESIAN_POINT('',(-0.6,-5.68,8.5));
#4235 = LINE('',#4236,#4237);
#4236 = CARTESIAN_POINT('',(-0.6,-5.68,8.5));
#4237 = VECTOR('',#4238,1.);
#4238 = DIRECTION('',(1.,-1.110223024625E-16,0.));
#4239 = ORIENTED_EDGE('',*,*,#4240,.F.);
#4240 = EDGE_CURVE('',#4241,#4233,#4243,.T.);
#4241 = VERTEX_POINT('',#4242);
#4242 = CARTESIAN_POINT('',(-0.6,-4.48,8.5));
#4243 = LINE('',#4244,#4245);
#4244 = CARTESIAN_POINT('',(-0.6,-4.48,8.5));
#4245 = VECTOR('',#4246,1.);
#4246 = DIRECTION('',(-1.110223024625E-16,-1.,0.));
#4247 = ORIENTED_EDGE('',*,*,#4248,.F.);
#4248 = EDGE_CURVE('',#4225,#4241,#4249,.T.);
#4249 = LINE('',#4250,#4251);
#4250 = CARTESIAN_POINT('',(0.6,-4.48,8.5));
#4251 = VECTOR('',#4252,1.);
#4252 = DIRECTION('',(-1.,1.110223024625E-16,0.));
#4253 = FACE_BOUND('',#4254,.T.);
#4254 = EDGE_LOOP('',(#4255,#4265,#4273,#4281));
#4255 = ORIENTED_EDGE('',*,*,#4256,.F.);
#4256 = EDGE_CURVE('',#4257,#4259,#4261,.T.);
#4257 = VERTEX_POINT('',#4258);
#4258 = CARTESIAN_POINT('',(0.6,-3.14,8.5));
#4259 = VERTEX_POINT('',#4260);
#4260 = CARTESIAN_POINT('',(0.6,-1.94,8.5));
#4261 = LINE('',#4262,#4263);
#4262 = CARTESIAN_POINT('',(0.6,-3.14,8.5));
#4263 = VECTOR('',#4264,1.);
#4264 = DIRECTION('',(1.110223024625E-16,1.,0.));
#4265 = ORIENTED_EDGE('',*,*,#4266,.F.);
#4266 = EDGE_CURVE('',#4267,#4257,#4269,.T.);
#4267 = VERTEX_POINT('',#4268);
#4268 = CARTESIAN_POINT('',(-0.6,-3.14,8.5));
#4269 = LINE('',#4270,#4271);
#4270 = CARTESIAN_POINT('',(-0.6,-3.14,8.5));
#4271 = VECTOR('',#4272,1.);
#4272 = DIRECTION('',(1.,-1.110223024625E-16,0.));
#4273 = ORIENTED_EDGE('',*,*,#4274,.F.);
#4274 = EDGE_CURVE('',#4275,#4267,#4277,.T.);
#4275 = VERTEX_POINT('',#4276);
#4276 = CARTESIAN_POINT('',(-0.6,-1.94,8.5));
#4277 = LINE('',#4278,#4279);
#4278 = CARTESIAN_POINT('',(-0.6,-1.94,8.5));
#4279 = VECTOR('',#4280,1.);
#4280 = DIRECTION('',(-1.110223024625E-16,-1.,0.));
#4281 = ORIENTED_EDGE('',*,*,#4282,.F.);
#4282 = EDGE_CURVE('',#4259,#4275,#4283,.T.);
#4283 = LINE('',#4284,#4285);
#4284 = CARTESIAN_POINT('',(0.6,-1.94,8.5));
#4285 = VECTOR('',#4286,1.);
#4286 = DIRECTION('',(-1.,1.110223024625E-16,0.));
#4287 = FACE_BOUND('',#4288,.T.);
#4288 = EDGE_LOOP('',(#4289,#4299,#4307,#4315));
#4289 = ORIENTED_EDGE('',*,*,#4290,.F.);
#4290 = EDGE_CURVE('',#4291,#4293,#4295,.T.);
#4291 = VERTEX_POINT('',#4292);
#4292 = CARTESIAN_POINT('',(0.6,-0.6,8.5));
#4293 = VERTEX_POINT('',#4294);
#4294 = CARTESIAN_POINT('',(0.6,0.6,8.5));
#4295 = LINE('',#4296,#4297);
#4296 = CARTESIAN_POINT('',(0.6,-0.6,8.5));
#4297 = VECTOR('',#4298,1.);
#4298 = DIRECTION('',(1.110223024625E-16,1.,0.));
#4299 = ORIENTED_EDGE('',*,*,#4300,.F.);
#4300 = EDGE_CURVE('',#4301,#4291,#4303,.T.);
#4301 = VERTEX_POINT('',#4302);
#4302 = CARTESIAN_POINT('',(-0.6,-0.6,8.5));
#4303 = LINE('',#4304,#4305);
#4304 = CARTESIAN_POINT('',(-0.6,-0.6,8.5));
#4305 = VECTOR('',#4306,1.);
#4306 = DIRECTION('',(1.,-1.110223024625E-16,0.));
#4307 = ORIENTED_EDGE('',*,*,#4308,.F.);
#4308 = EDGE_CURVE('',#4309,#4301,#4311,.T.);
#4309 = VERTEX_POINT('',#4310);
#4310 = CARTESIAN_POINT('',(-0.6,0.6,8.5));
#4311 = LINE('',#4312,#4313);
#4312 = CARTESIAN_POINT('',(-0.6,0.6,8.5));
#4313 = VECTOR('',#4314,1.);
#4314 = DIRECTION('',(-1.110223024625E-16,-1.,0.));
#4315 = ORIENTED_EDGE('',*,*,#4316,.F.);
#4316 = EDGE_CURVE('',#4293,#4309,#4317,.T.);
#4317 = LINE('',#4318,#4319);
#4318 = CARTESIAN_POINT('',(0.6,0.6,8.5));
#4319 = VECTOR('',#4320,1.);
#4320 = DIRECTION('',(-1.,1.110223024625E-16,0.));
#4321 = PLANE('',#4322);
#4322 = AXIS2_PLACEMENT_3D('',#4323,#4324,#4325);
#4323 = CARTESIAN_POINT('',(-2.542410726392E-16,-2.54,8.5));
#4324 = DIRECTION('',(0.,0.,1.));
#4325 = DIRECTION('',(1.110223024625E-16,1.,-0.));
#4326 = ADVANCED_FACE('',(#4327),#4343,.F.);
#4327 = FACE_BOUND('',#4328,.F.);
#4328 = EDGE_LOOP('',(#4329,#4330,#4336,#4337));
#4329 = ORIENTED_EDGE('',*,*,#4068,.T.);
#4330 = ORIENTED_EDGE('',*,*,#4331,.F.);
#4331 = EDGE_CURVE('',#4157,#4071,#4332,.T.);
#4332 = LINE('',#4333,#4334);
#4333 = CARTESIAN_POINT('',(-0.846666666667,1.27,0.));
#4334 = VECTOR('',#4335,1.);
#4335 = DIRECTION('',(-1.110223024625E-16,-1.,0.));
#4336 = ORIENTED_EDGE('',*,*,#4156,.T.);
#4337 = ORIENTED_EDGE('',*,*,#4338,.T.);
#4338 = EDGE_CURVE('',#4149,#4069,#4339,.T.);
#4339 = LINE('',#4340,#4341);
#4340 = CARTESIAN_POINT('',(-1.27,1.27,0.));
#4341 = VECTOR('',#4342,1.);
#4342 = DIRECTION('',(-1.110223024625E-16,-1.,0.));
#4343 = PLANE('',#4344);
#4344 = AXIS2_PLACEMENT_3D('',#4345,#4346,#4347);
#4345 = CARTESIAN_POINT('',(-2.542410726392E-16,-2.54,0.));
#4346 = DIRECTION('',(0.,0.,1.));
#4347 = DIRECTION('',(1.110223024625E-16,1.,-0.));
#4348 = ADVANCED_FACE('',(#4349),#4360,.T.);
#4349 = FACE_BOUND('',#4350,.T.);
#4350 = EDGE_LOOP('',(#4351,#4352,#4358,#4359));
#4351 = ORIENTED_EDGE('',*,*,#4164,.T.);
#4352 = ORIENTED_EDGE('',*,*,#4353,.T.);
#4353 = EDGE_CURVE('',#4165,#4110,#4354,.T.);
#4354 = LINE('',#4355,#4356);
#4355 = CARTESIAN_POINT('',(-0.846666666667,1.27,0.2));
#4356 = VECTOR('',#4357,1.);
#4357 = DIRECTION('',(-1.110223024625E-16,-1.,0.));
#4358 = ORIENTED_EDGE('',*,*,#4117,.F.);
#4359 = ORIENTED_EDGE('',*,*,#4331,.F.);
#4360 = PLANE('',#4361);
#4361 = AXIS2_PLACEMENT_3D('',#4362,#4363,#4364);
#4362 = CARTESIAN_POINT('',(-0.846666666667,1.27,0.));
#4363 = DIRECTION('',(1.,-1.110223024625E-16,0.));
#4364 = DIRECTION('',(-1.110223024625E-16,-1.,0.));
#4365 = ADVANCED_FACE('',(#4366,#4377,#4443,#4509),#4575,.F.);
#4366 = FACE_BOUND('',#4367,.F.);
#4367 = EDGE_LOOP('',(#4368,#4374,#4375,#4376));
#4368 = ORIENTED_EDGE('',*,*,#4369,.T.);
#4369 = EDGE_CURVE('',#4102,#4173,#4370,.T.);
#4370 = LINE('',#4371,#4372);
#4371 = CARTESIAN_POINT('',(0.846666666667,-6.35,0.2));
#4372 = VECTOR('',#4373,1.);
#4373 = DIRECTION('',(1.110223024625E-16,1.,0.));
#4374 = ORIENTED_EDGE('',*,*,#4172,.T.);
#4375 = ORIENTED_EDGE('',*,*,#4353,.T.);
#4376 = ORIENTED_EDGE('',*,*,#4109,.T.);
#4377 = FACE_BOUND('',#4378,.F.);
#4378 = EDGE_LOOP('',(#4379,#4389,#4397,#4405,#4413,#4421,#4429,#4437));
#4379 = ORIENTED_EDGE('',*,*,#4380,.F.);
#4380 = EDGE_CURVE('',#4381,#4383,#4385,.T.);
#4381 = VERTEX_POINT('',#4382);
#4382 = CARTESIAN_POINT('',(-0.1,-5.53,0.2));
#4383 = VERTEX_POINT('',#4384);
#4384 = CARTESIAN_POINT('',(0.1,-5.53,0.2));
#4385 = LINE('',#4386,#4387);
#4386 = CARTESIAN_POINT('',(-0.1,-5.53,0.2));
#4387 = VECTOR('',#4388,1.);
#4388 = DIRECTION('',(1.,-1.110223024625E-16,0.));
#4389 = ORIENTED_EDGE('',*,*,#4390,.T.);
#4390 = EDGE_CURVE('',#4381,#4391,#4393,.T.);
#4391 = VERTEX_POINT('',#4392);
#4392 = CARTESIAN_POINT('',(-0.1,-5.38,0.2));
#4393 = LINE('',#4394,#4395);
#4394 = CARTESIAN_POINT('',(-0.1,-5.53,0.2));
#4395 = VECTOR('',#4396,1.);
#4396 = DIRECTION('',(1.110223024625E-16,1.,0.));
#4397 = ORIENTED_EDGE('',*,*,#4398,.F.);
#4398 = EDGE_CURVE('',#4399,#4391,#4401,.T.);
#4399 = VERTEX_POINT('',#4400);
#4400 = CARTESIAN_POINT('',(-0.1,-4.78,0.2));
#4401 = LINE('',#4402,#4403);
#4402 = CARTESIAN_POINT('',(-0.1,-3.81,0.2));
#4403 = VECTOR('',#4404,1.);
#4404 = DIRECTION('',(-1.110223024625E-16,-1.,0.));
#4405 = ORIENTED_EDGE('',*,*,#4406,.T.);
#4406 = EDGE_CURVE('',#4399,#4407,#4409,.T.);
#4407 = VERTEX_POINT('',#4408);
#4408 = CARTESIAN_POINT('',(-0.1,-4.63,0.2));
#4409 = LINE('',#4410,#4411);
#4410 = CARTESIAN_POINT('',(-0.1,-5.53,0.2));
#4411 = VECTOR('',#4412,1.);
#4412 = DIRECTION('',(1.110223024625E-16,1.,0.));
#4413 = ORIENTED_EDGE('',*,*,#4414,.T.);
#4414 = EDGE_CURVE('',#4407,#4415,#4417,.T.);
#4415 = VERTEX_POINT('',#4416);
#4416 = CARTESIAN_POINT('',(0.1,-4.63,0.2));
#4417 = LINE('',#4418,#4419);
#4418 = CARTESIAN_POINT('',(-0.1,-4.63,0.2));
#4419 = VECTOR('',#4420,1.);
#4420 = DIRECTION('',(1.,-1.110223024625E-16,0.));
#4421 = ORIENTED_EDGE('',*,*,#4422,.T.);
#4422 = EDGE_CURVE('',#4415,#4423,#4425,.T.);
#4423 = VERTEX_POINT('',#4424);
#4424 = CARTESIAN_POINT('',(0.1,-4.78,0.2));
#4425 = LINE('',#4426,#4427);
#4426 = CARTESIAN_POINT('',(0.1,-4.63,0.2));
#4427 = VECTOR('',#4428,1.);
#4428 = DIRECTION('',(-1.110223024625E-16,-1.,0.));
#4429 = ORIENTED_EDGE('',*,*,#4430,.T.);
#4430 = EDGE_CURVE('',#4423,#4431,#4433,.T.);
#4431 = VERTEX_POINT('',#4432);
#4432 = CARTESIAN_POINT('',(0.1,-5.38,0.2));
#4433 = LINE('',#4434,#4435);
#4434 = CARTESIAN_POINT('',(0.1,-3.81,0.2));
#4435 = VECTOR('',#4436,1.);
#4436 = DIRECTION('',(-1.110223024625E-16,-1.,0.));
#4437 = ORIENTED_EDGE('',*,*,#4438,.T.);
#4438 = EDGE_CURVE('',#4431,#4383,#4439,.T.);
#4439 = LINE('',#4440,#4441);
#4440 = CARTESIAN_POINT('',(0.1,-4.63,0.2));
#4441 = VECTOR('',#4442,1.);
#4442 = DIRECTION('',(-1.110223024625E-16,-1.,0.));
#4443 = FACE_BOUND('',#4444,.F.);
#4444 = EDGE_LOOP('',(#4445,#4455,#4463,#4471,#4479,#4487,#4495,#4503));
#4445 = ORIENTED_EDGE('',*,*,#4446,.F.);
#4446 = EDGE_CURVE('',#4447,#4449,#4451,.T.);
#4447 = VERTEX_POINT('',#4448);
#4448 = CARTESIAN_POINT('',(-0.1,-2.99,0.2));
#4449 = VERTEX_POINT('',#4450);
#4450 = CARTESIAN_POINT('',(0.1,-2.99,0.2));
#4451 = LINE('',#4452,#4453);
#4452 = CARTESIAN_POINT('',(-0.1,-2.99,0.2));
#4453 = VECTOR('',#4454,1.);
#4454 = DIRECTION('',(1.,-1.110223024625E-16,0.));
#4455 = ORIENTED_EDGE('',*,*,#4456,.T.);
#4456 = EDGE_CURVE('',#4447,#4457,#4459,.T.);
#4457 = VERTEX_POINT('',#4458);
#4458 = CARTESIAN_POINT('',(-0.1,-2.84,0.2));
#4459 = LINE('',#4460,#4461);
#4460 = CARTESIAN_POINT('',(-0.1,-2.99,0.2));
#4461 = VECTOR('',#4462,1.);
#4462 = DIRECTION('',(1.110223024625E-16,1.,0.));
#4463 = ORIENTED_EDGE('',*,*,#4464,.F.);
#4464 = EDGE_CURVE('',#4465,#4457,#4467,.T.);
#4465 = VERTEX_POINT('',#4466);
#4466 = CARTESIAN_POINT('',(-0.1,-2.24,0.2));
#4467 = LINE('',#4468,#4469);
#4468 = CARTESIAN_POINT('',(-0.1,-2.54,0.2));
#4469 = VECTOR('',#4470,1.);
#4470 = DIRECTION('',(-1.110223024625E-16,-1.,0.));
#4471 = ORIENTED_EDGE('',*,*,#4472,.T.);
#4472 = EDGE_CURVE('',#4465,#4473,#4475,.T.);
#4473 = VERTEX_POINT('',#4474);
#4474 = CARTESIAN_POINT('',(-0.1,-2.09,0.2));
#4475 = LINE('',#4476,#4477);
#4476 = CARTESIAN_POINT('',(-0.1,-2.99,0.2));
#4477 = VECTOR('',#4478,1.);
#4478 = DIRECTION('',(1.110223024625E-16,1.,0.));
#4479 = ORIENTED_EDGE('',*,*,#4480,.T.);
#4480 = EDGE_CURVE('',#4473,#4481,#4483,.T.);
#4481 = VERTEX_POINT('',#4482);
#4482 = CARTESIAN_POINT('',(0.1,-2.09,0.2));
#4483 = LINE('',#4484,#4485);
#4484 = CARTESIAN_POINT('',(-0.1,-2.09,0.2));
#4485 = VECTOR('',#4486,1.);
#4486 = DIRECTION('',(1.,-1.110223024625E-16,0.));
#4487 = ORIENTED_EDGE('',*,*,#4488,.T.);
#4488 = EDGE_CURVE('',#4481,#4489,#4491,.T.);
#4489 = VERTEX_POINT('',#4490);
#4490 = CARTESIAN_POINT('',(0.1,-2.24,0.2));
#4491 = LINE('',#4492,#4493);
#4492 = CARTESIAN_POINT('',(0.1,-2.09,0.2));
#4493 = VECTOR('',#4494,1.);
#4494 = DIRECTION('',(-1.110223024625E-16,-1.,0.));
#4495 = ORIENTED_EDGE('',*,*,#4496,.T.);
#4496 = EDGE_CURVE('',#4489,#4497,#4499,.T.);
#4497 = VERTEX_POINT('',#4498);
#4498 = CARTESIAN_POINT('',(0.1,-2.84,0.2));
#4499 = LINE('',#4500,#4501);
#4500 = CARTESIAN_POINT('',(0.1,-2.54,0.2));
#4501 = VECTOR('',#4502,1.);
#4502 = DIRECTION('',(-1.110223024625E-16,-1.,0.));
#4503 = ORIENTED_EDGE('',*,*,#4504,.T.);
#4504 = EDGE_CURVE('',#4497,#4449,#4505,.T.);
#4505 = LINE('',#4506,#4507);
#4506 = CARTESIAN_POINT('',(0.1,-2.09,0.2));
#4507 = VECTOR('',#4508,1.);
#4508 = DIRECTION('',(-1.110223024625E-16,-1.,0.));
#4509 = FACE_BOUND('',#4510,.F.);
#4510 = EDGE_LOOP('',(#4511,#4521,#4529,#4537,#4545,#4553,#4561,#4569));
#4511 = ORIENTED_EDGE('',*,*,#4512,.F.);
#4512 = EDGE_CURVE('',#4513,#4515,#4517,.T.);
#4513 = VERTEX_POINT('',#4514);
#4514 = CARTESIAN_POINT('',(-0.1,-0.45,0.2));
#4515 = VERTEX_POINT('',#4516);
#4516 = CARTESIAN_POINT('',(0.1,-0.45,0.2));
#4517 = LINE('',#4518,#4519);
#4518 = CARTESIAN_POINT('',(-0.1,-0.45,0.2));
#4519 = VECTOR('',#4520,1.);
#4520 = DIRECTION('',(1.,-1.110223024625E-16,0.));
#4521 = ORIENTED_EDGE('',*,*,#4522,.T.);
#4522 = EDGE_CURVE('',#4513,#4523,#4525,.T.);
#4523 = VERTEX_POINT('',#4524);
#4524 = CARTESIAN_POINT('',(-0.1,-0.3,0.2));
#4525 = LINE('',#4526,#4527);
#4526 = CARTESIAN_POINT('',(-0.1,-0.45,0.2));
#4527 = VECTOR('',#4528,1.);
#4528 = DIRECTION('',(1.110223024625E-16,1.,0.));
#4529 = ORIENTED_EDGE('',*,*,#4530,.F.);
#4530 = EDGE_CURVE('',#4531,#4523,#4533,.T.);
#4531 = VERTEX_POINT('',#4532);
#4532 = CARTESIAN_POINT('',(-0.1,0.3,0.2));
#4533 = LINE('',#4534,#4535);
#4534 = CARTESIAN_POINT('',(-0.1,-1.27,0.2));
#4535 = VECTOR('',#4536,1.);
#4536 = DIRECTION('',(-1.110223024625E-16,-1.,0.));
#4537 = ORIENTED_EDGE('',*,*,#4538,.T.);
#4538 = EDGE_CURVE('',#4531,#4539,#4541,.T.);
#4539 = VERTEX_POINT('',#4540);
#4540 = CARTESIAN_POINT('',(-0.1,0.45,0.2));
#4541 = LINE('',#4542,#4543);
#4542 = CARTESIAN_POINT('',(-0.1,-0.45,0.2));
#4543 = VECTOR('',#4544,1.);
#4544 = DIRECTION('',(1.110223024625E-16,1.,0.));
#4545 = ORIENTED_EDGE('',*,*,#4546,.T.);
#4546 = EDGE_CURVE('',#4539,#4547,#4549,.T.);
#4547 = VERTEX_POINT('',#4548);
#4548 = CARTESIAN_POINT('',(0.1,0.45,0.2));
#4549 = LINE('',#4550,#4551);
#4550 = CARTESIAN_POINT('',(-0.1,0.45,0.2));
#4551 = VECTOR('',#4552,1.);
#4552 = DIRECTION('',(1.,-1.110223024625E-16,0.));
#4553 = ORIENTED_EDGE('',*,*,#4554,.T.);
#4554 = EDGE_CURVE('',#4547,#4555,#4557,.T.);
#4555 = VERTEX_POINT('',#4556);
#4556 = CARTESIAN_POINT('',(0.1,0.3,0.2));
#4557 = LINE('',#4558,#4559);
#4558 = CARTESIAN_POINT('',(0.1,0.45,0.2));
#4559 = VECTOR('',#4560,1.);
#4560 = DIRECTION('',(-1.110223024625E-16,-1.,0.));
#4561 = ORIENTED_EDGE('',*,*,#4562,.T.);
#4562 = EDGE_CURVE('',#4555,#4563,#4565,.T.);
#4563 = VERTEX_POINT('',#4564);
#4564 = CARTESIAN_POINT('',(0.1,-0.3,0.2));
#4565 = LINE('',#4566,#4567);
#4566 = CARTESIAN_POINT('',(0.1,-1.27,0.2));
#4567 = VECTOR('',#4568,1.);
#4568 = DIRECTION('',(-1.110223024625E-16,-1.,0.));
#4569 = ORIENTED_EDGE('',*,*,#4570,.T.);
#4570 = EDGE_CURVE('',#4563,#4515,#4571,.T.);
#4571 = LINE('',#4572,#4573);
#4572 = CARTESIAN_POINT('',(0.1,0.45,0.2));
#4573 = VECTOR('',#4574,1.);
#4574 = DIRECTION('',(-1.110223024625E-16,-1.,0.));
#4575 = PLANE('',#4576);
#4576 = AXIS2_PLACEMENT_3D('',#4577,#4578,#4579);
#4577 = CARTESIAN_POINT('',(-2.542410726392E-16,-2.54,0.2));
#4578 = DIRECTION('',(0.,0.,1.));
#4579 = DIRECTION('',(1.110223024625E-16,1.,-0.));
#4580 = ADVANCED_FACE('',(#4581),#4587,.T.);
#4581 = FACE_BOUND('',#4582,.T.);
#4582 = EDGE_LOOP('',(#4583,#4584,#4585,#4586));
#4583 = ORIENTED_EDGE('',*,*,#4101,.T.);
#4584 = ORIENTED_EDGE('',*,*,#4369,.T.);
#4585 = ORIENTED_EDGE('',*,*,#4180,.F.);
#4586 = ORIENTED_EDGE('',*,*,#4197,.F.);
#4587 = PLANE('',#4588);
#4588 = AXIS2_PLACEMENT_3D('',#4589,#4590,#4591);
#4589 = CARTESIAN_POINT('',(0.846666666667,-6.35,0.));
#4590 = DIRECTION('',(-1.,1.110223024625E-16,0.));
#4591 = DIRECTION('',(1.110223024625E-16,1.,0.));
#4592 = ADVANCED_FACE('',(#4593),#4599,.F.);
#4593 = FACE_BOUND('',#4594,.F.);
#4594 = EDGE_LOOP('',(#4595,#4596,#4597,#4598));
#4595 = ORIENTED_EDGE('',*,*,#4148,.T.);
#4596 = ORIENTED_EDGE('',*,*,#4213,.T.);
#4597 = ORIENTED_EDGE('',*,*,#4078,.F.);
#4598 = ORIENTED_EDGE('',*,*,#4338,.F.);
#4599 = PLANE('',#4600);
#4600 = AXIS2_PLACEMENT_3D('',#4601,#4602,#4603);
#4601 = CARTESIAN_POINT('',(-1.27,1.27,0.));
#4602 = DIRECTION('',(1.,-1.110223024625E-16,0.));
#4603 = DIRECTION('',(-1.110223024625E-16,-1.,0.));
#4604 = ADVANCED_FACE('',(#4605),#4630,.T.);
#4605 = FACE_BOUND('',#4606,.T.);
#4606 = EDGE_LOOP('',(#4607,#4615,#4616,#4624));
#4607 = ORIENTED_EDGE('',*,*,#4608,.F.);
#4608 = EDGE_CURVE('',#4223,#4609,#4611,.T.);
#4609 = VERTEX_POINT('',#4610);
#4610 = CARTESIAN_POINT('',(0.3,-5.38,8.2));
#4611 = LINE('',#4612,#4613);
#4612 = CARTESIAN_POINT('',(0.3,-5.38,8.2));
#4613 = VECTOR('',#4614,1.);
#4614 = DIRECTION('',(-0.57735026919,0.57735026919,-0.57735026919));
#4615 = ORIENTED_EDGE('',*,*,#4222,.T.);
#4616 = ORIENTED_EDGE('',*,*,#4617,.T.);
#4617 = EDGE_CURVE('',#4225,#4618,#4620,.T.);
#4618 = VERTEX_POINT('',#4619);
#4619 = CARTESIAN_POINT('',(0.3,-4.78,8.2));
#4620 = LINE('',#4621,#4622);
#4621 = CARTESIAN_POINT('',(0.3,-4.78,8.2));
#4622 = VECTOR('',#4623,1.);
#4623 = DIRECTION('',(-0.57735026919,-0.57735026919,-0.57735026919));
#4624 = ORIENTED_EDGE('',*,*,#4625,.F.);
#4625 = EDGE_CURVE('',#4609,#4618,#4626,.T.);
#4626 = LINE('',#4627,#4628);
#4627 = CARTESIAN_POINT('',(0.3,-5.68,8.2));
#4628 = VECTOR('',#4629,1.);
#4629 = DIRECTION('',(1.110223024625E-16,1.,0.));
#4630 = PLANE('',#4631);
#4631 = AXIS2_PLACEMENT_3D('',#4632,#4633,#4634);
#4632 = CARTESIAN_POINT('',(0.45,-5.68,8.35));
#4633 = DIRECTION('',(-0.707106781187,7.850462293414E-17,0.707106781187)
  );
#4634 = DIRECTION('',(1.110223024625E-16,1.,2.68018785873E-29));
#4635 = ADVANCED_FACE('',(#4636),#4654,.T.);
#4636 = FACE_BOUND('',#4637,.T.);
#4637 = EDGE_LOOP('',(#4638,#4639,#4640,#4648));
#4638 = ORIENTED_EDGE('',*,*,#4617,.F.);
#4639 = ORIENTED_EDGE('',*,*,#4248,.T.);
#4640 = ORIENTED_EDGE('',*,*,#4641,.T.);
#4641 = EDGE_CURVE('',#4241,#4642,#4644,.T.);
#4642 = VERTEX_POINT('',#4643);
#4643 = CARTESIAN_POINT('',(-0.3,-4.78,8.2));
#4644 = LINE('',#4645,#4646);
#4645 = CARTESIAN_POINT('',(-0.3,-4.78,8.2));
#4646 = VECTOR('',#4647,1.);
#4647 = DIRECTION('',(0.57735026919,-0.57735026919,-0.57735026919));
#4648 = ORIENTED_EDGE('',*,*,#4649,.F.);
#4649 = EDGE_CURVE('',#4618,#4642,#4650,.T.);
#4650 = LINE('',#4651,#4652);
#4651 = CARTESIAN_POINT('',(0.6,-4.78,8.2));
#4652 = VECTOR('',#4653,1.);
#4653 = DIRECTION('',(-1.,1.110223024625E-16,0.));
#4654 = PLANE('',#4655);
#4655 = AXIS2_PLACEMENT_3D('',#4656,#4657,#4658);
#4656 = CARTESIAN_POINT('',(0.6,-4.63,8.35));
#4657 = DIRECTION('',(-8.197719098449E-17,-0.707106781187,0.707106781187
    ));
#4658 = DIRECTION('',(-1.,1.13477778879E-16,-2.455476416522E-18));
#4659 = ADVANCED_FACE('',(#4660),#4678,.T.);
#4660 = FACE_BOUND('',#4661,.T.);
#4661 = EDGE_LOOP('',(#4662,#4663,#4664,#4672));
#4662 = ORIENTED_EDGE('',*,*,#4641,.F.);
#4663 = ORIENTED_EDGE('',*,*,#4240,.T.);
#4664 = ORIENTED_EDGE('',*,*,#4665,.T.);
#4665 = EDGE_CURVE('',#4233,#4666,#4668,.T.);
#4666 = VERTEX_POINT('',#4667);
#4667 = CARTESIAN_POINT('',(-0.3,-5.38,8.2));
#4668 = LINE('',#4669,#4670);
#4669 = CARTESIAN_POINT('',(-0.3,-5.38,8.2));
#4670 = VECTOR('',#4671,1.);
#4671 = DIRECTION('',(0.57735026919,0.57735026919,-0.57735026919));
#4672 = ORIENTED_EDGE('',*,*,#4673,.F.);
#4673 = EDGE_CURVE('',#4642,#4666,#4674,.T.);
#4674 = LINE('',#4675,#4676);
#4675 = CARTESIAN_POINT('',(-0.3,-4.48,8.2));
#4676 = VECTOR('',#4677,1.);
#4677 = DIRECTION('',(-1.110223024625E-16,-1.,0.));
#4678 = PLANE('',#4679);
#4679 = AXIS2_PLACEMENT_3D('',#4680,#4681,#4682);
#4680 = CARTESIAN_POINT('',(-0.45,-4.48,8.35));
#4681 = DIRECTION('',(0.707106781187,-7.850462293414E-17,0.707106781187)
  );
#4682 = DIRECTION('',(-1.110223024625E-16,-1.,2.68018785873E-29));
#4683 = ADVANCED_FACE('',(#4684),#4695,.T.);
#4684 = FACE_BOUND('',#4685,.T.);
#4685 = EDGE_LOOP('',(#4686,#4687,#4688,#4689));
#4686 = ORIENTED_EDGE('',*,*,#4665,.F.);
#4687 = ORIENTED_EDGE('',*,*,#4232,.T.);
#4688 = ORIENTED_EDGE('',*,*,#4608,.T.);
#4689 = ORIENTED_EDGE('',*,*,#4690,.F.);
#4690 = EDGE_CURVE('',#4666,#4609,#4691,.T.);
#4691 = LINE('',#4692,#4693);
#4692 = CARTESIAN_POINT('',(-0.6,-5.38,8.2));
#4693 = VECTOR('',#4694,1.);
#4694 = DIRECTION('',(1.,-1.110223024625E-16,0.));
#4695 = PLANE('',#4696);
#4696 = AXIS2_PLACEMENT_3D('',#4697,#4698,#4699);
#4697 = CARTESIAN_POINT('',(-0.6,-5.53,8.35));
#4698 = DIRECTION('',(8.197719098449E-17,0.707106781187,0.707106781187)
  );
#4699 = DIRECTION('',(1.,-1.13477778879E-16,-2.455476416522E-18));
#4700 = ADVANCED_FACE('',(#4701),#4726,.T.);
#4701 = FACE_BOUND('',#4702,.T.);
#4702 = EDGE_LOOP('',(#4703,#4711,#4712,#4720));
#4703 = ORIENTED_EDGE('',*,*,#4704,.F.);
#4704 = EDGE_CURVE('',#4257,#4705,#4707,.T.);
#4705 = VERTEX_POINT('',#4706);
#4706 = CARTESIAN_POINT('',(0.3,-2.84,8.2));
#4707 = LINE('',#4708,#4709);
#4708 = CARTESIAN_POINT('',(0.3,-2.84,8.2));
#4709 = VECTOR('',#4710,1.);
#4710 = DIRECTION('',(-0.57735026919,0.57735026919,-0.57735026919));
#4711 = ORIENTED_EDGE('',*,*,#4256,.T.);
#4712 = ORIENTED_EDGE('',*,*,#4713,.T.);
#4713 = EDGE_CURVE('',#4259,#4714,#4716,.T.);
#4714 = VERTEX_POINT('',#4715);
#4715 = CARTESIAN_POINT('',(0.3,-2.24,8.2));
#4716 = LINE('',#4717,#4718);
#4717 = CARTESIAN_POINT('',(0.3,-2.24,8.2));
#4718 = VECTOR('',#4719,1.);
#4719 = DIRECTION('',(-0.57735026919,-0.57735026919,-0.57735026919));
#4720 = ORIENTED_EDGE('',*,*,#4721,.F.);
#4721 = EDGE_CURVE('',#4705,#4714,#4722,.T.);
#4722 = LINE('',#4723,#4724);
#4723 = CARTESIAN_POINT('',(0.3,-3.14,8.2));
#4724 = VECTOR('',#4725,1.);
#4725 = DIRECTION('',(1.110223024625E-16,1.,0.));
#4726 = PLANE('',#4727);
#4727 = AXIS2_PLACEMENT_3D('',#4728,#4729,#4730);
#4728 = CARTESIAN_POINT('',(0.45,-3.14,8.35));
#4729 = DIRECTION('',(-0.707106781187,7.850462293414E-17,0.707106781187)
  );
#4730 = DIRECTION('',(1.110223024625E-16,1.,2.68018785873E-29));
#4731 = ADVANCED_FACE('',(#4732),#4750,.T.);
#4732 = FACE_BOUND('',#4733,.T.);
#4733 = EDGE_LOOP('',(#4734,#4735,#4736,#4744));
#4734 = ORIENTED_EDGE('',*,*,#4713,.F.);
#4735 = ORIENTED_EDGE('',*,*,#4282,.T.);
#4736 = ORIENTED_EDGE('',*,*,#4737,.T.);
#4737 = EDGE_CURVE('',#4275,#4738,#4740,.T.);
#4738 = VERTEX_POINT('',#4739);
#4739 = CARTESIAN_POINT('',(-0.3,-2.24,8.2));
#4740 = LINE('',#4741,#4742);
#4741 = CARTESIAN_POINT('',(-0.3,-2.24,8.2));
#4742 = VECTOR('',#4743,1.);
#4743 = DIRECTION('',(0.57735026919,-0.57735026919,-0.57735026919));
#4744 = ORIENTED_EDGE('',*,*,#4745,.F.);
#4745 = EDGE_CURVE('',#4714,#4738,#4746,.T.);
#4746 = LINE('',#4747,#4748);
#4747 = CARTESIAN_POINT('',(0.6,-2.24,8.2));
#4748 = VECTOR('',#4749,1.);
#4749 = DIRECTION('',(-1.,1.110223024625E-16,0.));
#4750 = PLANE('',#4751);
#4751 = AXIS2_PLACEMENT_3D('',#4752,#4753,#4754);
#4752 = CARTESIAN_POINT('',(0.6,-2.09,8.35));
#4753 = DIRECTION('',(-8.197719098449E-17,-0.707106781187,0.707106781187
    ));
#4754 = DIRECTION('',(-1.,1.13477778879E-16,-2.455476416522E-18));
#4755 = ADVANCED_FACE('',(#4756),#4774,.T.);
#4756 = FACE_BOUND('',#4757,.T.);
#4757 = EDGE_LOOP('',(#4758,#4759,#4760,#4768));
#4758 = ORIENTED_EDGE('',*,*,#4737,.F.);
#4759 = ORIENTED_EDGE('',*,*,#4274,.T.);
#4760 = ORIENTED_EDGE('',*,*,#4761,.T.);
#4761 = EDGE_CURVE('',#4267,#4762,#4764,.T.);
#4762 = VERTEX_POINT('',#4763);
#4763 = CARTESIAN_POINT('',(-0.3,-2.84,8.2));
#4764 = LINE('',#4765,#4766);
#4765 = CARTESIAN_POINT('',(-0.3,-2.84,8.2));
#4766 = VECTOR('',#4767,1.);
#4767 = DIRECTION('',(0.57735026919,0.57735026919,-0.57735026919));
#4768 = ORIENTED_EDGE('',*,*,#4769,.F.);
#4769 = EDGE_CURVE('',#4738,#4762,#4770,.T.);
#4770 = LINE('',#4771,#4772);
#4771 = CARTESIAN_POINT('',(-0.3,-1.94,8.2));
#4772 = VECTOR('',#4773,1.);
#4773 = DIRECTION('',(-1.110223024625E-16,-1.,0.));
#4774 = PLANE('',#4775);
#4775 = AXIS2_PLACEMENT_3D('',#4776,#4777,#4778);
#4776 = CARTESIAN_POINT('',(-0.45,-1.94,8.35));
#4777 = DIRECTION('',(0.707106781187,-7.850462293414E-17,0.707106781187)
  );
#4778 = DIRECTION('',(-1.110223024625E-16,-1.,2.68018785873E-29));
#4779 = ADVANCED_FACE('',(#4780),#4791,.T.);
#4780 = FACE_BOUND('',#4781,.T.);
#4781 = EDGE_LOOP('',(#4782,#4783,#4784,#4785));
#4782 = ORIENTED_EDGE('',*,*,#4761,.F.);
#4783 = ORIENTED_EDGE('',*,*,#4266,.T.);
#4784 = ORIENTED_EDGE('',*,*,#4704,.T.);
#4785 = ORIENTED_EDGE('',*,*,#4786,.F.);
#4786 = EDGE_CURVE('',#4762,#4705,#4787,.T.);
#4787 = LINE('',#4788,#4789);
#4788 = CARTESIAN_POINT('',(-0.6,-2.84,8.2));
#4789 = VECTOR('',#4790,1.);
#4790 = DIRECTION('',(1.,-1.110223024625E-16,0.));
#4791 = PLANE('',#4792);
#4792 = AXIS2_PLACEMENT_3D('',#4793,#4794,#4795);
#4793 = CARTESIAN_POINT('',(-0.6,-2.99,8.35));
#4794 = DIRECTION('',(8.197719098449E-17,0.707106781187,0.707106781187)
  );
#4795 = DIRECTION('',(1.,-1.13477778879E-16,-2.455476416522E-18));
#4796 = ADVANCED_FACE('',(#4797),#4822,.T.);
#4797 = FACE_BOUND('',#4798,.T.);
#4798 = EDGE_LOOP('',(#4799,#4807,#4808,#4816));
#4799 = ORIENTED_EDGE('',*,*,#4800,.F.);
#4800 = EDGE_CURVE('',#4291,#4801,#4803,.T.);
#4801 = VERTEX_POINT('',#4802);
#4802 = CARTESIAN_POINT('',(0.3,-0.3,8.2));
#4803 = LINE('',#4804,#4805);
#4804 = CARTESIAN_POINT('',(0.3,-0.3,8.2));
#4805 = VECTOR('',#4806,1.);
#4806 = DIRECTION('',(-0.57735026919,0.57735026919,-0.57735026919));
#4807 = ORIENTED_EDGE('',*,*,#4290,.T.);
#4808 = ORIENTED_EDGE('',*,*,#4809,.T.);
#4809 = EDGE_CURVE('',#4293,#4810,#4812,.T.);
#4810 = VERTEX_POINT('',#4811);
#4811 = CARTESIAN_POINT('',(0.3,0.3,8.2));
#4812 = LINE('',#4813,#4814);
#4813 = CARTESIAN_POINT('',(0.3,0.3,8.2));
#4814 = VECTOR('',#4815,1.);
#4815 = DIRECTION('',(-0.57735026919,-0.57735026919,-0.57735026919));
#4816 = ORIENTED_EDGE('',*,*,#4817,.F.);
#4817 = EDGE_CURVE('',#4801,#4810,#4818,.T.);
#4818 = LINE('',#4819,#4820);
#4819 = CARTESIAN_POINT('',(0.3,-0.6,8.2));
#4820 = VECTOR('',#4821,1.);
#4821 = DIRECTION('',(1.110223024625E-16,1.,0.));
#4822 = PLANE('',#4823);
#4823 = AXIS2_PLACEMENT_3D('',#4824,#4825,#4826);
#4824 = CARTESIAN_POINT('',(0.45,-0.6,8.35));
#4825 = DIRECTION('',(-0.707106781187,7.850462293414E-17,0.707106781187)
  );
#4826 = DIRECTION('',(1.110223024625E-16,1.,2.68018785873E-29));
#4827 = ADVANCED_FACE('',(#4828),#4846,.T.);
#4828 = FACE_BOUND('',#4829,.T.);
#4829 = EDGE_LOOP('',(#4830,#4831,#4832,#4840));
#4830 = ORIENTED_EDGE('',*,*,#4809,.F.);
#4831 = ORIENTED_EDGE('',*,*,#4316,.T.);
#4832 = ORIENTED_EDGE('',*,*,#4833,.T.);
#4833 = EDGE_CURVE('',#4309,#4834,#4836,.T.);
#4834 = VERTEX_POINT('',#4835);
#4835 = CARTESIAN_POINT('',(-0.3,0.3,8.2));
#4836 = LINE('',#4837,#4838);
#4837 = CARTESIAN_POINT('',(-0.3,0.3,8.2));
#4838 = VECTOR('',#4839,1.);
#4839 = DIRECTION('',(0.57735026919,-0.57735026919,-0.57735026919));
#4840 = ORIENTED_EDGE('',*,*,#4841,.F.);
#4841 = EDGE_CURVE('',#4810,#4834,#4842,.T.);
#4842 = LINE('',#4843,#4844);
#4843 = CARTESIAN_POINT('',(0.6,0.3,8.2));
#4844 = VECTOR('',#4845,1.);
#4845 = DIRECTION('',(-1.,1.110223024625E-16,0.));
#4846 = PLANE('',#4847);
#4847 = AXIS2_PLACEMENT_3D('',#4848,#4849,#4850);
#4848 = CARTESIAN_POINT('',(0.6,0.45,8.35));
#4849 = DIRECTION('',(-8.197719098449E-17,-0.707106781187,0.707106781187
    ));
#4850 = DIRECTION('',(-1.,1.13477778879E-16,-2.455476416522E-18));
#4851 = ADVANCED_FACE('',(#4852),#4870,.T.);
#4852 = FACE_BOUND('',#4853,.T.);
#4853 = EDGE_LOOP('',(#4854,#4855,#4856,#4864));
#4854 = ORIENTED_EDGE('',*,*,#4833,.F.);
#4855 = ORIENTED_EDGE('',*,*,#4308,.T.);
#4856 = ORIENTED_EDGE('',*,*,#4857,.T.);
#4857 = EDGE_CURVE('',#4301,#4858,#4860,.T.);
#4858 = VERTEX_POINT('',#4859);
#4859 = CARTESIAN_POINT('',(-0.3,-0.3,8.2));
#4860 = LINE('',#4861,#4862);
#4861 = CARTESIAN_POINT('',(-0.3,-0.3,8.2));
#4862 = VECTOR('',#4863,1.);
#4863 = DIRECTION('',(0.57735026919,0.57735026919,-0.57735026919));
#4864 = ORIENTED_EDGE('',*,*,#4865,.F.);
#4865 = EDGE_CURVE('',#4834,#4858,#4866,.T.);
#4866 = LINE('',#4867,#4868);
#4867 = CARTESIAN_POINT('',(-0.3,0.6,8.2));
#4868 = VECTOR('',#4869,1.);
#4869 = DIRECTION('',(-1.110223024625E-16,-1.,0.));
#4870 = PLANE('',#4871);
#4871 = AXIS2_PLACEMENT_3D('',#4872,#4873,#4874);
#4872 = CARTESIAN_POINT('',(-0.45,0.6,8.35));
#4873 = DIRECTION('',(0.707106781187,-7.850462293414E-17,0.707106781187)
  );
#4874 = DIRECTION('',(-1.110223024625E-16,-1.,2.68018785873E-29));
#4875 = ADVANCED_FACE('',(#4876),#4887,.T.);
#4876 = FACE_BOUND('',#4877,.T.);
#4877 = EDGE_LOOP('',(#4878,#4879,#4880,#4881));
#4878 = ORIENTED_EDGE('',*,*,#4857,.F.);
#4879 = ORIENTED_EDGE('',*,*,#4300,.T.);
#4880 = ORIENTED_EDGE('',*,*,#4800,.T.);
#4881 = ORIENTED_EDGE('',*,*,#4882,.F.);
#4882 = EDGE_CURVE('',#4858,#4801,#4883,.T.);
#4883 = LINE('',#4884,#4885);
#4884 = CARTESIAN_POINT('',(-0.6,-0.3,8.2));
#4885 = VECTOR('',#4886,1.);
#4886 = DIRECTION('',(1.,-1.110223024625E-16,0.));
#4887 = PLANE('',#4888);
#4888 = AXIS2_PLACEMENT_3D('',#4889,#4890,#4891);
#4889 = CARTESIAN_POINT('',(-0.6,-0.45,8.35));
#4890 = DIRECTION('',(8.197719098449E-17,0.707106781187,0.707106781187)
  );
#4891 = DIRECTION('',(1.,-1.13477778879E-16,-2.455476416522E-18));
#4892 = ADVANCED_FACE('',(#4893),#4904,.T.);
#4893 = FACE_BOUND('',#4894,.T.);
#4894 = EDGE_LOOP('',(#4895,#4896,#4897,#4903));
#4895 = ORIENTED_EDGE('',*,*,#4380,.F.);
#4896 = ORIENTED_EDGE('',*,*,#4390,.T.);
#4897 = ORIENTED_EDGE('',*,*,#4898,.T.);
#4898 = EDGE_CURVE('',#4391,#4431,#4899,.T.);
#4899 = LINE('',#4900,#4901);
#4900 = CARTESIAN_POINT('',(-0.1,-5.38,0.2));
#4901 = VECTOR('',#4902,1.);
#4902 = DIRECTION('',(1.,-1.110223024625E-16,0.));
#4903 = ORIENTED_EDGE('',*,*,#4438,.T.);
#4904 = PLANE('',#4905);
#4905 = AXIS2_PLACEMENT_3D('',#4906,#4907,#4908);
#4906 = CARTESIAN_POINT('',(-0.1,-5.38,0.2));
#4907 = DIRECTION('',(0.,-0.,-1.));
#4908 = DIRECTION('',(-1.110223024625E-16,-1.,0.));
#4909 = ADVANCED_FACE('',(#4910),#4951,.F.);
#4910 = FACE_BOUND('',#4911,.F.);
#4911 = EDGE_LOOP('',(#4912,#4920,#4921,#4929,#4937,#4945));
#4912 = ORIENTED_EDGE('',*,*,#4913,.T.);
#4913 = EDGE_CURVE('',#4914,#4431,#4916,.T.);
#4914 = VERTEX_POINT('',#4915);
#4915 = CARTESIAN_POINT('',(0.1,-5.38,-2.5));
#4916 = LINE('',#4917,#4918);
#4917 = CARTESIAN_POINT('',(0.1,-5.38,-2.5));
#4918 = VECTOR('',#4919,1.);
#4919 = DIRECTION('',(0.,0.,1.));
#4920 = ORIENTED_EDGE('',*,*,#4430,.F.);
#4921 = ORIENTED_EDGE('',*,*,#4922,.T.);
#4922 = EDGE_CURVE('',#4423,#4923,#4925,.T.);
#4923 = VERTEX_POINT('',#4924);
#4924 = CARTESIAN_POINT('',(0.1,-4.78,-2.5));
#4925 = LINE('',#4926,#4927);
#4926 = CARTESIAN_POINT('',(0.1,-4.78,0.2));
#4927 = VECTOR('',#4928,1.);
#4928 = DIRECTION('',(0.,0.,-1.));
#4929 = ORIENTED_EDGE('',*,*,#4930,.T.);
#4930 = EDGE_CURVE('',#4923,#4931,#4933,.T.);
#4931 = VERTEX_POINT('',#4932);
#4932 = CARTESIAN_POINT('',(0.1,-4.93,-3.1));
#4933 = LINE('',#4934,#4935);
#4934 = CARTESIAN_POINT('',(0.1,-4.78,-2.5));
#4935 = VECTOR('',#4936,1.);
#4936 = DIRECTION('',(-2.692686352073E-17,-0.242535625036,
    -0.970142500145));
#4937 = ORIENTED_EDGE('',*,*,#4938,.T.);
#4938 = EDGE_CURVE('',#4931,#4939,#4941,.T.);
#4939 = VERTEX_POINT('',#4940);
#4940 = CARTESIAN_POINT('',(0.1,-5.23,-3.1));
#4941 = LINE('',#4942,#4943);
#4942 = CARTESIAN_POINT('',(0.1,-4.93,-3.1));
#4943 = VECTOR('',#4944,1.);
#4944 = DIRECTION('',(-1.110223024625E-16,-1.,0.));
#4945 = ORIENTED_EDGE('',*,*,#4946,.T.);
#4946 = EDGE_CURVE('',#4939,#4914,#4947,.T.);
#4947 = LINE('',#4948,#4949);
#4948 = CARTESIAN_POINT('',(0.1,-5.23,-3.1));
#4949 = VECTOR('',#4950,1.);
#4950 = DIRECTION('',(-2.692686352073E-17,-0.242535625036,0.970142500145
    ));
#4951 = PLANE('',#4952);
#4952 = AXIS2_PLACEMENT_3D('',#4953,#4954,#4955);
#4953 = CARTESIAN_POINT('',(0.1,-5.08,3.911477598424));
#4954 = DIRECTION('',(-1.,1.110223024625E-16,0.));
#4955 = DIRECTION('',(0.,0.,1.));
#4956 = ADVANCED_FACE('',(#4957),#4968,.T.);
#4957 = FACE_BOUND('',#4958,.T.);
#4958 = EDGE_LOOP('',(#4959,#4965,#4966,#4967));
#4959 = ORIENTED_EDGE('',*,*,#4960,.F.);
#4960 = EDGE_CURVE('',#4399,#4423,#4961,.T.);
#4961 = LINE('',#4962,#4963);
#4962 = CARTESIAN_POINT('',(-0.1,-4.78,0.2));
#4963 = VECTOR('',#4964,1.);
#4964 = DIRECTION('',(1.,-1.110223024625E-16,0.));
#4965 = ORIENTED_EDGE('',*,*,#4406,.T.);
#4966 = ORIENTED_EDGE('',*,*,#4414,.T.);
#4967 = ORIENTED_EDGE('',*,*,#4422,.T.);
#4968 = PLANE('',#4969);
#4969 = AXIS2_PLACEMENT_3D('',#4970,#4971,#4972);
#4970 = CARTESIAN_POINT('',(-0.1,-5.38,0.2));
#4971 = DIRECTION('',(0.,-0.,-1.));
#4972 = DIRECTION('',(-1.110223024625E-16,-1.,0.));
#4973 = ADVANCED_FACE('',(#4974),#5015,.T.);
#4974 = FACE_BOUND('',#4975,.T.);
#4975 = EDGE_LOOP('',(#4976,#4984,#4985,#4993,#5001,#5009));
#4976 = ORIENTED_EDGE('',*,*,#4977,.T.);
#4977 = EDGE_CURVE('',#4978,#4391,#4980,.T.);
#4978 = VERTEX_POINT('',#4979);
#4979 = CARTESIAN_POINT('',(-0.1,-5.38,-2.5));
#4980 = LINE('',#4981,#4982);
#4981 = CARTESIAN_POINT('',(-0.1,-5.38,-2.5));
#4982 = VECTOR('',#4983,1.);
#4983 = DIRECTION('',(0.,0.,1.));
#4984 = ORIENTED_EDGE('',*,*,#4398,.F.);
#4985 = ORIENTED_EDGE('',*,*,#4986,.T.);
#4986 = EDGE_CURVE('',#4399,#4987,#4989,.T.);
#4987 = VERTEX_POINT('',#4988);
#4988 = CARTESIAN_POINT('',(-0.1,-4.78,-2.5));
#4989 = LINE('',#4990,#4991);
#4990 = CARTESIAN_POINT('',(-0.1,-4.78,0.2));
#4991 = VECTOR('',#4992,1.);
#4992 = DIRECTION('',(0.,0.,-1.));
#4993 = ORIENTED_EDGE('',*,*,#4994,.T.);
#4994 = EDGE_CURVE('',#4987,#4995,#4997,.T.);
#4995 = VERTEX_POINT('',#4996);
#4996 = CARTESIAN_POINT('',(-0.1,-4.93,-3.1));
#4997 = LINE('',#4998,#4999);
#4998 = CARTESIAN_POINT('',(-0.1,-4.78,-2.5));
#4999 = VECTOR('',#5000,1.);
#5000 = DIRECTION('',(-2.692686352073E-17,-0.242535625036,
    -0.970142500145));
#5001 = ORIENTED_EDGE('',*,*,#5002,.F.);
#5002 = EDGE_CURVE('',#5003,#4995,#5005,.T.);
#5003 = VERTEX_POINT('',#5004);
#5004 = CARTESIAN_POINT('',(-0.1,-5.23,-3.1));
#5005 = LINE('',#5006,#5007);
#5006 = CARTESIAN_POINT('',(-0.1,-5.23,-3.1));
#5007 = VECTOR('',#5008,1.);
#5008 = DIRECTION('',(1.110223024625E-16,1.,0.));
#5009 = ORIENTED_EDGE('',*,*,#5010,.T.);
#5010 = EDGE_CURVE('',#5003,#4978,#5011,.T.);
#5011 = LINE('',#5012,#5013);
#5012 = CARTESIAN_POINT('',(-0.1,-5.23,-3.1));
#5013 = VECTOR('',#5014,1.);
#5014 = DIRECTION('',(-2.692686352073E-17,-0.242535625036,0.970142500145
    ));
#5015 = PLANE('',#5016);
#5016 = AXIS2_PLACEMENT_3D('',#5017,#5018,#5019);
#5017 = CARTESIAN_POINT('',(-0.1,-5.08,3.911477598424));
#5018 = DIRECTION('',(-1.,1.110223024625E-16,0.));
#5019 = DIRECTION('',(0.,0.,1.));
#5020 = ADVANCED_FACE('',(#5021),#5032,.T.);
#5021 = FACE_BOUND('',#5022,.T.);
#5022 = EDGE_LOOP('',(#5023,#5024,#5025,#5031));
#5023 = ORIENTED_EDGE('',*,*,#4446,.F.);
#5024 = ORIENTED_EDGE('',*,*,#4456,.T.);
#5025 = ORIENTED_EDGE('',*,*,#5026,.T.);
#5026 = EDGE_CURVE('',#4457,#4497,#5027,.T.);
#5027 = LINE('',#5028,#5029);
#5028 = CARTESIAN_POINT('',(-0.1,-2.84,0.2));
#5029 = VECTOR('',#5030,1.);
#5030 = DIRECTION('',(1.,-1.110223024625E-16,0.));
#5031 = ORIENTED_EDGE('',*,*,#4504,.T.);
#5032 = PLANE('',#5033);
#5033 = AXIS2_PLACEMENT_3D('',#5034,#5035,#5036);
#5034 = CARTESIAN_POINT('',(-0.1,-2.84,0.2));
#5035 = DIRECTION('',(0.,-0.,-1.));
#5036 = DIRECTION('',(-1.110223024625E-16,-1.,0.));
#5037 = ADVANCED_FACE('',(#5038),#5079,.F.);
#5038 = FACE_BOUND('',#5039,.F.);
#5039 = EDGE_LOOP('',(#5040,#5048,#5049,#5057,#5065,#5073));
#5040 = ORIENTED_EDGE('',*,*,#5041,.T.);
#5041 = EDGE_CURVE('',#5042,#4497,#5044,.T.);
#5042 = VERTEX_POINT('',#5043);
#5043 = CARTESIAN_POINT('',(0.1,-2.84,-2.5));
#5044 = LINE('',#5045,#5046);
#5045 = CARTESIAN_POINT('',(0.1,-2.84,-2.5));
#5046 = VECTOR('',#5047,1.);
#5047 = DIRECTION('',(0.,0.,1.));
#5048 = ORIENTED_EDGE('',*,*,#4496,.F.);
#5049 = ORIENTED_EDGE('',*,*,#5050,.T.);
#5050 = EDGE_CURVE('',#4489,#5051,#5053,.T.);
#5051 = VERTEX_POINT('',#5052);
#5052 = CARTESIAN_POINT('',(0.1,-2.24,-2.5));
#5053 = LINE('',#5054,#5055);
#5054 = CARTESIAN_POINT('',(0.1,-2.24,0.2));
#5055 = VECTOR('',#5056,1.);
#5056 = DIRECTION('',(0.,0.,-1.));
#5057 = ORIENTED_EDGE('',*,*,#5058,.T.);
#5058 = EDGE_CURVE('',#5051,#5059,#5061,.T.);
#5059 = VERTEX_POINT('',#5060);
#5060 = CARTESIAN_POINT('',(0.1,-2.39,-3.1));
#5061 = LINE('',#5062,#5063);
#5062 = CARTESIAN_POINT('',(0.1,-2.24,-2.5));
#5063 = VECTOR('',#5064,1.);
#5064 = DIRECTION('',(-2.692686352073E-17,-0.242535625036,
    -0.970142500145));
#5065 = ORIENTED_EDGE('',*,*,#5066,.T.);
#5066 = EDGE_CURVE('',#5059,#5067,#5069,.T.);
#5067 = VERTEX_POINT('',#5068);
#5068 = CARTESIAN_POINT('',(0.1,-2.69,-3.1));
#5069 = LINE('',#5070,#5071);
#5070 = CARTESIAN_POINT('',(0.1,-2.39,-3.1));
#5071 = VECTOR('',#5072,1.);
#5072 = DIRECTION('',(-1.110223024625E-16,-1.,0.));
#5073 = ORIENTED_EDGE('',*,*,#5074,.T.);
#5074 = EDGE_CURVE('',#5067,#5042,#5075,.T.);
#5075 = LINE('',#5076,#5077);
#5076 = CARTESIAN_POINT('',(0.1,-2.69,-3.1));
#5077 = VECTOR('',#5078,1.);
#5078 = DIRECTION('',(-2.692686352073E-17,-0.242535625036,0.970142500145
    ));
#5079 = PLANE('',#5080);
#5080 = AXIS2_PLACEMENT_3D('',#5081,#5082,#5083);
#5081 = CARTESIAN_POINT('',(0.1,-2.54,3.911477598424));
#5082 = DIRECTION('',(-1.,1.110223024625E-16,0.));
#5083 = DIRECTION('',(0.,0.,1.));
#5084 = ADVANCED_FACE('',(#5085),#5096,.T.);
#5085 = FACE_BOUND('',#5086,.T.);
#5086 = EDGE_LOOP('',(#5087,#5093,#5094,#5095));
#5087 = ORIENTED_EDGE('',*,*,#5088,.F.);
#5088 = EDGE_CURVE('',#4465,#4489,#5089,.T.);
#5089 = LINE('',#5090,#5091);
#5090 = CARTESIAN_POINT('',(-0.1,-2.24,0.2));
#5091 = VECTOR('',#5092,1.);
#5092 = DIRECTION('',(1.,-1.110223024625E-16,0.));
#5093 = ORIENTED_EDGE('',*,*,#4472,.T.);
#5094 = ORIENTED_EDGE('',*,*,#4480,.T.);
#5095 = ORIENTED_EDGE('',*,*,#4488,.T.);
#5096 = PLANE('',#5097);
#5097 = AXIS2_PLACEMENT_3D('',#5098,#5099,#5100);
#5098 = CARTESIAN_POINT('',(-0.1,-2.84,0.2));
#5099 = DIRECTION('',(0.,-0.,-1.));
#5100 = DIRECTION('',(-1.110223024625E-16,-1.,0.));
#5101 = ADVANCED_FACE('',(#5102),#5143,.T.);
#5102 = FACE_BOUND('',#5103,.T.);
#5103 = EDGE_LOOP('',(#5104,#5112,#5113,#5121,#5129,#5137));
#5104 = ORIENTED_EDGE('',*,*,#5105,.T.);
#5105 = EDGE_CURVE('',#5106,#4457,#5108,.T.);
#5106 = VERTEX_POINT('',#5107);
#5107 = CARTESIAN_POINT('',(-0.1,-2.84,-2.5));
#5108 = LINE('',#5109,#5110);
#5109 = CARTESIAN_POINT('',(-0.1,-2.84,-2.5));
#5110 = VECTOR('',#5111,1.);
#5111 = DIRECTION('',(0.,0.,1.));
#5112 = ORIENTED_EDGE('',*,*,#4464,.F.);
#5113 = ORIENTED_EDGE('',*,*,#5114,.T.);
#5114 = EDGE_CURVE('',#4465,#5115,#5117,.T.);
#5115 = VERTEX_POINT('',#5116);
#5116 = CARTESIAN_POINT('',(-0.1,-2.24,-2.5));
#5117 = LINE('',#5118,#5119);
#5118 = CARTESIAN_POINT('',(-0.1,-2.24,0.2));
#5119 = VECTOR('',#5120,1.);
#5120 = DIRECTION('',(0.,0.,-1.));
#5121 = ORIENTED_EDGE('',*,*,#5122,.T.);
#5122 = EDGE_CURVE('',#5115,#5123,#5125,.T.);
#5123 = VERTEX_POINT('',#5124);
#5124 = CARTESIAN_POINT('',(-0.1,-2.39,-3.1));
#5125 = LINE('',#5126,#5127);
#5126 = CARTESIAN_POINT('',(-0.1,-2.24,-2.5));
#5127 = VECTOR('',#5128,1.);
#5128 = DIRECTION('',(-2.692686352073E-17,-0.242535625036,
    -0.970142500145));
#5129 = ORIENTED_EDGE('',*,*,#5130,.F.);
#5130 = EDGE_CURVE('',#5131,#5123,#5133,.T.);
#5131 = VERTEX_POINT('',#5132);
#5132 = CARTESIAN_POINT('',(-0.1,-2.69,-3.1));
#5133 = LINE('',#5134,#5135);
#5134 = CARTESIAN_POINT('',(-0.1,-2.69,-3.1));
#5135 = VECTOR('',#5136,1.);
#5136 = DIRECTION('',(1.110223024625E-16,1.,0.));
#5137 = ORIENTED_EDGE('',*,*,#5138,.T.);
#5138 = EDGE_CURVE('',#5131,#5106,#5139,.T.);
#5139 = LINE('',#5140,#5141);
#5140 = CARTESIAN_POINT('',(-0.1,-2.69,-3.1));
#5141 = VECTOR('',#5142,1.);
#5142 = DIRECTION('',(-2.692686352073E-17,-0.242535625036,0.970142500145
    ));
#5143 = PLANE('',#5144);
#5144 = AXIS2_PLACEMENT_3D('',#5145,#5146,#5147);
#5145 = CARTESIAN_POINT('',(-0.1,-2.54,3.911477598424));
#5146 = DIRECTION('',(-1.,1.110223024625E-16,0.));
#5147 = DIRECTION('',(0.,0.,1.));
#5148 = ADVANCED_FACE('',(#5149),#5160,.T.);
#5149 = FACE_BOUND('',#5150,.T.);
#5150 = EDGE_LOOP('',(#5151,#5152,#5153,#5159));
#5151 = ORIENTED_EDGE('',*,*,#4512,.F.);
#5152 = ORIENTED_EDGE('',*,*,#4522,.T.);
#5153 = ORIENTED_EDGE('',*,*,#5154,.T.);
#5154 = EDGE_CURVE('',#4523,#4563,#5155,.T.);
#5155 = LINE('',#5156,#5157);
#5156 = CARTESIAN_POINT('',(-0.1,-0.3,0.2));
#5157 = VECTOR('',#5158,1.);
#5158 = DIRECTION('',(1.,-1.110223024625E-16,0.));
#5159 = ORIENTED_EDGE('',*,*,#4570,.T.);
#5160 = PLANE('',#5161);
#5161 = AXIS2_PLACEMENT_3D('',#5162,#5163,#5164);
#5162 = CARTESIAN_POINT('',(-0.1,-0.3,0.2));
#5163 = DIRECTION('',(0.,-0.,-1.));
#5164 = DIRECTION('',(-1.110223024625E-16,-1.,0.));
#5165 = ADVANCED_FACE('',(#5166),#5207,.F.);
#5166 = FACE_BOUND('',#5167,.F.);
#5167 = EDGE_LOOP('',(#5168,#5176,#5177,#5185,#5193,#5201));
#5168 = ORIENTED_EDGE('',*,*,#5169,.T.);
#5169 = EDGE_CURVE('',#5170,#4563,#5172,.T.);
#5170 = VERTEX_POINT('',#5171);
#5171 = CARTESIAN_POINT('',(0.1,-0.3,-2.5));
#5172 = LINE('',#5173,#5174);
#5173 = CARTESIAN_POINT('',(0.1,-0.3,-2.5));
#5174 = VECTOR('',#5175,1.);
#5175 = DIRECTION('',(0.,0.,1.));
#5176 = ORIENTED_EDGE('',*,*,#4562,.F.);
#5177 = ORIENTED_EDGE('',*,*,#5178,.T.);
#5178 = EDGE_CURVE('',#4555,#5179,#5181,.T.);
#5179 = VERTEX_POINT('',#5180);
#5180 = CARTESIAN_POINT('',(0.1,0.3,-2.5));
#5181 = LINE('',#5182,#5183);
#5182 = CARTESIAN_POINT('',(0.1,0.3,0.2));
#5183 = VECTOR('',#5184,1.);
#5184 = DIRECTION('',(0.,0.,-1.));
#5185 = ORIENTED_EDGE('',*,*,#5186,.T.);
#5186 = EDGE_CURVE('',#5179,#5187,#5189,.T.);
#5187 = VERTEX_POINT('',#5188);
#5188 = CARTESIAN_POINT('',(0.1,0.15,-3.1));
#5189 = LINE('',#5190,#5191);
#5190 = CARTESIAN_POINT('',(0.1,0.3,-2.5));
#5191 = VECTOR('',#5192,1.);
#5192 = DIRECTION('',(-2.692686352073E-17,-0.242535625036,
    -0.970142500145));
#5193 = ORIENTED_EDGE('',*,*,#5194,.T.);
#5194 = EDGE_CURVE('',#5187,#5195,#5197,.T.);
#5195 = VERTEX_POINT('',#5196);
#5196 = CARTESIAN_POINT('',(0.1,-0.15,-3.1));
#5197 = LINE('',#5198,#5199);
#5198 = CARTESIAN_POINT('',(0.1,0.15,-3.1));
#5199 = VECTOR('',#5200,1.);
#5200 = DIRECTION('',(-1.110223024625E-16,-1.,0.));
#5201 = ORIENTED_EDGE('',*,*,#5202,.T.);
#5202 = EDGE_CURVE('',#5195,#5170,#5203,.T.);
#5203 = LINE('',#5204,#5205);
#5204 = CARTESIAN_POINT('',(0.1,-0.15,-3.1));
#5205 = VECTOR('',#5206,1.);
#5206 = DIRECTION('',(-2.692686352073E-17,-0.242535625036,0.970142500145
    ));
#5207 = PLANE('',#5208);
#5208 = AXIS2_PLACEMENT_3D('',#5209,#5210,#5211);
#5209 = CARTESIAN_POINT('',(0.1,-1.110223024625E-17,3.911477598424));
#5210 = DIRECTION('',(-1.,1.110223024625E-16,0.));
#5211 = DIRECTION('',(0.,0.,1.));
#5212 = ADVANCED_FACE('',(#5213),#5224,.T.);
#5213 = FACE_BOUND('',#5214,.T.);
#5214 = EDGE_LOOP('',(#5215,#5221,#5222,#5223));
#5215 = ORIENTED_EDGE('',*,*,#5216,.F.);
#5216 = EDGE_CURVE('',#4531,#4555,#5217,.T.);
#5217 = LINE('',#5218,#5219);
#5218 = CARTESIAN_POINT('',(-0.1,0.3,0.2));
#5219 = VECTOR('',#5220,1.);
#5220 = DIRECTION('',(1.,-1.110223024625E-16,0.));
#5221 = ORIENTED_EDGE('',*,*,#4538,.T.);
#5222 = ORIENTED_EDGE('',*,*,#4546,.T.);
#5223 = ORIENTED_EDGE('',*,*,#4554,.T.);
#5224 = PLANE('',#5225);
#5225 = AXIS2_PLACEMENT_3D('',#5226,#5227,#5228);
#5226 = CARTESIAN_POINT('',(-0.1,-0.3,0.2));
#5227 = DIRECTION('',(0.,-0.,-1.));
#5228 = DIRECTION('',(-1.110223024625E-16,-1.,0.));
#5229 = ADVANCED_FACE('',(#5230),#5271,.T.);
#5230 = FACE_BOUND('',#5231,.T.);
#5231 = EDGE_LOOP('',(#5232,#5240,#5241,#5249,#5257,#5265));
#5232 = ORIENTED_EDGE('',*,*,#5233,.T.);
#5233 = EDGE_CURVE('',#5234,#4523,#5236,.T.);
#5234 = VERTEX_POINT('',#5235);
#5235 = CARTESIAN_POINT('',(-0.1,-0.3,-2.5));
#5236 = LINE('',#5237,#5238);
#5237 = CARTESIAN_POINT('',(-0.1,-0.3,-2.5));
#5238 = VECTOR('',#5239,1.);
#5239 = DIRECTION('',(0.,0.,1.));
#5240 = ORIENTED_EDGE('',*,*,#4530,.F.);
#5241 = ORIENTED_EDGE('',*,*,#5242,.T.);
#5242 = EDGE_CURVE('',#4531,#5243,#5245,.T.);
#5243 = VERTEX_POINT('',#5244);
#5244 = CARTESIAN_POINT('',(-0.1,0.3,-2.5));
#5245 = LINE('',#5246,#5247);
#5246 = CARTESIAN_POINT('',(-0.1,0.3,0.2));
#5247 = VECTOR('',#5248,1.);
#5248 = DIRECTION('',(0.,0.,-1.));
#5249 = ORIENTED_EDGE('',*,*,#5250,.T.);
#5250 = EDGE_CURVE('',#5243,#5251,#5253,.T.);
#5251 = VERTEX_POINT('',#5252);
#5252 = CARTESIAN_POINT('',(-0.1,0.15,-3.1));
#5253 = LINE('',#5254,#5255);
#5254 = CARTESIAN_POINT('',(-0.1,0.3,-2.5));
#5255 = VECTOR('',#5256,1.);
#5256 = DIRECTION('',(-2.692686352073E-17,-0.242535625036,
    -0.970142500145));
#5257 = ORIENTED_EDGE('',*,*,#5258,.F.);
#5258 = EDGE_CURVE('',#5259,#5251,#5261,.T.);
#5259 = VERTEX_POINT('',#5260);
#5260 = CARTESIAN_POINT('',(-0.1,-0.15,-3.1));
#5261 = LINE('',#5262,#5263);
#5262 = CARTESIAN_POINT('',(-0.1,-0.15,-3.1));
#5263 = VECTOR('',#5264,1.);
#5264 = DIRECTION('',(1.110223024625E-16,1.,0.));
#5265 = ORIENTED_EDGE('',*,*,#5266,.T.);
#5266 = EDGE_CURVE('',#5259,#5234,#5267,.T.);
#5267 = LINE('',#5268,#5269);
#5268 = CARTESIAN_POINT('',(-0.1,-0.15,-3.1));
#5269 = VECTOR('',#5270,1.);
#5270 = DIRECTION('',(-2.692686352073E-17,-0.242535625036,0.970142500145
    ));
#5271 = PLANE('',#5272);
#5272 = AXIS2_PLACEMENT_3D('',#5273,#5274,#5275);
#5273 = CARTESIAN_POINT('',(-0.1,1.110223024625E-17,3.911477598424));
#5274 = DIRECTION('',(-1.,1.110223024625E-16,0.));
#5275 = DIRECTION('',(0.,0.,1.));
#5276 = ADVANCED_FACE('',(#5277),#5302,.F.);
#5277 = FACE_BOUND('',#5278,.F.);
#5278 = EDGE_LOOP('',(#5279,#5287,#5295,#5301));
#5279 = ORIENTED_EDGE('',*,*,#5280,.T.);
#5280 = EDGE_CURVE('',#4609,#5281,#5283,.T.);
#5281 = VERTEX_POINT('',#5282);
#5282 = CARTESIAN_POINT('',(0.3,-5.38,0.9));
#5283 = LINE('',#5284,#5285);
#5284 = CARTESIAN_POINT('',(0.3,-5.38,8.2));
#5285 = VECTOR('',#5286,1.);
#5286 = DIRECTION('',(0.,-0.,-1.));
#5287 = ORIENTED_EDGE('',*,*,#5288,.T.);
#5288 = EDGE_CURVE('',#5281,#5289,#5291,.T.);
#5289 = VERTEX_POINT('',#5290);
#5290 = CARTESIAN_POINT('',(0.3,-4.78,0.9));
#5291 = LINE('',#5292,#5293);
#5292 = CARTESIAN_POINT('',(0.3,-5.38,0.9));
#5293 = VECTOR('',#5294,1.);
#5294 = DIRECTION('',(1.110223024625E-16,1.,0.));
#5295 = ORIENTED_EDGE('',*,*,#5296,.F.);
#5296 = EDGE_CURVE('',#4618,#5289,#5297,.T.);
#5297 = LINE('',#5298,#5299);
#5298 = CARTESIAN_POINT('',(0.3,-4.78,8.2));
#5299 = VECTOR('',#5300,1.);
#5300 = DIRECTION('',(0.,-0.,-1.));
#5301 = ORIENTED_EDGE('',*,*,#4625,.F.);
#5302 = PLANE('',#5303);
#5303 = AXIS2_PLACEMENT_3D('',#5304,#5305,#5306);
#5304 = CARTESIAN_POINT('',(0.3,-5.38,8.2));
#5305 = DIRECTION('',(1.,-1.110223024625E-16,0.));
#5306 = DIRECTION('',(1.110223024625E-16,1.,0.));
#5307 = ADVANCED_FACE('',(#5308),#5358,.F.);
#5308 = FACE_BOUND('',#5309,.F.);
#5309 = EDGE_LOOP('',(#5310,#5311,#5312,#5320,#5328,#5336,#5344,#5352));
#5310 = ORIENTED_EDGE('',*,*,#4649,.F.);
#5311 = ORIENTED_EDGE('',*,*,#5296,.T.);
#5312 = ORIENTED_EDGE('',*,*,#5313,.T.);
#5313 = EDGE_CURVE('',#5289,#5314,#5316,.T.);
#5314 = VERTEX_POINT('',#5315);
#5315 = CARTESIAN_POINT('',(0.1,-4.78,0.9));
#5316 = LINE('',#5317,#5318);
#5317 = CARTESIAN_POINT('',(0.3,-4.78,0.9));
#5318 = VECTOR('',#5319,1.);
#5319 = DIRECTION('',(-1.,1.110223024625E-16,0.));
#5320 = ORIENTED_EDGE('',*,*,#5321,.T.);
#5321 = EDGE_CURVE('',#5314,#5322,#5324,.T.);
#5322 = VERTEX_POINT('',#5323);
#5323 = CARTESIAN_POINT('',(0.1,-4.78,7.4));
#5324 = LINE('',#5325,#5326);
#5325 = CARTESIAN_POINT('',(0.1,-4.78,6.055738799212));
#5326 = VECTOR('',#5327,1.);
#5327 = DIRECTION('',(0.,-0.,1.));
#5328 = ORIENTED_EDGE('',*,*,#5329,.F.);
#5329 = EDGE_CURVE('',#5330,#5322,#5332,.T.);
#5330 = VERTEX_POINT('',#5331);
#5331 = CARTESIAN_POINT('',(-0.1,-4.78,7.4));
#5332 = LINE('',#5333,#5334);
#5333 = CARTESIAN_POINT('',(-0.1,-4.78,7.4));
#5334 = VECTOR('',#5335,1.);
#5335 = DIRECTION('',(1.,-1.110223024625E-16,0.));
#5336 = ORIENTED_EDGE('',*,*,#5337,.F.);
#5337 = EDGE_CURVE('',#5338,#5330,#5340,.T.);
#5338 = VERTEX_POINT('',#5339);
#5339 = CARTESIAN_POINT('',(-0.1,-4.78,0.9));
#5340 = LINE('',#5341,#5342);
#5341 = CARTESIAN_POINT('',(-0.1,-4.78,6.055738799212));
#5342 = VECTOR('',#5343,1.);
#5343 = DIRECTION('',(0.,-0.,1.));
#5344 = ORIENTED_EDGE('',*,*,#5345,.T.);
#5345 = EDGE_CURVE('',#5338,#5346,#5348,.T.);
#5346 = VERTEX_POINT('',#5347);
#5347 = CARTESIAN_POINT('',(-0.3,-4.78,0.9));
#5348 = LINE('',#5349,#5350);
#5349 = CARTESIAN_POINT('',(0.3,-4.78,0.9));
#5350 = VECTOR('',#5351,1.);
#5351 = DIRECTION('',(-1.,1.110223024625E-16,0.));
#5352 = ORIENTED_EDGE('',*,*,#5353,.F.);
#5353 = EDGE_CURVE('',#4642,#5346,#5354,.T.);
#5354 = LINE('',#5355,#5356);
#5355 = CARTESIAN_POINT('',(-0.3,-4.78,8.2));
#5356 = VECTOR('',#5357,1.);
#5357 = DIRECTION('',(0.,-0.,-1.));
#5358 = PLANE('',#5359);
#5359 = AXIS2_PLACEMENT_3D('',#5360,#5361,#5362);
#5360 = CARTESIAN_POINT('',(0.3,-4.78,8.2));
#5361 = DIRECTION('',(1.110223024625E-16,1.,0.));
#5362 = DIRECTION('',(-1.,1.110223024625E-16,0.));
#5363 = ADVANCED_FACE('',(#5364),#5382,.F.);
#5364 = FACE_BOUND('',#5365,.F.);
#5365 = EDGE_LOOP('',(#5366,#5367,#5375,#5381));
#5366 = ORIENTED_EDGE('',*,*,#5353,.T.);
#5367 = ORIENTED_EDGE('',*,*,#5368,.T.);
#5368 = EDGE_CURVE('',#5346,#5369,#5371,.T.);
#5369 = VERTEX_POINT('',#5370);
#5370 = CARTESIAN_POINT('',(-0.3,-5.38,0.9));
#5371 = LINE('',#5372,#5373);
#5372 = CARTESIAN_POINT('',(-0.3,-4.78,0.9));
#5373 = VECTOR('',#5374,1.);
#5374 = DIRECTION('',(-1.110223024625E-16,-1.,0.));
#5375 = ORIENTED_EDGE('',*,*,#5376,.F.);
#5376 = EDGE_CURVE('',#4666,#5369,#5377,.T.);
#5377 = LINE('',#5378,#5379);
#5378 = CARTESIAN_POINT('',(-0.3,-5.38,8.2));
#5379 = VECTOR('',#5380,1.);
#5380 = DIRECTION('',(0.,-0.,-1.));
#5381 = ORIENTED_EDGE('',*,*,#4673,.F.);
#5382 = PLANE('',#5383);
#5383 = AXIS2_PLACEMENT_3D('',#5384,#5385,#5386);
#5384 = CARTESIAN_POINT('',(-0.3,-4.78,8.2));
#5385 = DIRECTION('',(-1.,1.110223024625E-16,0.));
#5386 = DIRECTION('',(-1.110223024625E-16,-1.,0.));
#5387 = ADVANCED_FACE('',(#5388),#5431,.F.);
#5388 = FACE_BOUND('',#5389,.F.);
#5389 = EDGE_LOOP('',(#5390,#5391,#5392,#5400,#5408,#5416,#5424,#5430));
#5390 = ORIENTED_EDGE('',*,*,#4690,.F.);
#5391 = ORIENTED_EDGE('',*,*,#5376,.T.);
#5392 = ORIENTED_EDGE('',*,*,#5393,.T.);
#5393 = EDGE_CURVE('',#5369,#5394,#5396,.T.);
#5394 = VERTEX_POINT('',#5395);
#5395 = CARTESIAN_POINT('',(-0.1,-5.38,0.9));
#5396 = LINE('',#5397,#5398);
#5397 = CARTESIAN_POINT('',(-0.3,-5.38,0.9));
#5398 = VECTOR('',#5399,1.);
#5399 = DIRECTION('',(1.,-1.110223024625E-16,0.));
#5400 = ORIENTED_EDGE('',*,*,#5401,.F.);
#5401 = EDGE_CURVE('',#5402,#5394,#5404,.T.);
#5402 = VERTEX_POINT('',#5403);
#5403 = CARTESIAN_POINT('',(-0.1,-5.38,7.4));
#5404 = LINE('',#5405,#5406);
#5405 = CARTESIAN_POINT('',(-0.1,-5.38,6.055738799212));
#5406 = VECTOR('',#5407,1.);
#5407 = DIRECTION('',(-0.,0.,-1.));
#5408 = ORIENTED_EDGE('',*,*,#5409,.T.);
#5409 = EDGE_CURVE('',#5402,#5410,#5412,.T.);
#5410 = VERTEX_POINT('',#5411);
#5411 = CARTESIAN_POINT('',(0.1,-5.38,7.4));
#5412 = LINE('',#5413,#5414);
#5413 = CARTESIAN_POINT('',(-0.1,-5.38,7.4));
#5414 = VECTOR('',#5415,1.);
#5415 = DIRECTION('',(1.,-1.110223024625E-16,0.));
#5416 = ORIENTED_EDGE('',*,*,#5417,.T.);
#5417 = EDGE_CURVE('',#5410,#5418,#5420,.T.);
#5418 = VERTEX_POINT('',#5419);
#5419 = CARTESIAN_POINT('',(0.1,-5.38,0.9));
#5420 = LINE('',#5421,#5422);
#5421 = CARTESIAN_POINT('',(0.1,-5.38,6.055738799212));
#5422 = VECTOR('',#5423,1.);
#5423 = DIRECTION('',(-0.,0.,-1.));
#5424 = ORIENTED_EDGE('',*,*,#5425,.T.);
#5425 = EDGE_CURVE('',#5418,#5281,#5426,.T.);
#5426 = LINE('',#5427,#5428);
#5427 = CARTESIAN_POINT('',(-0.3,-5.38,0.9));
#5428 = VECTOR('',#5429,1.);
#5429 = DIRECTION('',(1.,-1.110223024625E-16,0.));
#5430 = ORIENTED_EDGE('',*,*,#5280,.F.);
#5431 = PLANE('',#5432);
#5432 = AXIS2_PLACEMENT_3D('',#5433,#5434,#5435);
#5433 = CARTESIAN_POINT('',(-0.3,-5.38,8.2));
#5434 = DIRECTION('',(-1.110223024625E-16,-1.,0.));
#5435 = DIRECTION('',(1.,-1.110223024625E-16,0.));
#5436 = ADVANCED_FACE('',(#5437),#5462,.F.);
#5437 = FACE_BOUND('',#5438,.F.);
#5438 = EDGE_LOOP('',(#5439,#5447,#5455,#5461));
#5439 = ORIENTED_EDGE('',*,*,#5440,.T.);
#5440 = EDGE_CURVE('',#4705,#5441,#5443,.T.);
#5441 = VERTEX_POINT('',#5442);
#5442 = CARTESIAN_POINT('',(0.3,-2.84,0.9));
#5443 = LINE('',#5444,#5445);
#5444 = CARTESIAN_POINT('',(0.3,-2.84,8.2));
#5445 = VECTOR('',#5446,1.);
#5446 = DIRECTION('',(0.,-0.,-1.));
#5447 = ORIENTED_EDGE('',*,*,#5448,.T.);
#5448 = EDGE_CURVE('',#5441,#5449,#5451,.T.);
#5449 = VERTEX_POINT('',#5450);
#5450 = CARTESIAN_POINT('',(0.3,-2.24,0.9));
#5451 = LINE('',#5452,#5453);
#5452 = CARTESIAN_POINT('',(0.3,-2.84,0.9));
#5453 = VECTOR('',#5454,1.);
#5454 = DIRECTION('',(1.110223024625E-16,1.,0.));
#5455 = ORIENTED_EDGE('',*,*,#5456,.F.);
#5456 = EDGE_CURVE('',#4714,#5449,#5457,.T.);
#5457 = LINE('',#5458,#5459);
#5458 = CARTESIAN_POINT('',(0.3,-2.24,8.2));
#5459 = VECTOR('',#5460,1.);
#5460 = DIRECTION('',(0.,-0.,-1.));
#5461 = ORIENTED_EDGE('',*,*,#4721,.F.);
#5462 = PLANE('',#5463);
#5463 = AXIS2_PLACEMENT_3D('',#5464,#5465,#5466);
#5464 = CARTESIAN_POINT('',(0.3,-2.84,8.2));
#5465 = DIRECTION('',(1.,-1.110223024625E-16,0.));
#5466 = DIRECTION('',(1.110223024625E-16,1.,0.));
#5467 = ADVANCED_FACE('',(#5468),#5518,.F.);
#5468 = FACE_BOUND('',#5469,.F.);
#5469 = EDGE_LOOP('',(#5470,#5471,#5472,#5480,#5488,#5496,#5504,#5512));
#5470 = ORIENTED_EDGE('',*,*,#4745,.F.);
#5471 = ORIENTED_EDGE('',*,*,#5456,.T.);
#5472 = ORIENTED_EDGE('',*,*,#5473,.T.);
#5473 = EDGE_CURVE('',#5449,#5474,#5476,.T.);
#5474 = VERTEX_POINT('',#5475);
#5475 = CARTESIAN_POINT('',(0.1,-2.24,0.9));
#5476 = LINE('',#5477,#5478);
#5477 = CARTESIAN_POINT('',(0.3,-2.24,0.9));
#5478 = VECTOR('',#5479,1.);
#5479 = DIRECTION('',(-1.,1.110223024625E-16,0.));
#5480 = ORIENTED_EDGE('',*,*,#5481,.T.);
#5481 = EDGE_CURVE('',#5474,#5482,#5484,.T.);
#5482 = VERTEX_POINT('',#5483);
#5483 = CARTESIAN_POINT('',(0.1,-2.24,7.4));
#5484 = LINE('',#5485,#5486);
#5485 = CARTESIAN_POINT('',(0.1,-2.24,6.055738799212));
#5486 = VECTOR('',#5487,1.);
#5487 = DIRECTION('',(0.,-0.,1.));
#5488 = ORIENTED_EDGE('',*,*,#5489,.F.);
#5489 = EDGE_CURVE('',#5490,#5482,#5492,.T.);
#5490 = VERTEX_POINT('',#5491);
#5491 = CARTESIAN_POINT('',(-0.1,-2.24,7.4));
#5492 = LINE('',#5493,#5494);
#5493 = CARTESIAN_POINT('',(-0.1,-2.24,7.4));
#5494 = VECTOR('',#5495,1.);
#5495 = DIRECTION('',(1.,-1.110223024625E-16,0.));
#5496 = ORIENTED_EDGE('',*,*,#5497,.F.);
#5497 = EDGE_CURVE('',#5498,#5490,#5500,.T.);
#5498 = VERTEX_POINT('',#5499);
#5499 = CARTESIAN_POINT('',(-0.1,-2.24,0.9));
#5500 = LINE('',#5501,#5502);
#5501 = CARTESIAN_POINT('',(-0.1,-2.24,6.055738799212));
#5502 = VECTOR('',#5503,1.);
#5503 = DIRECTION('',(0.,-0.,1.));
#5504 = ORIENTED_EDGE('',*,*,#5505,.T.);
#5505 = EDGE_CURVE('',#5498,#5506,#5508,.T.);
#5506 = VERTEX_POINT('',#5507);
#5507 = CARTESIAN_POINT('',(-0.3,-2.24,0.9));
#5508 = LINE('',#5509,#5510);
#5509 = CARTESIAN_POINT('',(0.3,-2.24,0.9));
#5510 = VECTOR('',#5511,1.);
#5511 = DIRECTION('',(-1.,1.110223024625E-16,0.));
#5512 = ORIENTED_EDGE('',*,*,#5513,.F.);
#5513 = EDGE_CURVE('',#4738,#5506,#5514,.T.);
#5514 = LINE('',#5515,#5516);
#5515 = CARTESIAN_POINT('',(-0.3,-2.24,8.2));
#5516 = VECTOR('',#5517,1.);
#5517 = DIRECTION('',(0.,-0.,-1.));
#5518 = PLANE('',#5519);
#5519 = AXIS2_PLACEMENT_3D('',#5520,#5521,#5522);
#5520 = CARTESIAN_POINT('',(0.3,-2.24,8.2));
#5521 = DIRECTION('',(1.110223024625E-16,1.,0.));
#5522 = DIRECTION('',(-1.,1.110223024625E-16,0.));
#5523 = ADVANCED_FACE('',(#5524),#5542,.F.);
#5524 = FACE_BOUND('',#5525,.F.);
#5525 = EDGE_LOOP('',(#5526,#5527,#5535,#5541));
#5526 = ORIENTED_EDGE('',*,*,#5513,.T.);
#5527 = ORIENTED_EDGE('',*,*,#5528,.T.);
#5528 = EDGE_CURVE('',#5506,#5529,#5531,.T.);
#5529 = VERTEX_POINT('',#5530);
#5530 = CARTESIAN_POINT('',(-0.3,-2.84,0.9));
#5531 = LINE('',#5532,#5533);
#5532 = CARTESIAN_POINT('',(-0.3,-2.24,0.9));
#5533 = VECTOR('',#5534,1.);
#5534 = DIRECTION('',(-1.110223024625E-16,-1.,0.));
#5535 = ORIENTED_EDGE('',*,*,#5536,.F.);
#5536 = EDGE_CURVE('',#4762,#5529,#5537,.T.);
#5537 = LINE('',#5538,#5539);
#5538 = CARTESIAN_POINT('',(-0.3,-2.84,8.2));
#5539 = VECTOR('',#5540,1.);
#5540 = DIRECTION('',(0.,-0.,-1.));
#5541 = ORIENTED_EDGE('',*,*,#4769,.F.);
#5542 = PLANE('',#5543);
#5543 = AXIS2_PLACEMENT_3D('',#5544,#5545,#5546);
#5544 = CARTESIAN_POINT('',(-0.3,-2.24,8.2));
#5545 = DIRECTION('',(-1.,1.110223024625E-16,0.));
#5546 = DIRECTION('',(-1.110223024625E-16,-1.,0.));
#5547 = ADVANCED_FACE('',(#5548),#5591,.F.);
#5548 = FACE_BOUND('',#5549,.F.);
#5549 = EDGE_LOOP('',(#5550,#5551,#5552,#5560,#5568,#5576,#5584,#5590));
#5550 = ORIENTED_EDGE('',*,*,#4786,.F.);
#5551 = ORIENTED_EDGE('',*,*,#5536,.T.);
#5552 = ORIENTED_EDGE('',*,*,#5553,.T.);
#5553 = EDGE_CURVE('',#5529,#5554,#5556,.T.);
#5554 = VERTEX_POINT('',#5555);
#5555 = CARTESIAN_POINT('',(-0.1,-2.84,0.9));
#5556 = LINE('',#5557,#5558);
#5557 = CARTESIAN_POINT('',(-0.3,-2.84,0.9));
#5558 = VECTOR('',#5559,1.);
#5559 = DIRECTION('',(1.,-1.110223024625E-16,0.));
#5560 = ORIENTED_EDGE('',*,*,#5561,.F.);
#5561 = EDGE_CURVE('',#5562,#5554,#5564,.T.);
#5562 = VERTEX_POINT('',#5563);
#5563 = CARTESIAN_POINT('',(-0.1,-2.84,7.4));
#5564 = LINE('',#5565,#5566);
#5565 = CARTESIAN_POINT('',(-0.1,-2.84,6.055738799212));
#5566 = VECTOR('',#5567,1.);
#5567 = DIRECTION('',(-0.,0.,-1.));
#5568 = ORIENTED_EDGE('',*,*,#5569,.T.);
#5569 = EDGE_CURVE('',#5562,#5570,#5572,.T.);
#5570 = VERTEX_POINT('',#5571);
#5571 = CARTESIAN_POINT('',(0.1,-2.84,7.4));
#5572 = LINE('',#5573,#5574);
#5573 = CARTESIAN_POINT('',(-0.1,-2.84,7.4));
#5574 = VECTOR('',#5575,1.);
#5575 = DIRECTION('',(1.,-1.110223024625E-16,0.));
#5576 = ORIENTED_EDGE('',*,*,#5577,.T.);
#5577 = EDGE_CURVE('',#5570,#5578,#5580,.T.);
#5578 = VERTEX_POINT('',#5579);
#5579 = CARTESIAN_POINT('',(0.1,-2.84,0.9));
#5580 = LINE('',#5581,#5582);
#5581 = CARTESIAN_POINT('',(0.1,-2.84,6.055738799212));
#5582 = VECTOR('',#5583,1.);
#5583 = DIRECTION('',(-0.,0.,-1.));
#5584 = ORIENTED_EDGE('',*,*,#5585,.T.);
#5585 = EDGE_CURVE('',#5578,#5441,#5586,.T.);
#5586 = LINE('',#5587,#5588);
#5587 = CARTESIAN_POINT('',(-0.3,-2.84,0.9));
#5588 = VECTOR('',#5589,1.);
#5589 = DIRECTION('',(1.,-1.110223024625E-16,0.));
#5590 = ORIENTED_EDGE('',*,*,#5440,.F.);
#5591 = PLANE('',#5592);
#5592 = AXIS2_PLACEMENT_3D('',#5593,#5594,#5595);
#5593 = CARTESIAN_POINT('',(-0.3,-2.84,8.2));
#5594 = DIRECTION('',(-1.110223024625E-16,-1.,0.));
#5595 = DIRECTION('',(1.,-1.110223024625E-16,0.));
#5596 = ADVANCED_FACE('',(#5597),#5622,.F.);
#5597 = FACE_BOUND('',#5598,.F.);
#5598 = EDGE_LOOP('',(#5599,#5607,#5615,#5621));
#5599 = ORIENTED_EDGE('',*,*,#5600,.T.);
#5600 = EDGE_CURVE('',#4801,#5601,#5603,.T.);
#5601 = VERTEX_POINT('',#5602);
#5602 = CARTESIAN_POINT('',(0.3,-0.3,0.9));
#5603 = LINE('',#5604,#5605);
#5604 = CARTESIAN_POINT('',(0.3,-0.3,8.2));
#5605 = VECTOR('',#5606,1.);
#5606 = DIRECTION('',(0.,-0.,-1.));
#5607 = ORIENTED_EDGE('',*,*,#5608,.T.);
#5608 = EDGE_CURVE('',#5601,#5609,#5611,.T.);
#5609 = VERTEX_POINT('',#5610);
#5610 = CARTESIAN_POINT('',(0.3,0.3,0.9));
#5611 = LINE('',#5612,#5613);
#5612 = CARTESIAN_POINT('',(0.3,-0.3,0.9));
#5613 = VECTOR('',#5614,1.);
#5614 = DIRECTION('',(1.110223024625E-16,1.,0.));
#5615 = ORIENTED_EDGE('',*,*,#5616,.F.);
#5616 = EDGE_CURVE('',#4810,#5609,#5617,.T.);
#5617 = LINE('',#5618,#5619);
#5618 = CARTESIAN_POINT('',(0.3,0.3,8.2));
#5619 = VECTOR('',#5620,1.);
#5620 = DIRECTION('',(0.,-0.,-1.));
#5621 = ORIENTED_EDGE('',*,*,#4817,.F.);
#5622 = PLANE('',#5623);
#5623 = AXIS2_PLACEMENT_3D('',#5624,#5625,#5626);
#5624 = CARTESIAN_POINT('',(0.3,-0.3,8.2));
#5625 = DIRECTION('',(1.,-1.110223024625E-16,0.));
#5626 = DIRECTION('',(1.110223024625E-16,1.,0.));
#5627 = ADVANCED_FACE('',(#5628),#5678,.F.);
#5628 = FACE_BOUND('',#5629,.F.);
#5629 = EDGE_LOOP('',(#5630,#5631,#5632,#5640,#5648,#5656,#5664,#5672));
#5630 = ORIENTED_EDGE('',*,*,#4841,.F.);
#5631 = ORIENTED_EDGE('',*,*,#5616,.T.);
#5632 = ORIENTED_EDGE('',*,*,#5633,.T.);
#5633 = EDGE_CURVE('',#5609,#5634,#5636,.T.);
#5634 = VERTEX_POINT('',#5635);
#5635 = CARTESIAN_POINT('',(0.1,0.3,0.9));
#5636 = LINE('',#5637,#5638);
#5637 = CARTESIAN_POINT('',(0.3,0.3,0.9));
#5638 = VECTOR('',#5639,1.);
#5639 = DIRECTION('',(-1.,1.110223024625E-16,0.));
#5640 = ORIENTED_EDGE('',*,*,#5641,.T.);
#5641 = EDGE_CURVE('',#5634,#5642,#5644,.T.);
#5642 = VERTEX_POINT('',#5643);
#5643 = CARTESIAN_POINT('',(0.1,0.3,7.4));
#5644 = LINE('',#5645,#5646);
#5645 = CARTESIAN_POINT('',(0.1,0.3,6.055738799212));
#5646 = VECTOR('',#5647,1.);
#5647 = DIRECTION('',(0.,-0.,1.));
#5648 = ORIENTED_EDGE('',*,*,#5649,.F.);
#5649 = EDGE_CURVE('',#5650,#5642,#5652,.T.);
#5650 = VERTEX_POINT('',#5651);
#5651 = CARTESIAN_POINT('',(-0.1,0.3,7.4));
#5652 = LINE('',#5653,#5654);
#5653 = CARTESIAN_POINT('',(-0.1,0.3,7.4));
#5654 = VECTOR('',#5655,1.);
#5655 = DIRECTION('',(1.,-1.110223024625E-16,0.));
#5656 = ORIENTED_EDGE('',*,*,#5657,.F.);
#5657 = EDGE_CURVE('',#5658,#5650,#5660,.T.);
#5658 = VERTEX_POINT('',#5659);
#5659 = CARTESIAN_POINT('',(-0.1,0.3,0.9));
#5660 = LINE('',#5661,#5662);
#5661 = CARTESIAN_POINT('',(-0.1,0.3,6.055738799212));
#5662 = VECTOR('',#5663,1.);
#5663 = DIRECTION('',(0.,-0.,1.));
#5664 = ORIENTED_EDGE('',*,*,#5665,.T.);
#5665 = EDGE_CURVE('',#5658,#5666,#5668,.T.);
#5666 = VERTEX_POINT('',#5667);
#5667 = CARTESIAN_POINT('',(-0.3,0.3,0.9));
#5668 = LINE('',#5669,#5670);
#5669 = CARTESIAN_POINT('',(0.3,0.3,0.9));
#5670 = VECTOR('',#5671,1.);
#5671 = DIRECTION('',(-1.,1.110223024625E-16,0.));
#5672 = ORIENTED_EDGE('',*,*,#5673,.F.);
#5673 = EDGE_CURVE('',#4834,#5666,#5674,.T.);
#5674 = LINE('',#5675,#5676);
#5675 = CARTESIAN_POINT('',(-0.3,0.3,8.2));
#5676 = VECTOR('',#5677,1.);
#5677 = DIRECTION('',(0.,-0.,-1.));
#5678 = PLANE('',#5679);
#5679 = AXIS2_PLACEMENT_3D('',#5680,#5681,#5682);
#5680 = CARTESIAN_POINT('',(0.3,0.3,8.2));
#5681 = DIRECTION('',(1.110223024625E-16,1.,0.));
#5682 = DIRECTION('',(-1.,1.110223024625E-16,0.));
#5683 = ADVANCED_FACE('',(#5684),#5702,.F.);
#5684 = FACE_BOUND('',#5685,.F.);
#5685 = EDGE_LOOP('',(#5686,#5687,#5695,#5701));
#5686 = ORIENTED_EDGE('',*,*,#5673,.T.);
#5687 = ORIENTED_EDGE('',*,*,#5688,.T.);
#5688 = EDGE_CURVE('',#5666,#5689,#5691,.T.);
#5689 = VERTEX_POINT('',#5690);
#5690 = CARTESIAN_POINT('',(-0.3,-0.3,0.9));
#5691 = LINE('',#5692,#5693);
#5692 = CARTESIAN_POINT('',(-0.3,0.3,0.9));
#5693 = VECTOR('',#5694,1.);
#5694 = DIRECTION('',(-1.110223024625E-16,-1.,0.));
#5695 = ORIENTED_EDGE('',*,*,#5696,.F.);
#5696 = EDGE_CURVE('',#4858,#5689,#5697,.T.);
#5697 = LINE('',#5698,#5699);
#5698 = CARTESIAN_POINT('',(-0.3,-0.3,8.2));
#5699 = VECTOR('',#5700,1.);
#5700 = DIRECTION('',(0.,-0.,-1.));
#5701 = ORIENTED_EDGE('',*,*,#4865,.F.);
#5702 = PLANE('',#5703);
#5703 = AXIS2_PLACEMENT_3D('',#5704,#5705,#5706);
#5704 = CARTESIAN_POINT('',(-0.3,0.3,8.2));
#5705 = DIRECTION('',(-1.,1.110223024625E-16,0.));
#5706 = DIRECTION('',(-1.110223024625E-16,-1.,0.));
#5707 = ADVANCED_FACE('',(#5708),#5751,.F.);
#5708 = FACE_BOUND('',#5709,.F.);
#5709 = EDGE_LOOP('',(#5710,#5711,#5712,#5720,#5728,#5736,#5744,#5750));
#5710 = ORIENTED_EDGE('',*,*,#4882,.F.);
#5711 = ORIENTED_EDGE('',*,*,#5696,.T.);
#5712 = ORIENTED_EDGE('',*,*,#5713,.T.);
#5713 = EDGE_CURVE('',#5689,#5714,#5716,.T.);
#5714 = VERTEX_POINT('',#5715);
#5715 = CARTESIAN_POINT('',(-0.1,-0.3,0.9));
#5716 = LINE('',#5717,#5718);
#5717 = CARTESIAN_POINT('',(-0.3,-0.3,0.9));
#5718 = VECTOR('',#5719,1.);
#5719 = DIRECTION('',(1.,-1.110223024625E-16,0.));
#5720 = ORIENTED_EDGE('',*,*,#5721,.F.);
#5721 = EDGE_CURVE('',#5722,#5714,#5724,.T.);
#5722 = VERTEX_POINT('',#5723);
#5723 = CARTESIAN_POINT('',(-0.1,-0.3,7.4));
#5724 = LINE('',#5725,#5726);
#5725 = CARTESIAN_POINT('',(-0.1,-0.3,6.055738799212));
#5726 = VECTOR('',#5727,1.);
#5727 = DIRECTION('',(-0.,0.,-1.));
#5728 = ORIENTED_EDGE('',*,*,#5729,.T.);
#5729 = EDGE_CURVE('',#5722,#5730,#5732,.T.);
#5730 = VERTEX_POINT('',#5731);
#5731 = CARTESIAN_POINT('',(0.1,-0.3,7.4));
#5732 = LINE('',#5733,#5734);
#5733 = CARTESIAN_POINT('',(-0.1,-0.3,7.4));
#5734 = VECTOR('',#5735,1.);
#5735 = DIRECTION('',(1.,-1.110223024625E-16,0.));
#5736 = ORIENTED_EDGE('',*,*,#5737,.T.);
#5737 = EDGE_CURVE('',#5730,#5738,#5740,.T.);
#5738 = VERTEX_POINT('',#5739);
#5739 = CARTESIAN_POINT('',(0.1,-0.3,0.9));
#5740 = LINE('',#5741,#5742);
#5741 = CARTESIAN_POINT('',(0.1,-0.3,6.055738799212));
#5742 = VECTOR('',#5743,1.);
#5743 = DIRECTION('',(-0.,0.,-1.));
#5744 = ORIENTED_EDGE('',*,*,#5745,.T.);
#5745 = EDGE_CURVE('',#5738,#5601,#5746,.T.);
#5746 = LINE('',#5747,#5748);
#5747 = CARTESIAN_POINT('',(-0.3,-0.3,0.9));
#5748 = VECTOR('',#5749,1.);
#5749 = DIRECTION('',(1.,-1.110223024625E-16,0.));
#5750 = ORIENTED_EDGE('',*,*,#5600,.F.);
#5751 = PLANE('',#5752);
#5752 = AXIS2_PLACEMENT_3D('',#5753,#5754,#5755);
#5753 = CARTESIAN_POINT('',(-0.3,-0.3,8.2));
#5754 = DIRECTION('',(-1.110223024625E-16,-1.,0.));
#5755 = DIRECTION('',(1.,-1.110223024625E-16,0.));
#5756 = ADVANCED_FACE('',(#5757),#5768,.T.);
#5757 = FACE_BOUND('',#5758,.T.);
#5758 = EDGE_LOOP('',(#5759,#5765,#5766,#5767));
#5759 = ORIENTED_EDGE('',*,*,#5760,.T.);
#5760 = EDGE_CURVE('',#4978,#4914,#5761,.T.);
#5761 = LINE('',#5762,#5763);
#5762 = CARTESIAN_POINT('',(-0.1,-5.38,-2.5));
#5763 = VECTOR('',#5764,1.);
#5764 = DIRECTION('',(1.,-1.110223024625E-16,0.));
#5765 = ORIENTED_EDGE('',*,*,#4913,.T.);
#5766 = ORIENTED_EDGE('',*,*,#4898,.F.);
#5767 = ORIENTED_EDGE('',*,*,#4977,.F.);
#5768 = PLANE('',#5769);
#5769 = AXIS2_PLACEMENT_3D('',#5770,#5771,#5772);
#5770 = CARTESIAN_POINT('',(-0.1,-5.38,-2.5));
#5771 = DIRECTION('',(-1.110223024625E-16,-1.,0.));
#5772 = DIRECTION('',(0.,0.,1.));
#5773 = ADVANCED_FACE('',(#5774),#5785,.T.);
#5774 = FACE_BOUND('',#5775,.T.);
#5775 = EDGE_LOOP('',(#5776,#5782,#5783,#5784));
#5776 = ORIENTED_EDGE('',*,*,#5777,.T.);
#5777 = EDGE_CURVE('',#5003,#4939,#5778,.T.);
#5778 = LINE('',#5779,#5780);
#5779 = CARTESIAN_POINT('',(-0.1,-5.23,-3.1));
#5780 = VECTOR('',#5781,1.);
#5781 = DIRECTION('',(1.,-1.110223024625E-16,0.));
#5782 = ORIENTED_EDGE('',*,*,#4946,.T.);
#5783 = ORIENTED_EDGE('',*,*,#5760,.F.);
#5784 = ORIENTED_EDGE('',*,*,#5010,.F.);
#5785 = PLANE('',#5786);
#5786 = AXIS2_PLACEMENT_3D('',#5787,#5788,#5789);
#5787 = CARTESIAN_POINT('',(-0.1,-5.23,-3.1));
#5788 = DIRECTION('',(-1.077074540829E-16,-0.970142500145,
    -0.242535625036));
#5789 = DIRECTION('',(-2.692686352073E-17,-0.242535625036,0.970142500145
    ));
#5790 = ADVANCED_FACE('',(#5791),#5802,.T.);
#5791 = FACE_BOUND('',#5792,.T.);
#5792 = EDGE_LOOP('',(#5793,#5799,#5800,#5801));
#5793 = ORIENTED_EDGE('',*,*,#5794,.T.);
#5794 = EDGE_CURVE('',#4995,#4931,#5795,.T.);
#5795 = LINE('',#5796,#5797);
#5796 = CARTESIAN_POINT('',(-0.1,-4.93,-3.1));
#5797 = VECTOR('',#5798,1.);
#5798 = DIRECTION('',(1.,-1.110223024625E-16,0.));
#5799 = ORIENTED_EDGE('',*,*,#4938,.T.);
#5800 = ORIENTED_EDGE('',*,*,#5777,.F.);
#5801 = ORIENTED_EDGE('',*,*,#5002,.T.);
#5802 = PLANE('',#5803);
#5803 = AXIS2_PLACEMENT_3D('',#5804,#5805,#5806);
#5804 = CARTESIAN_POINT('',(-0.1,-4.93,-3.1));
#5805 = DIRECTION('',(0.,-0.,-1.));
#5806 = DIRECTION('',(-1.110223024625E-16,-1.,0.));
#5807 = ADVANCED_FACE('',(#5808),#5819,.T.);
#5808 = FACE_BOUND('',#5809,.T.);
#5809 = EDGE_LOOP('',(#5810,#5816,#5817,#5818));
#5810 = ORIENTED_EDGE('',*,*,#5811,.T.);
#5811 = EDGE_CURVE('',#4987,#4923,#5812,.T.);
#5812 = LINE('',#5813,#5814);
#5813 = CARTESIAN_POINT('',(-0.1,-4.78,-2.5));
#5814 = VECTOR('',#5815,1.);
#5815 = DIRECTION('',(1.,-1.110223024625E-16,0.));
#5816 = ORIENTED_EDGE('',*,*,#4930,.T.);
#5817 = ORIENTED_EDGE('',*,*,#5794,.F.);
#5818 = ORIENTED_EDGE('',*,*,#4994,.F.);
#5819 = PLANE('',#5820);
#5820 = AXIS2_PLACEMENT_3D('',#5821,#5822,#5823);
#5821 = CARTESIAN_POINT('',(-0.1,-4.78,-2.5));
#5822 = DIRECTION('',(1.077074540829E-16,0.970142500145,-0.242535625036)
  );
#5823 = DIRECTION('',(-2.692686352073E-17,-0.242535625036,
    -0.970142500145));
#5824 = ADVANCED_FACE('',(#5825),#5831,.T.);
#5825 = FACE_BOUND('',#5826,.T.);
#5826 = EDGE_LOOP('',(#5827,#5828,#5829,#5830));
#5827 = ORIENTED_EDGE('',*,*,#4960,.T.);
#5828 = ORIENTED_EDGE('',*,*,#4922,.T.);
#5829 = ORIENTED_EDGE('',*,*,#5811,.F.);
#5830 = ORIENTED_EDGE('',*,*,#4986,.F.);
#5831 = PLANE('',#5832);
#5832 = AXIS2_PLACEMENT_3D('',#5833,#5834,#5835);
#5833 = CARTESIAN_POINT('',(-0.1,-4.78,0.2));
#5834 = DIRECTION('',(1.110223024625E-16,1.,0.));
#5835 = DIRECTION('',(0.,0.,-1.));
#5836 = ADVANCED_FACE('',(#5837),#5848,.T.);
#5837 = FACE_BOUND('',#5838,.T.);
#5838 = EDGE_LOOP('',(#5839,#5845,#5846,#5847));
#5839 = ORIENTED_EDGE('',*,*,#5840,.T.);
#5840 = EDGE_CURVE('',#5106,#5042,#5841,.T.);
#5841 = LINE('',#5842,#5843);
#5842 = CARTESIAN_POINT('',(-0.1,-2.84,-2.5));
#5843 = VECTOR('',#5844,1.);
#5844 = DIRECTION('',(1.,-1.110223024625E-16,0.));
#5845 = ORIENTED_EDGE('',*,*,#5041,.T.);
#5846 = ORIENTED_EDGE('',*,*,#5026,.F.);
#5847 = ORIENTED_EDGE('',*,*,#5105,.F.);
#5848 = PLANE('',#5849);
#5849 = AXIS2_PLACEMENT_3D('',#5850,#5851,#5852);
#5850 = CARTESIAN_POINT('',(-0.1,-2.84,-2.5));
#5851 = DIRECTION('',(-1.110223024625E-16,-1.,0.));
#5852 = DIRECTION('',(0.,0.,1.));
#5853 = ADVANCED_FACE('',(#5854),#5865,.T.);
#5854 = FACE_BOUND('',#5855,.T.);
#5855 = EDGE_LOOP('',(#5856,#5862,#5863,#5864));
#5856 = ORIENTED_EDGE('',*,*,#5857,.T.);
#5857 = EDGE_CURVE('',#5131,#5067,#5858,.T.);
#5858 = LINE('',#5859,#5860);
#5859 = CARTESIAN_POINT('',(-0.1,-2.69,-3.1));
#5860 = VECTOR('',#5861,1.);
#5861 = DIRECTION('',(1.,-1.110223024625E-16,0.));
#5862 = ORIENTED_EDGE('',*,*,#5074,.T.);
#5863 = ORIENTED_EDGE('',*,*,#5840,.F.);
#5864 = ORIENTED_EDGE('',*,*,#5138,.F.);
#5865 = PLANE('',#5866);
#5866 = AXIS2_PLACEMENT_3D('',#5867,#5868,#5869);
#5867 = CARTESIAN_POINT('',(-0.1,-2.69,-3.1));
#5868 = DIRECTION('',(-1.077074540829E-16,-0.970142500145,
    -0.242535625036));
#5869 = DIRECTION('',(-2.692686352073E-17,-0.242535625036,0.970142500145
    ));
#5870 = ADVANCED_FACE('',(#5871),#5882,.T.);
#5871 = FACE_BOUND('',#5872,.T.);
#5872 = EDGE_LOOP('',(#5873,#5879,#5880,#5881));
#5873 = ORIENTED_EDGE('',*,*,#5874,.T.);
#5874 = EDGE_CURVE('',#5123,#5059,#5875,.T.);
#5875 = LINE('',#5876,#5877);
#5876 = CARTESIAN_POINT('',(-0.1,-2.39,-3.1));
#5877 = VECTOR('',#5878,1.);
#5878 = DIRECTION('',(1.,-1.110223024625E-16,0.));
#5879 = ORIENTED_EDGE('',*,*,#5066,.T.);
#5880 = ORIENTED_EDGE('',*,*,#5857,.F.);
#5881 = ORIENTED_EDGE('',*,*,#5130,.T.);
#5882 = PLANE('',#5883);
#5883 = AXIS2_PLACEMENT_3D('',#5884,#5885,#5886);
#5884 = CARTESIAN_POINT('',(-0.1,-2.39,-3.1));
#5885 = DIRECTION('',(0.,-0.,-1.));
#5886 = DIRECTION('',(-1.110223024625E-16,-1.,0.));
#5887 = ADVANCED_FACE('',(#5888),#5899,.T.);
#5888 = FACE_BOUND('',#5889,.T.);
#5889 = EDGE_LOOP('',(#5890,#5896,#5897,#5898));
#5890 = ORIENTED_EDGE('',*,*,#5891,.T.);
#5891 = EDGE_CURVE('',#5115,#5051,#5892,.T.);
#5892 = LINE('',#5893,#5894);
#5893 = CARTESIAN_POINT('',(-0.1,-2.24,-2.5));
#5894 = VECTOR('',#5895,1.);
#5895 = DIRECTION('',(1.,-1.110223024625E-16,0.));
#5896 = ORIENTED_EDGE('',*,*,#5058,.T.);
#5897 = ORIENTED_EDGE('',*,*,#5874,.F.);
#5898 = ORIENTED_EDGE('',*,*,#5122,.F.);
#5899 = PLANE('',#5900);
#5900 = AXIS2_PLACEMENT_3D('',#5901,#5902,#5903);
#5901 = CARTESIAN_POINT('',(-0.1,-2.24,-2.5));
#5902 = DIRECTION('',(1.077074540829E-16,0.970142500145,-0.242535625036)
  );
#5903 = DIRECTION('',(-2.692686352073E-17,-0.242535625036,
    -0.970142500145));
#5904 = ADVANCED_FACE('',(#5905),#5911,.T.);
#5905 = FACE_BOUND('',#5906,.T.);
#5906 = EDGE_LOOP('',(#5907,#5908,#5909,#5910));
#5907 = ORIENTED_EDGE('',*,*,#5088,.T.);
#5908 = ORIENTED_EDGE('',*,*,#5050,.T.);
#5909 = ORIENTED_EDGE('',*,*,#5891,.F.);
#5910 = ORIENTED_EDGE('',*,*,#5114,.F.);
#5911 = PLANE('',#5912);
#5912 = AXIS2_PLACEMENT_3D('',#5913,#5914,#5915);
#5913 = CARTESIAN_POINT('',(-0.1,-2.24,0.2));
#5914 = DIRECTION('',(1.110223024625E-16,1.,0.));
#5915 = DIRECTION('',(0.,0.,-1.));
#5916 = ADVANCED_FACE('',(#5917),#5928,.T.);
#5917 = FACE_BOUND('',#5918,.T.);
#5918 = EDGE_LOOP('',(#5919,#5925,#5926,#5927));
#5919 = ORIENTED_EDGE('',*,*,#5920,.T.);
#5920 = EDGE_CURVE('',#5234,#5170,#5921,.T.);
#5921 = LINE('',#5922,#5923);
#5922 = CARTESIAN_POINT('',(-0.1,-0.3,-2.5));
#5923 = VECTOR('',#5924,1.);
#5924 = DIRECTION('',(1.,-1.110223024625E-16,0.));
#5925 = ORIENTED_EDGE('',*,*,#5169,.T.);
#5926 = ORIENTED_EDGE('',*,*,#5154,.F.);
#5927 = ORIENTED_EDGE('',*,*,#5233,.F.);
#5928 = PLANE('',#5929);
#5929 = AXIS2_PLACEMENT_3D('',#5930,#5931,#5932);
#5930 = CARTESIAN_POINT('',(-0.1,-0.3,-2.5));
#5931 = DIRECTION('',(-1.110223024625E-16,-1.,0.));
#5932 = DIRECTION('',(0.,0.,1.));
#5933 = ADVANCED_FACE('',(#5934),#5945,.T.);
#5934 = FACE_BOUND('',#5935,.T.);
#5935 = EDGE_LOOP('',(#5936,#5942,#5943,#5944));
#5936 = ORIENTED_EDGE('',*,*,#5937,.T.);
#5937 = EDGE_CURVE('',#5259,#5195,#5938,.T.);
#5938 = LINE('',#5939,#5940);
#5939 = CARTESIAN_POINT('',(-0.1,-0.15,-3.1));
#5940 = VECTOR('',#5941,1.);
#5941 = DIRECTION('',(1.,-1.110223024625E-16,0.));
#5942 = ORIENTED_EDGE('',*,*,#5202,.T.);
#5943 = ORIENTED_EDGE('',*,*,#5920,.F.);
#5944 = ORIENTED_EDGE('',*,*,#5266,.F.);
#5945 = PLANE('',#5946);
#5946 = AXIS2_PLACEMENT_3D('',#5947,#5948,#5949);
#5947 = CARTESIAN_POINT('',(-0.1,-0.15,-3.1));
#5948 = DIRECTION('',(-1.077074540829E-16,-0.970142500145,
    -0.242535625036));
#5949 = DIRECTION('',(-2.692686352073E-17,-0.242535625036,0.970142500145
    ));
#5950 = ADVANCED_FACE('',(#5951),#5962,.T.);
#5951 = FACE_BOUND('',#5952,.T.);
#5952 = EDGE_LOOP('',(#5953,#5959,#5960,#5961));
#5953 = ORIENTED_EDGE('',*,*,#5954,.T.);
#5954 = EDGE_CURVE('',#5251,#5187,#5955,.T.);
#5955 = LINE('',#5956,#5957);
#5956 = CARTESIAN_POINT('',(-0.1,0.15,-3.1));
#5957 = VECTOR('',#5958,1.);
#5958 = DIRECTION('',(1.,-1.110223024625E-16,0.));
#5959 = ORIENTED_EDGE('',*,*,#5194,.T.);
#5960 = ORIENTED_EDGE('',*,*,#5937,.F.);
#5961 = ORIENTED_EDGE('',*,*,#5258,.T.);
#5962 = PLANE('',#5963);
#5963 = AXIS2_PLACEMENT_3D('',#5964,#5965,#5966);
#5964 = CARTESIAN_POINT('',(-0.1,0.15,-3.1));
#5965 = DIRECTION('',(0.,-0.,-1.));
#5966 = DIRECTION('',(-1.110223024625E-16,-1.,0.));
#5967 = ADVANCED_FACE('',(#5968),#5979,.T.);
#5968 = FACE_BOUND('',#5969,.T.);
#5969 = EDGE_LOOP('',(#5970,#5976,#5977,#5978));
#5970 = ORIENTED_EDGE('',*,*,#5971,.T.);
#5971 = EDGE_CURVE('',#5243,#5179,#5972,.T.);
#5972 = LINE('',#5973,#5974);
#5973 = CARTESIAN_POINT('',(-0.1,0.3,-2.5));
#5974 = VECTOR('',#5975,1.);
#5975 = DIRECTION('',(1.,-1.110223024625E-16,0.));
#5976 = ORIENTED_EDGE('',*,*,#5186,.T.);
#5977 = ORIENTED_EDGE('',*,*,#5954,.F.);
#5978 = ORIENTED_EDGE('',*,*,#5250,.F.);
#5979 = PLANE('',#5980);
#5980 = AXIS2_PLACEMENT_3D('',#5981,#5982,#5983);
#5981 = CARTESIAN_POINT('',(-0.1,0.3,-2.5));
#5982 = DIRECTION('',(1.077074540829E-16,0.970142500145,-0.242535625036)
  );
#5983 = DIRECTION('',(-2.692686352073E-17,-0.242535625036,
    -0.970142500145));
#5984 = ADVANCED_FACE('',(#5985),#5991,.T.);
#5985 = FACE_BOUND('',#5986,.T.);
#5986 = EDGE_LOOP('',(#5987,#5988,#5989,#5990));
#5987 = ORIENTED_EDGE('',*,*,#5216,.T.);
#5988 = ORIENTED_EDGE('',*,*,#5178,.T.);
#5989 = ORIENTED_EDGE('',*,*,#5971,.F.);
#5990 = ORIENTED_EDGE('',*,*,#5242,.F.);
#5991 = PLANE('',#5992);
#5992 = AXIS2_PLACEMENT_3D('',#5993,#5994,#5995);
#5993 = CARTESIAN_POINT('',(-0.1,0.3,0.2));
#5994 = DIRECTION('',(1.110223024625E-16,1.,0.));
#5995 = DIRECTION('',(0.,0.,-1.));
#5996 = ADVANCED_FACE('',(#5997),#6008,.T.);
#5997 = FACE_BOUND('',#5998,.T.);
#5998 = EDGE_LOOP('',(#5999,#6000,#6001,#6002));
#5999 = ORIENTED_EDGE('',*,*,#5425,.T.);
#6000 = ORIENTED_EDGE('',*,*,#5288,.T.);
#6001 = ORIENTED_EDGE('',*,*,#5313,.T.);
#6002 = ORIENTED_EDGE('',*,*,#6003,.T.);
#6003 = EDGE_CURVE('',#5314,#5418,#6004,.T.);
#6004 = LINE('',#6005,#6006);
#6005 = CARTESIAN_POINT('',(0.1,-5.08,0.9));
#6006 = VECTOR('',#6007,1.);
#6007 = DIRECTION('',(-1.110223024625E-16,-1.,0.));
#6008 = PLANE('',#6009);
#6009 = AXIS2_PLACEMENT_3D('',#6010,#6011,#6012);
#6010 = CARTESIAN_POINT('',(-6.461035410391E-16,-5.08,0.9));
#6011 = DIRECTION('',(0.,0.,1.));
#6012 = DIRECTION('',(1.110223024625E-16,1.,-0.));
#6013 = ADVANCED_FACE('',(#6014),#6025,.T.);
#6014 = FACE_BOUND('',#6015,.T.);
#6015 = EDGE_LOOP('',(#6016,#6017,#6023,#6024));
#6016 = ORIENTED_EDGE('',*,*,#5393,.T.);
#6017 = ORIENTED_EDGE('',*,*,#6018,.F.);
#6018 = EDGE_CURVE('',#5338,#5394,#6019,.T.);
#6019 = LINE('',#6020,#6021);
#6020 = CARTESIAN_POINT('',(-0.1,-5.08,0.9));
#6021 = VECTOR('',#6022,1.);
#6022 = DIRECTION('',(-1.110223024625E-16,-1.,0.));
#6023 = ORIENTED_EDGE('',*,*,#5345,.T.);
#6024 = ORIENTED_EDGE('',*,*,#5368,.T.);
#6025 = PLANE('',#6026);
#6026 = AXIS2_PLACEMENT_3D('',#6027,#6028,#6029);
#6027 = CARTESIAN_POINT('',(-6.461035410391E-16,-5.08,0.9));
#6028 = DIRECTION('',(0.,0.,1.));
#6029 = DIRECTION('',(1.110223024625E-16,1.,-0.));
#6030 = ADVANCED_FACE('',(#6031),#6074,.T.);
#6031 = FACE_BOUND('',#6032,.T.);
#6032 = EDGE_LOOP('',(#6033,#6034,#6042,#6050,#6058,#6066,#6072,#6073));
#6033 = ORIENTED_EDGE('',*,*,#5401,.F.);
#6034 = ORIENTED_EDGE('',*,*,#6035,.T.);
#6035 = EDGE_CURVE('',#5402,#6036,#6038,.T.);
#6036 = VERTEX_POINT('',#6037);
#6037 = CARTESIAN_POINT('',(-0.1,-5.33,7.35));
#6038 = LINE('',#6039,#6040);
#6039 = CARTESIAN_POINT('',(-0.1,-5.38,7.4));
#6040 = VECTOR('',#6041,1.);
#6041 = DIRECTION('',(7.850462293414E-17,0.707106781187,-0.707106781187)
  );
#6042 = ORIENTED_EDGE('',*,*,#6043,.T.);
#6043 = EDGE_CURVE('',#6036,#6044,#6046,.T.);
#6044 = VERTEX_POINT('',#6045);
#6045 = CARTESIAN_POINT('',(-0.1,-5.33,1.25));
#6046 = LINE('',#6047,#6048);
#6047 = CARTESIAN_POINT('',(-0.1,-5.33,7.35));
#6048 = VECTOR('',#6049,1.);
#6049 = DIRECTION('',(0.,0.,-1.));
#6050 = ORIENTED_EDGE('',*,*,#6051,.T.);
#6051 = EDGE_CURVE('',#6044,#6052,#6054,.T.);
#6052 = VERTEX_POINT('',#6053);
#6053 = CARTESIAN_POINT('',(-0.1,-4.83,1.25));
#6054 = LINE('',#6055,#6056);
#6055 = CARTESIAN_POINT('',(-0.1,-5.33,1.25));
#6056 = VECTOR('',#6057,1.);
#6057 = DIRECTION('',(1.110223024625E-16,1.,0.));
#6058 = ORIENTED_EDGE('',*,*,#6059,.T.);
#6059 = EDGE_CURVE('',#6052,#6060,#6062,.T.);
#6060 = VERTEX_POINT('',#6061);
#6061 = CARTESIAN_POINT('',(-0.1,-4.83,7.35));
#6062 = LINE('',#6063,#6064);
#6063 = CARTESIAN_POINT('',(-0.1,-4.83,1.25));
#6064 = VECTOR('',#6065,1.);
#6065 = DIRECTION('',(0.,0.,1.));
#6066 = ORIENTED_EDGE('',*,*,#6067,.T.);
#6067 = EDGE_CURVE('',#6060,#5330,#6068,.T.);
#6068 = LINE('',#6069,#6070);
#6069 = CARTESIAN_POINT('',(-0.1,-4.83,7.35));
#6070 = VECTOR('',#6071,1.);
#6071 = DIRECTION('',(7.850462293414E-17,0.707106781187,0.707106781187)
  );
#6072 = ORIENTED_EDGE('',*,*,#5337,.F.);
#6073 = ORIENTED_EDGE('',*,*,#6018,.T.);
#6074 = PLANE('',#6075);
#6075 = AXIS2_PLACEMENT_3D('',#6076,#6077,#6078);
#6076 = CARTESIAN_POINT('',(-0.1,-5.08,3.911477598424));
#6077 = DIRECTION('',(-1.,1.110223024625E-16,0.));
#6078 = DIRECTION('',(0.,0.,1.));
#6079 = ADVANCED_FACE('',(#6080),#6098,.T.);
#6080 = FACE_BOUND('',#6081,.T.);
#6081 = EDGE_LOOP('',(#6082,#6090,#6096,#6097));
#6082 = ORIENTED_EDGE('',*,*,#6083,.T.);
#6083 = EDGE_CURVE('',#6060,#6084,#6086,.T.);
#6084 = VERTEX_POINT('',#6085);
#6085 = CARTESIAN_POINT('',(0.1,-4.83,7.35));
#6086 = LINE('',#6087,#6088);
#6087 = CARTESIAN_POINT('',(-0.1,-4.83,7.35));
#6088 = VECTOR('',#6089,1.);
#6089 = DIRECTION('',(1.,-1.110223024625E-16,0.));
#6090 = ORIENTED_EDGE('',*,*,#6091,.T.);
#6091 = EDGE_CURVE('',#6084,#5322,#6092,.T.);
#6092 = LINE('',#6093,#6094);
#6093 = CARTESIAN_POINT('',(0.1,-4.83,7.35));
#6094 = VECTOR('',#6095,1.);
#6095 = DIRECTION('',(7.850462293414E-17,0.707106781187,0.707106781187)
  );
#6096 = ORIENTED_EDGE('',*,*,#5329,.F.);
#6097 = ORIENTED_EDGE('',*,*,#6067,.F.);
#6098 = PLANE('',#6099);
#6099 = AXIS2_PLACEMENT_3D('',#6100,#6101,#6102);
#6100 = CARTESIAN_POINT('',(-0.1,-4.83,7.35));
#6101 = DIRECTION('',(-7.850462293414E-17,-0.707106781187,0.707106781187
    ));
#6102 = DIRECTION('',(7.850462293414E-17,0.707106781187,0.707106781187)
  );
#6103 = ADVANCED_FACE('',(#6104),#6140,.F.);
#6104 = FACE_BOUND('',#6105,.F.);
#6105 = EDGE_LOOP('',(#6106,#6107,#6115,#6123,#6131,#6137,#6138,#6139));
#6106 = ORIENTED_EDGE('',*,*,#5417,.F.);
#6107 = ORIENTED_EDGE('',*,*,#6108,.T.);
#6108 = EDGE_CURVE('',#5410,#6109,#6111,.T.);
#6109 = VERTEX_POINT('',#6110);
#6110 = CARTESIAN_POINT('',(0.1,-5.33,7.35));
#6111 = LINE('',#6112,#6113);
#6112 = CARTESIAN_POINT('',(0.1,-5.38,7.4));
#6113 = VECTOR('',#6114,1.);
#6114 = DIRECTION('',(7.850462293414E-17,0.707106781187,-0.707106781187)
  );
#6115 = ORIENTED_EDGE('',*,*,#6116,.T.);
#6116 = EDGE_CURVE('',#6109,#6117,#6119,.T.);
#6117 = VERTEX_POINT('',#6118);
#6118 = CARTESIAN_POINT('',(0.1,-5.33,1.25));
#6119 = LINE('',#6120,#6121);
#6120 = CARTESIAN_POINT('',(0.1,-5.33,7.35));
#6121 = VECTOR('',#6122,1.);
#6122 = DIRECTION('',(0.,0.,-1.));
#6123 = ORIENTED_EDGE('',*,*,#6124,.T.);
#6124 = EDGE_CURVE('',#6117,#6125,#6127,.T.);
#6125 = VERTEX_POINT('',#6126);
#6126 = CARTESIAN_POINT('',(0.1,-4.83,1.25));
#6127 = LINE('',#6128,#6129);
#6128 = CARTESIAN_POINT('',(0.1,-5.33,1.25));
#6129 = VECTOR('',#6130,1.);
#6130 = DIRECTION('',(1.110223024625E-16,1.,0.));
#6131 = ORIENTED_EDGE('',*,*,#6132,.T.);
#6132 = EDGE_CURVE('',#6125,#6084,#6133,.T.);
#6133 = LINE('',#6134,#6135);
#6134 = CARTESIAN_POINT('',(0.1,-4.83,1.25));
#6135 = VECTOR('',#6136,1.);
#6136 = DIRECTION('',(0.,0.,1.));
#6137 = ORIENTED_EDGE('',*,*,#6091,.T.);
#6138 = ORIENTED_EDGE('',*,*,#5321,.F.);
#6139 = ORIENTED_EDGE('',*,*,#6003,.T.);
#6140 = PLANE('',#6141);
#6141 = AXIS2_PLACEMENT_3D('',#6142,#6143,#6144);
#6142 = CARTESIAN_POINT('',(0.1,-5.08,3.911477598424));
#6143 = DIRECTION('',(-1.,1.110223024625E-16,0.));
#6144 = DIRECTION('',(0.,0.,1.));
#6145 = ADVANCED_FACE('',(#6146),#6157,.T.);
#6146 = FACE_BOUND('',#6147,.T.);
#6147 = EDGE_LOOP('',(#6148,#6149,#6150,#6156));
#6148 = ORIENTED_EDGE('',*,*,#5409,.T.);
#6149 = ORIENTED_EDGE('',*,*,#6108,.T.);
#6150 = ORIENTED_EDGE('',*,*,#6151,.F.);
#6151 = EDGE_CURVE('',#6036,#6109,#6152,.T.);
#6152 = LINE('',#6153,#6154);
#6153 = CARTESIAN_POINT('',(-0.1,-5.33,7.35));
#6154 = VECTOR('',#6155,1.);
#6155 = DIRECTION('',(1.,-1.110223024625E-16,0.));
#6156 = ORIENTED_EDGE('',*,*,#6035,.F.);
#6157 = PLANE('',#6158);
#6158 = AXIS2_PLACEMENT_3D('',#6159,#6160,#6161);
#6159 = CARTESIAN_POINT('',(-0.1,-5.38,7.4));
#6160 = DIRECTION('',(7.850462293414E-17,0.707106781187,0.707106781187)
  );
#6161 = DIRECTION('',(7.850462293414E-17,0.707106781187,-0.707106781187)
  );
#6162 = ADVANCED_FACE('',(#6163),#6174,.T.);
#6163 = FACE_BOUND('',#6164,.T.);
#6164 = EDGE_LOOP('',(#6165,#6166,#6167,#6168));
#6165 = ORIENTED_EDGE('',*,*,#5585,.T.);
#6166 = ORIENTED_EDGE('',*,*,#5448,.T.);
#6167 = ORIENTED_EDGE('',*,*,#5473,.T.);
#6168 = ORIENTED_EDGE('',*,*,#6169,.T.);
#6169 = EDGE_CURVE('',#5474,#5578,#6170,.T.);
#6170 = LINE('',#6171,#6172);
#6171 = CARTESIAN_POINT('',(0.1,-2.54,0.9));
#6172 = VECTOR('',#6173,1.);
#6173 = DIRECTION('',(-1.110223024625E-16,-1.,0.));
#6174 = PLANE('',#6175);
#6175 = AXIS2_PLACEMENT_3D('',#6176,#6177,#6178);
#6176 = CARTESIAN_POINT('',(-3.641068927844E-16,-2.54,0.9));
#6177 = DIRECTION('',(0.,0.,1.));
#6178 = DIRECTION('',(1.110223024625E-16,1.,-0.));
#6179 = ADVANCED_FACE('',(#6180),#6191,.T.);
#6180 = FACE_BOUND('',#6181,.T.);
#6181 = EDGE_LOOP('',(#6182,#6183,#6189,#6190));
#6182 = ORIENTED_EDGE('',*,*,#5553,.T.);
#6183 = ORIENTED_EDGE('',*,*,#6184,.F.);
#6184 = EDGE_CURVE('',#5498,#5554,#6185,.T.);
#6185 = LINE('',#6186,#6187);
#6186 = CARTESIAN_POINT('',(-0.1,-2.54,0.9));
#6187 = VECTOR('',#6188,1.);
#6188 = DIRECTION('',(-1.110223024625E-16,-1.,0.));
#6189 = ORIENTED_EDGE('',*,*,#5505,.T.);
#6190 = ORIENTED_EDGE('',*,*,#5528,.T.);
#6191 = PLANE('',#6192);
#6192 = AXIS2_PLACEMENT_3D('',#6193,#6194,#6195);
#6193 = CARTESIAN_POINT('',(-3.641068927844E-16,-2.54,0.9));
#6194 = DIRECTION('',(0.,0.,1.));
#6195 = DIRECTION('',(1.110223024625E-16,1.,-0.));
#6196 = ADVANCED_FACE('',(#6197),#6240,.T.);
#6197 = FACE_BOUND('',#6198,.T.);
#6198 = EDGE_LOOP('',(#6199,#6200,#6208,#6216,#6224,#6232,#6238,#6239));
#6199 = ORIENTED_EDGE('',*,*,#5561,.F.);
#6200 = ORIENTED_EDGE('',*,*,#6201,.T.);
#6201 = EDGE_CURVE('',#5562,#6202,#6204,.T.);
#6202 = VERTEX_POINT('',#6203);
#6203 = CARTESIAN_POINT('',(-0.1,-2.79,7.35));
#6204 = LINE('',#6205,#6206);
#6205 = CARTESIAN_POINT('',(-0.1,-2.84,7.4));
#6206 = VECTOR('',#6207,1.);
#6207 = DIRECTION('',(7.850462293414E-17,0.707106781187,-0.707106781187)
  );
#6208 = ORIENTED_EDGE('',*,*,#6209,.T.);
#6209 = EDGE_CURVE('',#6202,#6210,#6212,.T.);
#6210 = VERTEX_POINT('',#6211);
#6211 = CARTESIAN_POINT('',(-0.1,-2.79,1.25));
#6212 = LINE('',#6213,#6214);
#6213 = CARTESIAN_POINT('',(-0.1,-2.79,7.35));
#6214 = VECTOR('',#6215,1.);
#6215 = DIRECTION('',(0.,0.,-1.));
#6216 = ORIENTED_EDGE('',*,*,#6217,.T.);
#6217 = EDGE_CURVE('',#6210,#6218,#6220,.T.);
#6218 = VERTEX_POINT('',#6219);
#6219 = CARTESIAN_POINT('',(-0.1,-2.29,1.25));
#6220 = LINE('',#6221,#6222);
#6221 = CARTESIAN_POINT('',(-0.1,-2.79,1.25));
#6222 = VECTOR('',#6223,1.);
#6223 = DIRECTION('',(1.110223024625E-16,1.,0.));
#6224 = ORIENTED_EDGE('',*,*,#6225,.T.);
#6225 = EDGE_CURVE('',#6218,#6226,#6228,.T.);
#6226 = VERTEX_POINT('',#6227);
#6227 = CARTESIAN_POINT('',(-0.1,-2.29,7.35));
#6228 = LINE('',#6229,#6230);
#6229 = CARTESIAN_POINT('',(-0.1,-2.29,1.25));
#6230 = VECTOR('',#6231,1.);
#6231 = DIRECTION('',(0.,0.,1.));
#6232 = ORIENTED_EDGE('',*,*,#6233,.T.);
#6233 = EDGE_CURVE('',#6226,#5490,#6234,.T.);
#6234 = LINE('',#6235,#6236);
#6235 = CARTESIAN_POINT('',(-0.1,-2.29,7.35));
#6236 = VECTOR('',#6237,1.);
#6237 = DIRECTION('',(7.850462293414E-17,0.707106781187,0.707106781187)
  );
#6238 = ORIENTED_EDGE('',*,*,#5497,.F.);
#6239 = ORIENTED_EDGE('',*,*,#6184,.T.);
#6240 = PLANE('',#6241);
#6241 = AXIS2_PLACEMENT_3D('',#6242,#6243,#6244);
#6242 = CARTESIAN_POINT('',(-0.1,-2.54,3.911477598424));
#6243 = DIRECTION('',(-1.,1.110223024625E-16,0.));
#6244 = DIRECTION('',(0.,0.,1.));
#6245 = ADVANCED_FACE('',(#6246),#6264,.T.);
#6246 = FACE_BOUND('',#6247,.T.);
#6247 = EDGE_LOOP('',(#6248,#6256,#6262,#6263));
#6248 = ORIENTED_EDGE('',*,*,#6249,.T.);
#6249 = EDGE_CURVE('',#6226,#6250,#6252,.T.);
#6250 = VERTEX_POINT('',#6251);
#6251 = CARTESIAN_POINT('',(0.1,-2.29,7.35));
#6252 = LINE('',#6253,#6254);
#6253 = CARTESIAN_POINT('',(-0.1,-2.29,7.35));
#6254 = VECTOR('',#6255,1.);
#6255 = DIRECTION('',(1.,-1.110223024625E-16,0.));
#6256 = ORIENTED_EDGE('',*,*,#6257,.T.);
#6257 = EDGE_CURVE('',#6250,#5482,#6258,.T.);
#6258 = LINE('',#6259,#6260);
#6259 = CARTESIAN_POINT('',(0.1,-2.29,7.35));
#6260 = VECTOR('',#6261,1.);
#6261 = DIRECTION('',(7.850462293414E-17,0.707106781187,0.707106781187)
  );
#6262 = ORIENTED_EDGE('',*,*,#5489,.F.);
#6263 = ORIENTED_EDGE('',*,*,#6233,.F.);
#6264 = PLANE('',#6265);
#6265 = AXIS2_PLACEMENT_3D('',#6266,#6267,#6268);
#6266 = CARTESIAN_POINT('',(-0.1,-2.29,7.35));
#6267 = DIRECTION('',(-7.850462293414E-17,-0.707106781187,0.707106781187
    ));
#6268 = DIRECTION('',(7.850462293414E-17,0.707106781187,0.707106781187)
  );
#6269 = ADVANCED_FACE('',(#6270),#6306,.F.);
#6270 = FACE_BOUND('',#6271,.F.);
#6271 = EDGE_LOOP('',(#6272,#6273,#6281,#6289,#6297,#6303,#6304,#6305));
#6272 = ORIENTED_EDGE('',*,*,#5577,.F.);
#6273 = ORIENTED_EDGE('',*,*,#6274,.T.);
#6274 = EDGE_CURVE('',#5570,#6275,#6277,.T.);
#6275 = VERTEX_POINT('',#6276);
#6276 = CARTESIAN_POINT('',(0.1,-2.79,7.35));
#6277 = LINE('',#6278,#6279);
#6278 = CARTESIAN_POINT('',(0.1,-2.84,7.4));
#6279 = VECTOR('',#6280,1.);
#6280 = DIRECTION('',(7.850462293414E-17,0.707106781187,-0.707106781187)
  );
#6281 = ORIENTED_EDGE('',*,*,#6282,.T.);
#6282 = EDGE_CURVE('',#6275,#6283,#6285,.T.);
#6283 = VERTEX_POINT('',#6284);
#6284 = CARTESIAN_POINT('',(0.1,-2.79,1.25));
#6285 = LINE('',#6286,#6287);
#6286 = CARTESIAN_POINT('',(0.1,-2.79,7.35));
#6287 = VECTOR('',#6288,1.);
#6288 = DIRECTION('',(0.,0.,-1.));
#6289 = ORIENTED_EDGE('',*,*,#6290,.T.);
#6290 = EDGE_CURVE('',#6283,#6291,#6293,.T.);
#6291 = VERTEX_POINT('',#6292);
#6292 = CARTESIAN_POINT('',(0.1,-2.29,1.25));
#6293 = LINE('',#6294,#6295);
#6294 = CARTESIAN_POINT('',(0.1,-2.79,1.25));
#6295 = VECTOR('',#6296,1.);
#6296 = DIRECTION('',(1.110223024625E-16,1.,0.));
#6297 = ORIENTED_EDGE('',*,*,#6298,.T.);
#6298 = EDGE_CURVE('',#6291,#6250,#6299,.T.);
#6299 = LINE('',#6300,#6301);
#6300 = CARTESIAN_POINT('',(0.1,-2.29,1.25));
#6301 = VECTOR('',#6302,1.);
#6302 = DIRECTION('',(0.,0.,1.));
#6303 = ORIENTED_EDGE('',*,*,#6257,.T.);
#6304 = ORIENTED_EDGE('',*,*,#5481,.F.);
#6305 = ORIENTED_EDGE('',*,*,#6169,.T.);
#6306 = PLANE('',#6307);
#6307 = AXIS2_PLACEMENT_3D('',#6308,#6309,#6310);
#6308 = CARTESIAN_POINT('',(0.1,-2.54,3.911477598424));
#6309 = DIRECTION('',(-1.,1.110223024625E-16,0.));
#6310 = DIRECTION('',(0.,0.,1.));
#6311 = ADVANCED_FACE('',(#6312),#6323,.T.);
#6312 = FACE_BOUND('',#6313,.T.);
#6313 = EDGE_LOOP('',(#6314,#6315,#6316,#6322));
#6314 = ORIENTED_EDGE('',*,*,#5569,.T.);
#6315 = ORIENTED_EDGE('',*,*,#6274,.T.);
#6316 = ORIENTED_EDGE('',*,*,#6317,.F.);
#6317 = EDGE_CURVE('',#6202,#6275,#6318,.T.);
#6318 = LINE('',#6319,#6320);
#6319 = CARTESIAN_POINT('',(-0.1,-2.79,7.35));
#6320 = VECTOR('',#6321,1.);
#6321 = DIRECTION('',(1.,-1.110223024625E-16,0.));
#6322 = ORIENTED_EDGE('',*,*,#6201,.F.);
#6323 = PLANE('',#6324);
#6324 = AXIS2_PLACEMENT_3D('',#6325,#6326,#6327);
#6325 = CARTESIAN_POINT('',(-0.1,-2.84,7.4));
#6326 = DIRECTION('',(7.850462293414E-17,0.707106781187,0.707106781187)
  );
#6327 = DIRECTION('',(7.850462293414E-17,0.707106781187,-0.707106781187)
  );
#6328 = ADVANCED_FACE('',(#6329),#6340,.T.);
#6329 = FACE_BOUND('',#6330,.T.);
#6330 = EDGE_LOOP('',(#6331,#6332,#6333,#6334));
#6331 = ORIENTED_EDGE('',*,*,#5745,.T.);
#6332 = ORIENTED_EDGE('',*,*,#5608,.T.);
#6333 = ORIENTED_EDGE('',*,*,#5633,.T.);
#6334 = ORIENTED_EDGE('',*,*,#6335,.T.);
#6335 = EDGE_CURVE('',#5634,#5738,#6336,.T.);
#6336 = LINE('',#6337,#6338);
#6337 = CARTESIAN_POINT('',(0.1,-1.110223024625E-17,0.9));
#6338 = VECTOR('',#6339,1.);
#6339 = DIRECTION('',(-1.110223024625E-16,-1.,0.));
#6340 = PLANE('',#6341);
#6341 = AXIS2_PLACEMENT_3D('',#6342,#6343,#6344);
#6342 = CARTESIAN_POINT('',(-8.211024452957E-17,9.116068403433E-33,0.9)
  );
#6343 = DIRECTION('',(0.,0.,1.));
#6344 = DIRECTION('',(1.110223024625E-16,1.,-0.));
#6345 = ADVANCED_FACE('',(#6346),#6357,.T.);
#6346 = FACE_BOUND('',#6347,.T.);
#6347 = EDGE_LOOP('',(#6348,#6349,#6355,#6356));
#6348 = ORIENTED_EDGE('',*,*,#5713,.T.);
#6349 = ORIENTED_EDGE('',*,*,#6350,.F.);
#6350 = EDGE_CURVE('',#5658,#5714,#6351,.T.);
#6351 = LINE('',#6352,#6353);
#6352 = CARTESIAN_POINT('',(-0.1,1.110223024625E-17,0.9));
#6353 = VECTOR('',#6354,1.);
#6354 = DIRECTION('',(-1.110223024625E-16,-1.,0.));
#6355 = ORIENTED_EDGE('',*,*,#5665,.T.);
#6356 = ORIENTED_EDGE('',*,*,#5688,.T.);
#6357 = PLANE('',#6358);
#6358 = AXIS2_PLACEMENT_3D('',#6359,#6360,#6361);
#6359 = CARTESIAN_POINT('',(-8.211024452957E-17,9.116068403433E-33,0.9)
  );
#6360 = DIRECTION('',(0.,0.,1.));
#6361 = DIRECTION('',(1.110223024625E-16,1.,-0.));
#6362 = ADVANCED_FACE('',(#6363),#6406,.T.);
#6363 = FACE_BOUND('',#6364,.T.);
#6364 = EDGE_LOOP('',(#6365,#6366,#6374,#6382,#6390,#6398,#6404,#6405));
#6365 = ORIENTED_EDGE('',*,*,#5721,.F.);
#6366 = ORIENTED_EDGE('',*,*,#6367,.T.);
#6367 = EDGE_CURVE('',#5722,#6368,#6370,.T.);
#6368 = VERTEX_POINT('',#6369);
#6369 = CARTESIAN_POINT('',(-0.1,-0.25,7.35));
#6370 = LINE('',#6371,#6372);
#6371 = CARTESIAN_POINT('',(-0.1,-0.3,7.4));
#6372 = VECTOR('',#6373,1.);
#6373 = DIRECTION('',(7.850462293414E-17,0.707106781187,-0.707106781187)
  );
#6374 = ORIENTED_EDGE('',*,*,#6375,.T.);
#6375 = EDGE_CURVE('',#6368,#6376,#6378,.T.);
#6376 = VERTEX_POINT('',#6377);
#6377 = CARTESIAN_POINT('',(-0.1,-0.25,1.25));
#6378 = LINE('',#6379,#6380);
#6379 = CARTESIAN_POINT('',(-0.1,-0.25,7.35));
#6380 = VECTOR('',#6381,1.);
#6381 = DIRECTION('',(0.,0.,-1.));
#6382 = ORIENTED_EDGE('',*,*,#6383,.T.);
#6383 = EDGE_CURVE('',#6376,#6384,#6386,.T.);
#6384 = VERTEX_POINT('',#6385);
#6385 = CARTESIAN_POINT('',(-0.1,0.25,1.25));
#6386 = LINE('',#6387,#6388);
#6387 = CARTESIAN_POINT('',(-0.1,-0.25,1.25));
#6388 = VECTOR('',#6389,1.);
#6389 = DIRECTION('',(1.110223024625E-16,1.,0.));
#6390 = ORIENTED_EDGE('',*,*,#6391,.T.);
#6391 = EDGE_CURVE('',#6384,#6392,#6394,.T.);
#6392 = VERTEX_POINT('',#6393);
#6393 = CARTESIAN_POINT('',(-0.1,0.25,7.35));
#6394 = LINE('',#6395,#6396);
#6395 = CARTESIAN_POINT('',(-0.1,0.25,1.25));
#6396 = VECTOR('',#6397,1.);
#6397 = DIRECTION('',(0.,0.,1.));
#6398 = ORIENTED_EDGE('',*,*,#6399,.T.);
#6399 = EDGE_CURVE('',#6392,#5650,#6400,.T.);
#6400 = LINE('',#6401,#6402);
#6401 = CARTESIAN_POINT('',(-0.1,0.25,7.35));
#6402 = VECTOR('',#6403,1.);
#6403 = DIRECTION('',(7.850462293414E-17,0.707106781187,0.707106781187)
  );
#6404 = ORIENTED_EDGE('',*,*,#5657,.F.);
#6405 = ORIENTED_EDGE('',*,*,#6350,.T.);
#6406 = PLANE('',#6407);
#6407 = AXIS2_PLACEMENT_3D('',#6408,#6409,#6410);
#6408 = CARTESIAN_POINT('',(-0.1,1.110223024625E-17,3.911477598424));
#6409 = DIRECTION('',(-1.,1.110223024625E-16,0.));
#6410 = DIRECTION('',(0.,0.,1.));
#6411 = ADVANCED_FACE('',(#6412),#6430,.T.);
#6412 = FACE_BOUND('',#6413,.T.);
#6413 = EDGE_LOOP('',(#6414,#6422,#6428,#6429));
#6414 = ORIENTED_EDGE('',*,*,#6415,.T.);
#6415 = EDGE_CURVE('',#6392,#6416,#6418,.T.);
#6416 = VERTEX_POINT('',#6417);
#6417 = CARTESIAN_POINT('',(0.1,0.25,7.35));
#6418 = LINE('',#6419,#6420);
#6419 = CARTESIAN_POINT('',(-0.1,0.25,7.35));
#6420 = VECTOR('',#6421,1.);
#6421 = DIRECTION('',(1.,-1.110223024625E-16,0.));
#6422 = ORIENTED_EDGE('',*,*,#6423,.T.);
#6423 = EDGE_CURVE('',#6416,#5642,#6424,.T.);
#6424 = LINE('',#6425,#6426);
#6425 = CARTESIAN_POINT('',(0.1,0.25,7.35));
#6426 = VECTOR('',#6427,1.);
#6427 = DIRECTION('',(7.850462293414E-17,0.707106781187,0.707106781187)
  );
#6428 = ORIENTED_EDGE('',*,*,#5649,.F.);
#6429 = ORIENTED_EDGE('',*,*,#6399,.F.);
#6430 = PLANE('',#6431);
#6431 = AXIS2_PLACEMENT_3D('',#6432,#6433,#6434);
#6432 = CARTESIAN_POINT('',(-0.1,0.25,7.35));
#6433 = DIRECTION('',(-7.850462293414E-17,-0.707106781187,0.707106781187
    ));
#6434 = DIRECTION('',(7.850462293414E-17,0.707106781187,0.707106781187)
  );
#6435 = ADVANCED_FACE('',(#6436),#6472,.F.);
#6436 = FACE_BOUND('',#6437,.F.);
#6437 = EDGE_LOOP('',(#6438,#6439,#6447,#6455,#6463,#6469,#6470,#6471));
#6438 = ORIENTED_EDGE('',*,*,#5737,.F.);
#6439 = ORIENTED_EDGE('',*,*,#6440,.T.);
#6440 = EDGE_CURVE('',#5730,#6441,#6443,.T.);
#6441 = VERTEX_POINT('',#6442);
#6442 = CARTESIAN_POINT('',(0.1,-0.25,7.35));
#6443 = LINE('',#6444,#6445);
#6444 = CARTESIAN_POINT('',(0.1,-0.3,7.4));
#6445 = VECTOR('',#6446,1.);
#6446 = DIRECTION('',(7.850462293414E-17,0.707106781187,-0.707106781187)
  );
#6447 = ORIENTED_EDGE('',*,*,#6448,.T.);
#6448 = EDGE_CURVE('',#6441,#6449,#6451,.T.);
#6449 = VERTEX_POINT('',#6450);
#6450 = CARTESIAN_POINT('',(0.1,-0.25,1.25));
#6451 = LINE('',#6452,#6453);
#6452 = CARTESIAN_POINT('',(0.1,-0.25,7.35));
#6453 = VECTOR('',#6454,1.);
#6454 = DIRECTION('',(0.,0.,-1.));
#6455 = ORIENTED_EDGE('',*,*,#6456,.T.);
#6456 = EDGE_CURVE('',#6449,#6457,#6459,.T.);
#6457 = VERTEX_POINT('',#6458);
#6458 = CARTESIAN_POINT('',(0.1,0.25,1.25));
#6459 = LINE('',#6460,#6461);
#6460 = CARTESIAN_POINT('',(0.1,-0.25,1.25));
#6461 = VECTOR('',#6462,1.);
#6462 = DIRECTION('',(1.110223024625E-16,1.,0.));
#6463 = ORIENTED_EDGE('',*,*,#6464,.T.);
#6464 = EDGE_CURVE('',#6457,#6416,#6465,.T.);
#6465 = LINE('',#6466,#6467);
#6466 = CARTESIAN_POINT('',(0.1,0.25,1.25));
#6467 = VECTOR('',#6468,1.);
#6468 = DIRECTION('',(0.,0.,1.));
#6469 = ORIENTED_EDGE('',*,*,#6423,.T.);
#6470 = ORIENTED_EDGE('',*,*,#5641,.F.);
#6471 = ORIENTED_EDGE('',*,*,#6335,.T.);
#6472 = PLANE('',#6473);
#6473 = AXIS2_PLACEMENT_3D('',#6474,#6475,#6476);
#6474 = CARTESIAN_POINT('',(0.1,-1.110223024625E-17,3.911477598424));
#6475 = DIRECTION('',(-1.,1.110223024625E-16,0.));
#6476 = DIRECTION('',(0.,0.,1.));
#6477 = ADVANCED_FACE('',(#6478),#6489,.T.);
#6478 = FACE_BOUND('',#6479,.T.);
#6479 = EDGE_LOOP('',(#6480,#6481,#6482,#6488));
#6480 = ORIENTED_EDGE('',*,*,#5729,.T.);
#6481 = ORIENTED_EDGE('',*,*,#6440,.T.);
#6482 = ORIENTED_EDGE('',*,*,#6483,.F.);
#6483 = EDGE_CURVE('',#6368,#6441,#6484,.T.);
#6484 = LINE('',#6485,#6486);
#6485 = CARTESIAN_POINT('',(-0.1,-0.25,7.35));
#6486 = VECTOR('',#6487,1.);
#6487 = DIRECTION('',(1.,-1.110223024625E-16,0.));
#6488 = ORIENTED_EDGE('',*,*,#6367,.F.);
#6489 = PLANE('',#6490);
#6490 = AXIS2_PLACEMENT_3D('',#6491,#6492,#6493);
#6491 = CARTESIAN_POINT('',(-0.1,-0.3,7.4));
#6492 = DIRECTION('',(7.850462293414E-17,0.707106781187,0.707106781187)
  );
#6493 = DIRECTION('',(7.850462293414E-17,0.707106781187,-0.707106781187)
  );
#6494 = ADVANCED_FACE('',(#6495),#6506,.T.);
#6495 = FACE_BOUND('',#6496,.T.);
#6496 = EDGE_LOOP('',(#6497,#6503,#6504,#6505));
#6497 = ORIENTED_EDGE('',*,*,#6498,.T.);
#6498 = EDGE_CURVE('',#6052,#6125,#6499,.T.);
#6499 = LINE('',#6500,#6501);
#6500 = CARTESIAN_POINT('',(-0.1,-4.83,1.25));
#6501 = VECTOR('',#6502,1.);
#6502 = DIRECTION('',(1.,-1.110223024625E-16,0.));
#6503 = ORIENTED_EDGE('',*,*,#6132,.T.);
#6504 = ORIENTED_EDGE('',*,*,#6083,.F.);
#6505 = ORIENTED_EDGE('',*,*,#6059,.F.);
#6506 = PLANE('',#6507);
#6507 = AXIS2_PLACEMENT_3D('',#6508,#6509,#6510);
#6508 = CARTESIAN_POINT('',(-0.1,-4.83,1.25));
#6509 = DIRECTION('',(-1.110223024625E-16,-1.,0.));
#6510 = DIRECTION('',(0.,0.,1.));
#6511 = ADVANCED_FACE('',(#6512),#6523,.T.);
#6512 = FACE_BOUND('',#6513,.T.);
#6513 = EDGE_LOOP('',(#6514,#6520,#6521,#6522));
#6514 = ORIENTED_EDGE('',*,*,#6515,.T.);
#6515 = EDGE_CURVE('',#6044,#6117,#6516,.T.);
#6516 = LINE('',#6517,#6518);
#6517 = CARTESIAN_POINT('',(-0.1,-5.33,1.25));
#6518 = VECTOR('',#6519,1.);
#6519 = DIRECTION('',(1.,-1.110223024625E-16,0.));
#6520 = ORIENTED_EDGE('',*,*,#6124,.T.);
#6521 = ORIENTED_EDGE('',*,*,#6498,.F.);
#6522 = ORIENTED_EDGE('',*,*,#6051,.F.);
#6523 = PLANE('',#6524);
#6524 = AXIS2_PLACEMENT_3D('',#6525,#6526,#6527);
#6525 = CARTESIAN_POINT('',(-0.1,-5.33,1.25));
#6526 = DIRECTION('',(0.,0.,1.));
#6527 = DIRECTION('',(1.110223024625E-16,1.,-0.));
#6528 = ADVANCED_FACE('',(#6529),#6535,.T.);
#6529 = FACE_BOUND('',#6530,.T.);
#6530 = EDGE_LOOP('',(#6531,#6532,#6533,#6534));
#6531 = ORIENTED_EDGE('',*,*,#6151,.T.);
#6532 = ORIENTED_EDGE('',*,*,#6116,.T.);
#6533 = ORIENTED_EDGE('',*,*,#6515,.F.);
#6534 = ORIENTED_EDGE('',*,*,#6043,.F.);
#6535 = PLANE('',#6536);
#6536 = AXIS2_PLACEMENT_3D('',#6537,#6538,#6539);
#6537 = CARTESIAN_POINT('',(-0.1,-5.33,7.35));
#6538 = DIRECTION('',(1.110223024625E-16,1.,0.));
#6539 = DIRECTION('',(0.,0.,-1.));
#6540 = ADVANCED_FACE('',(#6541),#6552,.T.);
#6541 = FACE_BOUND('',#6542,.T.);
#6542 = EDGE_LOOP('',(#6543,#6549,#6550,#6551));
#6543 = ORIENTED_EDGE('',*,*,#6544,.T.);
#6544 = EDGE_CURVE('',#6218,#6291,#6545,.T.);
#6545 = LINE('',#6546,#6547);
#6546 = CARTESIAN_POINT('',(-0.1,-2.29,1.25));
#6547 = VECTOR('',#6548,1.);
#6548 = DIRECTION('',(1.,-1.110223024625E-16,0.));
#6549 = ORIENTED_EDGE('',*,*,#6298,.T.);
#6550 = ORIENTED_EDGE('',*,*,#6249,.F.);
#6551 = ORIENTED_EDGE('',*,*,#6225,.F.);
#6552 = PLANE('',#6553);
#6553 = AXIS2_PLACEMENT_3D('',#6554,#6555,#6556);
#6554 = CARTESIAN_POINT('',(-0.1,-2.29,1.25));
#6555 = DIRECTION('',(-1.110223024625E-16,-1.,0.));
#6556 = DIRECTION('',(0.,0.,1.));
#6557 = ADVANCED_FACE('',(#6558),#6569,.T.);
#6558 = FACE_BOUND('',#6559,.T.);
#6559 = EDGE_LOOP('',(#6560,#6566,#6567,#6568));
#6560 = ORIENTED_EDGE('',*,*,#6561,.T.);
#6561 = EDGE_CURVE('',#6210,#6283,#6562,.T.);
#6562 = LINE('',#6563,#6564);
#6563 = CARTESIAN_POINT('',(-0.1,-2.79,1.25));
#6564 = VECTOR('',#6565,1.);
#6565 = DIRECTION('',(1.,-1.110223024625E-16,0.));
#6566 = ORIENTED_EDGE('',*,*,#6290,.T.);
#6567 = ORIENTED_EDGE('',*,*,#6544,.F.);
#6568 = ORIENTED_EDGE('',*,*,#6217,.F.);
#6569 = PLANE('',#6570);
#6570 = AXIS2_PLACEMENT_3D('',#6571,#6572,#6573);
#6571 = CARTESIAN_POINT('',(-0.1,-2.79,1.25));
#6572 = DIRECTION('',(0.,0.,1.));
#6573 = DIRECTION('',(1.110223024625E-16,1.,-0.));
#6574 = ADVANCED_FACE('',(#6575),#6581,.T.);
#6575 = FACE_BOUND('',#6576,.T.);
#6576 = EDGE_LOOP('',(#6577,#6578,#6579,#6580));
#6577 = ORIENTED_EDGE('',*,*,#6317,.T.);
#6578 = ORIENTED_EDGE('',*,*,#6282,.T.);
#6579 = ORIENTED_EDGE('',*,*,#6561,.F.);
#6580 = ORIENTED_EDGE('',*,*,#6209,.F.);
#6581 = PLANE('',#6582);
#6582 = AXIS2_PLACEMENT_3D('',#6583,#6584,#6585);
#6583 = CARTESIAN_POINT('',(-0.1,-2.79,7.35));
#6584 = DIRECTION('',(1.110223024625E-16,1.,0.));
#6585 = DIRECTION('',(0.,0.,-1.));
#6586 = ADVANCED_FACE('',(#6587),#6598,.T.);
#6587 = FACE_BOUND('',#6588,.T.);
#6588 = EDGE_LOOP('',(#6589,#6595,#6596,#6597));
#6589 = ORIENTED_EDGE('',*,*,#6590,.T.);
#6590 = EDGE_CURVE('',#6384,#6457,#6591,.T.);
#6591 = LINE('',#6592,#6593);
#6592 = CARTESIAN_POINT('',(-0.1,0.25,1.25));
#6593 = VECTOR('',#6594,1.);
#6594 = DIRECTION('',(1.,-1.110223024625E-16,0.));
#6595 = ORIENTED_EDGE('',*,*,#6464,.T.);
#6596 = ORIENTED_EDGE('',*,*,#6415,.F.);
#6597 = ORIENTED_EDGE('',*,*,#6391,.F.);
#6598 = PLANE('',#6599);
#6599 = AXIS2_PLACEMENT_3D('',#6600,#6601,#6602);
#6600 = CARTESIAN_POINT('',(-0.1,0.25,1.25));
#6601 = DIRECTION('',(-1.110223024625E-16,-1.,0.));
#6602 = DIRECTION('',(0.,0.,1.));
#6603 = ADVANCED_FACE('',(#6604),#6615,.T.);
#6604 = FACE_BOUND('',#6605,.T.);
#6605 = EDGE_LOOP('',(#6606,#6612,#6613,#6614));
#6606 = ORIENTED_EDGE('',*,*,#6607,.T.);
#6607 = EDGE_CURVE('',#6376,#6449,#6608,.T.);
#6608 = LINE('',#6609,#6610);
#6609 = CARTESIAN_POINT('',(-0.1,-0.25,1.25));
#6610 = VECTOR('',#6611,1.);
#6611 = DIRECTION('',(1.,-1.110223024625E-16,0.));
#6612 = ORIENTED_EDGE('',*,*,#6456,.T.);
#6613 = ORIENTED_EDGE('',*,*,#6590,.F.);
#6614 = ORIENTED_EDGE('',*,*,#6383,.F.);
#6615 = PLANE('',#6616);
#6616 = AXIS2_PLACEMENT_3D('',#6617,#6618,#6619);
#6617 = CARTESIAN_POINT('',(-0.1,-0.25,1.25));
#6618 = DIRECTION('',(0.,0.,1.));
#6619 = DIRECTION('',(1.110223024625E-16,1.,-0.));
#6620 = ADVANCED_FACE('',(#6621),#6627,.T.);
#6621 = FACE_BOUND('',#6622,.T.);
#6622 = EDGE_LOOP('',(#6623,#6624,#6625,#6626));
#6623 = ORIENTED_EDGE('',*,*,#6483,.T.);
#6624 = ORIENTED_EDGE('',*,*,#6448,.T.);
#6625 = ORIENTED_EDGE('',*,*,#6607,.F.);
#6626 = ORIENTED_EDGE('',*,*,#6375,.F.);
#6627 = PLANE('',#6628);
#6628 = AXIS2_PLACEMENT_3D('',#6629,#6630,#6631);
#6629 = CARTESIAN_POINT('',(-0.1,-0.25,7.35));
#6630 = DIRECTION('',(1.110223024625E-16,1.,0.));
#6631 = DIRECTION('',(0.,0.,-1.));
#6632 = ( GEOMETRIC_REPRESENTATION_CONTEXT(3) 
GLOBAL_UNCERTAINTY_ASSIGNED_CONTEXT((#6636)) 
GLOBAL_UNIT_ASSIGNED_CONTEXT((#6633,#6634,#6635)) REPRESENTATION_CONTEXT
('Context #1','3D Context with UNIT and UNCERTAINTY') );
#6633 = ( LENGTH_UNIT() NAMED_UNIT(*) SI_UNIT(.MILLI.,.METRE.) );
#6634 = ( NAMED_UNIT(*) PLANE_ANGLE_UNIT() SI_UNIT($,.RADIAN.) );
#6635 = ( NAMED_UNIT(*) SI_UNIT($,.STERADIAN.) SOLID_ANGLE_UNIT() );
#6636 = UNCERTAINTY_MEASURE_WITH_UNIT(LENGTH_MEASURE(1.E-07),#6633,
  'distance_accuracy_value','confusion accuracy');
#6637 = CONTEXT_DEPENDENT_SHAPE_REPRESENTATION(#6638,#6640);
#6638 = ( REPRESENTATION_RELATIONSHIP('','',#4021,#10) 
REPRESENTATION_RELATIONSHIP_WITH_TRANSFORMATION(#6639) 
SHAPE_REPRESENTATION_RELATIONSHIP() );
#6639 = ITEM_DEFINED_TRANSFORMATION('','',#11,#23);
#6640 = PRODUCT_DEFINITION_SHAPE('Placement','Placement of an item',
  #6641);
#6641 = NEXT_ASSEMBLY_USAGE_OCCURRENCE('3','SW2','',#5,#4016,$);
#6642 = PRODUCT_RELATED_PRODUCT_CATEGORY('part',$,(#4018));
#6643 = SHAPE_DEFINITION_REPRESENTATION(#6644,#6650);
#6644 = PRODUCT_DEFINITION_SHAPE('','',#6645);
#6645 = PRODUCT_DEFINITION('design','',#6646,#6649);
#6646 = PRODUCT_DEFINITION_FORMATION('','',#6647);
#6647 = PRODUCT('SW_PUSH_6mm','SW_PUSH_6mm','',(#6648));
#6648 = PRODUCT_CONTEXT('',#2,'mechanical');
#6649 = PRODUCT_DEFINITION_CONTEXT('part definition',#2,'design');
#6650 = ADVANCED_BREP_SHAPE_REPRESENTATION('',(#11,#6651),#9880);
#6651 = MANIFOLD_SOLID_BREP('',#6652);
#6652 = CLOSED_SHELL('',(#6653,#6670,#6695,#6818,#6849,#6874,#6899,#6923
    ,#6947,#6972,#6997,#7014,#7039,#7064,#7089,#7114,#7145,#7170,#7195,
    #7283,#7371,#7396,#7421,#7438,#7447,#7473,#7482,#7491,#7535,#7685,
    #7709,#7852,#8002,#8152,#8169,#8319,#8343,#8486,#8636,#8786,#8803,
    #8812,#8829,#8846,#8863,#8880,#8902,#8919,#8936,#8953,#8970,#8982,
    #8999,#9016,#9033,#9050,#9067,#9084,#9101,#9118,#9130,#9152,#9169,
    #9186,#9203,#9220,#9232,#9249,#9266,#9283,#9300,#9317,#9334,#9351,
    #9368,#9380,#9402,#9419,#9436,#9453,#9470,#9482,#9499,#9516,#9533,
    #9550,#9567,#9584,#9601,#9618,#9630,#9652,#9669,#9686,#9703,#9720,
    #9732,#9749,#9766,#9783,#9800,#9817,#9834,#9851,#9868));
#6653 = ADVANCED_FACE('',(#6654),#6665,.F.);
#6654 = FACE_BOUND('',#6655,.T.);
#6655 = EDGE_LOOP('',(#6656));
#6656 = ORIENTED_EDGE('',*,*,#6657,.T.);
#6657 = EDGE_CURVE('',#6658,#6658,#6660,.T.);
#6658 = VERTEX_POINT('',#6659);
#6659 = CARTESIAN_POINT('',(1.65,-4.25,4.1));
#6660 = CIRCLE('',#6661,0.5);
#6661 = AXIS2_PLACEMENT_3D('',#6662,#6663,#6664);
#6662 = CARTESIAN_POINT('',(1.15,-4.25,4.1));
#6663 = DIRECTION('',(0.,0.,1.));
#6664 = DIRECTION('',(1.,0.,-0.));
#6665 = PLANE('',#6666);
#6666 = AXIS2_PLACEMENT_3D('',#6667,#6668,#6669);
#6667 = CARTESIAN_POINT('',(1.65,-4.25,4.1));
#6668 = DIRECTION('',(0.,0.,-1.));
#6669 = DIRECTION('',(-1.,0.,0.));
#6670 = ADVANCED_FACE('',(#6671),#6690,.T.);
#6671 = FACE_BOUND('',#6672,.T.);
#6672 = EDGE_LOOP('',(#6673,#6681,#6682,#6683));
#6673 = ORIENTED_EDGE('',*,*,#6674,.T.);
#6674 = EDGE_CURVE('',#6675,#6658,#6677,.T.);
#6675 = VERTEX_POINT('',#6676);
#6676 = CARTESIAN_POINT('',(1.65,-4.25,3.6));
#6677 = LINE('',#6678,#6679);
#6678 = CARTESIAN_POINT('',(1.65,-4.25,3.5));
#6679 = VECTOR('',#6680,1.);
#6680 = DIRECTION('',(0.,0.,1.));
#6681 = ORIENTED_EDGE('',*,*,#6657,.F.);
#6682 = ORIENTED_EDGE('',*,*,#6674,.F.);
#6683 = ORIENTED_EDGE('',*,*,#6684,.F.);
#6684 = EDGE_CURVE('',#6675,#6675,#6685,.T.);
#6685 = CIRCLE('',#6686,0.5);
#6686 = AXIS2_PLACEMENT_3D('',#6687,#6688,#6689);
#6687 = CARTESIAN_POINT('',(1.15,-4.25,3.6));
#6688 = DIRECTION('',(0.,0.,-1.));
#6689 = DIRECTION('',(1.,0.,0.));
#6690 = CYLINDRICAL_SURFACE('',#6691,0.5);
#6691 = AXIS2_PLACEMENT_3D('',#6692,#6693,#6694);
#6692 = CARTESIAN_POINT('',(1.15,-4.25,3.5));
#6693 = DIRECTION('',(-0.,-0.,-1.));
#6694 = DIRECTION('',(1.,0.,0.));
#6695 = ADVANCED_FACE('',(#6696,#6766,#6777,#6788,#6799,#6810),#6813,.F.
  );
#6696 = FACE_BOUND('',#6697,.F.);
#6697 = EDGE_LOOP('',(#6698,#6708,#6717,#6725,#6734,#6742,#6751,#6759));
#6698 = ORIENTED_EDGE('',*,*,#6699,.F.);
#6699 = EDGE_CURVE('',#6700,#6702,#6704,.T.);
#6700 = VERTEX_POINT('',#6701);
#6701 = CARTESIAN_POINT('',(0.45,-5.25,3.6));
#6702 = VERTEX_POINT('',#6703);
#6703 = CARTESIAN_POINT('',(5.85,-5.25,3.6));
#6704 = LINE('',#6705,#6706);
#6705 = CARTESIAN_POINT('',(0.15,-5.25,3.6));
#6706 = VECTOR('',#6707,1.);
#6707 = DIRECTION('',(1.,0.,0.));
#6708 = ORIENTED_EDGE('',*,*,#6709,.T.);
#6709 = EDGE_CURVE('',#6700,#6710,#6712,.T.);
#6710 = VERTEX_POINT('',#6711);
#6711 = CARTESIAN_POINT('',(0.15,-4.95,3.6));
#6712 = CIRCLE('',#6713,0.3);
#6713 = AXIS2_PLACEMENT_3D('',#6714,#6715,#6716);
#6714 = CARTESIAN_POINT('',(0.45,-4.95,3.6));
#6715 = DIRECTION('',(-0.,-0.,-1.));
#6716 = DIRECTION('',(0.,-1.,0.));
#6717 = ORIENTED_EDGE('',*,*,#6718,.F.);
#6718 = EDGE_CURVE('',#6719,#6710,#6721,.T.);
#6719 = VERTEX_POINT('',#6720);
#6720 = CARTESIAN_POINT('',(0.15,0.45,3.6));
#6721 = LINE('',#6722,#6723);
#6722 = CARTESIAN_POINT('',(0.15,0.75,3.6));
#6723 = VECTOR('',#6724,1.);
#6724 = DIRECTION('',(0.,-1.,0.));
#6725 = ORIENTED_EDGE('',*,*,#6726,.F.);
#6726 = EDGE_CURVE('',#6727,#6719,#6729,.T.);
#6727 = VERTEX_POINT('',#6728);
#6728 = CARTESIAN_POINT('',(0.45,0.75,3.6));
#6729 = CIRCLE('',#6730,0.3);
#6730 = AXIS2_PLACEMENT_3D('',#6731,#6732,#6733);
#6731 = CARTESIAN_POINT('',(0.45,0.45,3.6));
#6732 = DIRECTION('',(-0.,0.,1.));
#6733 = DIRECTION('',(0.,-1.,0.));
#6734 = ORIENTED_EDGE('',*,*,#6735,.F.);
#6735 = EDGE_CURVE('',#6736,#6727,#6738,.T.);
#6736 = VERTEX_POINT('',#6737);
#6737 = CARTESIAN_POINT('',(5.85,0.75,3.6));
#6738 = LINE('',#6739,#6740);
#6739 = CARTESIAN_POINT('',(6.15,0.75,3.6));
#6740 = VECTOR('',#6741,1.);
#6741 = DIRECTION('',(-1.,0.,0.));
#6742 = ORIENTED_EDGE('',*,*,#6743,.F.);
#6743 = EDGE_CURVE('',#6744,#6736,#6746,.T.);
#6744 = VERTEX_POINT('',#6745);
#6745 = CARTESIAN_POINT('',(6.15,0.45,3.6));
#6746 = CIRCLE('',#6747,0.3);
#6747 = AXIS2_PLACEMENT_3D('',#6748,#6749,#6750);
#6748 = CARTESIAN_POINT('',(5.85,0.45,3.6));
#6749 = DIRECTION('',(-0.,0.,1.));
#6750 = DIRECTION('',(0.,-1.,0.));
#6751 = ORIENTED_EDGE('',*,*,#6752,.F.);
#6752 = EDGE_CURVE('',#6753,#6744,#6755,.T.);
#6753 = VERTEX_POINT('',#6754);
#6754 = CARTESIAN_POINT('',(6.15,-4.95,3.6));
#6755 = LINE('',#6756,#6757);
#6756 = CARTESIAN_POINT('',(6.15,-5.25,3.6));
#6757 = VECTOR('',#6758,1.);
#6758 = DIRECTION('',(0.,1.,0.));
#6759 = ORIENTED_EDGE('',*,*,#6760,.F.);
#6760 = EDGE_CURVE('',#6702,#6753,#6761,.T.);
#6761 = CIRCLE('',#6762,0.3);
#6762 = AXIS2_PLACEMENT_3D('',#6763,#6764,#6765);
#6763 = CARTESIAN_POINT('',(5.85,-4.95,3.6));
#6764 = DIRECTION('',(-0.,0.,1.));
#6765 = DIRECTION('',(0.,-1.,0.));
#6766 = FACE_BOUND('',#6767,.F.);
#6767 = EDGE_LOOP('',(#6768));
#6768 = ORIENTED_EDGE('',*,*,#6769,.F.);
#6769 = EDGE_CURVE('',#6770,#6770,#6772,.T.);
#6770 = VERTEX_POINT('',#6771);
#6771 = CARTESIAN_POINT('',(5.65,-4.25,3.6));
#6772 = CIRCLE('',#6773,0.5);
#6773 = AXIS2_PLACEMENT_3D('',#6774,#6775,#6776);
#6774 = CARTESIAN_POINT('',(5.15,-4.25,3.6));
#6775 = DIRECTION('',(0.,0.,-1.));
#6776 = DIRECTION('',(1.,0.,0.));
#6777 = FACE_BOUND('',#6778,.F.);
#6778 = EDGE_LOOP('',(#6779));
#6779 = ORIENTED_EDGE('',*,*,#6780,.F.);
#6780 = EDGE_CURVE('',#6781,#6781,#6783,.T.);
#6781 = VERTEX_POINT('',#6782);
#6782 = CARTESIAN_POINT('',(4.9,-2.25,3.6));
#6783 = CIRCLE('',#6784,1.75);
#6784 = AXIS2_PLACEMENT_3D('',#6785,#6786,#6787);
#6785 = CARTESIAN_POINT('',(3.15,-2.25,3.6));
#6786 = DIRECTION('',(0.,0.,-1.));
#6787 = DIRECTION('',(1.,0.,0.));
#6788 = FACE_BOUND('',#6789,.F.);
#6789 = EDGE_LOOP('',(#6790));
#6790 = ORIENTED_EDGE('',*,*,#6791,.F.);
#6791 = EDGE_CURVE('',#6792,#6792,#6794,.T.);
#6792 = VERTEX_POINT('',#6793);
#6793 = CARTESIAN_POINT('',(1.65,-0.25,3.6));
#6794 = CIRCLE('',#6795,0.5);
#6795 = AXIS2_PLACEMENT_3D('',#6796,#6797,#6798);
#6796 = CARTESIAN_POINT('',(1.15,-0.25,3.6));
#6797 = DIRECTION('',(0.,0.,-1.));
#6798 = DIRECTION('',(1.,0.,0.));
#6799 = FACE_BOUND('',#6800,.F.);
#6800 = EDGE_LOOP('',(#6801));
#6801 = ORIENTED_EDGE('',*,*,#6802,.F.);
#6802 = EDGE_CURVE('',#6803,#6803,#6805,.T.);
#6803 = VERTEX_POINT('',#6804);
#6804 = CARTESIAN_POINT('',(5.65,-0.25,3.6));
#6805 = CIRCLE('',#6806,0.5);
#6806 = AXIS2_PLACEMENT_3D('',#6807,#6808,#6809);
#6807 = CARTESIAN_POINT('',(5.15,-0.25,3.6));
#6808 = DIRECTION('',(0.,0.,-1.));
#6809 = DIRECTION('',(1.,0.,0.));
#6810 = FACE_BOUND('',#6811,.F.);
#6811 = EDGE_LOOP('',(#6812));
#6812 = ORIENTED_EDGE('',*,*,#6684,.F.);
#6813 = PLANE('',#6814);
#6814 = AXIS2_PLACEMENT_3D('',#6815,#6816,#6817);
#6815 = CARTESIAN_POINT('',(0.15,-5.25,3.6));
#6816 = DIRECTION('',(0.,0.,-1.));
#6817 = DIRECTION('',(-1.,0.,0.));
#6818 = ADVANCED_FACE('',(#6819),#6844,.F.);
#6819 = FACE_BOUND('',#6820,.F.);
#6820 = EDGE_LOOP('',(#6821,#6831,#6837,#6838));
#6821 = ORIENTED_EDGE('',*,*,#6822,.F.);
#6822 = EDGE_CURVE('',#6823,#6825,#6827,.T.);
#6823 = VERTEX_POINT('',#6824);
#6824 = CARTESIAN_POINT('',(0.45,-5.25,3.5));
#6825 = VERTEX_POINT('',#6826);
#6826 = CARTESIAN_POINT('',(5.85,-5.25,3.5));
#6827 = LINE('',#6828,#6829);
#6828 = CARTESIAN_POINT('',(0.15,-5.25,3.5));
#6829 = VECTOR('',#6830,1.);
#6830 = DIRECTION('',(1.,0.,0.));
#6831 = ORIENTED_EDGE('',*,*,#6832,.T.);
#6832 = EDGE_CURVE('',#6823,#6700,#6833,.T.);
#6833 = LINE('',#6834,#6835);
#6834 = CARTESIAN_POINT('',(0.45,-5.25,3.5));
#6835 = VECTOR('',#6836,1.);
#6836 = DIRECTION('',(0.,0.,1.));
#6837 = ORIENTED_EDGE('',*,*,#6699,.T.);
#6838 = ORIENTED_EDGE('',*,*,#6839,.F.);
#6839 = EDGE_CURVE('',#6825,#6702,#6840,.T.);
#6840 = LINE('',#6841,#6842);
#6841 = CARTESIAN_POINT('',(5.85,-5.25,3.5));
#6842 = VECTOR('',#6843,1.);
#6843 = DIRECTION('',(0.,0.,1.));
#6844 = PLANE('',#6845);
#6845 = AXIS2_PLACEMENT_3D('',#6846,#6847,#6848);
#6846 = CARTESIAN_POINT('',(0.15,-5.25,3.5));
#6847 = DIRECTION('',(0.,1.,0.));
#6848 = DIRECTION('',(1.,0.,0.));
#6849 = ADVANCED_FACE('',(#6850),#6869,.T.);
#6850 = FACE_BOUND('',#6851,.T.);
#6851 = EDGE_LOOP('',(#6852,#6853,#6854,#6862));
#6852 = ORIENTED_EDGE('',*,*,#6832,.T.);
#6853 = ORIENTED_EDGE('',*,*,#6709,.T.);
#6854 = ORIENTED_EDGE('',*,*,#6855,.F.);
#6855 = EDGE_CURVE('',#6856,#6710,#6858,.T.);
#6856 = VERTEX_POINT('',#6857);
#6857 = CARTESIAN_POINT('',(0.15,-4.95,3.5));
#6858 = LINE('',#6859,#6860);
#6859 = CARTESIAN_POINT('',(0.15,-4.95,3.5));
#6860 = VECTOR('',#6861,1.);
#6861 = DIRECTION('',(0.,0.,1.));
#6862 = ORIENTED_EDGE('',*,*,#6863,.F.);
#6863 = EDGE_CURVE('',#6823,#6856,#6864,.T.);
#6864 = CIRCLE('',#6865,0.3);
#6865 = AXIS2_PLACEMENT_3D('',#6866,#6867,#6868);
#6866 = CARTESIAN_POINT('',(0.45,-4.95,3.5));
#6867 = DIRECTION('',(-0.,-0.,-1.));
#6868 = DIRECTION('',(0.,-1.,0.));
#6869 = CYLINDRICAL_SURFACE('',#6870,0.3);
#6870 = AXIS2_PLACEMENT_3D('',#6871,#6872,#6873);
#6871 = CARTESIAN_POINT('',(0.45,-4.95,3.5));
#6872 = DIRECTION('',(0.,0.,1.));
#6873 = DIRECTION('',(0.,-1.,0.));
#6874 = ADVANCED_FACE('',(#6875),#6894,.T.);
#6875 = FACE_BOUND('',#6876,.T.);
#6876 = EDGE_LOOP('',(#6877,#6886,#6892,#6893));
#6877 = ORIENTED_EDGE('',*,*,#6878,.T.);
#6878 = EDGE_CURVE('',#6825,#6879,#6881,.T.);
#6879 = VERTEX_POINT('',#6880);
#6880 = CARTESIAN_POINT('',(6.15,-4.95,3.5));
#6881 = CIRCLE('',#6882,0.3);
#6882 = AXIS2_PLACEMENT_3D('',#6883,#6884,#6885);
#6883 = CARTESIAN_POINT('',(5.85,-4.95,3.5));
#6884 = DIRECTION('',(-0.,0.,1.));
#6885 = DIRECTION('',(0.,-1.,0.));
#6886 = ORIENTED_EDGE('',*,*,#6887,.T.);
#6887 = EDGE_CURVE('',#6879,#6753,#6888,.T.);
#6888 = LINE('',#6889,#6890);
#6889 = CARTESIAN_POINT('',(6.15,-4.95,3.5));
#6890 = VECTOR('',#6891,1.);
#6891 = DIRECTION('',(0.,0.,1.));
#6892 = ORIENTED_EDGE('',*,*,#6760,.F.);
#6893 = ORIENTED_EDGE('',*,*,#6839,.F.);
#6894 = CYLINDRICAL_SURFACE('',#6895,0.3);
#6895 = AXIS2_PLACEMENT_3D('',#6896,#6897,#6898);
#6896 = CARTESIAN_POINT('',(5.85,-4.95,3.5));
#6897 = DIRECTION('',(0.,0.,1.));
#6898 = DIRECTION('',(0.,-1.,0.));
#6899 = ADVANCED_FACE('',(#6900),#6918,.F.);
#6900 = FACE_BOUND('',#6901,.F.);
#6901 = EDGE_LOOP('',(#6902,#6910,#6916,#6917));
#6902 = ORIENTED_EDGE('',*,*,#6903,.F.);
#6903 = EDGE_CURVE('',#6904,#6856,#6906,.T.);
#6904 = VERTEX_POINT('',#6905);
#6905 = CARTESIAN_POINT('',(0.15,0.45,3.5));
#6906 = LINE('',#6907,#6908);
#6907 = CARTESIAN_POINT('',(0.15,0.75,3.5));
#6908 = VECTOR('',#6909,1.);
#6909 = DIRECTION('',(0.,-1.,0.));
#6910 = ORIENTED_EDGE('',*,*,#6911,.T.);
#6911 = EDGE_CURVE('',#6904,#6719,#6912,.T.);
#6912 = LINE('',#6913,#6914);
#6913 = CARTESIAN_POINT('',(0.15,0.45,3.5));
#6914 = VECTOR('',#6915,1.);
#6915 = DIRECTION('',(0.,0.,1.));
#6916 = ORIENTED_EDGE('',*,*,#6718,.T.);
#6917 = ORIENTED_EDGE('',*,*,#6855,.F.);
#6918 = PLANE('',#6919);
#6919 = AXIS2_PLACEMENT_3D('',#6920,#6921,#6922);
#6920 = CARTESIAN_POINT('',(0.15,0.75,3.5));
#6921 = DIRECTION('',(1.,0.,0.));
#6922 = DIRECTION('',(0.,-1.,0.));
#6923 = ADVANCED_FACE('',(#6924),#6942,.F.);
#6924 = FACE_BOUND('',#6925,.F.);
#6925 = EDGE_LOOP('',(#6926,#6934,#6935,#6936));
#6926 = ORIENTED_EDGE('',*,*,#6927,.F.);
#6927 = EDGE_CURVE('',#6879,#6928,#6930,.T.);
#6928 = VERTEX_POINT('',#6929);
#6929 = CARTESIAN_POINT('',(6.15,0.45,3.5));
#6930 = LINE('',#6931,#6932);
#6931 = CARTESIAN_POINT('',(6.15,-5.25,3.5));
#6932 = VECTOR('',#6933,1.);
#6933 = DIRECTION('',(0.,1.,0.));
#6934 = ORIENTED_EDGE('',*,*,#6887,.T.);
#6935 = ORIENTED_EDGE('',*,*,#6752,.T.);
#6936 = ORIENTED_EDGE('',*,*,#6937,.F.);
#6937 = EDGE_CURVE('',#6928,#6744,#6938,.T.);
#6938 = LINE('',#6939,#6940);
#6939 = CARTESIAN_POINT('',(6.15,0.45,3.5));
#6940 = VECTOR('',#6941,1.);
#6941 = DIRECTION('',(0.,0.,1.));
#6942 = PLANE('',#6943);
#6943 = AXIS2_PLACEMENT_3D('',#6944,#6945,#6946);
#6944 = CARTESIAN_POINT('',(6.15,-5.25,3.5));
#6945 = DIRECTION('',(-1.,0.,0.));
#6946 = DIRECTION('',(0.,1.,0.));
#6947 = ADVANCED_FACE('',(#6948),#6967,.T.);
#6948 = FACE_BOUND('',#6949,.T.);
#6949 = EDGE_LOOP('',(#6950,#6959,#6960,#6961));
#6950 = ORIENTED_EDGE('',*,*,#6951,.T.);
#6951 = EDGE_CURVE('',#6952,#6904,#6954,.T.);
#6952 = VERTEX_POINT('',#6953);
#6953 = CARTESIAN_POINT('',(0.45,0.75,3.5));
#6954 = CIRCLE('',#6955,0.3);
#6955 = AXIS2_PLACEMENT_3D('',#6956,#6957,#6958);
#6956 = CARTESIAN_POINT('',(0.45,0.45,3.5));
#6957 = DIRECTION('',(-0.,0.,1.));
#6958 = DIRECTION('',(0.,-1.,0.));
#6959 = ORIENTED_EDGE('',*,*,#6911,.T.);
#6960 = ORIENTED_EDGE('',*,*,#6726,.F.);
#6961 = ORIENTED_EDGE('',*,*,#6962,.F.);
#6962 = EDGE_CURVE('',#6952,#6727,#6963,.T.);
#6963 = LINE('',#6964,#6965);
#6964 = CARTESIAN_POINT('',(0.45,0.75,3.5));
#6965 = VECTOR('',#6966,1.);
#6966 = DIRECTION('',(0.,0.,1.));
#6967 = CYLINDRICAL_SURFACE('',#6968,0.3);
#6968 = AXIS2_PLACEMENT_3D('',#6969,#6970,#6971);
#6969 = CARTESIAN_POINT('',(0.45,0.45,3.5));
#6970 = DIRECTION('',(0.,0.,1.));
#6971 = DIRECTION('',(0.,1.,0.));
#6972 = ADVANCED_FACE('',(#6973),#6992,.T.);
#6973 = FACE_BOUND('',#6974,.T.);
#6974 = EDGE_LOOP('',(#6975,#6984,#6990,#6991));
#6975 = ORIENTED_EDGE('',*,*,#6976,.T.);
#6976 = EDGE_CURVE('',#6928,#6977,#6979,.T.);
#6977 = VERTEX_POINT('',#6978);
#6978 = CARTESIAN_POINT('',(5.85,0.75,3.5));
#6979 = CIRCLE('',#6980,0.3);
#6980 = AXIS2_PLACEMENT_3D('',#6981,#6982,#6983);
#6981 = CARTESIAN_POINT('',(5.85,0.45,3.5));
#6982 = DIRECTION('',(-0.,0.,1.));
#6983 = DIRECTION('',(0.,-1.,0.));
#6984 = ORIENTED_EDGE('',*,*,#6985,.T.);
#6985 = EDGE_CURVE('',#6977,#6736,#6986,.T.);
#6986 = LINE('',#6987,#6988);
#6987 = CARTESIAN_POINT('',(5.85,0.75,3.5));
#6988 = VECTOR('',#6989,1.);
#6989 = DIRECTION('',(0.,0.,1.));
#6990 = ORIENTED_EDGE('',*,*,#6743,.F.);
#6991 = ORIENTED_EDGE('',*,*,#6937,.F.);
#6992 = CYLINDRICAL_SURFACE('',#6993,0.3);
#6993 = AXIS2_PLACEMENT_3D('',#6994,#6995,#6996);
#6994 = CARTESIAN_POINT('',(5.85,0.45,3.5));
#6995 = DIRECTION('',(0.,0.,1.));
#6996 = DIRECTION('',(1.,0.,-0.));
#6997 = ADVANCED_FACE('',(#6998),#7009,.F.);
#6998 = FACE_BOUND('',#6999,.F.);
#6999 = EDGE_LOOP('',(#7000,#7006,#7007,#7008));
#7000 = ORIENTED_EDGE('',*,*,#7001,.F.);
#7001 = EDGE_CURVE('',#6977,#6952,#7002,.T.);
#7002 = LINE('',#7003,#7004);
#7003 = CARTESIAN_POINT('',(6.15,0.75,3.5));
#7004 = VECTOR('',#7005,1.);
#7005 = DIRECTION('',(-1.,0.,0.));
#7006 = ORIENTED_EDGE('',*,*,#6985,.T.);
#7007 = ORIENTED_EDGE('',*,*,#6735,.T.);
#7008 = ORIENTED_EDGE('',*,*,#6962,.F.);
#7009 = PLANE('',#7010);
#7010 = AXIS2_PLACEMENT_3D('',#7011,#7012,#7013);
#7011 = CARTESIAN_POINT('',(6.15,0.75,3.5));
#7012 = DIRECTION('',(0.,-1.,0.));
#7013 = DIRECTION('',(-1.,0.,0.));
#7014 = ADVANCED_FACE('',(#7015),#7034,.T.);
#7015 = FACE_BOUND('',#7016,.T.);
#7016 = EDGE_LOOP('',(#7017,#7025,#7032,#7033));
#7017 = ORIENTED_EDGE('',*,*,#7018,.T.);
#7018 = EDGE_CURVE('',#6770,#7019,#7021,.T.);
#7019 = VERTEX_POINT('',#7020);
#7020 = CARTESIAN_POINT('',(5.65,-4.25,4.1));
#7021 = LINE('',#7022,#7023);
#7022 = CARTESIAN_POINT('',(5.65,-4.25,3.5));
#7023 = VECTOR('',#7024,1.);
#7024 = DIRECTION('',(0.,0.,1.));
#7025 = ORIENTED_EDGE('',*,*,#7026,.F.);
#7026 = EDGE_CURVE('',#7019,#7019,#7027,.T.);
#7027 = CIRCLE('',#7028,0.5);
#7028 = AXIS2_PLACEMENT_3D('',#7029,#7030,#7031);
#7029 = CARTESIAN_POINT('',(5.15,-4.25,4.1));
#7030 = DIRECTION('',(0.,0.,1.));
#7031 = DIRECTION('',(1.,0.,-0.));
#7032 = ORIENTED_EDGE('',*,*,#7018,.F.);
#7033 = ORIENTED_EDGE('',*,*,#6769,.F.);
#7034 = CYLINDRICAL_SURFACE('',#7035,0.5);
#7035 = AXIS2_PLACEMENT_3D('',#7036,#7037,#7038);
#7036 = CARTESIAN_POINT('',(5.15,-4.25,3.5));
#7037 = DIRECTION('',(-0.,-0.,-1.));
#7038 = DIRECTION('',(1.,0.,0.));
#7039 = ADVANCED_FACE('',(#7040),#7059,.T.);
#7040 = FACE_BOUND('',#7041,.T.);
#7041 = EDGE_LOOP('',(#7042,#7050,#7057,#7058));
#7042 = ORIENTED_EDGE('',*,*,#7043,.T.);
#7043 = EDGE_CURVE('',#6781,#7044,#7046,.T.);
#7044 = VERTEX_POINT('',#7045);
#7045 = CARTESIAN_POINT('',(4.9,-2.25,4.2));
#7046 = LINE('',#7047,#7048);
#7047 = CARTESIAN_POINT('',(4.9,-2.25,3.5));
#7048 = VECTOR('',#7049,1.);
#7049 = DIRECTION('',(0.,0.,1.));
#7050 = ORIENTED_EDGE('',*,*,#7051,.F.);
#7051 = EDGE_CURVE('',#7044,#7044,#7052,.T.);
#7052 = CIRCLE('',#7053,1.75);
#7053 = AXIS2_PLACEMENT_3D('',#7054,#7055,#7056);
#7054 = CARTESIAN_POINT('',(3.15,-2.25,4.2));
#7055 = DIRECTION('',(0.,0.,1.));
#7056 = DIRECTION('',(1.,0.,-0.));
#7057 = ORIENTED_EDGE('',*,*,#7043,.F.);
#7058 = ORIENTED_EDGE('',*,*,#6780,.F.);
#7059 = CYLINDRICAL_SURFACE('',#7060,1.75);
#7060 = AXIS2_PLACEMENT_3D('',#7061,#7062,#7063);
#7061 = CARTESIAN_POINT('',(3.15,-2.25,3.5));
#7062 = DIRECTION('',(-0.,-0.,-1.));
#7063 = DIRECTION('',(1.,0.,0.));
#7064 = ADVANCED_FACE('',(#7065),#7084,.T.);
#7065 = FACE_BOUND('',#7066,.T.);
#7066 = EDGE_LOOP('',(#7067,#7075,#7082,#7083));
#7067 = ORIENTED_EDGE('',*,*,#7068,.T.);
#7068 = EDGE_CURVE('',#6792,#7069,#7071,.T.);
#7069 = VERTEX_POINT('',#7070);
#7070 = CARTESIAN_POINT('',(1.65,-0.25,4.1));
#7071 = LINE('',#7072,#7073);
#7072 = CARTESIAN_POINT('',(1.65,-0.25,3.5));
#7073 = VECTOR('',#7074,1.);
#7074 = DIRECTION('',(0.,0.,1.));
#7075 = ORIENTED_EDGE('',*,*,#7076,.F.);
#7076 = EDGE_CURVE('',#7069,#7069,#7077,.T.);
#7077 = CIRCLE('',#7078,0.5);
#7078 = AXIS2_PLACEMENT_3D('',#7079,#7080,#7081);
#7079 = CARTESIAN_POINT('',(1.15,-0.25,4.1));
#7080 = DIRECTION('',(0.,0.,1.));
#7081 = DIRECTION('',(1.,0.,-0.));
#7082 = ORIENTED_EDGE('',*,*,#7068,.F.);
#7083 = ORIENTED_EDGE('',*,*,#6791,.F.);
#7084 = CYLINDRICAL_SURFACE('',#7085,0.5);
#7085 = AXIS2_PLACEMENT_3D('',#7086,#7087,#7088);
#7086 = CARTESIAN_POINT('',(1.15,-0.25,3.5));
#7087 = DIRECTION('',(-0.,-0.,-1.));
#7088 = DIRECTION('',(1.,0.,0.));
#7089 = ADVANCED_FACE('',(#7090),#7109,.T.);
#7090 = FACE_BOUND('',#7091,.T.);
#7091 = EDGE_LOOP('',(#7092,#7100,#7107,#7108));
#7092 = ORIENTED_EDGE('',*,*,#7093,.T.);
#7093 = EDGE_CURVE('',#6803,#7094,#7096,.T.);
#7094 = VERTEX_POINT('',#7095);
#7095 = CARTESIAN_POINT('',(5.65,-0.25,4.1));
#7096 = LINE('',#7097,#7098);
#7097 = CARTESIAN_POINT('',(5.65,-0.25,3.5));
#7098 = VECTOR('',#7099,1.);
#7099 = DIRECTION('',(0.,0.,1.));
#7100 = ORIENTED_EDGE('',*,*,#7101,.F.);
#7101 = EDGE_CURVE('',#7094,#7094,#7102,.T.);
#7102 = CIRCLE('',#7103,0.5);
#7103 = AXIS2_PLACEMENT_3D('',#7104,#7105,#7106);
#7104 = CARTESIAN_POINT('',(5.15,-0.25,4.1));
#7105 = DIRECTION('',(0.,0.,1.));
#7106 = DIRECTION('',(1.,0.,-0.));
#7107 = ORIENTED_EDGE('',*,*,#7093,.F.);
#7108 = ORIENTED_EDGE('',*,*,#6802,.F.);
#7109 = CYLINDRICAL_SURFACE('',#7110,0.5);
#7110 = AXIS2_PLACEMENT_3D('',#7111,#7112,#7113);
#7111 = CARTESIAN_POINT('',(5.15,-0.25,3.5));
#7112 = DIRECTION('',(-0.,-0.,-1.));
#7113 = DIRECTION('',(1.,0.,0.));
#7114 = ADVANCED_FACE('',(#7115),#7140,.F.);
#7115 = FACE_BOUND('',#7116,.F.);
#7116 = EDGE_LOOP('',(#7117,#7127,#7133,#7134));
#7117 = ORIENTED_EDGE('',*,*,#7118,.F.);
#7118 = EDGE_CURVE('',#7119,#7121,#7123,.T.);
#7119 = VERTEX_POINT('',#7120);
#7120 = CARTESIAN_POINT('',(0.45,-5.25,0.));
#7121 = VERTEX_POINT('',#7122);
#7122 = CARTESIAN_POINT('',(5.85,-5.25,0.));
#7123 = LINE('',#7124,#7125);
#7124 = CARTESIAN_POINT('',(0.15,-5.25,0.));
#7125 = VECTOR('',#7126,1.);
#7126 = DIRECTION('',(1.,0.,0.));
#7127 = ORIENTED_EDGE('',*,*,#7128,.T.);
#7128 = EDGE_CURVE('',#7119,#6823,#7129,.T.);
#7129 = LINE('',#7130,#7131);
#7130 = CARTESIAN_POINT('',(0.45,-5.25,0.));
#7131 = VECTOR('',#7132,1.);
#7132 = DIRECTION('',(0.,0.,1.));
#7133 = ORIENTED_EDGE('',*,*,#6822,.T.);
#7134 = ORIENTED_EDGE('',*,*,#7135,.F.);
#7135 = EDGE_CURVE('',#7121,#6825,#7136,.T.);
#7136 = LINE('',#7137,#7138);
#7137 = CARTESIAN_POINT('',(5.85,-5.25,0.));
#7138 = VECTOR('',#7139,1.);
#7139 = DIRECTION('',(0.,0.,1.));
#7140 = PLANE('',#7141);
#7141 = AXIS2_PLACEMENT_3D('',#7142,#7143,#7144);
#7142 = CARTESIAN_POINT('',(0.15,-5.25,0.));
#7143 = DIRECTION('',(0.,1.,0.));
#7144 = DIRECTION('',(1.,0.,0.));
#7145 = ADVANCED_FACE('',(#7146),#7165,.T.);
#7146 = FACE_BOUND('',#7147,.T.);
#7147 = EDGE_LOOP('',(#7148,#7149,#7150,#7158));
#7148 = ORIENTED_EDGE('',*,*,#7128,.T.);
#7149 = ORIENTED_EDGE('',*,*,#6863,.T.);
#7150 = ORIENTED_EDGE('',*,*,#7151,.F.);
#7151 = EDGE_CURVE('',#7152,#6856,#7154,.T.);
#7152 = VERTEX_POINT('',#7153);
#7153 = CARTESIAN_POINT('',(0.15,-4.95,0.));
#7154 = LINE('',#7155,#7156);
#7155 = CARTESIAN_POINT('',(0.15,-4.95,0.));
#7156 = VECTOR('',#7157,1.);
#7157 = DIRECTION('',(0.,0.,1.));
#7158 = ORIENTED_EDGE('',*,*,#7159,.F.);
#7159 = EDGE_CURVE('',#7119,#7152,#7160,.T.);
#7160 = CIRCLE('',#7161,0.3);
#7161 = AXIS2_PLACEMENT_3D('',#7162,#7163,#7164);
#7162 = CARTESIAN_POINT('',(0.45,-4.95,0.));
#7163 = DIRECTION('',(-0.,-0.,-1.));
#7164 = DIRECTION('',(0.,-1.,0.));
#7165 = CYLINDRICAL_SURFACE('',#7166,0.3);
#7166 = AXIS2_PLACEMENT_3D('',#7167,#7168,#7169);
#7167 = CARTESIAN_POINT('',(0.45,-4.95,0.));
#7168 = DIRECTION('',(0.,0.,1.));
#7169 = DIRECTION('',(0.,-1.,0.));
#7170 = ADVANCED_FACE('',(#7171),#7190,.T.);
#7171 = FACE_BOUND('',#7172,.T.);
#7172 = EDGE_LOOP('',(#7173,#7182,#7188,#7189));
#7173 = ORIENTED_EDGE('',*,*,#7174,.T.);
#7174 = EDGE_CURVE('',#7121,#7175,#7177,.T.);
#7175 = VERTEX_POINT('',#7176);
#7176 = CARTESIAN_POINT('',(6.15,-4.95,0.));
#7177 = CIRCLE('',#7178,0.3);
#7178 = AXIS2_PLACEMENT_3D('',#7179,#7180,#7181);
#7179 = CARTESIAN_POINT('',(5.85,-4.95,0.));
#7180 = DIRECTION('',(-0.,0.,1.));
#7181 = DIRECTION('',(0.,-1.,0.));
#7182 = ORIENTED_EDGE('',*,*,#7183,.T.);
#7183 = EDGE_CURVE('',#7175,#6879,#7184,.T.);
#7184 = LINE('',#7185,#7186);
#7185 = CARTESIAN_POINT('',(6.15,-4.95,0.));
#7186 = VECTOR('',#7187,1.);
#7187 = DIRECTION('',(0.,0.,1.));
#7188 = ORIENTED_EDGE('',*,*,#6878,.F.);
#7189 = ORIENTED_EDGE('',*,*,#7135,.F.);
#7190 = CYLINDRICAL_SURFACE('',#7191,0.3);
#7191 = AXIS2_PLACEMENT_3D('',#7192,#7193,#7194);
#7192 = CARTESIAN_POINT('',(5.85,-4.95,0.));
#7193 = DIRECTION('',(0.,0.,1.));
#7194 = DIRECTION('',(0.,-1.,0.));
#7195 = ADVANCED_FACE('',(#7196),#7278,.F.);
#7196 = FACE_BOUND('',#7197,.F.);
#7197 = EDGE_LOOP('',(#7198,#7208,#7214,#7215,#7216,#7224,#7232,#7240,
    #7248,#7256,#7264,#7272));
#7198 = ORIENTED_EDGE('',*,*,#7199,.F.);
#7199 = EDGE_CURVE('',#7200,#7202,#7204,.T.);
#7200 = VERTEX_POINT('',#7201);
#7201 = CARTESIAN_POINT('',(0.15,0.45,0.));
#7202 = VERTEX_POINT('',#7203);
#7203 = CARTESIAN_POINT('',(0.15,0.35,0.));
#7204 = LINE('',#7205,#7206);
#7205 = CARTESIAN_POINT('',(0.15,0.75,0.));
#7206 = VECTOR('',#7207,1.);
#7207 = DIRECTION('',(0.,-1.,0.));
#7208 = ORIENTED_EDGE('',*,*,#7209,.T.);
#7209 = EDGE_CURVE('',#7200,#6904,#7210,.T.);
#7210 = LINE('',#7211,#7212);
#7211 = CARTESIAN_POINT('',(0.15,0.45,0.));
#7212 = VECTOR('',#7213,1.);
#7213 = DIRECTION('',(0.,0.,1.));
#7214 = ORIENTED_EDGE('',*,*,#6903,.T.);
#7215 = ORIENTED_EDGE('',*,*,#7151,.F.);
#7216 = ORIENTED_EDGE('',*,*,#7217,.F.);
#7217 = EDGE_CURVE('',#7218,#7152,#7220,.T.);
#7218 = VERTEX_POINT('',#7219);
#7219 = CARTESIAN_POINT('',(0.15,-4.85,0.));
#7220 = LINE('',#7221,#7222);
#7221 = CARTESIAN_POINT('',(0.15,0.75,0.));
#7222 = VECTOR('',#7223,1.);
#7223 = DIRECTION('',(0.,-1.,0.));
#7224 = ORIENTED_EDGE('',*,*,#7225,.F.);
#7225 = EDGE_CURVE('',#7226,#7218,#7228,.T.);
#7226 = VERTEX_POINT('',#7227);
#7227 = CARTESIAN_POINT('',(0.15,-4.85,1.5));
#7228 = LINE('',#7229,#7230);
#7229 = CARTESIAN_POINT('',(0.15,-4.85,1.5));
#7230 = VECTOR('',#7231,1.);
#7231 = DIRECTION('',(0.,5.551115123126E-16,-1.));
#7232 = ORIENTED_EDGE('',*,*,#7233,.T.);
#7233 = EDGE_CURVE('',#7226,#7234,#7236,.T.);
#7234 = VERTEX_POINT('',#7235);
#7235 = CARTESIAN_POINT('',(0.15,-4.15,1.5));
#7236 = LINE('',#7237,#7238);
#7237 = CARTESIAN_POINT('',(0.15,-4.85,1.5));
#7238 = VECTOR('',#7239,1.);
#7239 = DIRECTION('',(0.,1.,3.330669073875E-16));
#7240 = ORIENTED_EDGE('',*,*,#7241,.T.);
#7241 = EDGE_CURVE('',#7234,#7242,#7244,.T.);
#7242 = VERTEX_POINT('',#7243);
#7243 = CARTESIAN_POINT('',(0.15,-4.15,0.));
#7244 = LINE('',#7245,#7246);
#7245 = CARTESIAN_POINT('',(0.15,-4.15,1.5));
#7246 = VECTOR('',#7247,1.);
#7247 = DIRECTION('',(0.,5.551115123126E-16,-1.));
#7248 = ORIENTED_EDGE('',*,*,#7249,.F.);
#7249 = EDGE_CURVE('',#7250,#7242,#7252,.T.);
#7250 = VERTEX_POINT('',#7251);
#7251 = CARTESIAN_POINT('',(0.15,-0.35,0.));
#7252 = LINE('',#7253,#7254);
#7253 = CARTESIAN_POINT('',(0.15,0.75,0.));
#7254 = VECTOR('',#7255,1.);
#7255 = DIRECTION('',(0.,-1.,0.));
#7256 = ORIENTED_EDGE('',*,*,#7257,.F.);
#7257 = EDGE_CURVE('',#7258,#7250,#7260,.T.);
#7258 = VERTEX_POINT('',#7259);
#7259 = CARTESIAN_POINT('',(0.15,-0.35,1.5));
#7260 = LINE('',#7261,#7262);
#7261 = CARTESIAN_POINT('',(0.15,-0.35,1.5));
#7262 = VECTOR('',#7263,1.);
#7263 = DIRECTION('',(0.,5.551115123126E-16,-1.));
#7264 = ORIENTED_EDGE('',*,*,#7265,.T.);
#7265 = EDGE_CURVE('',#7258,#7266,#7268,.T.);
#7266 = VERTEX_POINT('',#7267);
#7267 = CARTESIAN_POINT('',(0.15,0.35,1.5));
#7268 = LINE('',#7269,#7270);
#7269 = CARTESIAN_POINT('',(0.15,-0.35,1.5));
#7270 = VECTOR('',#7271,1.);
#7271 = DIRECTION('',(0.,1.,3.330669073875E-16));
#7272 = ORIENTED_EDGE('',*,*,#7273,.T.);
#7273 = EDGE_CURVE('',#7266,#7202,#7274,.T.);
#7274 = LINE('',#7275,#7276);
#7275 = CARTESIAN_POINT('',(0.15,0.35,1.5));
#7276 = VECTOR('',#7277,1.);
#7277 = DIRECTION('',(0.,5.551115123126E-16,-1.));
#7278 = PLANE('',#7279);
#7279 = AXIS2_PLACEMENT_3D('',#7280,#7281,#7282);
#7280 = CARTESIAN_POINT('',(0.15,0.75,0.));
#7281 = DIRECTION('',(1.,0.,0.));
#7282 = DIRECTION('',(0.,-1.,0.));
#7283 = ADVANCED_FACE('',(#7284),#7366,.F.);
#7284 = FACE_BOUND('',#7285,.F.);
#7285 = EDGE_LOOP('',(#7286,#7294,#7295,#7296,#7304,#7312,#7320,#7328,
    #7336,#7344,#7352,#7360));
#7286 = ORIENTED_EDGE('',*,*,#7287,.F.);
#7287 = EDGE_CURVE('',#7175,#7288,#7290,.T.);
#7288 = VERTEX_POINT('',#7289);
#7289 = CARTESIAN_POINT('',(6.15,-4.85,0.));
#7290 = LINE('',#7291,#7292);
#7291 = CARTESIAN_POINT('',(6.15,-5.25,0.));
#7292 = VECTOR('',#7293,1.);
#7293 = DIRECTION('',(0.,1.,0.));
#7294 = ORIENTED_EDGE('',*,*,#7183,.T.);
#7295 = ORIENTED_EDGE('',*,*,#6927,.T.);
#7296 = ORIENTED_EDGE('',*,*,#7297,.F.);
#7297 = EDGE_CURVE('',#7298,#6928,#7300,.T.);
#7298 = VERTEX_POINT('',#7299);
#7299 = CARTESIAN_POINT('',(6.15,0.45,0.));
#7300 = LINE('',#7301,#7302);
#7301 = CARTESIAN_POINT('',(6.15,0.45,0.));
#7302 = VECTOR('',#7303,1.);
#7303 = DIRECTION('',(0.,0.,1.));
#7304 = ORIENTED_EDGE('',*,*,#7305,.F.);
#7305 = EDGE_CURVE('',#7306,#7298,#7308,.T.);
#7306 = VERTEX_POINT('',#7307);
#7307 = CARTESIAN_POINT('',(6.15,0.35,0.));
#7308 = LINE('',#7309,#7310);
#7309 = CARTESIAN_POINT('',(6.15,-5.25,0.));
#7310 = VECTOR('',#7311,1.);
#7311 = DIRECTION('',(0.,1.,0.));
#7312 = ORIENTED_EDGE('',*,*,#7313,.F.);
#7313 = EDGE_CURVE('',#7314,#7306,#7316,.T.);
#7314 = VERTEX_POINT('',#7315);
#7315 = CARTESIAN_POINT('',(6.15,0.35,1.5));
#7316 = LINE('',#7317,#7318);
#7317 = CARTESIAN_POINT('',(6.15,0.35,1.5));
#7318 = VECTOR('',#7319,1.);
#7319 = DIRECTION('',(0.,5.551115123126E-16,-1.));
#7320 = ORIENTED_EDGE('',*,*,#7321,.F.);
#7321 = EDGE_CURVE('',#7322,#7314,#7324,.T.);
#7322 = VERTEX_POINT('',#7323);
#7323 = CARTESIAN_POINT('',(6.15,-0.35,1.5));
#7324 = LINE('',#7325,#7326);
#7325 = CARTESIAN_POINT('',(6.15,-0.35,1.5));
#7326 = VECTOR('',#7327,1.);
#7327 = DIRECTION('',(0.,1.,3.330669073875E-16));
#7328 = ORIENTED_EDGE('',*,*,#7329,.T.);
#7329 = EDGE_CURVE('',#7322,#7330,#7332,.T.);
#7330 = VERTEX_POINT('',#7331);
#7331 = CARTESIAN_POINT('',(6.15,-0.35,0.));
#7332 = LINE('',#7333,#7334);
#7333 = CARTESIAN_POINT('',(6.15,-0.35,1.5));
#7334 = VECTOR('',#7335,1.);
#7335 = DIRECTION('',(0.,5.551115123126E-16,-1.));
#7336 = ORIENTED_EDGE('',*,*,#7337,.F.);
#7337 = EDGE_CURVE('',#7338,#7330,#7340,.T.);
#7338 = VERTEX_POINT('',#7339);
#7339 = CARTESIAN_POINT('',(6.15,-4.15,0.));
#7340 = LINE('',#7341,#7342);
#7341 = CARTESIAN_POINT('',(6.15,-5.25,0.));
#7342 = VECTOR('',#7343,1.);
#7343 = DIRECTION('',(0.,1.,0.));
#7344 = ORIENTED_EDGE('',*,*,#7345,.F.);
#7345 = EDGE_CURVE('',#7346,#7338,#7348,.T.);
#7346 = VERTEX_POINT('',#7347);
#7347 = CARTESIAN_POINT('',(6.15,-4.15,1.5));
#7348 = LINE('',#7349,#7350);
#7349 = CARTESIAN_POINT('',(6.15,-4.15,1.5));
#7350 = VECTOR('',#7351,1.);
#7351 = DIRECTION('',(0.,5.551115123126E-16,-1.));
#7352 = ORIENTED_EDGE('',*,*,#7353,.F.);
#7353 = EDGE_CURVE('',#7354,#7346,#7356,.T.);
#7354 = VERTEX_POINT('',#7355);
#7355 = CARTESIAN_POINT('',(6.15,-4.85,1.5));
#7356 = LINE('',#7357,#7358);
#7357 = CARTESIAN_POINT('',(6.15,-4.85,1.5));
#7358 = VECTOR('',#7359,1.);
#7359 = DIRECTION('',(0.,1.,3.330669073875E-16));
#7360 = ORIENTED_EDGE('',*,*,#7361,.T.);
#7361 = EDGE_CURVE('',#7354,#7288,#7362,.T.);
#7362 = LINE('',#7363,#7364);
#7363 = CARTESIAN_POINT('',(6.15,-4.85,1.5));
#7364 = VECTOR('',#7365,1.);
#7365 = DIRECTION('',(0.,5.551115123126E-16,-1.));
#7366 = PLANE('',#7367);
#7367 = AXIS2_PLACEMENT_3D('',#7368,#7369,#7370);
#7368 = CARTESIAN_POINT('',(6.15,-5.25,0.));
#7369 = DIRECTION('',(-1.,0.,0.));
#7370 = DIRECTION('',(0.,1.,0.));
#7371 = ADVANCED_FACE('',(#7372),#7391,.T.);
#7372 = FACE_BOUND('',#7373,.T.);
#7373 = EDGE_LOOP('',(#7374,#7383,#7384,#7385));
#7374 = ORIENTED_EDGE('',*,*,#7375,.T.);
#7375 = EDGE_CURVE('',#7376,#7200,#7378,.T.);
#7376 = VERTEX_POINT('',#7377);
#7377 = CARTESIAN_POINT('',(0.45,0.75,0.));
#7378 = CIRCLE('',#7379,0.3);
#7379 = AXIS2_PLACEMENT_3D('',#7380,#7381,#7382);
#7380 = CARTESIAN_POINT('',(0.45,0.45,0.));
#7381 = DIRECTION('',(-0.,0.,1.));
#7382 = DIRECTION('',(0.,-1.,0.));
#7383 = ORIENTED_EDGE('',*,*,#7209,.T.);
#7384 = ORIENTED_EDGE('',*,*,#6951,.F.);
#7385 = ORIENTED_EDGE('',*,*,#7386,.F.);
#7386 = EDGE_CURVE('',#7376,#6952,#7387,.T.);
#7387 = LINE('',#7388,#7389);
#7388 = CARTESIAN_POINT('',(0.45,0.75,0.));
#7389 = VECTOR('',#7390,1.);
#7390 = DIRECTION('',(0.,0.,1.));
#7391 = CYLINDRICAL_SURFACE('',#7392,0.3);
#7392 = AXIS2_PLACEMENT_3D('',#7393,#7394,#7395);
#7393 = CARTESIAN_POINT('',(0.45,0.45,0.));
#7394 = DIRECTION('',(0.,0.,1.));
#7395 = DIRECTION('',(0.,1.,0.));
#7396 = ADVANCED_FACE('',(#7397),#7416,.T.);
#7397 = FACE_BOUND('',#7398,.T.);
#7398 = EDGE_LOOP('',(#7399,#7408,#7414,#7415));
#7399 = ORIENTED_EDGE('',*,*,#7400,.T.);
#7400 = EDGE_CURVE('',#7298,#7401,#7403,.T.);
#7401 = VERTEX_POINT('',#7402);
#7402 = CARTESIAN_POINT('',(5.85,0.75,0.));
#7403 = CIRCLE('',#7404,0.3);
#7404 = AXIS2_PLACEMENT_3D('',#7405,#7406,#7407);
#7405 = CARTESIAN_POINT('',(5.85,0.45,0.));
#7406 = DIRECTION('',(-0.,0.,1.));
#7407 = DIRECTION('',(0.,-1.,0.));
#7408 = ORIENTED_EDGE('',*,*,#7409,.T.);
#7409 = EDGE_CURVE('',#7401,#6977,#7410,.T.);
#7410 = LINE('',#7411,#7412);
#7411 = CARTESIAN_POINT('',(5.85,0.75,0.));
#7412 = VECTOR('',#7413,1.);
#7413 = DIRECTION('',(0.,0.,1.));
#7414 = ORIENTED_EDGE('',*,*,#6976,.F.);
#7415 = ORIENTED_EDGE('',*,*,#7297,.F.);
#7416 = CYLINDRICAL_SURFACE('',#7417,0.3);
#7417 = AXIS2_PLACEMENT_3D('',#7418,#7419,#7420);
#7418 = CARTESIAN_POINT('',(5.85,0.45,0.));
#7419 = DIRECTION('',(0.,0.,1.));
#7420 = DIRECTION('',(1.,0.,-0.));
#7421 = ADVANCED_FACE('',(#7422),#7433,.F.);
#7422 = FACE_BOUND('',#7423,.F.);
#7423 = EDGE_LOOP('',(#7424,#7430,#7431,#7432));
#7424 = ORIENTED_EDGE('',*,*,#7425,.F.);
#7425 = EDGE_CURVE('',#7401,#7376,#7426,.T.);
#7426 = LINE('',#7427,#7428);
#7427 = CARTESIAN_POINT('',(6.15,0.75,0.));
#7428 = VECTOR('',#7429,1.);
#7429 = DIRECTION('',(-1.,0.,0.));
#7430 = ORIENTED_EDGE('',*,*,#7409,.T.);
#7431 = ORIENTED_EDGE('',*,*,#7001,.T.);
#7432 = ORIENTED_EDGE('',*,*,#7386,.F.);
#7433 = PLANE('',#7434);
#7434 = AXIS2_PLACEMENT_3D('',#7435,#7436,#7437);
#7435 = CARTESIAN_POINT('',(6.15,0.75,0.));
#7436 = DIRECTION('',(0.,-1.,0.));
#7437 = DIRECTION('',(-1.,0.,0.));
#7438 = ADVANCED_FACE('',(#7439),#7442,.F.);
#7439 = FACE_BOUND('',#7440,.T.);
#7440 = EDGE_LOOP('',(#7441));
#7441 = ORIENTED_EDGE('',*,*,#7026,.T.);
#7442 = PLANE('',#7443);
#7443 = AXIS2_PLACEMENT_3D('',#7444,#7445,#7446);
#7444 = CARTESIAN_POINT('',(5.65,-4.25,4.1));
#7445 = DIRECTION('',(0.,0.,-1.));
#7446 = DIRECTION('',(-1.,0.,0.));
#7447 = ADVANCED_FACE('',(#7448),#7468,.T.);
#7448 = FACE_BOUND('',#7449,.T.);
#7449 = EDGE_LOOP('',(#7450,#7451,#7460,#7467));
#7450 = ORIENTED_EDGE('',*,*,#7051,.T.);
#7451 = ORIENTED_EDGE('',*,*,#7452,.F.);
#7452 = EDGE_CURVE('',#7453,#7044,#7455,.T.);
#7453 = VERTEX_POINT('',#7454);
#7454 = CARTESIAN_POINT('',(4.8,-2.25,4.3));
#7455 = CIRCLE('',#7456,0.1);
#7456 = AXIS2_PLACEMENT_3D('',#7457,#7458,#7459);
#7457 = CARTESIAN_POINT('',(4.8,-2.25,4.2));
#7458 = DIRECTION('',(-0.,1.,0.));
#7459 = DIRECTION('',(1.,0.,0.));
#7460 = ORIENTED_EDGE('',*,*,#7461,.F.);
#7461 = EDGE_CURVE('',#7453,#7453,#7462,.T.);
#7462 = CIRCLE('',#7463,1.65);
#7463 = AXIS2_PLACEMENT_3D('',#7464,#7465,#7466);
#7464 = CARTESIAN_POINT('',(3.15,-2.25,4.3));
#7465 = DIRECTION('',(0.,0.,1.));
#7466 = DIRECTION('',(1.,0.,-0.));
#7467 = ORIENTED_EDGE('',*,*,#7452,.T.);
#7468 = TOROIDAL_SURFACE('',#7469,1.65,0.1);
#7469 = AXIS2_PLACEMENT_3D('',#7470,#7471,#7472);
#7470 = CARTESIAN_POINT('',(3.15,-2.25,4.2));
#7471 = DIRECTION('',(0.,0.,-1.));
#7472 = DIRECTION('',(1.,0.,0.));
#7473 = ADVANCED_FACE('',(#7474),#7477,.F.);
#7474 = FACE_BOUND('',#7475,.T.);
#7475 = EDGE_LOOP('',(#7476));
#7476 = ORIENTED_EDGE('',*,*,#7076,.T.);
#7477 = PLANE('',#7478);
#7478 = AXIS2_PLACEMENT_3D('',#7479,#7480,#7481);
#7479 = CARTESIAN_POINT('',(1.65,-0.25,4.1));
#7480 = DIRECTION('',(0.,0.,-1.));
#7481 = DIRECTION('',(-1.,0.,0.));
#7482 = ADVANCED_FACE('',(#7483),#7486,.F.);
#7483 = FACE_BOUND('',#7484,.T.);
#7484 = EDGE_LOOP('',(#7485));
#7485 = ORIENTED_EDGE('',*,*,#7101,.T.);
#7486 = PLANE('',#7487);
#7487 = AXIS2_PLACEMENT_3D('',#7488,#7489,#7490);
#7488 = CARTESIAN_POINT('',(5.65,-0.25,4.1));
#7489 = DIRECTION('',(0.,0.,-1.));
#7490 = DIRECTION('',(-1.,0.,0.));
#7491 = ADVANCED_FACE('',(#7492),#7530,.T.);
#7492 = FACE_BOUND('',#7493,.T.);
#7493 = EDGE_LOOP('',(#7494,#7495,#7496,#7497,#7503,#7504,#7510,#7511,
    #7512,#7513,#7514,#7515,#7521,#7522,#7528,#7529));
#7494 = ORIENTED_EDGE('',*,*,#7118,.F.);
#7495 = ORIENTED_EDGE('',*,*,#7159,.T.);
#7496 = ORIENTED_EDGE('',*,*,#7217,.F.);
#7497 = ORIENTED_EDGE('',*,*,#7498,.F.);
#7498 = EDGE_CURVE('',#7242,#7218,#7499,.T.);
#7499 = LINE('',#7500,#7501);
#7500 = CARTESIAN_POINT('',(0.15,0.75,0.));
#7501 = VECTOR('',#7502,1.);
#7502 = DIRECTION('',(0.,-1.,0.));
#7503 = ORIENTED_EDGE('',*,*,#7249,.F.);
#7504 = ORIENTED_EDGE('',*,*,#7505,.F.);
#7505 = EDGE_CURVE('',#7202,#7250,#7506,.T.);
#7506 = LINE('',#7507,#7508);
#7507 = CARTESIAN_POINT('',(0.15,0.75,0.));
#7508 = VECTOR('',#7509,1.);
#7509 = DIRECTION('',(0.,-1.,0.));
#7510 = ORIENTED_EDGE('',*,*,#7199,.F.);
#7511 = ORIENTED_EDGE('',*,*,#7375,.F.);
#7512 = ORIENTED_EDGE('',*,*,#7425,.F.);
#7513 = ORIENTED_EDGE('',*,*,#7400,.F.);
#7514 = ORIENTED_EDGE('',*,*,#7305,.F.);
#7515 = ORIENTED_EDGE('',*,*,#7516,.F.);
#7516 = EDGE_CURVE('',#7330,#7306,#7517,.T.);
#7517 = LINE('',#7518,#7519);
#7518 = CARTESIAN_POINT('',(6.15,-5.25,0.));
#7519 = VECTOR('',#7520,1.);
#7520 = DIRECTION('',(0.,1.,0.));
#7521 = ORIENTED_EDGE('',*,*,#7337,.F.);
#7522 = ORIENTED_EDGE('',*,*,#7523,.F.);
#7523 = EDGE_CURVE('',#7288,#7338,#7524,.T.);
#7524 = LINE('',#7525,#7526);
#7525 = CARTESIAN_POINT('',(6.15,-5.25,0.));
#7526 = VECTOR('',#7527,1.);
#7527 = DIRECTION('',(0.,1.,0.));
#7528 = ORIENTED_EDGE('',*,*,#7287,.F.);
#7529 = ORIENTED_EDGE('',*,*,#7174,.F.);
#7530 = PLANE('',#7531);
#7531 = AXIS2_PLACEMENT_3D('',#7532,#7533,#7534);
#7532 = CARTESIAN_POINT('',(0.15,-5.25,0.));
#7533 = DIRECTION('',(0.,0.,-1.));
#7534 = DIRECTION('',(-1.,0.,0.));
#7535 = ADVANCED_FACE('',(#7536),#7680,.F.);
#7536 = FACE_BOUND('',#7537,.F.);
#7537 = EDGE_LOOP('',(#7538,#7548,#7557,#7565,#7574,#7582,#7590,#7598,
    #7607,#7615,#7624,#7632,#7641,#7647,#7648,#7656,#7665,#7673));
#7538 = ORIENTED_EDGE('',*,*,#7539,.T.);
#7539 = EDGE_CURVE('',#7540,#7542,#7544,.T.);
#7540 = VERTEX_POINT('',#7541);
#7541 = CARTESIAN_POINT('',(-0.162230377286,0.35,-0.540767924286));
#7542 = VERTEX_POINT('',#7543);
#7543 = CARTESIAN_POINT('',(-0.425000733956,0.35,-1.416669113186));
#7544 = LINE('',#7545,#7546);
#7545 = CARTESIAN_POINT('',(-0.15,0.35,-0.5));
#7546 = VECTOR('',#7547,1.);
#7547 = DIRECTION('',(-0.287347885566,5.31700397722E-16,-0.957826285221)
  );
#7548 = ORIENTED_EDGE('',*,*,#7549,.T.);
#7549 = EDGE_CURVE('',#7542,#7550,#7552,.T.);
#7550 = VERTEX_POINT('',#7551);
#7551 = CARTESIAN_POINT('',(-0.425000733956,0.35,-1.583330886814));
#7552 = CIRCLE('',#7553,0.29);
#7553 = AXIS2_PLACEMENT_3D('',#7554,#7555,#7556);
#7554 = CARTESIAN_POINT('',(-0.147231111242,0.35,-1.5));
#7555 = DIRECTION('',(0.,-1.,-3.330669073875E-16));
#7556 = DIRECTION('',(0.,-3.330669073875E-16,1.));
#7557 = ORIENTED_EDGE('',*,*,#7558,.T.);
#7558 = EDGE_CURVE('',#7550,#7559,#7561,.T.);
#7559 = VERTEX_POINT('',#7560);
#7560 = CARTESIAN_POINT('',(-0.162230377286,0.35,-2.459232075714));
#7561 = LINE('',#7562,#7563);
#7562 = CARTESIAN_POINT('',(-0.45,0.35,-1.5));
#7563 = VECTOR('',#7564,1.);
#7564 = DIRECTION('',(0.287347885566,5.31700397722E-16,-0.957826285221)
  );
#7565 = ORIENTED_EDGE('',*,*,#7566,.F.);
#7566 = EDGE_CURVE('',#7567,#7559,#7569,.T.);
#7567 = VERTEX_POINT('',#7568);
#7568 = CARTESIAN_POINT('',(-0.15,0.35,-2.542562962528));
#7569 = CIRCLE('',#7570,0.29);
#7570 = AXIS2_PLACEMENT_3D('',#7571,#7572,#7573);
#7571 = CARTESIAN_POINT('',(-0.44,0.35,-2.542562962528));
#7572 = DIRECTION('',(0.,-1.,-3.330669073875E-16));
#7573 = DIRECTION('',(0.,-3.330669073875E-16,1.));
#7574 = ORIENTED_EDGE('',*,*,#7575,.F.);
#7575 = EDGE_CURVE('',#7576,#7567,#7578,.T.);
#7576 = VERTEX_POINT('',#7577);
#7577 = CARTESIAN_POINT('',(-0.15,0.35,-3.5));
#7578 = LINE('',#7579,#7580);
#7579 = CARTESIAN_POINT('',(-0.15,0.35,-3.5));
#7580 = VECTOR('',#7581,1.);
#7581 = DIRECTION('',(0.,-5.551115123126E-16,1.));
#7582 = ORIENTED_EDGE('',*,*,#7583,.F.);
#7583 = EDGE_CURVE('',#7584,#7576,#7586,.T.);
#7584 = VERTEX_POINT('',#7585);
#7585 = CARTESIAN_POINT('',(0.15,0.35,-3.5));
#7586 = LINE('',#7587,#7588);
#7587 = CARTESIAN_POINT('',(0.15,0.35,-3.5));
#7588 = VECTOR('',#7589,1.);
#7589 = DIRECTION('',(-1.,-0.,0.));
#7590 = ORIENTED_EDGE('',*,*,#7591,.F.);
#7591 = EDGE_CURVE('',#7592,#7584,#7594,.T.);
#7592 = VERTEX_POINT('',#7593);
#7593 = CARTESIAN_POINT('',(0.15,0.35,-2.542562962528));
#7594 = LINE('',#7595,#7596);
#7595 = CARTESIAN_POINT('',(0.15,0.35,-2.5));
#7596 = VECTOR('',#7597,1.);
#7597 = DIRECTION('',(0.,5.551115123126E-16,-1.));
#7598 = ORIENTED_EDGE('',*,*,#7599,.F.);
#7599 = EDGE_CURVE('',#7600,#7592,#7602,.T.);
#7600 = VERTEX_POINT('',#7601);
#7601 = CARTESIAN_POINT('',(0.137769622714,0.35,-2.459232075714));
#7602 = CIRCLE('',#7603,0.29);
#7603 = AXIS2_PLACEMENT_3D('',#7604,#7605,#7606);
#7604 = CARTESIAN_POINT('',(-0.14,0.35,-2.542562962528));
#7605 = DIRECTION('',(-0.,1.,3.330669073875E-16));
#7606 = DIRECTION('',(0.,-3.330669073875E-16,1.));
#7607 = ORIENTED_EDGE('',*,*,#7608,.T.);
#7608 = EDGE_CURVE('',#7600,#7609,#7611,.T.);
#7609 = VERTEX_POINT('',#7610);
#7610 = CARTESIAN_POINT('',(-0.125000733956,0.35,-1.583330886814));
#7611 = LINE('',#7612,#7613);
#7612 = CARTESIAN_POINT('',(0.15,0.35,-2.5));
#7613 = VECTOR('',#7614,1.);
#7614 = DIRECTION('',(-0.287347885566,-5.31700397722E-16,0.957826285221)
  );
#7615 = ORIENTED_EDGE('',*,*,#7616,.F.);
#7616 = EDGE_CURVE('',#7617,#7609,#7619,.T.);
#7617 = VERTEX_POINT('',#7618);
#7618 = CARTESIAN_POINT('',(-0.125000733956,0.35,-1.416669113186));
#7619 = CIRCLE('',#7620,0.29);
#7620 = AXIS2_PLACEMENT_3D('',#7621,#7622,#7623);
#7621 = CARTESIAN_POINT('',(0.152768888758,0.35,-1.5));
#7622 = DIRECTION('',(0.,-1.,-3.330669073875E-16));
#7623 = DIRECTION('',(0.,-3.330669073875E-16,1.));
#7624 = ORIENTED_EDGE('',*,*,#7625,.T.);
#7625 = EDGE_CURVE('',#7617,#7626,#7628,.T.);
#7626 = VERTEX_POINT('',#7627);
#7627 = CARTESIAN_POINT('',(0.137769622714,0.35,-0.540767924286));
#7628 = LINE('',#7629,#7630);
#7629 = CARTESIAN_POINT('',(-0.15,0.35,-1.5));
#7630 = VECTOR('',#7631,1.);
#7631 = DIRECTION('',(0.287347885566,-5.31700397722E-16,0.957826285221)
  );
#7632 = ORIENTED_EDGE('',*,*,#7633,.F.);
#7633 = EDGE_CURVE('',#7634,#7626,#7636,.T.);
#7634 = VERTEX_POINT('',#7635);
#7635 = CARTESIAN_POINT('',(0.15,0.35,-0.457437037472));
#7636 = CIRCLE('',#7637,0.29);
#7637 = AXIS2_PLACEMENT_3D('',#7638,#7639,#7640);
#7638 = CARTESIAN_POINT('',(-0.14,0.35,-0.457437037472));
#7639 = DIRECTION('',(-0.,1.,3.330669073875E-16));
#7640 = DIRECTION('',(0.,-3.330669073875E-16,1.));
#7641 = ORIENTED_EDGE('',*,*,#7642,.F.);
#7642 = EDGE_CURVE('',#7202,#7634,#7643,.T.);
#7643 = LINE('',#7644,#7645);
#7644 = CARTESIAN_POINT('',(0.15,0.35,1.5));
#7645 = VECTOR('',#7646,1.);
#7646 = DIRECTION('',(0.,5.551115123126E-16,-1.));
#7647 = ORIENTED_EDGE('',*,*,#7273,.F.);
#7648 = ORIENTED_EDGE('',*,*,#7649,.F.);
#7649 = EDGE_CURVE('',#7650,#7266,#7652,.T.);
#7650 = VERTEX_POINT('',#7651);
#7651 = CARTESIAN_POINT('',(0.14,0.35,1.5));
#7652 = LINE('',#7653,#7654);
#7653 = CARTESIAN_POINT('',(-0.15,0.35,1.5));
#7654 = VECTOR('',#7655,1.);
#7655 = DIRECTION('',(1.,0.,0.));
#7656 = ORIENTED_EDGE('',*,*,#7657,.F.);
#7657 = EDGE_CURVE('',#7658,#7650,#7660,.T.);
#7658 = VERTEX_POINT('',#7659);
#7659 = CARTESIAN_POINT('',(-0.15,0.35,1.21));
#7660 = CIRCLE('',#7661,0.29);
#7661 = AXIS2_PLACEMENT_3D('',#7662,#7663,#7664);
#7662 = CARTESIAN_POINT('',(0.14,0.35,1.21));
#7663 = DIRECTION('',(-0.,1.,3.330669073875E-16));
#7664 = DIRECTION('',(0.,-3.330669073875E-16,1.));
#7665 = ORIENTED_EDGE('',*,*,#7666,.F.);
#7666 = EDGE_CURVE('',#7667,#7658,#7669,.T.);
#7667 = VERTEX_POINT('',#7668);
#7668 = CARTESIAN_POINT('',(-0.15,0.35,-0.457437037472));
#7669 = LINE('',#7670,#7671);
#7670 = CARTESIAN_POINT('',(-0.15,0.35,-0.5));
#7671 = VECTOR('',#7672,1.);
#7672 = DIRECTION('',(0.,-5.551115123126E-16,1.));
#7673 = ORIENTED_EDGE('',*,*,#7674,.F.);
#7674 = EDGE_CURVE('',#7540,#7667,#7675,.T.);
#7675 = CIRCLE('',#7676,0.29);
#7676 = AXIS2_PLACEMENT_3D('',#7677,#7678,#7679);
#7677 = CARTESIAN_POINT('',(-0.44,0.35,-0.457437037472));
#7678 = DIRECTION('',(0.,-1.,-3.330669073875E-16));
#7679 = DIRECTION('',(0.,-3.330669073875E-16,1.));
#7680 = PLANE('',#7681);
#7681 = AXIS2_PLACEMENT_3D('',#7682,#7683,#7684);
#7682 = CARTESIAN_POINT('',(-0.15,0.35,-0.5));
#7683 = DIRECTION('',(1.64346021921E-31,-1.,-5.551115123126E-16));
#7684 = DIRECTION('',(0.,5.551115123126E-16,-1.));
#7685 = ADVANCED_FACE('',(#7686),#7704,.F.);
#7686 = FACE_BOUND('',#7687,.F.);
#7687 = EDGE_LOOP('',(#7688,#7696,#7702,#7703));
#7688 = ORIENTED_EDGE('',*,*,#7689,.F.);
#7689 = EDGE_CURVE('',#7690,#7258,#7692,.T.);
#7690 = VERTEX_POINT('',#7691);
#7691 = CARTESIAN_POINT('',(0.14,-0.35,1.5));
#7692 = LINE('',#7693,#7694);
#7693 = CARTESIAN_POINT('',(-0.15,-0.35,1.5));
#7694 = VECTOR('',#7695,1.);
#7695 = DIRECTION('',(1.,0.,0.));
#7696 = ORIENTED_EDGE('',*,*,#7697,.T.);
#7697 = EDGE_CURVE('',#7690,#7650,#7698,.T.);
#7698 = LINE('',#7699,#7700);
#7699 = CARTESIAN_POINT('',(0.14,-0.35,1.5));
#7700 = VECTOR('',#7701,1.);
#7701 = DIRECTION('',(0.,1.,3.330669073875E-16));
#7702 = ORIENTED_EDGE('',*,*,#7649,.T.);
#7703 = ORIENTED_EDGE('',*,*,#7265,.F.);
#7704 = PLANE('',#7705);
#7705 = AXIS2_PLACEMENT_3D('',#7706,#7707,#7708);
#7706 = CARTESIAN_POINT('',(-0.15,-0.35,1.5));
#7707 = DIRECTION('',(0.,3.330669073875E-16,-1.));
#7708 = DIRECTION('',(1.,0.,0.));
#7709 = ADVANCED_FACE('',(#7710),#7847,.T.);
#7710 = FACE_BOUND('',#7711,.T.);
#7711 = EDGE_LOOP('',(#7712,#7722,#7731,#7739,#7748,#7756,#7764,#7772,
    #7781,#7789,#7798,#7806,#7815,#7821,#7822,#7823,#7832,#7840));
#7712 = ORIENTED_EDGE('',*,*,#7713,.T.);
#7713 = EDGE_CURVE('',#7714,#7716,#7718,.T.);
#7714 = VERTEX_POINT('',#7715);
#7715 = CARTESIAN_POINT('',(-0.162230377286,-0.35,-0.540767924286));
#7716 = VERTEX_POINT('',#7717);
#7717 = CARTESIAN_POINT('',(-0.425000733956,-0.35,-1.416669113186));
#7718 = LINE('',#7719,#7720);
#7719 = CARTESIAN_POINT('',(-0.15,-0.35,-0.5));
#7720 = VECTOR('',#7721,1.);
#7721 = DIRECTION('',(-0.287347885566,5.31700397722E-16,-0.957826285221)
  );
#7722 = ORIENTED_EDGE('',*,*,#7723,.T.);
#7723 = EDGE_CURVE('',#7716,#7724,#7726,.T.);
#7724 = VERTEX_POINT('',#7725);
#7725 = CARTESIAN_POINT('',(-0.425000733956,-0.35,-1.583330886814));
#7726 = CIRCLE('',#7727,0.29);
#7727 = AXIS2_PLACEMENT_3D('',#7728,#7729,#7730);
#7728 = CARTESIAN_POINT('',(-0.147231111242,-0.35,-1.5));
#7729 = DIRECTION('',(0.,-1.,-3.330669073875E-16));
#7730 = DIRECTION('',(0.,-3.330669073875E-16,1.));
#7731 = ORIENTED_EDGE('',*,*,#7732,.T.);
#7732 = EDGE_CURVE('',#7724,#7733,#7735,.T.);
#7733 = VERTEX_POINT('',#7734);
#7734 = CARTESIAN_POINT('',(-0.162230377286,-0.35,-2.459232075714));
#7735 = LINE('',#7736,#7737);
#7736 = CARTESIAN_POINT('',(-0.45,-0.35,-1.5));
#7737 = VECTOR('',#7738,1.);
#7738 = DIRECTION('',(0.287347885566,5.31700397722E-16,-0.957826285221)
  );
#7739 = ORIENTED_EDGE('',*,*,#7740,.F.);
#7740 = EDGE_CURVE('',#7741,#7733,#7743,.T.);
#7741 = VERTEX_POINT('',#7742);
#7742 = CARTESIAN_POINT('',(-0.15,-0.35,-2.542562962528));
#7743 = CIRCLE('',#7744,0.29);
#7744 = AXIS2_PLACEMENT_3D('',#7745,#7746,#7747);
#7745 = CARTESIAN_POINT('',(-0.44,-0.35,-2.542562962528));
#7746 = DIRECTION('',(0.,-1.,-3.330669073875E-16));
#7747 = DIRECTION('',(0.,-3.330669073875E-16,1.));
#7748 = ORIENTED_EDGE('',*,*,#7749,.F.);
#7749 = EDGE_CURVE('',#7750,#7741,#7752,.T.);
#7750 = VERTEX_POINT('',#7751);
#7751 = CARTESIAN_POINT('',(-0.15,-0.35,-3.5));
#7752 = LINE('',#7753,#7754);
#7753 = CARTESIAN_POINT('',(-0.15,-0.35,-3.5));
#7754 = VECTOR('',#7755,1.);
#7755 = DIRECTION('',(0.,-5.551115123126E-16,1.));
#7756 = ORIENTED_EDGE('',*,*,#7757,.F.);
#7757 = EDGE_CURVE('',#7758,#7750,#7760,.T.);
#7758 = VERTEX_POINT('',#7759);
#7759 = CARTESIAN_POINT('',(0.15,-0.35,-3.5));
#7760 = LINE('',#7761,#7762);
#7761 = CARTESIAN_POINT('',(0.15,-0.35,-3.5));
#7762 = VECTOR('',#7763,1.);
#7763 = DIRECTION('',(-1.,-0.,0.));
#7764 = ORIENTED_EDGE('',*,*,#7765,.F.);
#7765 = EDGE_CURVE('',#7766,#7758,#7768,.T.);
#7766 = VERTEX_POINT('',#7767);
#7767 = CARTESIAN_POINT('',(0.15,-0.35,-2.542562962528));
#7768 = LINE('',#7769,#7770);
#7769 = CARTESIAN_POINT('',(0.15,-0.35,-2.5));
#7770 = VECTOR('',#7771,1.);
#7771 = DIRECTION('',(0.,5.551115123126E-16,-1.));
#7772 = ORIENTED_EDGE('',*,*,#7773,.F.);
#7773 = EDGE_CURVE('',#7774,#7766,#7776,.T.);
#7774 = VERTEX_POINT('',#7775);
#7775 = CARTESIAN_POINT('',(0.137769622714,-0.35,-2.459232075714));
#7776 = CIRCLE('',#7777,0.29);
#7777 = AXIS2_PLACEMENT_3D('',#7778,#7779,#7780);
#7778 = CARTESIAN_POINT('',(-0.14,-0.35,-2.542562962528));
#7779 = DIRECTION('',(-0.,1.,3.330669073875E-16));
#7780 = DIRECTION('',(0.,-3.330669073875E-16,1.));
#7781 = ORIENTED_EDGE('',*,*,#7782,.T.);
#7782 = EDGE_CURVE('',#7774,#7783,#7785,.T.);
#7783 = VERTEX_POINT('',#7784);
#7784 = CARTESIAN_POINT('',(-0.125000733956,-0.35,-1.583330886814));
#7785 = LINE('',#7786,#7787);
#7786 = CARTESIAN_POINT('',(0.15,-0.35,-2.5));
#7787 = VECTOR('',#7788,1.);
#7788 = DIRECTION('',(-0.287347885566,-5.31700397722E-16,0.957826285221)
  );
#7789 = ORIENTED_EDGE('',*,*,#7790,.F.);
#7790 = EDGE_CURVE('',#7791,#7783,#7793,.T.);
#7791 = VERTEX_POINT('',#7792);
#7792 = CARTESIAN_POINT('',(-0.125000733956,-0.35,-1.416669113186));
#7793 = CIRCLE('',#7794,0.29);
#7794 = AXIS2_PLACEMENT_3D('',#7795,#7796,#7797);
#7795 = CARTESIAN_POINT('',(0.152768888758,-0.35,-1.5));
#7796 = DIRECTION('',(0.,-1.,-3.330669073875E-16));
#7797 = DIRECTION('',(0.,-3.330669073875E-16,1.));
#7798 = ORIENTED_EDGE('',*,*,#7799,.T.);
#7799 = EDGE_CURVE('',#7791,#7800,#7802,.T.);
#7800 = VERTEX_POINT('',#7801);
#7801 = CARTESIAN_POINT('',(0.137769622714,-0.35,-0.540767924286));
#7802 = LINE('',#7803,#7804);
#7803 = CARTESIAN_POINT('',(-0.15,-0.35,-1.5));
#7804 = VECTOR('',#7805,1.);
#7805 = DIRECTION('',(0.287347885566,-5.31700397722E-16,0.957826285221)
  );
#7806 = ORIENTED_EDGE('',*,*,#7807,.F.);
#7807 = EDGE_CURVE('',#7808,#7800,#7810,.T.);
#7808 = VERTEX_POINT('',#7809);
#7809 = CARTESIAN_POINT('',(0.15,-0.35,-0.457437037472));
#7810 = CIRCLE('',#7811,0.29);
#7811 = AXIS2_PLACEMENT_3D('',#7812,#7813,#7814);
#7812 = CARTESIAN_POINT('',(-0.14,-0.35,-0.457437037472));
#7813 = DIRECTION('',(-0.,1.,3.330669073875E-16));
#7814 = DIRECTION('',(0.,-3.330669073875E-16,1.));
#7815 = ORIENTED_EDGE('',*,*,#7816,.F.);
#7816 = EDGE_CURVE('',#7250,#7808,#7817,.T.);
#7817 = LINE('',#7818,#7819);
#7818 = CARTESIAN_POINT('',(0.15,-0.35,1.5));
#7819 = VECTOR('',#7820,1.);
#7820 = DIRECTION('',(0.,5.551115123126E-16,-1.));
#7821 = ORIENTED_EDGE('',*,*,#7257,.F.);
#7822 = ORIENTED_EDGE('',*,*,#7689,.F.);
#7823 = ORIENTED_EDGE('',*,*,#7824,.F.);
#7824 = EDGE_CURVE('',#7825,#7690,#7827,.T.);
#7825 = VERTEX_POINT('',#7826);
#7826 = CARTESIAN_POINT('',(-0.15,-0.35,1.21));
#7827 = CIRCLE('',#7828,0.29);
#7828 = AXIS2_PLACEMENT_3D('',#7829,#7830,#7831);
#7829 = CARTESIAN_POINT('',(0.14,-0.35,1.21));
#7830 = DIRECTION('',(-0.,1.,3.330669073875E-16));
#7831 = DIRECTION('',(0.,-3.330669073875E-16,1.));
#7832 = ORIENTED_EDGE('',*,*,#7833,.F.);
#7833 = EDGE_CURVE('',#7834,#7825,#7836,.T.);
#7834 = VERTEX_POINT('',#7835);
#7835 = CARTESIAN_POINT('',(-0.15,-0.35,-0.457437037472));
#7836 = LINE('',#7837,#7838);
#7837 = CARTESIAN_POINT('',(-0.15,-0.35,-0.5));
#7838 = VECTOR('',#7839,1.);
#7839 = DIRECTION('',(0.,-5.551115123126E-16,1.));
#7840 = ORIENTED_EDGE('',*,*,#7841,.F.);
#7841 = EDGE_CURVE('',#7714,#7834,#7842,.T.);
#7842 = CIRCLE('',#7843,0.29);
#7843 = AXIS2_PLACEMENT_3D('',#7844,#7845,#7846);
#7844 = CARTESIAN_POINT('',(-0.44,-0.35,-0.457437037472));
#7845 = DIRECTION('',(0.,-1.,-3.330669073875E-16));
#7846 = DIRECTION('',(0.,-3.330669073875E-16,1.));
#7847 = PLANE('',#7848);
#7848 = AXIS2_PLACEMENT_3D('',#7849,#7850,#7851);
#7849 = CARTESIAN_POINT('',(-0.15,-0.35,-0.5));
#7850 = DIRECTION('',(1.64346021921E-31,-1.,-5.551115123126E-16));
#7851 = DIRECTION('',(0.,5.551115123126E-16,-1.));
#7852 = ADVANCED_FACE('',(#7853),#7997,.T.);
#7853 = FACE_BOUND('',#7854,.T.);
#7854 = EDGE_LOOP('',(#7855,#7865,#7874,#7882,#7891,#7899,#7907,#7915,
    #7924,#7932,#7941,#7949,#7958,#7964,#7965,#7973,#7982,#7990));
#7855 = ORIENTED_EDGE('',*,*,#7856,.T.);
#7856 = EDGE_CURVE('',#7857,#7859,#7861,.T.);
#7857 = VERTEX_POINT('',#7858);
#7858 = CARTESIAN_POINT('',(-0.162230377286,-4.85,-0.540767924286));
#7859 = VERTEX_POINT('',#7860);
#7860 = CARTESIAN_POINT('',(-0.425000733956,-4.85,-1.416669113186));
#7861 = LINE('',#7862,#7863);
#7862 = CARTESIAN_POINT('',(-0.15,-4.85,-0.5));
#7863 = VECTOR('',#7864,1.);
#7864 = DIRECTION('',(-0.287347885566,5.31700397722E-16,-0.957826285221)
  );
#7865 = ORIENTED_EDGE('',*,*,#7866,.T.);
#7866 = EDGE_CURVE('',#7859,#7867,#7869,.T.);
#7867 = VERTEX_POINT('',#7868);
#7868 = CARTESIAN_POINT('',(-0.425000733956,-4.85,-1.583330886814));
#7869 = CIRCLE('',#7870,0.29);
#7870 = AXIS2_PLACEMENT_3D('',#7871,#7872,#7873);
#7871 = CARTESIAN_POINT('',(-0.147231111242,-4.85,-1.5));
#7872 = DIRECTION('',(0.,-1.,-3.330669073875E-16));
#7873 = DIRECTION('',(0.,-3.330669073875E-16,1.));
#7874 = ORIENTED_EDGE('',*,*,#7875,.T.);
#7875 = EDGE_CURVE('',#7867,#7876,#7878,.T.);
#7876 = VERTEX_POINT('',#7877);
#7877 = CARTESIAN_POINT('',(-0.162230377286,-4.85,-2.459232075714));
#7878 = LINE('',#7879,#7880);
#7879 = CARTESIAN_POINT('',(-0.45,-4.85,-1.5));
#7880 = VECTOR('',#7881,1.);
#7881 = DIRECTION('',(0.287347885566,5.31700397722E-16,-0.957826285221)
  );
#7882 = ORIENTED_EDGE('',*,*,#7883,.F.);
#7883 = EDGE_CURVE('',#7884,#7876,#7886,.T.);
#7884 = VERTEX_POINT('',#7885);
#7885 = CARTESIAN_POINT('',(-0.15,-4.85,-2.542562962528));
#7886 = CIRCLE('',#7887,0.29);
#7887 = AXIS2_PLACEMENT_3D('',#7888,#7889,#7890);
#7888 = CARTESIAN_POINT('',(-0.44,-4.85,-2.542562962528));
#7889 = DIRECTION('',(0.,-1.,-3.330669073875E-16));
#7890 = DIRECTION('',(0.,-3.330669073875E-16,1.));
#7891 = ORIENTED_EDGE('',*,*,#7892,.F.);
#7892 = EDGE_CURVE('',#7893,#7884,#7895,.T.);
#7893 = VERTEX_POINT('',#7894);
#7894 = CARTESIAN_POINT('',(-0.15,-4.85,-3.5));
#7895 = LINE('',#7896,#7897);
#7896 = CARTESIAN_POINT('',(-0.15,-4.85,-3.5));
#7897 = VECTOR('',#7898,1.);
#7898 = DIRECTION('',(0.,-5.551115123126E-16,1.));
#7899 = ORIENTED_EDGE('',*,*,#7900,.F.);
#7900 = EDGE_CURVE('',#7901,#7893,#7903,.T.);
#7901 = VERTEX_POINT('',#7902);
#7902 = CARTESIAN_POINT('',(0.15,-4.85,-3.5));
#7903 = LINE('',#7904,#7905);
#7904 = CARTESIAN_POINT('',(0.15,-4.85,-3.5));
#7905 = VECTOR('',#7906,1.);
#7906 = DIRECTION('',(-1.,-0.,0.));
#7907 = ORIENTED_EDGE('',*,*,#7908,.F.);
#7908 = EDGE_CURVE('',#7909,#7901,#7911,.T.);
#7909 = VERTEX_POINT('',#7910);
#7910 = CARTESIAN_POINT('',(0.15,-4.85,-2.542562962528));
#7911 = LINE('',#7912,#7913);
#7912 = CARTESIAN_POINT('',(0.15,-4.85,-2.5));
#7913 = VECTOR('',#7914,1.);
#7914 = DIRECTION('',(0.,5.551115123126E-16,-1.));
#7915 = ORIENTED_EDGE('',*,*,#7916,.F.);
#7916 = EDGE_CURVE('',#7917,#7909,#7919,.T.);
#7917 = VERTEX_POINT('',#7918);
#7918 = CARTESIAN_POINT('',(0.137769622714,-4.85,-2.459232075714));
#7919 = CIRCLE('',#7920,0.29);
#7920 = AXIS2_PLACEMENT_3D('',#7921,#7922,#7923);
#7921 = CARTESIAN_POINT('',(-0.14,-4.85,-2.542562962528));
#7922 = DIRECTION('',(-0.,1.,3.330669073875E-16));
#7923 = DIRECTION('',(0.,-3.330669073875E-16,1.));
#7924 = ORIENTED_EDGE('',*,*,#7925,.T.);
#7925 = EDGE_CURVE('',#7917,#7926,#7928,.T.);
#7926 = VERTEX_POINT('',#7927);
#7927 = CARTESIAN_POINT('',(-0.125000733956,-4.85,-1.583330886814));
#7928 = LINE('',#7929,#7930);
#7929 = CARTESIAN_POINT('',(0.15,-4.85,-2.5));
#7930 = VECTOR('',#7931,1.);
#7931 = DIRECTION('',(-0.287347885566,-5.31700397722E-16,0.957826285221)
  );
#7932 = ORIENTED_EDGE('',*,*,#7933,.F.);
#7933 = EDGE_CURVE('',#7934,#7926,#7936,.T.);
#7934 = VERTEX_POINT('',#7935);
#7935 = CARTESIAN_POINT('',(-0.125000733956,-4.85,-1.416669113186));
#7936 = CIRCLE('',#7937,0.29);
#7937 = AXIS2_PLACEMENT_3D('',#7938,#7939,#7940);
#7938 = CARTESIAN_POINT('',(0.152768888758,-4.85,-1.5));
#7939 = DIRECTION('',(0.,-1.,-3.330669073875E-16));
#7940 = DIRECTION('',(0.,-3.330669073875E-16,1.));
#7941 = ORIENTED_EDGE('',*,*,#7942,.T.);
#7942 = EDGE_CURVE('',#7934,#7943,#7945,.T.);
#7943 = VERTEX_POINT('',#7944);
#7944 = CARTESIAN_POINT('',(0.137769622714,-4.85,-0.540767924286));
#7945 = LINE('',#7946,#7947);
#7946 = CARTESIAN_POINT('',(-0.15,-4.85,-1.5));
#7947 = VECTOR('',#7948,1.);
#7948 = DIRECTION('',(0.287347885566,-5.31700397722E-16,0.957826285221)
  );
#7949 = ORIENTED_EDGE('',*,*,#7950,.F.);
#7950 = EDGE_CURVE('',#7951,#7943,#7953,.T.);
#7951 = VERTEX_POINT('',#7952);
#7952 = CARTESIAN_POINT('',(0.15,-4.85,-0.457437037472));
#7953 = CIRCLE('',#7954,0.29);
#7954 = AXIS2_PLACEMENT_3D('',#7955,#7956,#7957);
#7955 = CARTESIAN_POINT('',(-0.14,-4.85,-0.457437037472));
#7956 = DIRECTION('',(-0.,1.,3.330669073875E-16));
#7957 = DIRECTION('',(0.,-3.330669073875E-16,1.));
#7958 = ORIENTED_EDGE('',*,*,#7959,.F.);
#7959 = EDGE_CURVE('',#7218,#7951,#7960,.T.);
#7960 = LINE('',#7961,#7962);
#7961 = CARTESIAN_POINT('',(0.15,-4.85,1.5));
#7962 = VECTOR('',#7963,1.);
#7963 = DIRECTION('',(0.,5.551115123126E-16,-1.));
#7964 = ORIENTED_EDGE('',*,*,#7225,.F.);
#7965 = ORIENTED_EDGE('',*,*,#7966,.F.);
#7966 = EDGE_CURVE('',#7967,#7226,#7969,.T.);
#7967 = VERTEX_POINT('',#7968);
#7968 = CARTESIAN_POINT('',(0.14,-4.85,1.5));
#7969 = LINE('',#7970,#7971);
#7970 = CARTESIAN_POINT('',(-0.15,-4.85,1.5));
#7971 = VECTOR('',#7972,1.);
#7972 = DIRECTION('',(1.,0.,0.));
#7973 = ORIENTED_EDGE('',*,*,#7974,.F.);
#7974 = EDGE_CURVE('',#7975,#7967,#7977,.T.);
#7975 = VERTEX_POINT('',#7976);
#7976 = CARTESIAN_POINT('',(-0.15,-4.85,1.21));
#7977 = CIRCLE('',#7978,0.29);
#7978 = AXIS2_PLACEMENT_3D('',#7979,#7980,#7981);
#7979 = CARTESIAN_POINT('',(0.14,-4.85,1.21));
#7980 = DIRECTION('',(-0.,1.,3.330669073875E-16));
#7981 = DIRECTION('',(0.,-3.330669073875E-16,1.));
#7982 = ORIENTED_EDGE('',*,*,#7983,.F.);
#7983 = EDGE_CURVE('',#7984,#7975,#7986,.T.);
#7984 = VERTEX_POINT('',#7985);
#7985 = CARTESIAN_POINT('',(-0.15,-4.85,-0.457437037472));
#7986 = LINE('',#7987,#7988);
#7987 = CARTESIAN_POINT('',(-0.15,-4.85,-0.5));
#7988 = VECTOR('',#7989,1.);
#7989 = DIRECTION('',(0.,-5.551115123126E-16,1.));
#7990 = ORIENTED_EDGE('',*,*,#7991,.F.);
#7991 = EDGE_CURVE('',#7857,#7984,#7992,.T.);
#7992 = CIRCLE('',#7993,0.29);
#7993 = AXIS2_PLACEMENT_3D('',#7994,#7995,#7996);
#7994 = CARTESIAN_POINT('',(-0.44,-4.85,-0.457437037472));
#7995 = DIRECTION('',(0.,-1.,-3.330669073875E-16));
#7996 = DIRECTION('',(0.,-3.330669073875E-16,1.));
#7997 = PLANE('',#7998);
#7998 = AXIS2_PLACEMENT_3D('',#7999,#8000,#8001);
#7999 = CARTESIAN_POINT('',(-0.15,-4.85,-0.5));
#8000 = DIRECTION('',(0.,-1.,-3.330669073875E-16));
#8001 = DIRECTION('',(0.,3.330669073875E-16,-1.));
#8002 = ADVANCED_FACE('',(#8003),#8147,.F.);
#8003 = FACE_BOUND('',#8004,.F.);
#8004 = EDGE_LOOP('',(#8005,#8015,#8024,#8032,#8041,#8049,#8057,#8065,
    #8074,#8082,#8091,#8099,#8108,#8114,#8115,#8123,#8132,#8140));
#8005 = ORIENTED_EDGE('',*,*,#8006,.T.);
#8006 = EDGE_CURVE('',#8007,#8009,#8011,.T.);
#8007 = VERTEX_POINT('',#8008);
#8008 = CARTESIAN_POINT('',(-0.162230377286,-4.15,-0.540767924286));
#8009 = VERTEX_POINT('',#8010);
#8010 = CARTESIAN_POINT('',(-0.425000733956,-4.15,-1.416669113186));
#8011 = LINE('',#8012,#8013);
#8012 = CARTESIAN_POINT('',(-0.15,-4.15,-0.5));
#8013 = VECTOR('',#8014,1.);
#8014 = DIRECTION('',(-0.287347885566,5.31700397722E-16,-0.957826285221)
  );
#8015 = ORIENTED_EDGE('',*,*,#8016,.T.);
#8016 = EDGE_CURVE('',#8009,#8017,#8019,.T.);
#8017 = VERTEX_POINT('',#8018);
#8018 = CARTESIAN_POINT('',(-0.425000733956,-4.15,-1.583330886814));
#8019 = CIRCLE('',#8020,0.29);
#8020 = AXIS2_PLACEMENT_3D('',#8021,#8022,#8023);
#8021 = CARTESIAN_POINT('',(-0.147231111242,-4.15,-1.5));
#8022 = DIRECTION('',(0.,-1.,-3.330669073875E-16));
#8023 = DIRECTION('',(0.,-3.330669073875E-16,1.));
#8024 = ORIENTED_EDGE('',*,*,#8025,.T.);
#8025 = EDGE_CURVE('',#8017,#8026,#8028,.T.);
#8026 = VERTEX_POINT('',#8027);
#8027 = CARTESIAN_POINT('',(-0.162230377286,-4.15,-2.459232075714));
#8028 = LINE('',#8029,#8030);
#8029 = CARTESIAN_POINT('',(-0.45,-4.15,-1.5));
#8030 = VECTOR('',#8031,1.);
#8031 = DIRECTION('',(0.287347885566,5.31700397722E-16,-0.957826285221)
  );
#8032 = ORIENTED_EDGE('',*,*,#8033,.F.);
#8033 = EDGE_CURVE('',#8034,#8026,#8036,.T.);
#8034 = VERTEX_POINT('',#8035);
#8035 = CARTESIAN_POINT('',(-0.15,-4.15,-2.542562962528));
#8036 = CIRCLE('',#8037,0.29);
#8037 = AXIS2_PLACEMENT_3D('',#8038,#8039,#8040);
#8038 = CARTESIAN_POINT('',(-0.44,-4.15,-2.542562962528));
#8039 = DIRECTION('',(0.,-1.,-3.330669073875E-16));
#8040 = DIRECTION('',(0.,-3.330669073875E-16,1.));
#8041 = ORIENTED_EDGE('',*,*,#8042,.F.);
#8042 = EDGE_CURVE('',#8043,#8034,#8045,.T.);
#8043 = VERTEX_POINT('',#8044);
#8044 = CARTESIAN_POINT('',(-0.15,-4.15,-3.5));
#8045 = LINE('',#8046,#8047);
#8046 = CARTESIAN_POINT('',(-0.15,-4.15,-3.5));
#8047 = VECTOR('',#8048,1.);
#8048 = DIRECTION('',(0.,-5.551115123126E-16,1.));
#8049 = ORIENTED_EDGE('',*,*,#8050,.F.);
#8050 = EDGE_CURVE('',#8051,#8043,#8053,.T.);
#8051 = VERTEX_POINT('',#8052);
#8052 = CARTESIAN_POINT('',(0.15,-4.15,-3.5));
#8053 = LINE('',#8054,#8055);
#8054 = CARTESIAN_POINT('',(0.15,-4.15,-3.5));
#8055 = VECTOR('',#8056,1.);
#8056 = DIRECTION('',(-1.,-0.,0.));
#8057 = ORIENTED_EDGE('',*,*,#8058,.F.);
#8058 = EDGE_CURVE('',#8059,#8051,#8061,.T.);
#8059 = VERTEX_POINT('',#8060);
#8060 = CARTESIAN_POINT('',(0.15,-4.15,-2.542562962528));
#8061 = LINE('',#8062,#8063);
#8062 = CARTESIAN_POINT('',(0.15,-4.15,-2.5));
#8063 = VECTOR('',#8064,1.);
#8064 = DIRECTION('',(0.,5.551115123126E-16,-1.));
#8065 = ORIENTED_EDGE('',*,*,#8066,.F.);
#8066 = EDGE_CURVE('',#8067,#8059,#8069,.T.);
#8067 = VERTEX_POINT('',#8068);
#8068 = CARTESIAN_POINT('',(0.137769622714,-4.15,-2.459232075714));
#8069 = CIRCLE('',#8070,0.29);
#8070 = AXIS2_PLACEMENT_3D('',#8071,#8072,#8073);
#8071 = CARTESIAN_POINT('',(-0.14,-4.15,-2.542562962528));
#8072 = DIRECTION('',(-0.,1.,3.330669073875E-16));
#8073 = DIRECTION('',(0.,-3.330669073875E-16,1.));
#8074 = ORIENTED_EDGE('',*,*,#8075,.T.);
#8075 = EDGE_CURVE('',#8067,#8076,#8078,.T.);
#8076 = VERTEX_POINT('',#8077);
#8077 = CARTESIAN_POINT('',(-0.125000733956,-4.15,-1.583330886814));
#8078 = LINE('',#8079,#8080);
#8079 = CARTESIAN_POINT('',(0.15,-4.15,-2.5));
#8080 = VECTOR('',#8081,1.);
#8081 = DIRECTION('',(-0.287347885566,-5.31700397722E-16,0.957826285221)
  );
#8082 = ORIENTED_EDGE('',*,*,#8083,.F.);
#8083 = EDGE_CURVE('',#8084,#8076,#8086,.T.);
#8084 = VERTEX_POINT('',#8085);
#8085 = CARTESIAN_POINT('',(-0.125000733956,-4.15,-1.416669113186));
#8086 = CIRCLE('',#8087,0.29);
#8087 = AXIS2_PLACEMENT_3D('',#8088,#8089,#8090);
#8088 = CARTESIAN_POINT('',(0.152768888758,-4.15,-1.5));
#8089 = DIRECTION('',(0.,-1.,-3.330669073875E-16));
#8090 = DIRECTION('',(0.,-3.330669073875E-16,1.));
#8091 = ORIENTED_EDGE('',*,*,#8092,.T.);
#8092 = EDGE_CURVE('',#8084,#8093,#8095,.T.);
#8093 = VERTEX_POINT('',#8094);
#8094 = CARTESIAN_POINT('',(0.137769622714,-4.15,-0.540767924286));
#8095 = LINE('',#8096,#8097);
#8096 = CARTESIAN_POINT('',(-0.15,-4.15,-1.5));
#8097 = VECTOR('',#8098,1.);
#8098 = DIRECTION('',(0.287347885566,-5.31700397722E-16,0.957826285221)
  );
#8099 = ORIENTED_EDGE('',*,*,#8100,.F.);
#8100 = EDGE_CURVE('',#8101,#8093,#8103,.T.);
#8101 = VERTEX_POINT('',#8102);
#8102 = CARTESIAN_POINT('',(0.15,-4.15,-0.457437037472));
#8103 = CIRCLE('',#8104,0.29);
#8104 = AXIS2_PLACEMENT_3D('',#8105,#8106,#8107);
#8105 = CARTESIAN_POINT('',(-0.14,-4.15,-0.457437037472));
#8106 = DIRECTION('',(-0.,1.,3.330669073875E-16));
#8107 = DIRECTION('',(0.,-3.330669073875E-16,1.));
#8108 = ORIENTED_EDGE('',*,*,#8109,.F.);
#8109 = EDGE_CURVE('',#7242,#8101,#8110,.T.);
#8110 = LINE('',#8111,#8112);
#8111 = CARTESIAN_POINT('',(0.15,-4.15,1.5));
#8112 = VECTOR('',#8113,1.);
#8113 = DIRECTION('',(0.,5.551115123126E-16,-1.));
#8114 = ORIENTED_EDGE('',*,*,#7241,.F.);
#8115 = ORIENTED_EDGE('',*,*,#8116,.F.);
#8116 = EDGE_CURVE('',#8117,#7234,#8119,.T.);
#8117 = VERTEX_POINT('',#8118);
#8118 = CARTESIAN_POINT('',(0.14,-4.15,1.5));
#8119 = LINE('',#8120,#8121);
#8120 = CARTESIAN_POINT('',(-0.15,-4.15,1.5));
#8121 = VECTOR('',#8122,1.);
#8122 = DIRECTION('',(1.,0.,0.));
#8123 = ORIENTED_EDGE('',*,*,#8124,.F.);
#8124 = EDGE_CURVE('',#8125,#8117,#8127,.T.);
#8125 = VERTEX_POINT('',#8126);
#8126 = CARTESIAN_POINT('',(-0.15,-4.15,1.21));
#8127 = CIRCLE('',#8128,0.29);
#8128 = AXIS2_PLACEMENT_3D('',#8129,#8130,#8131);
#8129 = CARTESIAN_POINT('',(0.14,-4.15,1.21));
#8130 = DIRECTION('',(-0.,1.,3.330669073875E-16));
#8131 = DIRECTION('',(0.,-3.330669073875E-16,1.));
#8132 = ORIENTED_EDGE('',*,*,#8133,.F.);
#8133 = EDGE_CURVE('',#8134,#8125,#8136,.T.);
#8134 = VERTEX_POINT('',#8135);
#8135 = CARTESIAN_POINT('',(-0.15,-4.15,-0.457437037472));
#8136 = LINE('',#8137,#8138);
#8137 = CARTESIAN_POINT('',(-0.15,-4.15,-0.5));
#8138 = VECTOR('',#8139,1.);
#8139 = DIRECTION('',(0.,-5.551115123126E-16,1.));
#8140 = ORIENTED_EDGE('',*,*,#8141,.F.);
#8141 = EDGE_CURVE('',#8007,#8134,#8142,.T.);
#8142 = CIRCLE('',#8143,0.29);
#8143 = AXIS2_PLACEMENT_3D('',#8144,#8145,#8146);
#8144 = CARTESIAN_POINT('',(-0.44,-4.15,-0.457437037472));
#8145 = DIRECTION('',(0.,-1.,-3.330669073875E-16));
#8146 = DIRECTION('',(0.,-3.330669073875E-16,1.));
#8147 = PLANE('',#8148);
#8148 = AXIS2_PLACEMENT_3D('',#8149,#8150,#8151);
#8149 = CARTESIAN_POINT('',(-0.15,-4.15,-0.5));
#8150 = DIRECTION('',(0.,-1.,-3.330669073875E-16));
#8151 = DIRECTION('',(0.,3.330669073875E-16,-1.));
#8152 = ADVANCED_FACE('',(#8153),#8164,.F.);
#8153 = FACE_BOUND('',#8154,.F.);
#8154 = EDGE_LOOP('',(#8155,#8156,#8162,#8163));
#8155 = ORIENTED_EDGE('',*,*,#7966,.F.);
#8156 = ORIENTED_EDGE('',*,*,#8157,.T.);
#8157 = EDGE_CURVE('',#7967,#8117,#8158,.T.);
#8158 = LINE('',#8159,#8160);
#8159 = CARTESIAN_POINT('',(0.14,-4.85,1.5));
#8160 = VECTOR('',#8161,1.);
#8161 = DIRECTION('',(0.,1.,3.330669073875E-16));
#8162 = ORIENTED_EDGE('',*,*,#8116,.T.);
#8163 = ORIENTED_EDGE('',*,*,#7233,.F.);
#8164 = PLANE('',#8165);
#8165 = AXIS2_PLACEMENT_3D('',#8166,#8167,#8168);
#8166 = CARTESIAN_POINT('',(-0.15,-4.85,1.5));
#8167 = DIRECTION('',(0.,3.330669073875E-16,-1.));
#8168 = DIRECTION('',(1.,0.,0.));
#8169 = ADVANCED_FACE('',(#8170),#8314,.F.);
#8170 = FACE_BOUND('',#8171,.F.);
#8171 = EDGE_LOOP('',(#8172,#8182,#8191,#8199,#8208,#8216,#8224,#8232,
    #8241,#8249,#8258,#8266,#8275,#8281,#8282,#8290,#8299,#8307));
#8172 = ORIENTED_EDGE('',*,*,#8173,.T.);
#8173 = EDGE_CURVE('',#8174,#8176,#8178,.T.);
#8174 = VERTEX_POINT('',#8175);
#8175 = CARTESIAN_POINT('',(6.462230377286,-4.85,-0.540767924286));
#8176 = VERTEX_POINT('',#8177);
#8177 = CARTESIAN_POINT('',(6.725000733956,-4.85,-1.416669113186));
#8178 = LINE('',#8179,#8180);
#8179 = CARTESIAN_POINT('',(6.45,-4.85,-0.5));
#8180 = VECTOR('',#8181,1.);
#8181 = DIRECTION('',(0.287347885566,5.31700397722E-16,-0.957826285221)
  );
#8182 = ORIENTED_EDGE('',*,*,#8183,.T.);
#8183 = EDGE_CURVE('',#8176,#8184,#8186,.T.);
#8184 = VERTEX_POINT('',#8185);
#8185 = CARTESIAN_POINT('',(6.725000733956,-4.85,-1.583330886814));
#8186 = CIRCLE('',#8187,0.29);
#8187 = AXIS2_PLACEMENT_3D('',#8188,#8189,#8190);
#8188 = CARTESIAN_POINT('',(6.447231111242,-4.85,-1.5));
#8189 = DIRECTION('',(-0.,1.,3.330669073875E-16));
#8190 = DIRECTION('',(0.,-3.330669073875E-16,1.));
#8191 = ORIENTED_EDGE('',*,*,#8192,.T.);
#8192 = EDGE_CURVE('',#8184,#8193,#8195,.T.);
#8193 = VERTEX_POINT('',#8194);
#8194 = CARTESIAN_POINT('',(6.462230377286,-4.85,-2.459232075714));
#8195 = LINE('',#8196,#8197);
#8196 = CARTESIAN_POINT('',(6.75,-4.85,-1.5));
#8197 = VECTOR('',#8198,1.);
#8198 = DIRECTION('',(-0.287347885566,5.31700397722E-16,-0.957826285221)
  );
#8199 = ORIENTED_EDGE('',*,*,#8200,.F.);
#8200 = EDGE_CURVE('',#8201,#8193,#8203,.T.);
#8201 = VERTEX_POINT('',#8202);
#8202 = CARTESIAN_POINT('',(6.45,-4.85,-2.542562962528));
#8203 = CIRCLE('',#8204,0.29);
#8204 = AXIS2_PLACEMENT_3D('',#8205,#8206,#8207);
#8205 = CARTESIAN_POINT('',(6.74,-4.85,-2.542562962528));
#8206 = DIRECTION('',(-0.,1.,3.330669073875E-16));
#8207 = DIRECTION('',(0.,-3.330669073875E-16,1.));
#8208 = ORIENTED_EDGE('',*,*,#8209,.F.);
#8209 = EDGE_CURVE('',#8210,#8201,#8212,.T.);
#8210 = VERTEX_POINT('',#8211);
#8211 = CARTESIAN_POINT('',(6.45,-4.85,-3.5));
#8212 = LINE('',#8213,#8214);
#8213 = CARTESIAN_POINT('',(6.45,-4.85,-3.5));
#8214 = VECTOR('',#8215,1.);
#8215 = DIRECTION('',(0.,-5.551115123126E-16,1.));
#8216 = ORIENTED_EDGE('',*,*,#8217,.F.);
#8217 = EDGE_CURVE('',#8218,#8210,#8220,.T.);
#8218 = VERTEX_POINT('',#8219);
#8219 = CARTESIAN_POINT('',(6.15,-4.85,-3.5));
#8220 = LINE('',#8221,#8222);
#8221 = CARTESIAN_POINT('',(6.15,-4.85,-3.5));
#8222 = VECTOR('',#8223,1.);
#8223 = DIRECTION('',(1.,0.,0.));
#8224 = ORIENTED_EDGE('',*,*,#8225,.F.);
#8225 = EDGE_CURVE('',#8226,#8218,#8228,.T.);
#8226 = VERTEX_POINT('',#8227);
#8227 = CARTESIAN_POINT('',(6.15,-4.85,-2.542562962528));
#8228 = LINE('',#8229,#8230);
#8229 = CARTESIAN_POINT('',(6.15,-4.85,-2.5));
#8230 = VECTOR('',#8231,1.);
#8231 = DIRECTION('',(0.,5.551115123126E-16,-1.));
#8232 = ORIENTED_EDGE('',*,*,#8233,.F.);
#8233 = EDGE_CURVE('',#8234,#8226,#8236,.T.);
#8234 = VERTEX_POINT('',#8235);
#8235 = CARTESIAN_POINT('',(6.162230377286,-4.85,-2.459232075714));
#8236 = CIRCLE('',#8237,0.29);
#8237 = AXIS2_PLACEMENT_3D('',#8238,#8239,#8240);
#8238 = CARTESIAN_POINT('',(6.44,-4.85,-2.542562962528));
#8239 = DIRECTION('',(0.,-1.,-3.330669073875E-16));
#8240 = DIRECTION('',(0.,-3.330669073875E-16,1.));
#8241 = ORIENTED_EDGE('',*,*,#8242,.T.);
#8242 = EDGE_CURVE('',#8234,#8243,#8245,.T.);
#8243 = VERTEX_POINT('',#8244);
#8244 = CARTESIAN_POINT('',(6.425000733956,-4.85,-1.583330886814));
#8245 = LINE('',#8246,#8247);
#8246 = CARTESIAN_POINT('',(6.15,-4.85,-2.5));
#8247 = VECTOR('',#8248,1.);
#8248 = DIRECTION('',(0.287347885566,-5.31700397722E-16,0.957826285221)
  );
#8249 = ORIENTED_EDGE('',*,*,#8250,.F.);
#8250 = EDGE_CURVE('',#8251,#8243,#8253,.T.);
#8251 = VERTEX_POINT('',#8252);
#8252 = CARTESIAN_POINT('',(6.425000733956,-4.85,-1.416669113186));
#8253 = CIRCLE('',#8254,0.29);
#8254 = AXIS2_PLACEMENT_3D('',#8255,#8256,#8257);
#8255 = CARTESIAN_POINT('',(6.147231111242,-4.85,-1.5));
#8256 = DIRECTION('',(-0.,1.,3.330669073875E-16));
#8257 = DIRECTION('',(0.,-3.330669073875E-16,1.));
#8258 = ORIENTED_EDGE('',*,*,#8259,.T.);
#8259 = EDGE_CURVE('',#8251,#8260,#8262,.T.);
#8260 = VERTEX_POINT('',#8261);
#8261 = CARTESIAN_POINT('',(6.162230377286,-4.85,-0.540767924286));
#8262 = LINE('',#8263,#8264);
#8263 = CARTESIAN_POINT('',(6.45,-4.85,-1.5));
#8264 = VECTOR('',#8265,1.);
#8265 = DIRECTION('',(-0.287347885566,-5.31700397722E-16,0.957826285221)
  );
#8266 = ORIENTED_EDGE('',*,*,#8267,.F.);
#8267 = EDGE_CURVE('',#8268,#8260,#8270,.T.);
#8268 = VERTEX_POINT('',#8269);
#8269 = CARTESIAN_POINT('',(6.15,-4.85,-0.457437037472));
#8270 = CIRCLE('',#8271,0.29);
#8271 = AXIS2_PLACEMENT_3D('',#8272,#8273,#8274);
#8272 = CARTESIAN_POINT('',(6.44,-4.85,-0.457437037472));
#8273 = DIRECTION('',(0.,-1.,-3.330669073875E-16));
#8274 = DIRECTION('',(0.,-3.330669073875E-16,1.));
#8275 = ORIENTED_EDGE('',*,*,#8276,.F.);
#8276 = EDGE_CURVE('',#7288,#8268,#8277,.T.);
#8277 = LINE('',#8278,#8279);
#8278 = CARTESIAN_POINT('',(6.15,-4.85,1.5));
#8279 = VECTOR('',#8280,1.);
#8280 = DIRECTION('',(0.,5.551115123126E-16,-1.));
#8281 = ORIENTED_EDGE('',*,*,#7361,.F.);
#8282 = ORIENTED_EDGE('',*,*,#8283,.F.);
#8283 = EDGE_CURVE('',#8284,#7354,#8286,.T.);
#8284 = VERTEX_POINT('',#8285);
#8285 = CARTESIAN_POINT('',(6.16,-4.85,1.5));
#8286 = LINE('',#8287,#8288);
#8287 = CARTESIAN_POINT('',(6.45,-4.85,1.5));
#8288 = VECTOR('',#8289,1.);
#8289 = DIRECTION('',(-1.,-0.,0.));
#8290 = ORIENTED_EDGE('',*,*,#8291,.F.);
#8291 = EDGE_CURVE('',#8292,#8284,#8294,.T.);
#8292 = VERTEX_POINT('',#8293);
#8293 = CARTESIAN_POINT('',(6.45,-4.85,1.21));
#8294 = CIRCLE('',#8295,0.29);
#8295 = AXIS2_PLACEMENT_3D('',#8296,#8297,#8298);
#8296 = CARTESIAN_POINT('',(6.16,-4.85,1.21));
#8297 = DIRECTION('',(0.,-1.,-3.330669073875E-16));
#8298 = DIRECTION('',(0.,-3.330669073875E-16,1.));
#8299 = ORIENTED_EDGE('',*,*,#8300,.F.);
#8300 = EDGE_CURVE('',#8301,#8292,#8303,.T.);
#8301 = VERTEX_POINT('',#8302);
#8302 = CARTESIAN_POINT('',(6.45,-4.85,-0.457437037472));
#8303 = LINE('',#8304,#8305);
#8304 = CARTESIAN_POINT('',(6.45,-4.85,-0.5));
#8305 = VECTOR('',#8306,1.);
#8306 = DIRECTION('',(0.,-5.551115123126E-16,1.));
#8307 = ORIENTED_EDGE('',*,*,#8308,.F.);
#8308 = EDGE_CURVE('',#8174,#8301,#8309,.T.);
#8309 = CIRCLE('',#8310,0.29);
#8310 = AXIS2_PLACEMENT_3D('',#8311,#8312,#8313);
#8311 = CARTESIAN_POINT('',(6.74,-4.85,-0.457437037472));
#8312 = DIRECTION('',(-0.,1.,3.330669073875E-16));
#8313 = DIRECTION('',(0.,-3.330669073875E-16,1.));
#8314 = PLANE('',#8315);
#8315 = AXIS2_PLACEMENT_3D('',#8316,#8317,#8318);
#8316 = CARTESIAN_POINT('',(6.45,-4.85,-0.5));
#8317 = DIRECTION('',(0.,1.,3.330669073875E-16));
#8318 = DIRECTION('',(0.,-3.330669073875E-16,1.));
#8319 = ADVANCED_FACE('',(#8320),#8338,.T.);
#8320 = FACE_BOUND('',#8321,.T.);
#8321 = EDGE_LOOP('',(#8322,#8323,#8331,#8337));
#8322 = ORIENTED_EDGE('',*,*,#8283,.F.);
#8323 = ORIENTED_EDGE('',*,*,#8324,.T.);
#8324 = EDGE_CURVE('',#8284,#8325,#8327,.T.);
#8325 = VERTEX_POINT('',#8326);
#8326 = CARTESIAN_POINT('',(6.16,-4.15,1.5));
#8327 = LINE('',#8328,#8329);
#8328 = CARTESIAN_POINT('',(6.16,-4.85,1.5));
#8329 = VECTOR('',#8330,1.);
#8330 = DIRECTION('',(0.,1.,3.330669073875E-16));
#8331 = ORIENTED_EDGE('',*,*,#8332,.T.);
#8332 = EDGE_CURVE('',#8325,#7346,#8333,.T.);
#8333 = LINE('',#8334,#8335);
#8334 = CARTESIAN_POINT('',(6.45,-4.15,1.5));
#8335 = VECTOR('',#8336,1.);
#8336 = DIRECTION('',(-1.,-0.,0.));
#8337 = ORIENTED_EDGE('',*,*,#7353,.F.);
#8338 = PLANE('',#8339);
#8339 = AXIS2_PLACEMENT_3D('',#8340,#8341,#8342);
#8340 = CARTESIAN_POINT('',(6.45,-4.85,1.5));
#8341 = DIRECTION('',(0.,-3.330669073875E-16,1.));
#8342 = DIRECTION('',(-1.,0.,0.));
#8343 = ADVANCED_FACE('',(#8344),#8481,.T.);
#8344 = FACE_BOUND('',#8345,.T.);
#8345 = EDGE_LOOP('',(#8346,#8356,#8365,#8373,#8382,#8390,#8398,#8406,
    #8415,#8423,#8432,#8440,#8449,#8455,#8456,#8457,#8466,#8474));
#8346 = ORIENTED_EDGE('',*,*,#8347,.T.);
#8347 = EDGE_CURVE('',#8348,#8350,#8352,.T.);
#8348 = VERTEX_POINT('',#8349);
#8349 = CARTESIAN_POINT('',(6.462230377286,-4.15,-0.540767924286));
#8350 = VERTEX_POINT('',#8351);
#8351 = CARTESIAN_POINT('',(6.725000733956,-4.15,-1.416669113186));
#8352 = LINE('',#8353,#8354);
#8353 = CARTESIAN_POINT('',(6.45,-4.15,-0.5));
#8354 = VECTOR('',#8355,1.);
#8355 = DIRECTION('',(0.287347885566,5.31700397722E-16,-0.957826285221)
  );
#8356 = ORIENTED_EDGE('',*,*,#8357,.T.);
#8357 = EDGE_CURVE('',#8350,#8358,#8360,.T.);
#8358 = VERTEX_POINT('',#8359);
#8359 = CARTESIAN_POINT('',(6.725000733956,-4.15,-1.583330886814));
#8360 = CIRCLE('',#8361,0.29);
#8361 = AXIS2_PLACEMENT_3D('',#8362,#8363,#8364);
#8362 = CARTESIAN_POINT('',(6.447231111242,-4.15,-1.5));
#8363 = DIRECTION('',(-0.,1.,3.330669073875E-16));
#8364 = DIRECTION('',(0.,-3.330669073875E-16,1.));
#8365 = ORIENTED_EDGE('',*,*,#8366,.T.);
#8366 = EDGE_CURVE('',#8358,#8367,#8369,.T.);
#8367 = VERTEX_POINT('',#8368);
#8368 = CARTESIAN_POINT('',(6.462230377286,-4.15,-2.459232075714));
#8369 = LINE('',#8370,#8371);
#8370 = CARTESIAN_POINT('',(6.75,-4.15,-1.5));
#8371 = VECTOR('',#8372,1.);
#8372 = DIRECTION('',(-0.287347885566,5.31700397722E-16,-0.957826285221)
  );
#8373 = ORIENTED_EDGE('',*,*,#8374,.F.);
#8374 = EDGE_CURVE('',#8375,#8367,#8377,.T.);
#8375 = VERTEX_POINT('',#8376);
#8376 = CARTESIAN_POINT('',(6.45,-4.15,-2.542562962528));
#8377 = CIRCLE('',#8378,0.29);
#8378 = AXIS2_PLACEMENT_3D('',#8379,#8380,#8381);
#8379 = CARTESIAN_POINT('',(6.74,-4.15,-2.542562962528));
#8380 = DIRECTION('',(-0.,1.,3.330669073875E-16));
#8381 = DIRECTION('',(0.,-3.330669073875E-16,1.));
#8382 = ORIENTED_EDGE('',*,*,#8383,.F.);
#8383 = EDGE_CURVE('',#8384,#8375,#8386,.T.);
#8384 = VERTEX_POINT('',#8385);
#8385 = CARTESIAN_POINT('',(6.45,-4.15,-3.5));
#8386 = LINE('',#8387,#8388);
#8387 = CARTESIAN_POINT('',(6.45,-4.15,-3.5));
#8388 = VECTOR('',#8389,1.);
#8389 = DIRECTION('',(0.,-5.551115123126E-16,1.));
#8390 = ORIENTED_EDGE('',*,*,#8391,.F.);
#8391 = EDGE_CURVE('',#8392,#8384,#8394,.T.);
#8392 = VERTEX_POINT('',#8393);
#8393 = CARTESIAN_POINT('',(6.15,-4.15,-3.5));
#8394 = LINE('',#8395,#8396);
#8395 = CARTESIAN_POINT('',(6.15,-4.15,-3.5));
#8396 = VECTOR('',#8397,1.);
#8397 = DIRECTION('',(1.,0.,0.));
#8398 = ORIENTED_EDGE('',*,*,#8399,.F.);
#8399 = EDGE_CURVE('',#8400,#8392,#8402,.T.);
#8400 = VERTEX_POINT('',#8401);
#8401 = CARTESIAN_POINT('',(6.15,-4.15,-2.542562962528));
#8402 = LINE('',#8403,#8404);
#8403 = CARTESIAN_POINT('',(6.15,-4.15,-2.5));
#8404 = VECTOR('',#8405,1.);
#8405 = DIRECTION('',(0.,5.551115123126E-16,-1.));
#8406 = ORIENTED_EDGE('',*,*,#8407,.F.);
#8407 = EDGE_CURVE('',#8408,#8400,#8410,.T.);
#8408 = VERTEX_POINT('',#8409);
#8409 = CARTESIAN_POINT('',(6.162230377286,-4.15,-2.459232075714));
#8410 = CIRCLE('',#8411,0.29);
#8411 = AXIS2_PLACEMENT_3D('',#8412,#8413,#8414);
#8412 = CARTESIAN_POINT('',(6.44,-4.15,-2.542562962528));
#8413 = DIRECTION('',(0.,-1.,-3.330669073875E-16));
#8414 = DIRECTION('',(0.,-3.330669073875E-16,1.));
#8415 = ORIENTED_EDGE('',*,*,#8416,.T.);
#8416 = EDGE_CURVE('',#8408,#8417,#8419,.T.);
#8417 = VERTEX_POINT('',#8418);
#8418 = CARTESIAN_POINT('',(6.425000733956,-4.15,-1.583330886814));
#8419 = LINE('',#8420,#8421);
#8420 = CARTESIAN_POINT('',(6.15,-4.15,-2.5));
#8421 = VECTOR('',#8422,1.);
#8422 = DIRECTION('',(0.287347885566,-5.31700397722E-16,0.957826285221)
  );
#8423 = ORIENTED_EDGE('',*,*,#8424,.F.);
#8424 = EDGE_CURVE('',#8425,#8417,#8427,.T.);
#8425 = VERTEX_POINT('',#8426);
#8426 = CARTESIAN_POINT('',(6.425000733956,-4.15,-1.416669113186));
#8427 = CIRCLE('',#8428,0.29);
#8428 = AXIS2_PLACEMENT_3D('',#8429,#8430,#8431);
#8429 = CARTESIAN_POINT('',(6.147231111242,-4.15,-1.5));
#8430 = DIRECTION('',(-0.,1.,3.330669073875E-16));
#8431 = DIRECTION('',(0.,-3.330669073875E-16,1.));
#8432 = ORIENTED_EDGE('',*,*,#8433,.T.);
#8433 = EDGE_CURVE('',#8425,#8434,#8436,.T.);
#8434 = VERTEX_POINT('',#8435);
#8435 = CARTESIAN_POINT('',(6.162230377286,-4.15,-0.540767924286));
#8436 = LINE('',#8437,#8438);
#8437 = CARTESIAN_POINT('',(6.45,-4.15,-1.5));
#8438 = VECTOR('',#8439,1.);
#8439 = DIRECTION('',(-0.287347885566,-5.31700397722E-16,0.957826285221)
  );
#8440 = ORIENTED_EDGE('',*,*,#8441,.F.);
#8441 = EDGE_CURVE('',#8442,#8434,#8444,.T.);
#8442 = VERTEX_POINT('',#8443);
#8443 = CARTESIAN_POINT('',(6.15,-4.15,-0.457437037472));
#8444 = CIRCLE('',#8445,0.29);
#8445 = AXIS2_PLACEMENT_3D('',#8446,#8447,#8448);
#8446 = CARTESIAN_POINT('',(6.44,-4.15,-0.457437037472));
#8447 = DIRECTION('',(0.,-1.,-3.330669073875E-16));
#8448 = DIRECTION('',(0.,-3.330669073875E-16,1.));
#8449 = ORIENTED_EDGE('',*,*,#8450,.F.);
#8450 = EDGE_CURVE('',#7338,#8442,#8451,.T.);
#8451 = LINE('',#8452,#8453);
#8452 = CARTESIAN_POINT('',(6.15,-4.15,1.5));
#8453 = VECTOR('',#8454,1.);
#8454 = DIRECTION('',(0.,5.551115123126E-16,-1.));
#8455 = ORIENTED_EDGE('',*,*,#7345,.F.);
#8456 = ORIENTED_EDGE('',*,*,#8332,.F.);
#8457 = ORIENTED_EDGE('',*,*,#8458,.F.);
#8458 = EDGE_CURVE('',#8459,#8325,#8461,.T.);
#8459 = VERTEX_POINT('',#8460);
#8460 = CARTESIAN_POINT('',(6.45,-4.15,1.21));
#8461 = CIRCLE('',#8462,0.29);
#8462 = AXIS2_PLACEMENT_3D('',#8463,#8464,#8465);
#8463 = CARTESIAN_POINT('',(6.16,-4.15,1.21));
#8464 = DIRECTION('',(0.,-1.,-3.330669073875E-16));
#8465 = DIRECTION('',(0.,-3.330669073875E-16,1.));
#8466 = ORIENTED_EDGE('',*,*,#8467,.F.);
#8467 = EDGE_CURVE('',#8468,#8459,#8470,.T.);
#8468 = VERTEX_POINT('',#8469);
#8469 = CARTESIAN_POINT('',(6.45,-4.15,-0.457437037472));
#8470 = LINE('',#8471,#8472);
#8471 = CARTESIAN_POINT('',(6.45,-4.15,-0.5));
#8472 = VECTOR('',#8473,1.);
#8473 = DIRECTION('',(0.,-5.551115123126E-16,1.));
#8474 = ORIENTED_EDGE('',*,*,#8475,.F.);
#8475 = EDGE_CURVE('',#8348,#8468,#8476,.T.);
#8476 = CIRCLE('',#8477,0.29);
#8477 = AXIS2_PLACEMENT_3D('',#8478,#8479,#8480);
#8478 = CARTESIAN_POINT('',(6.74,-4.15,-0.457437037472));
#8479 = DIRECTION('',(-0.,1.,3.330669073875E-16));
#8480 = DIRECTION('',(0.,-3.330669073875E-16,1.));
#8481 = PLANE('',#8482);
#8482 = AXIS2_PLACEMENT_3D('',#8483,#8484,#8485);
#8483 = CARTESIAN_POINT('',(6.45,-4.15,-0.5));
#8484 = DIRECTION('',(0.,1.,3.330669073875E-16));
#8485 = DIRECTION('',(0.,-3.330669073875E-16,1.));
#8486 = ADVANCED_FACE('',(#8487),#8631,.T.);
#8487 = FACE_BOUND('',#8488,.T.);
#8488 = EDGE_LOOP('',(#8489,#8499,#8508,#8516,#8525,#8533,#8541,#8549,
    #8558,#8566,#8575,#8583,#8592,#8598,#8599,#8607,#8616,#8624));
#8489 = ORIENTED_EDGE('',*,*,#8490,.T.);
#8490 = EDGE_CURVE('',#8491,#8493,#8495,.T.);
#8491 = VERTEX_POINT('',#8492);
#8492 = CARTESIAN_POINT('',(6.462230377286,0.35,-0.540767924286));
#8493 = VERTEX_POINT('',#8494);
#8494 = CARTESIAN_POINT('',(6.725000733956,0.35,-1.416669113186));
#8495 = LINE('',#8496,#8497);
#8496 = CARTESIAN_POINT('',(6.45,0.35,-0.5));
#8497 = VECTOR('',#8498,1.);
#8498 = DIRECTION('',(0.287347885566,5.31700397722E-16,-0.957826285221)
  );
#8499 = ORIENTED_EDGE('',*,*,#8500,.T.);
#8500 = EDGE_CURVE('',#8493,#8501,#8503,.T.);
#8501 = VERTEX_POINT('',#8502);
#8502 = CARTESIAN_POINT('',(6.725000733956,0.35,-1.583330886814));
#8503 = CIRCLE('',#8504,0.29);
#8504 = AXIS2_PLACEMENT_3D('',#8505,#8506,#8507);
#8505 = CARTESIAN_POINT('',(6.447231111242,0.35,-1.5));
#8506 = DIRECTION('',(-0.,1.,3.330669073875E-16));
#8507 = DIRECTION('',(0.,-3.330669073875E-16,1.));
#8508 = ORIENTED_EDGE('',*,*,#8509,.T.);
#8509 = EDGE_CURVE('',#8501,#8510,#8512,.T.);
#8510 = VERTEX_POINT('',#8511);
#8511 = CARTESIAN_POINT('',(6.462230377286,0.35,-2.459232075714));
#8512 = LINE('',#8513,#8514);
#8513 = CARTESIAN_POINT('',(6.75,0.35,-1.5));
#8514 = VECTOR('',#8515,1.);
#8515 = DIRECTION('',(-0.287347885566,5.31700397722E-16,-0.957826285221)
  );
#8516 = ORIENTED_EDGE('',*,*,#8517,.F.);
#8517 = EDGE_CURVE('',#8518,#8510,#8520,.T.);
#8518 = VERTEX_POINT('',#8519);
#8519 = CARTESIAN_POINT('',(6.45,0.35,-2.542562962528));
#8520 = CIRCLE('',#8521,0.29);
#8521 = AXIS2_PLACEMENT_3D('',#8522,#8523,#8524);
#8522 = CARTESIAN_POINT('',(6.74,0.35,-2.542562962528));
#8523 = DIRECTION('',(-0.,1.,3.330669073875E-16));
#8524 = DIRECTION('',(0.,-3.330669073875E-16,1.));
#8525 = ORIENTED_EDGE('',*,*,#8526,.F.);
#8526 = EDGE_CURVE('',#8527,#8518,#8529,.T.);
#8527 = VERTEX_POINT('',#8528);
#8528 = CARTESIAN_POINT('',(6.45,0.35,-3.5));
#8529 = LINE('',#8530,#8531);
#8530 = CARTESIAN_POINT('',(6.45,0.35,-3.5));
#8531 = VECTOR('',#8532,1.);
#8532 = DIRECTION('',(0.,-5.551115123126E-16,1.));
#8533 = ORIENTED_EDGE('',*,*,#8534,.F.);
#8534 = EDGE_CURVE('',#8535,#8527,#8537,.T.);
#8535 = VERTEX_POINT('',#8536);
#8536 = CARTESIAN_POINT('',(6.15,0.35,-3.5));
#8537 = LINE('',#8538,#8539);
#8538 = CARTESIAN_POINT('',(6.15,0.35,-3.5));
#8539 = VECTOR('',#8540,1.);
#8540 = DIRECTION('',(1.,0.,0.));
#8541 = ORIENTED_EDGE('',*,*,#8542,.F.);
#8542 = EDGE_CURVE('',#8543,#8535,#8545,.T.);
#8543 = VERTEX_POINT('',#8544);
#8544 = CARTESIAN_POINT('',(6.15,0.35,-2.542562962528));
#8545 = LINE('',#8546,#8547);
#8546 = CARTESIAN_POINT('',(6.15,0.35,-2.5));
#8547 = VECTOR('',#8548,1.);
#8548 = DIRECTION('',(0.,5.551115123126E-16,-1.));
#8549 = ORIENTED_EDGE('',*,*,#8550,.F.);
#8550 = EDGE_CURVE('',#8551,#8543,#8553,.T.);
#8551 = VERTEX_POINT('',#8552);
#8552 = CARTESIAN_POINT('',(6.162230377286,0.35,-2.459232075714));
#8553 = CIRCLE('',#8554,0.29);
#8554 = AXIS2_PLACEMENT_3D('',#8555,#8556,#8557);
#8555 = CARTESIAN_POINT('',(6.44,0.35,-2.542562962528));
#8556 = DIRECTION('',(0.,-1.,-3.330669073875E-16));
#8557 = DIRECTION('',(0.,-3.330669073875E-16,1.));
#8558 = ORIENTED_EDGE('',*,*,#8559,.T.);
#8559 = EDGE_CURVE('',#8551,#8560,#8562,.T.);
#8560 = VERTEX_POINT('',#8561);
#8561 = CARTESIAN_POINT('',(6.425000733956,0.35,-1.583330886814));
#8562 = LINE('',#8563,#8564);
#8563 = CARTESIAN_POINT('',(6.15,0.35,-2.5));
#8564 = VECTOR('',#8565,1.);
#8565 = DIRECTION('',(0.287347885566,-5.31700397722E-16,0.957826285221)
  );
#8566 = ORIENTED_EDGE('',*,*,#8567,.F.);
#8567 = EDGE_CURVE('',#8568,#8560,#8570,.T.);
#8568 = VERTEX_POINT('',#8569);
#8569 = CARTESIAN_POINT('',(6.425000733956,0.35,-1.416669113186));
#8570 = CIRCLE('',#8571,0.29);
#8571 = AXIS2_PLACEMENT_3D('',#8572,#8573,#8574);
#8572 = CARTESIAN_POINT('',(6.147231111242,0.35,-1.5));
#8573 = DIRECTION('',(-0.,1.,3.330669073875E-16));
#8574 = DIRECTION('',(0.,-3.330669073875E-16,1.));
#8575 = ORIENTED_EDGE('',*,*,#8576,.T.);
#8576 = EDGE_CURVE('',#8568,#8577,#8579,.T.);
#8577 = VERTEX_POINT('',#8578);
#8578 = CARTESIAN_POINT('',(6.162230377286,0.35,-0.540767924286));
#8579 = LINE('',#8580,#8581);
#8580 = CARTESIAN_POINT('',(6.45,0.35,-1.5));
#8581 = VECTOR('',#8582,1.);
#8582 = DIRECTION('',(-0.287347885566,-5.31700397722E-16,0.957826285221)
  );
#8583 = ORIENTED_EDGE('',*,*,#8584,.F.);
#8584 = EDGE_CURVE('',#8585,#8577,#8587,.T.);
#8585 = VERTEX_POINT('',#8586);
#8586 = CARTESIAN_POINT('',(6.15,0.35,-0.457437037472));
#8587 = CIRCLE('',#8588,0.29);
#8588 = AXIS2_PLACEMENT_3D('',#8589,#8590,#8591);
#8589 = CARTESIAN_POINT('',(6.44,0.35,-0.457437037472));
#8590 = DIRECTION('',(0.,-1.,-3.330669073875E-16));
#8591 = DIRECTION('',(0.,-3.330669073875E-16,1.));
#8592 = ORIENTED_EDGE('',*,*,#8593,.F.);
#8593 = EDGE_CURVE('',#7306,#8585,#8594,.T.);
#8594 = LINE('',#8595,#8596);
#8595 = CARTESIAN_POINT('',(6.15,0.35,1.5));
#8596 = VECTOR('',#8597,1.);
#8597 = DIRECTION('',(0.,5.551115123126E-16,-1.));
#8598 = ORIENTED_EDGE('',*,*,#7313,.F.);
#8599 = ORIENTED_EDGE('',*,*,#8600,.F.);
#8600 = EDGE_CURVE('',#8601,#7314,#8603,.T.);
#8601 = VERTEX_POINT('',#8602);
#8602 = CARTESIAN_POINT('',(6.16,0.35,1.5));
#8603 = LINE('',#8604,#8605);
#8604 = CARTESIAN_POINT('',(6.45,0.35,1.5));
#8605 = VECTOR('',#8606,1.);
#8606 = DIRECTION('',(-1.,-0.,0.));
#8607 = ORIENTED_EDGE('',*,*,#8608,.F.);
#8608 = EDGE_CURVE('',#8609,#8601,#8611,.T.);
#8609 = VERTEX_POINT('',#8610);
#8610 = CARTESIAN_POINT('',(6.45,0.35,1.21));
#8611 = CIRCLE('',#8612,0.29);
#8612 = AXIS2_PLACEMENT_3D('',#8613,#8614,#8615);
#8613 = CARTESIAN_POINT('',(6.16,0.35,1.21));
#8614 = DIRECTION('',(0.,-1.,-3.330669073875E-16));
#8615 = DIRECTION('',(0.,-3.330669073875E-16,1.));
#8616 = ORIENTED_EDGE('',*,*,#8617,.F.);
#8617 = EDGE_CURVE('',#8618,#8609,#8620,.T.);
#8618 = VERTEX_POINT('',#8619);
#8619 = CARTESIAN_POINT('',(6.45,0.35,-0.457437037472));
#8620 = LINE('',#8621,#8622);
#8621 = CARTESIAN_POINT('',(6.45,0.35,-0.5));
#8622 = VECTOR('',#8623,1.);
#8623 = DIRECTION('',(0.,-5.551115123126E-16,1.));
#8624 = ORIENTED_EDGE('',*,*,#8625,.F.);
#8625 = EDGE_CURVE('',#8491,#8618,#8626,.T.);
#8626 = CIRCLE('',#8627,0.29);
#8627 = AXIS2_PLACEMENT_3D('',#8628,#8629,#8630);
#8628 = CARTESIAN_POINT('',(6.74,0.35,-0.457437037472));
#8629 = DIRECTION('',(-0.,1.,3.330669073875E-16));
#8630 = DIRECTION('',(0.,-3.330669073875E-16,1.));
#8631 = PLANE('',#8632);
#8632 = AXIS2_PLACEMENT_3D('',#8633,#8634,#8635);
#8633 = CARTESIAN_POINT('',(6.45,0.35,-0.5));
#8634 = DIRECTION('',(1.64346021921E-31,1.,5.551115123126E-16));
#8635 = DIRECTION('',(0.,-5.551115123126E-16,1.));
#8636 = ADVANCED_FACE('',(#8637),#8781,.F.);
#8637 = FACE_BOUND('',#8638,.F.);
#8638 = EDGE_LOOP('',(#8639,#8649,#8658,#8666,#8675,#8683,#8691,#8699,
    #8708,#8716,#8725,#8733,#8742,#8748,#8749,#8757,#8766,#8774));
#8639 = ORIENTED_EDGE('',*,*,#8640,.T.);
#8640 = EDGE_CURVE('',#8641,#8643,#8645,.T.);
#8641 = VERTEX_POINT('',#8642);
#8642 = CARTESIAN_POINT('',(6.462230377286,-0.35,-0.540767924286));
#8643 = VERTEX_POINT('',#8644);
#8644 = CARTESIAN_POINT('',(6.725000733956,-0.35,-1.416669113186));
#8645 = LINE('',#8646,#8647);
#8646 = CARTESIAN_POINT('',(6.45,-0.35,-0.5));
#8647 = VECTOR('',#8648,1.);
#8648 = DIRECTION('',(0.287347885566,5.31700397722E-16,-0.957826285221)
  );
#8649 = ORIENTED_EDGE('',*,*,#8650,.T.);
#8650 = EDGE_CURVE('',#8643,#8651,#8653,.T.);
#8651 = VERTEX_POINT('',#8652);
#8652 = CARTESIAN_POINT('',(6.725000733956,-0.35,-1.583330886814));
#8653 = CIRCLE('',#8654,0.29);
#8654 = AXIS2_PLACEMENT_3D('',#8655,#8656,#8657);
#8655 = CARTESIAN_POINT('',(6.447231111242,-0.35,-1.5));
#8656 = DIRECTION('',(-0.,1.,3.330669073875E-16));
#8657 = DIRECTION('',(0.,-3.330669073875E-16,1.));
#8658 = ORIENTED_EDGE('',*,*,#8659,.T.);
#8659 = EDGE_CURVE('',#8651,#8660,#8662,.T.);
#8660 = VERTEX_POINT('',#8661);
#8661 = CARTESIAN_POINT('',(6.462230377286,-0.35,-2.459232075714));
#8662 = LINE('',#8663,#8664);
#8663 = CARTESIAN_POINT('',(6.75,-0.35,-1.5));
#8664 = VECTOR('',#8665,1.);
#8665 = DIRECTION('',(-0.287347885566,5.31700397722E-16,-0.957826285221)
  );
#8666 = ORIENTED_EDGE('',*,*,#8667,.F.);
#8667 = EDGE_CURVE('',#8668,#8660,#8670,.T.);
#8668 = VERTEX_POINT('',#8669);
#8669 = CARTESIAN_POINT('',(6.45,-0.35,-2.542562962528));
#8670 = CIRCLE('',#8671,0.29);
#8671 = AXIS2_PLACEMENT_3D('',#8672,#8673,#8674);
#8672 = CARTESIAN_POINT('',(6.74,-0.35,-2.542562962528));
#8673 = DIRECTION('',(-0.,1.,3.330669073875E-16));
#8674 = DIRECTION('',(0.,-3.330669073875E-16,1.));
#8675 = ORIENTED_EDGE('',*,*,#8676,.F.);
#8676 = EDGE_CURVE('',#8677,#8668,#8679,.T.);
#8677 = VERTEX_POINT('',#8678);
#8678 = CARTESIAN_POINT('',(6.45,-0.35,-3.5));
#8679 = LINE('',#8680,#8681);
#8680 = CARTESIAN_POINT('',(6.45,-0.35,-3.5));
#8681 = VECTOR('',#8682,1.);
#8682 = DIRECTION('',(0.,-5.551115123126E-16,1.));
#8683 = ORIENTED_EDGE('',*,*,#8684,.F.);
#8684 = EDGE_CURVE('',#8685,#8677,#8687,.T.);
#8685 = VERTEX_POINT('',#8686);
#8686 = CARTESIAN_POINT('',(6.15,-0.35,-3.5));
#8687 = LINE('',#8688,#8689);
#8688 = CARTESIAN_POINT('',(6.15,-0.35,-3.5));
#8689 = VECTOR('',#8690,1.);
#8690 = DIRECTION('',(1.,0.,0.));
#8691 = ORIENTED_EDGE('',*,*,#8692,.F.);
#8692 = EDGE_CURVE('',#8693,#8685,#8695,.T.);
#8693 = VERTEX_POINT('',#8694);
#8694 = CARTESIAN_POINT('',(6.15,-0.35,-2.542562962528));
#8695 = LINE('',#8696,#8697);
#8696 = CARTESIAN_POINT('',(6.15,-0.35,-2.5));
#8697 = VECTOR('',#8698,1.);
#8698 = DIRECTION('',(0.,5.551115123126E-16,-1.));
#8699 = ORIENTED_EDGE('',*,*,#8700,.F.);
#8700 = EDGE_CURVE('',#8701,#8693,#8703,.T.);
#8701 = VERTEX_POINT('',#8702);
#8702 = CARTESIAN_POINT('',(6.162230377286,-0.35,-2.459232075714));
#8703 = CIRCLE('',#8704,0.29);
#8704 = AXIS2_PLACEMENT_3D('',#8705,#8706,#8707);
#8705 = CARTESIAN_POINT('',(6.44,-0.35,-2.542562962528));
#8706 = DIRECTION('',(0.,-1.,-3.330669073875E-16));
#8707 = DIRECTION('',(0.,-3.330669073875E-16,1.));
#8708 = ORIENTED_EDGE('',*,*,#8709,.T.);
#8709 = EDGE_CURVE('',#8701,#8710,#8712,.T.);
#8710 = VERTEX_POINT('',#8711);
#8711 = CARTESIAN_POINT('',(6.425000733956,-0.35,-1.583330886814));
#8712 = LINE('',#8713,#8714);
#8713 = CARTESIAN_POINT('',(6.15,-0.35,-2.5));
#8714 = VECTOR('',#8715,1.);
#8715 = DIRECTION('',(0.287347885566,-5.31700397722E-16,0.957826285221)
  );
#8716 = ORIENTED_EDGE('',*,*,#8717,.F.);
#8717 = EDGE_CURVE('',#8718,#8710,#8720,.T.);
#8718 = VERTEX_POINT('',#8719);
#8719 = CARTESIAN_POINT('',(6.425000733956,-0.35,-1.416669113186));
#8720 = CIRCLE('',#8721,0.29);
#8721 = AXIS2_PLACEMENT_3D('',#8722,#8723,#8724);
#8722 = CARTESIAN_POINT('',(6.147231111242,-0.35,-1.5));
#8723 = DIRECTION('',(-0.,1.,3.330669073875E-16));
#8724 = DIRECTION('',(0.,-3.330669073875E-16,1.));
#8725 = ORIENTED_EDGE('',*,*,#8726,.T.);
#8726 = EDGE_CURVE('',#8718,#8727,#8729,.T.);
#8727 = VERTEX_POINT('',#8728);
#8728 = CARTESIAN_POINT('',(6.162230377286,-0.35,-0.540767924286));
#8729 = LINE('',#8730,#8731);
#8730 = CARTESIAN_POINT('',(6.45,-0.35,-1.5));
#8731 = VECTOR('',#8732,1.);
#8732 = DIRECTION('',(-0.287347885566,-5.31700397722E-16,0.957826285221)
  );
#8733 = ORIENTED_EDGE('',*,*,#8734,.F.);
#8734 = EDGE_CURVE('',#8735,#8727,#8737,.T.);
#8735 = VERTEX_POINT('',#8736);
#8736 = CARTESIAN_POINT('',(6.15,-0.35,-0.457437037472));
#8737 = CIRCLE('',#8738,0.29);
#8738 = AXIS2_PLACEMENT_3D('',#8739,#8740,#8741);
#8739 = CARTESIAN_POINT('',(6.44,-0.35,-0.457437037472));
#8740 = DIRECTION('',(0.,-1.,-3.330669073875E-16));
#8741 = DIRECTION('',(0.,-3.330669073875E-16,1.));
#8742 = ORIENTED_EDGE('',*,*,#8743,.F.);
#8743 = EDGE_CURVE('',#7330,#8735,#8744,.T.);
#8744 = LINE('',#8745,#8746);
#8745 = CARTESIAN_POINT('',(6.15,-0.35,1.5));
#8746 = VECTOR('',#8747,1.);
#8747 = DIRECTION('',(0.,5.551115123126E-16,-1.));
#8748 = ORIENTED_EDGE('',*,*,#7329,.F.);
#8749 = ORIENTED_EDGE('',*,*,#8750,.F.);
#8750 = EDGE_CURVE('',#8751,#7322,#8753,.T.);
#8751 = VERTEX_POINT('',#8752);
#8752 = CARTESIAN_POINT('',(6.16,-0.35,1.5));
#8753 = LINE('',#8754,#8755);
#8754 = CARTESIAN_POINT('',(6.45,-0.35,1.5));
#8755 = VECTOR('',#8756,1.);
#8756 = DIRECTION('',(-1.,-0.,0.));
#8757 = ORIENTED_EDGE('',*,*,#8758,.F.);
#8758 = EDGE_CURVE('',#8759,#8751,#8761,.T.);
#8759 = VERTEX_POINT('',#8760);
#8760 = CARTESIAN_POINT('',(6.45,-0.35,1.21));
#8761 = CIRCLE('',#8762,0.29);
#8762 = AXIS2_PLACEMENT_3D('',#8763,#8764,#8765);
#8763 = CARTESIAN_POINT('',(6.16,-0.35,1.21));
#8764 = DIRECTION('',(0.,-1.,-3.330669073875E-16));
#8765 = DIRECTION('',(0.,-3.330669073875E-16,1.));
#8766 = ORIENTED_EDGE('',*,*,#8767,.F.);
#8767 = EDGE_CURVE('',#8768,#8759,#8770,.T.);
#8768 = VERTEX_POINT('',#8769);
#8769 = CARTESIAN_POINT('',(6.45,-0.35,-0.457437037472));
#8770 = LINE('',#8771,#8772);
#8771 = CARTESIAN_POINT('',(6.45,-0.35,-0.5));
#8772 = VECTOR('',#8773,1.);
#8773 = DIRECTION('',(0.,-5.551115123126E-16,1.));
#8774 = ORIENTED_EDGE('',*,*,#8775,.F.);
#8775 = EDGE_CURVE('',#8641,#8768,#8776,.T.);
#8776 = CIRCLE('',#8777,0.29);
#8777 = AXIS2_PLACEMENT_3D('',#8778,#8779,#8780);
#8778 = CARTESIAN_POINT('',(6.74,-0.35,-0.457437037472));
#8779 = DIRECTION('',(-0.,1.,3.330669073875E-16));
#8780 = DIRECTION('',(0.,-3.330669073875E-16,1.));
#8781 = PLANE('',#8782);
#8782 = AXIS2_PLACEMENT_3D('',#8783,#8784,#8785);
#8783 = CARTESIAN_POINT('',(6.45,-0.35,-0.5));
#8784 = DIRECTION('',(1.64346021921E-31,1.,5.551115123126E-16));
#8785 = DIRECTION('',(0.,-5.551115123126E-16,1.));
#8786 = ADVANCED_FACE('',(#8787),#8798,.T.);
#8787 = FACE_BOUND('',#8788,.T.);
#8788 = EDGE_LOOP('',(#8789,#8790,#8796,#8797));
#8789 = ORIENTED_EDGE('',*,*,#8750,.F.);
#8790 = ORIENTED_EDGE('',*,*,#8791,.T.);
#8791 = EDGE_CURVE('',#8751,#8601,#8792,.T.);
#8792 = LINE('',#8793,#8794);
#8793 = CARTESIAN_POINT('',(6.16,-0.35,1.5));
#8794 = VECTOR('',#8795,1.);
#8795 = DIRECTION('',(0.,1.,3.330669073875E-16));
#8796 = ORIENTED_EDGE('',*,*,#8600,.T.);
#8797 = ORIENTED_EDGE('',*,*,#7321,.F.);
#8798 = PLANE('',#8799);
#8799 = AXIS2_PLACEMENT_3D('',#8800,#8801,#8802);
#8800 = CARTESIAN_POINT('',(6.45,-0.35,1.5));
#8801 = DIRECTION('',(0.,-3.330669073875E-16,1.));
#8802 = DIRECTION('',(-1.,0.,0.));
#8803 = ADVANCED_FACE('',(#8804),#8807,.F.);
#8804 = FACE_BOUND('',#8805,.F.);
#8805 = EDGE_LOOP('',(#8806));
#8806 = ORIENTED_EDGE('',*,*,#7461,.F.);
#8807 = PLANE('',#8808);
#8808 = AXIS2_PLACEMENT_3D('',#8809,#8810,#8811);
#8809 = CARTESIAN_POINT('',(4.9,-2.25,4.3));
#8810 = DIRECTION('',(0.,0.,-1.));
#8811 = DIRECTION('',(-1.,0.,0.));
#8812 = ADVANCED_FACE('',(#8813),#8824,.F.);
#8813 = FACE_BOUND('',#8814,.F.);
#8814 = EDGE_LOOP('',(#8815,#8816,#8817,#8818));
#8815 = ORIENTED_EDGE('',*,*,#7959,.F.);
#8816 = ORIENTED_EDGE('',*,*,#7498,.F.);
#8817 = ORIENTED_EDGE('',*,*,#8109,.T.);
#8818 = ORIENTED_EDGE('',*,*,#8819,.F.);
#8819 = EDGE_CURVE('',#7951,#8101,#8820,.T.);
#8820 = LINE('',#8821,#8822);
#8821 = CARTESIAN_POINT('',(0.15,-4.85,-0.457437037472));
#8822 = VECTOR('',#8823,1.);
#8823 = DIRECTION('',(0.,1.,3.330669073875E-16));
#8824 = PLANE('',#8825);
#8825 = AXIS2_PLACEMENT_3D('',#8826,#8827,#8828);
#8826 = CARTESIAN_POINT('',(0.15,-4.85,1.5));
#8827 = DIRECTION('',(-1.,0.,-0.));
#8828 = DIRECTION('',(0.,5.551115123126E-16,-1.));
#8829 = ADVANCED_FACE('',(#8830),#8841,.T.);
#8830 = FACE_BOUND('',#8831,.T.);
#8831 = EDGE_LOOP('',(#8832,#8833,#8834,#8835));
#8832 = ORIENTED_EDGE('',*,*,#8276,.F.);
#8833 = ORIENTED_EDGE('',*,*,#7523,.T.);
#8834 = ORIENTED_EDGE('',*,*,#8450,.T.);
#8835 = ORIENTED_EDGE('',*,*,#8836,.F.);
#8836 = EDGE_CURVE('',#8268,#8442,#8837,.T.);
#8837 = LINE('',#8838,#8839);
#8838 = CARTESIAN_POINT('',(6.15,-4.85,-0.457437037472));
#8839 = VECTOR('',#8840,1.);
#8840 = DIRECTION('',(0.,1.,3.330669073875E-16));
#8841 = PLANE('',#8842);
#8842 = AXIS2_PLACEMENT_3D('',#8843,#8844,#8845);
#8843 = CARTESIAN_POINT('',(6.15,-4.85,1.5));
#8844 = DIRECTION('',(-1.,0.,-0.));
#8845 = DIRECTION('',(0.,5.551115123126E-16,-1.));
#8846 = ADVANCED_FACE('',(#8847),#8858,.F.);
#8847 = FACE_BOUND('',#8848,.F.);
#8848 = EDGE_LOOP('',(#8849,#8850,#8851,#8852));
#8849 = ORIENTED_EDGE('',*,*,#7816,.F.);
#8850 = ORIENTED_EDGE('',*,*,#7505,.F.);
#8851 = ORIENTED_EDGE('',*,*,#7642,.T.);
#8852 = ORIENTED_EDGE('',*,*,#8853,.F.);
#8853 = EDGE_CURVE('',#7808,#7634,#8854,.T.);
#8854 = LINE('',#8855,#8856);
#8855 = CARTESIAN_POINT('',(0.15,-0.35,-0.457437037472));
#8856 = VECTOR('',#8857,1.);
#8857 = DIRECTION('',(0.,1.,3.330669073875E-16));
#8858 = PLANE('',#8859);
#8859 = AXIS2_PLACEMENT_3D('',#8860,#8861,#8862);
#8860 = CARTESIAN_POINT('',(0.15,-0.35,1.5));
#8861 = DIRECTION('',(-1.,0.,-0.));
#8862 = DIRECTION('',(0.,5.551115123126E-16,-1.));
#8863 = ADVANCED_FACE('',(#8864),#8875,.T.);
#8864 = FACE_BOUND('',#8865,.T.);
#8865 = EDGE_LOOP('',(#8866,#8867,#8868,#8869));
#8866 = ORIENTED_EDGE('',*,*,#8743,.F.);
#8867 = ORIENTED_EDGE('',*,*,#7516,.T.);
#8868 = ORIENTED_EDGE('',*,*,#8593,.T.);
#8869 = ORIENTED_EDGE('',*,*,#8870,.F.);
#8870 = EDGE_CURVE('',#8735,#8585,#8871,.T.);
#8871 = LINE('',#8872,#8873);
#8872 = CARTESIAN_POINT('',(6.15,-0.35,-0.457437037472));
#8873 = VECTOR('',#8874,1.);
#8874 = DIRECTION('',(0.,1.,3.330669073875E-16));
#8875 = PLANE('',#8876);
#8876 = AXIS2_PLACEMENT_3D('',#8877,#8878,#8879);
#8877 = CARTESIAN_POINT('',(6.15,-0.35,1.5));
#8878 = DIRECTION('',(-1.,0.,-0.));
#8879 = DIRECTION('',(0.,5.551115123126E-16,-1.));
#8880 = ADVANCED_FACE('',(#8881),#8897,.T.);
#8881 = FACE_BOUND('',#8882,.T.);
#8882 = EDGE_LOOP('',(#8883,#8884,#8890,#8891));
#8883 = ORIENTED_EDGE('',*,*,#7713,.F.);
#8884 = ORIENTED_EDGE('',*,*,#8885,.T.);
#8885 = EDGE_CURVE('',#7714,#7540,#8886,.T.);
#8886 = LINE('',#8887,#8888);
#8887 = CARTESIAN_POINT('',(-0.162230377286,-0.35,-0.540767924286));
#8888 = VECTOR('',#8889,1.);
#8889 = DIRECTION('',(0.,1.,3.330669073875E-16));
#8890 = ORIENTED_EDGE('',*,*,#7539,.T.);
#8891 = ORIENTED_EDGE('',*,*,#8892,.F.);
#8892 = EDGE_CURVE('',#7716,#7542,#8893,.T.);
#8893 = LINE('',#8894,#8895);
#8894 = CARTESIAN_POINT('',(-0.425000733956,-0.35,-1.416669113186));
#8895 = VECTOR('',#8896,1.);
#8896 = DIRECTION('',(0.,1.,3.330669073875E-16));
#8897 = PLANE('',#8898);
#8898 = AXIS2_PLACEMENT_3D('',#8899,#8900,#8901);
#8899 = CARTESIAN_POINT('',(-0.15,-0.35,-0.5));
#8900 = DIRECTION('',(-0.957826285221,-9.570607158995E-17,0.287347885566
    ));
#8901 = DIRECTION('',(-0.287347885566,5.31700397722E-16,-0.957826285221)
  );
#8902 = ADVANCED_FACE('',(#8903),#8914,.F.);
#8903 = FACE_BOUND('',#8904,.F.);
#8904 = EDGE_LOOP('',(#8905,#8906,#8907,#8913));
#8905 = ORIENTED_EDGE('',*,*,#8885,.T.);
#8906 = ORIENTED_EDGE('',*,*,#7674,.T.);
#8907 = ORIENTED_EDGE('',*,*,#8908,.F.);
#8908 = EDGE_CURVE('',#7834,#7667,#8909,.T.);
#8909 = LINE('',#8910,#8911);
#8910 = CARTESIAN_POINT('',(-0.15,-0.35,-0.457437037472));
#8911 = VECTOR('',#8912,1.);
#8912 = DIRECTION('',(0.,1.,3.330669073875E-16));
#8913 = ORIENTED_EDGE('',*,*,#7841,.F.);
#8914 = CYLINDRICAL_SURFACE('',#8915,0.29);
#8915 = AXIS2_PLACEMENT_3D('',#8916,#8917,#8918);
#8916 = CARTESIAN_POINT('',(-0.44,-0.35,-0.457437037472));
#8917 = DIRECTION('',(0.,1.,3.330669073875E-16));
#8918 = DIRECTION('',(0.957826285221,9.570607158983E-17,-0.287347885566)
  );
#8919 = ADVANCED_FACE('',(#8920),#8931,.T.);
#8920 = FACE_BOUND('',#8921,.T.);
#8921 = EDGE_LOOP('',(#8922,#8923,#8924,#8930));
#8922 = ORIENTED_EDGE('',*,*,#8892,.T.);
#8923 = ORIENTED_EDGE('',*,*,#7549,.T.);
#8924 = ORIENTED_EDGE('',*,*,#8925,.F.);
#8925 = EDGE_CURVE('',#7724,#7550,#8926,.T.);
#8926 = LINE('',#8927,#8928);
#8927 = CARTESIAN_POINT('',(-0.425000733956,-0.35,-1.583330886814));
#8928 = VECTOR('',#8929,1.);
#8929 = DIRECTION('',(0.,1.,3.330669073875E-16));
#8930 = ORIENTED_EDGE('',*,*,#7723,.F.);
#8931 = CYLINDRICAL_SURFACE('',#8932,0.29);
#8932 = AXIS2_PLACEMENT_3D('',#8933,#8934,#8935);
#8933 = CARTESIAN_POINT('',(-0.147231111242,-0.35,-1.5));
#8934 = DIRECTION('',(0.,1.,3.330669073875E-16));
#8935 = DIRECTION('',(-0.957826285221,-9.570607158983E-17,0.287347885566
    ));
#8936 = ADVANCED_FACE('',(#8937),#8948,.F.);
#8937 = FACE_BOUND('',#8938,.F.);
#8938 = EDGE_LOOP('',(#8939,#8940,#8941,#8942));
#8939 = ORIENTED_EDGE('',*,*,#7833,.F.);
#8940 = ORIENTED_EDGE('',*,*,#8908,.T.);
#8941 = ORIENTED_EDGE('',*,*,#7666,.T.);
#8942 = ORIENTED_EDGE('',*,*,#8943,.F.);
#8943 = EDGE_CURVE('',#7825,#7658,#8944,.T.);
#8944 = LINE('',#8945,#8946);
#8945 = CARTESIAN_POINT('',(-0.15,-0.35,1.21));
#8946 = VECTOR('',#8947,1.);
#8947 = DIRECTION('',(0.,1.,3.330669073875E-16));
#8948 = PLANE('',#8949);
#8949 = AXIS2_PLACEMENT_3D('',#8950,#8951,#8952);
#8950 = CARTESIAN_POINT('',(-0.15,-0.35,-0.5));
#8951 = DIRECTION('',(1.,0.,0.));
#8952 = DIRECTION('',(0.,-5.551115123126E-16,1.));
#8953 = ADVANCED_FACE('',(#8954),#8965,.T.);
#8954 = FACE_BOUND('',#8955,.T.);
#8955 = EDGE_LOOP('',(#8956,#8957,#8958,#8959));
#8956 = ORIENTED_EDGE('',*,*,#7732,.F.);
#8957 = ORIENTED_EDGE('',*,*,#8925,.T.);
#8958 = ORIENTED_EDGE('',*,*,#7558,.T.);
#8959 = ORIENTED_EDGE('',*,*,#8960,.F.);
#8960 = EDGE_CURVE('',#7733,#7559,#8961,.T.);
#8961 = LINE('',#8962,#8963);
#8962 = CARTESIAN_POINT('',(-0.162230377286,-0.35,-2.459232075714));
#8963 = VECTOR('',#8964,1.);
#8964 = DIRECTION('',(0.,1.,3.330669073875E-16));
#8965 = PLANE('',#8966);
#8966 = AXIS2_PLACEMENT_3D('',#8967,#8968,#8969);
#8967 = CARTESIAN_POINT('',(-0.45,-0.35,-1.5));
#8968 = DIRECTION('',(-0.957826285221,9.570607158995E-17,-0.287347885566
    ));
#8969 = DIRECTION('',(0.287347885566,5.31700397722E-16,-0.957826285221)
  );
#8970 = ADVANCED_FACE('',(#8971),#8977,.T.);
#8971 = FACE_BOUND('',#8972,.T.);
#8972 = EDGE_LOOP('',(#8973,#8974,#8975,#8976));
#8973 = ORIENTED_EDGE('',*,*,#7824,.T.);
#8974 = ORIENTED_EDGE('',*,*,#7697,.T.);
#8975 = ORIENTED_EDGE('',*,*,#7657,.F.);
#8976 = ORIENTED_EDGE('',*,*,#8943,.F.);
#8977 = CYLINDRICAL_SURFACE('',#8978,0.29);
#8978 = AXIS2_PLACEMENT_3D('',#8979,#8980,#8981);
#8979 = CARTESIAN_POINT('',(0.14,-0.35,1.21));
#8980 = DIRECTION('',(0.,1.,3.330669073875E-16));
#8981 = DIRECTION('',(-1.,0.,0.));
#8982 = ADVANCED_FACE('',(#8983),#8994,.F.);
#8983 = FACE_BOUND('',#8984,.F.);
#8984 = EDGE_LOOP('',(#8985,#8991,#8992,#8993));
#8985 = ORIENTED_EDGE('',*,*,#8986,.T.);
#8986 = EDGE_CURVE('',#7741,#7567,#8987,.T.);
#8987 = LINE('',#8988,#8989);
#8988 = CARTESIAN_POINT('',(-0.15,-0.35,-2.542562962528));
#8989 = VECTOR('',#8990,1.);
#8990 = DIRECTION('',(0.,1.,3.330669073875E-16));
#8991 = ORIENTED_EDGE('',*,*,#7566,.T.);
#8992 = ORIENTED_EDGE('',*,*,#8960,.F.);
#8993 = ORIENTED_EDGE('',*,*,#7740,.F.);
#8994 = CYLINDRICAL_SURFACE('',#8995,0.29);
#8995 = AXIS2_PLACEMENT_3D('',#8996,#8997,#8998);
#8996 = CARTESIAN_POINT('',(-0.44,-0.35,-2.542562962528));
#8997 = DIRECTION('',(0.,1.,3.330669073875E-16));
#8998 = DIRECTION('',(1.,0.,-0.));
#8999 = ADVANCED_FACE('',(#9000),#9011,.F.);
#9000 = FACE_BOUND('',#9001,.F.);
#9001 = EDGE_LOOP('',(#9002,#9003,#9009,#9010));
#9002 = ORIENTED_EDGE('',*,*,#7749,.F.);
#9003 = ORIENTED_EDGE('',*,*,#9004,.T.);
#9004 = EDGE_CURVE('',#7750,#7576,#9005,.T.);
#9005 = LINE('',#9006,#9007);
#9006 = CARTESIAN_POINT('',(-0.15,-0.35,-3.5));
#9007 = VECTOR('',#9008,1.);
#9008 = DIRECTION('',(0.,1.,3.330669073875E-16));
#9009 = ORIENTED_EDGE('',*,*,#7575,.T.);
#9010 = ORIENTED_EDGE('',*,*,#8986,.F.);
#9011 = PLANE('',#9012);
#9012 = AXIS2_PLACEMENT_3D('',#9013,#9014,#9015);
#9013 = CARTESIAN_POINT('',(-0.15,-0.35,-3.5));
#9014 = DIRECTION('',(1.,0.,0.));
#9015 = DIRECTION('',(0.,-5.551115123126E-16,1.));
#9016 = ADVANCED_FACE('',(#9017),#9028,.F.);
#9017 = FACE_BOUND('',#9018,.F.);
#9018 = EDGE_LOOP('',(#9019,#9025,#9026,#9027));
#9019 = ORIENTED_EDGE('',*,*,#9020,.T.);
#9020 = EDGE_CURVE('',#7758,#7584,#9021,.T.);
#9021 = LINE('',#9022,#9023);
#9022 = CARTESIAN_POINT('',(0.15,-0.35,-3.5));
#9023 = VECTOR('',#9024,1.);
#9024 = DIRECTION('',(0.,1.,3.330669073875E-16));
#9025 = ORIENTED_EDGE('',*,*,#7583,.T.);
#9026 = ORIENTED_EDGE('',*,*,#9004,.F.);
#9027 = ORIENTED_EDGE('',*,*,#7757,.F.);
#9028 = PLANE('',#9029);
#9029 = AXIS2_PLACEMENT_3D('',#9030,#9031,#9032);
#9030 = CARTESIAN_POINT('',(0.15,-0.35,-3.5));
#9031 = DIRECTION('',(0.,-3.330669073875E-16,1.));
#9032 = DIRECTION('',(-1.,0.,0.));
#9033 = ADVANCED_FACE('',(#9034),#9045,.F.);
#9034 = FACE_BOUND('',#9035,.F.);
#9035 = EDGE_LOOP('',(#9036,#9037,#9043,#9044));
#9036 = ORIENTED_EDGE('',*,*,#7765,.F.);
#9037 = ORIENTED_EDGE('',*,*,#9038,.T.);
#9038 = EDGE_CURVE('',#7766,#7592,#9039,.T.);
#9039 = LINE('',#9040,#9041);
#9040 = CARTESIAN_POINT('',(0.15,-0.35,-2.542562962528));
#9041 = VECTOR('',#9042,1.);
#9042 = DIRECTION('',(0.,1.,3.330669073875E-16));
#9043 = ORIENTED_EDGE('',*,*,#7591,.T.);
#9044 = ORIENTED_EDGE('',*,*,#9020,.F.);
#9045 = PLANE('',#9046);
#9046 = AXIS2_PLACEMENT_3D('',#9047,#9048,#9049);
#9047 = CARTESIAN_POINT('',(0.15,-0.35,-2.5));
#9048 = DIRECTION('',(-1.,0.,-0.));
#9049 = DIRECTION('',(0.,5.551115123126E-16,-1.));
#9050 = ADVANCED_FACE('',(#9051),#9062,.T.);
#9051 = FACE_BOUND('',#9052,.T.);
#9052 = EDGE_LOOP('',(#9053,#9054,#9060,#9061));
#9053 = ORIENTED_EDGE('',*,*,#7807,.T.);
#9054 = ORIENTED_EDGE('',*,*,#9055,.T.);
#9055 = EDGE_CURVE('',#7800,#7626,#9056,.T.);
#9056 = LINE('',#9057,#9058);
#9057 = CARTESIAN_POINT('',(0.137769622714,-0.35,-0.540767924286));
#9058 = VECTOR('',#9059,1.);
#9059 = DIRECTION('',(0.,1.,3.330669073875E-16));
#9060 = ORIENTED_EDGE('',*,*,#7633,.F.);
#9061 = ORIENTED_EDGE('',*,*,#8853,.F.);
#9062 = CYLINDRICAL_SURFACE('',#9063,0.29);
#9063 = AXIS2_PLACEMENT_3D('',#9064,#9065,#9066);
#9064 = CARTESIAN_POINT('',(-0.14,-0.35,-0.457437037472));
#9065 = DIRECTION('',(0.,1.,3.330669073875E-16));
#9066 = DIRECTION('',(1.,0.,-0.));
#9067 = ADVANCED_FACE('',(#9068),#9079,.T.);
#9068 = FACE_BOUND('',#9069,.T.);
#9069 = EDGE_LOOP('',(#9070,#9071,#9072,#9073));
#9070 = ORIENTED_EDGE('',*,*,#7773,.T.);
#9071 = ORIENTED_EDGE('',*,*,#9038,.T.);
#9072 = ORIENTED_EDGE('',*,*,#7599,.F.);
#9073 = ORIENTED_EDGE('',*,*,#9074,.F.);
#9074 = EDGE_CURVE('',#7774,#7600,#9075,.T.);
#9075 = LINE('',#9076,#9077);
#9076 = CARTESIAN_POINT('',(0.137769622714,-0.35,-2.459232075714));
#9077 = VECTOR('',#9078,1.);
#9078 = DIRECTION('',(0.,1.,3.330669073875E-16));
#9079 = CYLINDRICAL_SURFACE('',#9080,0.29);
#9080 = AXIS2_PLACEMENT_3D('',#9081,#9082,#9083);
#9081 = CARTESIAN_POINT('',(-0.14,-0.35,-2.542562962528));
#9082 = DIRECTION('',(0.,1.,3.330669073875E-16));
#9083 = DIRECTION('',(0.957826285221,-9.570607158983E-17,0.287347885566)
  );
#9084 = ADVANCED_FACE('',(#9085),#9096,.T.);
#9085 = FACE_BOUND('',#9086,.T.);
#9086 = EDGE_LOOP('',(#9087,#9088,#9094,#9095));
#9087 = ORIENTED_EDGE('',*,*,#7799,.F.);
#9088 = ORIENTED_EDGE('',*,*,#9089,.T.);
#9089 = EDGE_CURVE('',#7791,#7617,#9090,.T.);
#9090 = LINE('',#9091,#9092);
#9091 = CARTESIAN_POINT('',(-0.125000733956,-0.35,-1.416669113186));
#9092 = VECTOR('',#9093,1.);
#9093 = DIRECTION('',(0.,1.,3.330669073875E-16));
#9094 = ORIENTED_EDGE('',*,*,#7625,.T.);
#9095 = ORIENTED_EDGE('',*,*,#9055,.F.);
#9096 = PLANE('',#9097);
#9097 = AXIS2_PLACEMENT_3D('',#9098,#9099,#9100);
#9098 = CARTESIAN_POINT('',(-0.15,-0.35,-1.5));
#9099 = DIRECTION('',(0.957826285221,9.570607158995E-17,-0.287347885566)
  );
#9100 = DIRECTION('',(0.287347885566,-5.31700397722E-16,0.957826285221)
  );
#9101 = ADVANCED_FACE('',(#9102),#9113,.T.);
#9102 = FACE_BOUND('',#9103,.T.);
#9103 = EDGE_LOOP('',(#9104,#9105,#9106,#9107));
#9104 = ORIENTED_EDGE('',*,*,#7782,.F.);
#9105 = ORIENTED_EDGE('',*,*,#9074,.T.);
#9106 = ORIENTED_EDGE('',*,*,#7608,.T.);
#9107 = ORIENTED_EDGE('',*,*,#9108,.F.);
#9108 = EDGE_CURVE('',#7783,#7609,#9109,.T.);
#9109 = LINE('',#9110,#9111);
#9110 = CARTESIAN_POINT('',(-0.125000733956,-0.35,-1.583330886814));
#9111 = VECTOR('',#9112,1.);
#9112 = DIRECTION('',(0.,1.,3.330669073875E-16));
#9113 = PLANE('',#9114);
#9114 = AXIS2_PLACEMENT_3D('',#9115,#9116,#9117);
#9115 = CARTESIAN_POINT('',(0.15,-0.35,-2.5));
#9116 = DIRECTION('',(0.957826285221,-9.570607158995E-17,0.287347885566)
  );
#9117 = DIRECTION('',(-0.287347885566,-5.31700397722E-16,0.957826285221)
  );
#9118 = ADVANCED_FACE('',(#9119),#9125,.F.);
#9119 = FACE_BOUND('',#9120,.F.);
#9120 = EDGE_LOOP('',(#9121,#9122,#9123,#9124));
#9121 = ORIENTED_EDGE('',*,*,#9089,.T.);
#9122 = ORIENTED_EDGE('',*,*,#7616,.T.);
#9123 = ORIENTED_EDGE('',*,*,#9108,.F.);
#9124 = ORIENTED_EDGE('',*,*,#7790,.F.);
#9125 = CYLINDRICAL_SURFACE('',#9126,0.29);
#9126 = AXIS2_PLACEMENT_3D('',#9127,#9128,#9129);
#9127 = CARTESIAN_POINT('',(0.152768888758,-0.35,-1.5));
#9128 = DIRECTION('',(0.,1.,3.330669073875E-16));
#9129 = DIRECTION('',(-0.957826285221,-9.570607158983E-17,0.287347885566
    ));
#9130 = ADVANCED_FACE('',(#9131),#9147,.T.);
#9131 = FACE_BOUND('',#9132,.T.);
#9132 = EDGE_LOOP('',(#9133,#9134,#9140,#9141));
#9133 = ORIENTED_EDGE('',*,*,#7856,.F.);
#9134 = ORIENTED_EDGE('',*,*,#9135,.T.);
#9135 = EDGE_CURVE('',#7857,#8007,#9136,.T.);
#9136 = LINE('',#9137,#9138);
#9137 = CARTESIAN_POINT('',(-0.162230377286,-4.85,-0.540767924286));
#9138 = VECTOR('',#9139,1.);
#9139 = DIRECTION('',(0.,1.,3.330669073875E-16));
#9140 = ORIENTED_EDGE('',*,*,#8006,.T.);
#9141 = ORIENTED_EDGE('',*,*,#9142,.F.);
#9142 = EDGE_CURVE('',#7859,#8009,#9143,.T.);
#9143 = LINE('',#9144,#9145);
#9144 = CARTESIAN_POINT('',(-0.425000733956,-4.85,-1.416669113186));
#9145 = VECTOR('',#9146,1.);
#9146 = DIRECTION('',(0.,1.,3.330669073875E-16));
#9147 = PLANE('',#9148);
#9148 = AXIS2_PLACEMENT_3D('',#9149,#9150,#9151);
#9149 = CARTESIAN_POINT('',(-0.15,-4.85,-0.5));
#9150 = DIRECTION('',(-0.957826285221,-9.570607158995E-17,0.287347885566
    ));
#9151 = DIRECTION('',(-0.287347885566,5.31700397722E-16,-0.957826285221)
  );
#9152 = ADVANCED_FACE('',(#9153),#9164,.F.);
#9153 = FACE_BOUND('',#9154,.F.);
#9154 = EDGE_LOOP('',(#9155,#9156,#9157,#9163));
#9155 = ORIENTED_EDGE('',*,*,#9135,.T.);
#9156 = ORIENTED_EDGE('',*,*,#8141,.T.);
#9157 = ORIENTED_EDGE('',*,*,#9158,.F.);
#9158 = EDGE_CURVE('',#7984,#8134,#9159,.T.);
#9159 = LINE('',#9160,#9161);
#9160 = CARTESIAN_POINT('',(-0.15,-4.85,-0.457437037472));
#9161 = VECTOR('',#9162,1.);
#9162 = DIRECTION('',(0.,1.,3.330669073875E-16));
#9163 = ORIENTED_EDGE('',*,*,#7991,.F.);
#9164 = CYLINDRICAL_SURFACE('',#9165,0.29);
#9165 = AXIS2_PLACEMENT_3D('',#9166,#9167,#9168);
#9166 = CARTESIAN_POINT('',(-0.44,-4.85,-0.457437037472));
#9167 = DIRECTION('',(0.,1.,3.330669073875E-16));
#9168 = DIRECTION('',(0.957826285221,9.570607158983E-17,-0.287347885566)
  );
#9169 = ADVANCED_FACE('',(#9170),#9181,.T.);
#9170 = FACE_BOUND('',#9171,.T.);
#9171 = EDGE_LOOP('',(#9172,#9173,#9174,#9180));
#9172 = ORIENTED_EDGE('',*,*,#9142,.T.);
#9173 = ORIENTED_EDGE('',*,*,#8016,.T.);
#9174 = ORIENTED_EDGE('',*,*,#9175,.F.);
#9175 = EDGE_CURVE('',#7867,#8017,#9176,.T.);
#9176 = LINE('',#9177,#9178);
#9177 = CARTESIAN_POINT('',(-0.425000733956,-4.85,-1.583330886814));
#9178 = VECTOR('',#9179,1.);
#9179 = DIRECTION('',(0.,1.,3.330669073875E-16));
#9180 = ORIENTED_EDGE('',*,*,#7866,.F.);
#9181 = CYLINDRICAL_SURFACE('',#9182,0.29);
#9182 = AXIS2_PLACEMENT_3D('',#9183,#9184,#9185);
#9183 = CARTESIAN_POINT('',(-0.147231111242,-4.85,-1.5));
#9184 = DIRECTION('',(0.,1.,3.330669073875E-16));
#9185 = DIRECTION('',(-0.957826285221,-9.570607158983E-17,0.287347885566
    ));
#9186 = ADVANCED_FACE('',(#9187),#9198,.F.);
#9187 = FACE_BOUND('',#9188,.F.);
#9188 = EDGE_LOOP('',(#9189,#9190,#9191,#9192));
#9189 = ORIENTED_EDGE('',*,*,#7983,.F.);
#9190 = ORIENTED_EDGE('',*,*,#9158,.T.);
#9191 = ORIENTED_EDGE('',*,*,#8133,.T.);
#9192 = ORIENTED_EDGE('',*,*,#9193,.F.);
#9193 = EDGE_CURVE('',#7975,#8125,#9194,.T.);
#9194 = LINE('',#9195,#9196);
#9195 = CARTESIAN_POINT('',(-0.15,-4.85,1.21));
#9196 = VECTOR('',#9197,1.);
#9197 = DIRECTION('',(0.,1.,3.330669073875E-16));
#9198 = PLANE('',#9199);
#9199 = AXIS2_PLACEMENT_3D('',#9200,#9201,#9202);
#9200 = CARTESIAN_POINT('',(-0.15,-4.85,-0.5));
#9201 = DIRECTION('',(1.,0.,0.));
#9202 = DIRECTION('',(0.,-5.551115123126E-16,1.));
#9203 = ADVANCED_FACE('',(#9204),#9215,.T.);
#9204 = FACE_BOUND('',#9205,.T.);
#9205 = EDGE_LOOP('',(#9206,#9207,#9208,#9209));
#9206 = ORIENTED_EDGE('',*,*,#7875,.F.);
#9207 = ORIENTED_EDGE('',*,*,#9175,.T.);
#9208 = ORIENTED_EDGE('',*,*,#8025,.T.);
#9209 = ORIENTED_EDGE('',*,*,#9210,.F.);
#9210 = EDGE_CURVE('',#7876,#8026,#9211,.T.);
#9211 = LINE('',#9212,#9213);
#9212 = CARTESIAN_POINT('',(-0.162230377286,-4.85,-2.459232075714));
#9213 = VECTOR('',#9214,1.);
#9214 = DIRECTION('',(0.,1.,3.330669073875E-16));
#9215 = PLANE('',#9216);
#9216 = AXIS2_PLACEMENT_3D('',#9217,#9218,#9219);
#9217 = CARTESIAN_POINT('',(-0.45,-4.85,-1.5));
#9218 = DIRECTION('',(-0.957826285221,9.570607158995E-17,-0.287347885566
    ));
#9219 = DIRECTION('',(0.287347885566,5.31700397722E-16,-0.957826285221)
  );
#9220 = ADVANCED_FACE('',(#9221),#9227,.T.);
#9221 = FACE_BOUND('',#9222,.T.);
#9222 = EDGE_LOOP('',(#9223,#9224,#9225,#9226));
#9223 = ORIENTED_EDGE('',*,*,#7974,.T.);
#9224 = ORIENTED_EDGE('',*,*,#8157,.T.);
#9225 = ORIENTED_EDGE('',*,*,#8124,.F.);
#9226 = ORIENTED_EDGE('',*,*,#9193,.F.);
#9227 = CYLINDRICAL_SURFACE('',#9228,0.29);
#9228 = AXIS2_PLACEMENT_3D('',#9229,#9230,#9231);
#9229 = CARTESIAN_POINT('',(0.14,-4.85,1.21));
#9230 = DIRECTION('',(0.,1.,3.330669073875E-16));
#9231 = DIRECTION('',(-1.,0.,0.));
#9232 = ADVANCED_FACE('',(#9233),#9244,.F.);
#9233 = FACE_BOUND('',#9234,.F.);
#9234 = EDGE_LOOP('',(#9235,#9241,#9242,#9243));
#9235 = ORIENTED_EDGE('',*,*,#9236,.T.);
#9236 = EDGE_CURVE('',#7884,#8034,#9237,.T.);
#9237 = LINE('',#9238,#9239);
#9238 = CARTESIAN_POINT('',(-0.15,-4.85,-2.542562962528));
#9239 = VECTOR('',#9240,1.);
#9240 = DIRECTION('',(0.,1.,3.330669073875E-16));
#9241 = ORIENTED_EDGE('',*,*,#8033,.T.);
#9242 = ORIENTED_EDGE('',*,*,#9210,.F.);
#9243 = ORIENTED_EDGE('',*,*,#7883,.F.);
#9244 = CYLINDRICAL_SURFACE('',#9245,0.29);
#9245 = AXIS2_PLACEMENT_3D('',#9246,#9247,#9248);
#9246 = CARTESIAN_POINT('',(-0.44,-4.85,-2.542562962528));
#9247 = DIRECTION('',(0.,1.,3.330669073875E-16));
#9248 = DIRECTION('',(1.,0.,-0.));
#9249 = ADVANCED_FACE('',(#9250),#9261,.F.);
#9250 = FACE_BOUND('',#9251,.F.);
#9251 = EDGE_LOOP('',(#9252,#9253,#9259,#9260));
#9252 = ORIENTED_EDGE('',*,*,#7892,.F.);
#9253 = ORIENTED_EDGE('',*,*,#9254,.T.);
#9254 = EDGE_CURVE('',#7893,#8043,#9255,.T.);
#9255 = LINE('',#9256,#9257);
#9256 = CARTESIAN_POINT('',(-0.15,-4.85,-3.5));
#9257 = VECTOR('',#9258,1.);
#9258 = DIRECTION('',(0.,1.,3.330669073875E-16));
#9259 = ORIENTED_EDGE('',*,*,#8042,.T.);
#9260 = ORIENTED_EDGE('',*,*,#9236,.F.);
#9261 = PLANE('',#9262);
#9262 = AXIS2_PLACEMENT_3D('',#9263,#9264,#9265);
#9263 = CARTESIAN_POINT('',(-0.15,-4.85,-3.5));
#9264 = DIRECTION('',(1.,0.,0.));
#9265 = DIRECTION('',(0.,-5.551115123126E-16,1.));
#9266 = ADVANCED_FACE('',(#9267),#9278,.F.);
#9267 = FACE_BOUND('',#9268,.F.);
#9268 = EDGE_LOOP('',(#9269,#9275,#9276,#9277));
#9269 = ORIENTED_EDGE('',*,*,#9270,.T.);
#9270 = EDGE_CURVE('',#7901,#8051,#9271,.T.);
#9271 = LINE('',#9272,#9273);
#9272 = CARTESIAN_POINT('',(0.15,-4.85,-3.5));
#9273 = VECTOR('',#9274,1.);
#9274 = DIRECTION('',(0.,1.,3.330669073875E-16));
#9275 = ORIENTED_EDGE('',*,*,#8050,.T.);
#9276 = ORIENTED_EDGE('',*,*,#9254,.F.);
#9277 = ORIENTED_EDGE('',*,*,#7900,.F.);
#9278 = PLANE('',#9279);
#9279 = AXIS2_PLACEMENT_3D('',#9280,#9281,#9282);
#9280 = CARTESIAN_POINT('',(0.15,-4.85,-3.5));
#9281 = DIRECTION('',(0.,-3.330669073875E-16,1.));
#9282 = DIRECTION('',(-1.,0.,0.));
#9283 = ADVANCED_FACE('',(#9284),#9295,.F.);
#9284 = FACE_BOUND('',#9285,.F.);
#9285 = EDGE_LOOP('',(#9286,#9287,#9293,#9294));
#9286 = ORIENTED_EDGE('',*,*,#7908,.F.);
#9287 = ORIENTED_EDGE('',*,*,#9288,.T.);
#9288 = EDGE_CURVE('',#7909,#8059,#9289,.T.);
#9289 = LINE('',#9290,#9291);
#9290 = CARTESIAN_POINT('',(0.15,-4.85,-2.542562962528));
#9291 = VECTOR('',#9292,1.);
#9292 = DIRECTION('',(0.,1.,3.330669073875E-16));
#9293 = ORIENTED_EDGE('',*,*,#8058,.T.);
#9294 = ORIENTED_EDGE('',*,*,#9270,.F.);
#9295 = PLANE('',#9296);
#9296 = AXIS2_PLACEMENT_3D('',#9297,#9298,#9299);
#9297 = CARTESIAN_POINT('',(0.15,-4.85,-2.5));
#9298 = DIRECTION('',(-1.,0.,-0.));
#9299 = DIRECTION('',(0.,5.551115123126E-16,-1.));
#9300 = ADVANCED_FACE('',(#9301),#9312,.T.);
#9301 = FACE_BOUND('',#9302,.T.);
#9302 = EDGE_LOOP('',(#9303,#9304,#9310,#9311));
#9303 = ORIENTED_EDGE('',*,*,#7950,.T.);
#9304 = ORIENTED_EDGE('',*,*,#9305,.T.);
#9305 = EDGE_CURVE('',#7943,#8093,#9306,.T.);
#9306 = LINE('',#9307,#9308);
#9307 = CARTESIAN_POINT('',(0.137769622714,-4.85,-0.540767924286));
#9308 = VECTOR('',#9309,1.);
#9309 = DIRECTION('',(0.,1.,3.330669073875E-16));
#9310 = ORIENTED_EDGE('',*,*,#8100,.F.);
#9311 = ORIENTED_EDGE('',*,*,#8819,.F.);
#9312 = CYLINDRICAL_SURFACE('',#9313,0.29);
#9313 = AXIS2_PLACEMENT_3D('',#9314,#9315,#9316);
#9314 = CARTESIAN_POINT('',(-0.14,-4.85,-0.457437037472));
#9315 = DIRECTION('',(0.,1.,3.330669073875E-16));
#9316 = DIRECTION('',(1.,0.,-0.));
#9317 = ADVANCED_FACE('',(#9318),#9329,.T.);
#9318 = FACE_BOUND('',#9319,.T.);
#9319 = EDGE_LOOP('',(#9320,#9321,#9322,#9323));
#9320 = ORIENTED_EDGE('',*,*,#7916,.T.);
#9321 = ORIENTED_EDGE('',*,*,#9288,.T.);
#9322 = ORIENTED_EDGE('',*,*,#8066,.F.);
#9323 = ORIENTED_EDGE('',*,*,#9324,.F.);
#9324 = EDGE_CURVE('',#7917,#8067,#9325,.T.);
#9325 = LINE('',#9326,#9327);
#9326 = CARTESIAN_POINT('',(0.137769622714,-4.85,-2.459232075714));
#9327 = VECTOR('',#9328,1.);
#9328 = DIRECTION('',(0.,1.,3.330669073875E-16));
#9329 = CYLINDRICAL_SURFACE('',#9330,0.29);
#9330 = AXIS2_PLACEMENT_3D('',#9331,#9332,#9333);
#9331 = CARTESIAN_POINT('',(-0.14,-4.85,-2.542562962528));
#9332 = DIRECTION('',(0.,1.,3.330669073875E-16));
#9333 = DIRECTION('',(0.957826285221,-9.570607158983E-17,0.287347885566)
  );
#9334 = ADVANCED_FACE('',(#9335),#9346,.T.);
#9335 = FACE_BOUND('',#9336,.T.);
#9336 = EDGE_LOOP('',(#9337,#9338,#9344,#9345));
#9337 = ORIENTED_EDGE('',*,*,#7942,.F.);
#9338 = ORIENTED_EDGE('',*,*,#9339,.T.);
#9339 = EDGE_CURVE('',#7934,#8084,#9340,.T.);
#9340 = LINE('',#9341,#9342);
#9341 = CARTESIAN_POINT('',(-0.125000733956,-4.85,-1.416669113186));
#9342 = VECTOR('',#9343,1.);
#9343 = DIRECTION('',(0.,1.,3.330669073875E-16));
#9344 = ORIENTED_EDGE('',*,*,#8092,.T.);
#9345 = ORIENTED_EDGE('',*,*,#9305,.F.);
#9346 = PLANE('',#9347);
#9347 = AXIS2_PLACEMENT_3D('',#9348,#9349,#9350);
#9348 = CARTESIAN_POINT('',(-0.15,-4.85,-1.5));
#9349 = DIRECTION('',(0.957826285221,9.570607158995E-17,-0.287347885566)
  );
#9350 = DIRECTION('',(0.287347885566,-5.31700397722E-16,0.957826285221)
  );
#9351 = ADVANCED_FACE('',(#9352),#9363,.T.);
#9352 = FACE_BOUND('',#9353,.T.);
#9353 = EDGE_LOOP('',(#9354,#9355,#9356,#9357));
#9354 = ORIENTED_EDGE('',*,*,#7925,.F.);
#9355 = ORIENTED_EDGE('',*,*,#9324,.T.);
#9356 = ORIENTED_EDGE('',*,*,#8075,.T.);
#9357 = ORIENTED_EDGE('',*,*,#9358,.F.);
#9358 = EDGE_CURVE('',#7926,#8076,#9359,.T.);
#9359 = LINE('',#9360,#9361);
#9360 = CARTESIAN_POINT('',(-0.125000733956,-4.85,-1.583330886814));
#9361 = VECTOR('',#9362,1.);
#9362 = DIRECTION('',(0.,1.,3.330669073875E-16));
#9363 = PLANE('',#9364);
#9364 = AXIS2_PLACEMENT_3D('',#9365,#9366,#9367);
#9365 = CARTESIAN_POINT('',(0.15,-4.85,-2.5));
#9366 = DIRECTION('',(0.957826285221,-9.570607158995E-17,0.287347885566)
  );
#9367 = DIRECTION('',(-0.287347885566,-5.31700397722E-16,0.957826285221)
  );
#9368 = ADVANCED_FACE('',(#9369),#9375,.F.);
#9369 = FACE_BOUND('',#9370,.F.);
#9370 = EDGE_LOOP('',(#9371,#9372,#9373,#9374));
#9371 = ORIENTED_EDGE('',*,*,#9339,.T.);
#9372 = ORIENTED_EDGE('',*,*,#8083,.T.);
#9373 = ORIENTED_EDGE('',*,*,#9358,.F.);
#9374 = ORIENTED_EDGE('',*,*,#7933,.F.);
#9375 = CYLINDRICAL_SURFACE('',#9376,0.29);
#9376 = AXIS2_PLACEMENT_3D('',#9377,#9378,#9379);
#9377 = CARTESIAN_POINT('',(0.152768888758,-4.85,-1.5));
#9378 = DIRECTION('',(0.,1.,3.330669073875E-16));
#9379 = DIRECTION('',(-0.957826285221,-9.570607158983E-17,0.287347885566
    ));
#9380 = ADVANCED_FACE('',(#9381),#9397,.F.);
#9381 = FACE_BOUND('',#9382,.F.);
#9382 = EDGE_LOOP('',(#9383,#9384,#9390,#9391));
#9383 = ORIENTED_EDGE('',*,*,#8173,.F.);
#9384 = ORIENTED_EDGE('',*,*,#9385,.T.);
#9385 = EDGE_CURVE('',#8174,#8348,#9386,.T.);
#9386 = LINE('',#9387,#9388);
#9387 = CARTESIAN_POINT('',(6.462230377286,-4.85,-0.540767924286));
#9388 = VECTOR('',#9389,1.);
#9389 = DIRECTION('',(0.,1.,3.330669073875E-16));
#9390 = ORIENTED_EDGE('',*,*,#8347,.T.);
#9391 = ORIENTED_EDGE('',*,*,#9392,.F.);
#9392 = EDGE_CURVE('',#8176,#8350,#9393,.T.);
#9393 = LINE('',#9394,#9395);
#9394 = CARTESIAN_POINT('',(6.725000733956,-4.85,-1.416669113186));
#9395 = VECTOR('',#9396,1.);
#9396 = DIRECTION('',(0.,1.,3.330669073875E-16));
#9397 = PLANE('',#9398);
#9398 = AXIS2_PLACEMENT_3D('',#9399,#9400,#9401);
#9399 = CARTESIAN_POINT('',(6.45,-4.85,-0.5));
#9400 = DIRECTION('',(-0.957826285221,9.570607158995E-17,-0.287347885566
    ));
#9401 = DIRECTION('',(0.287347885566,5.31700397722E-16,-0.957826285221)
  );
#9402 = ADVANCED_FACE('',(#9403),#9414,.F.);
#9403 = FACE_BOUND('',#9404,.F.);
#9404 = EDGE_LOOP('',(#9405,#9406,#9412,#9413));
#9405 = ORIENTED_EDGE('',*,*,#8308,.T.);
#9406 = ORIENTED_EDGE('',*,*,#9407,.T.);
#9407 = EDGE_CURVE('',#8301,#8468,#9408,.T.);
#9408 = LINE('',#9409,#9410);
#9409 = CARTESIAN_POINT('',(6.45,-4.85,-0.457437037472));
#9410 = VECTOR('',#9411,1.);
#9411 = DIRECTION('',(0.,1.,3.330669073875E-16));
#9412 = ORIENTED_EDGE('',*,*,#8475,.F.);
#9413 = ORIENTED_EDGE('',*,*,#9385,.F.);
#9414 = CYLINDRICAL_SURFACE('',#9415,0.29);
#9415 = AXIS2_PLACEMENT_3D('',#9416,#9417,#9418);
#9416 = CARTESIAN_POINT('',(6.74,-4.85,-0.457437037472));
#9417 = DIRECTION('',(0.,1.,3.330669073875E-16));
#9418 = DIRECTION('',(-0.957826285221,9.570607158983E-17,-0.287347885566
    ));
#9419 = ADVANCED_FACE('',(#9420),#9431,.T.);
#9420 = FACE_BOUND('',#9421,.T.);
#9421 = EDGE_LOOP('',(#9422,#9423,#9429,#9430));
#9422 = ORIENTED_EDGE('',*,*,#8183,.T.);
#9423 = ORIENTED_EDGE('',*,*,#9424,.T.);
#9424 = EDGE_CURVE('',#8184,#8358,#9425,.T.);
#9425 = LINE('',#9426,#9427);
#9426 = CARTESIAN_POINT('',(6.725000733956,-4.85,-1.583330886814));
#9427 = VECTOR('',#9428,1.);
#9428 = DIRECTION('',(0.,1.,3.330669073875E-16));
#9429 = ORIENTED_EDGE('',*,*,#8357,.F.);
#9430 = ORIENTED_EDGE('',*,*,#9392,.F.);
#9431 = CYLINDRICAL_SURFACE('',#9432,0.29);
#9432 = AXIS2_PLACEMENT_3D('',#9433,#9434,#9435);
#9433 = CARTESIAN_POINT('',(6.447231111242,-4.85,-1.5));
#9434 = DIRECTION('',(0.,1.,3.330669073875E-16));
#9435 = DIRECTION('',(0.957826285221,-9.570607158983E-17,0.287347885566)
  );
#9436 = ADVANCED_FACE('',(#9437),#9448,.T.);
#9437 = FACE_BOUND('',#9438,.T.);
#9438 = EDGE_LOOP('',(#9439,#9440,#9441,#9442));
#9439 = ORIENTED_EDGE('',*,*,#8300,.F.);
#9440 = ORIENTED_EDGE('',*,*,#9407,.T.);
#9441 = ORIENTED_EDGE('',*,*,#8467,.T.);
#9442 = ORIENTED_EDGE('',*,*,#9443,.F.);
#9443 = EDGE_CURVE('',#8292,#8459,#9444,.T.);
#9444 = LINE('',#9445,#9446);
#9445 = CARTESIAN_POINT('',(6.45,-4.85,1.21));
#9446 = VECTOR('',#9447,1.);
#9447 = DIRECTION('',(0.,1.,3.330669073875E-16));
#9448 = PLANE('',#9449);
#9449 = AXIS2_PLACEMENT_3D('',#9450,#9451,#9452);
#9450 = CARTESIAN_POINT('',(6.45,-4.85,-0.5));
#9451 = DIRECTION('',(1.,0.,0.));
#9452 = DIRECTION('',(0.,-5.551115123126E-16,1.));
#9453 = ADVANCED_FACE('',(#9454),#9465,.F.);
#9454 = FACE_BOUND('',#9455,.F.);
#9455 = EDGE_LOOP('',(#9456,#9457,#9458,#9459));
#9456 = ORIENTED_EDGE('',*,*,#8192,.F.);
#9457 = ORIENTED_EDGE('',*,*,#9424,.T.);
#9458 = ORIENTED_EDGE('',*,*,#8366,.T.);
#9459 = ORIENTED_EDGE('',*,*,#9460,.F.);
#9460 = EDGE_CURVE('',#8193,#8367,#9461,.T.);
#9461 = LINE('',#9462,#9463);
#9462 = CARTESIAN_POINT('',(6.462230377286,-4.85,-2.459232075714));
#9463 = VECTOR('',#9464,1.);
#9464 = DIRECTION('',(0.,1.,3.330669073875E-16));
#9465 = PLANE('',#9466);
#9466 = AXIS2_PLACEMENT_3D('',#9467,#9468,#9469);
#9467 = CARTESIAN_POINT('',(6.75,-4.85,-1.5));
#9468 = DIRECTION('',(-0.957826285221,-9.570607158995E-17,0.287347885566
    ));
#9469 = DIRECTION('',(-0.287347885566,5.31700397722E-16,-0.957826285221)
  );
#9470 = ADVANCED_FACE('',(#9471),#9477,.T.);
#9471 = FACE_BOUND('',#9472,.T.);
#9472 = EDGE_LOOP('',(#9473,#9474,#9475,#9476));
#9473 = ORIENTED_EDGE('',*,*,#9443,.T.);
#9474 = ORIENTED_EDGE('',*,*,#8458,.T.);
#9475 = ORIENTED_EDGE('',*,*,#8324,.F.);
#9476 = ORIENTED_EDGE('',*,*,#8291,.F.);
#9477 = CYLINDRICAL_SURFACE('',#9478,0.29);
#9478 = AXIS2_PLACEMENT_3D('',#9479,#9480,#9481);
#9479 = CARTESIAN_POINT('',(6.16,-4.85,1.21));
#9480 = DIRECTION('',(0.,1.,3.330669073875E-16));
#9481 = DIRECTION('',(1.,0.,-0.));
#9482 = ADVANCED_FACE('',(#9483),#9494,.F.);
#9483 = FACE_BOUND('',#9484,.F.);
#9484 = EDGE_LOOP('',(#9485,#9486,#9487,#9488));
#9485 = ORIENTED_EDGE('',*,*,#8200,.T.);
#9486 = ORIENTED_EDGE('',*,*,#9460,.T.);
#9487 = ORIENTED_EDGE('',*,*,#8374,.F.);
#9488 = ORIENTED_EDGE('',*,*,#9489,.F.);
#9489 = EDGE_CURVE('',#8201,#8375,#9490,.T.);
#9490 = LINE('',#9491,#9492);
#9491 = CARTESIAN_POINT('',(6.45,-4.85,-2.542562962528));
#9492 = VECTOR('',#9493,1.);
#9493 = DIRECTION('',(0.,1.,3.330669073875E-16));
#9494 = CYLINDRICAL_SURFACE('',#9495,0.29);
#9495 = AXIS2_PLACEMENT_3D('',#9496,#9497,#9498);
#9496 = CARTESIAN_POINT('',(6.74,-4.85,-2.542562962528));
#9497 = DIRECTION('',(0.,1.,3.330669073875E-16));
#9498 = DIRECTION('',(-1.,0.,0.));
#9499 = ADVANCED_FACE('',(#9500),#9511,.T.);
#9500 = FACE_BOUND('',#9501,.T.);
#9501 = EDGE_LOOP('',(#9502,#9503,#9509,#9510));
#9502 = ORIENTED_EDGE('',*,*,#8209,.F.);
#9503 = ORIENTED_EDGE('',*,*,#9504,.T.);
#9504 = EDGE_CURVE('',#8210,#8384,#9505,.T.);
#9505 = LINE('',#9506,#9507);
#9506 = CARTESIAN_POINT('',(6.45,-4.85,-3.5));
#9507 = VECTOR('',#9508,1.);
#9508 = DIRECTION('',(0.,1.,3.330669073875E-16));
#9509 = ORIENTED_EDGE('',*,*,#8383,.T.);
#9510 = ORIENTED_EDGE('',*,*,#9489,.F.);
#9511 = PLANE('',#9512);
#9512 = AXIS2_PLACEMENT_3D('',#9513,#9514,#9515);
#9513 = CARTESIAN_POINT('',(6.45,-4.85,-3.5));
#9514 = DIRECTION('',(1.,0.,0.));
#9515 = DIRECTION('',(0.,-5.551115123126E-16,1.));
#9516 = ADVANCED_FACE('',(#9517),#9528,.T.);
#9517 = FACE_BOUND('',#9518,.T.);
#9518 = EDGE_LOOP('',(#9519,#9525,#9526,#9527));
#9519 = ORIENTED_EDGE('',*,*,#9520,.T.);
#9520 = EDGE_CURVE('',#8218,#8392,#9521,.T.);
#9521 = LINE('',#9522,#9523);
#9522 = CARTESIAN_POINT('',(6.15,-4.85,-3.5));
#9523 = VECTOR('',#9524,1.);
#9524 = DIRECTION('',(0.,1.,3.330669073875E-16));
#9525 = ORIENTED_EDGE('',*,*,#8391,.T.);
#9526 = ORIENTED_EDGE('',*,*,#9504,.F.);
#9527 = ORIENTED_EDGE('',*,*,#8217,.F.);
#9528 = PLANE('',#9529);
#9529 = AXIS2_PLACEMENT_3D('',#9530,#9531,#9532);
#9530 = CARTESIAN_POINT('',(6.15,-4.85,-3.5));
#9531 = DIRECTION('',(0.,3.330669073875E-16,-1.));
#9532 = DIRECTION('',(1.,0.,0.));
#9533 = ADVANCED_FACE('',(#9534),#9545,.T.);
#9534 = FACE_BOUND('',#9535,.T.);
#9535 = EDGE_LOOP('',(#9536,#9537,#9543,#9544));
#9536 = ORIENTED_EDGE('',*,*,#8225,.F.);
#9537 = ORIENTED_EDGE('',*,*,#9538,.T.);
#9538 = EDGE_CURVE('',#8226,#8400,#9539,.T.);
#9539 = LINE('',#9540,#9541);
#9540 = CARTESIAN_POINT('',(6.15,-4.85,-2.542562962528));
#9541 = VECTOR('',#9542,1.);
#9542 = DIRECTION('',(0.,1.,3.330669073875E-16));
#9543 = ORIENTED_EDGE('',*,*,#8399,.T.);
#9544 = ORIENTED_EDGE('',*,*,#9520,.F.);
#9545 = PLANE('',#9546);
#9546 = AXIS2_PLACEMENT_3D('',#9547,#9548,#9549);
#9547 = CARTESIAN_POINT('',(6.15,-4.85,-2.5));
#9548 = DIRECTION('',(-1.,0.,-0.));
#9549 = DIRECTION('',(0.,5.551115123126E-16,-1.));
#9550 = ADVANCED_FACE('',(#9551),#9562,.T.);
#9551 = FACE_BOUND('',#9552,.T.);
#9552 = EDGE_LOOP('',(#9553,#9554,#9555,#9561));
#9553 = ORIENTED_EDGE('',*,*,#8836,.T.);
#9554 = ORIENTED_EDGE('',*,*,#8441,.T.);
#9555 = ORIENTED_EDGE('',*,*,#9556,.F.);
#9556 = EDGE_CURVE('',#8260,#8434,#9557,.T.);
#9557 = LINE('',#9558,#9559);
#9558 = CARTESIAN_POINT('',(6.162230377286,-4.85,-0.540767924286));
#9559 = VECTOR('',#9560,1.);
#9560 = DIRECTION('',(0.,1.,3.330669073875E-16));
#9561 = ORIENTED_EDGE('',*,*,#8267,.F.);
#9562 = CYLINDRICAL_SURFACE('',#9563,0.29);
#9563 = AXIS2_PLACEMENT_3D('',#9564,#9565,#9566);
#9564 = CARTESIAN_POINT('',(6.44,-4.85,-0.457437037472));
#9565 = DIRECTION('',(0.,1.,3.330669073875E-16));
#9566 = DIRECTION('',(-1.,0.,0.));
#9567 = ADVANCED_FACE('',(#9568),#9579,.T.);
#9568 = FACE_BOUND('',#9569,.T.);
#9569 = EDGE_LOOP('',(#9570,#9576,#9577,#9578));
#9570 = ORIENTED_EDGE('',*,*,#9571,.T.);
#9571 = EDGE_CURVE('',#8234,#8408,#9572,.T.);
#9572 = LINE('',#9573,#9574);
#9573 = CARTESIAN_POINT('',(6.162230377286,-4.85,-2.459232075714));
#9574 = VECTOR('',#9575,1.);
#9575 = DIRECTION('',(0.,1.,3.330669073875E-16));
#9576 = ORIENTED_EDGE('',*,*,#8407,.T.);
#9577 = ORIENTED_EDGE('',*,*,#9538,.F.);
#9578 = ORIENTED_EDGE('',*,*,#8233,.F.);
#9579 = CYLINDRICAL_SURFACE('',#9580,0.29);
#9580 = AXIS2_PLACEMENT_3D('',#9581,#9582,#9583);
#9581 = CARTESIAN_POINT('',(6.44,-4.85,-2.542562962528));
#9582 = DIRECTION('',(0.,1.,3.330669073875E-16));
#9583 = DIRECTION('',(-0.957826285221,-9.570607158983E-17,0.287347885566
    ));
#9584 = ADVANCED_FACE('',(#9585),#9596,.F.);
#9585 = FACE_BOUND('',#9586,.F.);
#9586 = EDGE_LOOP('',(#9587,#9588,#9594,#9595));
#9587 = ORIENTED_EDGE('',*,*,#8259,.F.);
#9588 = ORIENTED_EDGE('',*,*,#9589,.T.);
#9589 = EDGE_CURVE('',#8251,#8425,#9590,.T.);
#9590 = LINE('',#9591,#9592);
#9591 = CARTESIAN_POINT('',(6.425000733956,-4.85,-1.416669113186));
#9592 = VECTOR('',#9593,1.);
#9593 = DIRECTION('',(0.,1.,3.330669073875E-16));
#9594 = ORIENTED_EDGE('',*,*,#8433,.T.);
#9595 = ORIENTED_EDGE('',*,*,#9556,.F.);
#9596 = PLANE('',#9597);
#9597 = AXIS2_PLACEMENT_3D('',#9598,#9599,#9600);
#9598 = CARTESIAN_POINT('',(6.45,-4.85,-1.5));
#9599 = DIRECTION('',(0.957826285221,-9.570607158995E-17,0.287347885566)
  );
#9600 = DIRECTION('',(-0.287347885566,-5.31700397722E-16,0.957826285221)
  );
#9601 = ADVANCED_FACE('',(#9602),#9613,.F.);
#9602 = FACE_BOUND('',#9603,.F.);
#9603 = EDGE_LOOP('',(#9604,#9605,#9606,#9607));
#9604 = ORIENTED_EDGE('',*,*,#8242,.F.);
#9605 = ORIENTED_EDGE('',*,*,#9571,.T.);
#9606 = ORIENTED_EDGE('',*,*,#8416,.T.);
#9607 = ORIENTED_EDGE('',*,*,#9608,.F.);
#9608 = EDGE_CURVE('',#8243,#8417,#9609,.T.);
#9609 = LINE('',#9610,#9611);
#9610 = CARTESIAN_POINT('',(6.425000733956,-4.85,-1.583330886814));
#9611 = VECTOR('',#9612,1.);
#9612 = DIRECTION('',(0.,1.,3.330669073875E-16));
#9613 = PLANE('',#9614);
#9614 = AXIS2_PLACEMENT_3D('',#9615,#9616,#9617);
#9615 = CARTESIAN_POINT('',(6.15,-4.85,-2.5));
#9616 = DIRECTION('',(0.957826285221,9.570607158995E-17,-0.287347885566)
  );
#9617 = DIRECTION('',(0.287347885566,-5.31700397722E-16,0.957826285221)
  );
#9618 = ADVANCED_FACE('',(#9619),#9625,.F.);
#9619 = FACE_BOUND('',#9620,.F.);
#9620 = EDGE_LOOP('',(#9621,#9622,#9623,#9624));
#9621 = ORIENTED_EDGE('',*,*,#8250,.T.);
#9622 = ORIENTED_EDGE('',*,*,#9608,.T.);
#9623 = ORIENTED_EDGE('',*,*,#8424,.F.);
#9624 = ORIENTED_EDGE('',*,*,#9589,.F.);
#9625 = CYLINDRICAL_SURFACE('',#9626,0.29);
#9626 = AXIS2_PLACEMENT_3D('',#9627,#9628,#9629);
#9627 = CARTESIAN_POINT('',(6.147231111242,-4.85,-1.5));
#9628 = DIRECTION('',(0.,1.,3.330669073875E-16));
#9629 = DIRECTION('',(0.957826285221,-9.570607158983E-17,0.287347885566)
  );
#9630 = ADVANCED_FACE('',(#9631),#9647,.F.);
#9631 = FACE_BOUND('',#9632,.F.);
#9632 = EDGE_LOOP('',(#9633,#9634,#9640,#9641));
#9633 = ORIENTED_EDGE('',*,*,#8640,.F.);
#9634 = ORIENTED_EDGE('',*,*,#9635,.T.);
#9635 = EDGE_CURVE('',#8641,#8491,#9636,.T.);
#9636 = LINE('',#9637,#9638);
#9637 = CARTESIAN_POINT('',(6.462230377286,-0.35,-0.540767924286));
#9638 = VECTOR('',#9639,1.);
#9639 = DIRECTION('',(0.,1.,3.330669073875E-16));
#9640 = ORIENTED_EDGE('',*,*,#8490,.T.);
#9641 = ORIENTED_EDGE('',*,*,#9642,.F.);
#9642 = EDGE_CURVE('',#8643,#8493,#9643,.T.);
#9643 = LINE('',#9644,#9645);
#9644 = CARTESIAN_POINT('',(6.725000733956,-0.35,-1.416669113186));
#9645 = VECTOR('',#9646,1.);
#9646 = DIRECTION('',(0.,1.,3.330669073875E-16));
#9647 = PLANE('',#9648);
#9648 = AXIS2_PLACEMENT_3D('',#9649,#9650,#9651);
#9649 = CARTESIAN_POINT('',(6.45,-0.35,-0.5));
#9650 = DIRECTION('',(-0.957826285221,9.570607158995E-17,-0.287347885566
    ));
#9651 = DIRECTION('',(0.287347885566,5.31700397722E-16,-0.957826285221)
  );
#9652 = ADVANCED_FACE('',(#9653),#9664,.F.);
#9653 = FACE_BOUND('',#9654,.F.);
#9654 = EDGE_LOOP('',(#9655,#9656,#9662,#9663));
#9655 = ORIENTED_EDGE('',*,*,#8775,.T.);
#9656 = ORIENTED_EDGE('',*,*,#9657,.T.);
#9657 = EDGE_CURVE('',#8768,#8618,#9658,.T.);
#9658 = LINE('',#9659,#9660);
#9659 = CARTESIAN_POINT('',(6.45,-0.35,-0.457437037472));
#9660 = VECTOR('',#9661,1.);
#9661 = DIRECTION('',(0.,1.,3.330669073875E-16));
#9662 = ORIENTED_EDGE('',*,*,#8625,.F.);
#9663 = ORIENTED_EDGE('',*,*,#9635,.F.);
#9664 = CYLINDRICAL_SURFACE('',#9665,0.29);
#9665 = AXIS2_PLACEMENT_3D('',#9666,#9667,#9668);
#9666 = CARTESIAN_POINT('',(6.74,-0.35,-0.457437037472));
#9667 = DIRECTION('',(0.,1.,3.330669073875E-16));
#9668 = DIRECTION('',(-0.957826285221,9.570607158983E-17,-0.287347885566
    ));
#9669 = ADVANCED_FACE('',(#9670),#9681,.T.);
#9670 = FACE_BOUND('',#9671,.T.);
#9671 = EDGE_LOOP('',(#9672,#9673,#9679,#9680));
#9672 = ORIENTED_EDGE('',*,*,#8650,.T.);
#9673 = ORIENTED_EDGE('',*,*,#9674,.T.);
#9674 = EDGE_CURVE('',#8651,#8501,#9675,.T.);
#9675 = LINE('',#9676,#9677);
#9676 = CARTESIAN_POINT('',(6.725000733956,-0.35,-1.583330886814));
#9677 = VECTOR('',#9678,1.);
#9678 = DIRECTION('',(0.,1.,3.330669073875E-16));
#9679 = ORIENTED_EDGE('',*,*,#8500,.F.);
#9680 = ORIENTED_EDGE('',*,*,#9642,.F.);
#9681 = CYLINDRICAL_SURFACE('',#9682,0.29);
#9682 = AXIS2_PLACEMENT_3D('',#9683,#9684,#9685);
#9683 = CARTESIAN_POINT('',(6.447231111242,-0.35,-1.5));
#9684 = DIRECTION('',(0.,1.,3.330669073875E-16));
#9685 = DIRECTION('',(0.957826285221,-9.570607158983E-17,0.287347885566)
  );
#9686 = ADVANCED_FACE('',(#9687),#9698,.T.);
#9687 = FACE_BOUND('',#9688,.T.);
#9688 = EDGE_LOOP('',(#9689,#9690,#9691,#9692));
#9689 = ORIENTED_EDGE('',*,*,#8767,.F.);
#9690 = ORIENTED_EDGE('',*,*,#9657,.T.);
#9691 = ORIENTED_EDGE('',*,*,#8617,.T.);
#9692 = ORIENTED_EDGE('',*,*,#9693,.F.);
#9693 = EDGE_CURVE('',#8759,#8609,#9694,.T.);
#9694 = LINE('',#9695,#9696);
#9695 = CARTESIAN_POINT('',(6.45,-0.35,1.21));
#9696 = VECTOR('',#9697,1.);
#9697 = DIRECTION('',(0.,1.,3.330669073875E-16));
#9698 = PLANE('',#9699);
#9699 = AXIS2_PLACEMENT_3D('',#9700,#9701,#9702);
#9700 = CARTESIAN_POINT('',(6.45,-0.35,-0.5));
#9701 = DIRECTION('',(1.,0.,0.));
#9702 = DIRECTION('',(0.,-5.551115123126E-16,1.));
#9703 = ADVANCED_FACE('',(#9704),#9715,.F.);
#9704 = FACE_BOUND('',#9705,.F.);
#9705 = EDGE_LOOP('',(#9706,#9707,#9708,#9709));
#9706 = ORIENTED_EDGE('',*,*,#8659,.F.);
#9707 = ORIENTED_EDGE('',*,*,#9674,.T.);
#9708 = ORIENTED_EDGE('',*,*,#8509,.T.);
#9709 = ORIENTED_EDGE('',*,*,#9710,.F.);
#9710 = EDGE_CURVE('',#8660,#8510,#9711,.T.);
#9711 = LINE('',#9712,#9713);
#9712 = CARTESIAN_POINT('',(6.462230377286,-0.35,-2.459232075714));
#9713 = VECTOR('',#9714,1.);
#9714 = DIRECTION('',(0.,1.,3.330669073875E-16));
#9715 = PLANE('',#9716);
#9716 = AXIS2_PLACEMENT_3D('',#9717,#9718,#9719);
#9717 = CARTESIAN_POINT('',(6.75,-0.35,-1.5));
#9718 = DIRECTION('',(-0.957826285221,-9.570607158995E-17,0.287347885566
    ));
#9719 = DIRECTION('',(-0.287347885566,5.31700397722E-16,-0.957826285221)
  );
#9720 = ADVANCED_FACE('',(#9721),#9727,.T.);
#9721 = FACE_BOUND('',#9722,.T.);
#9722 = EDGE_LOOP('',(#9723,#9724,#9725,#9726));
#9723 = ORIENTED_EDGE('',*,*,#9693,.T.);
#9724 = ORIENTED_EDGE('',*,*,#8608,.T.);
#9725 = ORIENTED_EDGE('',*,*,#8791,.F.);
#9726 = ORIENTED_EDGE('',*,*,#8758,.F.);
#9727 = CYLINDRICAL_SURFACE('',#9728,0.29);
#9728 = AXIS2_PLACEMENT_3D('',#9729,#9730,#9731);
#9729 = CARTESIAN_POINT('',(6.16,-0.35,1.21));
#9730 = DIRECTION('',(0.,1.,3.330669073875E-16));
#9731 = DIRECTION('',(1.,0.,-0.));
#9732 = ADVANCED_FACE('',(#9733),#9744,.F.);
#9733 = FACE_BOUND('',#9734,.F.);
#9734 = EDGE_LOOP('',(#9735,#9736,#9737,#9738));
#9735 = ORIENTED_EDGE('',*,*,#8667,.T.);
#9736 = ORIENTED_EDGE('',*,*,#9710,.T.);
#9737 = ORIENTED_EDGE('',*,*,#8517,.F.);
#9738 = ORIENTED_EDGE('',*,*,#9739,.F.);
#9739 = EDGE_CURVE('',#8668,#8518,#9740,.T.);
#9740 = LINE('',#9741,#9742);
#9741 = CARTESIAN_POINT('',(6.45,-0.35,-2.542562962528));
#9742 = VECTOR('',#9743,1.);
#9743 = DIRECTION('',(0.,1.,3.330669073875E-16));
#9744 = CYLINDRICAL_SURFACE('',#9745,0.29);
#9745 = AXIS2_PLACEMENT_3D('',#9746,#9747,#9748);
#9746 = CARTESIAN_POINT('',(6.74,-0.35,-2.542562962528));
#9747 = DIRECTION('',(0.,1.,3.330669073875E-16));
#9748 = DIRECTION('',(-1.,0.,0.));
#9749 = ADVANCED_FACE('',(#9750),#9761,.T.);
#9750 = FACE_BOUND('',#9751,.T.);
#9751 = EDGE_LOOP('',(#9752,#9753,#9759,#9760));
#9752 = ORIENTED_EDGE('',*,*,#8676,.F.);
#9753 = ORIENTED_EDGE('',*,*,#9754,.T.);
#9754 = EDGE_CURVE('',#8677,#8527,#9755,.T.);
#9755 = LINE('',#9756,#9757);
#9756 = CARTESIAN_POINT('',(6.45,-0.35,-3.5));
#9757 = VECTOR('',#9758,1.);
#9758 = DIRECTION('',(0.,1.,3.330669073875E-16));
#9759 = ORIENTED_EDGE('',*,*,#8526,.T.);
#9760 = ORIENTED_EDGE('',*,*,#9739,.F.);
#9761 = PLANE('',#9762);
#9762 = AXIS2_PLACEMENT_3D('',#9763,#9764,#9765);
#9763 = CARTESIAN_POINT('',(6.45,-0.35,-3.5));
#9764 = DIRECTION('',(1.,0.,0.));
#9765 = DIRECTION('',(0.,-5.551115123126E-16,1.));
#9766 = ADVANCED_FACE('',(#9767),#9778,.T.);
#9767 = FACE_BOUND('',#9768,.T.);
#9768 = EDGE_LOOP('',(#9769,#9775,#9776,#9777));
#9769 = ORIENTED_EDGE('',*,*,#9770,.T.);
#9770 = EDGE_CURVE('',#8685,#8535,#9771,.T.);
#9771 = LINE('',#9772,#9773);
#9772 = CARTESIAN_POINT('',(6.15,-0.35,-3.5));
#9773 = VECTOR('',#9774,1.);
#9774 = DIRECTION('',(0.,1.,3.330669073875E-16));
#9775 = ORIENTED_EDGE('',*,*,#8534,.T.);
#9776 = ORIENTED_EDGE('',*,*,#9754,.F.);
#9777 = ORIENTED_EDGE('',*,*,#8684,.F.);
#9778 = PLANE('',#9779);
#9779 = AXIS2_PLACEMENT_3D('',#9780,#9781,#9782);
#9780 = CARTESIAN_POINT('',(6.15,-0.35,-3.5));
#9781 = DIRECTION('',(0.,3.330669073875E-16,-1.));
#9782 = DIRECTION('',(1.,0.,0.));
#9783 = ADVANCED_FACE('',(#9784),#9795,.T.);
#9784 = FACE_BOUND('',#9785,.T.);
#9785 = EDGE_LOOP('',(#9786,#9787,#9793,#9794));
#9786 = ORIENTED_EDGE('',*,*,#8692,.F.);
#9787 = ORIENTED_EDGE('',*,*,#9788,.T.);
#9788 = EDGE_CURVE('',#8693,#8543,#9789,.T.);
#9789 = LINE('',#9790,#9791);
#9790 = CARTESIAN_POINT('',(6.15,-0.35,-2.542562962528));
#9791 = VECTOR('',#9792,1.);
#9792 = DIRECTION('',(0.,1.,3.330669073875E-16));
#9793 = ORIENTED_EDGE('',*,*,#8542,.T.);
#9794 = ORIENTED_EDGE('',*,*,#9770,.F.);
#9795 = PLANE('',#9796);
#9796 = AXIS2_PLACEMENT_3D('',#9797,#9798,#9799);
#9797 = CARTESIAN_POINT('',(6.15,-0.35,-2.5));
#9798 = DIRECTION('',(-1.,0.,-0.));
#9799 = DIRECTION('',(0.,5.551115123126E-16,-1.));
#9800 = ADVANCED_FACE('',(#9801),#9812,.T.);
#9801 = FACE_BOUND('',#9802,.T.);
#9802 = EDGE_LOOP('',(#9803,#9804,#9805,#9811));
#9803 = ORIENTED_EDGE('',*,*,#8870,.T.);
#9804 = ORIENTED_EDGE('',*,*,#8584,.T.);
#9805 = ORIENTED_EDGE('',*,*,#9806,.F.);
#9806 = EDGE_CURVE('',#8727,#8577,#9807,.T.);
#9807 = LINE('',#9808,#9809);
#9808 = CARTESIAN_POINT('',(6.162230377286,-0.35,-0.540767924286));
#9809 = VECTOR('',#9810,1.);
#9810 = DIRECTION('',(0.,1.,3.330669073875E-16));
#9811 = ORIENTED_EDGE('',*,*,#8734,.F.);
#9812 = CYLINDRICAL_SURFACE('',#9813,0.29);
#9813 = AXIS2_PLACEMENT_3D('',#9814,#9815,#9816);
#9814 = CARTESIAN_POINT('',(6.44,-0.35,-0.457437037472));
#9815 = DIRECTION('',(0.,1.,3.330669073875E-16));
#9816 = DIRECTION('',(-1.,0.,0.));
#9817 = ADVANCED_FACE('',(#9818),#9829,.T.);
#9818 = FACE_BOUND('',#9819,.T.);
#9819 = EDGE_LOOP('',(#9820,#9826,#9827,#9828));
#9820 = ORIENTED_EDGE('',*,*,#9821,.T.);
#9821 = EDGE_CURVE('',#8701,#8551,#9822,.T.);
#9822 = LINE('',#9823,#9824);
#9823 = CARTESIAN_POINT('',(6.162230377286,-0.35,-2.459232075714));
#9824 = VECTOR('',#9825,1.);
#9825 = DIRECTION('',(0.,1.,3.330669073875E-16));
#9826 = ORIENTED_EDGE('',*,*,#8550,.T.);
#9827 = ORIENTED_EDGE('',*,*,#9788,.F.);
#9828 = ORIENTED_EDGE('',*,*,#8700,.F.);
#9829 = CYLINDRICAL_SURFACE('',#9830,0.29);
#9830 = AXIS2_PLACEMENT_3D('',#9831,#9832,#9833);
#9831 = CARTESIAN_POINT('',(6.44,-0.35,-2.542562962528));
#9832 = DIRECTION('',(0.,1.,3.330669073875E-16));
#9833 = DIRECTION('',(-0.957826285221,-9.570607158983E-17,0.287347885566
    ));
#9834 = ADVANCED_FACE('',(#9835),#9846,.F.);
#9835 = FACE_BOUND('',#9836,.F.);
#9836 = EDGE_LOOP('',(#9837,#9838,#9844,#9845));
#9837 = ORIENTED_EDGE('',*,*,#8726,.F.);
#9838 = ORIENTED_EDGE('',*,*,#9839,.T.);
#9839 = EDGE_CURVE('',#8718,#8568,#9840,.T.);
#9840 = LINE('',#9841,#9842);
#9841 = CARTESIAN_POINT('',(6.425000733956,-0.35,-1.416669113186));
#9842 = VECTOR('',#9843,1.);
#9843 = DIRECTION('',(0.,1.,3.330669073875E-16));
#9844 = ORIENTED_EDGE('',*,*,#8576,.T.);
#9845 = ORIENTED_EDGE('',*,*,#9806,.F.);
#9846 = PLANE('',#9847);
#9847 = AXIS2_PLACEMENT_3D('',#9848,#9849,#9850);
#9848 = CARTESIAN_POINT('',(6.45,-0.35,-1.5));
#9849 = DIRECTION('',(0.957826285221,-9.570607158995E-17,0.287347885566)
  );
#9850 = DIRECTION('',(-0.287347885566,-5.31700397722E-16,0.957826285221)
  );
#9851 = ADVANCED_FACE('',(#9852),#9863,.F.);
#9852 = FACE_BOUND('',#9853,.F.);
#9853 = EDGE_LOOP('',(#9854,#9855,#9856,#9857));
#9854 = ORIENTED_EDGE('',*,*,#8709,.F.);
#9855 = ORIENTED_EDGE('',*,*,#9821,.T.);
#9856 = ORIENTED_EDGE('',*,*,#8559,.T.);
#9857 = ORIENTED_EDGE('',*,*,#9858,.F.);
#9858 = EDGE_CURVE('',#8710,#8560,#9859,.T.);
#9859 = LINE('',#9860,#9861);
#9860 = CARTESIAN_POINT('',(6.425000733956,-0.35,-1.583330886814));
#9861 = VECTOR('',#9862,1.);
#9862 = DIRECTION('',(0.,1.,3.330669073875E-16));
#9863 = PLANE('',#9864);
#9864 = AXIS2_PLACEMENT_3D('',#9865,#9866,#9867);
#9865 = CARTESIAN_POINT('',(6.15,-0.35,-2.5));
#9866 = DIRECTION('',(0.957826285221,9.570607158995E-17,-0.287347885566)
  );
#9867 = DIRECTION('',(0.287347885566,-5.31700397722E-16,0.957826285221)
  );
#9868 = ADVANCED_FACE('',(#9869),#9875,.F.);
#9869 = FACE_BOUND('',#9870,.F.);
#9870 = EDGE_LOOP('',(#9871,#9872,#9873,#9874));
#9871 = ORIENTED_EDGE('',*,*,#8717,.T.);
#9872 = ORIENTED_EDGE('',*,*,#9858,.T.);
#9873 = ORIENTED_EDGE('',*,*,#8567,.F.);
#9874 = ORIENTED_EDGE('',*,*,#9839,.F.);
#9875 = CYLINDRICAL_SURFACE('',#9876,0.29);
#9876 = AXIS2_PLACEMENT_3D('',#9877,#9878,#9879);
#9877 = CARTESIAN_POINT('',(6.147231111242,-0.35,-1.5));
#9878 = DIRECTION('',(0.,1.,3.330669073875E-16));
#9879 = DIRECTION('',(0.957826285221,-9.570607158983E-17,0.287347885566)
  );
#9880 = ( GEOMETRIC_REPRESENTATION_CONTEXT(3) 
GLOBAL_UNCERTAINTY_ASSIGNED_CONTEXT((#9884)) 
GLOBAL_UNIT_ASSIGNED_CONTEXT((#9881,#9882,#9883)) REPRESENTATION_CONTEXT
('Context #1','3D Context with UNIT and UNCERTAINTY') );
#9881 = ( LENGTH_UNIT() NAMED_UNIT(*) SI_UNIT(.MILLI.,.METRE.) );
#9882 = ( NAMED_UNIT(*) PLANE_ANGLE_UNIT() SI_UNIT($,.RADIAN.) );
#9883 = ( NAMED_UNIT(*) SI_UNIT($,.STERADIAN.) SOLID_ANGLE_UNIT() );
#9884 = UNCERTAINTY_MEASURE_WITH_UNIT(LENGTH_MEASURE(1.E-07),#9881,
  'distance_accuracy_value','confusion accuracy');
#9885 = CONTEXT_DEPENDENT_SHAPE_REPRESENTATION(#9886,#9888);
#9886 = ( REPRESENTATION_RELATIONSHIP('','',#6650,#10) 
REPRESENTATION_RELATIONSHIP_WITH_TRANSFORMATION(#9887) 
SHAPE_REPRESENTATION_RELATIONSHIP() );
#9887 = ITEM_DEFINED_TRANSFORMATION('','',#11,#27);
#9888 = PRODUCT_DEFINITION_SHAPE('Placement','Placement of an item',
  #9889);
#9889 = NEXT_ASSEMBLY_USAGE_OCCURRENCE('4','SW1','',#5,#6645,$);
#9890 = PRODUCT_RELATED_PRODUCT_CATEGORY('part',$,(#6647));
#9891 = SHAPE_DEFINITION_REPRESENTATION(#9892,#9898);
#9892 = PRODUCT_DEFINITION_SHAPE('','',#9893);
#9893 = PRODUCT_DEFINITION('design','',#9894,#9897);
#9894 = PRODUCT_DEFINITION_FORMATION('','',#9895);
#9895 = PRODUCT('C_0805_2012Metric','C_0805_2012Metric','',(#9896));
#9896 = PRODUCT_CONTEXT('',#2,'mechanical');
#9897 = PRODUCT_DEFINITION_CONTEXT('part definition',#2,'design');
#9898 = ADVANCED_BREP_SHAPE_REPRESENTATION('',(#11,#9899),#10753);
#9899 = MANIFOLD_SOLID_BREP('',#9900);
#9900 = CLOSED_SHELL('',(#9901,#9977,#10008,#10033,#10058,#10082,#10106,
    #10131,#10156,#10173,#10259,#10291,#10315,#10340,#10364,#10389,
    #10413,#10438,#10455,#10541,#10572,#10597,#10622,#10646,#10670,
    #10695,#10720,#10737));
#9901 = ADVANCED_FACE('',(#9902),#9972,.F.);
#9902 = FACE_BOUND('',#9903,.F.);
#9903 = EDGE_LOOP('',(#9904,#9914,#9923,#9931,#9940,#9948,#9957,#9965));
#9904 = ORIENTED_EDGE('',*,*,#9905,.F.);
#9905 = EDGE_CURVE('',#9906,#9908,#9910,.T.);
#9906 = VERTEX_POINT('',#9907);
#9907 = CARTESIAN_POINT('',(-1.,-0.625,4.E-02));
#9908 = VERTEX_POINT('',#9909);
#9909 = CARTESIAN_POINT('',(-1.,-0.625,1.21));
#9910 = LINE('',#9911,#9912);
#9911 = CARTESIAN_POINT('',(-1.,-0.625,0.));
#9912 = VECTOR('',#9913,1.);
#9913 = DIRECTION('',(0.,0.,1.));
#9914 = ORIENTED_EDGE('',*,*,#9915,.T.);
#9915 = EDGE_CURVE('',#9906,#9916,#9918,.T.);
#9916 = VERTEX_POINT('',#9917);
#9917 = CARTESIAN_POINT('',(-1.,-0.585,0.));
#9918 = CIRCLE('',#9919,4.E-02);
#9919 = AXIS2_PLACEMENT_3D('',#9920,#9921,#9922);
#9920 = CARTESIAN_POINT('',(-1.,-0.585,4.E-02));
#9921 = DIRECTION('',(1.,0.,-0.));
#9922 = DIRECTION('',(0.,0.,1.));
#9923 = ORIENTED_EDGE('',*,*,#9924,.T.);
#9924 = EDGE_CURVE('',#9916,#9925,#9927,.T.);
#9925 = VERTEX_POINT('',#9926);
#9926 = CARTESIAN_POINT('',(-1.,0.585,0.));
#9927 = LINE('',#9928,#9929);
#9928 = CARTESIAN_POINT('',(-1.,-0.625,0.));
#9929 = VECTOR('',#9930,1.);
#9930 = DIRECTION('',(0.,1.,0.));
#9931 = ORIENTED_EDGE('',*,*,#9932,.F.);
#9932 = EDGE_CURVE('',#9933,#9925,#9935,.T.);
#9933 = VERTEX_POINT('',#9934);
#9934 = CARTESIAN_POINT('',(-1.,0.625,4.E-02));
#9935 = CIRCLE('',#9936,4.E-02);
#9936 = AXIS2_PLACEMENT_3D('',#9937,#9938,#9939);
#9937 = CARTESIAN_POINT('',(-1.,0.585,4.E-02));
#9938 = DIRECTION('',(-1.,0.,0.));
#9939 = DIRECTION('',(0.,0.,1.));
#9940 = ORIENTED_EDGE('',*,*,#9941,.T.);
#9941 = EDGE_CURVE('',#9933,#9942,#9944,.T.);
#9942 = VERTEX_POINT('',#9943);
#9943 = CARTESIAN_POINT('',(-1.,0.625,1.21));
#9944 = LINE('',#9945,#9946);
#9945 = CARTESIAN_POINT('',(-1.,0.625,0.));
#9946 = VECTOR('',#9947,1.);
#9947 = DIRECTION('',(0.,0.,1.));
#9948 = ORIENTED_EDGE('',*,*,#9949,.T.);
#9949 = EDGE_CURVE('',#9942,#9950,#9952,.T.);
#9950 = VERTEX_POINT('',#9951);
#9951 = CARTESIAN_POINT('',(-1.,0.585,1.25));
#9952 = CIRCLE('',#9953,4.E-02);
#9953 = AXIS2_PLACEMENT_3D('',#9954,#9955,#9956);
#9954 = CARTESIAN_POINT('',(-1.,0.585,1.21));
#9955 = DIRECTION('',(1.,0.,-0.));
#9956 = DIRECTION('',(0.,0.,1.));
#9957 = ORIENTED_EDGE('',*,*,#9958,.F.);
#9958 = EDGE_CURVE('',#9959,#9950,#9961,.T.);
#9959 = VERTEX_POINT('',#9960);
#9960 = CARTESIAN_POINT('',(-1.,-0.585,1.25));
#9961 = LINE('',#9962,#9963);
#9962 = CARTESIAN_POINT('',(-1.,-0.625,1.25));
#9963 = VECTOR('',#9964,1.);
#9964 = DIRECTION('',(0.,1.,0.));
#9965 = ORIENTED_EDGE('',*,*,#9966,.F.);
#9966 = EDGE_CURVE('',#9908,#9959,#9967,.T.);
#9967 = CIRCLE('',#9968,4.E-02);
#9968 = AXIS2_PLACEMENT_3D('',#9969,#9970,#9971);
#9969 = CARTESIAN_POINT('',(-1.,-0.585,1.21));
#9970 = DIRECTION('',(-1.,0.,0.));
#9971 = DIRECTION('',(0.,0.,1.));
#9972 = PLANE('',#9973);
#9973 = AXIS2_PLACEMENT_3D('',#9974,#9975,#9976);
#9974 = CARTESIAN_POINT('',(-1.,-0.625,0.));
#9975 = DIRECTION('',(1.,0.,0.));
#9976 = DIRECTION('',(0.,0.,1.));
#9977 = ADVANCED_FACE('',(#9978),#10003,.F.);
#9978 = FACE_BOUND('',#9979,.F.);
#9979 = EDGE_LOOP('',(#9980,#9990,#9996,#9997));
#9980 = ORIENTED_EDGE('',*,*,#9981,.F.);
#9981 = EDGE_CURVE('',#9982,#9984,#9986,.T.);
#9982 = VERTEX_POINT('',#9983);
#9983 = CARTESIAN_POINT('',(-0.6,-0.625,4.E-02));
#9984 = VERTEX_POINT('',#9985);
#9985 = CARTESIAN_POINT('',(-0.6,-0.625,1.21));
#9986 = LINE('',#9987,#9988);
#9987 = CARTESIAN_POINT('',(-0.6,-0.625,0.));
#9988 = VECTOR('',#9989,1.);
#9989 = DIRECTION('',(0.,0.,1.));
#9990 = ORIENTED_EDGE('',*,*,#9991,.F.);
#9991 = EDGE_CURVE('',#9906,#9982,#9992,.T.);
#9992 = LINE('',#9993,#9994);
#9993 = CARTESIAN_POINT('',(-1.,-0.625,4.E-02));
#9994 = VECTOR('',#9995,1.);
#9995 = DIRECTION('',(1.,0.,0.));
#9996 = ORIENTED_EDGE('',*,*,#9905,.T.);
#9997 = ORIENTED_EDGE('',*,*,#9998,.T.);
#9998 = EDGE_CURVE('',#9908,#9984,#9999,.T.);
#9999 = LINE('',#10000,#10001);
#10000 = CARTESIAN_POINT('',(-1.,-0.625,1.21));
#10001 = VECTOR('',#10002,1.);
#10002 = DIRECTION('',(1.,0.,0.));
#10003 = PLANE('',#10004);
#10004 = AXIS2_PLACEMENT_3D('',#10005,#10006,#10007);
#10005 = CARTESIAN_POINT('',(-1.,-0.625,0.));
#10006 = DIRECTION('',(0.,1.,0.));
#10007 = DIRECTION('',(0.,-0.,1.));
#10008 = ADVANCED_FACE('',(#10009),#10028,.T.);
#10009 = FACE_BOUND('',#10010,.T.);
#10010 = EDGE_LOOP('',(#10011,#10012,#10020,#10027));
#10011 = ORIENTED_EDGE('',*,*,#9915,.T.);
#10012 = ORIENTED_EDGE('',*,*,#10013,.T.);
#10013 = EDGE_CURVE('',#9916,#10014,#10016,.T.);
#10014 = VERTEX_POINT('',#10015);
#10015 = CARTESIAN_POINT('',(-0.6,-0.585,0.));
#10016 = LINE('',#10017,#10018);
#10017 = CARTESIAN_POINT('',(-1.,-0.585,0.));
#10018 = VECTOR('',#10019,1.);
#10019 = DIRECTION('',(1.,0.,0.));
#10020 = ORIENTED_EDGE('',*,*,#10021,.F.);
#10021 = EDGE_CURVE('',#9982,#10014,#10022,.T.);
#10022 = CIRCLE('',#10023,4.E-02);
#10023 = AXIS2_PLACEMENT_3D('',#10024,#10025,#10026);
#10024 = CARTESIAN_POINT('',(-0.6,-0.585,4.E-02));
#10025 = DIRECTION('',(1.,0.,-0.));
#10026 = DIRECTION('',(0.,0.,1.));
#10027 = ORIENTED_EDGE('',*,*,#9991,.F.);
#10028 = CYLINDRICAL_SURFACE('',#10029,4.E-02);
#10029 = AXIS2_PLACEMENT_3D('',#10030,#10031,#10032);
#10030 = CARTESIAN_POINT('',(-1.,-0.585,4.E-02));
#10031 = DIRECTION('',(1.,0.,0.));
#10032 = DIRECTION('',(0.,-1.,0.));
#10033 = ADVANCED_FACE('',(#10034),#10053,.T.);
#10034 = FACE_BOUND('',#10035,.T.);
#10035 = EDGE_LOOP('',(#10036,#10037,#10046,#10052));
#10036 = ORIENTED_EDGE('',*,*,#9998,.T.);
#10037 = ORIENTED_EDGE('',*,*,#10038,.T.);
#10038 = EDGE_CURVE('',#9984,#10039,#10041,.T.);
#10039 = VERTEX_POINT('',#10040);
#10040 = CARTESIAN_POINT('',(-0.6,-0.585,1.25));
#10041 = CIRCLE('',#10042,4.E-02);
#10042 = AXIS2_PLACEMENT_3D('',#10043,#10044,#10045);
#10043 = CARTESIAN_POINT('',(-0.6,-0.585,1.21));
#10044 = DIRECTION('',(-1.,0.,0.));
#10045 = DIRECTION('',(0.,0.,1.));
#10046 = ORIENTED_EDGE('',*,*,#10047,.F.);
#10047 = EDGE_CURVE('',#9959,#10039,#10048,.T.);
#10048 = LINE('',#10049,#10050);
#10049 = CARTESIAN_POINT('',(-1.,-0.585,1.25));
#10050 = VECTOR('',#10051,1.);
#10051 = DIRECTION('',(1.,0.,0.));
#10052 = ORIENTED_EDGE('',*,*,#9966,.F.);
#10053 = CYLINDRICAL_SURFACE('',#10054,4.E-02);
#10054 = AXIS2_PLACEMENT_3D('',#10055,#10056,#10057);
#10055 = CARTESIAN_POINT('',(-1.,-0.585,1.21));
#10056 = DIRECTION('',(1.,0.,0.));
#10057 = DIRECTION('',(0.,-1.,0.));
#10058 = ADVANCED_FACE('',(#10059),#10077,.F.);
#10059 = FACE_BOUND('',#10060,.F.);
#10060 = EDGE_LOOP('',(#10061,#10062,#10063,#10071));
#10061 = ORIENTED_EDGE('',*,*,#9924,.F.);
#10062 = ORIENTED_EDGE('',*,*,#10013,.T.);
#10063 = ORIENTED_EDGE('',*,*,#10064,.T.);
#10064 = EDGE_CURVE('',#10014,#10065,#10067,.T.);
#10065 = VERTEX_POINT('',#10066);
#10066 = CARTESIAN_POINT('',(-0.6,0.585,0.));
#10067 = LINE('',#10068,#10069);
#10068 = CARTESIAN_POINT('',(-0.6,-0.625,0.));
#10069 = VECTOR('',#10070,1.);
#10070 = DIRECTION('',(0.,1.,0.));
#10071 = ORIENTED_EDGE('',*,*,#10072,.F.);
#10072 = EDGE_CURVE('',#9925,#10065,#10073,.T.);
#10073 = LINE('',#10074,#10075);
#10074 = CARTESIAN_POINT('',(-1.,0.585,0.));
#10075 = VECTOR('',#10076,1.);
#10076 = DIRECTION('',(1.,0.,0.));
#10077 = PLANE('',#10078);
#10078 = AXIS2_PLACEMENT_3D('',#10079,#10080,#10081);
#10079 = CARTESIAN_POINT('',(-1.,-0.625,0.));
#10080 = DIRECTION('',(0.,0.,1.));
#10081 = DIRECTION('',(1.,0.,-0.));
#10082 = ADVANCED_FACE('',(#10083),#10101,.T.);
#10083 = FACE_BOUND('',#10084,.T.);
#10084 = EDGE_LOOP('',(#10085,#10086,#10087,#10095));
#10085 = ORIENTED_EDGE('',*,*,#9958,.F.);
#10086 = ORIENTED_EDGE('',*,*,#10047,.T.);
#10087 = ORIENTED_EDGE('',*,*,#10088,.T.);
#10088 = EDGE_CURVE('',#10039,#10089,#10091,.T.);
#10089 = VERTEX_POINT('',#10090);
#10090 = CARTESIAN_POINT('',(-0.6,0.585,1.25));
#10091 = LINE('',#10092,#10093);
#10092 = CARTESIAN_POINT('',(-0.6,-0.625,1.25));
#10093 = VECTOR('',#10094,1.);
#10094 = DIRECTION('',(0.,1.,0.));
#10095 = ORIENTED_EDGE('',*,*,#10096,.F.);
#10096 = EDGE_CURVE('',#9950,#10089,#10097,.T.);
#10097 = LINE('',#10098,#10099);
#10098 = CARTESIAN_POINT('',(-1.,0.585,1.25));
#10099 = VECTOR('',#10100,1.);
#10100 = DIRECTION('',(1.,0.,0.));
#10101 = PLANE('',#10102);
#10102 = AXIS2_PLACEMENT_3D('',#10103,#10104,#10105);
#10103 = CARTESIAN_POINT('',(-1.,-0.625,1.25));
#10104 = DIRECTION('',(0.,0.,1.));
#10105 = DIRECTION('',(1.,0.,-0.));
#10106 = ADVANCED_FACE('',(#10107),#10126,.T.);
#10107 = FACE_BOUND('',#10108,.T.);
#10108 = EDGE_LOOP('',(#10109,#10117,#10124,#10125));
#10109 = ORIENTED_EDGE('',*,*,#10110,.T.);
#10110 = EDGE_CURVE('',#9933,#10111,#10113,.T.);
#10111 = VERTEX_POINT('',#10112);
#10112 = CARTESIAN_POINT('',(-0.6,0.625,4.E-02));
#10113 = LINE('',#10114,#10115);
#10114 = CARTESIAN_POINT('',(-1.,0.625,4.E-02));
#10115 = VECTOR('',#10116,1.);
#10116 = DIRECTION('',(1.,0.,0.));
#10117 = ORIENTED_EDGE('',*,*,#10118,.T.);
#10118 = EDGE_CURVE('',#10111,#10065,#10119,.T.);
#10119 = CIRCLE('',#10120,4.E-02);
#10120 = AXIS2_PLACEMENT_3D('',#10121,#10122,#10123);
#10121 = CARTESIAN_POINT('',(-0.6,0.585,4.E-02));
#10122 = DIRECTION('',(-1.,0.,0.));
#10123 = DIRECTION('',(0.,0.,1.));
#10124 = ORIENTED_EDGE('',*,*,#10072,.F.);
#10125 = ORIENTED_EDGE('',*,*,#9932,.F.);
#10126 = CYLINDRICAL_SURFACE('',#10127,4.E-02);
#10127 = AXIS2_PLACEMENT_3D('',#10128,#10129,#10130);
#10128 = CARTESIAN_POINT('',(-1.,0.585,4.E-02));
#10129 = DIRECTION('',(1.,0.,0.));
#10130 = DIRECTION('',(-0.,1.,0.));
#10131 = ADVANCED_FACE('',(#10132),#10151,.T.);
#10132 = FACE_BOUND('',#10133,.T.);
#10133 = EDGE_LOOP('',(#10134,#10135,#10136,#10145));
#10134 = ORIENTED_EDGE('',*,*,#9949,.T.);
#10135 = ORIENTED_EDGE('',*,*,#10096,.T.);
#10136 = ORIENTED_EDGE('',*,*,#10137,.F.);
#10137 = EDGE_CURVE('',#10138,#10089,#10140,.T.);
#10138 = VERTEX_POINT('',#10139);
#10139 = CARTESIAN_POINT('',(-0.6,0.625,1.21));
#10140 = CIRCLE('',#10141,4.E-02);
#10141 = AXIS2_PLACEMENT_3D('',#10142,#10143,#10144);
#10142 = CARTESIAN_POINT('',(-0.6,0.585,1.21));
#10143 = DIRECTION('',(1.,0.,-0.));
#10144 = DIRECTION('',(0.,0.,1.));
#10145 = ORIENTED_EDGE('',*,*,#10146,.F.);
#10146 = EDGE_CURVE('',#9942,#10138,#10147,.T.);
#10147 = LINE('',#10148,#10149);
#10148 = CARTESIAN_POINT('',(-1.,0.625,1.21));
#10149 = VECTOR('',#10150,1.);
#10150 = DIRECTION('',(1.,0.,0.));
#10151 = CYLINDRICAL_SURFACE('',#10152,4.E-02);
#10152 = AXIS2_PLACEMENT_3D('',#10153,#10154,#10155);
#10153 = CARTESIAN_POINT('',(-1.,0.585,1.21));
#10154 = DIRECTION('',(1.,0.,0.));
#10155 = DIRECTION('',(-0.,1.,0.));
#10156 = ADVANCED_FACE('',(#10157),#10168,.T.);
#10157 = FACE_BOUND('',#10158,.T.);
#10158 = EDGE_LOOP('',(#10159,#10165,#10166,#10167));
#10159 = ORIENTED_EDGE('',*,*,#10160,.F.);
#10160 = EDGE_CURVE('',#10111,#10138,#10161,.T.);
#10161 = LINE('',#10162,#10163);
#10162 = CARTESIAN_POINT('',(-0.6,0.625,0.));
#10163 = VECTOR('',#10164,1.);
#10164 = DIRECTION('',(0.,0.,1.));
#10165 = ORIENTED_EDGE('',*,*,#10110,.F.);
#10166 = ORIENTED_EDGE('',*,*,#9941,.T.);
#10167 = ORIENTED_EDGE('',*,*,#10146,.T.);
#10168 = PLANE('',#10169);
#10169 = AXIS2_PLACEMENT_3D('',#10170,#10171,#10172);
#10170 = CARTESIAN_POINT('',(-1.,0.625,0.));
#10171 = DIRECTION('',(0.,1.,0.));
#10172 = DIRECTION('',(0.,-0.,1.));
#10173 = ADVANCED_FACE('',(#10174,#10184),#10254,.T.);
#10174 = FACE_BOUND('',#10175,.T.);
#10175 = EDGE_LOOP('',(#10176,#10177,#10178,#10179,#10180,#10181,#10182,
    #10183));
#10176 = ORIENTED_EDGE('',*,*,#9981,.F.);
#10177 = ORIENTED_EDGE('',*,*,#10021,.T.);
#10178 = ORIENTED_EDGE('',*,*,#10064,.T.);
#10179 = ORIENTED_EDGE('',*,*,#10118,.F.);
#10180 = ORIENTED_EDGE('',*,*,#10160,.T.);
#10181 = ORIENTED_EDGE('',*,*,#10137,.T.);
#10182 = ORIENTED_EDGE('',*,*,#10088,.F.);
#10183 = ORIENTED_EDGE('',*,*,#10038,.F.);
#10184 = FACE_BOUND('',#10185,.T.);
#10185 = EDGE_LOOP('',(#10186,#10197,#10205,#10214,#10222,#10231,#10239,
    #10248));
#10186 = ORIENTED_EDGE('',*,*,#10187,.F.);
#10187 = EDGE_CURVE('',#10188,#10190,#10192,.T.);
#10188 = VERTEX_POINT('',#10189);
#10189 = CARTESIAN_POINT('',(-0.6,-0.585,8.E-02));
#10190 = VERTEX_POINT('',#10191);
#10191 = CARTESIAN_POINT('',(-0.6,-0.545,4.E-02));
#10192 = CIRCLE('',#10193,4.E-02);
#10193 = AXIS2_PLACEMENT_3D('',#10194,#10195,#10196);
#10194 = CARTESIAN_POINT('',(-0.6,-0.545,8.E-02));
#10195 = DIRECTION('',(1.,0.,-0.));
#10196 = DIRECTION('',(0.,0.,1.));
#10197 = ORIENTED_EDGE('',*,*,#10198,.T.);
#10198 = EDGE_CURVE('',#10188,#10199,#10201,.T.);
#10199 = VERTEX_POINT('',#10200);
#10200 = CARTESIAN_POINT('',(-0.6,-0.585,1.17));
#10201 = LINE('',#10202,#10203);
#10202 = CARTESIAN_POINT('',(-0.6,-0.585,4.E-02));
#10203 = VECTOR('',#10204,1.);
#10204 = DIRECTION('',(0.,0.,1.));
#10205 = ORIENTED_EDGE('',*,*,#10206,.T.);
#10206 = EDGE_CURVE('',#10199,#10207,#10209,.T.);
#10207 = VERTEX_POINT('',#10208);
#10208 = CARTESIAN_POINT('',(-0.6,-0.545,1.21));
#10209 = CIRCLE('',#10210,4.E-02);
#10210 = AXIS2_PLACEMENT_3D('',#10211,#10212,#10213);
#10211 = CARTESIAN_POINT('',(-0.6,-0.545,1.17));
#10212 = DIRECTION('',(-1.,0.,0.));
#10213 = DIRECTION('',(0.,0.,1.));
#10214 = ORIENTED_EDGE('',*,*,#10215,.T.);
#10215 = EDGE_CURVE('',#10207,#10216,#10218,.T.);
#10216 = VERTEX_POINT('',#10217);
#10217 = CARTESIAN_POINT('',(-0.6,0.545,1.21));
#10218 = LINE('',#10219,#10220);
#10219 = CARTESIAN_POINT('',(-0.6,-0.585,1.21));
#10220 = VECTOR('',#10221,1.);
#10221 = DIRECTION('',(0.,1.,0.));
#10222 = ORIENTED_EDGE('',*,*,#10223,.F.);
#10223 = EDGE_CURVE('',#10224,#10216,#10226,.T.);
#10224 = VERTEX_POINT('',#10225);
#10225 = CARTESIAN_POINT('',(-0.6,0.585,1.17));
#10226 = CIRCLE('',#10227,4.E-02);
#10227 = AXIS2_PLACEMENT_3D('',#10228,#10229,#10230);
#10228 = CARTESIAN_POINT('',(-0.6,0.545,1.17));
#10229 = DIRECTION('',(1.,0.,-0.));
#10230 = DIRECTION('',(0.,0.,1.));
#10231 = ORIENTED_EDGE('',*,*,#10232,.F.);
#10232 = EDGE_CURVE('',#10233,#10224,#10235,.T.);
#10233 = VERTEX_POINT('',#10234);
#10234 = CARTESIAN_POINT('',(-0.6,0.585,8.E-02));
#10235 = LINE('',#10236,#10237);
#10236 = CARTESIAN_POINT('',(-0.6,0.585,4.E-02));
#10237 = VECTOR('',#10238,1.);
#10238 = DIRECTION('',(0.,0.,1.));
#10239 = ORIENTED_EDGE('',*,*,#10240,.T.);
#10240 = EDGE_CURVE('',#10233,#10241,#10243,.T.);
#10241 = VERTEX_POINT('',#10242);
#10242 = CARTESIAN_POINT('',(-0.6,0.545,4.E-02));
#10243 = CIRCLE('',#10244,4.E-02);
#10244 = AXIS2_PLACEMENT_3D('',#10245,#10246,#10247);
#10245 = CARTESIAN_POINT('',(-0.6,0.545,8.E-02));
#10246 = DIRECTION('',(-1.,0.,0.));
#10247 = DIRECTION('',(0.,0.,1.));
#10248 = ORIENTED_EDGE('',*,*,#10249,.F.);
#10249 = EDGE_CURVE('',#10190,#10241,#10250,.T.);
#10250 = LINE('',#10251,#10252);
#10251 = CARTESIAN_POINT('',(-0.6,-0.585,4.E-02));
#10252 = VECTOR('',#10253,1.);
#10253 = DIRECTION('',(0.,1.,0.));
#10254 = PLANE('',#10255);
#10255 = AXIS2_PLACEMENT_3D('',#10256,#10257,#10258);
#10256 = CARTESIAN_POINT('',(-0.6,-0.625,0.));
#10257 = DIRECTION('',(1.,0.,0.));
#10258 = DIRECTION('',(0.,0.,1.));
#10259 = ADVANCED_FACE('',(#10260),#10286,.T.);
#10260 = FACE_BOUND('',#10261,.T.);
#10261 = EDGE_LOOP('',(#10262,#10263,#10271,#10280));
#10262 = ORIENTED_EDGE('',*,*,#10187,.T.);
#10263 = ORIENTED_EDGE('',*,*,#10264,.T.);
#10264 = EDGE_CURVE('',#10190,#10265,#10267,.T.);
#10265 = VERTEX_POINT('',#10266);
#10266 = CARTESIAN_POINT('',(0.6,-0.545,4.E-02));
#10267 = LINE('',#10268,#10269);
#10268 = CARTESIAN_POINT('',(-0.6,-0.545,4.E-02));
#10269 = VECTOR('',#10270,1.);
#10270 = DIRECTION('',(1.,0.,0.));
#10271 = ORIENTED_EDGE('',*,*,#10272,.F.);
#10272 = EDGE_CURVE('',#10273,#10265,#10275,.T.);
#10273 = VERTEX_POINT('',#10274);
#10274 = CARTESIAN_POINT('',(0.6,-0.585,8.E-02));
#10275 = CIRCLE('',#10276,4.E-02);
#10276 = AXIS2_PLACEMENT_3D('',#10277,#10278,#10279);
#10277 = CARTESIAN_POINT('',(0.6,-0.545,8.E-02));
#10278 = DIRECTION('',(1.,0.,-0.));
#10279 = DIRECTION('',(0.,0.,1.));
#10280 = ORIENTED_EDGE('',*,*,#10281,.F.);
#10281 = EDGE_CURVE('',#10188,#10273,#10282,.T.);
#10282 = LINE('',#10283,#10284);
#10283 = CARTESIAN_POINT('',(-0.6,-0.585,8.E-02));
#10284 = VECTOR('',#10285,1.);
#10285 = DIRECTION('',(1.,0.,0.));
#10286 = CYLINDRICAL_SURFACE('',#10287,4.E-02);
#10287 = AXIS2_PLACEMENT_3D('',#10288,#10289,#10290);
#10288 = CARTESIAN_POINT('',(-0.6,-0.545,8.E-02));
#10289 = DIRECTION('',(1.,0.,0.));
#10290 = DIRECTION('',(0.,-1.,0.));
#10291 = ADVANCED_FACE('',(#10292),#10310,.F.);
#10292 = FACE_BOUND('',#10293,.F.);
#10293 = EDGE_LOOP('',(#10294,#10295,#10296,#10304));
#10294 = ORIENTED_EDGE('',*,*,#10249,.F.);
#10295 = ORIENTED_EDGE('',*,*,#10264,.T.);
#10296 = ORIENTED_EDGE('',*,*,#10297,.T.);
#10297 = EDGE_CURVE('',#10265,#10298,#10300,.T.);
#10298 = VERTEX_POINT('',#10299);
#10299 = CARTESIAN_POINT('',(0.6,0.545,4.E-02));
#10300 = LINE('',#10301,#10302);
#10301 = CARTESIAN_POINT('',(0.6,-0.585,4.E-02));
#10302 = VECTOR('',#10303,1.);
#10303 = DIRECTION('',(0.,1.,0.));
#10304 = ORIENTED_EDGE('',*,*,#10305,.F.);
#10305 = EDGE_CURVE('',#10241,#10298,#10306,.T.);
#10306 = LINE('',#10307,#10308);
#10307 = CARTESIAN_POINT('',(-0.6,0.545,4.E-02));
#10308 = VECTOR('',#10309,1.);
#10309 = DIRECTION('',(1.,0.,0.));
#10310 = PLANE('',#10311);
#10311 = AXIS2_PLACEMENT_3D('',#10312,#10313,#10314);
#10312 = CARTESIAN_POINT('',(-0.6,-0.585,4.E-02));
#10313 = DIRECTION('',(0.,0.,1.));
#10314 = DIRECTION('',(1.,0.,-0.));
#10315 = ADVANCED_FACE('',(#10316),#10335,.T.);
#10316 = FACE_BOUND('',#10317,.T.);
#10317 = EDGE_LOOP('',(#10318,#10326,#10333,#10334));
#10318 = ORIENTED_EDGE('',*,*,#10319,.T.);
#10319 = EDGE_CURVE('',#10233,#10320,#10322,.T.);
#10320 = VERTEX_POINT('',#10321);
#10321 = CARTESIAN_POINT('',(0.6,0.585,8.E-02));
#10322 = LINE('',#10323,#10324);
#10323 = CARTESIAN_POINT('',(-0.6,0.585,8.E-02));
#10324 = VECTOR('',#10325,1.);
#10325 = DIRECTION('',(1.,0.,0.));
#10326 = ORIENTED_EDGE('',*,*,#10327,.T.);
#10327 = EDGE_CURVE('',#10320,#10298,#10328,.T.);
#10328 = CIRCLE('',#10329,4.E-02);
#10329 = AXIS2_PLACEMENT_3D('',#10330,#10331,#10332);
#10330 = CARTESIAN_POINT('',(0.6,0.545,8.E-02));
#10331 = DIRECTION('',(-1.,0.,0.));
#10332 = DIRECTION('',(0.,0.,1.));
#10333 = ORIENTED_EDGE('',*,*,#10305,.F.);
#10334 = ORIENTED_EDGE('',*,*,#10240,.F.);
#10335 = CYLINDRICAL_SURFACE('',#10336,4.E-02);
#10336 = AXIS2_PLACEMENT_3D('',#10337,#10338,#10339);
#10337 = CARTESIAN_POINT('',(-0.6,0.545,8.E-02));
#10338 = DIRECTION('',(1.,0.,0.));
#10339 = DIRECTION('',(-0.,1.,0.));
#10340 = ADVANCED_FACE('',(#10341),#10359,.T.);
#10341 = FACE_BOUND('',#10342,.T.);
#10342 = EDGE_LOOP('',(#10343,#10351,#10352,#10353));
#10343 = ORIENTED_EDGE('',*,*,#10344,.F.);
#10344 = EDGE_CURVE('',#10320,#10345,#10347,.T.);
#10345 = VERTEX_POINT('',#10346);
#10346 = CARTESIAN_POINT('',(0.6,0.585,1.17));
#10347 = LINE('',#10348,#10349);
#10348 = CARTESIAN_POINT('',(0.6,0.585,4.E-02));
#10349 = VECTOR('',#10350,1.);
#10350 = DIRECTION('',(0.,0.,1.));
#10351 = ORIENTED_EDGE('',*,*,#10319,.F.);
#10352 = ORIENTED_EDGE('',*,*,#10232,.T.);
#10353 = ORIENTED_EDGE('',*,*,#10354,.T.);
#10354 = EDGE_CURVE('',#10224,#10345,#10355,.T.);
#10355 = LINE('',#10356,#10357);
#10356 = CARTESIAN_POINT('',(-0.6,0.585,1.17));
#10357 = VECTOR('',#10358,1.);
#10358 = DIRECTION('',(1.,0.,0.));
#10359 = PLANE('',#10360);
#10360 = AXIS2_PLACEMENT_3D('',#10361,#10362,#10363);
#10361 = CARTESIAN_POINT('',(-0.6,0.585,4.E-02));
#10362 = DIRECTION('',(0.,1.,0.));
#10363 = DIRECTION('',(0.,-0.,1.));
#10364 = ADVANCED_FACE('',(#10365),#10384,.T.);
#10365 = FACE_BOUND('',#10366,.T.);
#10366 = EDGE_LOOP('',(#10367,#10368,#10376,#10383));
#10367 = ORIENTED_EDGE('',*,*,#10223,.T.);
#10368 = ORIENTED_EDGE('',*,*,#10369,.T.);
#10369 = EDGE_CURVE('',#10216,#10370,#10372,.T.);
#10370 = VERTEX_POINT('',#10371);
#10371 = CARTESIAN_POINT('',(0.6,0.545,1.21));
#10372 = LINE('',#10373,#10374);
#10373 = CARTESIAN_POINT('',(-0.6,0.545,1.21));
#10374 = VECTOR('',#10375,1.);
#10375 = DIRECTION('',(1.,0.,0.));
#10376 = ORIENTED_EDGE('',*,*,#10377,.F.);
#10377 = EDGE_CURVE('',#10345,#10370,#10378,.T.);
#10378 = CIRCLE('',#10379,4.E-02);
#10379 = AXIS2_PLACEMENT_3D('',#10380,#10381,#10382);
#10380 = CARTESIAN_POINT('',(0.6,0.545,1.17));
#10381 = DIRECTION('',(1.,0.,-0.));
#10382 = DIRECTION('',(0.,0.,1.));
#10383 = ORIENTED_EDGE('',*,*,#10354,.F.);
#10384 = CYLINDRICAL_SURFACE('',#10385,4.E-02);
#10385 = AXIS2_PLACEMENT_3D('',#10386,#10387,#10388);
#10386 = CARTESIAN_POINT('',(-0.6,0.545,1.17));
#10387 = DIRECTION('',(1.,0.,0.));
#10388 = DIRECTION('',(-0.,1.,0.));
#10389 = ADVANCED_FACE('',(#10390),#10408,.T.);
#10390 = FACE_BOUND('',#10391,.T.);
#10391 = EDGE_LOOP('',(#10392,#10393,#10401,#10407));
#10392 = ORIENTED_EDGE('',*,*,#10215,.F.);
#10393 = ORIENTED_EDGE('',*,*,#10394,.T.);
#10394 = EDGE_CURVE('',#10207,#10395,#10397,.T.);
#10395 = VERTEX_POINT('',#10396);
#10396 = CARTESIAN_POINT('',(0.6,-0.545,1.21));
#10397 = LINE('',#10398,#10399);
#10398 = CARTESIAN_POINT('',(-0.6,-0.545,1.21));
#10399 = VECTOR('',#10400,1.);
#10400 = DIRECTION('',(1.,0.,0.));
#10401 = ORIENTED_EDGE('',*,*,#10402,.T.);
#10402 = EDGE_CURVE('',#10395,#10370,#10403,.T.);
#10403 = LINE('',#10404,#10405);
#10404 = CARTESIAN_POINT('',(0.6,-0.585,1.21));
#10405 = VECTOR('',#10406,1.);
#10406 = DIRECTION('',(0.,1.,0.));
#10407 = ORIENTED_EDGE('',*,*,#10369,.F.);
#10408 = PLANE('',#10409);
#10409 = AXIS2_PLACEMENT_3D('',#10410,#10411,#10412);
#10410 = CARTESIAN_POINT('',(-0.6,-0.585,1.21));
#10411 = DIRECTION('',(0.,0.,1.));
#10412 = DIRECTION('',(1.,0.,-0.));
#10413 = ADVANCED_FACE('',(#10414),#10433,.T.);
#10414 = FACE_BOUND('',#10415,.T.);
#10415 = EDGE_LOOP('',(#10416,#10424,#10431,#10432));
#10416 = ORIENTED_EDGE('',*,*,#10417,.T.);
#10417 = EDGE_CURVE('',#10199,#10418,#10420,.T.);
#10418 = VERTEX_POINT('',#10419);
#10419 = CARTESIAN_POINT('',(0.6,-0.585,1.17));
#10420 = LINE('',#10421,#10422);
#10421 = CARTESIAN_POINT('',(-0.6,-0.585,1.17));
#10422 = VECTOR('',#10423,1.);
#10423 = DIRECTION('',(1.,0.,0.));
#10424 = ORIENTED_EDGE('',*,*,#10425,.T.);
#10425 = EDGE_CURVE('',#10418,#10395,#10426,.T.);
#10426 = CIRCLE('',#10427,4.E-02);
#10427 = AXIS2_PLACEMENT_3D('',#10428,#10429,#10430);
#10428 = CARTESIAN_POINT('',(0.6,-0.545,1.17));
#10429 = DIRECTION('',(-1.,0.,0.));
#10430 = DIRECTION('',(0.,0.,1.));
#10431 = ORIENTED_EDGE('',*,*,#10394,.F.);
#10432 = ORIENTED_EDGE('',*,*,#10206,.F.);
#10433 = CYLINDRICAL_SURFACE('',#10434,4.E-02);
#10434 = AXIS2_PLACEMENT_3D('',#10435,#10436,#10437);
#10435 = CARTESIAN_POINT('',(-0.6,-0.545,1.17));
#10436 = DIRECTION('',(1.,0.,0.));
#10437 = DIRECTION('',(0.,-1.,0.));
#10438 = ADVANCED_FACE('',(#10439),#10450,.F.);
#10439 = FACE_BOUND('',#10440,.F.);
#10440 = EDGE_LOOP('',(#10441,#10447,#10448,#10449));
#10441 = ORIENTED_EDGE('',*,*,#10442,.F.);
#10442 = EDGE_CURVE('',#10273,#10418,#10443,.T.);
#10443 = LINE('',#10444,#10445);
#10444 = CARTESIAN_POINT('',(0.6,-0.585,4.E-02));
#10445 = VECTOR('',#10446,1.);
#10446 = DIRECTION('',(0.,0.,1.));
#10447 = ORIENTED_EDGE('',*,*,#10281,.F.);
#10448 = ORIENTED_EDGE('',*,*,#10198,.T.);
#10449 = ORIENTED_EDGE('',*,*,#10417,.T.);
#10450 = PLANE('',#10451);
#10451 = AXIS2_PLACEMENT_3D('',#10452,#10453,#10454);
#10452 = CARTESIAN_POINT('',(-0.6,-0.585,4.E-02));
#10453 = DIRECTION('',(0.,1.,0.));
#10454 = DIRECTION('',(0.,-0.,1.));
#10455 = ADVANCED_FACE('',(#10456,#10526),#10536,.F.);
#10456 = FACE_BOUND('',#10457,.F.);
#10457 = EDGE_LOOP('',(#10458,#10468,#10477,#10485,#10494,#10502,#10511,
    #10519));
#10458 = ORIENTED_EDGE('',*,*,#10459,.F.);
#10459 = EDGE_CURVE('',#10460,#10462,#10464,.T.);
#10460 = VERTEX_POINT('',#10461);
#10461 = CARTESIAN_POINT('',(0.6,-0.625,4.E-02));
#10462 = VERTEX_POINT('',#10463);
#10463 = CARTESIAN_POINT('',(0.6,-0.625,1.21));
#10464 = LINE('',#10465,#10466);
#10465 = CARTESIAN_POINT('',(0.6,-0.625,0.));
#10466 = VECTOR('',#10467,1.);
#10467 = DIRECTION('',(0.,0.,1.));
#10468 = ORIENTED_EDGE('',*,*,#10469,.T.);
#10469 = EDGE_CURVE('',#10460,#10470,#10472,.T.);
#10470 = VERTEX_POINT('',#10471);
#10471 = CARTESIAN_POINT('',(0.6,-0.585,0.));
#10472 = CIRCLE('',#10473,4.E-02);
#10473 = AXIS2_PLACEMENT_3D('',#10474,#10475,#10476);
#10474 = CARTESIAN_POINT('',(0.6,-0.585,4.E-02));
#10475 = DIRECTION('',(1.,0.,-0.));
#10476 = DIRECTION('',(0.,0.,1.));
#10477 = ORIENTED_EDGE('',*,*,#10478,.T.);
#10478 = EDGE_CURVE('',#10470,#10479,#10481,.T.);
#10479 = VERTEX_POINT('',#10480);
#10480 = CARTESIAN_POINT('',(0.6,0.585,0.));
#10481 = LINE('',#10482,#10483);
#10482 = CARTESIAN_POINT('',(0.6,-0.625,0.));
#10483 = VECTOR('',#10484,1.);
#10484 = DIRECTION('',(0.,1.,0.));
#10485 = ORIENTED_EDGE('',*,*,#10486,.F.);
#10486 = EDGE_CURVE('',#10487,#10479,#10489,.T.);
#10487 = VERTEX_POINT('',#10488);
#10488 = CARTESIAN_POINT('',(0.6,0.625,4.E-02));
#10489 = CIRCLE('',#10490,4.E-02);
#10490 = AXIS2_PLACEMENT_3D('',#10491,#10492,#10493);
#10491 = CARTESIAN_POINT('',(0.6,0.585,4.E-02));
#10492 = DIRECTION('',(-1.,0.,0.));
#10493 = DIRECTION('',(0.,0.,1.));
#10494 = ORIENTED_EDGE('',*,*,#10495,.T.);
#10495 = EDGE_CURVE('',#10487,#10496,#10498,.T.);
#10496 = VERTEX_POINT('',#10497);
#10497 = CARTESIAN_POINT('',(0.6,0.625,1.21));
#10498 = LINE('',#10499,#10500);
#10499 = CARTESIAN_POINT('',(0.6,0.625,0.));
#10500 = VECTOR('',#10501,1.);
#10501 = DIRECTION('',(0.,0.,1.));
#10502 = ORIENTED_EDGE('',*,*,#10503,.T.);
#10503 = EDGE_CURVE('',#10496,#10504,#10506,.T.);
#10504 = VERTEX_POINT('',#10505);
#10505 = CARTESIAN_POINT('',(0.6,0.585,1.25));
#10506 = CIRCLE('',#10507,4.E-02);
#10507 = AXIS2_PLACEMENT_3D('',#10508,#10509,#10510);
#10508 = CARTESIAN_POINT('',(0.6,0.585,1.21));
#10509 = DIRECTION('',(1.,0.,-0.));
#10510 = DIRECTION('',(0.,0.,1.));
#10511 = ORIENTED_EDGE('',*,*,#10512,.F.);
#10512 = EDGE_CURVE('',#10513,#10504,#10515,.T.);
#10513 = VERTEX_POINT('',#10514);
#10514 = CARTESIAN_POINT('',(0.6,-0.585,1.25));
#10515 = LINE('',#10516,#10517);
#10516 = CARTESIAN_POINT('',(0.6,-0.625,1.25));
#10517 = VECTOR('',#10518,1.);
#10518 = DIRECTION('',(0.,1.,0.));
#10519 = ORIENTED_EDGE('',*,*,#10520,.F.);
#10520 = EDGE_CURVE('',#10462,#10513,#10521,.T.);
#10521 = CIRCLE('',#10522,4.E-02);
#10522 = AXIS2_PLACEMENT_3D('',#10523,#10524,#10525);
#10523 = CARTESIAN_POINT('',(0.6,-0.585,1.21));
#10524 = DIRECTION('',(-1.,0.,0.));
#10525 = DIRECTION('',(0.,0.,1.));
#10526 = FACE_BOUND('',#10527,.F.);
#10527 = EDGE_LOOP('',(#10528,#10529,#10530,#10531,#10532,#10533,#10534,
    #10535));
#10528 = ORIENTED_EDGE('',*,*,#10272,.F.);
#10529 = ORIENTED_EDGE('',*,*,#10442,.T.);
#10530 = ORIENTED_EDGE('',*,*,#10425,.T.);
#10531 = ORIENTED_EDGE('',*,*,#10402,.T.);
#10532 = ORIENTED_EDGE('',*,*,#10377,.F.);
#10533 = ORIENTED_EDGE('',*,*,#10344,.F.);
#10534 = ORIENTED_EDGE('',*,*,#10327,.T.);
#10535 = ORIENTED_EDGE('',*,*,#10297,.F.);
#10536 = PLANE('',#10537);
#10537 = AXIS2_PLACEMENT_3D('',#10538,#10539,#10540);
#10538 = CARTESIAN_POINT('',(0.6,-0.625,0.));
#10539 = DIRECTION('',(1.,0.,0.));
#10540 = DIRECTION('',(0.,0.,1.));
#10541 = ADVANCED_FACE('',(#10542),#10567,.F.);
#10542 = FACE_BOUND('',#10543,.F.);
#10543 = EDGE_LOOP('',(#10544,#10554,#10560,#10561));
#10544 = ORIENTED_EDGE('',*,*,#10545,.F.);
#10545 = EDGE_CURVE('',#10546,#10548,#10550,.T.);
#10546 = VERTEX_POINT('',#10547);
#10547 = CARTESIAN_POINT('',(1.,-0.625,4.E-02));
#10548 = VERTEX_POINT('',#10549);
#10549 = CARTESIAN_POINT('',(1.,-0.625,1.21));
#10550 = LINE('',#10551,#10552);
#10551 = CARTESIAN_POINT('',(1.,-0.625,0.));
#10552 = VECTOR('',#10553,1.);
#10553 = DIRECTION('',(0.,0.,1.));
#10554 = ORIENTED_EDGE('',*,*,#10555,.F.);
#10555 = EDGE_CURVE('',#10460,#10546,#10556,.T.);
#10556 = LINE('',#10557,#10558);
#10557 = CARTESIAN_POINT('',(0.6,-0.625,4.E-02));
#10558 = VECTOR('',#10559,1.);
#10559 = DIRECTION('',(1.,0.,0.));
#10560 = ORIENTED_EDGE('',*,*,#10459,.T.);
#10561 = ORIENTED_EDGE('',*,*,#10562,.T.);
#10562 = EDGE_CURVE('',#10462,#10548,#10563,.T.);
#10563 = LINE('',#10564,#10565);
#10564 = CARTESIAN_POINT('',(0.6,-0.625,1.21));
#10565 = VECTOR('',#10566,1.);
#10566 = DIRECTION('',(1.,0.,0.));
#10567 = PLANE('',#10568);
#10568 = AXIS2_PLACEMENT_3D('',#10569,#10570,#10571);
#10569 = CARTESIAN_POINT('',(0.6,-0.625,0.));
#10570 = DIRECTION('',(0.,1.,0.));
#10571 = DIRECTION('',(0.,-0.,1.));
#10572 = ADVANCED_FACE('',(#10573),#10592,.T.);
#10573 = FACE_BOUND('',#10574,.T.);
#10574 = EDGE_LOOP('',(#10575,#10576,#10584,#10591));
#10575 = ORIENTED_EDGE('',*,*,#10469,.T.);
#10576 = ORIENTED_EDGE('',*,*,#10577,.T.);
#10577 = EDGE_CURVE('',#10470,#10578,#10580,.T.);
#10578 = VERTEX_POINT('',#10579);
#10579 = CARTESIAN_POINT('',(1.,-0.585,0.));
#10580 = LINE('',#10581,#10582);
#10581 = CARTESIAN_POINT('',(0.6,-0.585,0.));
#10582 = VECTOR('',#10583,1.);
#10583 = DIRECTION('',(1.,0.,0.));
#10584 = ORIENTED_EDGE('',*,*,#10585,.F.);
#10585 = EDGE_CURVE('',#10546,#10578,#10586,.T.);
#10586 = CIRCLE('',#10587,4.E-02);
#10587 = AXIS2_PLACEMENT_3D('',#10588,#10589,#10590);
#10588 = CARTESIAN_POINT('',(1.,-0.585,4.E-02));
#10589 = DIRECTION('',(1.,0.,-0.));
#10590 = DIRECTION('',(0.,0.,1.));
#10591 = ORIENTED_EDGE('',*,*,#10555,.F.);
#10592 = CYLINDRICAL_SURFACE('',#10593,4.E-02);
#10593 = AXIS2_PLACEMENT_3D('',#10594,#10595,#10596);
#10594 = CARTESIAN_POINT('',(0.6,-0.585,4.E-02));
#10595 = DIRECTION('',(1.,0.,0.));
#10596 = DIRECTION('',(0.,-1.,0.));
#10597 = ADVANCED_FACE('',(#10598),#10617,.T.);
#10598 = FACE_BOUND('',#10599,.T.);
#10599 = EDGE_LOOP('',(#10600,#10601,#10610,#10616));
#10600 = ORIENTED_EDGE('',*,*,#10562,.T.);
#10601 = ORIENTED_EDGE('',*,*,#10602,.T.);
#10602 = EDGE_CURVE('',#10548,#10603,#10605,.T.);
#10603 = VERTEX_POINT('',#10604);
#10604 = CARTESIAN_POINT('',(1.,-0.585,1.25));
#10605 = CIRCLE('',#10606,4.E-02);
#10606 = AXIS2_PLACEMENT_3D('',#10607,#10608,#10609);
#10607 = CARTESIAN_POINT('',(1.,-0.585,1.21));
#10608 = DIRECTION('',(-1.,0.,0.));
#10609 = DIRECTION('',(0.,0.,1.));
#10610 = ORIENTED_EDGE('',*,*,#10611,.F.);
#10611 = EDGE_CURVE('',#10513,#10603,#10612,.T.);
#10612 = LINE('',#10613,#10614);
#10613 = CARTESIAN_POINT('',(0.6,-0.585,1.25));
#10614 = VECTOR('',#10615,1.);
#10615 = DIRECTION('',(1.,0.,0.));
#10616 = ORIENTED_EDGE('',*,*,#10520,.F.);
#10617 = CYLINDRICAL_SURFACE('',#10618,4.E-02);
#10618 = AXIS2_PLACEMENT_3D('',#10619,#10620,#10621);
#10619 = CARTESIAN_POINT('',(0.6,-0.585,1.21));
#10620 = DIRECTION('',(1.,0.,0.));
#10621 = DIRECTION('',(0.,-1.,0.));
#10622 = ADVANCED_FACE('',(#10623),#10641,.F.);
#10623 = FACE_BOUND('',#10624,.F.);
#10624 = EDGE_LOOP('',(#10625,#10626,#10627,#10635));
#10625 = ORIENTED_EDGE('',*,*,#10478,.F.);
#10626 = ORIENTED_EDGE('',*,*,#10577,.T.);
#10627 = ORIENTED_EDGE('',*,*,#10628,.T.);
#10628 = EDGE_CURVE('',#10578,#10629,#10631,.T.);
#10629 = VERTEX_POINT('',#10630);
#10630 = CARTESIAN_POINT('',(1.,0.585,0.));
#10631 = LINE('',#10632,#10633);
#10632 = CARTESIAN_POINT('',(1.,-0.625,0.));
#10633 = VECTOR('',#10634,1.);
#10634 = DIRECTION('',(0.,1.,0.));
#10635 = ORIENTED_EDGE('',*,*,#10636,.F.);
#10636 = EDGE_CURVE('',#10479,#10629,#10637,.T.);
#10637 = LINE('',#10638,#10639);
#10638 = CARTESIAN_POINT('',(0.6,0.585,0.));
#10639 = VECTOR('',#10640,1.);
#10640 = DIRECTION('',(1.,0.,0.));
#10641 = PLANE('',#10642);
#10642 = AXIS2_PLACEMENT_3D('',#10643,#10644,#10645);
#10643 = CARTESIAN_POINT('',(0.6,-0.625,0.));
#10644 = DIRECTION('',(0.,0.,1.));
#10645 = DIRECTION('',(1.,0.,-0.));
#10646 = ADVANCED_FACE('',(#10647),#10665,.T.);
#10647 = FACE_BOUND('',#10648,.T.);
#10648 = EDGE_LOOP('',(#10649,#10650,#10651,#10659));
#10649 = ORIENTED_EDGE('',*,*,#10512,.F.);
#10650 = ORIENTED_EDGE('',*,*,#10611,.T.);
#10651 = ORIENTED_EDGE('',*,*,#10652,.T.);
#10652 = EDGE_CURVE('',#10603,#10653,#10655,.T.);
#10653 = VERTEX_POINT('',#10654);
#10654 = CARTESIAN_POINT('',(1.,0.585,1.25));
#10655 = LINE('',#10656,#10657);
#10656 = CARTESIAN_POINT('',(1.,-0.625,1.25));
#10657 = VECTOR('',#10658,1.);
#10658 = DIRECTION('',(0.,1.,0.));
#10659 = ORIENTED_EDGE('',*,*,#10660,.F.);
#10660 = EDGE_CURVE('',#10504,#10653,#10661,.T.);
#10661 = LINE('',#10662,#10663);
#10662 = CARTESIAN_POINT('',(0.6,0.585,1.25));
#10663 = VECTOR('',#10664,1.);
#10664 = DIRECTION('',(1.,0.,0.));
#10665 = PLANE('',#10666);
#10666 = AXIS2_PLACEMENT_3D('',#10667,#10668,#10669);
#10667 = CARTESIAN_POINT('',(0.6,-0.625,1.25));
#10668 = DIRECTION('',(0.,0.,1.));
#10669 = DIRECTION('',(1.,0.,-0.));
#10670 = ADVANCED_FACE('',(#10671),#10690,.T.);
#10671 = FACE_BOUND('',#10672,.T.);
#10672 = EDGE_LOOP('',(#10673,#10681,#10688,#10689));
#10673 = ORIENTED_EDGE('',*,*,#10674,.T.);
#10674 = EDGE_CURVE('',#10487,#10675,#10677,.T.);
#10675 = VERTEX_POINT('',#10676);
#10676 = CARTESIAN_POINT('',(1.,0.625,4.E-02));
#10677 = LINE('',#10678,#10679);
#10678 = CARTESIAN_POINT('',(0.6,0.625,4.E-02));
#10679 = VECTOR('',#10680,1.);
#10680 = DIRECTION('',(1.,0.,0.));
#10681 = ORIENTED_EDGE('',*,*,#10682,.T.);
#10682 = EDGE_CURVE('',#10675,#10629,#10683,.T.);
#10683 = CIRCLE('',#10684,4.E-02);
#10684 = AXIS2_PLACEMENT_3D('',#10685,#10686,#10687);
#10685 = CARTESIAN_POINT('',(1.,0.585,4.E-02));
#10686 = DIRECTION('',(-1.,0.,0.));
#10687 = DIRECTION('',(0.,0.,1.));
#10688 = ORIENTED_EDGE('',*,*,#10636,.F.);
#10689 = ORIENTED_EDGE('',*,*,#10486,.F.);
#10690 = CYLINDRICAL_SURFACE('',#10691,4.E-02);
#10691 = AXIS2_PLACEMENT_3D('',#10692,#10693,#10694);
#10692 = CARTESIAN_POINT('',(0.6,0.585,4.E-02));
#10693 = DIRECTION('',(1.,0.,0.));
#10694 = DIRECTION('',(-0.,1.,0.));
#10695 = ADVANCED_FACE('',(#10696),#10715,.T.);
#10696 = FACE_BOUND('',#10697,.T.);
#10697 = EDGE_LOOP('',(#10698,#10699,#10700,#10709));
#10698 = ORIENTED_EDGE('',*,*,#10503,.T.);
#10699 = ORIENTED_EDGE('',*,*,#10660,.T.);
#10700 = ORIENTED_EDGE('',*,*,#10701,.F.);
#10701 = EDGE_CURVE('',#10702,#10653,#10704,.T.);
#10702 = VERTEX_POINT('',#10703);
#10703 = CARTESIAN_POINT('',(1.,0.625,1.21));
#10704 = CIRCLE('',#10705,4.E-02);
#10705 = AXIS2_PLACEMENT_3D('',#10706,#10707,#10708);
#10706 = CARTESIAN_POINT('',(1.,0.585,1.21));
#10707 = DIRECTION('',(1.,0.,-0.));
#10708 = DIRECTION('',(0.,0.,1.));
#10709 = ORIENTED_EDGE('',*,*,#10710,.F.);
#10710 = EDGE_CURVE('',#10496,#10702,#10711,.T.);
#10711 = LINE('',#10712,#10713);
#10712 = CARTESIAN_POINT('',(0.6,0.625,1.21));
#10713 = VECTOR('',#10714,1.);
#10714 = DIRECTION('',(1.,0.,0.));
#10715 = CYLINDRICAL_SURFACE('',#10716,4.E-02);
#10716 = AXIS2_PLACEMENT_3D('',#10717,#10718,#10719);
#10717 = CARTESIAN_POINT('',(0.6,0.585,1.21));
#10718 = DIRECTION('',(1.,0.,0.));
#10719 = DIRECTION('',(-0.,1.,0.));
#10720 = ADVANCED_FACE('',(#10721),#10732,.T.);
#10721 = FACE_BOUND('',#10722,.T.);
#10722 = EDGE_LOOP('',(#10723,#10729,#10730,#10731));
#10723 = ORIENTED_EDGE('',*,*,#10724,.F.);
#10724 = EDGE_CURVE('',#10675,#10702,#10725,.T.);
#10725 = LINE('',#10726,#10727);
#10726 = CARTESIAN_POINT('',(1.,0.625,0.));
#10727 = VECTOR('',#10728,1.);
#10728 = DIRECTION('',(0.,0.,1.));
#10729 = ORIENTED_EDGE('',*,*,#10674,.F.);
#10730 = ORIENTED_EDGE('',*,*,#10495,.T.);
#10731 = ORIENTED_EDGE('',*,*,#10710,.T.);
#10732 = PLANE('',#10733);
#10733 = AXIS2_PLACEMENT_3D('',#10734,#10735,#10736);
#10734 = CARTESIAN_POINT('',(0.6,0.625,0.));
#10735 = DIRECTION('',(0.,1.,0.));
#10736 = DIRECTION('',(0.,-0.,1.));
#10737 = ADVANCED_FACE('',(#10738),#10748,.T.);
#10738 = FACE_BOUND('',#10739,.T.);
#10739 = EDGE_LOOP('',(#10740,#10741,#10742,#10743,#10744,#10745,#10746,
    #10747));
#10740 = ORIENTED_EDGE('',*,*,#10545,.F.);
#10741 = ORIENTED_EDGE('',*,*,#10585,.T.);
#10742 = ORIENTED_EDGE('',*,*,#10628,.T.);
#10743 = ORIENTED_EDGE('',*,*,#10682,.F.);
#10744 = ORIENTED_EDGE('',*,*,#10724,.T.);
#10745 = ORIENTED_EDGE('',*,*,#10701,.T.);
#10746 = ORIENTED_EDGE('',*,*,#10652,.F.);
#10747 = ORIENTED_EDGE('',*,*,#10602,.F.);
#10748 = PLANE('',#10749);
#10749 = AXIS2_PLACEMENT_3D('',#10750,#10751,#10752);
#10750 = CARTESIAN_POINT('',(1.,-0.625,0.));
#10751 = DIRECTION('',(1.,0.,0.));
#10752 = DIRECTION('',(0.,0.,1.));
#10753 = ( GEOMETRIC_REPRESENTATION_CONTEXT(3) 
GLOBAL_UNCERTAINTY_ASSIGNED_CONTEXT((#10757)) 
GLOBAL_UNIT_ASSIGNED_CONTEXT((#10754,#10755,#10756)) 
REPRESENTATION_CONTEXT('Context #1',
  '3D Context with UNIT and UNCERTAINTY') );
#10754 = ( LENGTH_UNIT() NAMED_UNIT(*) SI_UNIT(.MILLI.,.METRE.) );
#10755 = ( NAMED_UNIT(*) PLANE_ANGLE_UNIT() SI_UNIT($,.RADIAN.) );
#10756 = ( NAMED_UNIT(*) SI_UNIT($,.STERADIAN.) SOLID_ANGLE_UNIT() );
#10757 = UNCERTAINTY_MEASURE_WITH_UNIT(LENGTH_MEASURE(1.E-07),#10754,
  'distance_accuracy_value','confusion accuracy');
#10758 = CONTEXT_DEPENDENT_SHAPE_REPRESENTATION(#10759,#10761);
#10759 = ( REPRESENTATION_RELATIONSHIP('','',#9898,#10) 
REPRESENTATION_RELATIONSHIP_WITH_TRANSFORMATION(#10760) 
SHAPE_REPRESENTATION_RELATIONSHIP() );
#10760 = ITEM_DEFINED_TRANSFORMATION('','',#11,#31);
#10761 = PRODUCT_DEFINITION_SHAPE('Placement','Placement of an item',
  #10762);
#10762 = NEXT_ASSEMBLY_USAGE_OCCURRENCE('5','C2','',#5,#9893,$);
#10763 = PRODUCT_RELATED_PRODUCT_CATEGORY('part',$,(#9895));
#10764 = SHAPE_DEFINITION_REPRESENTATION(#10765,#10771);
#10765 = PRODUCT_DEFINITION_SHAPE('','',#10766);
#10766 = PRODUCT_DEFINITION('design','',#10767,#10770);
#10767 = PRODUCT_DEFINITION_FORMATION('','',#10768);
#10768 = PRODUCT('R_0805_2012Metric','R_0805_2012Metric','',(#10769));
#10769 = PRODUCT_CONTEXT('',#2,'mechanical');
#10770 = PRODUCT_DEFINITION_CONTEXT('part definition',#2,'design');
#10771 = ADVANCED_BREP_SHAPE_REPRESENTATION('',(#11,#10772),#11562);
#10772 = MANIFOLD_SOLID_BREP('',#10773);
#10773 = CLOSED_SHELL('',(#10774,#10814,#10897,#10922,#10947,#11014,
    #11031,#11048,#11097,#11114,#11131,#11180,#11197,#11266,#11297,
    #11321,#11390,#11414,#11431,#11448,#11465,#11482,#11499,#11516,
    #11533,#11550));
#10774 = ADVANCED_FACE('',(#10775),#10809,.F.);
#10775 = FACE_BOUND('',#10776,.F.);
#10776 = EDGE_LOOP('',(#10777,#10787,#10795,#10803));
#10777 = ORIENTED_EDGE('',*,*,#10778,.F.);
#10778 = EDGE_CURVE('',#10779,#10781,#10783,.T.);
#10779 = VERTEX_POINT('',#10780);
#10780 = CARTESIAN_POINT('',(-1.,-0.6,4.5E-02));
#10781 = VERTEX_POINT('',#10782);
#10782 = CARTESIAN_POINT('',(-1.,-0.6,0.405));
#10783 = LINE('',#10784,#10785);
#10784 = CARTESIAN_POINT('',(-1.,-0.6,0.));
#10785 = VECTOR('',#10786,1.);
#10786 = DIRECTION('',(0.,0.,1.));
#10787 = ORIENTED_EDGE('',*,*,#10788,.T.);
#10788 = EDGE_CURVE('',#10779,#10789,#10791,.T.);
#10789 = VERTEX_POINT('',#10790);
#10790 = CARTESIAN_POINT('',(-1.,0.6,4.5E-02));
#10791 = LINE('',#10792,#10793);
#10792 = CARTESIAN_POINT('',(-1.,-0.6,4.5E-02));
#10793 = VECTOR('',#10794,1.);
#10794 = DIRECTION('',(0.,1.,0.));
#10795 = ORIENTED_EDGE('',*,*,#10796,.T.);
#10796 = EDGE_CURVE('',#10789,#10797,#10799,.T.);
#10797 = VERTEX_POINT('',#10798);
#10798 = CARTESIAN_POINT('',(-1.,0.6,0.405));
#10799 = LINE('',#10800,#10801);
#10800 = CARTESIAN_POINT('',(-1.,0.6,0.));
#10801 = VECTOR('',#10802,1.);
#10802 = DIRECTION('',(0.,0.,1.));
#10803 = ORIENTED_EDGE('',*,*,#10804,.F.);
#10804 = EDGE_CURVE('',#10781,#10797,#10805,.T.);
#10805 = LINE('',#10806,#10807);
#10806 = CARTESIAN_POINT('',(-1.,-0.6,0.405));
#10807 = VECTOR('',#10808,1.);
#10808 = DIRECTION('',(0.,1.,0.));
#10809 = PLANE('',#10810);
#10810 = AXIS2_PLACEMENT_3D('',#10811,#10812,#10813);
#10811 = CARTESIAN_POINT('',(-1.,-0.6,0.));
#10812 = DIRECTION('',(1.,0.,0.));
#10813 = DIRECTION('',(0.,0.,1.));
#10814 = ADVANCED_FACE('',(#10815),#10892,.F.);
#10815 = FACE_BOUND('',#10816,.F.);
#10816 = EDGE_LOOP('',(#10817,#10827,#10834,#10835,#10844,#10852,#10861,
    #10869,#10877,#10885));
#10817 = ORIENTED_EDGE('',*,*,#10818,.F.);
#10818 = EDGE_CURVE('',#10819,#10821,#10823,.T.);
#10819 = VERTEX_POINT('',#10820);
#10820 = CARTESIAN_POINT('',(-0.955,-0.6,-2.775557561563E-17));
#10821 = VERTEX_POINT('',#10822);
#10822 = CARTESIAN_POINT('',(-0.745,-0.6,-2.775557561563E-17));
#10823 = LINE('',#10824,#10825);
#10824 = CARTESIAN_POINT('',(-1.,-0.6,0.));
#10825 = VECTOR('',#10826,1.);
#10826 = DIRECTION('',(1.,0.,0.));
#10827 = ORIENTED_EDGE('',*,*,#10828,.F.);
#10828 = EDGE_CURVE('',#10779,#10819,#10829,.T.);
#10829 = CIRCLE('',#10830,4.5E-02);
#10830 = AXIS2_PLACEMENT_3D('',#10831,#10832,#10833);
#10831 = CARTESIAN_POINT('',(-0.955,-0.6,4.5E-02));
#10832 = DIRECTION('',(0.,-1.,0.));
#10833 = DIRECTION('',(0.,0.,1.));
#10834 = ORIENTED_EDGE('',*,*,#10778,.T.);
#10835 = ORIENTED_EDGE('',*,*,#10836,.T.);
#10836 = EDGE_CURVE('',#10781,#10837,#10839,.T.);
#10837 = VERTEX_POINT('',#10838);
#10838 = CARTESIAN_POINT('',(-0.955,-0.6,0.45));
#10839 = CIRCLE('',#10840,4.5E-02);
#10840 = AXIS2_PLACEMENT_3D('',#10841,#10842,#10843);
#10841 = CARTESIAN_POINT('',(-0.955,-0.6,0.405));
#10842 = DIRECTION('',(0.,1.,0.));
#10843 = DIRECTION('',(0.,-0.,1.));
#10844 = ORIENTED_EDGE('',*,*,#10845,.T.);
#10845 = EDGE_CURVE('',#10837,#10846,#10848,.T.);
#10846 = VERTEX_POINT('',#10847);
#10847 = CARTESIAN_POINT('',(-0.745,-0.6,0.45));
#10848 = LINE('',#10849,#10850);
#10849 = CARTESIAN_POINT('',(-1.,-0.6,0.45));
#10850 = VECTOR('',#10851,1.);
#10851 = DIRECTION('',(1.,0.,0.));
#10852 = ORIENTED_EDGE('',*,*,#10853,.F.);
#10853 = EDGE_CURVE('',#10854,#10846,#10856,.T.);
#10854 = VERTEX_POINT('',#10855);
#10855 = CARTESIAN_POINT('',(-0.7,-0.6,0.405));
#10856 = CIRCLE('',#10857,4.5E-02);
#10857 = AXIS2_PLACEMENT_3D('',#10858,#10859,#10860);
#10858 = CARTESIAN_POINT('',(-0.745,-0.6,0.405));
#10859 = DIRECTION('',(0.,-1.,0.));
#10860 = DIRECTION('',(0.,0.,1.));
#10861 = ORIENTED_EDGE('',*,*,#10862,.F.);
#10862 = EDGE_CURVE('',#10863,#10854,#10865,.T.);
#10863 = VERTEX_POINT('',#10864);
#10864 = CARTESIAN_POINT('',(-0.955,-0.6,0.405));
#10865 = LINE('',#10866,#10867);
#10866 = CARTESIAN_POINT('',(-0.955,-0.6,0.405));
#10867 = VECTOR('',#10868,1.);
#10868 = DIRECTION('',(1.,0.,0.));
#10869 = ORIENTED_EDGE('',*,*,#10870,.F.);
#10870 = EDGE_CURVE('',#10871,#10863,#10873,.T.);
#10871 = VERTEX_POINT('',#10872);
#10872 = CARTESIAN_POINT('',(-0.955,-0.6,4.5E-02));
#10873 = LINE('',#10874,#10875);
#10874 = CARTESIAN_POINT('',(-0.955,-0.6,4.5E-02));
#10875 = VECTOR('',#10876,1.);
#10876 = DIRECTION('',(0.,0.,1.));
#10877 = ORIENTED_EDGE('',*,*,#10878,.T.);
#10878 = EDGE_CURVE('',#10871,#10879,#10881,.T.);
#10879 = VERTEX_POINT('',#10880);
#10880 = CARTESIAN_POINT('',(-0.7,-0.6,4.5E-02));
#10881 = LINE('',#10882,#10883);
#10882 = CARTESIAN_POINT('',(-0.955,-0.6,4.5E-02));
#10883 = VECTOR('',#10884,1.);
#10884 = DIRECTION('',(1.,0.,0.));
#10885 = ORIENTED_EDGE('',*,*,#10886,.T.);
#10886 = EDGE_CURVE('',#10879,#10821,#10887,.T.);
#10887 = CIRCLE('',#10888,4.5E-02);
#10888 = AXIS2_PLACEMENT_3D('',#10889,#10890,#10891);
#10889 = CARTESIAN_POINT('',(-0.745,-0.6,4.5E-02));
#10890 = DIRECTION('',(0.,1.,0.));
#10891 = DIRECTION('',(0.,-0.,1.));
#10892 = PLANE('',#10893);
#10893 = AXIS2_PLACEMENT_3D('',#10894,#10895,#10896);
#10894 = CARTESIAN_POINT('',(-1.,-0.6,0.));
#10895 = DIRECTION('',(0.,1.,0.));
#10896 = DIRECTION('',(0.,-0.,1.));
#10897 = ADVANCED_FACE('',(#10898),#10917,.T.);
#10898 = FACE_BOUND('',#10899,.T.);
#10899 = EDGE_LOOP('',(#10900,#10901,#10910,#10916));
#10900 = ORIENTED_EDGE('',*,*,#10788,.T.);
#10901 = ORIENTED_EDGE('',*,*,#10902,.T.);
#10902 = EDGE_CURVE('',#10789,#10903,#10905,.T.);
#10903 = VERTEX_POINT('',#10904);
#10904 = CARTESIAN_POINT('',(-0.955,0.6,-2.775557561563E-17));
#10905 = CIRCLE('',#10906,4.5E-02);
#10906 = AXIS2_PLACEMENT_3D('',#10907,#10908,#10909);
#10907 = CARTESIAN_POINT('',(-0.955,0.6,4.5E-02));
#10908 = DIRECTION('',(0.,-1.,0.));
#10909 = DIRECTION('',(0.,0.,1.));
#10910 = ORIENTED_EDGE('',*,*,#10911,.F.);
#10911 = EDGE_CURVE('',#10819,#10903,#10912,.T.);
#10912 = LINE('',#10913,#10914);
#10913 = CARTESIAN_POINT('',(-0.955,-0.6,-2.775557561563E-17));
#10914 = VECTOR('',#10915,1.);
#10915 = DIRECTION('',(0.,1.,0.));
#10916 = ORIENTED_EDGE('',*,*,#10828,.F.);
#10917 = CYLINDRICAL_SURFACE('',#10918,4.5E-02);
#10918 = AXIS2_PLACEMENT_3D('',#10919,#10920,#10921);
#10919 = CARTESIAN_POINT('',(-0.955,-0.6,4.5E-02));
#10920 = DIRECTION('',(0.,1.,0.));
#10921 = DIRECTION('',(-1.,0.,0.));
#10922 = ADVANCED_FACE('',(#10923),#10942,.T.);
#10923 = FACE_BOUND('',#10924,.T.);
#10924 = EDGE_LOOP('',(#10925,#10926,#10934,#10941));
#10925 = ORIENTED_EDGE('',*,*,#10836,.T.);
#10926 = ORIENTED_EDGE('',*,*,#10927,.T.);
#10927 = EDGE_CURVE('',#10837,#10928,#10930,.T.);
#10928 = VERTEX_POINT('',#10929);
#10929 = CARTESIAN_POINT('',(-0.955,0.6,0.45));
#10930 = LINE('',#10931,#10932);
#10931 = CARTESIAN_POINT('',(-0.955,-0.6,0.45));
#10932 = VECTOR('',#10933,1.);
#10933 = DIRECTION('',(0.,1.,0.));
#10934 = ORIENTED_EDGE('',*,*,#10935,.F.);
#10935 = EDGE_CURVE('',#10797,#10928,#10936,.T.);
#10936 = CIRCLE('',#10937,4.5E-02);
#10937 = AXIS2_PLACEMENT_3D('',#10938,#10939,#10940);
#10938 = CARTESIAN_POINT('',(-0.955,0.6,0.405));
#10939 = DIRECTION('',(0.,1.,0.));
#10940 = DIRECTION('',(0.,-0.,1.));
#10941 = ORIENTED_EDGE('',*,*,#10804,.F.);
#10942 = CYLINDRICAL_SURFACE('',#10943,4.5E-02);
#10943 = AXIS2_PLACEMENT_3D('',#10944,#10945,#10946);
#10944 = CARTESIAN_POINT('',(-0.955,-0.6,0.405));
#10945 = DIRECTION('',(0.,1.,0.));
#10946 = DIRECTION('',(-1.,0.,0.));
#10947 = ADVANCED_FACE('',(#10948),#11009,.T.);
#10948 = FACE_BOUND('',#10949,.T.);
#10949 = EDGE_LOOP('',(#10950,#10958,#10959,#10960,#10961,#10969,#10978,
    #10986,#10994,#11002));
#10950 = ORIENTED_EDGE('',*,*,#10951,.F.);
#10951 = EDGE_CURVE('',#10903,#10952,#10954,.T.);
#10952 = VERTEX_POINT('',#10953);
#10953 = CARTESIAN_POINT('',(-0.745,0.6,-2.775557561563E-17));
#10954 = LINE('',#10955,#10956);
#10955 = CARTESIAN_POINT('',(-1.,0.6,0.));
#10956 = VECTOR('',#10957,1.);
#10957 = DIRECTION('',(1.,0.,0.));
#10958 = ORIENTED_EDGE('',*,*,#10902,.F.);
#10959 = ORIENTED_EDGE('',*,*,#10796,.T.);
#10960 = ORIENTED_EDGE('',*,*,#10935,.T.);
#10961 = ORIENTED_EDGE('',*,*,#10962,.T.);
#10962 = EDGE_CURVE('',#10928,#10963,#10965,.T.);
#10963 = VERTEX_POINT('',#10964);
#10964 = CARTESIAN_POINT('',(-0.745,0.6,0.45));
#10965 = LINE('',#10966,#10967);
#10966 = CARTESIAN_POINT('',(-1.,0.6,0.45));
#10967 = VECTOR('',#10968,1.);
#10968 = DIRECTION('',(1.,0.,0.));
#10969 = ORIENTED_EDGE('',*,*,#10970,.F.);
#10970 = EDGE_CURVE('',#10971,#10963,#10973,.T.);
#10971 = VERTEX_POINT('',#10972);
#10972 = CARTESIAN_POINT('',(-0.7,0.6,0.405));
#10973 = CIRCLE('',#10974,4.5E-02);
#10974 = AXIS2_PLACEMENT_3D('',#10975,#10976,#10977);
#10975 = CARTESIAN_POINT('',(-0.745,0.6,0.405));
#10976 = DIRECTION('',(0.,-1.,0.));
#10977 = DIRECTION('',(0.,0.,1.));
#10978 = ORIENTED_EDGE('',*,*,#10979,.F.);
#10979 = EDGE_CURVE('',#10980,#10971,#10982,.T.);
#10980 = VERTEX_POINT('',#10981);
#10981 = CARTESIAN_POINT('',(-0.955,0.6,0.405));
#10982 = LINE('',#10983,#10984);
#10983 = CARTESIAN_POINT('',(-0.955,0.6,0.405));
#10984 = VECTOR('',#10985,1.);
#10985 = DIRECTION('',(1.,0.,0.));
#10986 = ORIENTED_EDGE('',*,*,#10987,.F.);
#10987 = EDGE_CURVE('',#10988,#10980,#10990,.T.);
#10988 = VERTEX_POINT('',#10989);
#10989 = CARTESIAN_POINT('',(-0.955,0.6,4.5E-02));
#10990 = LINE('',#10991,#10992);
#10991 = CARTESIAN_POINT('',(-0.955,0.6,4.5E-02));
#10992 = VECTOR('',#10993,1.);
#10993 = DIRECTION('',(0.,0.,1.));
#10994 = ORIENTED_EDGE('',*,*,#10995,.T.);
#10995 = EDGE_CURVE('',#10988,#10996,#10998,.T.);
#10996 = VERTEX_POINT('',#10997);
#10997 = CARTESIAN_POINT('',(-0.7,0.6,4.5E-02));
#10998 = LINE('',#10999,#11000);
#10999 = CARTESIAN_POINT('',(-0.955,0.6,4.5E-02));
#11000 = VECTOR('',#11001,1.);
#11001 = DIRECTION('',(1.,0.,0.));
#11002 = ORIENTED_EDGE('',*,*,#11003,.T.);
#11003 = EDGE_CURVE('',#10996,#10952,#11004,.T.);
#11004 = CIRCLE('',#11005,4.5E-02);
#11005 = AXIS2_PLACEMENT_3D('',#11006,#11007,#11008);
#11006 = CARTESIAN_POINT('',(-0.745,0.6,4.5E-02));
#11007 = DIRECTION('',(0.,1.,0.));
#11008 = DIRECTION('',(0.,-0.,1.));
#11009 = PLANE('',#11010);
#11010 = AXIS2_PLACEMENT_3D('',#11011,#11012,#11013);
#11011 = CARTESIAN_POINT('',(-1.,0.6,0.));
#11012 = DIRECTION('',(0.,1.,0.));
#11013 = DIRECTION('',(0.,-0.,1.));
#11014 = ADVANCED_FACE('',(#11015),#11026,.F.);
#11015 = FACE_BOUND('',#11016,.F.);
#11016 = EDGE_LOOP('',(#11017,#11018,#11019,#11020));
#11017 = ORIENTED_EDGE('',*,*,#10951,.F.);
#11018 = ORIENTED_EDGE('',*,*,#10911,.F.);
#11019 = ORIENTED_EDGE('',*,*,#10818,.T.);
#11020 = ORIENTED_EDGE('',*,*,#11021,.T.);
#11021 = EDGE_CURVE('',#10821,#10952,#11022,.T.);
#11022 = LINE('',#11023,#11024);
#11023 = CARTESIAN_POINT('',(-0.745,-0.6,-2.775557561563E-17));
#11024 = VECTOR('',#11025,1.);
#11025 = DIRECTION('',(0.,1.,0.));
#11026 = PLANE('',#11027);
#11027 = AXIS2_PLACEMENT_3D('',#11028,#11029,#11030);
#11028 = CARTESIAN_POINT('',(-1.,-0.6,0.));
#11029 = DIRECTION('',(0.,0.,1.));
#11030 = DIRECTION('',(1.,0.,-0.));
#11031 = ADVANCED_FACE('',(#11032),#11043,.T.);
#11032 = FACE_BOUND('',#11033,.T.);
#11033 = EDGE_LOOP('',(#11034,#11035,#11036,#11037));
#11034 = ORIENTED_EDGE('',*,*,#10886,.T.);
#11035 = ORIENTED_EDGE('',*,*,#11021,.T.);
#11036 = ORIENTED_EDGE('',*,*,#11003,.F.);
#11037 = ORIENTED_EDGE('',*,*,#11038,.F.);
#11038 = EDGE_CURVE('',#10879,#10996,#11039,.T.);
#11039 = LINE('',#11040,#11041);
#11040 = CARTESIAN_POINT('',(-0.7,-0.6,4.5E-02));
#11041 = VECTOR('',#11042,1.);
#11042 = DIRECTION('',(0.,1.,0.));
#11043 = CYLINDRICAL_SURFACE('',#11044,4.5E-02);
#11044 = AXIS2_PLACEMENT_3D('',#11045,#11046,#11047);
#11045 = CARTESIAN_POINT('',(-0.745,-0.6,4.5E-02));
#11046 = DIRECTION('',(0.,1.,0.));
#11047 = DIRECTION('',(1.,0.,0.));
#11048 = ADVANCED_FACE('',(#11049),#11092,.F.);
#11049 = FACE_BOUND('',#11050,.F.);
#11050 = EDGE_LOOP('',(#11051,#11052,#11053,#11054,#11062,#11070,#11078,
    #11086));
#11051 = ORIENTED_EDGE('',*,*,#10878,.F.);
#11052 = ORIENTED_EDGE('',*,*,#10870,.T.);
#11053 = ORIENTED_EDGE('',*,*,#10862,.T.);
#11054 = ORIENTED_EDGE('',*,*,#11055,.T.);
#11055 = EDGE_CURVE('',#10854,#11056,#11058,.T.);
#11056 = VERTEX_POINT('',#11057);
#11057 = CARTESIAN_POINT('',(0.7,-0.6,0.405));
#11058 = LINE('',#11059,#11060);
#11059 = CARTESIAN_POINT('',(-0.7,-0.6,0.405));
#11060 = VECTOR('',#11061,1.);
#11061 = DIRECTION('',(1.,0.,0.));
#11062 = ORIENTED_EDGE('',*,*,#11063,.T.);
#11063 = EDGE_CURVE('',#11056,#11064,#11066,.T.);
#11064 = VERTEX_POINT('',#11065);
#11065 = CARTESIAN_POINT('',(0.955,-0.6,0.405));
#11066 = LINE('',#11067,#11068);
#11067 = CARTESIAN_POINT('',(-0.955,-0.6,0.405));
#11068 = VECTOR('',#11069,1.);
#11069 = DIRECTION('',(1.,0.,0.));
#11070 = ORIENTED_EDGE('',*,*,#11071,.F.);
#11071 = EDGE_CURVE('',#11072,#11064,#11074,.T.);
#11072 = VERTEX_POINT('',#11073);
#11073 = CARTESIAN_POINT('',(0.955,-0.6,4.5E-02));
#11074 = LINE('',#11075,#11076);
#11075 = CARTESIAN_POINT('',(0.955,-0.6,4.5E-02));
#11076 = VECTOR('',#11077,1.);
#11077 = DIRECTION('',(0.,0.,1.));
#11078 = ORIENTED_EDGE('',*,*,#11079,.F.);
#11079 = EDGE_CURVE('',#11080,#11072,#11082,.T.);
#11080 = VERTEX_POINT('',#11081);
#11081 = CARTESIAN_POINT('',(0.7,-0.6,4.5E-02));
#11082 = LINE('',#11083,#11084);
#11083 = CARTESIAN_POINT('',(-0.955,-0.6,4.5E-02));
#11084 = VECTOR('',#11085,1.);
#11085 = DIRECTION('',(1.,0.,0.));
#11086 = ORIENTED_EDGE('',*,*,#11087,.F.);
#11087 = EDGE_CURVE('',#10879,#11080,#11088,.T.);
#11088 = LINE('',#11089,#11090);
#11089 = CARTESIAN_POINT('',(-0.955,-0.6,4.5E-02));
#11090 = VECTOR('',#11091,1.);
#11091 = DIRECTION('',(1.,0.,0.));
#11092 = PLANE('',#11093);
#11093 = AXIS2_PLACEMENT_3D('',#11094,#11095,#11096);
#11094 = CARTESIAN_POINT('',(-0.955,-0.6,4.5E-02));
#11095 = DIRECTION('',(0.,1.,0.));
#11096 = DIRECTION('',(0.,-0.,1.));
#11097 = ADVANCED_FACE('',(#11098),#11109,.T.);
#11098 = FACE_BOUND('',#11099,.T.);
#11099 = EDGE_LOOP('',(#11100,#11101,#11102,#11103));
#11100 = ORIENTED_EDGE('',*,*,#10962,.F.);
#11101 = ORIENTED_EDGE('',*,*,#10927,.F.);
#11102 = ORIENTED_EDGE('',*,*,#10845,.T.);
#11103 = ORIENTED_EDGE('',*,*,#11104,.T.);
#11104 = EDGE_CURVE('',#10846,#10963,#11105,.T.);
#11105 = LINE('',#11106,#11107);
#11106 = CARTESIAN_POINT('',(-0.745,-0.6,0.45));
#11107 = VECTOR('',#11108,1.);
#11108 = DIRECTION('',(0.,1.,0.));
#11109 = PLANE('',#11110);
#11110 = AXIS2_PLACEMENT_3D('',#11111,#11112,#11113);
#11111 = CARTESIAN_POINT('',(-1.,-0.6,0.45));
#11112 = DIRECTION('',(0.,0.,1.));
#11113 = DIRECTION('',(1.,0.,-0.));
#11114 = ADVANCED_FACE('',(#11115),#11126,.T.);
#11115 = FACE_BOUND('',#11116,.T.);
#11116 = EDGE_LOOP('',(#11117,#11123,#11124,#11125));
#11117 = ORIENTED_EDGE('',*,*,#11118,.T.);
#11118 = EDGE_CURVE('',#10854,#10971,#11119,.T.);
#11119 = LINE('',#11120,#11121);
#11120 = CARTESIAN_POINT('',(-0.7,-0.6,0.405));
#11121 = VECTOR('',#11122,1.);
#11122 = DIRECTION('',(0.,1.,0.));
#11123 = ORIENTED_EDGE('',*,*,#10970,.T.);
#11124 = ORIENTED_EDGE('',*,*,#11104,.F.);
#11125 = ORIENTED_EDGE('',*,*,#10853,.F.);
#11126 = CYLINDRICAL_SURFACE('',#11127,4.5E-02);
#11127 = AXIS2_PLACEMENT_3D('',#11128,#11129,#11130);
#11128 = CARTESIAN_POINT('',(-0.745,-0.6,0.405));
#11129 = DIRECTION('',(0.,1.,0.));
#11130 = DIRECTION('',(1.,0.,0.));
#11131 = ADVANCED_FACE('',(#11132),#11175,.T.);
#11132 = FACE_BOUND('',#11133,.T.);
#11133 = EDGE_LOOP('',(#11134,#11135,#11136,#11137,#11145,#11153,#11161,
    #11169));
#11134 = ORIENTED_EDGE('',*,*,#10995,.F.);
#11135 = ORIENTED_EDGE('',*,*,#10987,.T.);
#11136 = ORIENTED_EDGE('',*,*,#10979,.T.);
#11137 = ORIENTED_EDGE('',*,*,#11138,.T.);
#11138 = EDGE_CURVE('',#10971,#11139,#11141,.T.);
#11139 = VERTEX_POINT('',#11140);
#11140 = CARTESIAN_POINT('',(0.7,0.6,0.405));
#11141 = LINE('',#11142,#11143);
#11142 = CARTESIAN_POINT('',(-0.7,0.6,0.405));
#11143 = VECTOR('',#11144,1.);
#11144 = DIRECTION('',(1.,0.,0.));
#11145 = ORIENTED_EDGE('',*,*,#11146,.T.);
#11146 = EDGE_CURVE('',#11139,#11147,#11149,.T.);
#11147 = VERTEX_POINT('',#11148);
#11148 = CARTESIAN_POINT('',(0.955,0.6,0.405));
#11149 = LINE('',#11150,#11151);
#11150 = CARTESIAN_POINT('',(-0.955,0.6,0.405));
#11151 = VECTOR('',#11152,1.);
#11152 = DIRECTION('',(1.,0.,0.));
#11153 = ORIENTED_EDGE('',*,*,#11154,.F.);
#11154 = EDGE_CURVE('',#11155,#11147,#11157,.T.);
#11155 = VERTEX_POINT('',#11156);
#11156 = CARTESIAN_POINT('',(0.955,0.6,4.5E-02));
#11157 = LINE('',#11158,#11159);
#11158 = CARTESIAN_POINT('',(0.955,0.6,4.5E-02));
#11159 = VECTOR('',#11160,1.);
#11160 = DIRECTION('',(0.,0.,1.));
#11161 = ORIENTED_EDGE('',*,*,#11162,.F.);
#11162 = EDGE_CURVE('',#11163,#11155,#11165,.T.);
#11163 = VERTEX_POINT('',#11164);
#11164 = CARTESIAN_POINT('',(0.7,0.6,4.5E-02));
#11165 = LINE('',#11166,#11167);
#11166 = CARTESIAN_POINT('',(-0.955,0.6,4.5E-02));
#11167 = VECTOR('',#11168,1.);
#11168 = DIRECTION('',(1.,0.,0.));
#11169 = ORIENTED_EDGE('',*,*,#11170,.F.);
#11170 = EDGE_CURVE('',#10996,#11163,#11171,.T.);
#11171 = LINE('',#11172,#11173);
#11172 = CARTESIAN_POINT('',(-0.955,0.6,4.5E-02));
#11173 = VECTOR('',#11174,1.);
#11174 = DIRECTION('',(1.,0.,0.));
#11175 = PLANE('',#11176);
#11176 = AXIS2_PLACEMENT_3D('',#11177,#11178,#11179);
#11177 = CARTESIAN_POINT('',(-0.955,0.6,4.5E-02));
#11178 = DIRECTION('',(0.,1.,0.));
#11179 = DIRECTION('',(0.,-0.,1.));
#11180 = ADVANCED_FACE('',(#11181),#11192,.F.);
#11181 = FACE_BOUND('',#11182,.F.);
#11182 = EDGE_LOOP('',(#11183,#11184,#11185,#11191));
#11183 = ORIENTED_EDGE('',*,*,#11038,.F.);
#11184 = ORIENTED_EDGE('',*,*,#11087,.T.);
#11185 = ORIENTED_EDGE('',*,*,#11186,.T.);
#11186 = EDGE_CURVE('',#11080,#11163,#11187,.T.);
#11187 = LINE('',#11188,#11189);
#11188 = CARTESIAN_POINT('',(0.7,-0.6,4.5E-02));
#11189 = VECTOR('',#11190,1.);
#11190 = DIRECTION('',(0.,1.,0.));
#11191 = ORIENTED_EDGE('',*,*,#11170,.F.);
#11192 = PLANE('',#11193);
#11193 = AXIS2_PLACEMENT_3D('',#11194,#11195,#11196);
#11194 = CARTESIAN_POINT('',(-0.955,-0.6,4.5E-02));
#11195 = DIRECTION('',(0.,0.,1.));
#11196 = DIRECTION('',(1.,0.,-0.));
#11197 = ADVANCED_FACE('',(#11198),#11261,.F.);
#11198 = FACE_BOUND('',#11199,.F.);
#11199 = EDGE_LOOP('',(#11200,#11210,#11217,#11218,#11219,#11220,#11229,
    #11237,#11246,#11254));
#11200 = ORIENTED_EDGE('',*,*,#11201,.F.);
#11201 = EDGE_CURVE('',#11202,#11204,#11206,.T.);
#11202 = VERTEX_POINT('',#11203);
#11203 = CARTESIAN_POINT('',(0.745,-0.6,-2.775557561563E-17));
#11204 = VERTEX_POINT('',#11205);
#11205 = CARTESIAN_POINT('',(0.955,-0.6,-2.775557561563E-17));
#11206 = LINE('',#11207,#11208);
#11207 = CARTESIAN_POINT('',(0.7,-0.6,0.));
#11208 = VECTOR('',#11209,1.);
#11209 = DIRECTION('',(1.,0.,0.));
#11210 = ORIENTED_EDGE('',*,*,#11211,.F.);
#11211 = EDGE_CURVE('',#11080,#11202,#11212,.T.);
#11212 = CIRCLE('',#11213,4.5E-02);
#11213 = AXIS2_PLACEMENT_3D('',#11214,#11215,#11216);
#11214 = CARTESIAN_POINT('',(0.745,-0.6,4.5E-02));
#11215 = DIRECTION('',(0.,-1.,0.));
#11216 = DIRECTION('',(0.,0.,1.));
#11217 = ORIENTED_EDGE('',*,*,#11079,.T.);
#11218 = ORIENTED_EDGE('',*,*,#11071,.T.);
#11219 = ORIENTED_EDGE('',*,*,#11063,.F.);
#11220 = ORIENTED_EDGE('',*,*,#11221,.T.);
#11221 = EDGE_CURVE('',#11056,#11222,#11224,.T.);
#11222 = VERTEX_POINT('',#11223);
#11223 = CARTESIAN_POINT('',(0.745,-0.6,0.45));
#11224 = CIRCLE('',#11225,4.5E-02);
#11225 = AXIS2_PLACEMENT_3D('',#11226,#11227,#11228);
#11226 = CARTESIAN_POINT('',(0.745,-0.6,0.405));
#11227 = DIRECTION('',(0.,1.,0.));
#11228 = DIRECTION('',(0.,-0.,1.));
#11229 = ORIENTED_EDGE('',*,*,#11230,.T.);
#11230 = EDGE_CURVE('',#11222,#11231,#11233,.T.);
#11231 = VERTEX_POINT('',#11232);
#11232 = CARTESIAN_POINT('',(0.955,-0.6,0.45));
#11233 = LINE('',#11234,#11235);
#11234 = CARTESIAN_POINT('',(0.7,-0.6,0.45));
#11235 = VECTOR('',#11236,1.);
#11236 = DIRECTION('',(1.,0.,0.));
#11237 = ORIENTED_EDGE('',*,*,#11238,.F.);
#11238 = EDGE_CURVE('',#11239,#11231,#11241,.T.);
#11239 = VERTEX_POINT('',#11240);
#11240 = CARTESIAN_POINT('',(1.,-0.6,0.405));
#11241 = CIRCLE('',#11242,4.5E-02);
#11242 = AXIS2_PLACEMENT_3D('',#11243,#11244,#11245);
#11243 = CARTESIAN_POINT('',(0.955,-0.6,0.405));
#11244 = DIRECTION('',(0.,-1.,0.));
#11245 = DIRECTION('',(0.,0.,1.));
#11246 = ORIENTED_EDGE('',*,*,#11247,.F.);
#11247 = EDGE_CURVE('',#11248,#11239,#11250,.T.);
#11248 = VERTEX_POINT('',#11249);
#11249 = CARTESIAN_POINT('',(1.,-0.6,4.5E-02));
#11250 = LINE('',#11251,#11252);
#11251 = CARTESIAN_POINT('',(1.,-0.6,0.));
#11252 = VECTOR('',#11253,1.);
#11253 = DIRECTION('',(0.,0.,1.));
#11254 = ORIENTED_EDGE('',*,*,#11255,.T.);
#11255 = EDGE_CURVE('',#11248,#11204,#11256,.T.);
#11256 = CIRCLE('',#11257,4.5E-02);
#11257 = AXIS2_PLACEMENT_3D('',#11258,#11259,#11260);
#11258 = CARTESIAN_POINT('',(0.955,-0.6,4.5E-02));
#11259 = DIRECTION('',(0.,1.,0.));
#11260 = DIRECTION('',(0.,-0.,1.));
#11261 = PLANE('',#11262);
#11262 = AXIS2_PLACEMENT_3D('',#11263,#11264,#11265);
#11263 = CARTESIAN_POINT('',(0.7,-0.6,0.));
#11264 = DIRECTION('',(0.,1.,0.));
#11265 = DIRECTION('',(0.,-0.,1.));
#11266 = ADVANCED_FACE('',(#11267),#11292,.F.);
#11267 = FACE_BOUND('',#11268,.F.);
#11268 = EDGE_LOOP('',(#11269,#11270,#11278,#11286));
#11269 = ORIENTED_EDGE('',*,*,#11055,.F.);
#11270 = ORIENTED_EDGE('',*,*,#11271,.T.);
#11271 = EDGE_CURVE('',#10854,#11272,#11274,.T.);
#11272 = VERTEX_POINT('',#11273);
#11273 = CARTESIAN_POINT('',(-0.7,-0.6,0.45));
#11274 = LINE('',#11275,#11276);
#11275 = CARTESIAN_POINT('',(-0.7,-0.6,0.405));
#11276 = VECTOR('',#11277,1.);
#11277 = DIRECTION('',(0.,0.,1.));
#11278 = ORIENTED_EDGE('',*,*,#11279,.T.);
#11279 = EDGE_CURVE('',#11272,#11280,#11282,.T.);
#11280 = VERTEX_POINT('',#11281);
#11281 = CARTESIAN_POINT('',(0.7,-0.6,0.45));
#11282 = LINE('',#11283,#11284);
#11283 = CARTESIAN_POINT('',(-0.7,-0.6,0.45));
#11284 = VECTOR('',#11285,1.);
#11285 = DIRECTION('',(1.,0.,0.));
#11286 = ORIENTED_EDGE('',*,*,#11287,.F.);
#11287 = EDGE_CURVE('',#11056,#11280,#11288,.T.);
#11288 = LINE('',#11289,#11290);
#11289 = CARTESIAN_POINT('',(0.7,-0.6,0.405));
#11290 = VECTOR('',#11291,1.);
#11291 = DIRECTION('',(0.,0.,1.));
#11292 = PLANE('',#11293);
#11293 = AXIS2_PLACEMENT_3D('',#11294,#11295,#11296);
#11294 = CARTESIAN_POINT('',(-0.7,-0.6,0.405));
#11295 = DIRECTION('',(0.,1.,0.));
#11296 = DIRECTION('',(0.,-0.,1.));
#11297 = ADVANCED_FACE('',(#11298),#11316,.F.);
#11298 = FACE_BOUND('',#11299,.F.);
#11299 = EDGE_LOOP('',(#11300,#11301,#11302,#11310));
#11300 = ORIENTED_EDGE('',*,*,#11271,.F.);
#11301 = ORIENTED_EDGE('',*,*,#11118,.T.);
#11302 = ORIENTED_EDGE('',*,*,#11303,.T.);
#11303 = EDGE_CURVE('',#10971,#11304,#11306,.T.);
#11304 = VERTEX_POINT('',#11305);
#11305 = CARTESIAN_POINT('',(-0.7,0.6,0.45));
#11306 = LINE('',#11307,#11308);
#11307 = CARTESIAN_POINT('',(-0.7,0.6,0.405));
#11308 = VECTOR('',#11309,1.);
#11309 = DIRECTION('',(0.,0.,1.));
#11310 = ORIENTED_EDGE('',*,*,#11311,.F.);
#11311 = EDGE_CURVE('',#11272,#11304,#11312,.T.);
#11312 = LINE('',#11313,#11314);
#11313 = CARTESIAN_POINT('',(-0.7,-0.6,0.45));
#11314 = VECTOR('',#11315,1.);
#11315 = DIRECTION('',(0.,1.,0.));
#11316 = PLANE('',#11317);
#11317 = AXIS2_PLACEMENT_3D('',#11318,#11319,#11320);
#11318 = CARTESIAN_POINT('',(-0.7,-0.6,0.405));
#11319 = DIRECTION('',(1.,0.,0.));
#11320 = DIRECTION('',(0.,0.,1.));
#11321 = ADVANCED_FACE('',(#11322),#11385,.T.);
#11322 = FACE_BOUND('',#11323,.T.);
#11323 = EDGE_LOOP('',(#11324,#11334,#11341,#11342,#11343,#11344,#11353,
    #11361,#11370,#11378));
#11324 = ORIENTED_EDGE('',*,*,#11325,.F.);
#11325 = EDGE_CURVE('',#11326,#11328,#11330,.T.);
#11326 = VERTEX_POINT('',#11327);
#11327 = CARTESIAN_POINT('',(0.745,0.6,-2.775557561563E-17));
#11328 = VERTEX_POINT('',#11329);
#11329 = CARTESIAN_POINT('',(0.955,0.6,-2.775557561563E-17));
#11330 = LINE('',#11331,#11332);
#11331 = CARTESIAN_POINT('',(0.7,0.6,0.));
#11332 = VECTOR('',#11333,1.);
#11333 = DIRECTION('',(1.,0.,0.));
#11334 = ORIENTED_EDGE('',*,*,#11335,.F.);
#11335 = EDGE_CURVE('',#11163,#11326,#11336,.T.);
#11336 = CIRCLE('',#11337,4.5E-02);
#11337 = AXIS2_PLACEMENT_3D('',#11338,#11339,#11340);
#11338 = CARTESIAN_POINT('',(0.745,0.6,4.5E-02));
#11339 = DIRECTION('',(0.,-1.,0.));
#11340 = DIRECTION('',(0.,0.,1.));
#11341 = ORIENTED_EDGE('',*,*,#11162,.T.);
#11342 = ORIENTED_EDGE('',*,*,#11154,.T.);
#11343 = ORIENTED_EDGE('',*,*,#11146,.F.);
#11344 = ORIENTED_EDGE('',*,*,#11345,.T.);
#11345 = EDGE_CURVE('',#11139,#11346,#11348,.T.);
#11346 = VERTEX_POINT('',#11347);
#11347 = CARTESIAN_POINT('',(0.745,0.6,0.45));
#11348 = CIRCLE('',#11349,4.5E-02);
#11349 = AXIS2_PLACEMENT_3D('',#11350,#11351,#11352);
#11350 = CARTESIAN_POINT('',(0.745,0.6,0.405));
#11351 = DIRECTION('',(0.,1.,0.));
#11352 = DIRECTION('',(0.,-0.,1.));
#11353 = ORIENTED_EDGE('',*,*,#11354,.T.);
#11354 = EDGE_CURVE('',#11346,#11355,#11357,.T.);
#11355 = VERTEX_POINT('',#11356);
#11356 = CARTESIAN_POINT('',(0.955,0.6,0.45));
#11357 = LINE('',#11358,#11359);
#11358 = CARTESIAN_POINT('',(0.7,0.6,0.45));
#11359 = VECTOR('',#11360,1.);
#11360 = DIRECTION('',(1.,0.,0.));
#11361 = ORIENTED_EDGE('',*,*,#11362,.F.);
#11362 = EDGE_CURVE('',#11363,#11355,#11365,.T.);
#11363 = VERTEX_POINT('',#11364);
#11364 = CARTESIAN_POINT('',(1.,0.6,0.405));
#11365 = CIRCLE('',#11366,4.5E-02);
#11366 = AXIS2_PLACEMENT_3D('',#11367,#11368,#11369);
#11367 = CARTESIAN_POINT('',(0.955,0.6,0.405));
#11368 = DIRECTION('',(0.,-1.,0.));
#11369 = DIRECTION('',(0.,0.,1.));
#11370 = ORIENTED_EDGE('',*,*,#11371,.F.);
#11371 = EDGE_CURVE('',#11372,#11363,#11374,.T.);
#11372 = VERTEX_POINT('',#11373);
#11373 = CARTESIAN_POINT('',(1.,0.6,4.5E-02));
#11374 = LINE('',#11375,#11376);
#11375 = CARTESIAN_POINT('',(1.,0.6,0.));
#11376 = VECTOR('',#11377,1.);
#11377 = DIRECTION('',(0.,0.,1.));
#11378 = ORIENTED_EDGE('',*,*,#11379,.T.);
#11379 = EDGE_CURVE('',#11372,#11328,#11380,.T.);
#11380 = CIRCLE('',#11381,4.5E-02);
#11381 = AXIS2_PLACEMENT_3D('',#11382,#11383,#11384);
#11382 = CARTESIAN_POINT('',(0.955,0.6,4.5E-02));
#11383 = DIRECTION('',(0.,1.,0.));
#11384 = DIRECTION('',(0.,-0.,1.));
#11385 = PLANE('',#11386);
#11386 = AXIS2_PLACEMENT_3D('',#11387,#11388,#11389);
#11387 = CARTESIAN_POINT('',(0.7,0.6,0.));
#11388 = DIRECTION('',(0.,1.,0.));
#11389 = DIRECTION('',(0.,-0.,1.));
#11390 = ADVANCED_FACE('',(#11391),#11409,.T.);
#11391 = FACE_BOUND('',#11392,.T.);
#11392 = EDGE_LOOP('',(#11393,#11394,#11395,#11403));
#11393 = ORIENTED_EDGE('',*,*,#11138,.F.);
#11394 = ORIENTED_EDGE('',*,*,#11303,.T.);
#11395 = ORIENTED_EDGE('',*,*,#11396,.T.);
#11396 = EDGE_CURVE('',#11304,#11397,#11399,.T.);
#11397 = VERTEX_POINT('',#11398);
#11398 = CARTESIAN_POINT('',(0.7,0.6,0.45));
#11399 = LINE('',#11400,#11401);
#11400 = CARTESIAN_POINT('',(-0.7,0.6,0.45));
#11401 = VECTOR('',#11402,1.);
#11402 = DIRECTION('',(1.,0.,0.));
#11403 = ORIENTED_EDGE('',*,*,#11404,.F.);
#11404 = EDGE_CURVE('',#11139,#11397,#11405,.T.);
#11405 = LINE('',#11406,#11407);
#11406 = CARTESIAN_POINT('',(0.7,0.6,0.405));
#11407 = VECTOR('',#11408,1.);
#11408 = DIRECTION('',(0.,0.,1.));
#11409 = PLANE('',#11410);
#11410 = AXIS2_PLACEMENT_3D('',#11411,#11412,#11413);
#11411 = CARTESIAN_POINT('',(-0.7,0.6,0.405));
#11412 = DIRECTION('',(0.,1.,0.));
#11413 = DIRECTION('',(0.,-0.,1.));
#11414 = ADVANCED_FACE('',(#11415),#11426,.T.);
#11415 = FACE_BOUND('',#11416,.T.);
#11416 = EDGE_LOOP('',(#11417,#11418,#11419,#11425));
#11417 = ORIENTED_EDGE('',*,*,#11186,.T.);
#11418 = ORIENTED_EDGE('',*,*,#11335,.T.);
#11419 = ORIENTED_EDGE('',*,*,#11420,.F.);
#11420 = EDGE_CURVE('',#11202,#11326,#11421,.T.);
#11421 = LINE('',#11422,#11423);
#11422 = CARTESIAN_POINT('',(0.745,-0.6,-2.775557561563E-17));
#11423 = VECTOR('',#11424,1.);
#11424 = DIRECTION('',(0.,1.,0.));
#11425 = ORIENTED_EDGE('',*,*,#11211,.F.);
#11426 = CYLINDRICAL_SURFACE('',#11427,4.5E-02);
#11427 = AXIS2_PLACEMENT_3D('',#11428,#11429,#11430);
#11428 = CARTESIAN_POINT('',(0.745,-0.6,4.5E-02));
#11429 = DIRECTION('',(0.,1.,0.));
#11430 = DIRECTION('',(-1.,0.,0.));
#11431 = ADVANCED_FACE('',(#11432),#11443,.F.);
#11432 = FACE_BOUND('',#11433,.F.);
#11433 = EDGE_LOOP('',(#11434,#11435,#11436,#11437));
#11434 = ORIENTED_EDGE('',*,*,#11325,.F.);
#11435 = ORIENTED_EDGE('',*,*,#11420,.F.);
#11436 = ORIENTED_EDGE('',*,*,#11201,.T.);
#11437 = ORIENTED_EDGE('',*,*,#11438,.T.);
#11438 = EDGE_CURVE('',#11204,#11328,#11439,.T.);
#11439 = LINE('',#11440,#11441);
#11440 = CARTESIAN_POINT('',(0.955,-0.6,-2.775557561563E-17));
#11441 = VECTOR('',#11442,1.);
#11442 = DIRECTION('',(0.,1.,0.));
#11443 = PLANE('',#11444);
#11444 = AXIS2_PLACEMENT_3D('',#11445,#11446,#11447);
#11445 = CARTESIAN_POINT('',(0.7,-0.6,0.));
#11446 = DIRECTION('',(0.,0.,1.));
#11447 = DIRECTION('',(1.,0.,-0.));
#11448 = ADVANCED_FACE('',(#11449),#11460,.T.);
#11449 = FACE_BOUND('',#11450,.T.);
#11450 = EDGE_LOOP('',(#11451,#11452,#11453,#11454));
#11451 = ORIENTED_EDGE('',*,*,#11255,.T.);
#11452 = ORIENTED_EDGE('',*,*,#11438,.T.);
#11453 = ORIENTED_EDGE('',*,*,#11379,.F.);
#11454 = ORIENTED_EDGE('',*,*,#11455,.F.);
#11455 = EDGE_CURVE('',#11248,#11372,#11456,.T.);
#11456 = LINE('',#11457,#11458);
#11457 = CARTESIAN_POINT('',(1.,-0.6,4.5E-02));
#11458 = VECTOR('',#11459,1.);
#11459 = DIRECTION('',(0.,1.,0.));
#11460 = CYLINDRICAL_SURFACE('',#11461,4.5E-02);
#11461 = AXIS2_PLACEMENT_3D('',#11462,#11463,#11464);
#11462 = CARTESIAN_POINT('',(0.955,-0.6,4.5E-02));
#11463 = DIRECTION('',(0.,1.,0.));
#11464 = DIRECTION('',(1.,0.,0.));
#11465 = ADVANCED_FACE('',(#11466),#11477,.T.);
#11466 = FACE_BOUND('',#11467,.T.);
#11467 = EDGE_LOOP('',(#11468,#11469,#11470,#11471));
#11468 = ORIENTED_EDGE('',*,*,#11247,.F.);
#11469 = ORIENTED_EDGE('',*,*,#11455,.T.);
#11470 = ORIENTED_EDGE('',*,*,#11371,.T.);
#11471 = ORIENTED_EDGE('',*,*,#11472,.F.);
#11472 = EDGE_CURVE('',#11239,#11363,#11473,.T.);
#11473 = LINE('',#11474,#11475);
#11474 = CARTESIAN_POINT('',(1.,-0.6,0.405));
#11475 = VECTOR('',#11476,1.);
#11476 = DIRECTION('',(0.,1.,0.));
#11477 = PLANE('',#11478);
#11478 = AXIS2_PLACEMENT_3D('',#11479,#11480,#11481);
#11479 = CARTESIAN_POINT('',(1.,-0.6,0.));
#11480 = DIRECTION('',(1.,0.,0.));
#11481 = DIRECTION('',(0.,0.,1.));
#11482 = ADVANCED_FACE('',(#11483),#11494,.T.);
#11483 = FACE_BOUND('',#11484,.T.);
#11484 = EDGE_LOOP('',(#11485,#11486,#11487,#11493));
#11485 = ORIENTED_EDGE('',*,*,#11472,.T.);
#11486 = ORIENTED_EDGE('',*,*,#11362,.T.);
#11487 = ORIENTED_EDGE('',*,*,#11488,.F.);
#11488 = EDGE_CURVE('',#11231,#11355,#11489,.T.);
#11489 = LINE('',#11490,#11491);
#11490 = CARTESIAN_POINT('',(0.955,-0.6,0.45));
#11491 = VECTOR('',#11492,1.);
#11492 = DIRECTION('',(0.,1.,0.));
#11493 = ORIENTED_EDGE('',*,*,#11238,.F.);
#11494 = CYLINDRICAL_SURFACE('',#11495,4.5E-02);
#11495 = AXIS2_PLACEMENT_3D('',#11496,#11497,#11498);
#11496 = CARTESIAN_POINT('',(0.955,-0.6,0.405));
#11497 = DIRECTION('',(0.,1.,0.));
#11498 = DIRECTION('',(1.,0.,0.));
#11499 = ADVANCED_FACE('',(#11500),#11511,.T.);
#11500 = FACE_BOUND('',#11501,.T.);
#11501 = EDGE_LOOP('',(#11502,#11503,#11509,#11510));
#11502 = ORIENTED_EDGE('',*,*,#11354,.F.);
#11503 = ORIENTED_EDGE('',*,*,#11504,.F.);
#11504 = EDGE_CURVE('',#11222,#11346,#11505,.T.);
#11505 = LINE('',#11506,#11507);
#11506 = CARTESIAN_POINT('',(0.745,-0.6,0.45));
#11507 = VECTOR('',#11508,1.);
#11508 = DIRECTION('',(0.,1.,0.));
#11509 = ORIENTED_EDGE('',*,*,#11230,.T.);
#11510 = ORIENTED_EDGE('',*,*,#11488,.T.);
#11511 = PLANE('',#11512);
#11512 = AXIS2_PLACEMENT_3D('',#11513,#11514,#11515);
#11513 = CARTESIAN_POINT('',(0.7,-0.6,0.45));
#11514 = DIRECTION('',(0.,0.,1.));
#11515 = DIRECTION('',(1.,0.,-0.));
#11516 = ADVANCED_FACE('',(#11517),#11528,.T.);
#11517 = FACE_BOUND('',#11518,.T.);
#11518 = EDGE_LOOP('',(#11519,#11520,#11521,#11522));
#11519 = ORIENTED_EDGE('',*,*,#11221,.T.);
#11520 = ORIENTED_EDGE('',*,*,#11504,.T.);
#11521 = ORIENTED_EDGE('',*,*,#11345,.F.);
#11522 = ORIENTED_EDGE('',*,*,#11523,.F.);
#11523 = EDGE_CURVE('',#11056,#11139,#11524,.T.);
#11524 = LINE('',#11525,#11526);
#11525 = CARTESIAN_POINT('',(0.7,-0.6,0.405));
#11526 = VECTOR('',#11527,1.);
#11527 = DIRECTION('',(0.,1.,0.));
#11528 = CYLINDRICAL_SURFACE('',#11529,4.5E-02);
#11529 = AXIS2_PLACEMENT_3D('',#11530,#11531,#11532);
#11530 = CARTESIAN_POINT('',(0.745,-0.6,0.405));
#11531 = DIRECTION('',(0.,1.,0.));
#11532 = DIRECTION('',(-1.,0.,0.));
#11533 = ADVANCED_FACE('',(#11534),#11545,.T.);
#11534 = FACE_BOUND('',#11535,.T.);
#11535 = EDGE_LOOP('',(#11536,#11537,#11538,#11539));
#11536 = ORIENTED_EDGE('',*,*,#11287,.F.);
#11537 = ORIENTED_EDGE('',*,*,#11523,.T.);
#11538 = ORIENTED_EDGE('',*,*,#11404,.T.);
#11539 = ORIENTED_EDGE('',*,*,#11540,.F.);
#11540 = EDGE_CURVE('',#11280,#11397,#11541,.T.);
#11541 = LINE('',#11542,#11543);
#11542 = CARTESIAN_POINT('',(0.7,-0.6,0.45));
#11543 = VECTOR('',#11544,1.);
#11544 = DIRECTION('',(0.,1.,0.));
#11545 = PLANE('',#11546);
#11546 = AXIS2_PLACEMENT_3D('',#11547,#11548,#11549);
#11547 = CARTESIAN_POINT('',(0.7,-0.6,0.405));
#11548 = DIRECTION('',(1.,0.,0.));
#11549 = DIRECTION('',(0.,0.,1.));
#11550 = ADVANCED_FACE('',(#11551),#11557,.T.);
#11551 = FACE_BOUND('',#11552,.T.);
#11552 = EDGE_LOOP('',(#11553,#11554,#11555,#11556));
#11553 = ORIENTED_EDGE('',*,*,#11311,.F.);
#11554 = ORIENTED_EDGE('',*,*,#11279,.T.);
#11555 = ORIENTED_EDGE('',*,*,#11540,.T.);
#11556 = ORIENTED_EDGE('',*,*,#11396,.F.);
#11557 = PLANE('',#11558);
#11558 = AXIS2_PLACEMENT_3D('',#11559,#11560,#11561);
#11559 = CARTESIAN_POINT('',(-0.7,-0.6,0.45));
#11560 = DIRECTION('',(0.,0.,1.));
#11561 = DIRECTION('',(1.,0.,-0.));
#11562 = ( GEOMETRIC_REPRESENTATION_CONTEXT(3) 
GLOBAL_UNCERTAINTY_ASSIGNED_CONTEXT((#11566)) 
GLOBAL_UNIT_ASSIGNED_CONTEXT((#11563,#11564,#11565)) 
REPRESENTATION_CONTEXT('Context #1',
  '3D Context with UNIT and UNCERTAINTY') );
#11563 = ( LENGTH_UNIT() NAMED_UNIT(*) SI_UNIT(.MILLI.,.METRE.) );
#11564 = ( NAMED_UNIT(*) PLANE_ANGLE_UNIT() SI_UNIT($,.RADIAN.) );
#11565 = ( NAMED_UNIT(*) SI_UNIT($,.STERADIAN.) SOLID_ANGLE_UNIT() );
#11566 = UNCERTAINTY_MEASURE_WITH_UNIT(LENGTH_MEASURE(1.E-07),#11563,
  'distance_accuracy_value','confusion accuracy');
#11567 = CONTEXT_DEPENDENT_SHAPE_REPRESENTATION(#11568,#11570);
#11568 = ( REPRESENTATION_RELATIONSHIP('','',#10771,#10) 
REPRESENTATION_RELATIONSHIP_WITH_TRANSFORMATION(#11569) 
SHAPE_REPRESENTATION_RELATIONSHIP() );
#11569 = ITEM_DEFINED_TRANSFORMATION('','',#11,#35);
#11570 = PRODUCT_DEFINITION_SHAPE('Placement','Placement of an item',
  #11571);
#11571 = NEXT_ASSEMBLY_USAGE_OCCURRENCE('6','R2','',#5,#10766,$);
#11572 = PRODUCT_RELATED_PRODUCT_CATEGORY('part',$,(#10768));
#11573 = CONTEXT_DEPENDENT_SHAPE_REPRESENTATION(#11574,#11576);
#11574 = ( REPRESENTATION_RELATIONSHIP('','',#9898,#10) 
REPRESENTATION_RELATIONSHIP_WITH_TRANSFORMATION(#11575) 
SHAPE_REPRESENTATION_RELATIONSHIP() );
#11575 = ITEM_DEFINED_TRANSFORMATION('','',#11,#39);
#11576 = PRODUCT_DEFINITION_SHAPE('Placement','Placement of an item',
  #11577);
#11577 = NEXT_ASSEMBLY_USAGE_OCCURRENCE('7','C1','',#5,#9893,$);
#11578 = CONTEXT_DEPENDENT_SHAPE_REPRESENTATION(#11579,#11581);
#11579 = ( REPRESENTATION_RELATIONSHIP('','',#10771,#10) 
REPRESENTATION_RELATIONSHIP_WITH_TRANSFORMATION(#11580) 
SHAPE_REPRESENTATION_RELATIONSHIP() );
#11580 = ITEM_DEFINED_TRANSFORMATION('','',#11,#43);
#11581 = PRODUCT_DEFINITION_SHAPE('Placement','Placement of an item',
  #11582);
#11582 = NEXT_ASSEMBLY_USAGE_OCCURRENCE('8','R1','',#5,#10766,$);
#11583 = SHAPE_DEFINITION_REPRESENTATION(#11584,#11590);
#11584 = PRODUCT_DEFINITION_SHAPE('','',#11585);
#11585 = PRODUCT_DEFINITION('design','',#11586,#11589);
#11586 = PRODUCT_DEFINITION_FORMATION('','',#11587);
#11587 = PRODUCT('SnoreSense_Display_PCB_v1_PCB',
  'SnoreSense_Display_PCB_v1_PCB','',(#11588));
#11588 = PRODUCT_CONTEXT('',#2,'mechanical');
#11589 = PRODUCT_DEFINITION_CONTEXT('part definition',#2,'design');
#11590 = ADVANCED_BREP_SHAPE_REPRESENTATION('',(#11,#11591),#13402);
#11591 = MANIFOLD_SOLID_BREP('',#11592);
#11592 = CLOSED_SHELL('',(#11593,#11635,#11666,#11697,#12178,#12659,
    #12676,#12693,#12710,#12727,#12739,#12756,#12773,#12790,#12807,
    #12824,#12841,#12858,#12875,#12892,#12909,#12926,#12943,#12960,
    #12977,#12994,#13011,#13028,#13045,#13062,#13079,#13096,#13113,
    #13130,#13147,#13164,#13181,#13198,#13215,#13232,#13249,#13266,
    #13283,#13300,#13317,#13334,#13351,#13368,#13385));
#11593 = ADVANCED_FACE('',(#11594),#11630,.T.);
#11594 = FACE_BOUND('',#11595,.T.);
#11595 = EDGE_LOOP('',(#11596,#11606,#11615,#11623));
#11596 = ORIENTED_EDGE('',*,*,#11597,.T.);
#11597 = EDGE_CURVE('',#11598,#11600,#11602,.T.);
#11598 = VERTEX_POINT('',#11599);
#11599 = CARTESIAN_POINT('',(161.75,-44.25,0.));
#11600 = VERTEX_POINT('',#11601);
#11601 = CARTESIAN_POINT('',(161.75,-44.25,1.51));
#11602 = LINE('',#11603,#11604);
#11603 = CARTESIAN_POINT('',(161.75,-44.25,0.));
#11604 = VECTOR('',#11605,1.);
#11605 = DIRECTION('',(0.,0.,1.));
#11606 = ORIENTED_EDGE('',*,*,#11607,.T.);
#11607 = EDGE_CURVE('',#11600,#11608,#11610,.T.);
#11608 = VERTEX_POINT('',#11609);
#11609 = CARTESIAN_POINT('',(162.75,-45.25,1.51));
#11610 = CIRCLE('',#11611,0.999999252925);
#11611 = AXIS2_PLACEMENT_3D('',#11612,#11613,#11614);
#11612 = CARTESIAN_POINT('',(161.75000074707,-45.24999925292,1.51));
#11613 = DIRECTION('',(0.,0.,-1.));
#11614 = DIRECTION('',(-7.470757633756E-07,1.,0.));
#11615 = ORIENTED_EDGE('',*,*,#11616,.F.);
#11616 = EDGE_CURVE('',#11617,#11608,#11619,.T.);
#11617 = VERTEX_POINT('',#11618);
#11618 = CARTESIAN_POINT('',(162.75,-45.25,0.));
#11619 = LINE('',#11620,#11621);
#11620 = CARTESIAN_POINT('',(162.75,-45.25,0.));
#11621 = VECTOR('',#11622,1.);
#11622 = DIRECTION('',(0.,0.,1.));
#11623 = ORIENTED_EDGE('',*,*,#11624,.F.);
#11624 = EDGE_CURVE('',#11598,#11617,#11625,.T.);
#11625 = CIRCLE('',#11626,0.999999252925);
#11626 = AXIS2_PLACEMENT_3D('',#11627,#11628,#11629);
#11627 = CARTESIAN_POINT('',(161.75000074707,-45.24999925292,0.));
#11628 = DIRECTION('',(0.,0.,-1.));
#11629 = DIRECTION('',(-7.470757633756E-07,1.,0.));
#11630 = CYLINDRICAL_SURFACE('',#11631,0.999999252925);
#11631 = AXIS2_PLACEMENT_3D('',#11632,#11633,#11634);
#11632 = CARTESIAN_POINT('',(161.75000074707,-45.24999925292,0.));
#11633 = DIRECTION('',(0.,0.,-1.));
#11634 = DIRECTION('',(-7.470757633756E-07,1.,0.));
#11635 = ADVANCED_FACE('',(#11636),#11661,.T.);
#11636 = FACE_BOUND('',#11637,.T.);
#11637 = EDGE_LOOP('',(#11638,#11648,#11654,#11655));
#11638 = ORIENTED_EDGE('',*,*,#11639,.T.);
#11639 = EDGE_CURVE('',#11640,#11642,#11644,.T.);
#11640 = VERTEX_POINT('',#11641);
#11641 = CARTESIAN_POINT('',(82.8,-44.25,0.));
#11642 = VERTEX_POINT('',#11643);
#11643 = CARTESIAN_POINT('',(82.8,-44.25,1.51));
#11644 = LINE('',#11645,#11646);
#11645 = CARTESIAN_POINT('',(82.8,-44.25,0.));
#11646 = VECTOR('',#11647,1.);
#11647 = DIRECTION('',(0.,0.,1.));
#11648 = ORIENTED_EDGE('',*,*,#11649,.T.);
#11649 = EDGE_CURVE('',#11642,#11600,#11650,.T.);
#11650 = LINE('',#11651,#11652);
#11651 = CARTESIAN_POINT('',(82.8,-44.25,1.51));
#11652 = VECTOR('',#11653,1.);
#11653 = DIRECTION('',(1.,0.,0.));
#11654 = ORIENTED_EDGE('',*,*,#11597,.F.);
#11655 = ORIENTED_EDGE('',*,*,#11656,.F.);
#11656 = EDGE_CURVE('',#11640,#11598,#11657,.T.);
#11657 = LINE('',#11658,#11659);
#11658 = CARTESIAN_POINT('',(82.8,-44.25,0.));
#11659 = VECTOR('',#11660,1.);
#11660 = DIRECTION('',(1.,0.,0.));
#11661 = PLANE('',#11662);
#11662 = AXIS2_PLACEMENT_3D('',#11663,#11664,#11665);
#11663 = CARTESIAN_POINT('',(82.8,-44.25,0.));
#11664 = DIRECTION('',(0.,1.,0.));
#11665 = DIRECTION('',(1.,0.,0.));
#11666 = ADVANCED_FACE('',(#11667),#11692,.T.);
#11667 = FACE_BOUND('',#11668,.T.);
#11668 = EDGE_LOOP('',(#11669,#11670,#11678,#11686));
#11669 = ORIENTED_EDGE('',*,*,#11616,.T.);
#11670 = ORIENTED_EDGE('',*,*,#11671,.T.);
#11671 = EDGE_CURVE('',#11608,#11672,#11674,.T.);
#11672 = VERTEX_POINT('',#11673);
#11673 = CARTESIAN_POINT('',(162.75,-103.7,1.51));
#11674 = LINE('',#11675,#11676);
#11675 = CARTESIAN_POINT('',(162.75,-45.25,1.51));
#11676 = VECTOR('',#11677,1.);
#11677 = DIRECTION('',(0.,-1.,0.));
#11678 = ORIENTED_EDGE('',*,*,#11679,.F.);
#11679 = EDGE_CURVE('',#11680,#11672,#11682,.T.);
#11680 = VERTEX_POINT('',#11681);
#11681 = CARTESIAN_POINT('',(162.75,-103.7,0.));
#11682 = LINE('',#11683,#11684);
#11683 = CARTESIAN_POINT('',(162.75,-103.7,0.));
#11684 = VECTOR('',#11685,1.);
#11685 = DIRECTION('',(0.,0.,1.));
#11686 = ORIENTED_EDGE('',*,*,#11687,.F.);
#11687 = EDGE_CURVE('',#11617,#11680,#11688,.T.);
#11688 = LINE('',#11689,#11690);
#11689 = CARTESIAN_POINT('',(162.75,-45.25,0.));
#11690 = VECTOR('',#11691,1.);
#11691 = DIRECTION('',(0.,-1.,0.));
#11692 = PLANE('',#11693);
#11693 = AXIS2_PLACEMENT_3D('',#11694,#11695,#11696);
#11694 = CARTESIAN_POINT('',(162.75,-45.25,0.));
#11695 = DIRECTION('',(1.,0.,-0.));
#11696 = DIRECTION('',(0.,-1.,0.));
#11697 = ADVANCED_FACE('',(#11698,#11744,#11755,#11766,#11777,#11788,
    #11799,#11810,#11821,#11832,#11843,#11854,#11865,#11876,#11887,
    #11898,#11909,#11920,#11931,#11942,#11953,#11964,#11975,#11986,
    #11997,#12008,#12019,#12030,#12041,#12052,#12063,#12074,#12085,
    #12096,#12107,#12118,#12129,#12140,#12151,#12162),#12173,.F.);
#11698 = FACE_BOUND('',#11699,.F.);
#11699 = EDGE_LOOP('',(#11700,#11701,#11702,#11711,#11719,#11728,#11736,
    #11743));
#11700 = ORIENTED_EDGE('',*,*,#11624,.F.);
#11701 = ORIENTED_EDGE('',*,*,#11656,.F.);
#11702 = ORIENTED_EDGE('',*,*,#11703,.F.);
#11703 = EDGE_CURVE('',#11704,#11640,#11706,.T.);
#11704 = VERTEX_POINT('',#11705);
#11705 = CARTESIAN_POINT('',(81.8,-45.25,0.));
#11706 = CIRCLE('',#11707,0.999999252925);
#11707 = AXIS2_PLACEMENT_3D('',#11708,#11709,#11710);
#11708 = CARTESIAN_POINT('',(82.799999252925,-45.24999925292,0.));
#11709 = DIRECTION('',(0.,0.,-1.));
#11710 = DIRECTION('',(-1.,-7.470757349539E-07,-0.));
#11711 = ORIENTED_EDGE('',*,*,#11712,.F.);
#11712 = EDGE_CURVE('',#11713,#11704,#11715,.T.);
#11713 = VERTEX_POINT('',#11714);
#11714 = CARTESIAN_POINT('',(81.8,-103.7,0.));
#11715 = LINE('',#11716,#11717);
#11716 = CARTESIAN_POINT('',(81.8,-103.7,0.));
#11717 = VECTOR('',#11718,1.);
#11718 = DIRECTION('',(0.,1.,0.));
#11719 = ORIENTED_EDGE('',*,*,#11720,.F.);
#11720 = EDGE_CURVE('',#11721,#11713,#11723,.T.);
#11721 = VERTEX_POINT('',#11722);
#11722 = CARTESIAN_POINT('',(82.8,-104.7,0.));
#11723 = CIRCLE('',#11724,0.999999252925);
#11724 = AXIS2_PLACEMENT_3D('',#11725,#11726,#11727);
#11725 = CARTESIAN_POINT('',(82.799999252925,-103.700000747,0.));
#11726 = DIRECTION('',(0.,0.,-1.));
#11727 = DIRECTION('',(7.470757065321E-07,-1.,0.));
#11728 = ORIENTED_EDGE('',*,*,#11729,.F.);
#11729 = EDGE_CURVE('',#11730,#11721,#11732,.T.);
#11730 = VERTEX_POINT('',#11731);
#11731 = CARTESIAN_POINT('',(161.75,-104.7,0.));
#11732 = LINE('',#11733,#11734);
#11733 = CARTESIAN_POINT('',(161.75,-104.7,0.));
#11734 = VECTOR('',#11735,1.);
#11735 = DIRECTION('',(-1.,0.,0.));
#11736 = ORIENTED_EDGE('',*,*,#11737,.F.);
#11737 = EDGE_CURVE('',#11680,#11730,#11738,.T.);
#11738 = CIRCLE('',#11739,0.999999252925);
#11739 = AXIS2_PLACEMENT_3D('',#11740,#11741,#11742);
#11740 = CARTESIAN_POINT('',(161.75000074707,-103.700000747,0.));
#11741 = DIRECTION('',(0.,0.,-1.));
#11742 = DIRECTION('',(1.,7.470757349539E-07,0.));
#11743 = ORIENTED_EDGE('',*,*,#11687,.F.);
#11744 = FACE_BOUND('',#11745,.F.);
#11745 = EDGE_LOOP('',(#11746));
#11746 = ORIENTED_EDGE('',*,*,#11747,.T.);
#11747 = EDGE_CURVE('',#11748,#11748,#11750,.T.);
#11748 = VERTEX_POINT('',#11749);
#11749 = CARTESIAN_POINT('',(86.,-101.05,0.));
#11750 = CIRCLE('',#11751,1.05);
#11751 = AXIS2_PLACEMENT_3D('',#11752,#11753,#11754);
#11752 = CARTESIAN_POINT('',(86.,-100.,0.));
#11753 = DIRECTION('',(-0.,0.,-1.));
#11754 = DIRECTION('',(-0.,-1.,0.));
#11755 = FACE_BOUND('',#11756,.F.);
#11756 = EDGE_LOOP('',(#11757));
#11757 = ORIENTED_EDGE('',*,*,#11758,.T.);
#11758 = EDGE_CURVE('',#11759,#11759,#11761,.T.);
#11759 = VERTEX_POINT('',#11760);
#11760 = CARTESIAN_POINT('',(103.6,-96.05,0.));
#11761 = CIRCLE('',#11762,0.55);
#11762 = AXIS2_PLACEMENT_3D('',#11763,#11764,#11765);
#11763 = CARTESIAN_POINT('',(103.6,-95.5,0.));
#11764 = DIRECTION('',(-0.,0.,-1.));
#11765 = DIRECTION('',(-0.,-1.,0.));
#11766 = FACE_BOUND('',#11767,.F.);
#11767 = EDGE_LOOP('',(#11768));
#11768 = ORIENTED_EDGE('',*,*,#11769,.T.);
#11769 = EDGE_CURVE('',#11770,#11770,#11772,.T.);
#11770 = VERTEX_POINT('',#11771);
#11771 = CARTESIAN_POINT('',(85.6,-90.98,0.));
#11772 = CIRCLE('',#11773,0.5);
#11773 = AXIS2_PLACEMENT_3D('',#11774,#11775,#11776);
#11774 = CARTESIAN_POINT('',(85.6,-90.48,0.));
#11775 = DIRECTION('',(-0.,0.,-1.));
#11776 = DIRECTION('',(-0.,-1.,0.));
#11777 = FACE_BOUND('',#11778,.F.);
#11778 = EDGE_LOOP('',(#11779));
#11779 = ORIENTED_EDGE('',*,*,#11780,.T.);
#11780 = EDGE_CURVE('',#11781,#11781,#11783,.T.);
#11781 = VERTEX_POINT('',#11782);
#11782 = CARTESIAN_POINT('',(85.6,-88.44,0.));
#11783 = CIRCLE('',#11784,0.5);
#11784 = AXIS2_PLACEMENT_3D('',#11785,#11786,#11787);
#11785 = CARTESIAN_POINT('',(85.6,-87.94,0.));
#11786 = DIRECTION('',(-0.,0.,-1.));
#11787 = DIRECTION('',(-0.,-1.,0.));
#11788 = FACE_BOUND('',#11789,.F.);
#11789 = EDGE_LOOP('',(#11790));
#11790 = ORIENTED_EDGE('',*,*,#11791,.T.);
#11791 = EDGE_CURVE('',#11792,#11792,#11794,.T.);
#11792 = VERTEX_POINT('',#11793);
#11793 = CARTESIAN_POINT('',(103.6,-91.55,0.));
#11794 = CIRCLE('',#11795,0.55);
#11795 = AXIS2_PLACEMENT_3D('',#11796,#11797,#11798);
#11796 = CARTESIAN_POINT('',(103.6,-91.,0.));
#11797 = DIRECTION('',(-0.,0.,-1.));
#11798 = DIRECTION('',(-0.,-1.,0.));
#11799 = FACE_BOUND('',#11800,.F.);
#11800 = EDGE_LOOP('',(#11801));
#11801 = ORIENTED_EDGE('',*,*,#11802,.T.);
#11802 = EDGE_CURVE('',#11803,#11803,#11805,.T.);
#11803 = VERTEX_POINT('',#11804);
#11804 = CARTESIAN_POINT('',(110.1,-96.05,0.));
#11805 = CIRCLE('',#11806,0.55);
#11806 = AXIS2_PLACEMENT_3D('',#11807,#11808,#11809);
#11807 = CARTESIAN_POINT('',(110.1,-95.5,0.));
#11808 = DIRECTION('',(-0.,0.,-1.));
#11809 = DIRECTION('',(-0.,-1.,0.));
#11810 = FACE_BOUND('',#11811,.F.);
#11811 = EDGE_LOOP('',(#11812));
#11812 = ORIENTED_EDGE('',*,*,#11813,.T.);
#11813 = EDGE_CURVE('',#11814,#11814,#11816,.T.);
#11814 = VERTEX_POINT('',#11815);
#11815 = CARTESIAN_POINT('',(110.1,-91.55,0.));
#11816 = CIRCLE('',#11817,0.55);
#11817 = AXIS2_PLACEMENT_3D('',#11818,#11819,#11820);
#11818 = CARTESIAN_POINT('',(110.1,-91.,0.));
#11819 = DIRECTION('',(-0.,0.,-1.));
#11820 = DIRECTION('',(-0.,-1.,0.));
#11821 = FACE_BOUND('',#11822,.F.);
#11822 = EDGE_LOOP('',(#11823));
#11823 = ORIENTED_EDGE('',*,*,#11824,.T.);
#11824 = EDGE_CURVE('',#11825,#11825,#11827,.T.);
#11825 = VERTEX_POINT('',#11826);
#11826 = CARTESIAN_POINT('',(85.6,-85.9,0.));
#11827 = CIRCLE('',#11828,0.5);
#11828 = AXIS2_PLACEMENT_3D('',#11829,#11830,#11831);
#11829 = CARTESIAN_POINT('',(85.6,-85.4,0.));
#11830 = DIRECTION('',(-0.,0.,-1.));
#11831 = DIRECTION('',(-0.,-1.,0.));
#11832 = FACE_BOUND('',#11833,.F.);
#11833 = EDGE_LOOP('',(#11834));
#11834 = ORIENTED_EDGE('',*,*,#11835,.F.);
#11835 = EDGE_CURVE('',#11836,#11836,#11838,.T.);
#11836 = VERTEX_POINT('',#11837);
#11837 = CARTESIAN_POINT('',(98.07,-77.81,0.));
#11838 = CIRCLE('',#11839,1.3);
#11839 = AXIS2_PLACEMENT_3D('',#11840,#11841,#11842);
#11840 = CARTESIAN_POINT('',(96.77,-77.81,0.));
#11841 = DIRECTION('',(0.,0.,1.));
#11842 = DIRECTION('',(1.,0.,-0.));
#11843 = FACE_BOUND('',#11844,.F.);
#11844 = EDGE_LOOP('',(#11845));
#11845 = ORIENTED_EDGE('',*,*,#11846,.T.);
#11846 = EDGE_CURVE('',#11847,#11847,#11849,.T.);
#11847 = VERTEX_POINT('',#11848);
#11848 = CARTESIAN_POINT('',(132.8,-94.79,0.));
#11849 = CIRCLE('',#11850,0.45);
#11850 = AXIS2_PLACEMENT_3D('',#11851,#11852,#11853);
#11851 = CARTESIAN_POINT('',(132.8,-94.34,0.));
#11852 = DIRECTION('',(-0.,0.,-1.));
#11853 = DIRECTION('',(-0.,-1.,0.));
#11854 = FACE_BOUND('',#11855,.F.);
#11855 = EDGE_LOOP('',(#11856));
#11856 = ORIENTED_EDGE('',*,*,#11857,.T.);
#11857 = EDGE_CURVE('',#11858,#11858,#11860,.T.);
#11858 = VERTEX_POINT('',#11859);
#11859 = CARTESIAN_POINT('',(132.8,-92.25,0.));
#11860 = CIRCLE('',#11861,0.45);
#11861 = AXIS2_PLACEMENT_3D('',#11862,#11863,#11864);
#11862 = CARTESIAN_POINT('',(132.8,-91.8,0.));
#11863 = DIRECTION('',(-0.,0.,-1.));
#11864 = DIRECTION('',(-0.,-1.,0.));
#11865 = FACE_BOUND('',#11866,.F.);
#11866 = EDGE_LOOP('',(#11867));
#11867 = ORIENTED_EDGE('',*,*,#11868,.T.);
#11868 = EDGE_CURVE('',#11869,#11869,#11871,.T.);
#11869 = VERTEX_POINT('',#11870);
#11870 = CARTESIAN_POINT('',(158.,-101.05,0.));
#11871 = CIRCLE('',#11872,1.05);
#11872 = AXIS2_PLACEMENT_3D('',#11873,#11874,#11875);
#11873 = CARTESIAN_POINT('',(158.,-100.,0.));
#11874 = DIRECTION('',(-0.,0.,-1.));
#11875 = DIRECTION('',(-0.,-1.,0.));
#11876 = FACE_BOUND('',#11877,.F.);
#11877 = EDGE_LOOP('',(#11878));
#11878 = ORIENTED_EDGE('',*,*,#11879,.T.);
#11879 = EDGE_CURVE('',#11880,#11880,#11882,.T.);
#11880 = VERTEX_POINT('',#11881);
#11881 = CARTESIAN_POINT('',(153.95,-93.175,0.));
#11882 = CIRCLE('',#11883,0.375);
#11883 = AXIS2_PLACEMENT_3D('',#11884,#11885,#11886);
#11884 = CARTESIAN_POINT('',(153.95,-92.8,0.));
#11885 = DIRECTION('',(-0.,0.,-1.));
#11886 = DIRECTION('',(-0.,-1.,0.));
#11887 = FACE_BOUND('',#11888,.F.);
#11888 = EDGE_LOOP('',(#11889));
#11889 = ORIENTED_EDGE('',*,*,#11890,.T.);
#11890 = EDGE_CURVE('',#11891,#11891,#11893,.T.);
#11891 = VERTEX_POINT('',#11892);
#11892 = CARTESIAN_POINT('',(153.95,-91.175,0.));
#11893 = CIRCLE('',#11894,0.375);
#11894 = AXIS2_PLACEMENT_3D('',#11895,#11896,#11897);
#11895 = CARTESIAN_POINT('',(153.95,-90.8,0.));
#11896 = DIRECTION('',(-0.,0.,-1.));
#11897 = DIRECTION('',(-0.,-1.,0.));
#11898 = FACE_BOUND('',#11899,.F.);
#11899 = EDGE_LOOP('',(#11900));
#11900 = ORIENTED_EDGE('',*,*,#11901,.T.);
#11901 = EDGE_CURVE('',#11902,#11902,#11904,.T.);
#11902 = VERTEX_POINT('',#11903);
#11903 = CARTESIAN_POINT('',(143.96,-75.948,0.));
#11904 = CIRCLE('',#11905,0.508);
#11905 = AXIS2_PLACEMENT_3D('',#11906,#11907,#11908);
#11906 = CARTESIAN_POINT('',(143.96,-75.44,0.));
#11907 = DIRECTION('',(-0.,0.,-1.));
#11908 = DIRECTION('',(5.594824691024E-14,-1.,-0.));
#11909 = FACE_BOUND('',#11910,.F.);
#11910 = EDGE_LOOP('',(#11911));
#11911 = ORIENTED_EDGE('',*,*,#11912,.T.);
#11912 = EDGE_CURVE('',#11913,#11913,#11915,.T.);
#11913 = VERTEX_POINT('',#11914);
#11914 = CARTESIAN_POINT('',(146.5,-75.948,0.));
#11915 = CIRCLE('',#11916,0.508);
#11916 = AXIS2_PLACEMENT_3D('',#11917,#11918,#11919);
#11917 = CARTESIAN_POINT('',(146.5,-75.44,0.));
#11918 = DIRECTION('',(-0.,0.,-1.));
#11919 = DIRECTION('',(-0.,-1.,0.));
#11920 = FACE_BOUND('',#11921,.F.);
#11921 = EDGE_LOOP('',(#11922));
#11922 = ORIENTED_EDGE('',*,*,#11923,.T.);
#11923 = EDGE_CURVE('',#11924,#11924,#11926,.T.);
#11924 = VERTEX_POINT('',#11925);
#11925 = CARTESIAN_POINT('',(149.04,-75.948,0.));
#11926 = CIRCLE('',#11927,0.508);
#11927 = AXIS2_PLACEMENT_3D('',#11928,#11929,#11930);
#11928 = CARTESIAN_POINT('',(149.04,-75.44,0.));
#11929 = DIRECTION('',(-0.,0.,-1.));
#11930 = DIRECTION('',(-5.594824691025E-14,-1.,0.));
#11931 = FACE_BOUND('',#11932,.F.);
#11932 = EDGE_LOOP('',(#11933));
#11933 = ORIENTED_EDGE('',*,*,#11934,.T.);
#11934 = EDGE_CURVE('',#11935,#11935,#11937,.T.);
#11935 = VERTEX_POINT('',#11936);
#11936 = CARTESIAN_POINT('',(151.58,-75.948,0.));
#11937 = CIRCLE('',#11938,0.508);
#11938 = AXIS2_PLACEMENT_3D('',#11939,#11940,#11941);
#11939 = CARTESIAN_POINT('',(151.58,-75.44,0.));
#11940 = DIRECTION('',(-0.,0.,-1.));
#11941 = DIRECTION('',(5.594824691024E-14,-1.,-0.));
#11942 = FACE_BOUND('',#11943,.F.);
#11943 = EDGE_LOOP('',(#11944));
#11944 = ORIENTED_EDGE('',*,*,#11945,.T.);
#11945 = EDGE_CURVE('',#11946,#11946,#11948,.T.);
#11946 = VERTEX_POINT('',#11947);
#11947 = CARTESIAN_POINT('',(154.12,-75.948,0.));
#11948 = CIRCLE('',#11949,0.508);
#11949 = AXIS2_PLACEMENT_3D('',#11950,#11951,#11952);
#11950 = CARTESIAN_POINT('',(154.12,-75.44,0.));
#11951 = DIRECTION('',(-0.,0.,-1.));
#11952 = DIRECTION('',(-0.,-1.,0.));
#11953 = FACE_BOUND('',#11954,.F.);
#11954 = EDGE_LOOP('',(#11955));
#11955 = ORIENTED_EDGE('',*,*,#11956,.T.);
#11956 = EDGE_CURVE('',#11957,#11957,#11959,.T.);
#11957 = VERTEX_POINT('',#11958);
#11958 = CARTESIAN_POINT('',(156.66,-75.948,0.));
#11959 = CIRCLE('',#11960,0.508);
#11960 = AXIS2_PLACEMENT_3D('',#11961,#11962,#11963);
#11961 = CARTESIAN_POINT('',(156.66,-75.44,0.));
#11962 = DIRECTION('',(-0.,0.,-1.));
#11963 = DIRECTION('',(-0.,-1.,0.));
#11964 = FACE_BOUND('',#11965,.F.);
#11965 = EDGE_LOOP('',(#11966));
#11966 = ORIENTED_EDGE('',*,*,#11967,.T.);
#11967 = EDGE_CURVE('',#11968,#11968,#11970,.T.);
#11968 = VERTEX_POINT('',#11969);
#11969 = CARTESIAN_POINT('',(159.2,-75.948,0.));
#11970 = CIRCLE('',#11971,0.508);
#11971 = AXIS2_PLACEMENT_3D('',#11972,#11973,#11974);
#11972 = CARTESIAN_POINT('',(159.2,-75.44,0.));
#11973 = DIRECTION('',(-0.,0.,-1.));
#11974 = DIRECTION('',(-0.,-1.,0.));
#11975 = FACE_BOUND('',#11976,.F.);
#11976 = EDGE_LOOP('',(#11977));
#11977 = ORIENTED_EDGE('',*,*,#11978,.F.);
#11978 = EDGE_CURVE('',#11979,#11979,#11981,.T.);
#11979 = VERTEX_POINT('',#11980);
#11980 = CARTESIAN_POINT('',(93.22,-68.81,0.));
#11981 = CIRCLE('',#11982,0.95);
#11982 = AXIS2_PLACEMENT_3D('',#11983,#11984,#11985);
#11983 = CARTESIAN_POINT('',(92.27,-68.81,0.));
#11984 = DIRECTION('',(0.,0.,1.));
#11985 = DIRECTION('',(1.,0.,-0.));
#11986 = FACE_BOUND('',#11987,.F.);
#11987 = EDGE_LOOP('',(#11988));
#11988 = ORIENTED_EDGE('',*,*,#11989,.T.);
#11989 = EDGE_CURVE('',#11990,#11990,#11992,.T.);
#11990 = VERTEX_POINT('',#11991);
#11991 = CARTESIAN_POINT('',(94.34,-73.045,0.));
#11992 = CIRCLE('',#11993,0.425);
#11993 = AXIS2_PLACEMENT_3D('',#11994,#11995,#11996);
#11994 = CARTESIAN_POINT('',(94.34,-72.62,0.));
#11995 = DIRECTION('',(-0.,0.,-1.));
#11996 = DIRECTION('',(-0.,-1.,0.));
#11997 = FACE_BOUND('',#11998,.F.);
#11998 = EDGE_LOOP('',(#11999));
#11999 = ORIENTED_EDGE('',*,*,#12000,.T.);
#12000 = EDGE_CURVE('',#12001,#12001,#12003,.T.);
#12001 = VERTEX_POINT('',#12002);
#12002 = CARTESIAN_POINT('',(94.34,-65.425,0.));
#12003 = CIRCLE('',#12004,0.425);
#12004 = AXIS2_PLACEMENT_3D('',#12005,#12006,#12007);
#12005 = CARTESIAN_POINT('',(94.34,-65.,0.));
#12006 = DIRECTION('',(-0.,0.,-1.));
#12007 = DIRECTION('',(-0.,-1.,0.));
#12008 = FACE_BOUND('',#12009,.F.);
#12009 = EDGE_LOOP('',(#12010));
#12010 = ORIENTED_EDGE('',*,*,#12011,.T.);
#12011 = EDGE_CURVE('',#12012,#12012,#12014,.T.);
#12012 = VERTEX_POINT('',#12013);
#12013 = CARTESIAN_POINT('',(117.2,-73.045,0.));
#12014 = CIRCLE('',#12015,0.425);
#12015 = AXIS2_PLACEMENT_3D('',#12016,#12017,#12018);
#12016 = CARTESIAN_POINT('',(117.2,-72.62,0.));
#12017 = DIRECTION('',(-0.,0.,-1.));
#12018 = DIRECTION('',(-0.,-1.,0.));
#12019 = FACE_BOUND('',#12020,.F.);
#12020 = EDGE_LOOP('',(#12021));
#12021 = ORIENTED_EDGE('',*,*,#12022,.F.);
#12022 = EDGE_CURVE('',#12023,#12023,#12025,.T.);
#12023 = VERTEX_POINT('',#12024);
#12024 = CARTESIAN_POINT('',(120.22,-68.81,0.));
#12025 = CIRCLE('',#12026,0.95);
#12026 = AXIS2_PLACEMENT_3D('',#12027,#12028,#12029);
#12027 = CARTESIAN_POINT('',(119.27,-68.81,0.));
#12028 = DIRECTION('',(0.,0.,1.));
#12029 = DIRECTION('',(1.,0.,-0.));
#12030 = FACE_BOUND('',#12031,.F.);
#12031 = EDGE_LOOP('',(#12032));
#12032 = ORIENTED_EDGE('',*,*,#12033,.T.);
#12033 = EDGE_CURVE('',#12034,#12034,#12036,.T.);
#12034 = VERTEX_POINT('',#12035);
#12035 = CARTESIAN_POINT('',(117.2,-65.425,0.));
#12036 = CIRCLE('',#12037,0.425);
#12037 = AXIS2_PLACEMENT_3D('',#12038,#12039,#12040);
#12038 = CARTESIAN_POINT('',(117.2,-65.,0.));
#12039 = DIRECTION('',(-0.,0.,-1.));
#12040 = DIRECTION('',(-0.,-1.,0.));
#12041 = FACE_BOUND('',#12042,.F.);
#12042 = EDGE_LOOP('',(#12043));
#12043 = ORIENTED_EDGE('',*,*,#12044,.T.);
#12044 = EDGE_CURVE('',#12045,#12045,#12047,.T.);
#12045 = VERTEX_POINT('',#12046);
#12046 = CARTESIAN_POINT('',(86.,-49.05,0.));
#12047 = CIRCLE('',#12048,1.05);
#12048 = AXIS2_PLACEMENT_3D('',#12049,#12050,#12051);
#12049 = CARTESIAN_POINT('',(86.,-48.,0.));
#12050 = DIRECTION('',(-0.,0.,-1.));
#12051 = DIRECTION('',(-0.,-1.,0.));
#12052 = FACE_BOUND('',#12053,.F.);
#12053 = EDGE_LOOP('',(#12054));
#12054 = ORIENTED_EDGE('',*,*,#12055,.F.);
#12055 = EDGE_CURVE('',#12056,#12056,#12058,.T.);
#12056 = VERTEX_POINT('',#12057);
#12057 = CARTESIAN_POINT('',(107.72,-58.81,0.));
#12058 = CIRCLE('',#12059,1.95);
#12059 = AXIS2_PLACEMENT_3D('',#12060,#12061,#12062);
#12060 = CARTESIAN_POINT('',(105.77,-58.81,0.));
#12061 = DIRECTION('',(0.,0.,1.));
#12062 = DIRECTION('',(1.,0.,-0.));
#12063 = FACE_BOUND('',#12064,.F.);
#12064 = EDGE_LOOP('',(#12065));
#12065 = ORIENTED_EDGE('',*,*,#12066,.T.);
#12066 = EDGE_CURVE('',#12067,#12067,#12069,.T.);
#12067 = VERTEX_POINT('',#12068);
#12068 = CARTESIAN_POINT('',(133.8,-70.868,0.));
#12069 = CIRCLE('',#12070,0.508);
#12070 = AXIS2_PLACEMENT_3D('',#12071,#12072,#12073);
#12071 = CARTESIAN_POINT('',(133.8,-70.36,0.));
#12072 = DIRECTION('',(-0.,0.,-1.));
#12073 = DIRECTION('',(-0.,-1.,0.));
#12074 = FACE_BOUND('',#12075,.F.);
#12075 = EDGE_LOOP('',(#12076));
#12076 = ORIENTED_EDGE('',*,*,#12077,.T.);
#12077 = EDGE_CURVE('',#12078,#12078,#12080,.T.);
#12078 = VERTEX_POINT('',#12079);
#12079 = CARTESIAN_POINT('',(133.8,-65.788,0.));
#12080 = CIRCLE('',#12081,0.508);
#12081 = AXIS2_PLACEMENT_3D('',#12082,#12083,#12084);
#12082 = CARTESIAN_POINT('',(133.8,-65.28,0.));
#12083 = DIRECTION('',(-0.,0.,-1.));
#12084 = DIRECTION('',(-0.,-1.,0.));
#12085 = FACE_BOUND('',#12086,.F.);
#12086 = EDGE_LOOP('',(#12087));
#12087 = ORIENTED_EDGE('',*,*,#12088,.T.);
#12088 = EDGE_CURVE('',#12089,#12089,#12091,.T.);
#12089 = VERTEX_POINT('',#12090);
#12090 = CARTESIAN_POINT('',(143.96,-60.708,0.));
#12091 = CIRCLE('',#12092,0.508);
#12092 = AXIS2_PLACEMENT_3D('',#12093,#12094,#12095);
#12093 = CARTESIAN_POINT('',(143.96,-60.2,0.));
#12094 = DIRECTION('',(-0.,0.,-1.));
#12095 = DIRECTION('',(5.594824691024E-14,-1.,-0.));
#12096 = FACE_BOUND('',#12097,.F.);
#12097 = EDGE_LOOP('',(#12098));
#12098 = ORIENTED_EDGE('',*,*,#12099,.T.);
#12099 = EDGE_CURVE('',#12100,#12100,#12102,.T.);
#12100 = VERTEX_POINT('',#12101);
#12101 = CARTESIAN_POINT('',(146.5,-60.708,0.));
#12102 = CIRCLE('',#12103,0.508);
#12103 = AXIS2_PLACEMENT_3D('',#12104,#12105,#12106);
#12104 = CARTESIAN_POINT('',(146.5,-60.2,0.));
#12105 = DIRECTION('',(-0.,0.,-1.));
#12106 = DIRECTION('',(-0.,-1.,0.));
#12107 = FACE_BOUND('',#12108,.F.);
#12108 = EDGE_LOOP('',(#12109));
#12109 = ORIENTED_EDGE('',*,*,#12110,.T.);
#12110 = EDGE_CURVE('',#12111,#12111,#12113,.T.);
#12111 = VERTEX_POINT('',#12112);
#12112 = CARTESIAN_POINT('',(149.04,-60.708,0.));
#12113 = CIRCLE('',#12114,0.508);
#12114 = AXIS2_PLACEMENT_3D('',#12115,#12116,#12117);
#12115 = CARTESIAN_POINT('',(149.04,-60.2,0.));
#12116 = DIRECTION('',(-0.,0.,-1.));
#12117 = DIRECTION('',(-5.594824691025E-14,-1.,0.));
#12118 = FACE_BOUND('',#12119,.F.);
#12119 = EDGE_LOOP('',(#12120));
#12120 = ORIENTED_EDGE('',*,*,#12121,.T.);
#12121 = EDGE_CURVE('',#12122,#12122,#12124,.T.);
#12122 = VERTEX_POINT('',#12123);
#12123 = CARTESIAN_POINT('',(151.58,-60.708,0.));
#12124 = CIRCLE('',#12125,0.508);
#12125 = AXIS2_PLACEMENT_3D('',#12126,#12127,#12128);
#12126 = CARTESIAN_POINT('',(151.58,-60.2,0.));
#12127 = DIRECTION('',(-0.,0.,-1.));
#12128 = DIRECTION('',(5.594824691024E-14,-1.,-0.));
#12129 = FACE_BOUND('',#12130,.F.);
#12130 = EDGE_LOOP('',(#12131));
#12131 = ORIENTED_EDGE('',*,*,#12132,.T.);
#12132 = EDGE_CURVE('',#12133,#12133,#12135,.T.);
#12133 = VERTEX_POINT('',#12134);
#12134 = CARTESIAN_POINT('',(154.12,-60.708,0.));
#12135 = CIRCLE('',#12136,0.508);
#12136 = AXIS2_PLACEMENT_3D('',#12137,#12138,#12139);
#12137 = CARTESIAN_POINT('',(154.12,-60.2,0.));
#12138 = DIRECTION('',(-0.,0.,-1.));
#12139 = DIRECTION('',(-0.,-1.,0.));
#12140 = FACE_BOUND('',#12141,.F.);
#12141 = EDGE_LOOP('',(#12142));
#12142 = ORIENTED_EDGE('',*,*,#12143,.T.);
#12143 = EDGE_CURVE('',#12144,#12144,#12146,.T.);
#12144 = VERTEX_POINT('',#12145);
#12145 = CARTESIAN_POINT('',(156.66,-60.708,0.));
#12146 = CIRCLE('',#12147,0.508);
#12147 = AXIS2_PLACEMENT_3D('',#12148,#12149,#12150);
#12148 = CARTESIAN_POINT('',(156.66,-60.2,0.));
#12149 = DIRECTION('',(-0.,0.,-1.));
#12150 = DIRECTION('',(-0.,-1.,0.));
#12151 = FACE_BOUND('',#12152,.F.);
#12152 = EDGE_LOOP('',(#12153));
#12153 = ORIENTED_EDGE('',*,*,#12154,.T.);
#12154 = EDGE_CURVE('',#12155,#12155,#12157,.T.);
#12155 = VERTEX_POINT('',#12156);
#12156 = CARTESIAN_POINT('',(159.2,-60.708,0.));
#12157 = CIRCLE('',#12158,0.508);
#12158 = AXIS2_PLACEMENT_3D('',#12159,#12160,#12161);
#12159 = CARTESIAN_POINT('',(159.2,-60.2,0.));
#12160 = DIRECTION('',(-0.,0.,-1.));
#12161 = DIRECTION('',(-0.,-1.,0.));
#12162 = FACE_BOUND('',#12163,.F.);
#12163 = EDGE_LOOP('',(#12164));
#12164 = ORIENTED_EDGE('',*,*,#12165,.T.);
#12165 = EDGE_CURVE('',#12166,#12166,#12168,.T.);
#12166 = VERTEX_POINT('',#12167);
#12167 = CARTESIAN_POINT('',(158.,-49.05,0.));
#12168 = CIRCLE('',#12169,1.05);
#12169 = AXIS2_PLACEMENT_3D('',#12170,#12171,#12172);
#12170 = CARTESIAN_POINT('',(158.,-48.,0.));
#12171 = DIRECTION('',(-0.,0.,-1.));
#12172 = DIRECTION('',(-0.,-1.,0.));
#12173 = PLANE('',#12174);
#12174 = AXIS2_PLACEMENT_3D('',#12175,#12176,#12177);
#12175 = CARTESIAN_POINT('',(0.,0.,0.));
#12176 = DIRECTION('',(0.,0.,1.));
#12177 = DIRECTION('',(1.,0.,-0.));
#12178 = ADVANCED_FACE('',(#12179,#12225,#12236,#12247,#12258,#12269,
    #12280,#12291,#12302,#12313,#12324,#12335,#12346,#12357,#12368,
    #12379,#12390,#12401,#12412,#12423,#12434,#12445,#12456,#12467,
    #12478,#12489,#12500,#12511,#12522,#12533,#12544,#12555,#12566,
    #12577,#12588,#12599,#12610,#12621,#12632,#12643),#12654,.T.);
#12179 = FACE_BOUND('',#12180,.T.);
#12180 = EDGE_LOOP('',(#12181,#12182,#12183,#12192,#12200,#12209,#12217,
    #12224));
#12181 = ORIENTED_EDGE('',*,*,#11607,.F.);
#12182 = ORIENTED_EDGE('',*,*,#11649,.F.);
#12183 = ORIENTED_EDGE('',*,*,#12184,.F.);
#12184 = EDGE_CURVE('',#12185,#11642,#12187,.T.);
#12185 = VERTEX_POINT('',#12186);
#12186 = CARTESIAN_POINT('',(81.8,-45.25,1.51));
#12187 = CIRCLE('',#12188,0.999999252925);
#12188 = AXIS2_PLACEMENT_3D('',#12189,#12190,#12191);
#12189 = CARTESIAN_POINT('',(82.799999252925,-45.24999925292,1.51));
#12190 = DIRECTION('',(0.,0.,-1.));
#12191 = DIRECTION('',(-1.,-7.470757349539E-07,-0.));
#12192 = ORIENTED_EDGE('',*,*,#12193,.F.);
#12193 = EDGE_CURVE('',#12194,#12185,#12196,.T.);
#12194 = VERTEX_POINT('',#12195);
#12195 = CARTESIAN_POINT('',(81.8,-103.7,1.51));
#12196 = LINE('',#12197,#12198);
#12197 = CARTESIAN_POINT('',(81.8,-103.7,1.51));
#12198 = VECTOR('',#12199,1.);
#12199 = DIRECTION('',(0.,1.,0.));
#12200 = ORIENTED_EDGE('',*,*,#12201,.F.);
#12201 = EDGE_CURVE('',#12202,#12194,#12204,.T.);
#12202 = VERTEX_POINT('',#12203);
#12203 = CARTESIAN_POINT('',(82.8,-104.7,1.51));
#12204 = CIRCLE('',#12205,0.999999252925);
#12205 = AXIS2_PLACEMENT_3D('',#12206,#12207,#12208);
#12206 = CARTESIAN_POINT('',(82.799999252925,-103.700000747,1.51));
#12207 = DIRECTION('',(0.,0.,-1.));
#12208 = DIRECTION('',(7.470757065321E-07,-1.,0.));
#12209 = ORIENTED_EDGE('',*,*,#12210,.F.);
#12210 = EDGE_CURVE('',#12211,#12202,#12213,.T.);
#12211 = VERTEX_POINT('',#12212);
#12212 = CARTESIAN_POINT('',(161.75,-104.7,1.51));
#12213 = LINE('',#12214,#12215);
#12214 = CARTESIAN_POINT('',(161.75,-104.7,1.51));
#12215 = VECTOR('',#12216,1.);
#12216 = DIRECTION('',(-1.,0.,0.));
#12217 = ORIENTED_EDGE('',*,*,#12218,.F.);
#12218 = EDGE_CURVE('',#11672,#12211,#12219,.T.);
#12219 = CIRCLE('',#12220,0.999999252925);
#12220 = AXIS2_PLACEMENT_3D('',#12221,#12222,#12223);
#12221 = CARTESIAN_POINT('',(161.75000074707,-103.700000747,1.51));
#12222 = DIRECTION('',(0.,0.,-1.));
#12223 = DIRECTION('',(1.,7.470757349539E-07,0.));
#12224 = ORIENTED_EDGE('',*,*,#11671,.F.);
#12225 = FACE_BOUND('',#12226,.T.);
#12226 = EDGE_LOOP('',(#12227));
#12227 = ORIENTED_EDGE('',*,*,#12228,.T.);
#12228 = EDGE_CURVE('',#12229,#12229,#12231,.T.);
#12229 = VERTEX_POINT('',#12230);
#12230 = CARTESIAN_POINT('',(86.,-101.05,1.51));
#12231 = CIRCLE('',#12232,1.05);
#12232 = AXIS2_PLACEMENT_3D('',#12233,#12234,#12235);
#12233 = CARTESIAN_POINT('',(86.,-100.,1.51));
#12234 = DIRECTION('',(-0.,0.,-1.));
#12235 = DIRECTION('',(-0.,-1.,0.));
#12236 = FACE_BOUND('',#12237,.T.);
#12237 = EDGE_LOOP('',(#12238));
#12238 = ORIENTED_EDGE('',*,*,#12239,.T.);
#12239 = EDGE_CURVE('',#12240,#12240,#12242,.T.);
#12240 = VERTEX_POINT('',#12241);
#12241 = CARTESIAN_POINT('',(103.6,-96.05,1.51));
#12242 = CIRCLE('',#12243,0.55);
#12243 = AXIS2_PLACEMENT_3D('',#12244,#12245,#12246);
#12244 = CARTESIAN_POINT('',(103.6,-95.5,1.51));
#12245 = DIRECTION('',(-0.,0.,-1.));
#12246 = DIRECTION('',(-0.,-1.,0.));
#12247 = FACE_BOUND('',#12248,.T.);
#12248 = EDGE_LOOP('',(#12249));
#12249 = ORIENTED_EDGE('',*,*,#12250,.T.);
#12250 = EDGE_CURVE('',#12251,#12251,#12253,.T.);
#12251 = VERTEX_POINT('',#12252);
#12252 = CARTESIAN_POINT('',(85.6,-90.98,1.51));
#12253 = CIRCLE('',#12254,0.5);
#12254 = AXIS2_PLACEMENT_3D('',#12255,#12256,#12257);
#12255 = CARTESIAN_POINT('',(85.6,-90.48,1.51));
#12256 = DIRECTION('',(-0.,0.,-1.));
#12257 = DIRECTION('',(-0.,-1.,0.));
#12258 = FACE_BOUND('',#12259,.T.);
#12259 = EDGE_LOOP('',(#12260));
#12260 = ORIENTED_EDGE('',*,*,#12261,.T.);
#12261 = EDGE_CURVE('',#12262,#12262,#12264,.T.);
#12262 = VERTEX_POINT('',#12263);
#12263 = CARTESIAN_POINT('',(85.6,-88.44,1.51));
#12264 = CIRCLE('',#12265,0.5);
#12265 = AXIS2_PLACEMENT_3D('',#12266,#12267,#12268);
#12266 = CARTESIAN_POINT('',(85.6,-87.94,1.51));
#12267 = DIRECTION('',(-0.,0.,-1.));
#12268 = DIRECTION('',(-0.,-1.,0.));
#12269 = FACE_BOUND('',#12270,.T.);
#12270 = EDGE_LOOP('',(#12271));
#12271 = ORIENTED_EDGE('',*,*,#12272,.T.);
#12272 = EDGE_CURVE('',#12273,#12273,#12275,.T.);
#12273 = VERTEX_POINT('',#12274);
#12274 = CARTESIAN_POINT('',(103.6,-91.55,1.51));
#12275 = CIRCLE('',#12276,0.55);
#12276 = AXIS2_PLACEMENT_3D('',#12277,#12278,#12279);
#12277 = CARTESIAN_POINT('',(103.6,-91.,1.51));
#12278 = DIRECTION('',(-0.,0.,-1.));
#12279 = DIRECTION('',(-0.,-1.,0.));
#12280 = FACE_BOUND('',#12281,.T.);
#12281 = EDGE_LOOP('',(#12282));
#12282 = ORIENTED_EDGE('',*,*,#12283,.T.);
#12283 = EDGE_CURVE('',#12284,#12284,#12286,.T.);
#12284 = VERTEX_POINT('',#12285);
#12285 = CARTESIAN_POINT('',(110.1,-96.05,1.51));
#12286 = CIRCLE('',#12287,0.55);
#12287 = AXIS2_PLACEMENT_3D('',#12288,#12289,#12290);
#12288 = CARTESIAN_POINT('',(110.1,-95.5,1.51));
#12289 = DIRECTION('',(-0.,0.,-1.));
#12290 = DIRECTION('',(-0.,-1.,0.));
#12291 = FACE_BOUND('',#12292,.T.);
#12292 = EDGE_LOOP('',(#12293));
#12293 = ORIENTED_EDGE('',*,*,#12294,.T.);
#12294 = EDGE_CURVE('',#12295,#12295,#12297,.T.);
#12295 = VERTEX_POINT('',#12296);
#12296 = CARTESIAN_POINT('',(110.1,-91.55,1.51));
#12297 = CIRCLE('',#12298,0.55);
#12298 = AXIS2_PLACEMENT_3D('',#12299,#12300,#12301);
#12299 = CARTESIAN_POINT('',(110.1,-91.,1.51));
#12300 = DIRECTION('',(-0.,0.,-1.));
#12301 = DIRECTION('',(-0.,-1.,0.));
#12302 = FACE_BOUND('',#12303,.T.);
#12303 = EDGE_LOOP('',(#12304));
#12304 = ORIENTED_EDGE('',*,*,#12305,.T.);
#12305 = EDGE_CURVE('',#12306,#12306,#12308,.T.);
#12306 = VERTEX_POINT('',#12307);
#12307 = CARTESIAN_POINT('',(85.6,-85.9,1.51));
#12308 = CIRCLE('',#12309,0.5);
#12309 = AXIS2_PLACEMENT_3D('',#12310,#12311,#12312);
#12310 = CARTESIAN_POINT('',(85.6,-85.4,1.51));
#12311 = DIRECTION('',(-0.,0.,-1.));
#12312 = DIRECTION('',(-0.,-1.,0.));
#12313 = FACE_BOUND('',#12314,.T.);
#12314 = EDGE_LOOP('',(#12315));
#12315 = ORIENTED_EDGE('',*,*,#12316,.F.);
#12316 = EDGE_CURVE('',#12317,#12317,#12319,.T.);
#12317 = VERTEX_POINT('',#12318);
#12318 = CARTESIAN_POINT('',(98.07,-77.81,1.51));
#12319 = CIRCLE('',#12320,1.3);
#12320 = AXIS2_PLACEMENT_3D('',#12321,#12322,#12323);
#12321 = CARTESIAN_POINT('',(96.77,-77.81,1.51));
#12322 = DIRECTION('',(0.,0.,1.));
#12323 = DIRECTION('',(1.,0.,-0.));
#12324 = FACE_BOUND('',#12325,.T.);
#12325 = EDGE_LOOP('',(#12326));
#12326 = ORIENTED_EDGE('',*,*,#12327,.T.);
#12327 = EDGE_CURVE('',#12328,#12328,#12330,.T.);
#12328 = VERTEX_POINT('',#12329);
#12329 = CARTESIAN_POINT('',(132.8,-94.79,1.51));
#12330 = CIRCLE('',#12331,0.45);
#12331 = AXIS2_PLACEMENT_3D('',#12332,#12333,#12334);
#12332 = CARTESIAN_POINT('',(132.8,-94.34,1.51));
#12333 = DIRECTION('',(-0.,0.,-1.));
#12334 = DIRECTION('',(-0.,-1.,0.));
#12335 = FACE_BOUND('',#12336,.T.);
#12336 = EDGE_LOOP('',(#12337));
#12337 = ORIENTED_EDGE('',*,*,#12338,.T.);
#12338 = EDGE_CURVE('',#12339,#12339,#12341,.T.);
#12339 = VERTEX_POINT('',#12340);
#12340 = CARTESIAN_POINT('',(132.8,-92.25,1.51));
#12341 = CIRCLE('',#12342,0.45);
#12342 = AXIS2_PLACEMENT_3D('',#12343,#12344,#12345);
#12343 = CARTESIAN_POINT('',(132.8,-91.8,1.51));
#12344 = DIRECTION('',(-0.,0.,-1.));
#12345 = DIRECTION('',(-0.,-1.,0.));
#12346 = FACE_BOUND('',#12347,.T.);
#12347 = EDGE_LOOP('',(#12348));
#12348 = ORIENTED_EDGE('',*,*,#12349,.T.);
#12349 = EDGE_CURVE('',#12350,#12350,#12352,.T.);
#12350 = VERTEX_POINT('',#12351);
#12351 = CARTESIAN_POINT('',(158.,-101.05,1.51));
#12352 = CIRCLE('',#12353,1.05);
#12353 = AXIS2_PLACEMENT_3D('',#12354,#12355,#12356);
#12354 = CARTESIAN_POINT('',(158.,-100.,1.51));
#12355 = DIRECTION('',(-0.,0.,-1.));
#12356 = DIRECTION('',(-0.,-1.,0.));
#12357 = FACE_BOUND('',#12358,.T.);
#12358 = EDGE_LOOP('',(#12359));
#12359 = ORIENTED_EDGE('',*,*,#12360,.T.);
#12360 = EDGE_CURVE('',#12361,#12361,#12363,.T.);
#12361 = VERTEX_POINT('',#12362);
#12362 = CARTESIAN_POINT('',(153.95,-93.175,1.51));
#12363 = CIRCLE('',#12364,0.375);
#12364 = AXIS2_PLACEMENT_3D('',#12365,#12366,#12367);
#12365 = CARTESIAN_POINT('',(153.95,-92.8,1.51));
#12366 = DIRECTION('',(-0.,0.,-1.));
#12367 = DIRECTION('',(-0.,-1.,0.));
#12368 = FACE_BOUND('',#12369,.T.);
#12369 = EDGE_LOOP('',(#12370));
#12370 = ORIENTED_EDGE('',*,*,#12371,.T.);
#12371 = EDGE_CURVE('',#12372,#12372,#12374,.T.);
#12372 = VERTEX_POINT('',#12373);
#12373 = CARTESIAN_POINT('',(153.95,-91.175,1.51));
#12374 = CIRCLE('',#12375,0.375);
#12375 = AXIS2_PLACEMENT_3D('',#12376,#12377,#12378);
#12376 = CARTESIAN_POINT('',(153.95,-90.8,1.51));
#12377 = DIRECTION('',(-0.,0.,-1.));
#12378 = DIRECTION('',(-0.,-1.,0.));
#12379 = FACE_BOUND('',#12380,.T.);
#12380 = EDGE_LOOP('',(#12381));
#12381 = ORIENTED_EDGE('',*,*,#12382,.T.);
#12382 = EDGE_CURVE('',#12383,#12383,#12385,.T.);
#12383 = VERTEX_POINT('',#12384);
#12384 = CARTESIAN_POINT('',(143.96,-75.948,1.51));
#12385 = CIRCLE('',#12386,0.508);
#12386 = AXIS2_PLACEMENT_3D('',#12387,#12388,#12389);
#12387 = CARTESIAN_POINT('',(143.96,-75.44,1.51));
#12388 = DIRECTION('',(-0.,0.,-1.));
#12389 = DIRECTION('',(5.594824691024E-14,-1.,-0.));
#12390 = FACE_BOUND('',#12391,.T.);
#12391 = EDGE_LOOP('',(#12392));
#12392 = ORIENTED_EDGE('',*,*,#12393,.T.);
#12393 = EDGE_CURVE('',#12394,#12394,#12396,.T.);
#12394 = VERTEX_POINT('',#12395);
#12395 = CARTESIAN_POINT('',(146.5,-75.948,1.51));
#12396 = CIRCLE('',#12397,0.508);
#12397 = AXIS2_PLACEMENT_3D('',#12398,#12399,#12400);
#12398 = CARTESIAN_POINT('',(146.5,-75.44,1.51));
#12399 = DIRECTION('',(-0.,0.,-1.));
#12400 = DIRECTION('',(-0.,-1.,0.));
#12401 = FACE_BOUND('',#12402,.T.);
#12402 = EDGE_LOOP('',(#12403));
#12403 = ORIENTED_EDGE('',*,*,#12404,.T.);
#12404 = EDGE_CURVE('',#12405,#12405,#12407,.T.);
#12405 = VERTEX_POINT('',#12406);
#12406 = CARTESIAN_POINT('',(149.04,-75.948,1.51));
#12407 = CIRCLE('',#12408,0.508);
#12408 = AXIS2_PLACEMENT_3D('',#12409,#12410,#12411);
#12409 = CARTESIAN_POINT('',(149.04,-75.44,1.51));
#12410 = DIRECTION('',(-0.,0.,-1.));
#12411 = DIRECTION('',(-5.594824691025E-14,-1.,0.));
#12412 = FACE_BOUND('',#12413,.T.);
#12413 = EDGE_LOOP('',(#12414));
#12414 = ORIENTED_EDGE('',*,*,#12415,.T.);
#12415 = EDGE_CURVE('',#12416,#12416,#12418,.T.);
#12416 = VERTEX_POINT('',#12417);
#12417 = CARTESIAN_POINT('',(151.58,-75.948,1.51));
#12418 = CIRCLE('',#12419,0.508);
#12419 = AXIS2_PLACEMENT_3D('',#12420,#12421,#12422);
#12420 = CARTESIAN_POINT('',(151.58,-75.44,1.51));
#12421 = DIRECTION('',(-0.,0.,-1.));
#12422 = DIRECTION('',(5.594824691024E-14,-1.,-0.));
#12423 = FACE_BOUND('',#12424,.T.);
#12424 = EDGE_LOOP('',(#12425));
#12425 = ORIENTED_EDGE('',*,*,#12426,.T.);
#12426 = EDGE_CURVE('',#12427,#12427,#12429,.T.);
#12427 = VERTEX_POINT('',#12428);
#12428 = CARTESIAN_POINT('',(154.12,-75.948,1.51));
#12429 = CIRCLE('',#12430,0.508);
#12430 = AXIS2_PLACEMENT_3D('',#12431,#12432,#12433);
#12431 = CARTESIAN_POINT('',(154.12,-75.44,1.51));
#12432 = DIRECTION('',(-0.,0.,-1.));
#12433 = DIRECTION('',(-0.,-1.,0.));
#12434 = FACE_BOUND('',#12435,.T.);
#12435 = EDGE_LOOP('',(#12436));
#12436 = ORIENTED_EDGE('',*,*,#12437,.T.);
#12437 = EDGE_CURVE('',#12438,#12438,#12440,.T.);
#12438 = VERTEX_POINT('',#12439);
#12439 = CARTESIAN_POINT('',(156.66,-75.948,1.51));
#12440 = CIRCLE('',#12441,0.508);
#12441 = AXIS2_PLACEMENT_3D('',#12442,#12443,#12444);
#12442 = CARTESIAN_POINT('',(156.66,-75.44,1.51));
#12443 = DIRECTION('',(-0.,0.,-1.));
#12444 = DIRECTION('',(-0.,-1.,0.));
#12445 = FACE_BOUND('',#12446,.T.);
#12446 = EDGE_LOOP('',(#12447));
#12447 = ORIENTED_EDGE('',*,*,#12448,.T.);
#12448 = EDGE_CURVE('',#12449,#12449,#12451,.T.);
#12449 = VERTEX_POINT('',#12450);
#12450 = CARTESIAN_POINT('',(159.2,-75.948,1.51));
#12451 = CIRCLE('',#12452,0.508);
#12452 = AXIS2_PLACEMENT_3D('',#12453,#12454,#12455);
#12453 = CARTESIAN_POINT('',(159.2,-75.44,1.51));
#12454 = DIRECTION('',(-0.,0.,-1.));
#12455 = DIRECTION('',(-0.,-1.,0.));
#12456 = FACE_BOUND('',#12457,.T.);
#12457 = EDGE_LOOP('',(#12458));
#12458 = ORIENTED_EDGE('',*,*,#12459,.F.);
#12459 = EDGE_CURVE('',#12460,#12460,#12462,.T.);
#12460 = VERTEX_POINT('',#12461);
#12461 = CARTESIAN_POINT('',(93.22,-68.81,1.51));
#12462 = CIRCLE('',#12463,0.95);
#12463 = AXIS2_PLACEMENT_3D('',#12464,#12465,#12466);
#12464 = CARTESIAN_POINT('',(92.27,-68.81,1.51));
#12465 = DIRECTION('',(0.,0.,1.));
#12466 = DIRECTION('',(1.,0.,-0.));
#12467 = FACE_BOUND('',#12468,.T.);
#12468 = EDGE_LOOP('',(#12469));
#12469 = ORIENTED_EDGE('',*,*,#12470,.T.);
#12470 = EDGE_CURVE('',#12471,#12471,#12473,.T.);
#12471 = VERTEX_POINT('',#12472);
#12472 = CARTESIAN_POINT('',(94.34,-73.045,1.51));
#12473 = CIRCLE('',#12474,0.425);
#12474 = AXIS2_PLACEMENT_3D('',#12475,#12476,#12477);
#12475 = CARTESIAN_POINT('',(94.34,-72.62,1.51));
#12476 = DIRECTION('',(-0.,0.,-1.));
#12477 = DIRECTION('',(-0.,-1.,0.));
#12478 = FACE_BOUND('',#12479,.T.);
#12479 = EDGE_LOOP('',(#12480));
#12480 = ORIENTED_EDGE('',*,*,#12481,.T.);
#12481 = EDGE_CURVE('',#12482,#12482,#12484,.T.);
#12482 = VERTEX_POINT('',#12483);
#12483 = CARTESIAN_POINT('',(94.34,-65.425,1.51));
#12484 = CIRCLE('',#12485,0.425);
#12485 = AXIS2_PLACEMENT_3D('',#12486,#12487,#12488);
#12486 = CARTESIAN_POINT('',(94.34,-65.,1.51));
#12487 = DIRECTION('',(-0.,0.,-1.));
#12488 = DIRECTION('',(-0.,-1.,0.));
#12489 = FACE_BOUND('',#12490,.T.);
#12490 = EDGE_LOOP('',(#12491));
#12491 = ORIENTED_EDGE('',*,*,#12492,.T.);
#12492 = EDGE_CURVE('',#12493,#12493,#12495,.T.);
#12493 = VERTEX_POINT('',#12494);
#12494 = CARTESIAN_POINT('',(117.2,-73.045,1.51));
#12495 = CIRCLE('',#12496,0.425);
#12496 = AXIS2_PLACEMENT_3D('',#12497,#12498,#12499);
#12497 = CARTESIAN_POINT('',(117.2,-72.62,1.51));
#12498 = DIRECTION('',(-0.,0.,-1.));
#12499 = DIRECTION('',(-0.,-1.,0.));
#12500 = FACE_BOUND('',#12501,.T.);
#12501 = EDGE_LOOP('',(#12502));
#12502 = ORIENTED_EDGE('',*,*,#12503,.F.);
#12503 = EDGE_CURVE('',#12504,#12504,#12506,.T.);
#12504 = VERTEX_POINT('',#12505);
#12505 = CARTESIAN_POINT('',(120.22,-68.81,1.51));
#12506 = CIRCLE('',#12507,0.95);
#12507 = AXIS2_PLACEMENT_3D('',#12508,#12509,#12510);
#12508 = CARTESIAN_POINT('',(119.27,-68.81,1.51));
#12509 = DIRECTION('',(0.,0.,1.));
#12510 = DIRECTION('',(1.,0.,-0.));
#12511 = FACE_BOUND('',#12512,.T.);
#12512 = EDGE_LOOP('',(#12513));
#12513 = ORIENTED_EDGE('',*,*,#12514,.T.);
#12514 = EDGE_CURVE('',#12515,#12515,#12517,.T.);
#12515 = VERTEX_POINT('',#12516);
#12516 = CARTESIAN_POINT('',(117.2,-65.425,1.51));
#12517 = CIRCLE('',#12518,0.425);
#12518 = AXIS2_PLACEMENT_3D('',#12519,#12520,#12521);
#12519 = CARTESIAN_POINT('',(117.2,-65.,1.51));
#12520 = DIRECTION('',(-0.,0.,-1.));
#12521 = DIRECTION('',(-0.,-1.,0.));
#12522 = FACE_BOUND('',#12523,.T.);
#12523 = EDGE_LOOP('',(#12524));
#12524 = ORIENTED_EDGE('',*,*,#12525,.T.);
#12525 = EDGE_CURVE('',#12526,#12526,#12528,.T.);
#12526 = VERTEX_POINT('',#12527);
#12527 = CARTESIAN_POINT('',(86.,-49.05,1.51));
#12528 = CIRCLE('',#12529,1.05);
#12529 = AXIS2_PLACEMENT_3D('',#12530,#12531,#12532);
#12530 = CARTESIAN_POINT('',(86.,-48.,1.51));
#12531 = DIRECTION('',(-0.,0.,-1.));
#12532 = DIRECTION('',(-0.,-1.,0.));
#12533 = FACE_BOUND('',#12534,.T.);
#12534 = EDGE_LOOP('',(#12535));
#12535 = ORIENTED_EDGE('',*,*,#12536,.F.);
#12536 = EDGE_CURVE('',#12537,#12537,#12539,.T.);
#12537 = VERTEX_POINT('',#12538);
#12538 = CARTESIAN_POINT('',(107.72,-58.81,1.51));
#12539 = CIRCLE('',#12540,1.95);
#12540 = AXIS2_PLACEMENT_3D('',#12541,#12542,#12543);
#12541 = CARTESIAN_POINT('',(105.77,-58.81,1.51));
#12542 = DIRECTION('',(0.,0.,1.));
#12543 = DIRECTION('',(1.,0.,-0.));
#12544 = FACE_BOUND('',#12545,.T.);
#12545 = EDGE_LOOP('',(#12546));
#12546 = ORIENTED_EDGE('',*,*,#12547,.T.);
#12547 = EDGE_CURVE('',#12548,#12548,#12550,.T.);
#12548 = VERTEX_POINT('',#12549);
#12549 = CARTESIAN_POINT('',(133.8,-70.868,1.51));
#12550 = CIRCLE('',#12551,0.508);
#12551 = AXIS2_PLACEMENT_3D('',#12552,#12553,#12554);
#12552 = CARTESIAN_POINT('',(133.8,-70.36,1.51));
#12553 = DIRECTION('',(-0.,0.,-1.));
#12554 = DIRECTION('',(-0.,-1.,0.));
#12555 = FACE_BOUND('',#12556,.T.);
#12556 = EDGE_LOOP('',(#12557));
#12557 = ORIENTED_EDGE('',*,*,#12558,.T.);
#12558 = EDGE_CURVE('',#12559,#12559,#12561,.T.);
#12559 = VERTEX_POINT('',#12560);
#12560 = CARTESIAN_POINT('',(133.8,-65.788,1.51));
#12561 = CIRCLE('',#12562,0.508);
#12562 = AXIS2_PLACEMENT_3D('',#12563,#12564,#12565);
#12563 = CARTESIAN_POINT('',(133.8,-65.28,1.51));
#12564 = DIRECTION('',(-0.,0.,-1.));
#12565 = DIRECTION('',(-0.,-1.,0.));
#12566 = FACE_BOUND('',#12567,.T.);
#12567 = EDGE_LOOP('',(#12568));
#12568 = ORIENTED_EDGE('',*,*,#12569,.T.);
#12569 = EDGE_CURVE('',#12570,#12570,#12572,.T.);
#12570 = VERTEX_POINT('',#12571);
#12571 = CARTESIAN_POINT('',(143.96,-60.708,1.51));
#12572 = CIRCLE('',#12573,0.508);
#12573 = AXIS2_PLACEMENT_3D('',#12574,#12575,#12576);
#12574 = CARTESIAN_POINT('',(143.96,-60.2,1.51));
#12575 = DIRECTION('',(-0.,0.,-1.));
#12576 = DIRECTION('',(5.594824691024E-14,-1.,-0.));
#12577 = FACE_BOUND('',#12578,.T.);
#12578 = EDGE_LOOP('',(#12579));
#12579 = ORIENTED_EDGE('',*,*,#12580,.T.);
#12580 = EDGE_CURVE('',#12581,#12581,#12583,.T.);
#12581 = VERTEX_POINT('',#12582);
#12582 = CARTESIAN_POINT('',(146.5,-60.708,1.51));
#12583 = CIRCLE('',#12584,0.508);
#12584 = AXIS2_PLACEMENT_3D('',#12585,#12586,#12587);
#12585 = CARTESIAN_POINT('',(146.5,-60.2,1.51));
#12586 = DIRECTION('',(-0.,0.,-1.));
#12587 = DIRECTION('',(-0.,-1.,0.));
#12588 = FACE_BOUND('',#12589,.T.);
#12589 = EDGE_LOOP('',(#12590));
#12590 = ORIENTED_EDGE('',*,*,#12591,.T.);
#12591 = EDGE_CURVE('',#12592,#12592,#12594,.T.);
#12592 = VERTEX_POINT('',#12593);
#12593 = CARTESIAN_POINT('',(149.04,-60.708,1.51));
#12594 = CIRCLE('',#12595,0.508);
#12595 = AXIS2_PLACEMENT_3D('',#12596,#12597,#12598);
#12596 = CARTESIAN_POINT('',(149.04,-60.2,1.51));
#12597 = DIRECTION('',(-0.,0.,-1.));
#12598 = DIRECTION('',(-5.594824691025E-14,-1.,0.));
#12599 = FACE_BOUND('',#12600,.T.);
#12600 = EDGE_LOOP('',(#12601));
#12601 = ORIENTED_EDGE('',*,*,#12602,.T.);
#12602 = EDGE_CURVE('',#12603,#12603,#12605,.T.);
#12603 = VERTEX_POINT('',#12604);
#12604 = CARTESIAN_POINT('',(151.58,-60.708,1.51));
#12605 = CIRCLE('',#12606,0.508);
#12606 = AXIS2_PLACEMENT_3D('',#12607,#12608,#12609);
#12607 = CARTESIAN_POINT('',(151.58,-60.2,1.51));
#12608 = DIRECTION('',(-0.,0.,-1.));
#12609 = DIRECTION('',(5.594824691024E-14,-1.,-0.));
#12610 = FACE_BOUND('',#12611,.T.);
#12611 = EDGE_LOOP('',(#12612));
#12612 = ORIENTED_EDGE('',*,*,#12613,.T.);
#12613 = EDGE_CURVE('',#12614,#12614,#12616,.T.);
#12614 = VERTEX_POINT('',#12615);
#12615 = CARTESIAN_POINT('',(154.12,-60.708,1.51));
#12616 = CIRCLE('',#12617,0.508);
#12617 = AXIS2_PLACEMENT_3D('',#12618,#12619,#12620);
#12618 = CARTESIAN_POINT('',(154.12,-60.2,1.51));
#12619 = DIRECTION('',(-0.,0.,-1.));
#12620 = DIRECTION('',(-0.,-1.,0.));
#12621 = FACE_BOUND('',#12622,.T.);
#12622 = EDGE_LOOP('',(#12623));
#12623 = ORIENTED_EDGE('',*,*,#12624,.T.);
#12624 = EDGE_CURVE('',#12625,#12625,#12627,.T.);
#12625 = VERTEX_POINT('',#12626);
#12626 = CARTESIAN_POINT('',(156.66,-60.708,1.51));
#12627 = CIRCLE('',#12628,0.508);
#12628 = AXIS2_PLACEMENT_3D('',#12629,#12630,#12631);
#12629 = CARTESIAN_POINT('',(156.66,-60.2,1.51));
#12630 = DIRECTION('',(-0.,0.,-1.));
#12631 = DIRECTION('',(-0.,-1.,0.));
#12632 = FACE_BOUND('',#12633,.T.);
#12633 = EDGE_LOOP('',(#12634));
#12634 = ORIENTED_EDGE('',*,*,#12635,.T.);
#12635 = EDGE_CURVE('',#12636,#12636,#12638,.T.);
#12636 = VERTEX_POINT('',#12637);
#12637 = CARTESIAN_POINT('',(159.2,-60.708,1.51));
#12638 = CIRCLE('',#12639,0.508);
#12639 = AXIS2_PLACEMENT_3D('',#12640,#12641,#12642);
#12640 = CARTESIAN_POINT('',(159.2,-60.2,1.51));
#12641 = DIRECTION('',(-0.,0.,-1.));
#12642 = DIRECTION('',(-0.,-1.,0.));
#12643 = FACE_BOUND('',#12644,.T.);
#12644 = EDGE_LOOP('',(#12645));
#12645 = ORIENTED_EDGE('',*,*,#12646,.T.);
#12646 = EDGE_CURVE('',#12647,#12647,#12649,.T.);
#12647 = VERTEX_POINT('',#12648);
#12648 = CARTESIAN_POINT('',(158.,-49.05,1.51));
#12649 = CIRCLE('',#12650,1.05);
#12650 = AXIS2_PLACEMENT_3D('',#12651,#12652,#12653);
#12651 = CARTESIAN_POINT('',(158.,-48.,1.51));
#12652 = DIRECTION('',(-0.,0.,-1.));
#12653 = DIRECTION('',(-0.,-1.,0.));
#12654 = PLANE('',#12655);
#12655 = AXIS2_PLACEMENT_3D('',#12656,#12657,#12658);
#12656 = CARTESIAN_POINT('',(0.,0.,1.51));
#12657 = DIRECTION('',(0.,0.,1.));
#12658 = DIRECTION('',(1.,0.,-0.));
#12659 = ADVANCED_FACE('',(#12660),#12671,.T.);
#12660 = FACE_BOUND('',#12661,.T.);
#12661 = EDGE_LOOP('',(#12662,#12668,#12669,#12670));
#12662 = ORIENTED_EDGE('',*,*,#12663,.T.);
#12663 = EDGE_CURVE('',#11704,#12185,#12664,.T.);
#12664 = LINE('',#12665,#12666);
#12665 = CARTESIAN_POINT('',(81.8,-45.25,0.));
#12666 = VECTOR('',#12667,1.);
#12667 = DIRECTION('',(0.,0.,1.));
#12668 = ORIENTED_EDGE('',*,*,#12184,.T.);
#12669 = ORIENTED_EDGE('',*,*,#11639,.F.);
#12670 = ORIENTED_EDGE('',*,*,#11703,.F.);
#12671 = CYLINDRICAL_SURFACE('',#12672,0.999999252925);
#12672 = AXIS2_PLACEMENT_3D('',#12673,#12674,#12675);
#12673 = CARTESIAN_POINT('',(82.799999252925,-45.24999925292,0.));
#12674 = DIRECTION('',(0.,0.,-1.));
#12675 = DIRECTION('',(-1.,-7.470757349539E-07,-0.));
#12676 = ADVANCED_FACE('',(#12677),#12688,.T.);
#12677 = FACE_BOUND('',#12678,.T.);
#12678 = EDGE_LOOP('',(#12679,#12680,#12681,#12687));
#12679 = ORIENTED_EDGE('',*,*,#11679,.T.);
#12680 = ORIENTED_EDGE('',*,*,#12218,.T.);
#12681 = ORIENTED_EDGE('',*,*,#12682,.F.);
#12682 = EDGE_CURVE('',#11730,#12211,#12683,.T.);
#12683 = LINE('',#12684,#12685);
#12684 = CARTESIAN_POINT('',(161.75,-104.7,0.));
#12685 = VECTOR('',#12686,1.);
#12686 = DIRECTION('',(0.,0.,1.));
#12687 = ORIENTED_EDGE('',*,*,#11737,.F.);
#12688 = CYLINDRICAL_SURFACE('',#12689,0.999999252925);
#12689 = AXIS2_PLACEMENT_3D('',#12690,#12691,#12692);
#12690 = CARTESIAN_POINT('',(161.75000074707,-103.700000747,0.));
#12691 = DIRECTION('',(0.,0.,-1.));
#12692 = DIRECTION('',(1.,7.470757349539E-07,0.));
#12693 = ADVANCED_FACE('',(#12694),#12705,.T.);
#12694 = FACE_BOUND('',#12695,.T.);
#12695 = EDGE_LOOP('',(#12696,#12702,#12703,#12704));
#12696 = ORIENTED_EDGE('',*,*,#12697,.T.);
#12697 = EDGE_CURVE('',#11713,#12194,#12698,.T.);
#12698 = LINE('',#12699,#12700);
#12699 = CARTESIAN_POINT('',(81.8,-103.7,0.));
#12700 = VECTOR('',#12701,1.);
#12701 = DIRECTION('',(0.,0.,1.));
#12702 = ORIENTED_EDGE('',*,*,#12193,.T.);
#12703 = ORIENTED_EDGE('',*,*,#12663,.F.);
#12704 = ORIENTED_EDGE('',*,*,#11712,.F.);
#12705 = PLANE('',#12706);
#12706 = AXIS2_PLACEMENT_3D('',#12707,#12708,#12709);
#12707 = CARTESIAN_POINT('',(81.8,-103.7,0.));
#12708 = DIRECTION('',(-1.,0.,0.));
#12709 = DIRECTION('',(0.,1.,0.));
#12710 = ADVANCED_FACE('',(#12711),#12722,.T.);
#12711 = FACE_BOUND('',#12712,.T.);
#12712 = EDGE_LOOP('',(#12713,#12714,#12715,#12721));
#12713 = ORIENTED_EDGE('',*,*,#12682,.T.);
#12714 = ORIENTED_EDGE('',*,*,#12210,.T.);
#12715 = ORIENTED_EDGE('',*,*,#12716,.F.);
#12716 = EDGE_CURVE('',#11721,#12202,#12717,.T.);
#12717 = LINE('',#12718,#12719);
#12718 = CARTESIAN_POINT('',(82.8,-104.7,0.));
#12719 = VECTOR('',#12720,1.);
#12720 = DIRECTION('',(0.,0.,1.));
#12721 = ORIENTED_EDGE('',*,*,#11729,.F.);
#12722 = PLANE('',#12723);
#12723 = AXIS2_PLACEMENT_3D('',#12724,#12725,#12726);
#12724 = CARTESIAN_POINT('',(161.75,-104.7,0.));
#12725 = DIRECTION('',(0.,-1.,0.));
#12726 = DIRECTION('',(-1.,0.,0.));
#12727 = ADVANCED_FACE('',(#12728),#12734,.T.);
#12728 = FACE_BOUND('',#12729,.T.);
#12729 = EDGE_LOOP('',(#12730,#12731,#12732,#12733));
#12730 = ORIENTED_EDGE('',*,*,#12716,.T.);
#12731 = ORIENTED_EDGE('',*,*,#12201,.T.);
#12732 = ORIENTED_EDGE('',*,*,#12697,.F.);
#12733 = ORIENTED_EDGE('',*,*,#11720,.F.);
#12734 = CYLINDRICAL_SURFACE('',#12735,0.999999252925);
#12735 = AXIS2_PLACEMENT_3D('',#12736,#12737,#12738);
#12736 = CARTESIAN_POINT('',(82.799999252925,-103.700000747,0.));
#12737 = DIRECTION('',(0.,0.,-1.));
#12738 = DIRECTION('',(7.470757065321E-07,-1.,0.));
#12739 = ADVANCED_FACE('',(#12740),#12751,.F.);
#12740 = FACE_BOUND('',#12741,.T.);
#12741 = EDGE_LOOP('',(#12742,#12743,#12749,#12750));
#12742 = ORIENTED_EDGE('',*,*,#11747,.T.);
#12743 = ORIENTED_EDGE('',*,*,#12744,.T.);
#12744 = EDGE_CURVE('',#11748,#12229,#12745,.T.);
#12745 = LINE('',#12746,#12747);
#12746 = CARTESIAN_POINT('',(86.,-101.05,-4.6E-02));
#12747 = VECTOR('',#12748,1.);
#12748 = DIRECTION('',(0.,0.,1.));
#12749 = ORIENTED_EDGE('',*,*,#12228,.F.);
#12750 = ORIENTED_EDGE('',*,*,#12744,.F.);
#12751 = CYLINDRICAL_SURFACE('',#12752,1.05);
#12752 = AXIS2_PLACEMENT_3D('',#12753,#12754,#12755);
#12753 = CARTESIAN_POINT('',(86.,-100.,-4.6E-02));
#12754 = DIRECTION('',(-0.,-0.,-1.));
#12755 = DIRECTION('',(-0.,-1.,0.));
#12756 = ADVANCED_FACE('',(#12757),#12768,.F.);
#12757 = FACE_BOUND('',#12758,.T.);
#12758 = EDGE_LOOP('',(#12759,#12760,#12766,#12767));
#12759 = ORIENTED_EDGE('',*,*,#11758,.T.);
#12760 = ORIENTED_EDGE('',*,*,#12761,.T.);
#12761 = EDGE_CURVE('',#11759,#12240,#12762,.T.);
#12762 = LINE('',#12763,#12764);
#12763 = CARTESIAN_POINT('',(103.6,-96.05,-4.6E-02));
#12764 = VECTOR('',#12765,1.);
#12765 = DIRECTION('',(0.,0.,1.));
#12766 = ORIENTED_EDGE('',*,*,#12239,.F.);
#12767 = ORIENTED_EDGE('',*,*,#12761,.F.);
#12768 = CYLINDRICAL_SURFACE('',#12769,0.55);
#12769 = AXIS2_PLACEMENT_3D('',#12770,#12771,#12772);
#12770 = CARTESIAN_POINT('',(103.6,-95.5,-4.6E-02));
#12771 = DIRECTION('',(-0.,-0.,-1.));
#12772 = DIRECTION('',(-0.,-1.,0.));
#12773 = ADVANCED_FACE('',(#12774),#12785,.F.);
#12774 = FACE_BOUND('',#12775,.T.);
#12775 = EDGE_LOOP('',(#12776,#12777,#12783,#12784));
#12776 = ORIENTED_EDGE('',*,*,#11769,.T.);
#12777 = ORIENTED_EDGE('',*,*,#12778,.T.);
#12778 = EDGE_CURVE('',#11770,#12251,#12779,.T.);
#12779 = LINE('',#12780,#12781);
#12780 = CARTESIAN_POINT('',(85.6,-90.98,-4.6E-02));
#12781 = VECTOR('',#12782,1.);
#12782 = DIRECTION('',(0.,0.,1.));
#12783 = ORIENTED_EDGE('',*,*,#12250,.F.);
#12784 = ORIENTED_EDGE('',*,*,#12778,.F.);
#12785 = CYLINDRICAL_SURFACE('',#12786,0.5);
#12786 = AXIS2_PLACEMENT_3D('',#12787,#12788,#12789);
#12787 = CARTESIAN_POINT('',(85.6,-90.48,-4.6E-02));
#12788 = DIRECTION('',(-0.,-0.,-1.));
#12789 = DIRECTION('',(-0.,-1.,0.));
#12790 = ADVANCED_FACE('',(#12791),#12802,.F.);
#12791 = FACE_BOUND('',#12792,.T.);
#12792 = EDGE_LOOP('',(#12793,#12794,#12800,#12801));
#12793 = ORIENTED_EDGE('',*,*,#11780,.T.);
#12794 = ORIENTED_EDGE('',*,*,#12795,.T.);
#12795 = EDGE_CURVE('',#11781,#12262,#12796,.T.);
#12796 = LINE('',#12797,#12798);
#12797 = CARTESIAN_POINT('',(85.6,-88.44,-4.6E-02));
#12798 = VECTOR('',#12799,1.);
#12799 = DIRECTION('',(0.,0.,1.));
#12800 = ORIENTED_EDGE('',*,*,#12261,.F.);
#12801 = ORIENTED_EDGE('',*,*,#12795,.F.);
#12802 = CYLINDRICAL_SURFACE('',#12803,0.5);
#12803 = AXIS2_PLACEMENT_3D('',#12804,#12805,#12806);
#12804 = CARTESIAN_POINT('',(85.6,-87.94,-4.6E-02));
#12805 = DIRECTION('',(-0.,-0.,-1.));
#12806 = DIRECTION('',(-0.,-1.,0.));
#12807 = ADVANCED_FACE('',(#12808),#12819,.F.);
#12808 = FACE_BOUND('',#12809,.T.);
#12809 = EDGE_LOOP('',(#12810,#12811,#12817,#12818));
#12810 = ORIENTED_EDGE('',*,*,#11791,.T.);
#12811 = ORIENTED_EDGE('',*,*,#12812,.T.);
#12812 = EDGE_CURVE('',#11792,#12273,#12813,.T.);
#12813 = LINE('',#12814,#12815);
#12814 = CARTESIAN_POINT('',(103.6,-91.55,-4.6E-02));
#12815 = VECTOR('',#12816,1.);
#12816 = DIRECTION('',(0.,0.,1.));
#12817 = ORIENTED_EDGE('',*,*,#12272,.F.);
#12818 = ORIENTED_EDGE('',*,*,#12812,.F.);
#12819 = CYLINDRICAL_SURFACE('',#12820,0.55);
#12820 = AXIS2_PLACEMENT_3D('',#12821,#12822,#12823);
#12821 = CARTESIAN_POINT('',(103.6,-91.,-4.6E-02));
#12822 = DIRECTION('',(-0.,-0.,-1.));
#12823 = DIRECTION('',(-0.,-1.,0.));
#12824 = ADVANCED_FACE('',(#12825),#12836,.F.);
#12825 = FACE_BOUND('',#12826,.T.);
#12826 = EDGE_LOOP('',(#12827,#12828,#12834,#12835));
#12827 = ORIENTED_EDGE('',*,*,#11802,.T.);
#12828 = ORIENTED_EDGE('',*,*,#12829,.T.);
#12829 = EDGE_CURVE('',#11803,#12284,#12830,.T.);
#12830 = LINE('',#12831,#12832);
#12831 = CARTESIAN_POINT('',(110.1,-96.05,-4.6E-02));
#12832 = VECTOR('',#12833,1.);
#12833 = DIRECTION('',(0.,0.,1.));
#12834 = ORIENTED_EDGE('',*,*,#12283,.F.);
#12835 = ORIENTED_EDGE('',*,*,#12829,.F.);
#12836 = CYLINDRICAL_SURFACE('',#12837,0.55);
#12837 = AXIS2_PLACEMENT_3D('',#12838,#12839,#12840);
#12838 = CARTESIAN_POINT('',(110.1,-95.5,-4.6E-02));
#12839 = DIRECTION('',(-0.,-0.,-1.));
#12840 = DIRECTION('',(-0.,-1.,0.));
#12841 = ADVANCED_FACE('',(#12842),#12853,.F.);
#12842 = FACE_BOUND('',#12843,.T.);
#12843 = EDGE_LOOP('',(#12844,#12845,#12851,#12852));
#12844 = ORIENTED_EDGE('',*,*,#11813,.T.);
#12845 = ORIENTED_EDGE('',*,*,#12846,.T.);
#12846 = EDGE_CURVE('',#11814,#12295,#12847,.T.);
#12847 = LINE('',#12848,#12849);
#12848 = CARTESIAN_POINT('',(110.1,-91.55,-4.6E-02));
#12849 = VECTOR('',#12850,1.);
#12850 = DIRECTION('',(0.,0.,1.));
#12851 = ORIENTED_EDGE('',*,*,#12294,.F.);
#12852 = ORIENTED_EDGE('',*,*,#12846,.F.);
#12853 = CYLINDRICAL_SURFACE('',#12854,0.55);
#12854 = AXIS2_PLACEMENT_3D('',#12855,#12856,#12857);
#12855 = CARTESIAN_POINT('',(110.1,-91.,-4.6E-02));
#12856 = DIRECTION('',(-0.,-0.,-1.));
#12857 = DIRECTION('',(-0.,-1.,0.));
#12858 = ADVANCED_FACE('',(#12859),#12870,.F.);
#12859 = FACE_BOUND('',#12860,.T.);
#12860 = EDGE_LOOP('',(#12861,#12862,#12868,#12869));
#12861 = ORIENTED_EDGE('',*,*,#11824,.T.);
#12862 = ORIENTED_EDGE('',*,*,#12863,.T.);
#12863 = EDGE_CURVE('',#11825,#12306,#12864,.T.);
#12864 = LINE('',#12865,#12866);
#12865 = CARTESIAN_POINT('',(85.6,-85.9,-4.6E-02));
#12866 = VECTOR('',#12867,1.);
#12867 = DIRECTION('',(0.,0.,1.));
#12868 = ORIENTED_EDGE('',*,*,#12305,.F.);
#12869 = ORIENTED_EDGE('',*,*,#12863,.F.);
#12870 = CYLINDRICAL_SURFACE('',#12871,0.5);
#12871 = AXIS2_PLACEMENT_3D('',#12872,#12873,#12874);
#12872 = CARTESIAN_POINT('',(85.6,-85.4,-4.6E-02));
#12873 = DIRECTION('',(-0.,-0.,-1.));
#12874 = DIRECTION('',(-0.,-1.,0.));
#12875 = ADVANCED_FACE('',(#12876),#12887,.F.);
#12876 = FACE_BOUND('',#12877,.T.);
#12877 = EDGE_LOOP('',(#12878,#12884,#12885,#12886));
#12878 = ORIENTED_EDGE('',*,*,#12879,.T.);
#12879 = EDGE_CURVE('',#11836,#12317,#12880,.T.);
#12880 = LINE('',#12881,#12882);
#12881 = CARTESIAN_POINT('',(98.07,-77.81,0.));
#12882 = VECTOR('',#12883,1.);
#12883 = DIRECTION('',(0.,0.,1.));
#12884 = ORIENTED_EDGE('',*,*,#12316,.T.);
#12885 = ORIENTED_EDGE('',*,*,#12879,.F.);
#12886 = ORIENTED_EDGE('',*,*,#11835,.F.);
#12887 = CYLINDRICAL_SURFACE('',#12888,1.3);
#12888 = AXIS2_PLACEMENT_3D('',#12889,#12890,#12891);
#12889 = CARTESIAN_POINT('',(96.77,-77.81,0.));
#12890 = DIRECTION('',(-0.,-0.,-1.));
#12891 = DIRECTION('',(1.,0.,-0.));
#12892 = ADVANCED_FACE('',(#12893),#12904,.F.);
#12893 = FACE_BOUND('',#12894,.T.);
#12894 = EDGE_LOOP('',(#12895,#12896,#12902,#12903));
#12895 = ORIENTED_EDGE('',*,*,#11846,.T.);
#12896 = ORIENTED_EDGE('',*,*,#12897,.T.);
#12897 = EDGE_CURVE('',#11847,#12328,#12898,.T.);
#12898 = LINE('',#12899,#12900);
#12899 = CARTESIAN_POINT('',(132.8,-94.79,-4.6E-02));
#12900 = VECTOR('',#12901,1.);
#12901 = DIRECTION('',(0.,0.,1.));
#12902 = ORIENTED_EDGE('',*,*,#12327,.F.);
#12903 = ORIENTED_EDGE('',*,*,#12897,.F.);
#12904 = CYLINDRICAL_SURFACE('',#12905,0.45);
#12905 = AXIS2_PLACEMENT_3D('',#12906,#12907,#12908);
#12906 = CARTESIAN_POINT('',(132.8,-94.34,-4.6E-02));
#12907 = DIRECTION('',(-0.,-0.,-1.));
#12908 = DIRECTION('',(-0.,-1.,0.));
#12909 = ADVANCED_FACE('',(#12910),#12921,.F.);
#12910 = FACE_BOUND('',#12911,.T.);
#12911 = EDGE_LOOP('',(#12912,#12913,#12919,#12920));
#12912 = ORIENTED_EDGE('',*,*,#11857,.T.);
#12913 = ORIENTED_EDGE('',*,*,#12914,.T.);
#12914 = EDGE_CURVE('',#11858,#12339,#12915,.T.);
#12915 = LINE('',#12916,#12917);
#12916 = CARTESIAN_POINT('',(132.8,-92.25,-4.6E-02));
#12917 = VECTOR('',#12918,1.);
#12918 = DIRECTION('',(0.,0.,1.));
#12919 = ORIENTED_EDGE('',*,*,#12338,.F.);
#12920 = ORIENTED_EDGE('',*,*,#12914,.F.);
#12921 = CYLINDRICAL_SURFACE('',#12922,0.45);
#12922 = AXIS2_PLACEMENT_3D('',#12923,#12924,#12925);
#12923 = CARTESIAN_POINT('',(132.8,-91.8,-4.6E-02));
#12924 = DIRECTION('',(-0.,-0.,-1.));
#12925 = DIRECTION('',(-0.,-1.,0.));
#12926 = ADVANCED_FACE('',(#12927),#12938,.F.);
#12927 = FACE_BOUND('',#12928,.T.);
#12928 = EDGE_LOOP('',(#12929,#12930,#12936,#12937));
#12929 = ORIENTED_EDGE('',*,*,#11868,.T.);
#12930 = ORIENTED_EDGE('',*,*,#12931,.T.);
#12931 = EDGE_CURVE('',#11869,#12350,#12932,.T.);
#12932 = LINE('',#12933,#12934);
#12933 = CARTESIAN_POINT('',(158.,-101.05,-4.6E-02));
#12934 = VECTOR('',#12935,1.);
#12935 = DIRECTION('',(0.,0.,1.));
#12936 = ORIENTED_EDGE('',*,*,#12349,.F.);
#12937 = ORIENTED_EDGE('',*,*,#12931,.F.);
#12938 = CYLINDRICAL_SURFACE('',#12939,1.05);
#12939 = AXIS2_PLACEMENT_3D('',#12940,#12941,#12942);
#12940 = CARTESIAN_POINT('',(158.,-100.,-4.6E-02));
#12941 = DIRECTION('',(-0.,-0.,-1.));
#12942 = DIRECTION('',(-0.,-1.,0.));
#12943 = ADVANCED_FACE('',(#12944),#12955,.F.);
#12944 = FACE_BOUND('',#12945,.T.);
#12945 = EDGE_LOOP('',(#12946,#12947,#12953,#12954));
#12946 = ORIENTED_EDGE('',*,*,#11879,.T.);
#12947 = ORIENTED_EDGE('',*,*,#12948,.T.);
#12948 = EDGE_CURVE('',#11880,#12361,#12949,.T.);
#12949 = LINE('',#12950,#12951);
#12950 = CARTESIAN_POINT('',(153.95,-93.175,-4.6E-02));
#12951 = VECTOR('',#12952,1.);
#12952 = DIRECTION('',(0.,0.,1.));
#12953 = ORIENTED_EDGE('',*,*,#12360,.F.);
#12954 = ORIENTED_EDGE('',*,*,#12948,.F.);
#12955 = CYLINDRICAL_SURFACE('',#12956,0.375);
#12956 = AXIS2_PLACEMENT_3D('',#12957,#12958,#12959);
#12957 = CARTESIAN_POINT('',(153.95,-92.8,-4.6E-02));
#12958 = DIRECTION('',(-0.,-0.,-1.));
#12959 = DIRECTION('',(-0.,-1.,0.));
#12960 = ADVANCED_FACE('',(#12961),#12972,.F.);
#12961 = FACE_BOUND('',#12962,.T.);
#12962 = EDGE_LOOP('',(#12963,#12964,#12970,#12971));
#12963 = ORIENTED_EDGE('',*,*,#11890,.T.);
#12964 = ORIENTED_EDGE('',*,*,#12965,.T.);
#12965 = EDGE_CURVE('',#11891,#12372,#12966,.T.);
#12966 = LINE('',#12967,#12968);
#12967 = CARTESIAN_POINT('',(153.95,-91.175,-4.6E-02));
#12968 = VECTOR('',#12969,1.);
#12969 = DIRECTION('',(0.,0.,1.));
#12970 = ORIENTED_EDGE('',*,*,#12371,.F.);
#12971 = ORIENTED_EDGE('',*,*,#12965,.F.);
#12972 = CYLINDRICAL_SURFACE('',#12973,0.375);
#12973 = AXIS2_PLACEMENT_3D('',#12974,#12975,#12976);
#12974 = CARTESIAN_POINT('',(153.95,-90.8,-4.6E-02));
#12975 = DIRECTION('',(-0.,-0.,-1.));
#12976 = DIRECTION('',(-0.,-1.,0.));
#12977 = ADVANCED_FACE('',(#12978),#12989,.F.);
#12978 = FACE_BOUND('',#12979,.T.);
#12979 = EDGE_LOOP('',(#12980,#12981,#12987,#12988));
#12980 = ORIENTED_EDGE('',*,*,#11901,.T.);
#12981 = ORIENTED_EDGE('',*,*,#12982,.T.);
#12982 = EDGE_CURVE('',#11902,#12383,#12983,.T.);
#12983 = LINE('',#12984,#12985);
#12984 = CARTESIAN_POINT('',(143.96,-75.948,-4.6E-02));
#12985 = VECTOR('',#12986,1.);
#12986 = DIRECTION('',(0.,0.,1.));
#12987 = ORIENTED_EDGE('',*,*,#12382,.F.);
#12988 = ORIENTED_EDGE('',*,*,#12982,.F.);
#12989 = CYLINDRICAL_SURFACE('',#12990,0.508);
#12990 = AXIS2_PLACEMENT_3D('',#12991,#12992,#12993);
#12991 = CARTESIAN_POINT('',(143.96,-75.44,-4.6E-02));
#12992 = DIRECTION('',(-0.,0.,-1.));
#12993 = DIRECTION('',(5.594824691024E-14,-1.,-0.));
#12994 = ADVANCED_FACE('',(#12995),#13006,.F.);
#12995 = FACE_BOUND('',#12996,.T.);
#12996 = EDGE_LOOP('',(#12997,#12998,#13004,#13005));
#12997 = ORIENTED_EDGE('',*,*,#11912,.T.);
#12998 = ORIENTED_EDGE('',*,*,#12999,.T.);
#12999 = EDGE_CURVE('',#11913,#12394,#13000,.T.);
#13000 = LINE('',#13001,#13002);
#13001 = CARTESIAN_POINT('',(146.5,-75.948,-4.6E-02));
#13002 = VECTOR('',#13003,1.);
#13003 = DIRECTION('',(0.,0.,1.));
#13004 = ORIENTED_EDGE('',*,*,#12393,.F.);
#13005 = ORIENTED_EDGE('',*,*,#12999,.F.);
#13006 = CYLINDRICAL_SURFACE('',#13007,0.508);
#13007 = AXIS2_PLACEMENT_3D('',#13008,#13009,#13010);
#13008 = CARTESIAN_POINT('',(146.5,-75.44,-4.6E-02));
#13009 = DIRECTION('',(-0.,-0.,-1.));
#13010 = DIRECTION('',(-0.,-1.,0.));
#13011 = ADVANCED_FACE('',(#13012),#13023,.F.);
#13012 = FACE_BOUND('',#13013,.T.);
#13013 = EDGE_LOOP('',(#13014,#13015,#13021,#13022));
#13014 = ORIENTED_EDGE('',*,*,#11923,.T.);
#13015 = ORIENTED_EDGE('',*,*,#13016,.T.);
#13016 = EDGE_CURVE('',#11924,#12405,#13017,.T.);
#13017 = LINE('',#13018,#13019);
#13018 = CARTESIAN_POINT('',(149.04,-75.948,-4.6E-02));
#13019 = VECTOR('',#13020,1.);
#13020 = DIRECTION('',(0.,0.,1.));
#13021 = ORIENTED_EDGE('',*,*,#12404,.F.);
#13022 = ORIENTED_EDGE('',*,*,#13016,.F.);
#13023 = CYLINDRICAL_SURFACE('',#13024,0.508);
#13024 = AXIS2_PLACEMENT_3D('',#13025,#13026,#13027);
#13025 = CARTESIAN_POINT('',(149.04,-75.44,-4.6E-02));
#13026 = DIRECTION('',(-0.,-0.,-1.));
#13027 = DIRECTION('',(-5.594824691025E-14,-1.,0.));
#13028 = ADVANCED_FACE('',(#13029),#13040,.F.);
#13029 = FACE_BOUND('',#13030,.T.);
#13030 = EDGE_LOOP('',(#13031,#13032,#13038,#13039));
#13031 = ORIENTED_EDGE('',*,*,#11934,.T.);
#13032 = ORIENTED_EDGE('',*,*,#13033,.T.);
#13033 = EDGE_CURVE('',#11935,#12416,#13034,.T.);
#13034 = LINE('',#13035,#13036);
#13035 = CARTESIAN_POINT('',(151.58,-75.948,-4.6E-02));
#13036 = VECTOR('',#13037,1.);
#13037 = DIRECTION('',(0.,0.,1.));
#13038 = ORIENTED_EDGE('',*,*,#12415,.F.);
#13039 = ORIENTED_EDGE('',*,*,#13033,.F.);
#13040 = CYLINDRICAL_SURFACE('',#13041,0.508);
#13041 = AXIS2_PLACEMENT_3D('',#13042,#13043,#13044);
#13042 = CARTESIAN_POINT('',(151.58,-75.44,-4.6E-02));
#13043 = DIRECTION('',(-0.,0.,-1.));
#13044 = DIRECTION('',(5.594824691024E-14,-1.,-0.));
#13045 = ADVANCED_FACE('',(#13046),#13057,.F.);
#13046 = FACE_BOUND('',#13047,.T.);
#13047 = EDGE_LOOP('',(#13048,#13049,#13055,#13056));
#13048 = ORIENTED_EDGE('',*,*,#11945,.T.);
#13049 = ORIENTED_EDGE('',*,*,#13050,.T.);
#13050 = EDGE_CURVE('',#11946,#12427,#13051,.T.);
#13051 = LINE('',#13052,#13053);
#13052 = CARTESIAN_POINT('',(154.12,-75.948,-4.6E-02));
#13053 = VECTOR('',#13054,1.);
#13054 = DIRECTION('',(0.,0.,1.));
#13055 = ORIENTED_EDGE('',*,*,#12426,.F.);
#13056 = ORIENTED_EDGE('',*,*,#13050,.F.);
#13057 = CYLINDRICAL_SURFACE('',#13058,0.508);
#13058 = AXIS2_PLACEMENT_3D('',#13059,#13060,#13061);
#13059 = CARTESIAN_POINT('',(154.12,-75.44,-4.6E-02));
#13060 = DIRECTION('',(-0.,-0.,-1.));
#13061 = DIRECTION('',(-0.,-1.,0.));
#13062 = ADVANCED_FACE('',(#13063),#13074,.F.);
#13063 = FACE_BOUND('',#13064,.T.);
#13064 = EDGE_LOOP('',(#13065,#13066,#13072,#13073));
#13065 = ORIENTED_EDGE('',*,*,#11956,.T.);
#13066 = ORIENTED_EDGE('',*,*,#13067,.T.);
#13067 = EDGE_CURVE('',#11957,#12438,#13068,.T.);
#13068 = LINE('',#13069,#13070);
#13069 = CARTESIAN_POINT('',(156.66,-75.948,-4.6E-02));
#13070 = VECTOR('',#13071,1.);
#13071 = DIRECTION('',(0.,0.,1.));
#13072 = ORIENTED_EDGE('',*,*,#12437,.F.);
#13073 = ORIENTED_EDGE('',*,*,#13067,.F.);
#13074 = CYLINDRICAL_SURFACE('',#13075,0.508);
#13075 = AXIS2_PLACEMENT_3D('',#13076,#13077,#13078);
#13076 = CARTESIAN_POINT('',(156.66,-75.44,-4.6E-02));
#13077 = DIRECTION('',(-0.,-0.,-1.));
#13078 = DIRECTION('',(-0.,-1.,0.));
#13079 = ADVANCED_FACE('',(#13080),#13091,.F.);
#13080 = FACE_BOUND('',#13081,.T.);
#13081 = EDGE_LOOP('',(#13082,#13083,#13089,#13090));
#13082 = ORIENTED_EDGE('',*,*,#11967,.T.);
#13083 = ORIENTED_EDGE('',*,*,#13084,.T.);
#13084 = EDGE_CURVE('',#11968,#12449,#13085,.T.);
#13085 = LINE('',#13086,#13087);
#13086 = CARTESIAN_POINT('',(159.2,-75.948,-4.6E-02));
#13087 = VECTOR('',#13088,1.);
#13088 = DIRECTION('',(0.,0.,1.));
#13089 = ORIENTED_EDGE('',*,*,#12448,.F.);
#13090 = ORIENTED_EDGE('',*,*,#13084,.F.);
#13091 = CYLINDRICAL_SURFACE('',#13092,0.508);
#13092 = AXIS2_PLACEMENT_3D('',#13093,#13094,#13095);
#13093 = CARTESIAN_POINT('',(159.2,-75.44,-4.6E-02));
#13094 = DIRECTION('',(-0.,-0.,-1.));
#13095 = DIRECTION('',(-0.,-1.,0.));
#13096 = ADVANCED_FACE('',(#13097),#13108,.F.);
#13097 = FACE_BOUND('',#13098,.T.);
#13098 = EDGE_LOOP('',(#13099,#13105,#13106,#13107));
#13099 = ORIENTED_EDGE('',*,*,#13100,.T.);
#13100 = EDGE_CURVE('',#11979,#12460,#13101,.T.);
#13101 = LINE('',#13102,#13103);
#13102 = CARTESIAN_POINT('',(93.22,-68.81,0.));
#13103 = VECTOR('',#13104,1.);
#13104 = DIRECTION('',(0.,0.,1.));
#13105 = ORIENTED_EDGE('',*,*,#12459,.T.);
#13106 = ORIENTED_EDGE('',*,*,#13100,.F.);
#13107 = ORIENTED_EDGE('',*,*,#11978,.F.);
#13108 = CYLINDRICAL_SURFACE('',#13109,0.95);
#13109 = AXIS2_PLACEMENT_3D('',#13110,#13111,#13112);
#13110 = CARTESIAN_POINT('',(92.27,-68.81,0.));
#13111 = DIRECTION('',(-0.,-0.,-1.));
#13112 = DIRECTION('',(1.,0.,-0.));
#13113 = ADVANCED_FACE('',(#13114),#13125,.F.);
#13114 = FACE_BOUND('',#13115,.T.);
#13115 = EDGE_LOOP('',(#13116,#13117,#13123,#13124));
#13116 = ORIENTED_EDGE('',*,*,#11989,.T.);
#13117 = ORIENTED_EDGE('',*,*,#13118,.T.);
#13118 = EDGE_CURVE('',#11990,#12471,#13119,.T.);
#13119 = LINE('',#13120,#13121);
#13120 = CARTESIAN_POINT('',(94.34,-73.045,-4.6E-02));
#13121 = VECTOR('',#13122,1.);
#13122 = DIRECTION('',(0.,0.,1.));
#13123 = ORIENTED_EDGE('',*,*,#12470,.F.);
#13124 = ORIENTED_EDGE('',*,*,#13118,.F.);
#13125 = CYLINDRICAL_SURFACE('',#13126,0.425);
#13126 = AXIS2_PLACEMENT_3D('',#13127,#13128,#13129);
#13127 = CARTESIAN_POINT('',(94.34,-72.62,-4.6E-02));
#13128 = DIRECTION('',(-0.,-0.,-1.));
#13129 = DIRECTION('',(-0.,-1.,0.));
#13130 = ADVANCED_FACE('',(#13131),#13142,.F.);
#13131 = FACE_BOUND('',#13132,.T.);
#13132 = EDGE_LOOP('',(#13133,#13134,#13140,#13141));
#13133 = ORIENTED_EDGE('',*,*,#12000,.T.);
#13134 = ORIENTED_EDGE('',*,*,#13135,.T.);
#13135 = EDGE_CURVE('',#12001,#12482,#13136,.T.);
#13136 = LINE('',#13137,#13138);
#13137 = CARTESIAN_POINT('',(94.34,-65.425,-4.6E-02));
#13138 = VECTOR('',#13139,1.);
#13139 = DIRECTION('',(0.,0.,1.));
#13140 = ORIENTED_EDGE('',*,*,#12481,.F.);
#13141 = ORIENTED_EDGE('',*,*,#13135,.F.);
#13142 = CYLINDRICAL_SURFACE('',#13143,0.425);
#13143 = AXIS2_PLACEMENT_3D('',#13144,#13145,#13146);
#13144 = CARTESIAN_POINT('',(94.34,-65.,-4.6E-02));
#13145 = DIRECTION('',(-0.,-0.,-1.));
#13146 = DIRECTION('',(-0.,-1.,0.));
#13147 = ADVANCED_FACE('',(#13148),#13159,.F.);
#13148 = FACE_BOUND('',#13149,.T.);
#13149 = EDGE_LOOP('',(#13150,#13151,#13157,#13158));
#13150 = ORIENTED_EDGE('',*,*,#12011,.T.);
#13151 = ORIENTED_EDGE('',*,*,#13152,.T.);
#13152 = EDGE_CURVE('',#12012,#12493,#13153,.T.);
#13153 = LINE('',#13154,#13155);
#13154 = CARTESIAN_POINT('',(117.2,-73.045,-4.6E-02));
#13155 = VECTOR('',#13156,1.);
#13156 = DIRECTION('',(0.,0.,1.));
#13157 = ORIENTED_EDGE('',*,*,#12492,.F.);
#13158 = ORIENTED_EDGE('',*,*,#13152,.F.);
#13159 = CYLINDRICAL_SURFACE('',#13160,0.425);
#13160 = AXIS2_PLACEMENT_3D('',#13161,#13162,#13163);
#13161 = CARTESIAN_POINT('',(117.2,-72.62,-4.6E-02));
#13162 = DIRECTION('',(-0.,-0.,-1.));
#13163 = DIRECTION('',(-0.,-1.,0.));
#13164 = ADVANCED_FACE('',(#13165),#13176,.F.);
#13165 = FACE_BOUND('',#13166,.T.);
#13166 = EDGE_LOOP('',(#13167,#13173,#13174,#13175));
#13167 = ORIENTED_EDGE('',*,*,#13168,.T.);
#13168 = EDGE_CURVE('',#12023,#12504,#13169,.T.);
#13169 = LINE('',#13170,#13171);
#13170 = CARTESIAN_POINT('',(120.22,-68.81,0.));
#13171 = VECTOR('',#13172,1.);
#13172 = DIRECTION('',(0.,0.,1.));
#13173 = ORIENTED_EDGE('',*,*,#12503,.T.);
#13174 = ORIENTED_EDGE('',*,*,#13168,.F.);
#13175 = ORIENTED_EDGE('',*,*,#12022,.F.);
#13176 = CYLINDRICAL_SURFACE('',#13177,0.95);
#13177 = AXIS2_PLACEMENT_3D('',#13178,#13179,#13180);
#13178 = CARTESIAN_POINT('',(119.27,-68.81,0.));
#13179 = DIRECTION('',(-0.,-0.,-1.));
#13180 = DIRECTION('',(1.,0.,-0.));
#13181 = ADVANCED_FACE('',(#13182),#13193,.F.);
#13182 = FACE_BOUND('',#13183,.T.);
#13183 = EDGE_LOOP('',(#13184,#13185,#13191,#13192));
#13184 = ORIENTED_EDGE('',*,*,#12033,.T.);
#13185 = ORIENTED_EDGE('',*,*,#13186,.T.);
#13186 = EDGE_CURVE('',#12034,#12515,#13187,.T.);
#13187 = LINE('',#13188,#13189);
#13188 = CARTESIAN_POINT('',(117.2,-65.425,-4.6E-02));
#13189 = VECTOR('',#13190,1.);
#13190 = DIRECTION('',(0.,0.,1.));
#13191 = ORIENTED_EDGE('',*,*,#12514,.F.);
#13192 = ORIENTED_EDGE('',*,*,#13186,.F.);
#13193 = CYLINDRICAL_SURFACE('',#13194,0.425);
#13194 = AXIS2_PLACEMENT_3D('',#13195,#13196,#13197);
#13195 = CARTESIAN_POINT('',(117.2,-65.,-4.6E-02));
#13196 = DIRECTION('',(-0.,-0.,-1.));
#13197 = DIRECTION('',(-0.,-1.,0.));
#13198 = ADVANCED_FACE('',(#13199),#13210,.F.);
#13199 = FACE_BOUND('',#13200,.T.);
#13200 = EDGE_LOOP('',(#13201,#13202,#13208,#13209));
#13201 = ORIENTED_EDGE('',*,*,#12044,.T.);
#13202 = ORIENTED_EDGE('',*,*,#13203,.T.);
#13203 = EDGE_CURVE('',#12045,#12526,#13204,.T.);
#13204 = LINE('',#13205,#13206);
#13205 = CARTESIAN_POINT('',(86.,-49.05,-4.6E-02));
#13206 = VECTOR('',#13207,1.);
#13207 = DIRECTION('',(0.,0.,1.));
#13208 = ORIENTED_EDGE('',*,*,#12525,.F.);
#13209 = ORIENTED_EDGE('',*,*,#13203,.F.);
#13210 = CYLINDRICAL_SURFACE('',#13211,1.05);
#13211 = AXIS2_PLACEMENT_3D('',#13212,#13213,#13214);
#13212 = CARTESIAN_POINT('',(86.,-48.,-4.6E-02));
#13213 = DIRECTION('',(-0.,-0.,-1.));
#13214 = DIRECTION('',(-0.,-1.,0.));
#13215 = ADVANCED_FACE('',(#13216),#13227,.F.);
#13216 = FACE_BOUND('',#13217,.T.);
#13217 = EDGE_LOOP('',(#13218,#13224,#13225,#13226));
#13218 = ORIENTED_EDGE('',*,*,#13219,.T.);
#13219 = EDGE_CURVE('',#12056,#12537,#13220,.T.);
#13220 = LINE('',#13221,#13222);
#13221 = CARTESIAN_POINT('',(107.72,-58.81,0.));
#13222 = VECTOR('',#13223,1.);
#13223 = DIRECTION('',(0.,0.,1.));
#13224 = ORIENTED_EDGE('',*,*,#12536,.T.);
#13225 = ORIENTED_EDGE('',*,*,#13219,.F.);
#13226 = ORIENTED_EDGE('',*,*,#12055,.F.);
#13227 = CYLINDRICAL_SURFACE('',#13228,1.95);
#13228 = AXIS2_PLACEMENT_3D('',#13229,#13230,#13231);
#13229 = CARTESIAN_POINT('',(105.77,-58.81,0.));
#13230 = DIRECTION('',(-0.,-0.,-1.));
#13231 = DIRECTION('',(1.,0.,-0.));
#13232 = ADVANCED_FACE('',(#13233),#13244,.F.);
#13233 = FACE_BOUND('',#13234,.T.);
#13234 = EDGE_LOOP('',(#13235,#13236,#13242,#13243));
#13235 = ORIENTED_EDGE('',*,*,#12066,.T.);
#13236 = ORIENTED_EDGE('',*,*,#13237,.T.);
#13237 = EDGE_CURVE('',#12067,#12548,#13238,.T.);
#13238 = LINE('',#13239,#13240);
#13239 = CARTESIAN_POINT('',(133.8,-70.868,-4.6E-02));
#13240 = VECTOR('',#13241,1.);
#13241 = DIRECTION('',(0.,0.,1.));
#13242 = ORIENTED_EDGE('',*,*,#12547,.F.);
#13243 = ORIENTED_EDGE('',*,*,#13237,.F.);
#13244 = CYLINDRICAL_SURFACE('',#13245,0.508);
#13245 = AXIS2_PLACEMENT_3D('',#13246,#13247,#13248);
#13246 = CARTESIAN_POINT('',(133.8,-70.36,-4.6E-02));
#13247 = DIRECTION('',(-0.,-0.,-1.));
#13248 = DIRECTION('',(-0.,-1.,0.));
#13249 = ADVANCED_FACE('',(#13250),#13261,.F.);
#13250 = FACE_BOUND('',#13251,.T.);
#13251 = EDGE_LOOP('',(#13252,#13253,#13259,#13260));
#13252 = ORIENTED_EDGE('',*,*,#12077,.T.);
#13253 = ORIENTED_EDGE('',*,*,#13254,.T.);
#13254 = EDGE_CURVE('',#12078,#12559,#13255,.T.);
#13255 = LINE('',#13256,#13257);
#13256 = CARTESIAN_POINT('',(133.8,-65.788,-4.6E-02));
#13257 = VECTOR('',#13258,1.);
#13258 = DIRECTION('',(0.,0.,1.));
#13259 = ORIENTED_EDGE('',*,*,#12558,.F.);
#13260 = ORIENTED_EDGE('',*,*,#13254,.F.);
#13261 = CYLINDRICAL_SURFACE('',#13262,0.508);
#13262 = AXIS2_PLACEMENT_3D('',#13263,#13264,#13265);
#13263 = CARTESIAN_POINT('',(133.8,-65.28,-4.6E-02));
#13264 = DIRECTION('',(-0.,-0.,-1.));
#13265 = DIRECTION('',(-0.,-1.,0.));
#13266 = ADVANCED_FACE('',(#13267),#13278,.F.);
#13267 = FACE_BOUND('',#13268,.T.);
#13268 = EDGE_LOOP('',(#13269,#13270,#13276,#13277));
#13269 = ORIENTED_EDGE('',*,*,#12088,.T.);
#13270 = ORIENTED_EDGE('',*,*,#13271,.T.);
#13271 = EDGE_CURVE('',#12089,#12570,#13272,.T.);
#13272 = LINE('',#13273,#13274);
#13273 = CARTESIAN_POINT('',(143.96,-60.708,-4.6E-02));
#13274 = VECTOR('',#13275,1.);
#13275 = DIRECTION('',(0.,0.,1.));
#13276 = ORIENTED_EDGE('',*,*,#12569,.F.);
#13277 = ORIENTED_EDGE('',*,*,#13271,.F.);
#13278 = CYLINDRICAL_SURFACE('',#13279,0.508);
#13279 = AXIS2_PLACEMENT_3D('',#13280,#13281,#13282);
#13280 = CARTESIAN_POINT('',(143.96,-60.2,-4.6E-02));
#13281 = DIRECTION('',(-0.,0.,-1.));
#13282 = DIRECTION('',(5.594824691024E-14,-1.,-0.));
#13283 = ADVANCED_FACE('',(#13284),#13295,.F.);
#13284 = FACE_BOUND('',#13285,.T.);
#13285 = EDGE_LOOP('',(#13286,#13287,#13293,#13294));
#13286 = ORIENTED_EDGE('',*,*,#12099,.T.);
#13287 = ORIENTED_EDGE('',*,*,#13288,.T.);
#13288 = EDGE_CURVE('',#12100,#12581,#13289,.T.);
#13289 = LINE('',#13290,#13291);
#13290 = CARTESIAN_POINT('',(146.5,-60.708,-4.6E-02));
#13291 = VECTOR('',#13292,1.);
#13292 = DIRECTION('',(0.,0.,1.));
#13293 = ORIENTED_EDGE('',*,*,#12580,.F.);
#13294 = ORIENTED_EDGE('',*,*,#13288,.F.);
#13295 = CYLINDRICAL_SURFACE('',#13296,0.508);
#13296 = AXIS2_PLACEMENT_3D('',#13297,#13298,#13299);
#13297 = CARTESIAN_POINT('',(146.5,-60.2,-4.6E-02));
#13298 = DIRECTION('',(-0.,-0.,-1.));
#13299 = DIRECTION('',(-0.,-1.,0.));
#13300 = ADVANCED_FACE('',(#13301),#13312,.F.);
#13301 = FACE_BOUND('',#13302,.T.);
#13302 = EDGE_LOOP('',(#13303,#13304,#13310,#13311));
#13303 = ORIENTED_EDGE('',*,*,#12110,.T.);
#13304 = ORIENTED_EDGE('',*,*,#13305,.T.);
#13305 = EDGE_CURVE('',#12111,#12592,#13306,.T.);
#13306 = LINE('',#13307,#13308);
#13307 = CARTESIAN_POINT('',(149.04,-60.708,-4.6E-02));
#13308 = VECTOR('',#13309,1.);
#13309 = DIRECTION('',(0.,0.,1.));
#13310 = ORIENTED_EDGE('',*,*,#12591,.F.);
#13311 = ORIENTED_EDGE('',*,*,#13305,.F.);
#13312 = CYLINDRICAL_SURFACE('',#13313,0.508);
#13313 = AXIS2_PLACEMENT_3D('',#13314,#13315,#13316);
#13314 = CARTESIAN_POINT('',(149.04,-60.2,-4.6E-02));
#13315 = DIRECTION('',(-0.,-0.,-1.));
#13316 = DIRECTION('',(-5.594824691025E-14,-1.,0.));
#13317 = ADVANCED_FACE('',(#13318),#13329,.F.);
#13318 = FACE_BOUND('',#13319,.T.);
#13319 = EDGE_LOOP('',(#13320,#13321,#13327,#13328));
#13320 = ORIENTED_EDGE('',*,*,#12121,.T.);
#13321 = ORIENTED_EDGE('',*,*,#13322,.T.);
#13322 = EDGE_CURVE('',#12122,#12603,#13323,.T.);
#13323 = LINE('',#13324,#13325);
#13324 = CARTESIAN_POINT('',(151.58,-60.708,-4.6E-02));
#13325 = VECTOR('',#13326,1.);
#13326 = DIRECTION('',(0.,0.,1.));
#13327 = ORIENTED_EDGE('',*,*,#12602,.F.);
#13328 = ORIENTED_EDGE('',*,*,#13322,.F.);
#13329 = CYLINDRICAL_SURFACE('',#13330,0.508);
#13330 = AXIS2_PLACEMENT_3D('',#13331,#13332,#13333);
#13331 = CARTESIAN_POINT('',(151.58,-60.2,-4.6E-02));
#13332 = DIRECTION('',(-0.,0.,-1.));
#13333 = DIRECTION('',(5.594824691024E-14,-1.,-0.));
#13334 = ADVANCED_FACE('',(#13335),#13346,.F.);
#13335 = FACE_BOUND('',#13336,.T.);
#13336 = EDGE_LOOP('',(#13337,#13338,#13344,#13345));
#13337 = ORIENTED_EDGE('',*,*,#12132,.T.);
#13338 = ORIENTED_EDGE('',*,*,#13339,.T.);
#13339 = EDGE_CURVE('',#12133,#12614,#13340,.T.);
#13340 = LINE('',#13341,#13342);
#13341 = CARTESIAN_POINT('',(154.12,-60.708,-4.6E-02));
#13342 = VECTOR('',#13343,1.);
#13343 = DIRECTION('',(0.,0.,1.));
#13344 = ORIENTED_EDGE('',*,*,#12613,.F.);
#13345 = ORIENTED_EDGE('',*,*,#13339,.F.);
#13346 = CYLINDRICAL_SURFACE('',#13347,0.508);
#13347 = AXIS2_PLACEMENT_3D('',#13348,#13349,#13350);
#13348 = CARTESIAN_POINT('',(154.12,-60.2,-4.6E-02));
#13349 = DIRECTION('',(-0.,-0.,-1.));
#13350 = DIRECTION('',(-0.,-1.,0.));
#13351 = ADVANCED_FACE('',(#13352),#13363,.F.);
#13352 = FACE_BOUND('',#13353,.T.);
#13353 = EDGE_LOOP('',(#13354,#13355,#13361,#13362));
#13354 = ORIENTED_EDGE('',*,*,#12143,.T.);
#13355 = ORIENTED_EDGE('',*,*,#13356,.T.);
#13356 = EDGE_CURVE('',#12144,#12625,#13357,.T.);
#13357 = LINE('',#13358,#13359);
#13358 = CARTESIAN_POINT('',(156.66,-60.708,-4.6E-02));
#13359 = VECTOR('',#13360,1.);
#13360 = DIRECTION('',(0.,0.,1.));
#13361 = ORIENTED_EDGE('',*,*,#12624,.F.);
#13362 = ORIENTED_EDGE('',*,*,#13356,.F.);
#13363 = CYLINDRICAL_SURFACE('',#13364,0.508);
#13364 = AXIS2_PLACEMENT_3D('',#13365,#13366,#13367);
#13365 = CARTESIAN_POINT('',(156.66,-60.2,-4.6E-02));
#13366 = DIRECTION('',(-0.,-0.,-1.));
#13367 = DIRECTION('',(-0.,-1.,0.));
#13368 = ADVANCED_FACE('',(#13369),#13380,.F.);
#13369 = FACE_BOUND('',#13370,.T.);
#13370 = EDGE_LOOP('',(#13371,#13372,#13378,#13379));
#13371 = ORIENTED_EDGE('',*,*,#12154,.T.);
#13372 = ORIENTED_EDGE('',*,*,#13373,.T.);
#13373 = EDGE_CURVE('',#12155,#12636,#13374,.T.);
#13374 = LINE('',#13375,#13376);
#13375 = CARTESIAN_POINT('',(159.2,-60.708,-4.6E-02));
#13376 = VECTOR('',#13377,1.);
#13377 = DIRECTION('',(0.,0.,1.));
#13378 = ORIENTED_EDGE('',*,*,#12635,.F.);
#13379 = ORIENTED_EDGE('',*,*,#13373,.F.);
#13380 = CYLINDRICAL_SURFACE('',#13381,0.508);
#13381 = AXIS2_PLACEMENT_3D('',#13382,#13383,#13384);
#13382 = CARTESIAN_POINT('',(159.2,-60.2,-4.6E-02));
#13383 = DIRECTION('',(-0.,-0.,-1.));
#13384 = DIRECTION('',(-0.,-1.,0.));
#13385 = ADVANCED_FACE('',(#13386),#13397,.F.);
#13386 = FACE_BOUND('',#13387,.T.);
#13387 = EDGE_LOOP('',(#13388,#13389,#13395,#13396));
#13388 = ORIENTED_EDGE('',*,*,#12165,.T.);
#13389 = ORIENTED_EDGE('',*,*,#13390,.T.);
#13390 = EDGE_CURVE('',#12166,#12647,#13391,.T.);
#13391 = LINE('',#13392,#13393);
#13392 = CARTESIAN_POINT('',(158.,-49.05,-4.6E-02));
#13393 = VECTOR('',#13394,1.);
#13394 = DIRECTION('',(0.,0.,1.));
#13395 = ORIENTED_EDGE('',*,*,#12646,.F.);
#13396 = ORIENTED_EDGE('',*,*,#13390,.F.);
#13397 = CYLINDRICAL_SURFACE('',#13398,1.05);
#13398 = AXIS2_PLACEMENT_3D('',#13399,#13400,#13401);
#13399 = CARTESIAN_POINT('',(158.,-48.,-4.6E-02));
#13400 = DIRECTION('',(-0.,-0.,-1.));
#13401 = DIRECTION('',(-0.,-1.,0.));
#13402 = ( GEOMETRIC_REPRESENTATION_CONTEXT(3) 
GLOBAL_UNCERTAINTY_ASSIGNED_CONTEXT((#13406)) 
GLOBAL_UNIT_ASSIGNED_CONTEXT((#13403,#13404,#13405)) 
REPRESENTATION_CONTEXT('Context #1',
  '3D Context with UNIT and UNCERTAINTY') );
#13403 = ( LENGTH_UNIT() NAMED_UNIT(*) SI_UNIT(.MILLI.,.METRE.) );
#13404 = ( NAMED_UNIT(*) PLANE_ANGLE_UNIT() SI_UNIT($,.RADIAN.) );
#13405 = ( NAMED_UNIT(*) SI_UNIT($,.STERADIAN.) SOLID_ANGLE_UNIT() );
#13406 = UNCERTAINTY_MEASURE_WITH_UNIT(LENGTH_MEASURE(1.E-07),#13403,
  'distance_accuracy_value','confusion accuracy');
#13407 = CONTEXT_DEPENDENT_SHAPE_REPRESENTATION(#13408,#13410);
#13408 = ( REPRESENTATION_RELATIONSHIP('','',#11590,#10) 
REPRESENTATION_RELATIONSHIP_WITH_TRANSFORMATION(#13409) 
SHAPE_REPRESENTATION_RELATIONSHIP() );
#13409 = ITEM_DEFINED_TRANSFORMATION('','',#11,#47);
#13410 = PRODUCT_DEFINITION_SHAPE('Placement','Placement of an item',
  #13411);
#13411 = NEXT_ASSEMBLY_USAGE_OCCURRENCE('9','=>[0:1:1:8]','',#5,#11585,$
  );
#13412 = PRODUCT_RELATED_PRODUCT_CATEGORY('part',$,(#11587));
#13413 = MECHANICAL_DESIGN_GEOMETRIC_PRESENTATION_REPRESENTATION('',(
    #13414,#13422,#13429,#13437,#13444,#13451,#13458,#13465,#13472,
    #13479,#13486,#13493,#13500,#13507,#13514,#13521,#13528,#13535,
    #13542,#13549,#13556,#13563,#13570,#13577,#13584,#13591,#13598,
    #13605,#13612,#13619,#13626,#13633,#13640,#13647,#13654,#13661,
    #13668,#13675,#13682,#13689,#13696,#13703,#13710,#13717,#13724,
    #13731,#13738,#13745,#13752,#13759,#13766,#13773,#13780,#13787,
    #13794,#13801,#13808,#13815,#13822,#13829,#13836,#13843,#13850,
    #13857,#13864,#13871,#13878,#13885,#13892,#13899,#13906,#13913,
    #13920,#13927,#13934,#13941,#13948,#13955,#13962,#13969,#13976,
    #13983,#13990,#13997,#14004,#14011,#14018,#14025,#14032,#14039,
    #14046,#14053,#14060,#14067,#14074,#14081,#14088,#14095,#14102,
    #14109,#14116,#14123,#14130,#14137,#14144),#9880);
#13414 = STYLED_ITEM('color',(#13415),#6653);
#13415 = PRESENTATION_STYLE_ASSIGNMENT((#13416));
#13416 = SURFACE_STYLE_USAGE(.BOTH.,#13417);
#13417 = SURFACE_SIDE_STYLE('',(#13418));
#13418 = SURFACE_STYLE_FILL_AREA(#13419);
#13419 = FILL_AREA_STYLE('',(#13420));
#13420 = FILL_AREA_STYLE_COLOUR('',#13421);
#13421 = COLOUR_RGB('',0.147999998088,0.144999993226,0.144999993226);
#13422 = STYLED_ITEM('color',(#13423),#6670);
#13423 = PRESENTATION_STYLE_ASSIGNMENT((#13424));
#13424 = SURFACE_STYLE_USAGE(.BOTH.,#13425);
#13425 = SURFACE_SIDE_STYLE('',(#13426));
#13426 = SURFACE_STYLE_FILL_AREA(#13427);
#13427 = FILL_AREA_STYLE('',(#13428));
#13428 = FILL_AREA_STYLE_COLOUR('',#13421);
#13429 = STYLED_ITEM('color',(#13430),#6695);
#13430 = PRESENTATION_STYLE_ASSIGNMENT((#13431));
#13431 = SURFACE_STYLE_USAGE(.BOTH.,#13432);
#13432 = SURFACE_SIDE_STYLE('',(#13433));
#13433 = SURFACE_STYLE_FILL_AREA(#13434);
#13434 = FILL_AREA_STYLE('',(#13435));
#13435 = FILL_AREA_STYLE_COLOUR('',#13436);
#13436 = COLOUR_RGB('',0.823999987314,0.819999987296,0.781000009244);
#13437 = STYLED_ITEM('color',(#13438),#6818);
#13438 = PRESENTATION_STYLE_ASSIGNMENT((#13439));
#13439 = SURFACE_STYLE_USAGE(.BOTH.,#13440);
#13440 = SURFACE_SIDE_STYLE('',(#13441));
#13441 = SURFACE_STYLE_FILL_AREA(#13442);
#13442 = FILL_AREA_STYLE('',(#13443));
#13443 = FILL_AREA_STYLE_COLOUR('',#13436);
#13444 = STYLED_ITEM('color',(#13445),#6849);
#13445 = PRESENTATION_STYLE_ASSIGNMENT((#13446));
#13446 = SURFACE_STYLE_USAGE(.BOTH.,#13447);
#13447 = SURFACE_SIDE_STYLE('',(#13448));
#13448 = SURFACE_STYLE_FILL_AREA(#13449);
#13449 = FILL_AREA_STYLE('',(#13450));
#13450 = FILL_AREA_STYLE_COLOUR('',#13436);
#13451 = STYLED_ITEM('color',(#13452),#6874);
#13452 = PRESENTATION_STYLE_ASSIGNMENT((#13453));
#13453 = SURFACE_STYLE_USAGE(.BOTH.,#13454);
#13454 = SURFACE_SIDE_STYLE('',(#13455));
#13455 = SURFACE_STYLE_FILL_AREA(#13456);
#13456 = FILL_AREA_STYLE('',(#13457));
#13457 = FILL_AREA_STYLE_COLOUR('',#13436);
#13458 = STYLED_ITEM('color',(#13459),#6899);
#13459 = PRESENTATION_STYLE_ASSIGNMENT((#13460));
#13460 = SURFACE_STYLE_USAGE(.BOTH.,#13461);
#13461 = SURFACE_SIDE_STYLE('',(#13462));
#13462 = SURFACE_STYLE_FILL_AREA(#13463);
#13463 = FILL_AREA_STYLE('',(#13464));
#13464 = FILL_AREA_STYLE_COLOUR('',#13436);
#13465 = STYLED_ITEM('color',(#13466),#6923);
#13466 = PRESENTATION_STYLE_ASSIGNMENT((#13467));
#13467 = SURFACE_STYLE_USAGE(.BOTH.,#13468);
#13468 = SURFACE_SIDE_STYLE('',(#13469));
#13469 = SURFACE_STYLE_FILL_AREA(#13470);
#13470 = FILL_AREA_STYLE('',(#13471));
#13471 = FILL_AREA_STYLE_COLOUR('',#13436);
#13472 = STYLED_ITEM('color',(#13473),#6947);
#13473 = PRESENTATION_STYLE_ASSIGNMENT((#13474));
#13474 = SURFACE_STYLE_USAGE(.BOTH.,#13475);
#13475 = SURFACE_SIDE_STYLE('',(#13476));
#13476 = SURFACE_STYLE_FILL_AREA(#13477);
#13477 = FILL_AREA_STYLE('',(#13478));
#13478 = FILL_AREA_STYLE_COLOUR('',#13436);
#13479 = STYLED_ITEM('color',(#13480),#6972);
#13480 = PRESENTATION_STYLE_ASSIGNMENT((#13481));
#13481 = SURFACE_STYLE_USAGE(.BOTH.,#13482);
#13482 = SURFACE_SIDE_STYLE('',(#13483));
#13483 = SURFACE_STYLE_FILL_AREA(#13484);
#13484 = FILL_AREA_STYLE('',(#13485));
#13485 = FILL_AREA_STYLE_COLOUR('',#13436);
#13486 = STYLED_ITEM('color',(#13487),#6997);
#13487 = PRESENTATION_STYLE_ASSIGNMENT((#13488));
#13488 = SURFACE_STYLE_USAGE(.BOTH.,#13489);
#13489 = SURFACE_SIDE_STYLE('',(#13490));
#13490 = SURFACE_STYLE_FILL_AREA(#13491);
#13491 = FILL_AREA_STYLE('',(#13492));
#13492 = FILL_AREA_STYLE_COLOUR('',#13436);
#13493 = STYLED_ITEM('color',(#13494),#7014);
#13494 = PRESENTATION_STYLE_ASSIGNMENT((#13495));
#13495 = SURFACE_STYLE_USAGE(.BOTH.,#13496);
#13496 = SURFACE_SIDE_STYLE('',(#13497));
#13497 = SURFACE_STYLE_FILL_AREA(#13498);
#13498 = FILL_AREA_STYLE('',(#13499));
#13499 = FILL_AREA_STYLE_COLOUR('',#13421);
#13500 = STYLED_ITEM('color',(#13501),#7039);
#13501 = PRESENTATION_STYLE_ASSIGNMENT((#13502));
#13502 = SURFACE_STYLE_USAGE(.BOTH.,#13503);
#13503 = SURFACE_SIDE_STYLE('',(#13504));
#13504 = SURFACE_STYLE_FILL_AREA(#13505);
#13505 = FILL_AREA_STYLE('',(#13506));
#13506 = FILL_AREA_STYLE_COLOUR('',#13421);
#13507 = STYLED_ITEM('color',(#13508),#7064);
#13508 = PRESENTATION_STYLE_ASSIGNMENT((#13509));
#13509 = SURFACE_STYLE_USAGE(.BOTH.,#13510);
#13510 = SURFACE_SIDE_STYLE('',(#13511));
#13511 = SURFACE_STYLE_FILL_AREA(#13512);
#13512 = FILL_AREA_STYLE('',(#13513));
#13513 = FILL_AREA_STYLE_COLOUR('',#13421);
#13514 = STYLED_ITEM('color',(#13515),#7089);
#13515 = PRESENTATION_STYLE_ASSIGNMENT((#13516));
#13516 = SURFACE_STYLE_USAGE(.BOTH.,#13517);
#13517 = SURFACE_SIDE_STYLE('',(#13518));
#13518 = SURFACE_STYLE_FILL_AREA(#13519);
#13519 = FILL_AREA_STYLE('',(#13520));
#13520 = FILL_AREA_STYLE_COLOUR('',#13421);
#13521 = STYLED_ITEM('color',(#13522),#7114);
#13522 = PRESENTATION_STYLE_ASSIGNMENT((#13523));
#13523 = SURFACE_STYLE_USAGE(.BOTH.,#13524);
#13524 = SURFACE_SIDE_STYLE('',(#13525));
#13525 = SURFACE_STYLE_FILL_AREA(#13526);
#13526 = FILL_AREA_STYLE('',(#13527));
#13527 = FILL_AREA_STYLE_COLOUR('',#13421);
#13528 = STYLED_ITEM('color',(#13529),#7145);
#13529 = PRESENTATION_STYLE_ASSIGNMENT((#13530));
#13530 = SURFACE_STYLE_USAGE(.BOTH.,#13531);
#13531 = SURFACE_SIDE_STYLE('',(#13532));
#13532 = SURFACE_STYLE_FILL_AREA(#13533);
#13533 = FILL_AREA_STYLE('',(#13534));
#13534 = FILL_AREA_STYLE_COLOUR('',#13421);
#13535 = STYLED_ITEM('color',(#13536),#7170);
#13536 = PRESENTATION_STYLE_ASSIGNMENT((#13537));
#13537 = SURFACE_STYLE_USAGE(.BOTH.,#13538);
#13538 = SURFACE_SIDE_STYLE('',(#13539));
#13539 = SURFACE_STYLE_FILL_AREA(#13540);
#13540 = FILL_AREA_STYLE('',(#13541));
#13541 = FILL_AREA_STYLE_COLOUR('',#13421);
#13542 = STYLED_ITEM('color',(#13543),#7195);
#13543 = PRESENTATION_STYLE_ASSIGNMENT((#13544));
#13544 = SURFACE_STYLE_USAGE(.BOTH.,#13545);
#13545 = SURFACE_SIDE_STYLE('',(#13546));
#13546 = SURFACE_STYLE_FILL_AREA(#13547);
#13547 = FILL_AREA_STYLE('',(#13548));
#13548 = FILL_AREA_STYLE_COLOUR('',#13421);
#13549 = STYLED_ITEM('color',(#13550),#7283);
#13550 = PRESENTATION_STYLE_ASSIGNMENT((#13551));
#13551 = SURFACE_STYLE_USAGE(.BOTH.,#13552);
#13552 = SURFACE_SIDE_STYLE('',(#13553));
#13553 = SURFACE_STYLE_FILL_AREA(#13554);
#13554 = FILL_AREA_STYLE('',(#13555));
#13555 = FILL_AREA_STYLE_COLOUR('',#13421);
#13556 = STYLED_ITEM('color',(#13557),#7371);
#13557 = PRESENTATION_STYLE_ASSIGNMENT((#13558));
#13558 = SURFACE_STYLE_USAGE(.BOTH.,#13559);
#13559 = SURFACE_SIDE_STYLE('',(#13560));
#13560 = SURFACE_STYLE_FILL_AREA(#13561);
#13561 = FILL_AREA_STYLE('',(#13562));
#13562 = FILL_AREA_STYLE_COLOUR('',#13421);
#13563 = STYLED_ITEM('color',(#13564),#7396);
#13564 = PRESENTATION_STYLE_ASSIGNMENT((#13565));
#13565 = SURFACE_STYLE_USAGE(.BOTH.,#13566);
#13566 = SURFACE_SIDE_STYLE('',(#13567));
#13567 = SURFACE_STYLE_FILL_AREA(#13568);
#13568 = FILL_AREA_STYLE('',(#13569));
#13569 = FILL_AREA_STYLE_COLOUR('',#13421);
#13570 = STYLED_ITEM('color',(#13571),#7421);
#13571 = PRESENTATION_STYLE_ASSIGNMENT((#13572));
#13572 = SURFACE_STYLE_USAGE(.BOTH.,#13573);
#13573 = SURFACE_SIDE_STYLE('',(#13574));
#13574 = SURFACE_STYLE_FILL_AREA(#13575);
#13575 = FILL_AREA_STYLE('',(#13576));
#13576 = FILL_AREA_STYLE_COLOUR('',#13421);
#13577 = STYLED_ITEM('color',(#13578),#7438);
#13578 = PRESENTATION_STYLE_ASSIGNMENT((#13579));
#13579 = SURFACE_STYLE_USAGE(.BOTH.,#13580);
#13580 = SURFACE_SIDE_STYLE('',(#13581));
#13581 = SURFACE_STYLE_FILL_AREA(#13582);
#13582 = FILL_AREA_STYLE('',(#13583));
#13583 = FILL_AREA_STYLE_COLOUR('',#13421);
#13584 = STYLED_ITEM('color',(#13585),#7447);
#13585 = PRESENTATION_STYLE_ASSIGNMENT((#13586));
#13586 = SURFACE_STYLE_USAGE(.BOTH.,#13587);
#13587 = SURFACE_SIDE_STYLE('',(#13588));
#13588 = SURFACE_STYLE_FILL_AREA(#13589);
#13589 = FILL_AREA_STYLE('',(#13590));
#13590 = FILL_AREA_STYLE_COLOUR('',#13421);
#13591 = STYLED_ITEM('color',(#13592),#7473);
#13592 = PRESENTATION_STYLE_ASSIGNMENT((#13593));
#13593 = SURFACE_STYLE_USAGE(.BOTH.,#13594);
#13594 = SURFACE_SIDE_STYLE('',(#13595));
#13595 = SURFACE_STYLE_FILL_AREA(#13596);
#13596 = FILL_AREA_STYLE('',(#13597));
#13597 = FILL_AREA_STYLE_COLOUR('',#13421);
#13598 = STYLED_ITEM('color',(#13599),#7482);
#13599 = PRESENTATION_STYLE_ASSIGNMENT((#13600));
#13600 = SURFACE_STYLE_USAGE(.BOTH.,#13601);
#13601 = SURFACE_SIDE_STYLE('',(#13602));
#13602 = SURFACE_STYLE_FILL_AREA(#13603);
#13603 = FILL_AREA_STYLE('',(#13604));
#13604 = FILL_AREA_STYLE_COLOUR('',#13421);
#13605 = STYLED_ITEM('color',(#13606),#7491);
#13606 = PRESENTATION_STYLE_ASSIGNMENT((#13607));
#13607 = SURFACE_STYLE_USAGE(.BOTH.,#13608);
#13608 = SURFACE_SIDE_STYLE('',(#13609));
#13609 = SURFACE_STYLE_FILL_AREA(#13610);
#13610 = FILL_AREA_STYLE('',(#13611));
#13611 = FILL_AREA_STYLE_COLOUR('',#13421);
#13612 = STYLED_ITEM('color',(#13613),#7535);
#13613 = PRESENTATION_STYLE_ASSIGNMENT((#13614));
#13614 = SURFACE_STYLE_USAGE(.BOTH.,#13615);
#13615 = SURFACE_SIDE_STYLE('',(#13616));
#13616 = SURFACE_STYLE_FILL_AREA(#13617);
#13617 = FILL_AREA_STYLE('',(#13618));
#13618 = FILL_AREA_STYLE_COLOUR('',#13436);
#13619 = STYLED_ITEM('color',(#13620),#7685);
#13620 = PRESENTATION_STYLE_ASSIGNMENT((#13621));
#13621 = SURFACE_STYLE_USAGE(.BOTH.,#13622);
#13622 = SURFACE_SIDE_STYLE('',(#13623));
#13623 = SURFACE_STYLE_FILL_AREA(#13624);
#13624 = FILL_AREA_STYLE('',(#13625));
#13625 = FILL_AREA_STYLE_COLOUR('',#13436);
#13626 = STYLED_ITEM('color',(#13627),#7709);
#13627 = PRESENTATION_STYLE_ASSIGNMENT((#13628));
#13628 = SURFACE_STYLE_USAGE(.BOTH.,#13629);
#13629 = SURFACE_SIDE_STYLE('',(#13630));
#13630 = SURFACE_STYLE_FILL_AREA(#13631);
#13631 = FILL_AREA_STYLE('',(#13632));
#13632 = FILL_AREA_STYLE_COLOUR('',#13436);
#13633 = STYLED_ITEM('color',(#13634),#7852);
#13634 = PRESENTATION_STYLE_ASSIGNMENT((#13635));
#13635 = SURFACE_STYLE_USAGE(.BOTH.,#13636);
#13636 = SURFACE_SIDE_STYLE('',(#13637));
#13637 = SURFACE_STYLE_FILL_AREA(#13638);
#13638 = FILL_AREA_STYLE('',(#13639));
#13639 = FILL_AREA_STYLE_COLOUR('',#13436);
#13640 = STYLED_ITEM('color',(#13641),#8002);
#13641 = PRESENTATION_STYLE_ASSIGNMENT((#13642));
#13642 = SURFACE_STYLE_USAGE(.BOTH.,#13643);
#13643 = SURFACE_SIDE_STYLE('',(#13644));
#13644 = SURFACE_STYLE_FILL_AREA(#13645);
#13645 = FILL_AREA_STYLE('',(#13646));
#13646 = FILL_AREA_STYLE_COLOUR('',#13436);
#13647 = STYLED_ITEM('color',(#13648),#8152);
#13648 = PRESENTATION_STYLE_ASSIGNMENT((#13649));
#13649 = SURFACE_STYLE_USAGE(.BOTH.,#13650);
#13650 = SURFACE_SIDE_STYLE('',(#13651));
#13651 = SURFACE_STYLE_FILL_AREA(#13652);
#13652 = FILL_AREA_STYLE('',(#13653));
#13653 = FILL_AREA_STYLE_COLOUR('',#13436);
#13654 = STYLED_ITEM('color',(#13655),#8169);
#13655 = PRESENTATION_STYLE_ASSIGNMENT((#13656));
#13656 = SURFACE_STYLE_USAGE(.BOTH.,#13657);
#13657 = SURFACE_SIDE_STYLE('',(#13658));
#13658 = SURFACE_STYLE_FILL_AREA(#13659);
#13659 = FILL_AREA_STYLE('',(#13660));
#13660 = FILL_AREA_STYLE_COLOUR('',#13436);
#13661 = STYLED_ITEM('color',(#13662),#8319);
#13662 = PRESENTATION_STYLE_ASSIGNMENT((#13663));
#13663 = SURFACE_STYLE_USAGE(.BOTH.,#13664);
#13664 = SURFACE_SIDE_STYLE('',(#13665));
#13665 = SURFACE_STYLE_FILL_AREA(#13666);
#13666 = FILL_AREA_STYLE('',(#13667));
#13667 = FILL_AREA_STYLE_COLOUR('',#13436);
#13668 = STYLED_ITEM('color',(#13669),#8343);
#13669 = PRESENTATION_STYLE_ASSIGNMENT((#13670));
#13670 = SURFACE_STYLE_USAGE(.BOTH.,#13671);
#13671 = SURFACE_SIDE_STYLE('',(#13672));
#13672 = SURFACE_STYLE_FILL_AREA(#13673);
#13673 = FILL_AREA_STYLE('',(#13674));
#13674 = FILL_AREA_STYLE_COLOUR('',#13436);
#13675 = STYLED_ITEM('color',(#13676),#8486);
#13676 = PRESENTATION_STYLE_ASSIGNMENT((#13677));
#13677 = SURFACE_STYLE_USAGE(.BOTH.,#13678);
#13678 = SURFACE_SIDE_STYLE('',(#13679));
#13679 = SURFACE_STYLE_FILL_AREA(#13680);
#13680 = FILL_AREA_STYLE('',(#13681));
#13681 = FILL_AREA_STYLE_COLOUR('',#13436);
#13682 = STYLED_ITEM('color',(#13683),#8636);
#13683 = PRESENTATION_STYLE_ASSIGNMENT((#13684));
#13684 = SURFACE_STYLE_USAGE(.BOTH.,#13685);
#13685 = SURFACE_SIDE_STYLE('',(#13686));
#13686 = SURFACE_STYLE_FILL_AREA(#13687);
#13687 = FILL_AREA_STYLE('',(#13688));
#13688 = FILL_AREA_STYLE_COLOUR('',#13436);
#13689 = STYLED_ITEM('color',(#13690),#8786);
#13690 = PRESENTATION_STYLE_ASSIGNMENT((#13691));
#13691 = SURFACE_STYLE_USAGE(.BOTH.,#13692);
#13692 = SURFACE_SIDE_STYLE('',(#13693));
#13693 = SURFACE_STYLE_FILL_AREA(#13694);
#13694 = FILL_AREA_STYLE('',(#13695));
#13695 = FILL_AREA_STYLE_COLOUR('',#13436);
#13696 = STYLED_ITEM('color',(#13697),#8803);
#13697 = PRESENTATION_STYLE_ASSIGNMENT((#13698));
#13698 = SURFACE_STYLE_USAGE(.BOTH.,#13699);
#13699 = SURFACE_SIDE_STYLE('',(#13700));
#13700 = SURFACE_STYLE_FILL_AREA(#13701);
#13701 = FILL_AREA_STYLE('',(#13702));
#13702 = FILL_AREA_STYLE_COLOUR('',#13421);
#13703 = STYLED_ITEM('color',(#13704),#8812);
#13704 = PRESENTATION_STYLE_ASSIGNMENT((#13705));
#13705 = SURFACE_STYLE_USAGE(.BOTH.,#13706);
#13706 = SURFACE_SIDE_STYLE('',(#13707));
#13707 = SURFACE_STYLE_FILL_AREA(#13708);
#13708 = FILL_AREA_STYLE('',(#13709));
#13709 = FILL_AREA_STYLE_COLOUR('',#13436);
#13710 = STYLED_ITEM('color',(#13711),#8829);
#13711 = PRESENTATION_STYLE_ASSIGNMENT((#13712));
#13712 = SURFACE_STYLE_USAGE(.BOTH.,#13713);
#13713 = SURFACE_SIDE_STYLE('',(#13714));
#13714 = SURFACE_STYLE_FILL_AREA(#13715);
#13715 = FILL_AREA_STYLE('',(#13716));
#13716 = FILL_AREA_STYLE_COLOUR('',#13436);
#13717 = STYLED_ITEM('color',(#13718),#8846);
#13718 = PRESENTATION_STYLE_ASSIGNMENT((#13719));
#13719 = SURFACE_STYLE_USAGE(.BOTH.,#13720);
#13720 = SURFACE_SIDE_STYLE('',(#13721));
#13721 = SURFACE_STYLE_FILL_AREA(#13722);
#13722 = FILL_AREA_STYLE('',(#13723));
#13723 = FILL_AREA_STYLE_COLOUR('',#13436);
#13724 = STYLED_ITEM('color',(#13725),#8863);
#13725 = PRESENTATION_STYLE_ASSIGNMENT((#13726));
#13726 = SURFACE_STYLE_USAGE(.BOTH.,#13727);
#13727 = SURFACE_SIDE_STYLE('',(#13728));
#13728 = SURFACE_STYLE_FILL_AREA(#13729);
#13729 = FILL_AREA_STYLE('',(#13730));
#13730 = FILL_AREA_STYLE_COLOUR('',#13436);
#13731 = STYLED_ITEM('color',(#13732),#8880);
#13732 = PRESENTATION_STYLE_ASSIGNMENT((#13733));
#13733 = SURFACE_STYLE_USAGE(.BOTH.,#13734);
#13734 = SURFACE_SIDE_STYLE('',(#13735));
#13735 = SURFACE_STYLE_FILL_AREA(#13736);
#13736 = FILL_AREA_STYLE('',(#13737));
#13737 = FILL_AREA_STYLE_COLOUR('',#13436);
#13738 = STYLED_ITEM('color',(#13739),#8902);
#13739 = PRESENTATION_STYLE_ASSIGNMENT((#13740));
#13740 = SURFACE_STYLE_USAGE(.BOTH.,#13741);
#13741 = SURFACE_SIDE_STYLE('',(#13742));
#13742 = SURFACE_STYLE_FILL_AREA(#13743);
#13743 = FILL_AREA_STYLE('',(#13744));
#13744 = FILL_AREA_STYLE_COLOUR('',#13436);
#13745 = STYLED_ITEM('color',(#13746),#8919);
#13746 = PRESENTATION_STYLE_ASSIGNMENT((#13747));
#13747 = SURFACE_STYLE_USAGE(.BOTH.,#13748);
#13748 = SURFACE_SIDE_STYLE('',(#13749));
#13749 = SURFACE_STYLE_FILL_AREA(#13750);
#13750 = FILL_AREA_STYLE('',(#13751));
#13751 = FILL_AREA_STYLE_COLOUR('',#13436);
#13752 = STYLED_ITEM('color',(#13753),#8936);
#13753 = PRESENTATION_STYLE_ASSIGNMENT((#13754));
#13754 = SURFACE_STYLE_USAGE(.BOTH.,#13755);
#13755 = SURFACE_SIDE_STYLE('',(#13756));
#13756 = SURFACE_STYLE_FILL_AREA(#13757);
#13757 = FILL_AREA_STYLE('',(#13758));
#13758 = FILL_AREA_STYLE_COLOUR('',#13436);
#13759 = STYLED_ITEM('color',(#13760),#8953);
#13760 = PRESENTATION_STYLE_ASSIGNMENT((#13761));
#13761 = SURFACE_STYLE_USAGE(.BOTH.,#13762);
#13762 = SURFACE_SIDE_STYLE('',(#13763));
#13763 = SURFACE_STYLE_FILL_AREA(#13764);
#13764 = FILL_AREA_STYLE('',(#13765));
#13765 = FILL_AREA_STYLE_COLOUR('',#13436);
#13766 = STYLED_ITEM('color',(#13767),#8970);
#13767 = PRESENTATION_STYLE_ASSIGNMENT((#13768));
#13768 = SURFACE_STYLE_USAGE(.BOTH.,#13769);
#13769 = SURFACE_SIDE_STYLE('',(#13770));
#13770 = SURFACE_STYLE_FILL_AREA(#13771);
#13771 = FILL_AREA_STYLE('',(#13772));
#13772 = FILL_AREA_STYLE_COLOUR('',#13436);
#13773 = STYLED_ITEM('color',(#13774),#8982);
#13774 = PRESENTATION_STYLE_ASSIGNMENT((#13775));
#13775 = SURFACE_STYLE_USAGE(.BOTH.,#13776);
#13776 = SURFACE_SIDE_STYLE('',(#13777));
#13777 = SURFACE_STYLE_FILL_AREA(#13778);
#13778 = FILL_AREA_STYLE('',(#13779));
#13779 = FILL_AREA_STYLE_COLOUR('',#13436);
#13780 = STYLED_ITEM('color',(#13781),#8999);
#13781 = PRESENTATION_STYLE_ASSIGNMENT((#13782));
#13782 = SURFACE_STYLE_USAGE(.BOTH.,#13783);
#13783 = SURFACE_SIDE_STYLE('',(#13784));
#13784 = SURFACE_STYLE_FILL_AREA(#13785);
#13785 = FILL_AREA_STYLE('',(#13786));
#13786 = FILL_AREA_STYLE_COLOUR('',#13436);
#13787 = STYLED_ITEM('color',(#13788),#9016);
#13788 = PRESENTATION_STYLE_ASSIGNMENT((#13789));
#13789 = SURFACE_STYLE_USAGE(.BOTH.,#13790);
#13790 = SURFACE_SIDE_STYLE('',(#13791));
#13791 = SURFACE_STYLE_FILL_AREA(#13792);
#13792 = FILL_AREA_STYLE('',(#13793));
#13793 = FILL_AREA_STYLE_COLOUR('',#13436);
#13794 = STYLED_ITEM('color',(#13795),#9033);
#13795 = PRESENTATION_STYLE_ASSIGNMENT((#13796));
#13796 = SURFACE_STYLE_USAGE(.BOTH.,#13797);
#13797 = SURFACE_SIDE_STYLE('',(#13798));
#13798 = SURFACE_STYLE_FILL_AREA(#13799);
#13799 = FILL_AREA_STYLE('',(#13800));
#13800 = FILL_AREA_STYLE_COLOUR('',#13436);
#13801 = STYLED_ITEM('color',(#13802),#9050);
#13802 = PRESENTATION_STYLE_ASSIGNMENT((#13803));
#13803 = SURFACE_STYLE_USAGE(.BOTH.,#13804);
#13804 = SURFACE_SIDE_STYLE('',(#13805));
#13805 = SURFACE_STYLE_FILL_AREA(#13806);
#13806 = FILL_AREA_STYLE('',(#13807));
#13807 = FILL_AREA_STYLE_COLOUR('',#13436);
#13808 = STYLED_ITEM('color',(#13809),#9067);
#13809 = PRESENTATION_STYLE_ASSIGNMENT((#13810));
#13810 = SURFACE_STYLE_USAGE(.BOTH.,#13811);
#13811 = SURFACE_SIDE_STYLE('',(#13812));
#13812 = SURFACE_STYLE_FILL_AREA(#13813);
#13813 = FILL_AREA_STYLE('',(#13814));
#13814 = FILL_AREA_STYLE_COLOUR('',#13436);
#13815 = STYLED_ITEM('color',(#13816),#9084);
#13816 = PRESENTATION_STYLE_ASSIGNMENT((#13817));
#13817 = SURFACE_STYLE_USAGE(.BOTH.,#13818);
#13818 = SURFACE_SIDE_STYLE('',(#13819));
#13819 = SURFACE_STYLE_FILL_AREA(#13820);
#13820 = FILL_AREA_STYLE('',(#13821));
#13821 = FILL_AREA_STYLE_COLOUR('',#13436);
#13822 = STYLED_ITEM('color',(#13823),#9101);
#13823 = PRESENTATION_STYLE_ASSIGNMENT((#13824));
#13824 = SURFACE_STYLE_USAGE(.BOTH.,#13825);
#13825 = SURFACE_SIDE_STYLE('',(#13826));
#13826 = SURFACE_STYLE_FILL_AREA(#13827);
#13827 = FILL_AREA_STYLE('',(#13828));
#13828 = FILL_AREA_STYLE_COLOUR('',#13436);
#13829 = STYLED_ITEM('color',(#13830),#9118);
#13830 = PRESENTATION_STYLE_ASSIGNMENT((#13831));
#13831 = SURFACE_STYLE_USAGE(.BOTH.,#13832);
#13832 = SURFACE_SIDE_STYLE('',(#13833));
#13833 = SURFACE_STYLE_FILL_AREA(#13834);
#13834 = FILL_AREA_STYLE('',(#13835));
#13835 = FILL_AREA_STYLE_COLOUR('',#13436);
#13836 = STYLED_ITEM('color',(#13837),#9130);
#13837 = PRESENTATION_STYLE_ASSIGNMENT((#13838));
#13838 = SURFACE_STYLE_USAGE(.BOTH.,#13839);
#13839 = SURFACE_SIDE_STYLE('',(#13840));
#13840 = SURFACE_STYLE_FILL_AREA(#13841);
#13841 = FILL_AREA_STYLE('',(#13842));
#13842 = FILL_AREA_STYLE_COLOUR('',#13436);
#13843 = STYLED_ITEM('color',(#13844),#9152);
#13844 = PRESENTATION_STYLE_ASSIGNMENT((#13845));
#13845 = SURFACE_STYLE_USAGE(.BOTH.,#13846);
#13846 = SURFACE_SIDE_STYLE('',(#13847));
#13847 = SURFACE_STYLE_FILL_AREA(#13848);
#13848 = FILL_AREA_STYLE('',(#13849));
#13849 = FILL_AREA_STYLE_COLOUR('',#13436);
#13850 = STYLED_ITEM('color',(#13851),#9169);
#13851 = PRESENTATION_STYLE_ASSIGNMENT((#13852));
#13852 = SURFACE_STYLE_USAGE(.BOTH.,#13853);
#13853 = SURFACE_SIDE_STYLE('',(#13854));
#13854 = SURFACE_STYLE_FILL_AREA(#13855);
#13855 = FILL_AREA_STYLE('',(#13856));
#13856 = FILL_AREA_STYLE_COLOUR('',#13436);
#13857 = STYLED_ITEM('color',(#13858),#9186);
#13858 = PRESENTATION_STYLE_ASSIGNMENT((#13859));
#13859 = SURFACE_STYLE_USAGE(.BOTH.,#13860);
#13860 = SURFACE_SIDE_STYLE('',(#13861));
#13861 = SURFACE_STYLE_FILL_AREA(#13862);
#13862 = FILL_AREA_STYLE('',(#13863));
#13863 = FILL_AREA_STYLE_COLOUR('',#13436);
#13864 = STYLED_ITEM('color',(#13865),#9203);
#13865 = PRESENTATION_STYLE_ASSIGNMENT((#13866));
#13866 = SURFACE_STYLE_USAGE(.BOTH.,#13867);
#13867 = SURFACE_SIDE_STYLE('',(#13868));
#13868 = SURFACE_STYLE_FILL_AREA(#13869);
#13869 = FILL_AREA_STYLE('',(#13870));
#13870 = FILL_AREA_STYLE_COLOUR('',#13436);
#13871 = STYLED_ITEM('color',(#13872),#9220);
#13872 = PRESENTATION_STYLE_ASSIGNMENT((#13873));
#13873 = SURFACE_STYLE_USAGE(.BOTH.,#13874);
#13874 = SURFACE_SIDE_STYLE('',(#13875));
#13875 = SURFACE_STYLE_FILL_AREA(#13876);
#13876 = FILL_AREA_STYLE('',(#13877));
#13877 = FILL_AREA_STYLE_COLOUR('',#13436);
#13878 = STYLED_ITEM('color',(#13879),#9232);
#13879 = PRESENTATION_STYLE_ASSIGNMENT((#13880));
#13880 = SURFACE_STYLE_USAGE(.BOTH.,#13881);
#13881 = SURFACE_SIDE_STYLE('',(#13882));
#13882 = SURFACE_STYLE_FILL_AREA(#13883);
#13883 = FILL_AREA_STYLE('',(#13884));
#13884 = FILL_AREA_STYLE_COLOUR('',#13436);
#13885 = STYLED_ITEM('color',(#13886),#9249);
#13886 = PRESENTATION_STYLE_ASSIGNMENT((#13887));
#13887 = SURFACE_STYLE_USAGE(.BOTH.,#13888);
#13888 = SURFACE_SIDE_STYLE('',(#13889));
#13889 = SURFACE_STYLE_FILL_AREA(#13890);
#13890 = FILL_AREA_STYLE('',(#13891));
#13891 = FILL_AREA_STYLE_COLOUR('',#13436);
#13892 = STYLED_ITEM('color',(#13893),#9266);
#13893 = PRESENTATION_STYLE_ASSIGNMENT((#13894));
#13894 = SURFACE_STYLE_USAGE(.BOTH.,#13895);
#13895 = SURFACE_SIDE_STYLE('',(#13896));
#13896 = SURFACE_STYLE_FILL_AREA(#13897);
#13897 = FILL_AREA_STYLE('',(#13898));
#13898 = FILL_AREA_STYLE_COLOUR('',#13436);
#13899 = STYLED_ITEM('color',(#13900),#9283);
#13900 = PRESENTATION_STYLE_ASSIGNMENT((#13901));
#13901 = SURFACE_STYLE_USAGE(.BOTH.,#13902);
#13902 = SURFACE_SIDE_STYLE('',(#13903));
#13903 = SURFACE_STYLE_FILL_AREA(#13904);
#13904 = FILL_AREA_STYLE('',(#13905));
#13905 = FILL_AREA_STYLE_COLOUR('',#13436);
#13906 = STYLED_ITEM('color',(#13907),#9300);
#13907 = PRESENTATION_STYLE_ASSIGNMENT((#13908));
#13908 = SURFACE_STYLE_USAGE(.BOTH.,#13909);
#13909 = SURFACE_SIDE_STYLE('',(#13910));
#13910 = SURFACE_STYLE_FILL_AREA(#13911);
#13911 = FILL_AREA_STYLE('',(#13912));
#13912 = FILL_AREA_STYLE_COLOUR('',#13436);
#13913 = STYLED_ITEM('color',(#13914),#9317);
#13914 = PRESENTATION_STYLE_ASSIGNMENT((#13915));
#13915 = SURFACE_STYLE_USAGE(.BOTH.,#13916);
#13916 = SURFACE_SIDE_STYLE('',(#13917));
#13917 = SURFACE_STYLE_FILL_AREA(#13918);
#13918 = FILL_AREA_STYLE('',(#13919));
#13919 = FILL_AREA_STYLE_COLOUR('',#13436);
#13920 = STYLED_ITEM('color',(#13921),#9334);
#13921 = PRESENTATION_STYLE_ASSIGNMENT((#13922));
#13922 = SURFACE_STYLE_USAGE(.BOTH.,#13923);
#13923 = SURFACE_SIDE_STYLE('',(#13924));
#13924 = SURFACE_STYLE_FILL_AREA(#13925);
#13925 = FILL_AREA_STYLE('',(#13926));
#13926 = FILL_AREA_STYLE_COLOUR('',#13436);
#13927 = STYLED_ITEM('color',(#13928),#9351);
#13928 = PRESENTATION_STYLE_ASSIGNMENT((#13929));
#13929 = SURFACE_STYLE_USAGE(.BOTH.,#13930);
#13930 = SURFACE_SIDE_STYLE('',(#13931));
#13931 = SURFACE_STYLE_FILL_AREA(#13932);
#13932 = FILL_AREA_STYLE('',(#13933));
#13933 = FILL_AREA_STYLE_COLOUR('',#13436);
#13934 = STYLED_ITEM('color',(#13935),#9368);
#13935 = PRESENTATION_STYLE_ASSIGNMENT((#13936));
#13936 = SURFACE_STYLE_USAGE(.BOTH.,#13937);
#13937 = SURFACE_SIDE_STYLE('',(#13938));
#13938 = SURFACE_STYLE_FILL_AREA(#13939);
#13939 = FILL_AREA_STYLE('',(#13940));
#13940 = FILL_AREA_STYLE_COLOUR('',#13436);
#13941 = STYLED_ITEM('color',(#13942),#9380);
#13942 = PRESENTATION_STYLE_ASSIGNMENT((#13943));
#13943 = SURFACE_STYLE_USAGE(.BOTH.,#13944);
#13944 = SURFACE_SIDE_STYLE('',(#13945));
#13945 = SURFACE_STYLE_FILL_AREA(#13946);
#13946 = FILL_AREA_STYLE('',(#13947));
#13947 = FILL_AREA_STYLE_COLOUR('',#13436);
#13948 = STYLED_ITEM('color',(#13949),#9402);
#13949 = PRESENTATION_STYLE_ASSIGNMENT((#13950));
#13950 = SURFACE_STYLE_USAGE(.BOTH.,#13951);
#13951 = SURFACE_SIDE_STYLE('',(#13952));
#13952 = SURFACE_STYLE_FILL_AREA(#13953);
#13953 = FILL_AREA_STYLE('',(#13954));
#13954 = FILL_AREA_STYLE_COLOUR('',#13436);
#13955 = STYLED_ITEM('color',(#13956),#9419);
#13956 = PRESENTATION_STYLE_ASSIGNMENT((#13957));
#13957 = SURFACE_STYLE_USAGE(.BOTH.,#13958);
#13958 = SURFACE_SIDE_STYLE('',(#13959));
#13959 = SURFACE_STYLE_FILL_AREA(#13960);
#13960 = FILL_AREA_STYLE('',(#13961));
#13961 = FILL_AREA_STYLE_COLOUR('',#13436);
#13962 = STYLED_ITEM('color',(#13963),#9436);
#13963 = PRESENTATION_STYLE_ASSIGNMENT((#13964));
#13964 = SURFACE_STYLE_USAGE(.BOTH.,#13965);
#13965 = SURFACE_SIDE_STYLE('',(#13966));
#13966 = SURFACE_STYLE_FILL_AREA(#13967);
#13967 = FILL_AREA_STYLE('',(#13968));
#13968 = FILL_AREA_STYLE_COLOUR('',#13436);
#13969 = STYLED_ITEM('color',(#13970),#9453);
#13970 = PRESENTATION_STYLE_ASSIGNMENT((#13971));
#13971 = SURFACE_STYLE_USAGE(.BOTH.,#13972);
#13972 = SURFACE_SIDE_STYLE('',(#13973));
#13973 = SURFACE_STYLE_FILL_AREA(#13974);
#13974 = FILL_AREA_STYLE('',(#13975));
#13975 = FILL_AREA_STYLE_COLOUR('',#13436);
#13976 = STYLED_ITEM('color',(#13977),#9470);
#13977 = PRESENTATION_STYLE_ASSIGNMENT((#13978));
#13978 = SURFACE_STYLE_USAGE(.BOTH.,#13979);
#13979 = SURFACE_SIDE_STYLE('',(#13980));
#13980 = SURFACE_STYLE_FILL_AREA(#13981);
#13981 = FILL_AREA_STYLE('',(#13982));
#13982 = FILL_AREA_STYLE_COLOUR('',#13436);
#13983 = STYLED_ITEM('color',(#13984),#9482);
#13984 = PRESENTATION_STYLE_ASSIGNMENT((#13985));
#13985 = SURFACE_STYLE_USAGE(.BOTH.,#13986);
#13986 = SURFACE_SIDE_STYLE('',(#13987));
#13987 = SURFACE_STYLE_FILL_AREA(#13988);
#13988 = FILL_AREA_STYLE('',(#13989));
#13989 = FILL_AREA_STYLE_COLOUR('',#13436);
#13990 = STYLED_ITEM('color',(#13991),#9499);
#13991 = PRESENTATION_STYLE_ASSIGNMENT((#13992));
#13992 = SURFACE_STYLE_USAGE(.BOTH.,#13993);
#13993 = SURFACE_SIDE_STYLE('',(#13994));
#13994 = SURFACE_STYLE_FILL_AREA(#13995);
#13995 = FILL_AREA_STYLE('',(#13996));
#13996 = FILL_AREA_STYLE_COLOUR('',#13436);
#13997 = STYLED_ITEM('color',(#13998),#9516);
#13998 = PRESENTATION_STYLE_ASSIGNMENT((#13999));
#13999 = SURFACE_STYLE_USAGE(.BOTH.,#14000);
#14000 = SURFACE_SIDE_STYLE('',(#14001));
#14001 = SURFACE_STYLE_FILL_AREA(#14002);
#14002 = FILL_AREA_STYLE('',(#14003));
#14003 = FILL_AREA_STYLE_COLOUR('',#13436);
#14004 = STYLED_ITEM('color',(#14005),#9533);
#14005 = PRESENTATION_STYLE_ASSIGNMENT((#14006));
#14006 = SURFACE_STYLE_USAGE(.BOTH.,#14007);
#14007 = SURFACE_SIDE_STYLE('',(#14008));
#14008 = SURFACE_STYLE_FILL_AREA(#14009);
#14009 = FILL_AREA_STYLE('',(#14010));
#14010 = FILL_AREA_STYLE_COLOUR('',#13436);
#14011 = STYLED_ITEM('color',(#14012),#9550);
#14012 = PRESENTATION_STYLE_ASSIGNMENT((#14013));
#14013 = SURFACE_STYLE_USAGE(.BOTH.,#14014);
#14014 = SURFACE_SIDE_STYLE('',(#14015));
#14015 = SURFACE_STYLE_FILL_AREA(#14016);
#14016 = FILL_AREA_STYLE('',(#14017));
#14017 = FILL_AREA_STYLE_COLOUR('',#13436);
#14018 = STYLED_ITEM('color',(#14019),#9567);
#14019 = PRESENTATION_STYLE_ASSIGNMENT((#14020));
#14020 = SURFACE_STYLE_USAGE(.BOTH.,#14021);
#14021 = SURFACE_SIDE_STYLE('',(#14022));
#14022 = SURFACE_STYLE_FILL_AREA(#14023);
#14023 = FILL_AREA_STYLE('',(#14024));
#14024 = FILL_AREA_STYLE_COLOUR('',#13436);
#14025 = STYLED_ITEM('color',(#14026),#9584);
#14026 = PRESENTATION_STYLE_ASSIGNMENT((#14027));
#14027 = SURFACE_STYLE_USAGE(.BOTH.,#14028);
#14028 = SURFACE_SIDE_STYLE('',(#14029));
#14029 = SURFACE_STYLE_FILL_AREA(#14030);
#14030 = FILL_AREA_STYLE('',(#14031));
#14031 = FILL_AREA_STYLE_COLOUR('',#13436);
#14032 = STYLED_ITEM('color',(#14033),#9601);
#14033 = PRESENTATION_STYLE_ASSIGNMENT((#14034));
#14034 = SURFACE_STYLE_USAGE(.BOTH.,#14035);
#14035 = SURFACE_SIDE_STYLE('',(#14036));
#14036 = SURFACE_STYLE_FILL_AREA(#14037);
#14037 = FILL_AREA_STYLE('',(#14038));
#14038 = FILL_AREA_STYLE_COLOUR('',#13436);
#14039 = STYLED_ITEM('color',(#14040),#9618);
#14040 = PRESENTATION_STYLE_ASSIGNMENT((#14041));
#14041 = SURFACE_STYLE_USAGE(.BOTH.,#14042);
#14042 = SURFACE_SIDE_STYLE('',(#14043));
#14043 = SURFACE_STYLE_FILL_AREA(#14044);
#14044 = FILL_AREA_STYLE('',(#14045));
#14045 = FILL_AREA_STYLE_COLOUR('',#13436);
#14046 = STYLED_ITEM('color',(#14047),#9630);
#14047 = PRESENTATION_STYLE_ASSIGNMENT((#14048));
#14048 = SURFACE_STYLE_USAGE(.BOTH.,#14049);
#14049 = SURFACE_SIDE_STYLE('',(#14050));
#14050 = SURFACE_STYLE_FILL_AREA(#14051);
#14051 = FILL_AREA_STYLE('',(#14052));
#14052 = FILL_AREA_STYLE_COLOUR('',#13436);
#14053 = STYLED_ITEM('color',(#14054),#9652);
#14054 = PRESENTATION_STYLE_ASSIGNMENT((#14055));
#14055 = SURFACE_STYLE_USAGE(.BOTH.,#14056);
#14056 = SURFACE_SIDE_STYLE('',(#14057));
#14057 = SURFACE_STYLE_FILL_AREA(#14058);
#14058 = FILL_AREA_STYLE('',(#14059));
#14059 = FILL_AREA_STYLE_COLOUR('',#13436);
#14060 = STYLED_ITEM('color',(#14061),#9669);
#14061 = PRESENTATION_STYLE_ASSIGNMENT((#14062));
#14062 = SURFACE_STYLE_USAGE(.BOTH.,#14063);
#14063 = SURFACE_SIDE_STYLE('',(#14064));
#14064 = SURFACE_STYLE_FILL_AREA(#14065);
#14065 = FILL_AREA_STYLE('',(#14066));
#14066 = FILL_AREA_STYLE_COLOUR('',#13436);
#14067 = STYLED_ITEM('color',(#14068),#9686);
#14068 = PRESENTATION_STYLE_ASSIGNMENT((#14069));
#14069 = SURFACE_STYLE_USAGE(.BOTH.,#14070);
#14070 = SURFACE_SIDE_STYLE('',(#14071));
#14071 = SURFACE_STYLE_FILL_AREA(#14072);
#14072 = FILL_AREA_STYLE('',(#14073));
#14073 = FILL_AREA_STYLE_COLOUR('',#13436);
#14074 = STYLED_ITEM('color',(#14075),#9703);
#14075 = PRESENTATION_STYLE_ASSIGNMENT((#14076));
#14076 = SURFACE_STYLE_USAGE(.BOTH.,#14077);
#14077 = SURFACE_SIDE_STYLE('',(#14078));
#14078 = SURFACE_STYLE_FILL_AREA(#14079);
#14079 = FILL_AREA_STYLE('',(#14080));
#14080 = FILL_AREA_STYLE_COLOUR('',#13436);
#14081 = STYLED_ITEM('color',(#14082),#9720);
#14082 = PRESENTATION_STYLE_ASSIGNMENT((#14083));
#14083 = SURFACE_STYLE_USAGE(.BOTH.,#14084);
#14084 = SURFACE_SIDE_STYLE('',(#14085));
#14085 = SURFACE_STYLE_FILL_AREA(#14086);
#14086 = FILL_AREA_STYLE('',(#14087));
#14087 = FILL_AREA_STYLE_COLOUR('',#13436);
#14088 = STYLED_ITEM('color',(#14089),#9732);
#14089 = PRESENTATION_STYLE_ASSIGNMENT((#14090));
#14090 = SURFACE_STYLE_USAGE(.BOTH.,#14091);
#14091 = SURFACE_SIDE_STYLE('',(#14092));
#14092 = SURFACE_STYLE_FILL_AREA(#14093);
#14093 = FILL_AREA_STYLE('',(#14094));
#14094 = FILL_AREA_STYLE_COLOUR('',#13436);
#14095 = STYLED_ITEM('color',(#14096),#9749);
#14096 = PRESENTATION_STYLE_ASSIGNMENT((#14097));
#14097 = SURFACE_STYLE_USAGE(.BOTH.,#14098);
#14098 = SURFACE_SIDE_STYLE('',(#14099));
#14099 = SURFACE_STYLE_FILL_AREA(#14100);
#14100 = FILL_AREA_STYLE('',(#14101));
#14101 = FILL_AREA_STYLE_COLOUR('',#13436);
#14102 = STYLED_ITEM('color',(#14103),#9766);
#14103 = PRESENTATION_STYLE_ASSIGNMENT((#14104));
#14104 = SURFACE_STYLE_USAGE(.BOTH.,#14105);
#14105 = SURFACE_SIDE_STYLE('',(#14106));
#14106 = SURFACE_STYLE_FILL_AREA(#14107);
#14107 = FILL_AREA_STYLE('',(#14108));
#14108 = FILL_AREA_STYLE_COLOUR('',#13436);
#14109 = STYLED_ITEM('color',(#14110),#9783);
#14110 = PRESENTATION_STYLE_ASSIGNMENT((#14111));
#14111 = SURFACE_STYLE_USAGE(.BOTH.,#14112);
#14112 = SURFACE_SIDE_STYLE('',(#14113));
#14113 = SURFACE_STYLE_FILL_AREA(#14114);
#14114 = FILL_AREA_STYLE('',(#14115));
#14115 = FILL_AREA_STYLE_COLOUR('',#13436);
#14116 = STYLED_ITEM('color',(#14117),#9800);
#14117 = PRESENTATION_STYLE_ASSIGNMENT((#14118));
#14118 = SURFACE_STYLE_USAGE(.BOTH.,#14119);
#14119 = SURFACE_SIDE_STYLE('',(#14120));
#14120 = SURFACE_STYLE_FILL_AREA(#14121);
#14121 = FILL_AREA_STYLE('',(#14122));
#14122 = FILL_AREA_STYLE_COLOUR('',#13436);
#14123 = STYLED_ITEM('color',(#14124),#9817);
#14124 = PRESENTATION_STYLE_ASSIGNMENT((#14125));
#14125 = SURFACE_STYLE_USAGE(.BOTH.,#14126);
#14126 = SURFACE_SIDE_STYLE('',(#14127));
#14127 = SURFACE_STYLE_FILL_AREA(#14128);
#14128 = FILL_AREA_STYLE('',(#14129));
#14129 = FILL_AREA_STYLE_COLOUR('',#13436);
#14130 = STYLED_ITEM('color',(#14131),#9834);
#14131 = PRESENTATION_STYLE_ASSIGNMENT((#14132));
#14132 = SURFACE_STYLE_USAGE(.BOTH.,#14133);
#14133 = SURFACE_SIDE_STYLE('',(#14134));
#14134 = SURFACE_STYLE_FILL_AREA(#14135);
#14135 = FILL_AREA_STYLE('',(#14136));
#14136 = FILL_AREA_STYLE_COLOUR('',#13436);
#14137 = STYLED_ITEM('color',(#14138),#9851);
#14138 = PRESENTATION_STYLE_ASSIGNMENT((#14139));
#14139 = SURFACE_STYLE_USAGE(.BOTH.,#14140);
#14140 = SURFACE_SIDE_STYLE('',(#14141));
#14141 = SURFACE_STYLE_FILL_AREA(#14142);
#14142 = FILL_AREA_STYLE('',(#14143));
#14143 = FILL_AREA_STYLE_COLOUR('',#13436);
#14144 = STYLED_ITEM('color',(#14145),#9868);
#14145 = PRESENTATION_STYLE_ASSIGNMENT((#14146));
#14146 = SURFACE_STYLE_USAGE(.BOTH.,#14147);
#14147 = SURFACE_SIDE_STYLE('',(#14148));
#14148 = SURFACE_STYLE_FILL_AREA(#14149);
#14149 = FILL_AREA_STYLE('',(#14150));
#14150 = FILL_AREA_STYLE_COLOUR('',#13436);
#14151 = MECHANICAL_DESIGN_GEOMETRIC_PRESENTATION_REPRESENTATION('',(
    #14152,#14159,#14166,#14173,#14180,#14187,#14194,#14201,#14209,
    #14216,#14223,#14230,#14237,#14244,#14252,#14259,#14266,#14273,
    #14280,#14287,#14294,#14301,#14308,#14315,#14322,#14329),#11562);
#14152 = STYLED_ITEM('color',(#14153),#10774);
#14153 = PRESENTATION_STYLE_ASSIGNMENT((#14154));
#14154 = SURFACE_STYLE_USAGE(.BOTH.,#14155);
#14155 = SURFACE_SIDE_STYLE('',(#14156));
#14156 = SURFACE_STYLE_FILL_AREA(#14157);
#14157 = FILL_AREA_STYLE('',(#14158));
#14158 = FILL_AREA_STYLE_COLOUR('',#13436);
#14159 = STYLED_ITEM('color',(#14160),#10814);
#14160 = PRESENTATION_STYLE_ASSIGNMENT((#14161));
#14161 = SURFACE_STYLE_USAGE(.BOTH.,#14162);
#14162 = SURFACE_SIDE_STYLE('',(#14163));
#14163 = SURFACE_STYLE_FILL_AREA(#14164);
#14164 = FILL_AREA_STYLE('',(#14165));
#14165 = FILL_AREA_STYLE_COLOUR('',#13436);
#14166 = STYLED_ITEM('color',(#14167),#10897);
#14167 = PRESENTATION_STYLE_ASSIGNMENT((#14168));
#14168 = SURFACE_STYLE_USAGE(.BOTH.,#14169);
#14169 = SURFACE_SIDE_STYLE('',(#14170));
#14170 = SURFACE_STYLE_FILL_AREA(#14171);
#14171 = FILL_AREA_STYLE('',(#14172));
#14172 = FILL_AREA_STYLE_COLOUR('',#13436);
#14173 = STYLED_ITEM('color',(#14174),#10922);
#14174 = PRESENTATION_STYLE_ASSIGNMENT((#14175));
#14175 = SURFACE_STYLE_USAGE(.BOTH.,#14176);
#14176 = SURFACE_SIDE_STYLE('',(#14177));
#14177 = SURFACE_STYLE_FILL_AREA(#14178);
#14178 = FILL_AREA_STYLE('',(#14179));
#14179 = FILL_AREA_STYLE_COLOUR('',#13436);
#14180 = STYLED_ITEM('color',(#14181),#10947);
#14181 = PRESENTATION_STYLE_ASSIGNMENT((#14182));
#14182 = SURFACE_STYLE_USAGE(.BOTH.,#14183);
#14183 = SURFACE_SIDE_STYLE('',(#14184));
#14184 = SURFACE_STYLE_FILL_AREA(#14185);
#14185 = FILL_AREA_STYLE('',(#14186));
#14186 = FILL_AREA_STYLE_COLOUR('',#13436);
#14187 = STYLED_ITEM('color',(#14188),#11014);
#14188 = PRESENTATION_STYLE_ASSIGNMENT((#14189));
#14189 = SURFACE_STYLE_USAGE(.BOTH.,#14190);
#14190 = SURFACE_SIDE_STYLE('',(#14191));
#14191 = SURFACE_STYLE_FILL_AREA(#14192);
#14192 = FILL_AREA_STYLE('',(#14193));
#14193 = FILL_AREA_STYLE_COLOUR('',#13436);
#14194 = STYLED_ITEM('color',(#14195),#11031);
#14195 = PRESENTATION_STYLE_ASSIGNMENT((#14196));
#14196 = SURFACE_STYLE_USAGE(.BOTH.,#14197);
#14197 = SURFACE_SIDE_STYLE('',(#14198));
#14198 = SURFACE_STYLE_FILL_AREA(#14199);
#14199 = FILL_AREA_STYLE('',(#14200));
#14200 = FILL_AREA_STYLE_COLOUR('',#13436);
#14201 = STYLED_ITEM('color',(#14202),#11048);
#14202 = PRESENTATION_STYLE_ASSIGNMENT((#14203));
#14203 = SURFACE_STYLE_USAGE(.BOTH.,#14204);
#14204 = SURFACE_SIDE_STYLE('',(#14205));
#14205 = SURFACE_STYLE_FILL_AREA(#14206);
#14206 = FILL_AREA_STYLE('',(#14207));
#14207 = FILL_AREA_STYLE_COLOUR('',#14208);
#14208 = COLOUR_RGB('',0.894999966383,0.890999961016,0.813000030345);
#14209 = STYLED_ITEM('color',(#14210),#11097);
#14210 = PRESENTATION_STYLE_ASSIGNMENT((#14211));
#14211 = SURFACE_STYLE_USAGE(.BOTH.,#14212);
#14212 = SURFACE_SIDE_STYLE('',(#14213));
#14213 = SURFACE_STYLE_FILL_AREA(#14214);
#14214 = FILL_AREA_STYLE('',(#14215));
#14215 = FILL_AREA_STYLE_COLOUR('',#13436);
#14216 = STYLED_ITEM('color',(#14217),#11114);
#14217 = PRESENTATION_STYLE_ASSIGNMENT((#14218));
#14218 = SURFACE_STYLE_USAGE(.BOTH.,#14219);
#14219 = SURFACE_SIDE_STYLE('',(#14220));
#14220 = SURFACE_STYLE_FILL_AREA(#14221);
#14221 = FILL_AREA_STYLE('',(#14222));
#14222 = FILL_AREA_STYLE_COLOUR('',#13436);
#14223 = STYLED_ITEM('color',(#14224),#11131);
#14224 = PRESENTATION_STYLE_ASSIGNMENT((#14225));
#14225 = SURFACE_STYLE_USAGE(.BOTH.,#14226);
#14226 = SURFACE_SIDE_STYLE('',(#14227));
#14227 = SURFACE_STYLE_FILL_AREA(#14228);
#14228 = FILL_AREA_STYLE('',(#14229));
#14229 = FILL_AREA_STYLE_COLOUR('',#14208);
#14230 = STYLED_ITEM('color',(#14231),#11180);
#14231 = PRESENTATION_STYLE_ASSIGNMENT((#14232));
#14232 = SURFACE_STYLE_USAGE(.BOTH.,#14233);
#14233 = SURFACE_SIDE_STYLE('',(#14234));
#14234 = SURFACE_STYLE_FILL_AREA(#14235);
#14235 = FILL_AREA_STYLE('',(#14236));
#14236 = FILL_AREA_STYLE_COLOUR('',#14208);
#14237 = STYLED_ITEM('color',(#14238),#11197);
#14238 = PRESENTATION_STYLE_ASSIGNMENT((#14239));
#14239 = SURFACE_STYLE_USAGE(.BOTH.,#14240);
#14240 = SURFACE_SIDE_STYLE('',(#14241));
#14241 = SURFACE_STYLE_FILL_AREA(#14242);
#14242 = FILL_AREA_STYLE('',(#14243));
#14243 = FILL_AREA_STYLE_COLOUR('',#13436);
#14244 = STYLED_ITEM('color',(#14245),#11266);
#14245 = PRESENTATION_STYLE_ASSIGNMENT((#14246));
#14246 = SURFACE_STYLE_USAGE(.BOTH.,#14247);
#14247 = SURFACE_SIDE_STYLE('',(#14248));
#14248 = SURFACE_STYLE_FILL_AREA(#14249);
#14249 = FILL_AREA_STYLE('',(#14250));
#14250 = FILL_AREA_STYLE_COLOUR('',#14251);
#14251 = COLOUR_RGB('',8.200000279077E-02,8.600000121357E-02,
  9.399999706163E-02);
#14252 = STYLED_ITEM('color',(#14253),#11297);
#14253 = PRESENTATION_STYLE_ASSIGNMENT((#14254));
#14254 = SURFACE_STYLE_USAGE(.BOTH.,#14255);
#14255 = SURFACE_SIDE_STYLE('',(#14256));
#14256 = SURFACE_STYLE_FILL_AREA(#14257);
#14257 = FILL_AREA_STYLE('',(#14258));
#14258 = FILL_AREA_STYLE_COLOUR('',#14251);
#14259 = STYLED_ITEM('color',(#14260),#11321);
#14260 = PRESENTATION_STYLE_ASSIGNMENT((#14261));
#14261 = SURFACE_STYLE_USAGE(.BOTH.,#14262);
#14262 = SURFACE_SIDE_STYLE('',(#14263));
#14263 = SURFACE_STYLE_FILL_AREA(#14264);
#14264 = FILL_AREA_STYLE('',(#14265));
#14265 = FILL_AREA_STYLE_COLOUR('',#13436);
#14266 = STYLED_ITEM('color',(#14267),#11390);
#14267 = PRESENTATION_STYLE_ASSIGNMENT((#14268));
#14268 = SURFACE_STYLE_USAGE(.BOTH.,#14269);
#14269 = SURFACE_SIDE_STYLE('',(#14270));
#14270 = SURFACE_STYLE_FILL_AREA(#14271);
#14271 = FILL_AREA_STYLE('',(#14272));
#14272 = FILL_AREA_STYLE_COLOUR('',#14251);
#14273 = STYLED_ITEM('color',(#14274),#11414);
#14274 = PRESENTATION_STYLE_ASSIGNMENT((#14275));
#14275 = SURFACE_STYLE_USAGE(.BOTH.,#14276);
#14276 = SURFACE_SIDE_STYLE('',(#14277));
#14277 = SURFACE_STYLE_FILL_AREA(#14278);
#14278 = FILL_AREA_STYLE('',(#14279));
#14279 = FILL_AREA_STYLE_COLOUR('',#13436);
#14280 = STYLED_ITEM('color',(#14281),#11431);
#14281 = PRESENTATION_STYLE_ASSIGNMENT((#14282));
#14282 = SURFACE_STYLE_USAGE(.BOTH.,#14283);
#14283 = SURFACE_SIDE_STYLE('',(#14284));
#14284 = SURFACE_STYLE_FILL_AREA(#14285);
#14285 = FILL_AREA_STYLE('',(#14286));
#14286 = FILL_AREA_STYLE_COLOUR('',#13436);
#14287 = STYLED_ITEM('color',(#14288),#11448);
#14288 = PRESENTATION_STYLE_ASSIGNMENT((#14289));
#14289 = SURFACE_STYLE_USAGE(.BOTH.,#14290);
#14290 = SURFACE_SIDE_STYLE('',(#14291));
#14291 = SURFACE_STYLE_FILL_AREA(#14292);
#14292 = FILL_AREA_STYLE('',(#14293));
#14293 = FILL_AREA_STYLE_COLOUR('',#13436);
#14294 = STYLED_ITEM('color',(#14295),#11465);
#14295 = PRESENTATION_STYLE_ASSIGNMENT((#14296));
#14296 = SURFACE_STYLE_USAGE(.BOTH.,#14297);
#14297 = SURFACE_SIDE_STYLE('',(#14298));
#14298 = SURFACE_STYLE_FILL_AREA(#14299);
#14299 = FILL_AREA_STYLE('',(#14300));
#14300 = FILL_AREA_STYLE_COLOUR('',#13436);
#14301 = STYLED_ITEM('color',(#14302),#11482);
#14302 = PRESENTATION_STYLE_ASSIGNMENT((#14303));
#14303 = SURFACE_STYLE_USAGE(.BOTH.,#14304);
#14304 = SURFACE_SIDE_STYLE('',(#14305));
#14305 = SURFACE_STYLE_FILL_AREA(#14306);
#14306 = FILL_AREA_STYLE('',(#14307));
#14307 = FILL_AREA_STYLE_COLOUR('',#13436);
#14308 = STYLED_ITEM('color',(#14309),#11499);
#14309 = PRESENTATION_STYLE_ASSIGNMENT((#14310));
#14310 = SURFACE_STYLE_USAGE(.BOTH.,#14311);
#14311 = SURFACE_SIDE_STYLE('',(#14312));
#14312 = SURFACE_STYLE_FILL_AREA(#14313);
#14313 = FILL_AREA_STYLE('',(#14314));
#14314 = FILL_AREA_STYLE_COLOUR('',#13436);
#14315 = STYLED_ITEM('color',(#14316),#11516);
#14316 = PRESENTATION_STYLE_ASSIGNMENT((#14317));
#14317 = SURFACE_STYLE_USAGE(.BOTH.,#14318);
#14318 = SURFACE_SIDE_STYLE('',(#14319));
#14319 = SURFACE_STYLE_FILL_AREA(#14320);
#14320 = FILL_AREA_STYLE('',(#14321));
#14321 = FILL_AREA_STYLE_COLOUR('',#13436);
#14322 = STYLED_ITEM('color',(#14323),#11533);
#14323 = PRESENTATION_STYLE_ASSIGNMENT((#14324));
#14324 = SURFACE_STYLE_USAGE(.BOTH.,#14325);
#14325 = SURFACE_SIDE_STYLE('',(#14326));
#14326 = SURFACE_STYLE_FILL_AREA(#14327);
#14327 = FILL_AREA_STYLE('',(#14328));
#14328 = FILL_AREA_STYLE_COLOUR('',#14251);
#14329 = STYLED_ITEM('color',(#14330),#11550);
#14330 = PRESENTATION_STYLE_ASSIGNMENT((#14331));
#14331 = SURFACE_STYLE_USAGE(.BOTH.,#14332);
#14332 = SURFACE_SIDE_STYLE('',(#14333));
#14333 = SURFACE_STYLE_FILL_AREA(#14334);
#14334 = FILL_AREA_STYLE('',(#14335));
#14335 = FILL_AREA_STYLE_COLOUR('',#14251);
#14336 = MECHANICAL_DESIGN_GEOMETRIC_PRESENTATION_REPRESENTATION('',(
    #14337,#14345,#14352,#14359,#14366,#14373,#14380,#14387,#14394,
    #14401,#14408,#14415,#14422,#14429,#14436,#14443,#14450,#14457,
    #14464,#14471,#14478,#14485,#14492,#14499,#14506,#14513,#14520,
    #14527,#14534,#14541,#14548,#14555,#14562,#14569,#14576,#14583,
    #14590,#14597,#14604,#14611,#14618,#14625,#14632,#14639,#14646,
    #14653,#14660,#14667,#14674,#14681,#14688,#14695,#14702,#14709,
    #14716,#14724,#14731,#14738,#14745,#14752,#14759,#14766,#14773,
    #14780,#14787,#14794,#14801,#14808,#14815,#14822,#14829,#14836,
    #14843,#14850,#14857,#14864,#14871,#14878,#14885,#14892,#14899,
    #14906,#14913,#14920,#14927,#14934,#14941,#14948,#14955,#14962,
    #14969,#14976,#14983,#14990,#14997,#15004,#15011,#15018,#15025,
    #15032,#15039,#15046,#15053,#15060,#15067,#15074,#15081,#15088,
    #15095,#15102),#3559);
#14337 = STYLED_ITEM('color',(#14338),#67);
#14338 = PRESENTATION_STYLE_ASSIGNMENT((#14339));
#14339 = SURFACE_STYLE_USAGE(.BOTH.,#14340);
#14340 = SURFACE_SIDE_STYLE('',(#14341));
#14341 = SURFACE_STYLE_FILL_AREA(#14342);
#14342 = FILL_AREA_STYLE('',(#14343));
#14343 = FILL_AREA_STYLE_COLOUR('',#14344);
#14344 = COLOUR_RGB('',0.894117649055,0.890196087049,0.811764731185);
#14345 = STYLED_ITEM('color',(#14346),#107);
#14346 = PRESENTATION_STYLE_ASSIGNMENT((#14347));
#14347 = SURFACE_STYLE_USAGE(.BOTH.,#14348);
#14348 = SURFACE_SIDE_STYLE('',(#14349));
#14349 = SURFACE_STYLE_FILL_AREA(#14350);
#14350 = FILL_AREA_STYLE('',(#14351));
#14351 = FILL_AREA_STYLE_COLOUR('',#14344);
#14352 = STYLED_ITEM('color',(#14353),#187);
#14353 = PRESENTATION_STYLE_ASSIGNMENT((#14354));
#14354 = SURFACE_STYLE_USAGE(.BOTH.,#14355);
#14355 = SURFACE_SIDE_STYLE('',(#14356));
#14356 = SURFACE_STYLE_FILL_AREA(#14357);
#14357 = FILL_AREA_STYLE('',(#14358));
#14358 = FILL_AREA_STYLE_COLOUR('',#14344);
#14359 = STYLED_ITEM('color',(#14360),#275);
#14360 = PRESENTATION_STYLE_ASSIGNMENT((#14361));
#14361 = SURFACE_STYLE_USAGE(.BOTH.,#14362);
#14362 = SURFACE_SIDE_STYLE('',(#14363));
#14363 = SURFACE_STYLE_FILL_AREA(#14364);
#14364 = FILL_AREA_STYLE('',(#14365));
#14365 = FILL_AREA_STYLE_COLOUR('',#14344);
#14366 = STYLED_ITEM('color',(#14367),#332);
#14367 = PRESENTATION_STYLE_ASSIGNMENT((#14368));
#14368 = SURFACE_STYLE_USAGE(.BOTH.,#14369);
#14369 = SURFACE_SIDE_STYLE('',(#14370));
#14370 = SURFACE_STYLE_FILL_AREA(#14371);
#14371 = FILL_AREA_STYLE('',(#14372));
#14372 = FILL_AREA_STYLE_COLOUR('',#14344);
#14373 = STYLED_ITEM('color',(#14374),#349);
#14374 = PRESENTATION_STYLE_ASSIGNMENT((#14375));
#14375 = SURFACE_STYLE_USAGE(.BOTH.,#14376);
#14376 = SURFACE_SIDE_STYLE('',(#14377));
#14377 = SURFACE_STYLE_FILL_AREA(#14378);
#14378 = FILL_AREA_STYLE('',(#14379));
#14379 = FILL_AREA_STYLE_COLOUR('',#14344);
#14380 = STYLED_ITEM('color',(#14381),#373);
#14381 = PRESENTATION_STYLE_ASSIGNMENT((#14382));
#14382 = SURFACE_STYLE_USAGE(.BOTH.,#14383);
#14383 = SURFACE_SIDE_STYLE('',(#14384));
#14384 = SURFACE_STYLE_FILL_AREA(#14385);
#14385 = FILL_AREA_STYLE('',(#14386));
#14386 = FILL_AREA_STYLE_COLOUR('',#14344);
#14387 = STYLED_ITEM('color',(#14388),#397);
#14388 = PRESENTATION_STYLE_ASSIGNMENT((#14389));
#14389 = SURFACE_STYLE_USAGE(.BOTH.,#14390);
#14390 = SURFACE_SIDE_STYLE('',(#14391));
#14391 = SURFACE_STYLE_FILL_AREA(#14392);
#14392 = FILL_AREA_STYLE('',(#14393));
#14393 = FILL_AREA_STYLE_COLOUR('',#14344);
#14394 = STYLED_ITEM('color',(#14395),#421);
#14395 = PRESENTATION_STYLE_ASSIGNMENT((#14396));
#14396 = SURFACE_STYLE_USAGE(.BOTH.,#14397);
#14397 = SURFACE_SIDE_STYLE('',(#14398));
#14398 = SURFACE_STYLE_FILL_AREA(#14399);
#14399 = FILL_AREA_STYLE('',(#14400));
#14400 = FILL_AREA_STYLE_COLOUR('',#14344);
#14401 = STYLED_ITEM('color',(#14402),#477);
#14402 = PRESENTATION_STYLE_ASSIGNMENT((#14403));
#14403 = SURFACE_STYLE_USAGE(.BOTH.,#14404);
#14404 = SURFACE_SIDE_STYLE('',(#14405));
#14405 = SURFACE_STYLE_FILL_AREA(#14406);
#14406 = FILL_AREA_STYLE('',(#14407));
#14407 = FILL_AREA_STYLE_COLOUR('',#14344);
#14408 = STYLED_ITEM('color',(#14409),#613);
#14409 = PRESENTATION_STYLE_ASSIGNMENT((#14410));
#14410 = SURFACE_STYLE_USAGE(.BOTH.,#14411);
#14411 = SURFACE_SIDE_STYLE('',(#14412));
#14412 = SURFACE_STYLE_FILL_AREA(#14413);
#14413 = FILL_AREA_STYLE('',(#14414));
#14414 = FILL_AREA_STYLE_COLOUR('',#14344);
#14415 = STYLED_ITEM('color',(#14416),#644);
#14416 = PRESENTATION_STYLE_ASSIGNMENT((#14417));
#14417 = SURFACE_STYLE_USAGE(.BOTH.,#14418);
#14418 = SURFACE_SIDE_STYLE('',(#14419));
#14419 = SURFACE_STYLE_FILL_AREA(#14420);
#14420 = FILL_AREA_STYLE('',(#14421));
#14421 = FILL_AREA_STYLE_COLOUR('',#14344);
#14422 = STYLED_ITEM('color',(#14423),#656);
#14423 = PRESENTATION_STYLE_ASSIGNMENT((#14424));
#14424 = SURFACE_STYLE_USAGE(.BOTH.,#14425);
#14425 = SURFACE_SIDE_STYLE('',(#14426));
#14426 = SURFACE_STYLE_FILL_AREA(#14427);
#14427 = FILL_AREA_STYLE('',(#14428));
#14428 = FILL_AREA_STYLE_COLOUR('',#14344);
#14429 = STYLED_ITEM('color',(#14430),#742);
#14430 = PRESENTATION_STYLE_ASSIGNMENT((#14431));
#14431 = SURFACE_STYLE_USAGE(.BOTH.,#14432);
#14432 = SURFACE_SIDE_STYLE('',(#14433));
#14433 = SURFACE_STYLE_FILL_AREA(#14434);
#14434 = FILL_AREA_STYLE('',(#14435));
#14435 = FILL_AREA_STYLE_COLOUR('',#14344);
#14436 = STYLED_ITEM('color',(#14437),#756);
#14437 = PRESENTATION_STYLE_ASSIGNMENT((#14438));
#14438 = SURFACE_STYLE_USAGE(.BOTH.,#14439);
#14439 = SURFACE_SIDE_STYLE('',(#14440));
#14440 = SURFACE_STYLE_FILL_AREA(#14441);
#14441 = FILL_AREA_STYLE('',(#14442));
#14442 = FILL_AREA_STYLE_COLOUR('',#14344);
#14443 = STYLED_ITEM('color',(#14444),#812);
#14444 = PRESENTATION_STYLE_ASSIGNMENT((#14445));
#14445 = SURFACE_STYLE_USAGE(.BOTH.,#14446);
#14446 = SURFACE_SIDE_STYLE('',(#14447));
#14447 = SURFACE_STYLE_FILL_AREA(#14448);
#14448 = FILL_AREA_STYLE('',(#14449));
#14449 = FILL_AREA_STYLE_COLOUR('',#14344);
#14450 = STYLED_ITEM('color',(#14451),#869);
#14451 = PRESENTATION_STYLE_ASSIGNMENT((#14452));
#14452 = SURFACE_STYLE_USAGE(.BOTH.,#14453);
#14453 = SURFACE_SIDE_STYLE('',(#14454));
#14454 = SURFACE_STYLE_FILL_AREA(#14455);
#14455 = FILL_AREA_STYLE('',(#14456));
#14456 = FILL_AREA_STYLE_COLOUR('',#14344);
#14457 = STYLED_ITEM('color',(#14458),#893);
#14458 = PRESENTATION_STYLE_ASSIGNMENT((#14459));
#14459 = SURFACE_STYLE_USAGE(.BOTH.,#14460);
#14460 = SURFACE_SIDE_STYLE('',(#14461));
#14461 = SURFACE_STYLE_FILL_AREA(#14462);
#14462 = FILL_AREA_STYLE('',(#14463));
#14463 = FILL_AREA_STYLE_COLOUR('',#14344);
#14464 = STYLED_ITEM('color',(#14465),#966);
#14465 = PRESENTATION_STYLE_ASSIGNMENT((#14466));
#14466 = SURFACE_STYLE_USAGE(.BOTH.,#14467);
#14467 = SURFACE_SIDE_STYLE('',(#14468));
#14468 = SURFACE_STYLE_FILL_AREA(#14469);
#14469 = FILL_AREA_STYLE('',(#14470));
#14470 = FILL_AREA_STYLE_COLOUR('',#14344);
#14471 = STYLED_ITEM('color',(#14472),#990);
#14472 = PRESENTATION_STYLE_ASSIGNMENT((#14473));
#14473 = SURFACE_STYLE_USAGE(.BOTH.,#14474);
#14474 = SURFACE_SIDE_STYLE('',(#14475));
#14475 = SURFACE_STYLE_FILL_AREA(#14476);
#14476 = FILL_AREA_STYLE('',(#14477));
#14477 = FILL_AREA_STYLE_COLOUR('',#14344);
#14478 = STYLED_ITEM('color',(#14479),#1023);
#14479 = PRESENTATION_STYLE_ASSIGNMENT((#14480));
#14480 = SURFACE_STYLE_USAGE(.BOTH.,#14481);
#14481 = SURFACE_SIDE_STYLE('',(#14482));
#14482 = SURFACE_STYLE_FILL_AREA(#14483);
#14483 = FILL_AREA_STYLE('',(#14484));
#14484 = FILL_AREA_STYLE_COLOUR('',#14344);
#14485 = STYLED_ITEM('color',(#14486),#1134);
#14486 = PRESENTATION_STYLE_ASSIGNMENT((#14487));
#14487 = SURFACE_STYLE_USAGE(.BOTH.,#14488);
#14488 = SURFACE_SIDE_STYLE('',(#14489));
#14489 = SURFACE_STYLE_FILL_AREA(#14490);
#14490 = FILL_AREA_STYLE('',(#14491));
#14491 = FILL_AREA_STYLE_COLOUR('',#14344);
#14492 = STYLED_ITEM('color',(#14493),#1251);
#14493 = PRESENTATION_STYLE_ASSIGNMENT((#14494));
#14494 = SURFACE_STYLE_USAGE(.BOTH.,#14495);
#14495 = SURFACE_SIDE_STYLE('',(#14496));
#14496 = SURFACE_STYLE_FILL_AREA(#14497);
#14497 = FILL_AREA_STYLE('',(#14498));
#14498 = FILL_AREA_STYLE_COLOUR('',#14344);
#14499 = STYLED_ITEM('color',(#14500),#1291);
#14500 = PRESENTATION_STYLE_ASSIGNMENT((#14501));
#14501 = SURFACE_STYLE_USAGE(.BOTH.,#14502);
#14502 = SURFACE_SIDE_STYLE('',(#14503));
#14503 = SURFACE_STYLE_FILL_AREA(#14504);
#14504 = FILL_AREA_STYLE('',(#14505));
#14505 = FILL_AREA_STYLE_COLOUR('',#14344);
#14506 = STYLED_ITEM('color',(#14507),#1322);
#14507 = PRESENTATION_STYLE_ASSIGNMENT((#14508));
#14508 = SURFACE_STYLE_USAGE(.BOTH.,#14509);
#14509 = SURFACE_SIDE_STYLE('',(#14510));
#14510 = SURFACE_STYLE_FILL_AREA(#14511);
#14511 = FILL_AREA_STYLE('',(#14512));
#14512 = FILL_AREA_STYLE_COLOUR('',#14344);
#14513 = STYLED_ITEM('color',(#14514),#1340);
#14514 = PRESENTATION_STYLE_ASSIGNMENT((#14515));
#14515 = SURFACE_STYLE_USAGE(.BOTH.,#14516);
#14516 = SURFACE_SIDE_STYLE('',(#14517));
#14517 = SURFACE_STYLE_FILL_AREA(#14518);
#14518 = FILL_AREA_STYLE('',(#14519));
#14519 = FILL_AREA_STYLE_COLOUR('',#14344);
#14520 = STYLED_ITEM('color',(#14521),#1357);
#14521 = PRESENTATION_STYLE_ASSIGNMENT((#14522));
#14522 = SURFACE_STYLE_USAGE(.BOTH.,#14523);
#14523 = SURFACE_SIDE_STYLE('',(#14524));
#14524 = SURFACE_STYLE_FILL_AREA(#14525);
#14525 = FILL_AREA_STYLE('',(#14526));
#14526 = FILL_AREA_STYLE_COLOUR('',#14344);
#14527 = STYLED_ITEM('color',(#14528),#1375);
#14528 = PRESENTATION_STYLE_ASSIGNMENT((#14529));
#14529 = SURFACE_STYLE_USAGE(.BOTH.,#14530);
#14530 = SURFACE_SIDE_STYLE('',(#14531));
#14531 = SURFACE_STYLE_FILL_AREA(#14532);
#14532 = FILL_AREA_STYLE('',(#14533));
#14533 = FILL_AREA_STYLE_COLOUR('',#14344);
#14534 = STYLED_ITEM('color',(#14535),#1401);
#14535 = PRESENTATION_STYLE_ASSIGNMENT((#14536));
#14536 = SURFACE_STYLE_USAGE(.BOTH.,#14537);
#14537 = SURFACE_SIDE_STYLE('',(#14538));
#14538 = SURFACE_STYLE_FILL_AREA(#14539);
#14539 = FILL_AREA_STYLE('',(#14540));
#14540 = FILL_AREA_STYLE_COLOUR('',#14344);
#14541 = STYLED_ITEM('color',(#14542),#1432);
#14542 = PRESENTATION_STYLE_ASSIGNMENT((#14543));
#14543 = SURFACE_STYLE_USAGE(.BOTH.,#14544);
#14544 = SURFACE_SIDE_STYLE('',(#14545));
#14545 = SURFACE_STYLE_FILL_AREA(#14546);
#14546 = FILL_AREA_STYLE('',(#14547));
#14547 = FILL_AREA_STYLE_COLOUR('',#14344);
#14548 = STYLED_ITEM('color',(#14549),#1449);
#14549 = PRESENTATION_STYLE_ASSIGNMENT((#14550));
#14550 = SURFACE_STYLE_USAGE(.BOTH.,#14551);
#14551 = SURFACE_SIDE_STYLE('',(#14552));
#14552 = SURFACE_STYLE_FILL_AREA(#14553);
#14553 = FILL_AREA_STYLE('',(#14554));
#14554 = FILL_AREA_STYLE_COLOUR('',#14344);
#14555 = STYLED_ITEM('color',(#14556),#1482);
#14556 = PRESENTATION_STYLE_ASSIGNMENT((#14557));
#14557 = SURFACE_STYLE_USAGE(.BOTH.,#14558);
#14558 = SURFACE_SIDE_STYLE('',(#14559));
#14559 = SURFACE_STYLE_FILL_AREA(#14560);
#14560 = FILL_AREA_STYLE('',(#14561));
#14561 = FILL_AREA_STYLE_COLOUR('',#14344);
#14562 = STYLED_ITEM('color',(#14563),#1522);
#14563 = PRESENTATION_STYLE_ASSIGNMENT((#14564));
#14564 = SURFACE_STYLE_USAGE(.BOTH.,#14565);
#14565 = SURFACE_SIDE_STYLE('',(#14566));
#14566 = SURFACE_STYLE_FILL_AREA(#14567);
#14567 = FILL_AREA_STYLE('',(#14568));
#14568 = FILL_AREA_STYLE_COLOUR('',#14344);
#14569 = STYLED_ITEM('color',(#14570),#1545);
#14570 = PRESENTATION_STYLE_ASSIGNMENT((#14571));
#14571 = SURFACE_STYLE_USAGE(.BOTH.,#14572);
#14572 = SURFACE_SIDE_STYLE('',(#14573));
#14573 = SURFACE_STYLE_FILL_AREA(#14574);
#14574 = FILL_AREA_STYLE('',(#14575));
#14575 = FILL_AREA_STYLE_COLOUR('',#14344);
#14576 = STYLED_ITEM('color',(#14577),#1594);
#14577 = PRESENTATION_STYLE_ASSIGNMENT((#14578));
#14578 = SURFACE_STYLE_USAGE(.BOTH.,#14579);
#14579 = SURFACE_SIDE_STYLE('',(#14580));
#14580 = SURFACE_STYLE_FILL_AREA(#14581);
#14581 = FILL_AREA_STYLE('',(#14582));
#14582 = FILL_AREA_STYLE_COLOUR('',#14344);
#14583 = STYLED_ITEM('color',(#14584),#1618);
#14584 = PRESENTATION_STYLE_ASSIGNMENT((#14585));
#14585 = SURFACE_STYLE_USAGE(.BOTH.,#14586);
#14586 = SURFACE_SIDE_STYLE('',(#14587));
#14587 = SURFACE_STYLE_FILL_AREA(#14588);
#14588 = FILL_AREA_STYLE('',(#14589));
#14589 = FILL_AREA_STYLE_COLOUR('',#14344);
#14590 = STYLED_ITEM('color',(#14591),#1665);
#14591 = PRESENTATION_STYLE_ASSIGNMENT((#14592));
#14592 = SURFACE_STYLE_USAGE(.BOTH.,#14593);
#14593 = SURFACE_SIDE_STYLE('',(#14594));
#14594 = SURFACE_STYLE_FILL_AREA(#14595);
#14595 = FILL_AREA_STYLE('',(#14596));
#14596 = FILL_AREA_STYLE_COLOUR('',#14344);
#14597 = STYLED_ITEM('color',(#14598),#1682);
#14598 = PRESENTATION_STYLE_ASSIGNMENT((#14599));
#14599 = SURFACE_STYLE_USAGE(.BOTH.,#14600);
#14600 = SURFACE_SIDE_STYLE('',(#14601));
#14601 = SURFACE_STYLE_FILL_AREA(#14602);
#14602 = FILL_AREA_STYLE('',(#14603));
#14603 = FILL_AREA_STYLE_COLOUR('',#14344);
#14604 = STYLED_ITEM('color',(#14605),#1699);
#14605 = PRESENTATION_STYLE_ASSIGNMENT((#14606));
#14606 = SURFACE_STYLE_USAGE(.BOTH.,#14607);
#14607 = SURFACE_SIDE_STYLE('',(#14608));
#14608 = SURFACE_STYLE_FILL_AREA(#14609);
#14609 = FILL_AREA_STYLE('',(#14610));
#14610 = FILL_AREA_STYLE_COLOUR('',#14344);
#14611 = STYLED_ITEM('color',(#14612),#1711);
#14612 = PRESENTATION_STYLE_ASSIGNMENT((#14613));
#14613 = SURFACE_STYLE_USAGE(.BOTH.,#14614);
#14614 = SURFACE_SIDE_STYLE('',(#14615));
#14615 = SURFACE_STYLE_FILL_AREA(#14616);
#14616 = FILL_AREA_STYLE('',(#14617));
#14617 = FILL_AREA_STYLE_COLOUR('',#14344);
#14618 = STYLED_ITEM('color',(#14619),#1758);
#14619 = PRESENTATION_STYLE_ASSIGNMENT((#14620));
#14620 = SURFACE_STYLE_USAGE(.BOTH.,#14621);
#14621 = SURFACE_SIDE_STYLE('',(#14622));
#14622 = SURFACE_STYLE_FILL_AREA(#14623);
#14623 = FILL_AREA_STYLE('',(#14624));
#14624 = FILL_AREA_STYLE_COLOUR('',#14344);
#14625 = STYLED_ITEM('color',(#14626),#1789);
#14626 = PRESENTATION_STYLE_ASSIGNMENT((#14627));
#14627 = SURFACE_STYLE_USAGE(.BOTH.,#14628);
#14628 = SURFACE_SIDE_STYLE('',(#14629));
#14629 = SURFACE_STYLE_FILL_AREA(#14630);
#14630 = FILL_AREA_STYLE('',(#14631));
#14631 = FILL_AREA_STYLE_COLOUR('',#14344);
#14632 = STYLED_ITEM('color',(#14633),#1806);
#14633 = PRESENTATION_STYLE_ASSIGNMENT((#14634));
#14634 = SURFACE_STYLE_USAGE(.BOTH.,#14635);
#14635 = SURFACE_SIDE_STYLE('',(#14636));
#14636 = SURFACE_STYLE_FILL_AREA(#14637);
#14637 = FILL_AREA_STYLE('',(#14638));
#14638 = FILL_AREA_STYLE_COLOUR('',#14344);
#14639 = STYLED_ITEM('color',(#14640),#1823);
#14640 = PRESENTATION_STYLE_ASSIGNMENT((#14641));
#14641 = SURFACE_STYLE_USAGE(.BOTH.,#14642);
#14642 = SURFACE_SIDE_STYLE('',(#14643));
#14643 = SURFACE_STYLE_FILL_AREA(#14644);
#14644 = FILL_AREA_STYLE('',(#14645));
#14645 = FILL_AREA_STYLE_COLOUR('',#14344);
#14646 = STYLED_ITEM('color',(#14647),#1847);
#14647 = PRESENTATION_STYLE_ASSIGNMENT((#14648));
#14648 = SURFACE_STYLE_USAGE(.BOTH.,#14649);
#14649 = SURFACE_SIDE_STYLE('',(#14650));
#14650 = SURFACE_STYLE_FILL_AREA(#14651);
#14651 = FILL_AREA_STYLE('',(#14652));
#14652 = FILL_AREA_STYLE_COLOUR('',#14344);
#14653 = STYLED_ITEM('color',(#14654),#1871);
#14654 = PRESENTATION_STYLE_ASSIGNMENT((#14655));
#14655 = SURFACE_STYLE_USAGE(.BOTH.,#14656);
#14656 = SURFACE_SIDE_STYLE('',(#14657));
#14657 = SURFACE_STYLE_FILL_AREA(#14658);
#14658 = FILL_AREA_STYLE('',(#14659));
#14659 = FILL_AREA_STYLE_COLOUR('',#14344);
#14660 = STYLED_ITEM('color',(#14661),#1888);
#14661 = PRESENTATION_STYLE_ASSIGNMENT((#14662));
#14662 = SURFACE_STYLE_USAGE(.BOTH.,#14663);
#14663 = SURFACE_SIDE_STYLE('',(#14664));
#14664 = SURFACE_STYLE_FILL_AREA(#14665);
#14665 = FILL_AREA_STYLE('',(#14666));
#14666 = FILL_AREA_STYLE_COLOUR('',#14344);
#14667 = STYLED_ITEM('color',(#14668),#1905);
#14668 = PRESENTATION_STYLE_ASSIGNMENT((#14669));
#14669 = SURFACE_STYLE_USAGE(.BOTH.,#14670);
#14670 = SURFACE_SIDE_STYLE('',(#14671));
#14671 = SURFACE_STYLE_FILL_AREA(#14672);
#14672 = FILL_AREA_STYLE('',(#14673));
#14673 = FILL_AREA_STYLE_COLOUR('',#14344);
#14674 = STYLED_ITEM('color',(#14675),#1917);
#14675 = PRESENTATION_STYLE_ASSIGNMENT((#14676));
#14676 = SURFACE_STYLE_USAGE(.BOTH.,#14677);
#14677 = SURFACE_SIDE_STYLE('',(#14678));
#14678 = SURFACE_STYLE_FILL_AREA(#14679);
#14679 = FILL_AREA_STYLE('',(#14680));
#14680 = FILL_AREA_STYLE_COLOUR('',#14344);
#14681 = STYLED_ITEM('color',(#14682),#1934);
#14682 = PRESENTATION_STYLE_ASSIGNMENT((#14683));
#14683 = SURFACE_STYLE_USAGE(.BOTH.,#14684);
#14684 = SURFACE_SIDE_STYLE('',(#14685));
#14685 = SURFACE_STYLE_FILL_AREA(#14686);
#14686 = FILL_AREA_STYLE('',(#14687));
#14687 = FILL_AREA_STYLE_COLOUR('',#14344);
#14688 = STYLED_ITEM('color',(#14689),#1946);
#14689 = PRESENTATION_STYLE_ASSIGNMENT((#14690));
#14690 = SURFACE_STYLE_USAGE(.BOTH.,#14691);
#14691 = SURFACE_SIDE_STYLE('',(#14692));
#14692 = SURFACE_STYLE_FILL_AREA(#14693);
#14693 = FILL_AREA_STYLE('',(#14694));
#14694 = FILL_AREA_STYLE_COLOUR('',#14344);
#14695 = STYLED_ITEM('color',(#14696),#1970);
#14696 = PRESENTATION_STYLE_ASSIGNMENT((#14697));
#14697 = SURFACE_STYLE_USAGE(.BOTH.,#14698);
#14698 = SURFACE_SIDE_STYLE('',(#14699));
#14699 = SURFACE_STYLE_FILL_AREA(#14700);
#14700 = FILL_AREA_STYLE('',(#14701));
#14701 = FILL_AREA_STYLE_COLOUR('',#14344);
#14702 = STYLED_ITEM('color',(#14703),#1988);
#14703 = PRESENTATION_STYLE_ASSIGNMENT((#14704));
#14704 = SURFACE_STYLE_USAGE(.BOTH.,#14705);
#14705 = SURFACE_SIDE_STYLE('',(#14706));
#14706 = SURFACE_STYLE_FILL_AREA(#14707);
#14707 = FILL_AREA_STYLE('',(#14708));
#14708 = FILL_AREA_STYLE_COLOUR('',#14344);
#14709 = STYLED_ITEM('color',(#14710),#2000);
#14710 = PRESENTATION_STYLE_ASSIGNMENT((#14711));
#14711 = SURFACE_STYLE_USAGE(.BOTH.,#14712);
#14712 = SURFACE_SIDE_STYLE('',(#14713));
#14713 = SURFACE_STYLE_FILL_AREA(#14714);
#14714 = FILL_AREA_STYLE('',(#14715));
#14715 = FILL_AREA_STYLE_COLOUR('',#14344);
#14716 = STYLED_ITEM('color',(#14717),#2014);
#14717 = PRESENTATION_STYLE_ASSIGNMENT((#14718));
#14718 = SURFACE_STYLE_USAGE(.BOTH.,#14719);
#14719 = SURFACE_SIDE_STYLE('',(#14720));
#14720 = SURFACE_STYLE_FILL_AREA(#14721);
#14721 = FILL_AREA_STYLE('',(#14722));
#14722 = FILL_AREA_STYLE_COLOUR('',#14723);
#14723 = COLOUR_RGB('',0.823529417451,0.819607860991,0.780392170416);
#14724 = STYLED_ITEM('color',(#14725),#2045);
#14725 = PRESENTATION_STYLE_ASSIGNMENT((#14726));
#14726 = SURFACE_STYLE_USAGE(.BOTH.,#14727);
#14727 = SURFACE_SIDE_STYLE('',(#14728));
#14728 = SURFACE_STYLE_FILL_AREA(#14729);
#14729 = FILL_AREA_STYLE('',(#14730));
#14730 = FILL_AREA_STYLE_COLOUR('',#14723);
#14731 = STYLED_ITEM('color',(#14732),#2069);
#14732 = PRESENTATION_STYLE_ASSIGNMENT((#14733));
#14733 = SURFACE_STYLE_USAGE(.BOTH.,#14734);
#14734 = SURFACE_SIDE_STYLE('',(#14735));
#14735 = SURFACE_STYLE_FILL_AREA(#14736);
#14736 = FILL_AREA_STYLE('',(#14737));
#14737 = FILL_AREA_STYLE_COLOUR('',#14723);
#14738 = STYLED_ITEM('color',(#14739),#2093);
#14739 = PRESENTATION_STYLE_ASSIGNMENT((#14740));
#14740 = SURFACE_STYLE_USAGE(.BOTH.,#14741);
#14741 = SURFACE_SIDE_STYLE('',(#14742));
#14742 = SURFACE_STYLE_FILL_AREA(#14743);
#14743 = FILL_AREA_STYLE('',(#14744));
#14744 = FILL_AREA_STYLE_COLOUR('',#14723);
#14745 = STYLED_ITEM('color',(#14746),#2110);
#14746 = PRESENTATION_STYLE_ASSIGNMENT((#14747));
#14747 = SURFACE_STYLE_USAGE(.BOTH.,#14748);
#14748 = SURFACE_SIDE_STYLE('',(#14749));
#14749 = SURFACE_STYLE_FILL_AREA(#14750);
#14750 = FILL_AREA_STYLE('',(#14751));
#14751 = FILL_AREA_STYLE_COLOUR('',#14723);
#14752 = STYLED_ITEM('color',(#14753),#2141);
#14753 = PRESENTATION_STYLE_ASSIGNMENT((#14754));
#14754 = SURFACE_STYLE_USAGE(.BOTH.,#14755);
#14755 = SURFACE_SIDE_STYLE('',(#14756));
#14756 = SURFACE_STYLE_FILL_AREA(#14757);
#14757 = FILL_AREA_STYLE('',(#14758));
#14758 = FILL_AREA_STYLE_COLOUR('',#14723);
#14759 = STYLED_ITEM('color',(#14760),#2165);
#14760 = PRESENTATION_STYLE_ASSIGNMENT((#14761));
#14761 = SURFACE_STYLE_USAGE(.BOTH.,#14762);
#14762 = SURFACE_SIDE_STYLE('',(#14763));
#14763 = SURFACE_STYLE_FILL_AREA(#14764);
#14764 = FILL_AREA_STYLE('',(#14765));
#14765 = FILL_AREA_STYLE_COLOUR('',#14723);
#14766 = STYLED_ITEM('color',(#14767),#2189);
#14767 = PRESENTATION_STYLE_ASSIGNMENT((#14768));
#14768 = SURFACE_STYLE_USAGE(.BOTH.,#14769);
#14769 = SURFACE_SIDE_STYLE('',(#14770));
#14770 = SURFACE_STYLE_FILL_AREA(#14771);
#14771 = FILL_AREA_STYLE('',(#14772));
#14772 = FILL_AREA_STYLE_COLOUR('',#14723);
#14773 = STYLED_ITEM('color',(#14774),#2206);
#14774 = PRESENTATION_STYLE_ASSIGNMENT((#14775));
#14775 = SURFACE_STYLE_USAGE(.BOTH.,#14776);
#14776 = SURFACE_SIDE_STYLE('',(#14777));
#14777 = SURFACE_STYLE_FILL_AREA(#14778);
#14778 = FILL_AREA_STYLE('',(#14779));
#14779 = FILL_AREA_STYLE_COLOUR('',#14344);
#14780 = STYLED_ITEM('color',(#14781),#2252);
#14781 = PRESENTATION_STYLE_ASSIGNMENT((#14782));
#14782 = SURFACE_STYLE_USAGE(.BOTH.,#14783);
#14783 = SURFACE_SIDE_STYLE('',(#14784));
#14784 = SURFACE_STYLE_FILL_AREA(#14785);
#14785 = FILL_AREA_STYLE('',(#14786));
#14786 = FILL_AREA_STYLE_COLOUR('',#14344);
#14787 = STYLED_ITEM('color',(#14788),#2298);
#14788 = PRESENTATION_STYLE_ASSIGNMENT((#14789));
#14789 = SURFACE_STYLE_USAGE(.BOTH.,#14790);
#14790 = SURFACE_SIDE_STYLE('',(#14791));
#14791 = SURFACE_STYLE_FILL_AREA(#14792);
#14792 = FILL_AREA_STYLE('',(#14793));
#14793 = FILL_AREA_STYLE_COLOUR('',#14344);
#14794 = STYLED_ITEM('color',(#14795),#2315);
#14795 = PRESENTATION_STYLE_ASSIGNMENT((#14796));
#14796 = SURFACE_STYLE_USAGE(.BOTH.,#14797);
#14797 = SURFACE_SIDE_STYLE('',(#14798));
#14798 = SURFACE_STYLE_FILL_AREA(#14799);
#14799 = FILL_AREA_STYLE('',(#14800));
#14800 = FILL_AREA_STYLE_COLOUR('',#14344);
#14801 = STYLED_ITEM('color',(#14802),#2327);
#14802 = PRESENTATION_STYLE_ASSIGNMENT((#14803));
#14803 = SURFACE_STYLE_USAGE(.BOTH.,#14804);
#14804 = SURFACE_SIDE_STYLE('',(#14805));
#14805 = SURFACE_STYLE_FILL_AREA(#14806);
#14806 = FILL_AREA_STYLE('',(#14807));
#14807 = FILL_AREA_STYLE_COLOUR('',#14723);
#14808 = STYLED_ITEM('color',(#14809),#2358);
#14809 = PRESENTATION_STYLE_ASSIGNMENT((#14810));
#14810 = SURFACE_STYLE_USAGE(.BOTH.,#14811);
#14811 = SURFACE_SIDE_STYLE('',(#14812));
#14812 = SURFACE_STYLE_FILL_AREA(#14813);
#14813 = FILL_AREA_STYLE('',(#14814));
#14814 = FILL_AREA_STYLE_COLOUR('',#14723);
#14815 = STYLED_ITEM('color',(#14816),#2382);
#14816 = PRESENTATION_STYLE_ASSIGNMENT((#14817));
#14817 = SURFACE_STYLE_USAGE(.BOTH.,#14818);
#14818 = SURFACE_SIDE_STYLE('',(#14819));
#14819 = SURFACE_STYLE_FILL_AREA(#14820);
#14820 = FILL_AREA_STYLE('',(#14821));
#14821 = FILL_AREA_STYLE_COLOUR('',#14723);
#14822 = STYLED_ITEM('color',(#14823),#2406);
#14823 = PRESENTATION_STYLE_ASSIGNMENT((#14824));
#14824 = SURFACE_STYLE_USAGE(.BOTH.,#14825);
#14825 = SURFACE_SIDE_STYLE('',(#14826));
#14826 = SURFACE_STYLE_FILL_AREA(#14827);
#14827 = FILL_AREA_STYLE('',(#14828));
#14828 = FILL_AREA_STYLE_COLOUR('',#14723);
#14829 = STYLED_ITEM('color',(#14830),#2423);
#14830 = PRESENTATION_STYLE_ASSIGNMENT((#14831));
#14831 = SURFACE_STYLE_USAGE(.BOTH.,#14832);
#14832 = SURFACE_SIDE_STYLE('',(#14833));
#14833 = SURFACE_STYLE_FILL_AREA(#14834);
#14834 = FILL_AREA_STYLE('',(#14835));
#14835 = FILL_AREA_STYLE_COLOUR('',#14723);
#14836 = STYLED_ITEM('color',(#14837),#2454);
#14837 = PRESENTATION_STYLE_ASSIGNMENT((#14838));
#14838 = SURFACE_STYLE_USAGE(.BOTH.,#14839);
#14839 = SURFACE_SIDE_STYLE('',(#14840));
#14840 = SURFACE_STYLE_FILL_AREA(#14841);
#14841 = FILL_AREA_STYLE('',(#14842));
#14842 = FILL_AREA_STYLE_COLOUR('',#14723);
#14843 = STYLED_ITEM('color',(#14844),#2478);
#14844 = PRESENTATION_STYLE_ASSIGNMENT((#14845));
#14845 = SURFACE_STYLE_USAGE(.BOTH.,#14846);
#14846 = SURFACE_SIDE_STYLE('',(#14847));
#14847 = SURFACE_STYLE_FILL_AREA(#14848);
#14848 = FILL_AREA_STYLE('',(#14849));
#14849 = FILL_AREA_STYLE_COLOUR('',#14723);
#14850 = STYLED_ITEM('color',(#14851),#2502);
#14851 = PRESENTATION_STYLE_ASSIGNMENT((#14852));
#14852 = SURFACE_STYLE_USAGE(.BOTH.,#14853);
#14853 = SURFACE_SIDE_STYLE('',(#14854));
#14854 = SURFACE_STYLE_FILL_AREA(#14855);
#14855 = FILL_AREA_STYLE('',(#14856));
#14856 = FILL_AREA_STYLE_COLOUR('',#14723);
#14857 = STYLED_ITEM('color',(#14858),#2519);
#14858 = PRESENTATION_STYLE_ASSIGNMENT((#14859));
#14859 = SURFACE_STYLE_USAGE(.BOTH.,#14860);
#14860 = SURFACE_SIDE_STYLE('',(#14861));
#14861 = SURFACE_STYLE_FILL_AREA(#14862);
#14862 = FILL_AREA_STYLE('',(#14863));
#14863 = FILL_AREA_STYLE_COLOUR('',#14723);
#14864 = STYLED_ITEM('color',(#14865),#2616);
#14865 = PRESENTATION_STYLE_ASSIGNMENT((#14866));
#14866 = SURFACE_STYLE_USAGE(.BOTH.,#14867);
#14867 = SURFACE_SIDE_STYLE('',(#14868));
#14868 = SURFACE_STYLE_FILL_AREA(#14869);
#14869 = FILL_AREA_STYLE('',(#14870));
#14870 = FILL_AREA_STYLE_COLOUR('',#14723);
#14871 = STYLED_ITEM('color',(#14872),#2640);
#14872 = PRESENTATION_STYLE_ASSIGNMENT((#14873));
#14873 = SURFACE_STYLE_USAGE(.BOTH.,#14874);
#14874 = SURFACE_SIDE_STYLE('',(#14875));
#14875 = SURFACE_STYLE_FILL_AREA(#14876);
#14876 = FILL_AREA_STYLE('',(#14877));
#14877 = FILL_AREA_STYLE_COLOUR('',#14723);
#14878 = STYLED_ITEM('color',(#14879),#2730);
#14879 = PRESENTATION_STYLE_ASSIGNMENT((#14880));
#14880 = SURFACE_STYLE_USAGE(.BOTH.,#14881);
#14881 = SURFACE_SIDE_STYLE('',(#14882));
#14882 = SURFACE_STYLE_FILL_AREA(#14883);
#14883 = FILL_AREA_STYLE('',(#14884));
#14884 = FILL_AREA_STYLE_COLOUR('',#14723);
#14885 = STYLED_ITEM('color',(#14886),#2747);
#14886 = PRESENTATION_STYLE_ASSIGNMENT((#14887));
#14887 = SURFACE_STYLE_USAGE(.BOTH.,#14888);
#14888 = SURFACE_SIDE_STYLE('',(#14889));
#14889 = SURFACE_STYLE_FILL_AREA(#14890);
#14890 = FILL_AREA_STYLE('',(#14891));
#14891 = FILL_AREA_STYLE_COLOUR('',#14723);
#14892 = STYLED_ITEM('color',(#14893),#2844);
#14893 = PRESENTATION_STYLE_ASSIGNMENT((#14894));
#14894 = SURFACE_STYLE_USAGE(.BOTH.,#14895);
#14895 = SURFACE_SIDE_STYLE('',(#14896));
#14896 = SURFACE_STYLE_FILL_AREA(#14897);
#14897 = FILL_AREA_STYLE('',(#14898));
#14898 = FILL_AREA_STYLE_COLOUR('',#14723);
#14899 = STYLED_ITEM('color',(#14900),#2868);
#14900 = PRESENTATION_STYLE_ASSIGNMENT((#14901));
#14901 = SURFACE_STYLE_USAGE(.BOTH.,#14902);
#14902 = SURFACE_SIDE_STYLE('',(#14903));
#14903 = SURFACE_STYLE_FILL_AREA(#14904);
#14904 = FILL_AREA_STYLE('',(#14905));
#14905 = FILL_AREA_STYLE_COLOUR('',#14723);
#14906 = STYLED_ITEM('color',(#14907),#2958);
#14907 = PRESENTATION_STYLE_ASSIGNMENT((#14908));
#14908 = SURFACE_STYLE_USAGE(.BOTH.,#14909);
#14909 = SURFACE_SIDE_STYLE('',(#14910));
#14910 = SURFACE_STYLE_FILL_AREA(#14911);
#14911 = FILL_AREA_STYLE('',(#14912));
#14912 = FILL_AREA_STYLE_COLOUR('',#14723);
#14913 = STYLED_ITEM('color',(#14914),#2975);
#14914 = PRESENTATION_STYLE_ASSIGNMENT((#14915));
#14915 = SURFACE_STYLE_USAGE(.BOTH.,#14916);
#14916 = SURFACE_SIDE_STYLE('',(#14917));
#14917 = SURFACE_STYLE_FILL_AREA(#14918);
#14918 = FILL_AREA_STYLE('',(#14919));
#14919 = FILL_AREA_STYLE_COLOUR('',#14723);
#14920 = STYLED_ITEM('color',(#14921),#2987);
#14921 = PRESENTATION_STYLE_ASSIGNMENT((#14922));
#14922 = SURFACE_STYLE_USAGE(.BOTH.,#14923);
#14923 = SURFACE_SIDE_STYLE('',(#14924));
#14924 = SURFACE_STYLE_FILL_AREA(#14925);
#14925 = FILL_AREA_STYLE('',(#14926));
#14926 = FILL_AREA_STYLE_COLOUR('',#14723);
#14927 = STYLED_ITEM('color',(#14928),#2999);
#14928 = PRESENTATION_STYLE_ASSIGNMENT((#14929));
#14929 = SURFACE_STYLE_USAGE(.BOTH.,#14930);
#14930 = SURFACE_SIDE_STYLE('',(#14931));
#14931 = SURFACE_STYLE_FILL_AREA(#14932);
#14932 = FILL_AREA_STYLE('',(#14933));
#14933 = FILL_AREA_STYLE_COLOUR('',#14723);
#14934 = STYLED_ITEM('color',(#14935),#3016);
#14935 = PRESENTATION_STYLE_ASSIGNMENT((#14936));
#14936 = SURFACE_STYLE_USAGE(.BOTH.,#14937);
#14937 = SURFACE_SIDE_STYLE('',(#14938));
#14938 = SURFACE_STYLE_FILL_AREA(#14939);
#14939 = FILL_AREA_STYLE('',(#14940));
#14940 = FILL_AREA_STYLE_COLOUR('',#14723);
#14941 = STYLED_ITEM('color',(#14942),#3033);
#14942 = PRESENTATION_STYLE_ASSIGNMENT((#14943));
#14943 = SURFACE_STYLE_USAGE(.BOTH.,#14944);
#14944 = SURFACE_SIDE_STYLE('',(#14945));
#14945 = SURFACE_STYLE_FILL_AREA(#14946);
#14946 = FILL_AREA_STYLE('',(#14947));
#14947 = FILL_AREA_STYLE_COLOUR('',#14723);
#14948 = STYLED_ITEM('color',(#14949),#3050);
#14949 = PRESENTATION_STYLE_ASSIGNMENT((#14950));
#14950 = SURFACE_STYLE_USAGE(.BOTH.,#14951);
#14951 = SURFACE_SIDE_STYLE('',(#14952));
#14952 = SURFACE_STYLE_FILL_AREA(#14953);
#14953 = FILL_AREA_STYLE('',(#14954));
#14954 = FILL_AREA_STYLE_COLOUR('',#14723);
#14955 = STYLED_ITEM('color',(#14956),#3083);
#14956 = PRESENTATION_STYLE_ASSIGNMENT((#14957));
#14957 = SURFACE_STYLE_USAGE(.BOTH.,#14958);
#14958 = SURFACE_SIDE_STYLE('',(#14959));
#14959 = SURFACE_STYLE_FILL_AREA(#14960);
#14960 = FILL_AREA_STYLE('',(#14961));
#14961 = FILL_AREA_STYLE_COLOUR('',#14723);
#14962 = STYLED_ITEM('color',(#14963),#3123);
#14963 = PRESENTATION_STYLE_ASSIGNMENT((#14964));
#14964 = SURFACE_STYLE_USAGE(.BOTH.,#14965);
#14965 = SURFACE_SIDE_STYLE('',(#14966));
#14966 = SURFACE_STYLE_FILL_AREA(#14967);
#14967 = FILL_AREA_STYLE('',(#14968));
#14968 = FILL_AREA_STYLE_COLOUR('',#14723);
#14969 = STYLED_ITEM('color',(#14970),#3154);
#14970 = PRESENTATION_STYLE_ASSIGNMENT((#14971));
#14971 = SURFACE_STYLE_USAGE(.BOTH.,#14972);
#14972 = SURFACE_SIDE_STYLE('',(#14973));
#14973 = SURFACE_STYLE_FILL_AREA(#14974);
#14974 = FILL_AREA_STYLE('',(#14975));
#14975 = FILL_AREA_STYLE_COLOUR('',#14723);
#14976 = STYLED_ITEM('color',(#14977),#3171);
#14977 = PRESENTATION_STYLE_ASSIGNMENT((#14978));
#14978 = SURFACE_STYLE_USAGE(.BOTH.,#14979);
#14979 = SURFACE_SIDE_STYLE('',(#14980));
#14980 = SURFACE_STYLE_FILL_AREA(#14981);
#14981 = FILL_AREA_STYLE('',(#14982));
#14982 = FILL_AREA_STYLE_COLOUR('',#14723);
#14983 = STYLED_ITEM('color',(#14984),#3188);
#14984 = PRESENTATION_STYLE_ASSIGNMENT((#14985));
#14985 = SURFACE_STYLE_USAGE(.BOTH.,#14986);
#14986 = SURFACE_SIDE_STYLE('',(#14987));
#14987 = SURFACE_STYLE_FILL_AREA(#14988);
#14988 = FILL_AREA_STYLE('',(#14989));
#14989 = FILL_AREA_STYLE_COLOUR('',#14723);
#14990 = STYLED_ITEM('color',(#14991),#3200);
#14991 = PRESENTATION_STYLE_ASSIGNMENT((#14992));
#14992 = SURFACE_STYLE_USAGE(.BOTH.,#14993);
#14993 = SURFACE_SIDE_STYLE('',(#14994));
#14994 = SURFACE_STYLE_FILL_AREA(#14995);
#14995 = FILL_AREA_STYLE('',(#14996));
#14996 = FILL_AREA_STYLE_COLOUR('',#14723);
#14997 = STYLED_ITEM('color',(#14998),#3233);
#14998 = PRESENTATION_STYLE_ASSIGNMENT((#14999));
#14999 = SURFACE_STYLE_USAGE(.BOTH.,#15000);
#15000 = SURFACE_SIDE_STYLE('',(#15001));
#15001 = SURFACE_STYLE_FILL_AREA(#15002);
#15002 = FILL_AREA_STYLE('',(#15003));
#15003 = FILL_AREA_STYLE_COLOUR('',#14723);
#15004 = STYLED_ITEM('color',(#15005),#3250);
#15005 = PRESENTATION_STYLE_ASSIGNMENT((#15006));
#15006 = SURFACE_STYLE_USAGE(.BOTH.,#15007);
#15007 = SURFACE_SIDE_STYLE('',(#15008));
#15008 = SURFACE_STYLE_FILL_AREA(#15009);
#15009 = FILL_AREA_STYLE('',(#15010));
#15010 = FILL_AREA_STYLE_COLOUR('',#14723);
#15011 = STYLED_ITEM('color',(#15012),#3267);
#15012 = PRESENTATION_STYLE_ASSIGNMENT((#15013));
#15013 = SURFACE_STYLE_USAGE(.BOTH.,#15014);
#15014 = SURFACE_SIDE_STYLE('',(#15015));
#15015 = SURFACE_STYLE_FILL_AREA(#15016);
#15016 = FILL_AREA_STYLE('',(#15017));
#15017 = FILL_AREA_STYLE_COLOUR('',#14723);
#15018 = STYLED_ITEM('color',(#15019),#3284);
#15019 = PRESENTATION_STYLE_ASSIGNMENT((#15020));
#15020 = SURFACE_STYLE_USAGE(.BOTH.,#15021);
#15021 = SURFACE_SIDE_STYLE('',(#15022));
#15022 = SURFACE_STYLE_FILL_AREA(#15023);
#15023 = FILL_AREA_STYLE('',(#15024));
#15024 = FILL_AREA_STYLE_COLOUR('',#14723);
#15025 = STYLED_ITEM('color',(#15026),#3317);
#15026 = PRESENTATION_STYLE_ASSIGNMENT((#15027));
#15027 = SURFACE_STYLE_USAGE(.BOTH.,#15028);
#15028 = SURFACE_SIDE_STYLE('',(#15029));
#15029 = SURFACE_STYLE_FILL_AREA(#15030);
#15030 = FILL_AREA_STYLE('',(#15031));
#15031 = FILL_AREA_STYLE_COLOUR('',#14723);
#15032 = STYLED_ITEM('color',(#15033),#3357);
#15033 = PRESENTATION_STYLE_ASSIGNMENT((#15034));
#15034 = SURFACE_STYLE_USAGE(.BOTH.,#15035);
#15035 = SURFACE_SIDE_STYLE('',(#15036));
#15036 = SURFACE_STYLE_FILL_AREA(#15037);
#15037 = FILL_AREA_STYLE('',(#15038));
#15038 = FILL_AREA_STYLE_COLOUR('',#14723);
#15039 = STYLED_ITEM('color',(#15040),#3388);
#15040 = PRESENTATION_STYLE_ASSIGNMENT((#15041));
#15041 = SURFACE_STYLE_USAGE(.BOTH.,#15042);
#15042 = SURFACE_SIDE_STYLE('',(#15043));
#15043 = SURFACE_STYLE_FILL_AREA(#15044);
#15044 = FILL_AREA_STYLE('',(#15045));
#15045 = FILL_AREA_STYLE_COLOUR('',#14723);
#15046 = STYLED_ITEM('color',(#15047),#3405);
#15047 = PRESENTATION_STYLE_ASSIGNMENT((#15048));
#15048 = SURFACE_STYLE_USAGE(.BOTH.,#15049);
#15049 = SURFACE_SIDE_STYLE('',(#15050));
#15050 = SURFACE_STYLE_FILL_AREA(#15051);
#15051 = FILL_AREA_STYLE('',(#15052));
#15052 = FILL_AREA_STYLE_COLOUR('',#14723);
#15053 = STYLED_ITEM('color',(#15054),#3422);
#15054 = PRESENTATION_STYLE_ASSIGNMENT((#15055));
#15055 = SURFACE_STYLE_USAGE(.BOTH.,#15056);
#15056 = SURFACE_SIDE_STYLE('',(#15057));
#15057 = SURFACE_STYLE_FILL_AREA(#15058);
#15058 = FILL_AREA_STYLE('',(#15059));
#15059 = FILL_AREA_STYLE_COLOUR('',#14723);
#15060 = STYLED_ITEM('color',(#15061),#3434);
#15061 = PRESENTATION_STYLE_ASSIGNMENT((#15062));
#15062 = SURFACE_STYLE_USAGE(.BOTH.,#15063);
#15063 = SURFACE_SIDE_STYLE('',(#15064));
#15064 = SURFACE_STYLE_FILL_AREA(#15065);
#15065 = FILL_AREA_STYLE('',(#15066));
#15066 = FILL_AREA_STYLE_COLOUR('',#14723);
#15067 = STYLED_ITEM('color',(#15068),#3467);
#15068 = PRESENTATION_STYLE_ASSIGNMENT((#15069));
#15069 = SURFACE_STYLE_USAGE(.BOTH.,#15070);
#15070 = SURFACE_SIDE_STYLE('',(#15071));
#15071 = SURFACE_STYLE_FILL_AREA(#15072);
#15072 = FILL_AREA_STYLE('',(#15073));
#15073 = FILL_AREA_STYLE_COLOUR('',#14723);
#15074 = STYLED_ITEM('color',(#15075),#3484);
#15075 = PRESENTATION_STYLE_ASSIGNMENT((#15076));
#15076 = SURFACE_STYLE_USAGE(.BOTH.,#15077);
#15077 = SURFACE_SIDE_STYLE('',(#15078));
#15078 = SURFACE_STYLE_FILL_AREA(#15079);
#15079 = FILL_AREA_STYLE('',(#15080));
#15080 = FILL_AREA_STYLE_COLOUR('',#14723);
#15081 = STYLED_ITEM('color',(#15082),#3501);
#15082 = PRESENTATION_STYLE_ASSIGNMENT((#15083));
#15083 = SURFACE_STYLE_USAGE(.BOTH.,#15084);
#15084 = SURFACE_SIDE_STYLE('',(#15085));
#15085 = SURFACE_STYLE_FILL_AREA(#15086);
#15086 = FILL_AREA_STYLE('',(#15087));
#15087 = FILL_AREA_STYLE_COLOUR('',#14723);
#15088 = STYLED_ITEM('color',(#15089),#3513);
#15089 = PRESENTATION_STYLE_ASSIGNMENT((#15090));
#15090 = SURFACE_STYLE_USAGE(.BOTH.,#15091);
#15091 = SURFACE_SIDE_STYLE('',(#15092));
#15092 = SURFACE_STYLE_FILL_AREA(#15093);
#15093 = FILL_AREA_STYLE('',(#15094));
#15094 = FILL_AREA_STYLE_COLOUR('',#14723);
#15095 = STYLED_ITEM('color',(#15096),#3530);
#15096 = PRESENTATION_STYLE_ASSIGNMENT((#15097));
#15097 = SURFACE_STYLE_USAGE(.BOTH.,#15098);
#15098 = SURFACE_SIDE_STYLE('',(#15099));
#15099 = SURFACE_STYLE_FILL_AREA(#15100);
#15100 = FILL_AREA_STYLE('',(#15101));
#15101 = FILL_AREA_STYLE_COLOUR('',#14723);
#15102 = STYLED_ITEM('color',(#15103),#3547);
#15103 = PRESENTATION_STYLE_ASSIGNMENT((#15104));
#15104 = SURFACE_STYLE_USAGE(.BOTH.,#15105);
#15105 = SURFACE_SIDE_STYLE('',(#15106));
#15106 = SURFACE_STYLE_FILL_AREA(#15107);
#15107 = FILL_AREA_STYLE('',(#15108));
#15108 = FILL_AREA_STYLE_COLOUR('',#14723);
#15109 = MECHANICAL_DESIGN_GEOMETRIC_PRESENTATION_REPRESENTATION('',(
    #15110,#15117,#15124,#15131,#15138,#15145,#15152,#15159,#15166,
    #15173,#15180,#15188,#15195,#15202,#15209,#15216,#15223,#15230,
    #15237,#15244,#15251,#15258,#15265,#15272,#15279,#15286,#15293,
    #15300),#10753);
#15110 = STYLED_ITEM('color',(#15111),#9901);
#15111 = PRESENTATION_STYLE_ASSIGNMENT((#15112));
#15112 = SURFACE_STYLE_USAGE(.BOTH.,#15113);
#15113 = SURFACE_SIDE_STYLE('',(#15114));
#15114 = SURFACE_STYLE_FILL_AREA(#15115);
#15115 = FILL_AREA_STYLE('',(#15116));
#15116 = FILL_AREA_STYLE_COLOUR('',#13436);
#15117 = STYLED_ITEM('color',(#15118),#9977);
#15118 = PRESENTATION_STYLE_ASSIGNMENT((#15119));
#15119 = SURFACE_STYLE_USAGE(.BOTH.,#15120);
#15120 = SURFACE_SIDE_STYLE('',(#15121));
#15121 = SURFACE_STYLE_FILL_AREA(#15122);
#15122 = FILL_AREA_STYLE('',(#15123));
#15123 = FILL_AREA_STYLE_COLOUR('',#13436);
#15124 = STYLED_ITEM('color',(#15125),#10008);
#15125 = PRESENTATION_STYLE_ASSIGNMENT((#15126));
#15126 = SURFACE_STYLE_USAGE(.BOTH.,#15127);
#15127 = SURFACE_SIDE_STYLE('',(#15128));
#15128 = SURFACE_STYLE_FILL_AREA(#15129);
#15129 = FILL_AREA_STYLE('',(#15130));
#15130 = FILL_AREA_STYLE_COLOUR('',#13436);
#15131 = STYLED_ITEM('color',(#15132),#10033);
#15132 = PRESENTATION_STYLE_ASSIGNMENT((#15133));
#15133 = SURFACE_STYLE_USAGE(.BOTH.,#15134);
#15134 = SURFACE_SIDE_STYLE('',(#15135));
#15135 = SURFACE_STYLE_FILL_AREA(#15136);
#15136 = FILL_AREA_STYLE('',(#15137));
#15137 = FILL_AREA_STYLE_COLOUR('',#13436);
#15138 = STYLED_ITEM('color',(#15139),#10058);
#15139 = PRESENTATION_STYLE_ASSIGNMENT((#15140));
#15140 = SURFACE_STYLE_USAGE(.BOTH.,#15141);
#15141 = SURFACE_SIDE_STYLE('',(#15142));
#15142 = SURFACE_STYLE_FILL_AREA(#15143);
#15143 = FILL_AREA_STYLE('',(#15144));
#15144 = FILL_AREA_STYLE_COLOUR('',#13436);
#15145 = STYLED_ITEM('color',(#15146),#10082);
#15146 = PRESENTATION_STYLE_ASSIGNMENT((#15147));
#15147 = SURFACE_STYLE_USAGE(.BOTH.,#15148);
#15148 = SURFACE_SIDE_STYLE('',(#15149));
#15149 = SURFACE_STYLE_FILL_AREA(#15150);
#15150 = FILL_AREA_STYLE('',(#15151));
#15151 = FILL_AREA_STYLE_COLOUR('',#13436);
#15152 = STYLED_ITEM('color',(#15153),#10106);
#15153 = PRESENTATION_STYLE_ASSIGNMENT((#15154));
#15154 = SURFACE_STYLE_USAGE(.BOTH.,#15155);
#15155 = SURFACE_SIDE_STYLE('',(#15156));
#15156 = SURFACE_STYLE_FILL_AREA(#15157);
#15157 = FILL_AREA_STYLE('',(#15158));
#15158 = FILL_AREA_STYLE_COLOUR('',#13436);
#15159 = STYLED_ITEM('color',(#15160),#10131);
#15160 = PRESENTATION_STYLE_ASSIGNMENT((#15161));
#15161 = SURFACE_STYLE_USAGE(.BOTH.,#15162);
#15162 = SURFACE_SIDE_STYLE('',(#15163));
#15163 = SURFACE_STYLE_FILL_AREA(#15164);
#15164 = FILL_AREA_STYLE('',(#15165));
#15165 = FILL_AREA_STYLE_COLOUR('',#13436);
#15166 = STYLED_ITEM('color',(#15167),#10156);
#15167 = PRESENTATION_STYLE_ASSIGNMENT((#15168));
#15168 = SURFACE_STYLE_USAGE(.BOTH.,#15169);
#15169 = SURFACE_SIDE_STYLE('',(#15170));
#15170 = SURFACE_STYLE_FILL_AREA(#15171);
#15171 = FILL_AREA_STYLE('',(#15172));
#15172 = FILL_AREA_STYLE_COLOUR('',#13436);
#15173 = STYLED_ITEM('color',(#15174),#10173);
#15174 = PRESENTATION_STYLE_ASSIGNMENT((#15175));
#15175 = SURFACE_STYLE_USAGE(.BOTH.,#15176);
#15176 = SURFACE_SIDE_STYLE('',(#15177));
#15177 = SURFACE_STYLE_FILL_AREA(#15178);
#15178 = FILL_AREA_STYLE('',(#15179));
#15179 = FILL_AREA_STYLE_COLOUR('',#13436);
#15180 = STYLED_ITEM('color',(#15181),#10259);
#15181 = PRESENTATION_STYLE_ASSIGNMENT((#15182));
#15182 = SURFACE_STYLE_USAGE(.BOTH.,#15183);
#15183 = SURFACE_SIDE_STYLE('',(#15184));
#15184 = SURFACE_STYLE_FILL_AREA(#15185);
#15185 = FILL_AREA_STYLE('',(#15186));
#15186 = FILL_AREA_STYLE_COLOUR('',#15187);
#15187 = COLOUR_RGB('',0.379000005575,0.270000008848,0.214999999939);
#15188 = STYLED_ITEM('color',(#15189),#10291);
#15189 = PRESENTATION_STYLE_ASSIGNMENT((#15190));
#15190 = SURFACE_STYLE_USAGE(.BOTH.,#15191);
#15191 = SURFACE_SIDE_STYLE('',(#15192));
#15192 = SURFACE_STYLE_FILL_AREA(#15193);
#15193 = FILL_AREA_STYLE('',(#15194));
#15194 = FILL_AREA_STYLE_COLOUR('',#15187);
#15195 = STYLED_ITEM('color',(#15196),#10315);
#15196 = PRESENTATION_STYLE_ASSIGNMENT((#15197));
#15197 = SURFACE_STYLE_USAGE(.BOTH.,#15198);
#15198 = SURFACE_SIDE_STYLE('',(#15199));
#15199 = SURFACE_STYLE_FILL_AREA(#15200);
#15200 = FILL_AREA_STYLE('',(#15201));
#15201 = FILL_AREA_STYLE_COLOUR('',#15187);
#15202 = STYLED_ITEM('color',(#15203),#10340);
#15203 = PRESENTATION_STYLE_ASSIGNMENT((#15204));
#15204 = SURFACE_STYLE_USAGE(.BOTH.,#15205);
#15205 = SURFACE_SIDE_STYLE('',(#15206));
#15206 = SURFACE_STYLE_FILL_AREA(#15207);
#15207 = FILL_AREA_STYLE('',(#15208));
#15208 = FILL_AREA_STYLE_COLOUR('',#15187);
#15209 = STYLED_ITEM('color',(#15210),#10364);
#15210 = PRESENTATION_STYLE_ASSIGNMENT((#15211));
#15211 = SURFACE_STYLE_USAGE(.BOTH.,#15212);
#15212 = SURFACE_SIDE_STYLE('',(#15213));
#15213 = SURFACE_STYLE_FILL_AREA(#15214);
#15214 = FILL_AREA_STYLE('',(#15215));
#15215 = FILL_AREA_STYLE_COLOUR('',#15187);
#15216 = STYLED_ITEM('color',(#15217),#10389);
#15217 = PRESENTATION_STYLE_ASSIGNMENT((#15218));
#15218 = SURFACE_STYLE_USAGE(.BOTH.,#15219);
#15219 = SURFACE_SIDE_STYLE('',(#15220));
#15220 = SURFACE_STYLE_FILL_AREA(#15221);
#15221 = FILL_AREA_STYLE('',(#15222));
#15222 = FILL_AREA_STYLE_COLOUR('',#15187);
#15223 = STYLED_ITEM('color',(#15224),#10413);
#15224 = PRESENTATION_STYLE_ASSIGNMENT((#15225));
#15225 = SURFACE_STYLE_USAGE(.BOTH.,#15226);
#15226 = SURFACE_SIDE_STYLE('',(#15227));
#15227 = SURFACE_STYLE_FILL_AREA(#15228);
#15228 = FILL_AREA_STYLE('',(#15229));
#15229 = FILL_AREA_STYLE_COLOUR('',#15187);
#15230 = STYLED_ITEM('color',(#15231),#10438);
#15231 = PRESENTATION_STYLE_ASSIGNMENT((#15232));
#15232 = SURFACE_STYLE_USAGE(.BOTH.,#15233);
#15233 = SURFACE_SIDE_STYLE('',(#15234));
#15234 = SURFACE_STYLE_FILL_AREA(#15235);
#15235 = FILL_AREA_STYLE('',(#15236));
#15236 = FILL_AREA_STYLE_COLOUR('',#15187);
#15237 = STYLED_ITEM('color',(#15238),#10455);
#15238 = PRESENTATION_STYLE_ASSIGNMENT((#15239));
#15239 = SURFACE_STYLE_USAGE(.BOTH.,#15240);
#15240 = SURFACE_SIDE_STYLE('',(#15241));
#15241 = SURFACE_STYLE_FILL_AREA(#15242);
#15242 = FILL_AREA_STYLE('',(#15243));
#15243 = FILL_AREA_STYLE_COLOUR('',#13436);
#15244 = STYLED_ITEM('color',(#15245),#10541);
#15245 = PRESENTATION_STYLE_ASSIGNMENT((#15246));
#15246 = SURFACE_STYLE_USAGE(.BOTH.,#15247);
#15247 = SURFACE_SIDE_STYLE('',(#15248));
#15248 = SURFACE_STYLE_FILL_AREA(#15249);
#15249 = FILL_AREA_STYLE('',(#15250));
#15250 = FILL_AREA_STYLE_COLOUR('',#13436);
#15251 = STYLED_ITEM('color',(#15252),#10572);
#15252 = PRESENTATION_STYLE_ASSIGNMENT((#15253));
#15253 = SURFACE_STYLE_USAGE(.BOTH.,#15254);
#15254 = SURFACE_SIDE_STYLE('',(#15255));
#15255 = SURFACE_STYLE_FILL_AREA(#15256);
#15256 = FILL_AREA_STYLE('',(#15257));
#15257 = FILL_AREA_STYLE_COLOUR('',#13436);
#15258 = STYLED_ITEM('color',(#15259),#10597);
#15259 = PRESENTATION_STYLE_ASSIGNMENT((#15260));
#15260 = SURFACE_STYLE_USAGE(.BOTH.,#15261);
#15261 = SURFACE_SIDE_STYLE('',(#15262));
#15262 = SURFACE_STYLE_FILL_AREA(#15263);
#15263 = FILL_AREA_STYLE('',(#15264));
#15264 = FILL_AREA_STYLE_COLOUR('',#13436);
#15265 = STYLED_ITEM('color',(#15266),#10622);
#15266 = PRESENTATION_STYLE_ASSIGNMENT((#15267));
#15267 = SURFACE_STYLE_USAGE(.BOTH.,#15268);
#15268 = SURFACE_SIDE_STYLE('',(#15269));
#15269 = SURFACE_STYLE_FILL_AREA(#15270);
#15270 = FILL_AREA_STYLE('',(#15271));
#15271 = FILL_AREA_STYLE_COLOUR('',#13436);
#15272 = STYLED_ITEM('color',(#15273),#10646);
#15273 = PRESENTATION_STYLE_ASSIGNMENT((#15274));
#15274 = SURFACE_STYLE_USAGE(.BOTH.,#15275);
#15275 = SURFACE_SIDE_STYLE('',(#15276));
#15276 = SURFACE_STYLE_FILL_AREA(#15277);
#15277 = FILL_AREA_STYLE('',(#15278));
#15278 = FILL_AREA_STYLE_COLOUR('',#13436);
#15279 = STYLED_ITEM('color',(#15280),#10670);
#15280 = PRESENTATION_STYLE_ASSIGNMENT((#15281));
#15281 = SURFACE_STYLE_USAGE(.BOTH.,#15282);
#15282 = SURFACE_SIDE_STYLE('',(#15283));
#15283 = SURFACE_STYLE_FILL_AREA(#15284);
#15284 = FILL_AREA_STYLE('',(#15285));
#15285 = FILL_AREA_STYLE_COLOUR('',#13436);
#15286 = STYLED_ITEM('color',(#15287),#10695);
#15287 = PRESENTATION_STYLE_ASSIGNMENT((#15288));
#15288 = SURFACE_STYLE_USAGE(.BOTH.,#15289);
#15289 = SURFACE_SIDE_STYLE('',(#15290));
#15290 = SURFACE_STYLE_FILL_AREA(#15291);
#15291 = FILL_AREA_STYLE('',(#15292));
#15292 = FILL_AREA_STYLE_COLOUR('',#13436);
#15293 = STYLED_ITEM('color',(#15294),#10720);
#15294 = PRESENTATION_STYLE_ASSIGNMENT((#15295));
#15295 = SURFACE_STYLE_USAGE(.BOTH.,#15296);
#15296 = SURFACE_SIDE_STYLE('',(#15297));
#15297 = SURFACE_STYLE_FILL_AREA(#15298);
#15298 = FILL_AREA_STYLE('',(#15299));
#15299 = FILL_AREA_STYLE_COLOUR('',#13436);
#15300 = STYLED_ITEM('color',(#15301),#10737);
#15301 = PRESENTATION_STYLE_ASSIGNMENT((#15302));
#15302 = SURFACE_STYLE_USAGE(.BOTH.,#15303);
#15303 = SURFACE_SIDE_STYLE('',(#15304));
#15304 = SURFACE_STYLE_FILL_AREA(#15305);
#15305 = FILL_AREA_STYLE('',(#15306));
#15306 = FILL_AREA_STYLE_COLOUR('',#13436);
#15307 = MECHANICAL_DESIGN_GEOMETRIC_PRESENTATION_REPRESENTATION('',(
    #15308),#13402);
#15308 = STYLED_ITEM('color',(#15309),#11591);
#15309 = PRESENTATION_STYLE_ASSIGNMENT((#15310));
#15310 = SURFACE_STYLE_USAGE(.BOTH.,#15311);
#15311 = SURFACE_SIDE_STYLE('',(#15312));
#15312 = SURFACE_STYLE_FILL_AREA(#15313);
#15313 = FILL_AREA_STYLE('',(#15314));
#15314 = FILL_AREA_STYLE_COLOUR('',#15315);
#15315 = COLOUR_RGB('',0.313304153717,0.484529207832,0.410020903123);
#15316 = MECHANICAL_DESIGN_GEOMETRIC_PRESENTATION_REPRESENTATION('',(
    #15317,#15325,#15332,#15339,#15346,#15353,#15360,#15367,#15374,
    #15381,#15388,#15395,#15402,#15409,#15416,#15423),#4003);
#15317 = STYLED_ITEM('color',(#15318),#3580);
#15318 = PRESENTATION_STYLE_ASSIGNMENT((#15319));
#15319 = SURFACE_STYLE_USAGE(.BOTH.,#15320);
#15320 = SURFACE_SIDE_STYLE('',(#15321));
#15321 = SURFACE_STYLE_FILL_AREA(#15322);
#15322 = FILL_AREA_STYLE('',(#15323));
#15323 = FILL_AREA_STYLE_COLOUR('',#15324);
#15324 = COLOUR_RGB('',0.699999984889,9.999999991362E-02,
  5.000000142576E-02);
#15325 = STYLED_ITEM('color',(#15326),#3607);
#15326 = PRESENTATION_STYLE_ASSIGNMENT((#15327));
#15327 = SURFACE_STYLE_USAGE(.BOTH.,#15328);
#15328 = SURFACE_SIDE_STYLE('',(#15329));
#15329 = SURFACE_STYLE_FILL_AREA(#15330);
#15330 = FILL_AREA_STYLE('',(#15331));
#15331 = FILL_AREA_STYLE_COLOUR('',#15324);
#15332 = STYLED_ITEM('color',(#15333),#3632);
#15333 = PRESENTATION_STYLE_ASSIGNMENT((#15334));
#15334 = SURFACE_STYLE_USAGE(.BOTH.,#15335);
#15335 = SURFACE_SIDE_STYLE('',(#15336));
#15336 = SURFACE_STYLE_FILL_AREA(#15337);
#15337 = FILL_AREA_STYLE('',(#15338));
#15338 = FILL_AREA_STYLE_COLOUR('',#15324);
#15339 = STYLED_ITEM('color',(#15340),#3660);
#15340 = PRESENTATION_STYLE_ASSIGNMENT((#15341));
#15341 = SURFACE_STYLE_USAGE(.BOTH.,#15342);
#15342 = SURFACE_SIDE_STYLE('',(#15343));
#15343 = SURFACE_STYLE_FILL_AREA(#15344);
#15344 = FILL_AREA_STYLE('',(#15345));
#15345 = FILL_AREA_STYLE_COLOUR('',#15324);
#15346 = STYLED_ITEM('color',(#15347),#3692);
#15347 = PRESENTATION_STYLE_ASSIGNMENT((#15348));
#15348 = SURFACE_STYLE_USAGE(.BOTH.,#15349);
#15349 = SURFACE_SIDE_STYLE('',(#15350));
#15350 = SURFACE_STYLE_FILL_AREA(#15351);
#15351 = FILL_AREA_STYLE('',(#15352));
#15352 = FILL_AREA_STYLE_COLOUR('',#15324);
#15353 = STYLED_ITEM('color',(#15354),#3709);
#15354 = PRESENTATION_STYLE_ASSIGNMENT((#15355));
#15355 = SURFACE_STYLE_USAGE(.BOTH.,#15356);
#15356 = SURFACE_SIDE_STYLE('',(#15357));
#15357 = SURFACE_STYLE_FILL_AREA(#15358);
#15358 = FILL_AREA_STYLE('',(#15359));
#15359 = FILL_AREA_STYLE_COLOUR('',#15324);
#15360 = STYLED_ITEM('color',(#15361),#3787);
#15361 = PRESENTATION_STYLE_ASSIGNMENT((#15362));
#15362 = SURFACE_STYLE_USAGE(.BOTH.,#15363);
#15363 = SURFACE_SIDE_STYLE('',(#15364));
#15364 = SURFACE_STYLE_FILL_AREA(#15365);
#15365 = FILL_AREA_STYLE('',(#15366));
#15366 = FILL_AREA_STYLE_COLOUR('',#13436);
#15367 = STYLED_ITEM('color',(#15368),#3818);
#15368 = PRESENTATION_STYLE_ASSIGNMENT((#15369));
#15369 = SURFACE_STYLE_USAGE(.BOTH.,#15370);
#15370 = SURFACE_SIDE_STYLE('',(#15371));
#15371 = SURFACE_STYLE_FILL_AREA(#15372);
#15372 = FILL_AREA_STYLE('',(#15373));
#15373 = FILL_AREA_STYLE_COLOUR('',#13436);
#15374 = STYLED_ITEM('color',(#15375),#3842);
#15375 = PRESENTATION_STYLE_ASSIGNMENT((#15376));
#15376 = SURFACE_STYLE_USAGE(.BOTH.,#15377);
#15377 = SURFACE_SIDE_STYLE('',(#15378));
#15378 = SURFACE_STYLE_FILL_AREA(#15379);
#15379 = FILL_AREA_STYLE('',(#15380));
#15380 = FILL_AREA_STYLE_COLOUR('',#13436);
#15381 = STYLED_ITEM('color',(#15382),#3866);
#15382 = PRESENTATION_STYLE_ASSIGNMENT((#15383));
#15383 = SURFACE_STYLE_USAGE(.BOTH.,#15384);
#15384 = SURFACE_SIDE_STYLE('',(#15385));
#15385 = SURFACE_STYLE_FILL_AREA(#15386);
#15386 = FILL_AREA_STYLE('',(#15387));
#15387 = FILL_AREA_STYLE_COLOUR('',#13436);
#15388 = STYLED_ITEM('color',(#15389),#3883);
#15389 = PRESENTATION_STYLE_ASSIGNMENT((#15390));
#15390 = SURFACE_STYLE_USAGE(.BOTH.,#15391);
#15391 = SURFACE_SIDE_STYLE('',(#15392));
#15392 = SURFACE_STYLE_FILL_AREA(#15393);
#15393 = FILL_AREA_STYLE('',(#15394));
#15394 = FILL_AREA_STYLE_COLOUR('',#13436);
#15395 = STYLED_ITEM('color',(#15396),#3914);
#15396 = PRESENTATION_STYLE_ASSIGNMENT((#15397));
#15397 = SURFACE_STYLE_USAGE(.BOTH.,#15398);
#15398 = SURFACE_SIDE_STYLE('',(#15399));
#15399 = SURFACE_STYLE_FILL_AREA(#15400);
#15400 = FILL_AREA_STYLE('',(#15401));
#15401 = FILL_AREA_STYLE_COLOUR('',#13436);
#15402 = STYLED_ITEM('color',(#15403),#3938);
#15403 = PRESENTATION_STYLE_ASSIGNMENT((#15404));
#15404 = SURFACE_STYLE_USAGE(.BOTH.,#15405);
#15405 = SURFACE_SIDE_STYLE('',(#15406));
#15406 = SURFACE_STYLE_FILL_AREA(#15407);
#15407 = FILL_AREA_STYLE('',(#15408));
#15408 = FILL_AREA_STYLE_COLOUR('',#13436);
#15409 = STYLED_ITEM('color',(#15410),#3962);
#15410 = PRESENTATION_STYLE_ASSIGNMENT((#15411));
#15411 = SURFACE_STYLE_USAGE(.BOTH.,#15412);
#15412 = SURFACE_SIDE_STYLE('',(#15413));
#15413 = SURFACE_STYLE_FILL_AREA(#15414);
#15414 = FILL_AREA_STYLE('',(#15415));
#15415 = FILL_AREA_STYLE_COLOUR('',#13436);
#15416 = STYLED_ITEM('color',(#15417),#3979);
#15417 = PRESENTATION_STYLE_ASSIGNMENT((#15418));
#15418 = SURFACE_STYLE_USAGE(.BOTH.,#15419);
#15419 = SURFACE_SIDE_STYLE('',(#15420));
#15420 = SURFACE_STYLE_FILL_AREA(#15421);
#15421 = FILL_AREA_STYLE('',(#15422));
#15422 = FILL_AREA_STYLE_COLOUR('',#13436);
#15423 = STYLED_ITEM('color',(#15424),#3991);
#15424 = PRESENTATION_STYLE_ASSIGNMENT((#15425));
#15425 = SURFACE_STYLE_USAGE(.BOTH.,#15426);
#15426 = SURFACE_SIDE_STYLE('',(#15427));
#15427 = SURFACE_STYLE_FILL_AREA(#15428);
#15428 = FILL_AREA_STYLE('',(#15429));
#15429 = FILL_AREA_STYLE_COLOUR('',#13436);
#15430 = MECHANICAL_DESIGN_GEOMETRIC_PRESENTATION_REPRESENTATION('',(
    #15431,#15441,#15450,#15459,#15468,#15477,#15486,#15495,#15504,
    #15514,#15523,#15532,#15541,#15550,#15559,#15568,#15577,#15586,
    #15595,#15604,#15613,#15622,#15631,#15640,#15649,#15658,#15667,
    #15676,#15685,#15694,#15703,#15712,#15721,#15730,#15739,#15748,
    #15757,#15766,#15775,#15784,#15793,#15802,#15811,#15820,#15829,
    #15838,#15847,#15856,#15865,#15874,#15883,#15892,#15901,#15910,
    #15919,#15928,#15937,#15946,#15955,#15964,#15973,#15982,#15991,
    #16000,#16009,#16018,#16027,#16036,#16045,#16054,#16063,#16072,
    #16081,#16090,#16099,#16108,#16117,#16126,#16135,#16144,#16153,
    #16162,#16171,#16180,#16189,#16198,#16207,#16216,#16225,#16234,
    #16243,#16252,#16261,#16270,#16279,#16288,#16297,#16306,#16315,
    #16324,#16333,#16342,#16351,#16360,#16369,#16378,#16387,#16396,
    #16405,#16414,#16423,#16432),#6632);
#15431 = STYLED_ITEM('color',(#15432),#4024);
#15432 = PRESENTATION_STYLE_ASSIGNMENT((#15433,#15439));
#15433 = SURFACE_STYLE_USAGE(.BOTH.,#15434);
#15434 = SURFACE_SIDE_STYLE('',(#15435));
#15435 = SURFACE_STYLE_FILL_AREA(#15436);
#15436 = FILL_AREA_STYLE('',(#15437));
#15437 = FILL_AREA_STYLE_COLOUR('',#15438);
#15438 = COLOUR_RGB('',0.147999998088,0.145000001626,0.145000001626);
#15439 = CURVE_STYLE('',#15440,POSITIVE_LENGTH_MEASURE(0.1),#15438);
#15440 = DRAUGHTING_PRE_DEFINED_CURVE_FONT('continuous');
#15441 = STYLED_ITEM('color',(#15442),#4064);
#15442 = PRESENTATION_STYLE_ASSIGNMENT((#15443,#15448));
#15443 = SURFACE_STYLE_USAGE(.BOTH.,#15444);
#15444 = SURFACE_SIDE_STYLE('',(#15445));
#15445 = SURFACE_STYLE_FILL_AREA(#15446);
#15446 = FILL_AREA_STYLE('',(#15447));
#15447 = FILL_AREA_STYLE_COLOUR('',#15438);
#15448 = CURVE_STYLE('',#15449,POSITIVE_LENGTH_MEASURE(0.1),#15438);
#15449 = DRAUGHTING_PRE_DEFINED_CURVE_FONT('continuous');
#15450 = STYLED_ITEM('color',(#15451),#4127);
#15451 = PRESENTATION_STYLE_ASSIGNMENT((#15452,#15457));
#15452 = SURFACE_STYLE_USAGE(.BOTH.,#15453);
#15453 = SURFACE_SIDE_STYLE('',(#15454));
#15454 = SURFACE_STYLE_FILL_AREA(#15455);
#15455 = FILL_AREA_STYLE('',(#15456));
#15456 = FILL_AREA_STYLE_COLOUR('',#15438);
#15457 = CURVE_STYLE('',#15458,POSITIVE_LENGTH_MEASURE(0.1),#15438);
#15458 = DRAUGHTING_PRE_DEFINED_CURVE_FONT('continuous');
#15459 = STYLED_ITEM('color',(#15460),#4190);
#15460 = PRESENTATION_STYLE_ASSIGNMENT((#15461,#15466));
#15461 = SURFACE_STYLE_USAGE(.BOTH.,#15462);
#15462 = SURFACE_SIDE_STYLE('',(#15463));
#15463 = SURFACE_STYLE_FILL_AREA(#15464);
#15464 = FILL_AREA_STYLE('',(#15465));
#15465 = FILL_AREA_STYLE_COLOUR('',#15438);
#15466 = CURVE_STYLE('',#15467,POSITIVE_LENGTH_MEASURE(0.1),#15438);
#15467 = DRAUGHTING_PRE_DEFINED_CURVE_FONT('continuous');
#15468 = STYLED_ITEM('color',(#15469),#4207);
#15469 = PRESENTATION_STYLE_ASSIGNMENT((#15470,#15475));
#15470 = SURFACE_STYLE_USAGE(.BOTH.,#15471);
#15471 = SURFACE_SIDE_STYLE('',(#15472));
#15472 = SURFACE_STYLE_FILL_AREA(#15473);
#15473 = FILL_AREA_STYLE('',(#15474));
#15474 = FILL_AREA_STYLE_COLOUR('',#15438);
#15475 = CURVE_STYLE('',#15476,POSITIVE_LENGTH_MEASURE(0.1),#15438);
#15476 = DRAUGHTING_PRE_DEFINED_CURVE_FONT('continuous');
#15477 = STYLED_ITEM('color',(#15478),#4326);
#15478 = PRESENTATION_STYLE_ASSIGNMENT((#15479,#15484));
#15479 = SURFACE_STYLE_USAGE(.BOTH.,#15480);
#15480 = SURFACE_SIDE_STYLE('',(#15481));
#15481 = SURFACE_STYLE_FILL_AREA(#15482);
#15482 = FILL_AREA_STYLE('',(#15483));
#15483 = FILL_AREA_STYLE_COLOUR('',#15438);
#15484 = CURVE_STYLE('',#15485,POSITIVE_LENGTH_MEASURE(0.1),#15438);
#15485 = DRAUGHTING_PRE_DEFINED_CURVE_FONT('continuous');
#15486 = STYLED_ITEM('color',(#15487),#4348);
#15487 = PRESENTATION_STYLE_ASSIGNMENT((#15488,#15493));
#15488 = SURFACE_STYLE_USAGE(.BOTH.,#15489);
#15489 = SURFACE_SIDE_STYLE('',(#15490));
#15490 = SURFACE_STYLE_FILL_AREA(#15491);
#15491 = FILL_AREA_STYLE('',(#15492));
#15492 = FILL_AREA_STYLE_COLOUR('',#15438);
#15493 = CURVE_STYLE('',#15494,POSITIVE_LENGTH_MEASURE(0.1),#15438);
#15494 = DRAUGHTING_PRE_DEFINED_CURVE_FONT('continuous');
#15495 = STYLED_ITEM('color',(#15496),#4365);
#15496 = PRESENTATION_STYLE_ASSIGNMENT((#15497,#15502));
#15497 = SURFACE_STYLE_USAGE(.BOTH.,#15498);
#15498 = SURFACE_SIDE_STYLE('',(#15499));
#15499 = SURFACE_STYLE_FILL_AREA(#15500);
#15500 = FILL_AREA_STYLE('',(#15501));
#15501 = FILL_AREA_STYLE_COLOUR('',#15438);
#15502 = CURVE_STYLE('',#15503,POSITIVE_LENGTH_MEASURE(0.1),#15438);
#15503 = DRAUGHTING_PRE_DEFINED_CURVE_FONT('continuous');
#15504 = OVER_RIDING_STYLED_ITEM('overriding color',(#15505),#4398,
  #15495);
#15505 = PRESENTATION_STYLE_ASSIGNMENT((#15506,#15512));
#15506 = SURFACE_STYLE_USAGE(.BOTH.,#15507);
#15507 = SURFACE_SIDE_STYLE('',(#15508));
#15508 = SURFACE_STYLE_FILL_AREA(#15509);
#15509 = FILL_AREA_STYLE('',(#15510));
#15510 = FILL_AREA_STYLE_COLOUR('',#15511);
#15511 = COLOUR_RGB('',0.858999988747,0.738000004258,0.496000005009);
#15512 = CURVE_STYLE('',#15513,POSITIVE_LENGTH_MEASURE(0.1),#15511);
#15513 = DRAUGHTING_PRE_DEFINED_CURVE_FONT('continuous');
#15514 = OVER_RIDING_STYLED_ITEM('overriding color',(#15515),#4430,
  #15495);
#15515 = PRESENTATION_STYLE_ASSIGNMENT((#15516,#15521));
#15516 = SURFACE_STYLE_USAGE(.BOTH.,#15517);
#15517 = SURFACE_SIDE_STYLE('',(#15518));
#15518 = SURFACE_STYLE_FILL_AREA(#15519);
#15519 = FILL_AREA_STYLE('',(#15520));
#15520 = FILL_AREA_STYLE_COLOUR('',#15511);
#15521 = CURVE_STYLE('',#15522,POSITIVE_LENGTH_MEASURE(0.1),#15511);
#15522 = DRAUGHTING_PRE_DEFINED_CURVE_FONT('continuous');
#15523 = OVER_RIDING_STYLED_ITEM('overriding color',(#15524),#4464,
  #15495);
#15524 = PRESENTATION_STYLE_ASSIGNMENT((#15525,#15530));
#15525 = SURFACE_STYLE_USAGE(.BOTH.,#15526);
#15526 = SURFACE_SIDE_STYLE('',(#15527));
#15527 = SURFACE_STYLE_FILL_AREA(#15528);
#15528 = FILL_AREA_STYLE('',(#15529));
#15529 = FILL_AREA_STYLE_COLOUR('',#15511);
#15530 = CURVE_STYLE('',#15531,POSITIVE_LENGTH_MEASURE(0.1),#15511);
#15531 = DRAUGHTING_PRE_DEFINED_CURVE_FONT('continuous');
#15532 = OVER_RIDING_STYLED_ITEM('overriding color',(#15533),#4496,
  #15495);
#15533 = PRESENTATION_STYLE_ASSIGNMENT((#15534,#15539));
#15534 = SURFACE_STYLE_USAGE(.BOTH.,#15535);
#15535 = SURFACE_SIDE_STYLE('',(#15536));
#15536 = SURFACE_STYLE_FILL_AREA(#15537);
#15537 = FILL_AREA_STYLE('',(#15538));
#15538 = FILL_AREA_STYLE_COLOUR('',#15511);
#15539 = CURVE_STYLE('',#15540,POSITIVE_LENGTH_MEASURE(0.1),#15511);
#15540 = DRAUGHTING_PRE_DEFINED_CURVE_FONT('continuous');
#15541 = OVER_RIDING_STYLED_ITEM('overriding color',(#15542),#4530,
  #15495);
#15542 = PRESENTATION_STYLE_ASSIGNMENT((#15543,#15548));
#15543 = SURFACE_STYLE_USAGE(.BOTH.,#15544);
#15544 = SURFACE_SIDE_STYLE('',(#15545));
#15545 = SURFACE_STYLE_FILL_AREA(#15546);
#15546 = FILL_AREA_STYLE('',(#15547));
#15547 = FILL_AREA_STYLE_COLOUR('',#15511);
#15548 = CURVE_STYLE('',#15549,POSITIVE_LENGTH_MEASURE(0.1),#15511);
#15549 = DRAUGHTING_PRE_DEFINED_CURVE_FONT('continuous');
#15550 = OVER_RIDING_STYLED_ITEM('overriding color',(#15551),#4562,
  #15495);
#15551 = PRESENTATION_STYLE_ASSIGNMENT((#15552,#15557));
#15552 = SURFACE_STYLE_USAGE(.BOTH.,#15553);
#15553 = SURFACE_SIDE_STYLE('',(#15554));
#15554 = SURFACE_STYLE_FILL_AREA(#15555);
#15555 = FILL_AREA_STYLE('',(#15556));
#15556 = FILL_AREA_STYLE_COLOUR('',#15511);
#15557 = CURVE_STYLE('',#15558,POSITIVE_LENGTH_MEASURE(0.1),#15511);
#15558 = DRAUGHTING_PRE_DEFINED_CURVE_FONT('continuous');
#15559 = STYLED_ITEM('color',(#15560),#4580);
#15560 = PRESENTATION_STYLE_ASSIGNMENT((#15561,#15566));
#15561 = SURFACE_STYLE_USAGE(.BOTH.,#15562);
#15562 = SURFACE_SIDE_STYLE('',(#15563));
#15563 = SURFACE_STYLE_FILL_AREA(#15564);
#15564 = FILL_AREA_STYLE('',(#15565));
#15565 = FILL_AREA_STYLE_COLOUR('',#15438);
#15566 = CURVE_STYLE('',#15567,POSITIVE_LENGTH_MEASURE(0.1),#15438);
#15567 = DRAUGHTING_PRE_DEFINED_CURVE_FONT('continuous');
#15568 = STYLED_ITEM('color',(#15569),#4592);
#15569 = PRESENTATION_STYLE_ASSIGNMENT((#15570,#15575));
#15570 = SURFACE_STYLE_USAGE(.BOTH.,#15571);
#15571 = SURFACE_SIDE_STYLE('',(#15572));
#15572 = SURFACE_STYLE_FILL_AREA(#15573);
#15573 = FILL_AREA_STYLE('',(#15574));
#15574 = FILL_AREA_STYLE_COLOUR('',#15438);
#15575 = CURVE_STYLE('',#15576,POSITIVE_LENGTH_MEASURE(0.1),#15438);
#15576 = DRAUGHTING_PRE_DEFINED_CURVE_FONT('continuous');
#15577 = STYLED_ITEM('color',(#15578),#4604);
#15578 = PRESENTATION_STYLE_ASSIGNMENT((#15579,#15584));
#15579 = SURFACE_STYLE_USAGE(.BOTH.,#15580);
#15580 = SURFACE_SIDE_STYLE('',(#15581));
#15581 = SURFACE_STYLE_FILL_AREA(#15582);
#15582 = FILL_AREA_STYLE('',(#15583));
#15583 = FILL_AREA_STYLE_COLOUR('',#15438);
#15584 = CURVE_STYLE('',#15585,POSITIVE_LENGTH_MEASURE(0.1),#15438);
#15585 = DRAUGHTING_PRE_DEFINED_CURVE_FONT('continuous');
#15586 = STYLED_ITEM('color',(#15587),#4635);
#15587 = PRESENTATION_STYLE_ASSIGNMENT((#15588,#15593));
#15588 = SURFACE_STYLE_USAGE(.BOTH.,#15589);
#15589 = SURFACE_SIDE_STYLE('',(#15590));
#15590 = SURFACE_STYLE_FILL_AREA(#15591);
#15591 = FILL_AREA_STYLE('',(#15592));
#15592 = FILL_AREA_STYLE_COLOUR('',#15438);
#15593 = CURVE_STYLE('',#15594,POSITIVE_LENGTH_MEASURE(0.1),#15438);
#15594 = DRAUGHTING_PRE_DEFINED_CURVE_FONT('continuous');
#15595 = STYLED_ITEM('color',(#15596),#4659);
#15596 = PRESENTATION_STYLE_ASSIGNMENT((#15597,#15602));
#15597 = SURFACE_STYLE_USAGE(.BOTH.,#15598);
#15598 = SURFACE_SIDE_STYLE('',(#15599));
#15599 = SURFACE_STYLE_FILL_AREA(#15600);
#15600 = FILL_AREA_STYLE('',(#15601));
#15601 = FILL_AREA_STYLE_COLOUR('',#15438);
#15602 = CURVE_STYLE('',#15603,POSITIVE_LENGTH_MEASURE(0.1),#15438);
#15603 = DRAUGHTING_PRE_DEFINED_CURVE_FONT('continuous');
#15604 = STYLED_ITEM('color',(#15605),#4683);
#15605 = PRESENTATION_STYLE_ASSIGNMENT((#15606,#15611));
#15606 = SURFACE_STYLE_USAGE(.BOTH.,#15607);
#15607 = SURFACE_SIDE_STYLE('',(#15608));
#15608 = SURFACE_STYLE_FILL_AREA(#15609);
#15609 = FILL_AREA_STYLE('',(#15610));
#15610 = FILL_AREA_STYLE_COLOUR('',#15438);
#15611 = CURVE_STYLE('',#15612,POSITIVE_LENGTH_MEASURE(0.1),#15438);
#15612 = DRAUGHTING_PRE_DEFINED_CURVE_FONT('continuous');
#15613 = STYLED_ITEM('color',(#15614),#4700);
#15614 = PRESENTATION_STYLE_ASSIGNMENT((#15615,#15620));
#15615 = SURFACE_STYLE_USAGE(.BOTH.,#15616);
#15616 = SURFACE_SIDE_STYLE('',(#15617));
#15617 = SURFACE_STYLE_FILL_AREA(#15618);
#15618 = FILL_AREA_STYLE('',(#15619));
#15619 = FILL_AREA_STYLE_COLOUR('',#15438);
#15620 = CURVE_STYLE('',#15621,POSITIVE_LENGTH_MEASURE(0.1),#15438);
#15621 = DRAUGHTING_PRE_DEFINED_CURVE_FONT('continuous');
#15622 = STYLED_ITEM('color',(#15623),#4731);
#15623 = PRESENTATION_STYLE_ASSIGNMENT((#15624,#15629));
#15624 = SURFACE_STYLE_USAGE(.BOTH.,#15625);
#15625 = SURFACE_SIDE_STYLE('',(#15626));
#15626 = SURFACE_STYLE_FILL_AREA(#15627);
#15627 = FILL_AREA_STYLE('',(#15628));
#15628 = FILL_AREA_STYLE_COLOUR('',#15438);
#15629 = CURVE_STYLE('',#15630,POSITIVE_LENGTH_MEASURE(0.1),#15438);
#15630 = DRAUGHTING_PRE_DEFINED_CURVE_FONT('continuous');
#15631 = STYLED_ITEM('color',(#15632),#4755);
#15632 = PRESENTATION_STYLE_ASSIGNMENT((#15633,#15638));
#15633 = SURFACE_STYLE_USAGE(.BOTH.,#15634);
#15634 = SURFACE_SIDE_STYLE('',(#15635));
#15635 = SURFACE_STYLE_FILL_AREA(#15636);
#15636 = FILL_AREA_STYLE('',(#15637));
#15637 = FILL_AREA_STYLE_COLOUR('',#15438);
#15638 = CURVE_STYLE('',#15639,POSITIVE_LENGTH_MEASURE(0.1),#15438);
#15639 = DRAUGHTING_PRE_DEFINED_CURVE_FONT('continuous');
#15640 = STYLED_ITEM('color',(#15641),#4779);
#15641 = PRESENTATION_STYLE_ASSIGNMENT((#15642,#15647));
#15642 = SURFACE_STYLE_USAGE(.BOTH.,#15643);
#15643 = SURFACE_SIDE_STYLE('',(#15644));
#15644 = SURFACE_STYLE_FILL_AREA(#15645);
#15645 = FILL_AREA_STYLE('',(#15646));
#15646 = FILL_AREA_STYLE_COLOUR('',#15438);
#15647 = CURVE_STYLE('',#15648,POSITIVE_LENGTH_MEASURE(0.1),#15438);
#15648 = DRAUGHTING_PRE_DEFINED_CURVE_FONT('continuous');
#15649 = STYLED_ITEM('color',(#15650),#4796);
#15650 = PRESENTATION_STYLE_ASSIGNMENT((#15651,#15656));
#15651 = SURFACE_STYLE_USAGE(.BOTH.,#15652);
#15652 = SURFACE_SIDE_STYLE('',(#15653));
#15653 = SURFACE_STYLE_FILL_AREA(#15654);
#15654 = FILL_AREA_STYLE('',(#15655));
#15655 = FILL_AREA_STYLE_COLOUR('',#15438);
#15656 = CURVE_STYLE('',#15657,POSITIVE_LENGTH_MEASURE(0.1),#15438);
#15657 = DRAUGHTING_PRE_DEFINED_CURVE_FONT('continuous');
#15658 = STYLED_ITEM('color',(#15659),#4827);
#15659 = PRESENTATION_STYLE_ASSIGNMENT((#15660,#15665));
#15660 = SURFACE_STYLE_USAGE(.BOTH.,#15661);
#15661 = SURFACE_SIDE_STYLE('',(#15662));
#15662 = SURFACE_STYLE_FILL_AREA(#15663);
#15663 = FILL_AREA_STYLE('',(#15664));
#15664 = FILL_AREA_STYLE_COLOUR('',#15438);
#15665 = CURVE_STYLE('',#15666,POSITIVE_LENGTH_MEASURE(0.1),#15438);
#15666 = DRAUGHTING_PRE_DEFINED_CURVE_FONT('continuous');
#15667 = STYLED_ITEM('color',(#15668),#4851);
#15668 = PRESENTATION_STYLE_ASSIGNMENT((#15669,#15674));
#15669 = SURFACE_STYLE_USAGE(.BOTH.,#15670);
#15670 = SURFACE_SIDE_STYLE('',(#15671));
#15671 = SURFACE_STYLE_FILL_AREA(#15672);
#15672 = FILL_AREA_STYLE('',(#15673));
#15673 = FILL_AREA_STYLE_COLOUR('',#15438);
#15674 = CURVE_STYLE('',#15675,POSITIVE_LENGTH_MEASURE(0.1),#15438);
#15675 = DRAUGHTING_PRE_DEFINED_CURVE_FONT('continuous');
#15676 = STYLED_ITEM('color',(#15677),#4875);
#15677 = PRESENTATION_STYLE_ASSIGNMENT((#15678,#15683));
#15678 = SURFACE_STYLE_USAGE(.BOTH.,#15679);
#15679 = SURFACE_SIDE_STYLE('',(#15680));
#15680 = SURFACE_STYLE_FILL_AREA(#15681);
#15681 = FILL_AREA_STYLE('',(#15682));
#15682 = FILL_AREA_STYLE_COLOUR('',#15438);
#15683 = CURVE_STYLE('',#15684,POSITIVE_LENGTH_MEASURE(0.1),#15438);
#15684 = DRAUGHTING_PRE_DEFINED_CURVE_FONT('continuous');
#15685 = STYLED_ITEM('color',(#15686),#4892);
#15686 = PRESENTATION_STYLE_ASSIGNMENT((#15687,#15692));
#15687 = SURFACE_STYLE_USAGE(.BOTH.,#15688);
#15688 = SURFACE_SIDE_STYLE('',(#15689));
#15689 = SURFACE_STYLE_FILL_AREA(#15690);
#15690 = FILL_AREA_STYLE('',(#15691));
#15691 = FILL_AREA_STYLE_COLOUR('',#15511);
#15692 = CURVE_STYLE('',#15693,POSITIVE_LENGTH_MEASURE(0.1),#15511);
#15693 = DRAUGHTING_PRE_DEFINED_CURVE_FONT('continuous');
#15694 = STYLED_ITEM('color',(#15695),#4909);
#15695 = PRESENTATION_STYLE_ASSIGNMENT((#15696,#15701));
#15696 = SURFACE_STYLE_USAGE(.BOTH.,#15697);
#15697 = SURFACE_SIDE_STYLE('',(#15698));
#15698 = SURFACE_STYLE_FILL_AREA(#15699);
#15699 = FILL_AREA_STYLE('',(#15700));
#15700 = FILL_AREA_STYLE_COLOUR('',#15511);
#15701 = CURVE_STYLE('',#15702,POSITIVE_LENGTH_MEASURE(0.1),#15511);
#15702 = DRAUGHTING_PRE_DEFINED_CURVE_FONT('continuous');
#15703 = STYLED_ITEM('color',(#15704),#4956);
#15704 = PRESENTATION_STYLE_ASSIGNMENT((#15705,#15710));
#15705 = SURFACE_STYLE_USAGE(.BOTH.,#15706);
#15706 = SURFACE_SIDE_STYLE('',(#15707));
#15707 = SURFACE_STYLE_FILL_AREA(#15708);
#15708 = FILL_AREA_STYLE('',(#15709));
#15709 = FILL_AREA_STYLE_COLOUR('',#15511);
#15710 = CURVE_STYLE('',#15711,POSITIVE_LENGTH_MEASURE(0.1),#15511);
#15711 = DRAUGHTING_PRE_DEFINED_CURVE_FONT('continuous');
#15712 = STYLED_ITEM('color',(#15713),#4973);
#15713 = PRESENTATION_STYLE_ASSIGNMENT((#15714,#15719));
#15714 = SURFACE_STYLE_USAGE(.BOTH.,#15715);
#15715 = SURFACE_SIDE_STYLE('',(#15716));
#15716 = SURFACE_STYLE_FILL_AREA(#15717);
#15717 = FILL_AREA_STYLE('',(#15718));
#15718 = FILL_AREA_STYLE_COLOUR('',#15511);
#15719 = CURVE_STYLE('',#15720,POSITIVE_LENGTH_MEASURE(0.1),#15511);
#15720 = DRAUGHTING_PRE_DEFINED_CURVE_FONT('continuous');
#15721 = STYLED_ITEM('color',(#15722),#5020);
#15722 = PRESENTATION_STYLE_ASSIGNMENT((#15723,#15728));
#15723 = SURFACE_STYLE_USAGE(.BOTH.,#15724);
#15724 = SURFACE_SIDE_STYLE('',(#15725));
#15725 = SURFACE_STYLE_FILL_AREA(#15726);
#15726 = FILL_AREA_STYLE('',(#15727));
#15727 = FILL_AREA_STYLE_COLOUR('',#15511);
#15728 = CURVE_STYLE('',#15729,POSITIVE_LENGTH_MEASURE(0.1),#15511);
#15729 = DRAUGHTING_PRE_DEFINED_CURVE_FONT('continuous');
#15730 = STYLED_ITEM('color',(#15731),#5037);
#15731 = PRESENTATION_STYLE_ASSIGNMENT((#15732,#15737));
#15732 = SURFACE_STYLE_USAGE(.BOTH.,#15733);
#15733 = SURFACE_SIDE_STYLE('',(#15734));
#15734 = SURFACE_STYLE_FILL_AREA(#15735);
#15735 = FILL_AREA_STYLE('',(#15736));
#15736 = FILL_AREA_STYLE_COLOUR('',#15511);
#15737 = CURVE_STYLE('',#15738,POSITIVE_LENGTH_MEASURE(0.1),#15511);
#15738 = DRAUGHTING_PRE_DEFINED_CURVE_FONT('continuous');
#15739 = STYLED_ITEM('color',(#15740),#5084);
#15740 = PRESENTATION_STYLE_ASSIGNMENT((#15741,#15746));
#15741 = SURFACE_STYLE_USAGE(.BOTH.,#15742);
#15742 = SURFACE_SIDE_STYLE('',(#15743));
#15743 = SURFACE_STYLE_FILL_AREA(#15744);
#15744 = FILL_AREA_STYLE('',(#15745));
#15745 = FILL_AREA_STYLE_COLOUR('',#15511);
#15746 = CURVE_STYLE('',#15747,POSITIVE_LENGTH_MEASURE(0.1),#15511);
#15747 = DRAUGHTING_PRE_DEFINED_CURVE_FONT('continuous');
#15748 = STYLED_ITEM('color',(#15749),#5101);
#15749 = PRESENTATION_STYLE_ASSIGNMENT((#15750,#15755));
#15750 = SURFACE_STYLE_USAGE(.BOTH.,#15751);
#15751 = SURFACE_SIDE_STYLE('',(#15752));
#15752 = SURFACE_STYLE_FILL_AREA(#15753);
#15753 = FILL_AREA_STYLE('',(#15754));
#15754 = FILL_AREA_STYLE_COLOUR('',#15511);
#15755 = CURVE_STYLE('',#15756,POSITIVE_LENGTH_MEASURE(0.1),#15511);
#15756 = DRAUGHTING_PRE_DEFINED_CURVE_FONT('continuous');
#15757 = STYLED_ITEM('color',(#15758),#5148);
#15758 = PRESENTATION_STYLE_ASSIGNMENT((#15759,#15764));
#15759 = SURFACE_STYLE_USAGE(.BOTH.,#15760);
#15760 = SURFACE_SIDE_STYLE('',(#15761));
#15761 = SURFACE_STYLE_FILL_AREA(#15762);
#15762 = FILL_AREA_STYLE('',(#15763));
#15763 = FILL_AREA_STYLE_COLOUR('',#15511);
#15764 = CURVE_STYLE('',#15765,POSITIVE_LENGTH_MEASURE(0.1),#15511);
#15765 = DRAUGHTING_PRE_DEFINED_CURVE_FONT('continuous');
#15766 = STYLED_ITEM('color',(#15767),#5165);
#15767 = PRESENTATION_STYLE_ASSIGNMENT((#15768,#15773));
#15768 = SURFACE_STYLE_USAGE(.BOTH.,#15769);
#15769 = SURFACE_SIDE_STYLE('',(#15770));
#15770 = SURFACE_STYLE_FILL_AREA(#15771);
#15771 = FILL_AREA_STYLE('',(#15772));
#15772 = FILL_AREA_STYLE_COLOUR('',#15511);
#15773 = CURVE_STYLE('',#15774,POSITIVE_LENGTH_MEASURE(0.1),#15511);
#15774 = DRAUGHTING_PRE_DEFINED_CURVE_FONT('continuous');
#15775 = STYLED_ITEM('color',(#15776),#5212);
#15776 = PRESENTATION_STYLE_ASSIGNMENT((#15777,#15782));
#15777 = SURFACE_STYLE_USAGE(.BOTH.,#15778);
#15778 = SURFACE_SIDE_STYLE('',(#15779));
#15779 = SURFACE_STYLE_FILL_AREA(#15780);
#15780 = FILL_AREA_STYLE('',(#15781));
#15781 = FILL_AREA_STYLE_COLOUR('',#15511);
#15782 = CURVE_STYLE('',#15783,POSITIVE_LENGTH_MEASURE(0.1),#15511);
#15783 = DRAUGHTING_PRE_DEFINED_CURVE_FONT('continuous');
#15784 = STYLED_ITEM('color',(#15785),#5229);
#15785 = PRESENTATION_STYLE_ASSIGNMENT((#15786,#15791));
#15786 = SURFACE_STYLE_USAGE(.BOTH.,#15787);
#15787 = SURFACE_SIDE_STYLE('',(#15788));
#15788 = SURFACE_STYLE_FILL_AREA(#15789);
#15789 = FILL_AREA_STYLE('',(#15790));
#15790 = FILL_AREA_STYLE_COLOUR('',#15511);
#15791 = CURVE_STYLE('',#15792,POSITIVE_LENGTH_MEASURE(0.1),#15511);
#15792 = DRAUGHTING_PRE_DEFINED_CURVE_FONT('continuous');
#15793 = STYLED_ITEM('color',(#15794),#5276);
#15794 = PRESENTATION_STYLE_ASSIGNMENT((#15795,#15800));
#15795 = SURFACE_STYLE_USAGE(.BOTH.,#15796);
#15796 = SURFACE_SIDE_STYLE('',(#15797));
#15797 = SURFACE_STYLE_FILL_AREA(#15798);
#15798 = FILL_AREA_STYLE('',(#15799));
#15799 = FILL_AREA_STYLE_COLOUR('',#15438);
#15800 = CURVE_STYLE('',#15801,POSITIVE_LENGTH_MEASURE(0.1),#15438);
#15801 = DRAUGHTING_PRE_DEFINED_CURVE_FONT('continuous');
#15802 = STYLED_ITEM('color',(#15803),#5307);
#15803 = PRESENTATION_STYLE_ASSIGNMENT((#15804,#15809));
#15804 = SURFACE_STYLE_USAGE(.BOTH.,#15805);
#15805 = SURFACE_SIDE_STYLE('',(#15806));
#15806 = SURFACE_STYLE_FILL_AREA(#15807);
#15807 = FILL_AREA_STYLE('',(#15808));
#15808 = FILL_AREA_STYLE_COLOUR('',#15438);
#15809 = CURVE_STYLE('',#15810,POSITIVE_LENGTH_MEASURE(0.1),#15438);
#15810 = DRAUGHTING_PRE_DEFINED_CURVE_FONT('continuous');
#15811 = OVER_RIDING_STYLED_ITEM('overriding color',(#15812),#5321,
  #15802);
#15812 = PRESENTATION_STYLE_ASSIGNMENT((#15813,#15818));
#15813 = SURFACE_STYLE_USAGE(.BOTH.,#15814);
#15814 = SURFACE_SIDE_STYLE('',(#15815));
#15815 = SURFACE_STYLE_FILL_AREA(#15816);
#15816 = FILL_AREA_STYLE('',(#15817));
#15817 = FILL_AREA_STYLE_COLOUR('',#15511);
#15818 = CURVE_STYLE('',#15819,POSITIVE_LENGTH_MEASURE(0.1),#15511);
#15819 = DRAUGHTING_PRE_DEFINED_CURVE_FONT('continuous');
#15820 = OVER_RIDING_STYLED_ITEM('overriding color',(#15821),#5337,
  #15802);
#15821 = PRESENTATION_STYLE_ASSIGNMENT((#15822,#15827));
#15822 = SURFACE_STYLE_USAGE(.BOTH.,#15823);
#15823 = SURFACE_SIDE_STYLE('',(#15824));
#15824 = SURFACE_STYLE_FILL_AREA(#15825);
#15825 = FILL_AREA_STYLE('',(#15826));
#15826 = FILL_AREA_STYLE_COLOUR('',#15511);
#15827 = CURVE_STYLE('',#15828,POSITIVE_LENGTH_MEASURE(0.1),#15511);
#15828 = DRAUGHTING_PRE_DEFINED_CURVE_FONT('continuous');
#15829 = STYLED_ITEM('color',(#15830),#5363);
#15830 = PRESENTATION_STYLE_ASSIGNMENT((#15831,#15836));
#15831 = SURFACE_STYLE_USAGE(.BOTH.,#15832);
#15832 = SURFACE_SIDE_STYLE('',(#15833));
#15833 = SURFACE_STYLE_FILL_AREA(#15834);
#15834 = FILL_AREA_STYLE('',(#15835));
#15835 = FILL_AREA_STYLE_COLOUR('',#15438);
#15836 = CURVE_STYLE('',#15837,POSITIVE_LENGTH_MEASURE(0.1),#15438);
#15837 = DRAUGHTING_PRE_DEFINED_CURVE_FONT('continuous');
#15838 = STYLED_ITEM('color',(#15839),#5387);
#15839 = PRESENTATION_STYLE_ASSIGNMENT((#15840,#15845));
#15840 = SURFACE_STYLE_USAGE(.BOTH.,#15841);
#15841 = SURFACE_SIDE_STYLE('',(#15842));
#15842 = SURFACE_STYLE_FILL_AREA(#15843);
#15843 = FILL_AREA_STYLE('',(#15844));
#15844 = FILL_AREA_STYLE_COLOUR('',#15438);
#15845 = CURVE_STYLE('',#15846,POSITIVE_LENGTH_MEASURE(0.1),#15438);
#15846 = DRAUGHTING_PRE_DEFINED_CURVE_FONT('continuous');
#15847 = OVER_RIDING_STYLED_ITEM('overriding color',(#15848),#5401,
  #15838);
#15848 = PRESENTATION_STYLE_ASSIGNMENT((#15849,#15854));
#15849 = SURFACE_STYLE_USAGE(.BOTH.,#15850);
#15850 = SURFACE_SIDE_STYLE('',(#15851));
#15851 = SURFACE_STYLE_FILL_AREA(#15852);
#15852 = FILL_AREA_STYLE('',(#15853));
#15853 = FILL_AREA_STYLE_COLOUR('',#15511);
#15854 = CURVE_STYLE('',#15855,POSITIVE_LENGTH_MEASURE(0.1),#15511);
#15855 = DRAUGHTING_PRE_DEFINED_CURVE_FONT('continuous');
#15856 = OVER_RIDING_STYLED_ITEM('overriding color',(#15857),#5417,
  #15838);
#15857 = PRESENTATION_STYLE_ASSIGNMENT((#15858,#15863));
#15858 = SURFACE_STYLE_USAGE(.BOTH.,#15859);
#15859 = SURFACE_SIDE_STYLE('',(#15860));
#15860 = SURFACE_STYLE_FILL_AREA(#15861);
#15861 = FILL_AREA_STYLE('',(#15862));
#15862 = FILL_AREA_STYLE_COLOUR('',#15511);
#15863 = CURVE_STYLE('',#15864,POSITIVE_LENGTH_MEASURE(0.1),#15511);
#15864 = DRAUGHTING_PRE_DEFINED_CURVE_FONT('continuous');
#15865 = STYLED_ITEM('color',(#15866),#5436);
#15866 = PRESENTATION_STYLE_ASSIGNMENT((#15867,#15872));
#15867 = SURFACE_STYLE_USAGE(.BOTH.,#15868);
#15868 = SURFACE_SIDE_STYLE('',(#15869));
#15869 = SURFACE_STYLE_FILL_AREA(#15870);
#15870 = FILL_AREA_STYLE('',(#15871));
#15871 = FILL_AREA_STYLE_COLOUR('',#15438);
#15872 = CURVE_STYLE('',#15873,POSITIVE_LENGTH_MEASURE(0.1),#15438);
#15873 = DRAUGHTING_PRE_DEFINED_CURVE_FONT('continuous');
#15874 = STYLED_ITEM('color',(#15875),#5467);
#15875 = PRESENTATION_STYLE_ASSIGNMENT((#15876,#15881));
#15876 = SURFACE_STYLE_USAGE(.BOTH.,#15877);
#15877 = SURFACE_SIDE_STYLE('',(#15878));
#15878 = SURFACE_STYLE_FILL_AREA(#15879);
#15879 = FILL_AREA_STYLE('',(#15880));
#15880 = FILL_AREA_STYLE_COLOUR('',#15438);
#15881 = CURVE_STYLE('',#15882,POSITIVE_LENGTH_MEASURE(0.1),#15438);
#15882 = DRAUGHTING_PRE_DEFINED_CURVE_FONT('continuous');
#15883 = OVER_RIDING_STYLED_ITEM('overriding color',(#15884),#5481,
  #15874);
#15884 = PRESENTATION_STYLE_ASSIGNMENT((#15885,#15890));
#15885 = SURFACE_STYLE_USAGE(.BOTH.,#15886);
#15886 = SURFACE_SIDE_STYLE('',(#15887));
#15887 = SURFACE_STYLE_FILL_AREA(#15888);
#15888 = FILL_AREA_STYLE('',(#15889));
#15889 = FILL_AREA_STYLE_COLOUR('',#15511);
#15890 = CURVE_STYLE('',#15891,POSITIVE_LENGTH_MEASURE(0.1),#15511);
#15891 = DRAUGHTING_PRE_DEFINED_CURVE_FONT('continuous');
#15892 = OVER_RIDING_STYLED_ITEM('overriding color',(#15893),#5497,
  #15874);
#15893 = PRESENTATION_STYLE_ASSIGNMENT((#15894,#15899));
#15894 = SURFACE_STYLE_USAGE(.BOTH.,#15895);
#15895 = SURFACE_SIDE_STYLE('',(#15896));
#15896 = SURFACE_STYLE_FILL_AREA(#15897);
#15897 = FILL_AREA_STYLE('',(#15898));
#15898 = FILL_AREA_STYLE_COLOUR('',#15511);
#15899 = CURVE_STYLE('',#15900,POSITIVE_LENGTH_MEASURE(0.1),#15511);
#15900 = DRAUGHTING_PRE_DEFINED_CURVE_FONT('continuous');
#15901 = STYLED_ITEM('color',(#15902),#5523);
#15902 = PRESENTATION_STYLE_ASSIGNMENT((#15903,#15908));
#15903 = SURFACE_STYLE_USAGE(.BOTH.,#15904);
#15904 = SURFACE_SIDE_STYLE('',(#15905));
#15905 = SURFACE_STYLE_FILL_AREA(#15906);
#15906 = FILL_AREA_STYLE('',(#15907));
#15907 = FILL_AREA_STYLE_COLOUR('',#15438);
#15908 = CURVE_STYLE('',#15909,POSITIVE_LENGTH_MEASURE(0.1),#15438);
#15909 = DRAUGHTING_PRE_DEFINED_CURVE_FONT('continuous');
#15910 = STYLED_ITEM('color',(#15911),#5547);
#15911 = PRESENTATION_STYLE_ASSIGNMENT((#15912,#15917));
#15912 = SURFACE_STYLE_USAGE(.BOTH.,#15913);
#15913 = SURFACE_SIDE_STYLE('',(#15914));
#15914 = SURFACE_STYLE_FILL_AREA(#15915);
#15915 = FILL_AREA_STYLE('',(#15916));
#15916 = FILL_AREA_STYLE_COLOUR('',#15438);
#15917 = CURVE_STYLE('',#15918,POSITIVE_LENGTH_MEASURE(0.1),#15438);
#15918 = DRAUGHTING_PRE_DEFINED_CURVE_FONT('continuous');
#15919 = OVER_RIDING_STYLED_ITEM('overriding color',(#15920),#5561,
  #15910);
#15920 = PRESENTATION_STYLE_ASSIGNMENT((#15921,#15926));
#15921 = SURFACE_STYLE_USAGE(.BOTH.,#15922);
#15922 = SURFACE_SIDE_STYLE('',(#15923));
#15923 = SURFACE_STYLE_FILL_AREA(#15924);
#15924 = FILL_AREA_STYLE('',(#15925));
#15925 = FILL_AREA_STYLE_COLOUR('',#15511);
#15926 = CURVE_STYLE('',#15927,POSITIVE_LENGTH_MEASURE(0.1),#15511);
#15927 = DRAUGHTING_PRE_DEFINED_CURVE_FONT('continuous');
#15928 = OVER_RIDING_STYLED_ITEM('overriding color',(#15929),#5577,
  #15910);
#15929 = PRESENTATION_STYLE_ASSIGNMENT((#15930,#15935));
#15930 = SURFACE_STYLE_USAGE(.BOTH.,#15931);
#15931 = SURFACE_SIDE_STYLE('',(#15932));
#15932 = SURFACE_STYLE_FILL_AREA(#15933);
#15933 = FILL_AREA_STYLE('',(#15934));
#15934 = FILL_AREA_STYLE_COLOUR('',#15511);
#15935 = CURVE_STYLE('',#15936,POSITIVE_LENGTH_MEASURE(0.1),#15511);
#15936 = DRAUGHTING_PRE_DEFINED_CURVE_FONT('continuous');
#15937 = STYLED_ITEM('color',(#15938),#5596);
#15938 = PRESENTATION_STYLE_ASSIGNMENT((#15939,#15944));
#15939 = SURFACE_STYLE_USAGE(.BOTH.,#15940);
#15940 = SURFACE_SIDE_STYLE('',(#15941));
#15941 = SURFACE_STYLE_FILL_AREA(#15942);
#15942 = FILL_AREA_STYLE('',(#15943));
#15943 = FILL_AREA_STYLE_COLOUR('',#15438);
#15944 = CURVE_STYLE('',#15945,POSITIVE_LENGTH_MEASURE(0.1),#15438);
#15945 = DRAUGHTING_PRE_DEFINED_CURVE_FONT('continuous');
#15946 = STYLED_ITEM('color',(#15947),#5627);
#15947 = PRESENTATION_STYLE_ASSIGNMENT((#15948,#15953));
#15948 = SURFACE_STYLE_USAGE(.BOTH.,#15949);
#15949 = SURFACE_SIDE_STYLE('',(#15950));
#15950 = SURFACE_STYLE_FILL_AREA(#15951);
#15951 = FILL_AREA_STYLE('',(#15952));
#15952 = FILL_AREA_STYLE_COLOUR('',#15438);
#15953 = CURVE_STYLE('',#15954,POSITIVE_LENGTH_MEASURE(0.1),#15438);
#15954 = DRAUGHTING_PRE_DEFINED_CURVE_FONT('continuous');
#15955 = OVER_RIDING_STYLED_ITEM('overriding color',(#15956),#5641,
  #15946);
#15956 = PRESENTATION_STYLE_ASSIGNMENT((#15957,#15962));
#15957 = SURFACE_STYLE_USAGE(.BOTH.,#15958);
#15958 = SURFACE_SIDE_STYLE('',(#15959));
#15959 = SURFACE_STYLE_FILL_AREA(#15960);
#15960 = FILL_AREA_STYLE('',(#15961));
#15961 = FILL_AREA_STYLE_COLOUR('',#15511);
#15962 = CURVE_STYLE('',#15963,POSITIVE_LENGTH_MEASURE(0.1),#15511);
#15963 = DRAUGHTING_PRE_DEFINED_CURVE_FONT('continuous');
#15964 = OVER_RIDING_STYLED_ITEM('overriding color',(#15965),#5657,
  #15946);
#15965 = PRESENTATION_STYLE_ASSIGNMENT((#15966,#15971));
#15966 = SURFACE_STYLE_USAGE(.BOTH.,#15967);
#15967 = SURFACE_SIDE_STYLE('',(#15968));
#15968 = SURFACE_STYLE_FILL_AREA(#15969);
#15969 = FILL_AREA_STYLE('',(#15970));
#15970 = FILL_AREA_STYLE_COLOUR('',#15511);
#15971 = CURVE_STYLE('',#15972,POSITIVE_LENGTH_MEASURE(0.1),#15511);
#15972 = DRAUGHTING_PRE_DEFINED_CURVE_FONT('continuous');
#15973 = STYLED_ITEM('color',(#15974),#5683);
#15974 = PRESENTATION_STYLE_ASSIGNMENT((#15975,#15980));
#15975 = SURFACE_STYLE_USAGE(.BOTH.,#15976);
#15976 = SURFACE_SIDE_STYLE('',(#15977));
#15977 = SURFACE_STYLE_FILL_AREA(#15978);
#15978 = FILL_AREA_STYLE('',(#15979));
#15979 = FILL_AREA_STYLE_COLOUR('',#15438);
#15980 = CURVE_STYLE('',#15981,POSITIVE_LENGTH_MEASURE(0.1),#15438);
#15981 = DRAUGHTING_PRE_DEFINED_CURVE_FONT('continuous');
#15982 = STYLED_ITEM('color',(#15983),#5707);
#15983 = PRESENTATION_STYLE_ASSIGNMENT((#15984,#15989));
#15984 = SURFACE_STYLE_USAGE(.BOTH.,#15985);
#15985 = SURFACE_SIDE_STYLE('',(#15986));
#15986 = SURFACE_STYLE_FILL_AREA(#15987);
#15987 = FILL_AREA_STYLE('',(#15988));
#15988 = FILL_AREA_STYLE_COLOUR('',#15438);
#15989 = CURVE_STYLE('',#15990,POSITIVE_LENGTH_MEASURE(0.1),#15438);
#15990 = DRAUGHTING_PRE_DEFINED_CURVE_FONT('continuous');
#15991 = OVER_RIDING_STYLED_ITEM('overriding color',(#15992),#5721,
  #15982);
#15992 = PRESENTATION_STYLE_ASSIGNMENT((#15993,#15998));
#15993 = SURFACE_STYLE_USAGE(.BOTH.,#15994);
#15994 = SURFACE_SIDE_STYLE('',(#15995));
#15995 = SURFACE_STYLE_FILL_AREA(#15996);
#15996 = FILL_AREA_STYLE('',(#15997));
#15997 = FILL_AREA_STYLE_COLOUR('',#15511);
#15998 = CURVE_STYLE('',#15999,POSITIVE_LENGTH_MEASURE(0.1),#15511);
#15999 = DRAUGHTING_PRE_DEFINED_CURVE_FONT('continuous');
#16000 = OVER_RIDING_STYLED_ITEM('overriding color',(#16001),#5737,
  #15982);
#16001 = PRESENTATION_STYLE_ASSIGNMENT((#16002,#16007));
#16002 = SURFACE_STYLE_USAGE(.BOTH.,#16003);
#16003 = SURFACE_SIDE_STYLE('',(#16004));
#16004 = SURFACE_STYLE_FILL_AREA(#16005);
#16005 = FILL_AREA_STYLE('',(#16006));
#16006 = FILL_AREA_STYLE_COLOUR('',#15511);
#16007 = CURVE_STYLE('',#16008,POSITIVE_LENGTH_MEASURE(0.1),#15511);
#16008 = DRAUGHTING_PRE_DEFINED_CURVE_FONT('continuous');
#16009 = STYLED_ITEM('color',(#16010),#5756);
#16010 = PRESENTATION_STYLE_ASSIGNMENT((#16011,#16016));
#16011 = SURFACE_STYLE_USAGE(.BOTH.,#16012);
#16012 = SURFACE_SIDE_STYLE('',(#16013));
#16013 = SURFACE_STYLE_FILL_AREA(#16014);
#16014 = FILL_AREA_STYLE('',(#16015));
#16015 = FILL_AREA_STYLE_COLOUR('',#15511);
#16016 = CURVE_STYLE('',#16017,POSITIVE_LENGTH_MEASURE(0.1),#15511);
#16017 = DRAUGHTING_PRE_DEFINED_CURVE_FONT('continuous');
#16018 = STYLED_ITEM('color',(#16019),#5773);
#16019 = PRESENTATION_STYLE_ASSIGNMENT((#16020,#16025));
#16020 = SURFACE_STYLE_USAGE(.BOTH.,#16021);
#16021 = SURFACE_SIDE_STYLE('',(#16022));
#16022 = SURFACE_STYLE_FILL_AREA(#16023);
#16023 = FILL_AREA_STYLE('',(#16024));
#16024 = FILL_AREA_STYLE_COLOUR('',#15511);
#16025 = CURVE_STYLE('',#16026,POSITIVE_LENGTH_MEASURE(0.1),#15511);
#16026 = DRAUGHTING_PRE_DEFINED_CURVE_FONT('continuous');
#16027 = STYLED_ITEM('color',(#16028),#5790);
#16028 = PRESENTATION_STYLE_ASSIGNMENT((#16029,#16034));
#16029 = SURFACE_STYLE_USAGE(.BOTH.,#16030);
#16030 = SURFACE_SIDE_STYLE('',(#16031));
#16031 = SURFACE_STYLE_FILL_AREA(#16032);
#16032 = FILL_AREA_STYLE('',(#16033));
#16033 = FILL_AREA_STYLE_COLOUR('',#15511);
#16034 = CURVE_STYLE('',#16035,POSITIVE_LENGTH_MEASURE(0.1),#15511);
#16035 = DRAUGHTING_PRE_DEFINED_CURVE_FONT('continuous');
#16036 = STYLED_ITEM('color',(#16037),#5807);
#16037 = PRESENTATION_STYLE_ASSIGNMENT((#16038,#16043));
#16038 = SURFACE_STYLE_USAGE(.BOTH.,#16039);
#16039 = SURFACE_SIDE_STYLE('',(#16040));
#16040 = SURFACE_STYLE_FILL_AREA(#16041);
#16041 = FILL_AREA_STYLE('',(#16042));
#16042 = FILL_AREA_STYLE_COLOUR('',#15511);
#16043 = CURVE_STYLE('',#16044,POSITIVE_LENGTH_MEASURE(0.1),#15511);
#16044 = DRAUGHTING_PRE_DEFINED_CURVE_FONT('continuous');
#16045 = STYLED_ITEM('color',(#16046),#5824);
#16046 = PRESENTATION_STYLE_ASSIGNMENT((#16047,#16052));
#16047 = SURFACE_STYLE_USAGE(.BOTH.,#16048);
#16048 = SURFACE_SIDE_STYLE('',(#16049));
#16049 = SURFACE_STYLE_FILL_AREA(#16050);
#16050 = FILL_AREA_STYLE('',(#16051));
#16051 = FILL_AREA_STYLE_COLOUR('',#15511);
#16052 = CURVE_STYLE('',#16053,POSITIVE_LENGTH_MEASURE(0.1),#15511);
#16053 = DRAUGHTING_PRE_DEFINED_CURVE_FONT('continuous');
#16054 = STYLED_ITEM('color',(#16055),#5836);
#16055 = PRESENTATION_STYLE_ASSIGNMENT((#16056,#16061));
#16056 = SURFACE_STYLE_USAGE(.BOTH.,#16057);
#16057 = SURFACE_SIDE_STYLE('',(#16058));
#16058 = SURFACE_STYLE_FILL_AREA(#16059);
#16059 = FILL_AREA_STYLE('',(#16060));
#16060 = FILL_AREA_STYLE_COLOUR('',#15511);
#16061 = CURVE_STYLE('',#16062,POSITIVE_LENGTH_MEASURE(0.1),#15511);
#16062 = DRAUGHTING_PRE_DEFINED_CURVE_FONT('continuous');
#16063 = STYLED_ITEM('color',(#16064),#5853);
#16064 = PRESENTATION_STYLE_ASSIGNMENT((#16065,#16070));
#16065 = SURFACE_STYLE_USAGE(.BOTH.,#16066);
#16066 = SURFACE_SIDE_STYLE('',(#16067));
#16067 = SURFACE_STYLE_FILL_AREA(#16068);
#16068 = FILL_AREA_STYLE('',(#16069));
#16069 = FILL_AREA_STYLE_COLOUR('',#15511);
#16070 = CURVE_STYLE('',#16071,POSITIVE_LENGTH_MEASURE(0.1),#15511);
#16071 = DRAUGHTING_PRE_DEFINED_CURVE_FONT('continuous');
#16072 = STYLED_ITEM('color',(#16073),#5870);
#16073 = PRESENTATION_STYLE_ASSIGNMENT((#16074,#16079));
#16074 = SURFACE_STYLE_USAGE(.BOTH.,#16075);
#16075 = SURFACE_SIDE_STYLE('',(#16076));
#16076 = SURFACE_STYLE_FILL_AREA(#16077);
#16077 = FILL_AREA_STYLE('',(#16078));
#16078 = FILL_AREA_STYLE_COLOUR('',#15511);
#16079 = CURVE_STYLE('',#16080,POSITIVE_LENGTH_MEASURE(0.1),#15511);
#16080 = DRAUGHTING_PRE_DEFINED_CURVE_FONT('continuous');
#16081 = STYLED_ITEM('color',(#16082),#5887);
#16082 = PRESENTATION_STYLE_ASSIGNMENT((#16083,#16088));
#16083 = SURFACE_STYLE_USAGE(.BOTH.,#16084);
#16084 = SURFACE_SIDE_STYLE('',(#16085));
#16085 = SURFACE_STYLE_FILL_AREA(#16086);
#16086 = FILL_AREA_STYLE('',(#16087));
#16087 = FILL_AREA_STYLE_COLOUR('',#15511);
#16088 = CURVE_STYLE('',#16089,POSITIVE_LENGTH_MEASURE(0.1),#15511);
#16089 = DRAUGHTING_PRE_DEFINED_CURVE_FONT('continuous');
#16090 = STYLED_ITEM('color',(#16091),#5904);
#16091 = PRESENTATION_STYLE_ASSIGNMENT((#16092,#16097));
#16092 = SURFACE_STYLE_USAGE(.BOTH.,#16093);
#16093 = SURFACE_SIDE_STYLE('',(#16094));
#16094 = SURFACE_STYLE_FILL_AREA(#16095);
#16095 = FILL_AREA_STYLE('',(#16096));
#16096 = FILL_AREA_STYLE_COLOUR('',#15511);
#16097 = CURVE_STYLE('',#16098,POSITIVE_LENGTH_MEASURE(0.1),#15511);
#16098 = DRAUGHTING_PRE_DEFINED_CURVE_FONT('continuous');
#16099 = STYLED_ITEM('color',(#16100),#5916);
#16100 = PRESENTATION_STYLE_ASSIGNMENT((#16101,#16106));
#16101 = SURFACE_STYLE_USAGE(.BOTH.,#16102);
#16102 = SURFACE_SIDE_STYLE('',(#16103));
#16103 = SURFACE_STYLE_FILL_AREA(#16104);
#16104 = FILL_AREA_STYLE('',(#16105));
#16105 = FILL_AREA_STYLE_COLOUR('',#15511);
#16106 = CURVE_STYLE('',#16107,POSITIVE_LENGTH_MEASURE(0.1),#15511);
#16107 = DRAUGHTING_PRE_DEFINED_CURVE_FONT('continuous');
#16108 = STYLED_ITEM('color',(#16109),#5933);
#16109 = PRESENTATION_STYLE_ASSIGNMENT((#16110,#16115));
#16110 = SURFACE_STYLE_USAGE(.BOTH.,#16111);
#16111 = SURFACE_SIDE_STYLE('',(#16112));
#16112 = SURFACE_STYLE_FILL_AREA(#16113);
#16113 = FILL_AREA_STYLE('',(#16114));
#16114 = FILL_AREA_STYLE_COLOUR('',#15511);
#16115 = CURVE_STYLE('',#16116,POSITIVE_LENGTH_MEASURE(0.1),#15511);
#16116 = DRAUGHTING_PRE_DEFINED_CURVE_FONT('continuous');
#16117 = STYLED_ITEM('color',(#16118),#5950);
#16118 = PRESENTATION_STYLE_ASSIGNMENT((#16119,#16124));
#16119 = SURFACE_STYLE_USAGE(.BOTH.,#16120);
#16120 = SURFACE_SIDE_STYLE('',(#16121));
#16121 = SURFACE_STYLE_FILL_AREA(#16122);
#16122 = FILL_AREA_STYLE('',(#16123));
#16123 = FILL_AREA_STYLE_COLOUR('',#15511);
#16124 = CURVE_STYLE('',#16125,POSITIVE_LENGTH_MEASURE(0.1),#15511);
#16125 = DRAUGHTING_PRE_DEFINED_CURVE_FONT('continuous');
#16126 = STYLED_ITEM('color',(#16127),#5967);
#16127 = PRESENTATION_STYLE_ASSIGNMENT((#16128,#16133));
#16128 = SURFACE_STYLE_USAGE(.BOTH.,#16129);
#16129 = SURFACE_SIDE_STYLE('',(#16130));
#16130 = SURFACE_STYLE_FILL_AREA(#16131);
#16131 = FILL_AREA_STYLE('',(#16132));
#16132 = FILL_AREA_STYLE_COLOUR('',#15511);
#16133 = CURVE_STYLE('',#16134,POSITIVE_LENGTH_MEASURE(0.1),#15511);
#16134 = DRAUGHTING_PRE_DEFINED_CURVE_FONT('continuous');
#16135 = STYLED_ITEM('color',(#16136),#5984);
#16136 = PRESENTATION_STYLE_ASSIGNMENT((#16137,#16142));
#16137 = SURFACE_STYLE_USAGE(.BOTH.,#16138);
#16138 = SURFACE_SIDE_STYLE('',(#16139));
#16139 = SURFACE_STYLE_FILL_AREA(#16140);
#16140 = FILL_AREA_STYLE('',(#16141));
#16141 = FILL_AREA_STYLE_COLOUR('',#15511);
#16142 = CURVE_STYLE('',#16143,POSITIVE_LENGTH_MEASURE(0.1),#15511);
#16143 = DRAUGHTING_PRE_DEFINED_CURVE_FONT('continuous');
#16144 = STYLED_ITEM('color',(#16145),#5996);
#16145 = PRESENTATION_STYLE_ASSIGNMENT((#16146,#16151));
#16146 = SURFACE_STYLE_USAGE(.BOTH.,#16147);
#16147 = SURFACE_SIDE_STYLE('',(#16148));
#16148 = SURFACE_STYLE_FILL_AREA(#16149);
#16149 = FILL_AREA_STYLE('',(#16150));
#16150 = FILL_AREA_STYLE_COLOUR('',#15438);
#16151 = CURVE_STYLE('',#16152,POSITIVE_LENGTH_MEASURE(0.1),#15438);
#16152 = DRAUGHTING_PRE_DEFINED_CURVE_FONT('continuous');
#16153 = OVER_RIDING_STYLED_ITEM('overriding color',(#16154),#6003,
  #16144);
#16154 = PRESENTATION_STYLE_ASSIGNMENT((#16155,#16160));
#16155 = SURFACE_STYLE_USAGE(.BOTH.,#16156);
#16156 = SURFACE_SIDE_STYLE('',(#16157));
#16157 = SURFACE_STYLE_FILL_AREA(#16158);
#16158 = FILL_AREA_STYLE('',(#16159));
#16159 = FILL_AREA_STYLE_COLOUR('',#15511);
#16160 = CURVE_STYLE('',#16161,POSITIVE_LENGTH_MEASURE(0.1),#15511);
#16161 = DRAUGHTING_PRE_DEFINED_CURVE_FONT('continuous');
#16162 = STYLED_ITEM('color',(#16163),#6013);
#16163 = PRESENTATION_STYLE_ASSIGNMENT((#16164,#16169));
#16164 = SURFACE_STYLE_USAGE(.BOTH.,#16165);
#16165 = SURFACE_SIDE_STYLE('',(#16166));
#16166 = SURFACE_STYLE_FILL_AREA(#16167);
#16167 = FILL_AREA_STYLE('',(#16168));
#16168 = FILL_AREA_STYLE_COLOUR('',#15438);
#16169 = CURVE_STYLE('',#16170,POSITIVE_LENGTH_MEASURE(0.1),#15438);
#16170 = DRAUGHTING_PRE_DEFINED_CURVE_FONT('continuous');
#16171 = OVER_RIDING_STYLED_ITEM('overriding color',(#16172),#6018,
  #16162);
#16172 = PRESENTATION_STYLE_ASSIGNMENT((#16173,#16178));
#16173 = SURFACE_STYLE_USAGE(.BOTH.,#16174);
#16174 = SURFACE_SIDE_STYLE('',(#16175));
#16175 = SURFACE_STYLE_FILL_AREA(#16176);
#16176 = FILL_AREA_STYLE('',(#16177));
#16177 = FILL_AREA_STYLE_COLOUR('',#15511);
#16178 = CURVE_STYLE('',#16179,POSITIVE_LENGTH_MEASURE(0.1),#15511);
#16179 = DRAUGHTING_PRE_DEFINED_CURVE_FONT('continuous');
#16180 = STYLED_ITEM('color',(#16181),#6030);
#16181 = PRESENTATION_STYLE_ASSIGNMENT((#16182,#16187));
#16182 = SURFACE_STYLE_USAGE(.BOTH.,#16183);
#16183 = SURFACE_SIDE_STYLE('',(#16184));
#16184 = SURFACE_STYLE_FILL_AREA(#16185);
#16185 = FILL_AREA_STYLE('',(#16186));
#16186 = FILL_AREA_STYLE_COLOUR('',#15511);
#16187 = CURVE_STYLE('',#16188,POSITIVE_LENGTH_MEASURE(0.1),#15511);
#16188 = DRAUGHTING_PRE_DEFINED_CURVE_FONT('continuous');
#16189 = STYLED_ITEM('color',(#16190),#6079);
#16190 = PRESENTATION_STYLE_ASSIGNMENT((#16191,#16196));
#16191 = SURFACE_STYLE_USAGE(.BOTH.,#16192);
#16192 = SURFACE_SIDE_STYLE('',(#16193));
#16193 = SURFACE_STYLE_FILL_AREA(#16194);
#16194 = FILL_AREA_STYLE('',(#16195));
#16195 = FILL_AREA_STYLE_COLOUR('',#15511);
#16196 = CURVE_STYLE('',#16197,POSITIVE_LENGTH_MEASURE(0.1),#15511);
#16197 = DRAUGHTING_PRE_DEFINED_CURVE_FONT('continuous');
#16198 = STYLED_ITEM('color',(#16199),#6103);
#16199 = PRESENTATION_STYLE_ASSIGNMENT((#16200,#16205));
#16200 = SURFACE_STYLE_USAGE(.BOTH.,#16201);
#16201 = SURFACE_SIDE_STYLE('',(#16202));
#16202 = SURFACE_STYLE_FILL_AREA(#16203);
#16203 = FILL_AREA_STYLE('',(#16204));
#16204 = FILL_AREA_STYLE_COLOUR('',#15511);
#16205 = CURVE_STYLE('',#16206,POSITIVE_LENGTH_MEASURE(0.1),#15511);
#16206 = DRAUGHTING_PRE_DEFINED_CURVE_FONT('continuous');
#16207 = STYLED_ITEM('color',(#16208),#6145);
#16208 = PRESENTATION_STYLE_ASSIGNMENT((#16209,#16214));
#16209 = SURFACE_STYLE_USAGE(.BOTH.,#16210);
#16210 = SURFACE_SIDE_STYLE('',(#16211));
#16211 = SURFACE_STYLE_FILL_AREA(#16212);
#16212 = FILL_AREA_STYLE('',(#16213));
#16213 = FILL_AREA_STYLE_COLOUR('',#15511);
#16214 = CURVE_STYLE('',#16215,POSITIVE_LENGTH_MEASURE(0.1),#15511);
#16215 = DRAUGHTING_PRE_DEFINED_CURVE_FONT('continuous');
#16216 = STYLED_ITEM('color',(#16217),#6162);
#16217 = PRESENTATION_STYLE_ASSIGNMENT((#16218,#16223));
#16218 = SURFACE_STYLE_USAGE(.BOTH.,#16219);
#16219 = SURFACE_SIDE_STYLE('',(#16220));
#16220 = SURFACE_STYLE_FILL_AREA(#16221);
#16221 = FILL_AREA_STYLE('',(#16222));
#16222 = FILL_AREA_STYLE_COLOUR('',#15438);
#16223 = CURVE_STYLE('',#16224,POSITIVE_LENGTH_MEASURE(0.1),#15438);
#16224 = DRAUGHTING_PRE_DEFINED_CURVE_FONT('continuous');
#16225 = OVER_RIDING_STYLED_ITEM('overriding color',(#16226),#6169,
  #16216);
#16226 = PRESENTATION_STYLE_ASSIGNMENT((#16227,#16232));
#16227 = SURFACE_STYLE_USAGE(.BOTH.,#16228);
#16228 = SURFACE_SIDE_STYLE('',(#16229));
#16229 = SURFACE_STYLE_FILL_AREA(#16230);
#16230 = FILL_AREA_STYLE('',(#16231));
#16231 = FILL_AREA_STYLE_COLOUR('',#15511);
#16232 = CURVE_STYLE('',#16233,POSITIVE_LENGTH_MEASURE(0.1),#15511);
#16233 = DRAUGHTING_PRE_DEFINED_CURVE_FONT('continuous');
#16234 = STYLED_ITEM('color',(#16235),#6179);
#16235 = PRESENTATION_STYLE_ASSIGNMENT((#16236,#16241));
#16236 = SURFACE_STYLE_USAGE(.BOTH.,#16237);
#16237 = SURFACE_SIDE_STYLE('',(#16238));
#16238 = SURFACE_STYLE_FILL_AREA(#16239);
#16239 = FILL_AREA_STYLE('',(#16240));
#16240 = FILL_AREA_STYLE_COLOUR('',#15438);
#16241 = CURVE_STYLE('',#16242,POSITIVE_LENGTH_MEASURE(0.1),#15438);
#16242 = DRAUGHTING_PRE_DEFINED_CURVE_FONT('continuous');
#16243 = OVER_RIDING_STYLED_ITEM('overriding color',(#16244),#6184,
  #16234);
#16244 = PRESENTATION_STYLE_ASSIGNMENT((#16245,#16250));
#16245 = SURFACE_STYLE_USAGE(.BOTH.,#16246);
#16246 = SURFACE_SIDE_STYLE('',(#16247));
#16247 = SURFACE_STYLE_FILL_AREA(#16248);
#16248 = FILL_AREA_STYLE('',(#16249));
#16249 = FILL_AREA_STYLE_COLOUR('',#15511);
#16250 = CURVE_STYLE('',#16251,POSITIVE_LENGTH_MEASURE(0.1),#15511);
#16251 = DRAUGHTING_PRE_DEFINED_CURVE_FONT('continuous');
#16252 = STYLED_ITEM('color',(#16253),#6196);
#16253 = PRESENTATION_STYLE_ASSIGNMENT((#16254,#16259));
#16254 = SURFACE_STYLE_USAGE(.BOTH.,#16255);
#16255 = SURFACE_SIDE_STYLE('',(#16256));
#16256 = SURFACE_STYLE_FILL_AREA(#16257);
#16257 = FILL_AREA_STYLE('',(#16258));
#16258 = FILL_AREA_STYLE_COLOUR('',#15511);
#16259 = CURVE_STYLE('',#16260,POSITIVE_LENGTH_MEASURE(0.1),#15511);
#16260 = DRAUGHTING_PRE_DEFINED_CURVE_FONT('continuous');
#16261 = STYLED_ITEM('color',(#16262),#6245);
#16262 = PRESENTATION_STYLE_ASSIGNMENT((#16263,#16268));
#16263 = SURFACE_STYLE_USAGE(.BOTH.,#16264);
#16264 = SURFACE_SIDE_STYLE('',(#16265));
#16265 = SURFACE_STYLE_FILL_AREA(#16266);
#16266 = FILL_AREA_STYLE('',(#16267));
#16267 = FILL_AREA_STYLE_COLOUR('',#15511);
#16268 = CURVE_STYLE('',#16269,POSITIVE_LENGTH_MEASURE(0.1),#15511);
#16269 = DRAUGHTING_PRE_DEFINED_CURVE_FONT('continuous');
#16270 = STYLED_ITEM('color',(#16271),#6269);
#16271 = PRESENTATION_STYLE_ASSIGNMENT((#16272,#16277));
#16272 = SURFACE_STYLE_USAGE(.BOTH.,#16273);
#16273 = SURFACE_SIDE_STYLE('',(#16274));
#16274 = SURFACE_STYLE_FILL_AREA(#16275);
#16275 = FILL_AREA_STYLE('',(#16276));
#16276 = FILL_AREA_STYLE_COLOUR('',#15511);
#16277 = CURVE_STYLE('',#16278,POSITIVE_LENGTH_MEASURE(0.1),#15511);
#16278 = DRAUGHTING_PRE_DEFINED_CURVE_FONT('continuous');
#16279 = STYLED_ITEM('color',(#16280),#6311);
#16280 = PRESENTATION_STYLE_ASSIGNMENT((#16281,#16286));
#16281 = SURFACE_STYLE_USAGE(.BOTH.,#16282);
#16282 = SURFACE_SIDE_STYLE('',(#16283));
#16283 = SURFACE_STYLE_FILL_AREA(#16284);
#16284 = FILL_AREA_STYLE('',(#16285));
#16285 = FILL_AREA_STYLE_COLOUR('',#15511);
#16286 = CURVE_STYLE('',#16287,POSITIVE_LENGTH_MEASURE(0.1),#15511);
#16287 = DRAUGHTING_PRE_DEFINED_CURVE_FONT('continuous');
#16288 = STYLED_ITEM('color',(#16289),#6328);
#16289 = PRESENTATION_STYLE_ASSIGNMENT((#16290,#16295));
#16290 = SURFACE_STYLE_USAGE(.BOTH.,#16291);
#16291 = SURFACE_SIDE_STYLE('',(#16292));
#16292 = SURFACE_STYLE_FILL_AREA(#16293);
#16293 = FILL_AREA_STYLE('',(#16294));
#16294 = FILL_AREA_STYLE_COLOUR('',#15438);
#16295 = CURVE_STYLE('',#16296,POSITIVE_LENGTH_MEASURE(0.1),#15438);
#16296 = DRAUGHTING_PRE_DEFINED_CURVE_FONT('continuous');
#16297 = OVER_RIDING_STYLED_ITEM('overriding color',(#16298),#6335,
  #16288);
#16298 = PRESENTATION_STYLE_ASSIGNMENT((#16299,#16304));
#16299 = SURFACE_STYLE_USAGE(.BOTH.,#16300);
#16300 = SURFACE_SIDE_STYLE('',(#16301));
#16301 = SURFACE_STYLE_FILL_AREA(#16302);
#16302 = FILL_AREA_STYLE('',(#16303));
#16303 = FILL_AREA_STYLE_COLOUR('',#15511);
#16304 = CURVE_STYLE('',#16305,POSITIVE_LENGTH_MEASURE(0.1),#15511);
#16305 = DRAUGHTING_PRE_DEFINED_CURVE_FONT('continuous');
#16306 = STYLED_ITEM('color',(#16307),#6345);
#16307 = PRESENTATION_STYLE_ASSIGNMENT((#16308,#16313));
#16308 = SURFACE_STYLE_USAGE(.BOTH.,#16309);
#16309 = SURFACE_SIDE_STYLE('',(#16310));
#16310 = SURFACE_STYLE_FILL_AREA(#16311);
#16311 = FILL_AREA_STYLE('',(#16312));
#16312 = FILL_AREA_STYLE_COLOUR('',#15438);
#16313 = CURVE_STYLE('',#16314,POSITIVE_LENGTH_MEASURE(0.1),#15438);
#16314 = DRAUGHTING_PRE_DEFINED_CURVE_FONT('continuous');
#16315 = OVER_RIDING_STYLED_ITEM('overriding color',(#16316),#6350,
  #16306);
#16316 = PRESENTATION_STYLE_ASSIGNMENT((#16317,#16322));
#16317 = SURFACE_STYLE_USAGE(.BOTH.,#16318);
#16318 = SURFACE_SIDE_STYLE('',(#16319));
#16319 = SURFACE_STYLE_FILL_AREA(#16320);
#16320 = FILL_AREA_STYLE('',(#16321));
#16321 = FILL_AREA_STYLE_COLOUR('',#15511);
#16322 = CURVE_STYLE('',#16323,POSITIVE_LENGTH_MEASURE(0.1),#15511);
#16323 = DRAUGHTING_PRE_DEFINED_CURVE_FONT('continuous');
#16324 = STYLED_ITEM('color',(#16325),#6362);
#16325 = PRESENTATION_STYLE_ASSIGNMENT((#16326,#16331));
#16326 = SURFACE_STYLE_USAGE(.BOTH.,#16327);
#16327 = SURFACE_SIDE_STYLE('',(#16328));
#16328 = SURFACE_STYLE_FILL_AREA(#16329);
#16329 = FILL_AREA_STYLE('',(#16330));
#16330 = FILL_AREA_STYLE_COLOUR('',#15511);
#16331 = CURVE_STYLE('',#16332,POSITIVE_LENGTH_MEASURE(0.1),#15511);
#16332 = DRAUGHTING_PRE_DEFINED_CURVE_FONT('continuous');
#16333 = STYLED_ITEM('color',(#16334),#6411);
#16334 = PRESENTATION_STYLE_ASSIGNMENT((#16335,#16340));
#16335 = SURFACE_STYLE_USAGE(.BOTH.,#16336);
#16336 = SURFACE_SIDE_STYLE('',(#16337));
#16337 = SURFACE_STYLE_FILL_AREA(#16338);
#16338 = FILL_AREA_STYLE('',(#16339));
#16339 = FILL_AREA_STYLE_COLOUR('',#15511);
#16340 = CURVE_STYLE('',#16341,POSITIVE_LENGTH_MEASURE(0.1),#15511);
#16341 = DRAUGHTING_PRE_DEFINED_CURVE_FONT('continuous');
#16342 = STYLED_ITEM('color',(#16343),#6435);
#16343 = PRESENTATION_STYLE_ASSIGNMENT((#16344,#16349));
#16344 = SURFACE_STYLE_USAGE(.BOTH.,#16345);
#16345 = SURFACE_SIDE_STYLE('',(#16346));
#16346 = SURFACE_STYLE_FILL_AREA(#16347);
#16347 = FILL_AREA_STYLE('',(#16348));
#16348 = FILL_AREA_STYLE_COLOUR('',#15511);
#16349 = CURVE_STYLE('',#16350,POSITIVE_LENGTH_MEASURE(0.1),#15511);
#16350 = DRAUGHTING_PRE_DEFINED_CURVE_FONT('continuous');
#16351 = STYLED_ITEM('color',(#16352),#6477);
#16352 = PRESENTATION_STYLE_ASSIGNMENT((#16353,#16358));
#16353 = SURFACE_STYLE_USAGE(.BOTH.,#16354);
#16354 = SURFACE_SIDE_STYLE('',(#16355));
#16355 = SURFACE_STYLE_FILL_AREA(#16356);
#16356 = FILL_AREA_STYLE('',(#16357));
#16357 = FILL_AREA_STYLE_COLOUR('',#15511);
#16358 = CURVE_STYLE('',#16359,POSITIVE_LENGTH_MEASURE(0.1),#15511);
#16359 = DRAUGHTING_PRE_DEFINED_CURVE_FONT('continuous');
#16360 = STYLED_ITEM('color',(#16361),#6494);
#16361 = PRESENTATION_STYLE_ASSIGNMENT((#16362,#16367));
#16362 = SURFACE_STYLE_USAGE(.BOTH.,#16363);
#16363 = SURFACE_SIDE_STYLE('',(#16364));
#16364 = SURFACE_STYLE_FILL_AREA(#16365);
#16365 = FILL_AREA_STYLE('',(#16366));
#16366 = FILL_AREA_STYLE_COLOUR('',#15511);
#16367 = CURVE_STYLE('',#16368,POSITIVE_LENGTH_MEASURE(0.1),#15511);
#16368 = DRAUGHTING_PRE_DEFINED_CURVE_FONT('continuous');
#16369 = STYLED_ITEM('color',(#16370),#6511);
#16370 = PRESENTATION_STYLE_ASSIGNMENT((#16371,#16376));
#16371 = SURFACE_STYLE_USAGE(.BOTH.,#16372);
#16372 = SURFACE_SIDE_STYLE('',(#16373));
#16373 = SURFACE_STYLE_FILL_AREA(#16374);
#16374 = FILL_AREA_STYLE('',(#16375));
#16375 = FILL_AREA_STYLE_COLOUR('',#15511);
#16376 = CURVE_STYLE('',#16377,POSITIVE_LENGTH_MEASURE(0.1),#15511);
#16377 = DRAUGHTING_PRE_DEFINED_CURVE_FONT('continuous');
#16378 = STYLED_ITEM('color',(#16379),#6528);
#16379 = PRESENTATION_STYLE_ASSIGNMENT((#16380,#16385));
#16380 = SURFACE_STYLE_USAGE(.BOTH.,#16381);
#16381 = SURFACE_SIDE_STYLE('',(#16382));
#16382 = SURFACE_STYLE_FILL_AREA(#16383);
#16383 = FILL_AREA_STYLE('',(#16384));
#16384 = FILL_AREA_STYLE_COLOUR('',#15511);
#16385 = CURVE_STYLE('',#16386,POSITIVE_LENGTH_MEASURE(0.1),#15511);
#16386 = DRAUGHTING_PRE_DEFINED_CURVE_FONT('continuous');
#16387 = STYLED_ITEM('color',(#16388),#6540);
#16388 = PRESENTATION_STYLE_ASSIGNMENT((#16389,#16394));
#16389 = SURFACE_STYLE_USAGE(.BOTH.,#16390);
#16390 = SURFACE_SIDE_STYLE('',(#16391));
#16391 = SURFACE_STYLE_FILL_AREA(#16392);
#16392 = FILL_AREA_STYLE('',(#16393));
#16393 = FILL_AREA_STYLE_COLOUR('',#15511);
#16394 = CURVE_STYLE('',#16395,POSITIVE_LENGTH_MEASURE(0.1),#15511);
#16395 = DRAUGHTING_PRE_DEFINED_CURVE_FONT('continuous');
#16396 = STYLED_ITEM('color',(#16397),#6557);
#16397 = PRESENTATION_STYLE_ASSIGNMENT((#16398,#16403));
#16398 = SURFACE_STYLE_USAGE(.BOTH.,#16399);
#16399 = SURFACE_SIDE_STYLE('',(#16400));
#16400 = SURFACE_STYLE_FILL_AREA(#16401);
#16401 = FILL_AREA_STYLE('',(#16402));
#16402 = FILL_AREA_STYLE_COLOUR('',#15511);
#16403 = CURVE_STYLE('',#16404,POSITIVE_LENGTH_MEASURE(0.1),#15511);
#16404 = DRAUGHTING_PRE_DEFINED_CURVE_FONT('continuous');
#16405 = STYLED_ITEM('color',(#16406),#6574);
#16406 = PRESENTATION_STYLE_ASSIGNMENT((#16407,#16412));
#16407 = SURFACE_STYLE_USAGE(.BOTH.,#16408);
#16408 = SURFACE_SIDE_STYLE('',(#16409));
#16409 = SURFACE_STYLE_FILL_AREA(#16410);
#16410 = FILL_AREA_STYLE('',(#16411));
#16411 = FILL_AREA_STYLE_COLOUR('',#15511);
#16412 = CURVE_STYLE('',#16413,POSITIVE_LENGTH_MEASURE(0.1),#15511);
#16413 = DRAUGHTING_PRE_DEFINED_CURVE_FONT('continuous');
#16414 = STYLED_ITEM('color',(#16415),#6586);
#16415 = PRESENTATION_STYLE_ASSIGNMENT((#16416,#16421));
#16416 = SURFACE_STYLE_USAGE(.BOTH.,#16417);
#16417 = SURFACE_SIDE_STYLE('',(#16418));
#16418 = SURFACE_STYLE_FILL_AREA(#16419);
#16419 = FILL_AREA_STYLE('',(#16420));
#16420 = FILL_AREA_STYLE_COLOUR('',#15511);
#16421 = CURVE_STYLE('',#16422,POSITIVE_LENGTH_MEASURE(0.1),#15511);
#16422 = DRAUGHTING_PRE_DEFINED_CURVE_FONT('continuous');
#16423 = STYLED_ITEM('color',(#16424),#6603);
#16424 = PRESENTATION_STYLE_ASSIGNMENT((#16425,#16430));
#16425 = SURFACE_STYLE_USAGE(.BOTH.,#16426);
#16426 = SURFACE_SIDE_STYLE('',(#16427));
#16427 = SURFACE_STYLE_FILL_AREA(#16428);
#16428 = FILL_AREA_STYLE('',(#16429));
#16429 = FILL_AREA_STYLE_COLOUR('',#15511);
#16430 = CURVE_STYLE('',#16431,POSITIVE_LENGTH_MEASURE(0.1),#15511);
#16431 = DRAUGHTING_PRE_DEFINED_CURVE_FONT('continuous');
#16432 = STYLED_ITEM('color',(#16433),#6620);
#16433 = PRESENTATION_STYLE_ASSIGNMENT((#16434,#16439));
#16434 = SURFACE_STYLE_USAGE(.BOTH.,#16435);
#16435 = SURFACE_SIDE_STYLE('',(#16436));
#16436 = SURFACE_STYLE_FILL_AREA(#16437);
#16437 = FILL_AREA_STYLE('',(#16438));
#16438 = FILL_AREA_STYLE_COLOUR('',#15511);
#16439 = CURVE_STYLE('',#16440,POSITIVE_LENGTH_MEASURE(0.1),#15511);
#16440 = DRAUGHTING_PRE_DEFINED_CURVE_FONT('continuous');
ENDSEC;
END-ISO-10303-21;
